ISO-10303-21;
HEADER;
FILE_DESCRIPTION(('FreeCAD Model'),'2;1');
FILE_NAME('Open CASCADE Shape Model','2024-12-02T13:55:38',(''),(''),
  'Open CASCADE STEP processor 7.6','FreeCAD','Unknown');
FILE_SCHEMA(('AUTOMOTIVE_DESIGN { 1 0 10303 214 1 1 1 1 }'));
ENDSEC;
DATA;
#1 = APPLICATION_PROTOCOL_DEFINITION('international standard',
  'automotive_design',2000,#2);
#2 = APPLICATION_CONTEXT(
  'core data for automotive mechanical design processes');
#3 = SHAPE_DEFINITION_REPRESENTATION(#4,#10);
#4 = PRODUCT_DEFINITION_SHAPE('','',#5);
#5 = PRODUCT_DEFINITION('design','',#6,#9);
#6 = PRODUCT_DEFINITION_FORMATION('','',#7);
#7 = PRODUCT('Back','Back','',(#8));
#8 = PRODUCT_CONTEXT('',#2,'mechanical');
#9 = PRODUCT_DEFINITION_CONTEXT('part definition',#2,'design');
#10 = ADVANCED_BREP_SHAPE_REPRESENTATION('',(#11,#15),#5645);
#11 = AXIS2_PLACEMENT_3D('',#12,#13,#14);
#12 = CARTESIAN_POINT('',(0.,0.,0.));
#13 = DIRECTION('',(0.,0.,1.));
#14 = DIRECTION('',(1.,0.,-0.));
#15 = MANIFOLD_SOLID_BREP('',#16);
#16 = CLOSED_SHELL('',(#17,#211,#244,#301,#343,#375,#407,#432,#456,#481,
    #577,#602,#629,#653,#710,#735,#793,#810,#834,#966,#984,#1034,#1051,
    #1120,#1137,#1161,#1179,#1207,#1224,#1257,#1282,#1443,#1474,#1507,
    #1585,#1610,#1636,#1653,#1684,#1709,#1726,#1751,#1768,#1792,#1804,
    #1829,#1903,#1927,#1952,#1976,#2098,#2130,#2154,#2179,#2203,#2228,
    #2276,#2301,#2328,#2352,#2377,#2394,#2419,#2431,#2448,#2570,#2587,
    #2711,#2725,#2750,#2774,#2799,#2824,#2847,#2898,#2932,#2949,#2974,
    #2994,#3018,#3042,#3067,#3092,#3117,#3213,#3230,#3247,#3264,#3289,
    #3313,#3338,#3362,#3453,#3471,#3504,#3521,#3545,#3578,#3648,#3673,
    #3704,#3728,#3753,#3770,#3794,#3818,#3881,#3906,#3935,#3952,#3977,
    #3995,#4012,#4030,#4042,#4059,#4077,#4095,#4113,#4146,#4171,#4204,
    #4230,#4256,#4279,#4302,#4334,#4358,#4382,#4422,#4446,#4463,#4480,
    #4505,#4529,#4554,#4622,#4634,#4666,#4701,#4727,#4750,#4767,#4779,
    #4804,#4829,#4847,#4872,#4884,#4964,#4996,#5020,#5045,#5069,#5087,
    #5098,#5109,#5126,#5143,#5160,#5178,#5195,#5220,#5241,#5253,#5270,
    #5287,#5299,#5316,#5327,#5338,#5375,#5406,#5418,#5430,#5456,#5488,
    #5512,#5537,#5549,#5574,#5591,#5608,#5620,#5633));
#17 = ADVANCED_FACE('',(#18),#206,.T.);
#18 = FACE_BOUND('',#19,.T.);
#19 = EDGE_LOOP('',(#20,#30,#38,#46,#55,#63,#71,#132,#140,#148,#157,#165
    ,#174,#183,#191,#200));
#20 = ORIENTED_EDGE('',*,*,#21,.F.);
#21 = EDGE_CURVE('',#22,#24,#26,.T.);
#22 = VERTEX_POINT('',#23);
#23 = CARTESIAN_POINT('',(28.55,36.575,-3.552713678801E-15));
#24 = VERTEX_POINT('',#25);
#25 = CARTESIAN_POINT('',(27.4,36.575,1.7763568394E-15));
#26 = LINE('',#27,#28);
#27 = CARTESIAN_POINT('',(26.3,36.575,5.329070518201E-15));
#28 = VECTOR('',#29,1.);
#29 = DIRECTION('',(-1.,-0.,-0.));
#30 = ORIENTED_EDGE('',*,*,#31,.T.);
#31 = EDGE_CURVE('',#22,#32,#34,.T.);
#32 = VERTEX_POINT('',#33);
#33 = CARTESIAN_POINT('',(28.8,36.825,7.105427357601E-15));
#34 = LINE('',#35,#36);
#35 = CARTESIAN_POINT('',(24.45,32.475,0.));
#36 = VECTOR('',#37,1.);
#37 = DIRECTION('',(0.707106781187,0.707106781187,1.434953427053E-32));
#38 = ORIENTED_EDGE('',*,*,#39,.T.);
#39 = EDGE_CURVE('',#32,#40,#42,.T.);
#40 = VERTEX_POINT('',#41);
#41 = CARTESIAN_POINT('',(28.8,44.575,1.06581410364E-14));
#42 = LINE('',#43,#44);
#43 = CARTESIAN_POINT('',(28.8,44.575,1.06581410364E-14));
#44 = VECTOR('',#45,1.);
#45 = DIRECTION('',(-4.98285519011E-47,1.,2.22044604925E-16));
#46 = ORIENTED_EDGE('',*,*,#47,.T.);
#47 = EDGE_CURVE('',#40,#48,#50,.T.);
#48 = VERTEX_POINT('',#49);
#49 = CARTESIAN_POINT('',(23.5,49.875,1.06581410364E-14));
#50 = CIRCLE('',#51,5.3);
#51 = AXIS2_PLACEMENT_3D('',#52,#53,#54);
#52 = CARTESIAN_POINT('',(23.5,44.575,1.06581410364E-14));
#53 = DIRECTION('',(0.,0.,1.));
#54 = DIRECTION('',(1.,0.,0.));
#55 = ORIENTED_EDGE('',*,*,#56,.T.);
#56 = EDGE_CURVE('',#48,#57,#59,.T.);
#57 = VERTEX_POINT('',#58);
#58 = CARTESIAN_POINT('',(17.72614666973,49.875,1.7763568394E-15));
#59 = LINE('',#60,#61);
#60 = CARTESIAN_POINT('',(-23.5,49.875,1.06581410364E-14));
#61 = VECTOR('',#62,1.);
#62 = DIRECTION('',(-1.,-6.266687806975E-47,2.22044604925E-16));
#63 = ORIENTED_EDGE('',*,*,#64,.T.);
#64 = EDGE_CURVE('',#57,#65,#67,.T.);
#65 = VERTEX_POINT('',#66);
#66 = CARTESIAN_POINT('',(17.427035899792,49.765808929721,
    5.329070518201E-15));
#67 = LINE('',#68,#69);
#68 = CARTESIAN_POINT('',(1.797536287536,44.060224370038,
    5.329070518201E-15));
#69 = VECTOR('',#70,1.);
#70 = DIRECTION('',(-0.939365514012,-0.342917528111,-9.961196848538E-33)
  );
#71 = ORIENTED_EDGE('',*,*,#72,.T.);
#72 = EDGE_CURVE('',#65,#73,#75,.T.);
#73 = VERTEX_POINT('',#74);
#74 = CARTESIAN_POINT('',(16.43,49.375000000001,-1.7763568394E-15));
#75 = B_SPLINE_CURVE_WITH_KNOTS('',4,(#76,#77,#78,#79,#80,#81,#82,#83,
    #84,#85,#86,#87,#88,#89,#90,#91,#92,#93,#94,#95,#96,#97,#98,#99,#100
    ,#101,#102,#103,#104,#105,#106,#107,#108,#109,#110,#111,#112,#113,
    #114,#115,#116,#117,#118,#119,#120,#121,#122,#123,#124,#125,#126,
    #127,#128,#129,#130,#131),.UNSPECIFIED.,.F.,.F.,(5,3,3,3,3,3,3,3,3,3
    ,3,3,3,3,3,3,3,3,5),(0.,5.799982519536E-02,0.109999671898,
    0.159999528011,0.211999382474,0.2539992683,0.311999116016,
    0.367998975442,0.417998855719,0.47599872413,0.525998617373,
    0.583998501682,0.641998395182,0.699998298284,0.753998217036,
    0.811998139703,0.85999808371,0.917998025919,1.),.UNSPECIFIED.);
#76 = CARTESIAN_POINT('',(17.427035899792,49.765808929721,
    5.329070518201E-15));
#77 = CARTESIAN_POINT('',(17.414471888283,49.756342097498,
    5.329070518201E-15));
#78 = CARTESIAN_POINT('',(17.40180869918,49.7470076736,
    5.329070518201E-15));
#79 = CARTESIAN_POINT('',(17.389048413432,49.737807225997,
    5.329070518201E-15));
#80 = CARTESIAN_POINT('',(17.364667760038,49.720615041174,
    5.329070518201E-15));
#81 = CARTESIAN_POINT('',(17.353066024455,49.712596723871,
    5.329070518201E-15));
#82 = CARTESIAN_POINT('',(17.341389487848,49.704688386163,
    5.329070518201E-15));
#83 = CARTESIAN_POINT('',(17.318341854641,49.689393642448,
    5.329070518201E-15));
#84 = CARTESIAN_POINT('',(17.30697628324,49.681998860828,
    5.329070518201E-15));
#85 = CARTESIAN_POINT('',(17.295544390855,49.674707644068,
    5.329070518201E-15));
#86 = CARTESIAN_POINT('',(17.272090921413,49.660046638153,
    5.329070518201E-15));
#87 = CARTESIAN_POINT('',(17.260064047967,49.652685372056,
    5.329070518201E-15));
#88 = CARTESIAN_POINT('',(17.247968564022,49.645438073502,
    5.329070518201E-15));
#89 = CARTESIAN_POINT('',(17.225982550265,49.632544921905,
    5.329070518201E-15));
#90 = CARTESIAN_POINT('',(17.216115308817,49.626859119874,
    5.329070518201E-15));
#91 = CARTESIAN_POINT('',(17.206205217563,49.621248786234,
    5.329070518201E-15));
#92 = CARTESIAN_POINT('',(17.182509795442,49.608071679324,
    5.329070518201E-15));
#93 = CARTESIAN_POINT('',(17.168686382402,49.600573794053,
    5.329070518201E-15));
#94 = CARTESIAN_POINT('',(17.154785177969,49.593222011665,
    5.329070518201E-15));
#95 = CARTESIAN_POINT('',(17.127313769128,49.579061468941,
    5.329070518201E-15));
#96 = CARTESIAN_POINT('',(17.113748680137,49.572242725377,
    5.329070518201E-15));
#97 = CARTESIAN_POINT('',(17.100115313698,49.565562368753,
    5.329070518201E-15));
#98 = CARTESIAN_POINT('',(17.074184061594,49.553181265693,
    5.329070518201E-15));
#99 = CARTESIAN_POINT('',(17.06189959396,49.547452248713,
    5.329070518201E-15));
#100 = CARTESIAN_POINT('',(17.049563887673,49.541835076897,
    5.329070518201E-15));
#101 = CARTESIAN_POINT('',(17.022811377638,49.529945034017,
    5.329070518201E-15));
#102 = CARTESIAN_POINT('',(17.008377392557,49.523711050798,
    5.329070518201E-15));
#103 = CARTESIAN_POINT('',(16.993878891548,49.517629535729,
    5.329070518201E-15));
#104 = CARTESIAN_POINT('',(16.96676603863,49.506591069062,
    5.329070518201E-15));
#105 = CARTESIAN_POINT('',(16.954167637326,49.501594705813,
    5.329070518201E-15));
#106 = CARTESIAN_POINT('',(16.941524627337,49.496713009932,
    5.329070518201E-15));
#107 = CARTESIAN_POINT('',(16.914122741702,49.486417494793,
    5.329070518201E-15));
#108 = CARTESIAN_POINT('',(16.899348988827,49.481043507343,
    5.329070518201E-15));
#109 = CARTESIAN_POINT('',(16.88451974886,49.475825521515,
    5.329070518201E-15));
#110 = CARTESIAN_POINT('',(16.854755222225,49.465703228841,
    5.329070518201E-15));
#111 = CARTESIAN_POINT('',(16.839819935425,49.460798922006,
    5.329070518201E-15));
#112 = CARTESIAN_POINT('',(16.824834091244,49.456052293339,
    5.329070518201E-15));
#113 = CARTESIAN_POINT('',(16.794766265707,49.446875911456,
    5.329070518201E-15));
#114 = CARTESIAN_POINT('',(16.779684284219,49.442446158256,
    5.329070518201E-15));
#115 = CARTESIAN_POINT('',(16.764556725298,49.438175603109,
    5.329070518201E-15));
#116 = CARTESIAN_POINT('',(16.735261725514,49.430237744893,
    5.329070518201E-15));
#117 = CARTESIAN_POINT('',(16.721100019687,49.426549150005,
    5.329070518201E-15));
#118 = CARTESIAN_POINT('',(16.706903011963,49.42299969166,
    5.329070518201E-15));
#119 = CARTESIAN_POINT('',(16.677388382321,49.415927446357,
    5.329070518201E-15));
#120 = CARTESIAN_POINT('',(16.662065650553,49.412426110898,
    5.329070518201E-15));
#121 = CARTESIAN_POINT('',(16.64670708158,49.409086459628,
    5.329070518201E-15));
#122 = CARTESIAN_POINT('',(16.618577134177,49.403279412197,
    5.329070518201E-15));
#123 = CARTESIAN_POINT('',(16.605816244721,49.40076090337,
    5.329070518201E-15));
#124 = CARTESIAN_POINT('',(16.593034001306,49.398353790629,
    5.329070518201E-15));
#125 = CARTESIAN_POINT('',(16.564762594772,49.393284657559,
    5.329070518201E-15));
#126 = CARTESIAN_POINT('',(16.549264275363,49.390674007001,
    5.329070518201E-15));
#127 = CARTESIAN_POINT('',(16.533739460064,49.38822684208,
    5.329070518201E-15));
#128 = CARTESIAN_POINT('',(16.49620747752,49.382715344699,
    5.329070518201E-15));
#129 = CARTESIAN_POINT('',(16.474176415285,49.379814697572,
    5.329070518201E-15));
#130 = CARTESIAN_POINT('',(16.452104816393,49.377242668476,
    5.329070518201E-15));
#131 = CARTESIAN_POINT('',(16.43,49.375000000001,5.329070518201E-15));
#132 = ORIENTED_EDGE('',*,*,#133,.T.);
#133 = EDGE_CURVE('',#73,#134,#136,.T.);
#134 = VERTEX_POINT('',#135);
#135 = CARTESIAN_POINT('',(16.43,47.375,-1.06581410364E-14));
#136 = LINE('',#137,#138);
#137 = CARTESIAN_POINT('',(16.43,49.875,-1.06581410364E-14));
#138 = VECTOR('',#139,1.);
#139 = DIRECTION('',(2.169333098256E-30,-1.,-1.856544502378E-31));
#140 = ORIENTED_EDGE('',*,*,#141,.F.);
#141 = EDGE_CURVE('',#142,#134,#144,.T.);
#142 = VERTEX_POINT('',#143);
#143 = CARTESIAN_POINT('',(19.13,47.375,0.));
#144 = LINE('',#145,#146);
#145 = CARTESIAN_POINT('',(-23.5,47.375,1.06581410364E-14));
#146 = VECTOR('',#147,1.);
#147 = DIRECTION('',(-1.,1.271035289593E-15,0.));
#148 = ORIENTED_EDGE('',*,*,#149,.F.);
#149 = EDGE_CURVE('',#150,#142,#152,.T.);
#150 = VERTEX_POINT('',#151);
#151 = CARTESIAN_POINT('',(20.963030277982,48.575,0.));
#152 = CIRCLE('',#153,2.);
#153 = AXIS2_PLACEMENT_3D('',#154,#155,#156);
#154 = CARTESIAN_POINT('',(20.963030277982,46.575,0.));
#155 = DIRECTION('',(0.,0.,1.));
#156 = DIRECTION('',(1.,0.,0.));
#157 = ORIENTED_EDGE('',*,*,#158,.F.);
#158 = EDGE_CURVE('',#159,#150,#161,.T.);
#159 = VERTEX_POINT('',#160);
#160 = CARTESIAN_POINT('',(23.5,48.575,0.));
#161 = LINE('',#162,#163);
#162 = CARTESIAN_POINT('',(23.5,48.575,0.));
#163 = VECTOR('',#164,1.);
#164 = DIRECTION('',(-1.,0.,0.));
#165 = ORIENTED_EDGE('',*,*,#166,.F.);
#166 = EDGE_CURVE('',#167,#159,#169,.T.);
#167 = VERTEX_POINT('',#168);
#168 = CARTESIAN_POINT('',(27.172571073089,46.159998963126,0.));
#169 = CIRCLE('',#170,4.);
#170 = AXIS2_PLACEMENT_3D('',#171,#172,#173);
#171 = CARTESIAN_POINT('',(23.5,44.575,0.));
#172 = DIRECTION('',(0.,0.,1.));
#173 = DIRECTION('',(1.,0.,0.));
#174 = ORIENTED_EDGE('',*,*,#175,.F.);
#175 = EDGE_CURVE('',#176,#167,#178,.T.);
#176 = VERTEX_POINT('',#177);
#177 = CARTESIAN_POINT('',(26.3,43.614999999986,0.));
#178 = CIRCLE('',#179,2.);
#179 = AXIS2_PLACEMENT_3D('',#180,#181,#182);
#180 = CARTESIAN_POINT('',(25.336285536544,45.367499481563,0.));
#181 = DIRECTION('',(0.,0.,1.));
#182 = DIRECTION('',(1.,0.,0.));
#183 = ORIENTED_EDGE('',*,*,#184,.F.);
#184 = EDGE_CURVE('',#185,#176,#187,.T.);
#185 = VERTEX_POINT('',#186);
#186 = CARTESIAN_POINT('',(26.3,41.561057109937,5.329070518201E-15));
#187 = LINE('',#188,#189);
#188 = CARTESIAN_POINT('',(26.3,44.575,1.06581410364E-14));
#189 = VECTOR('',#190,1.);
#190 = DIRECTION('',(1.010643099615E-15,1.,0.));
#191 = ORIENTED_EDGE('',*,*,#192,.F.);
#192 = EDGE_CURVE('',#193,#185,#195,.T.);
#193 = VERTEX_POINT('',#194);
#194 = CARTESIAN_POINT('',(27.399999999994,39.774999999994,0.));
#195 = CIRCLE('',#196,2.);
#196 = AXIS2_PLACEMENT_3D('',#197,#198,#199);
#197 = CARTESIAN_POINT('',(25.399999999987,39.774999999994,0.));
#198 = DIRECTION('',(0.,0.,1.));
#199 = DIRECTION('',(1.,0.,0.));
#200 = ORIENTED_EDGE('',*,*,#201,.F.);
#201 = EDGE_CURVE('',#24,#193,#202,.T.);
#202 = LINE('',#203,#204);
#203 = CARTESIAN_POINT('',(27.4,15.675,0.));
#204 = VECTOR('',#205,1.);
#205 = DIRECTION('',(1.474155053445E-16,1.,0.));
#206 = PLANE('',#207);
#207 = AXIS2_PLACEMENT_3D('',#208,#209,#210);
#208 = CARTESIAN_POINT('',(1.862364421973E-15,-1.489891537578E-15,
    5.329070518201E-15));
#209 = DIRECTION('',(-5.033576432395E-33,-1.525972954673E-32,1.));
#210 = DIRECTION('',(-1.979224569427E-81,1.,1.525972954673E-32));
#211 = ADVANCED_FACE('',(#212),#239,.F.);
#212 = FACE_BOUND('',#213,.T.);
#213 = EDGE_LOOP('',(#214,#223,#224,#233));
#214 = ORIENTED_EDGE('',*,*,#215,.T.);
#215 = EDGE_CURVE('',#216,#22,#218,.T.);
#216 = VERTEX_POINT('',#217);
#217 = CARTESIAN_POINT('',(28.55,32.475,-4.1));
#218 = CIRCLE('',#219,4.1);
#219 = AXIS2_PLACEMENT_3D('',#220,#221,#222);
#220 = CARTESIAN_POINT('',(28.55,32.475,0.));
#221 = DIRECTION('',(1.,0.,2.244078477742E-31));
#222 = DIRECTION('',(2.244078477742E-31,-3.466062125659E-15,-1.));
#223 = ORIENTED_EDGE('',*,*,#21,.T.);
#224 = ORIENTED_EDGE('',*,*,#225,.T.);
#225 = EDGE_CURVE('',#24,#226,#228,.T.);
#226 = VERTEX_POINT('',#227);
#227 = CARTESIAN_POINT('',(27.4,32.475,-4.1));
#228 = CIRCLE('',#229,4.1);
#229 = AXIS2_PLACEMENT_3D('',#230,#231,#232);
#230 = CARTESIAN_POINT('',(27.4,32.475,0.));
#231 = DIRECTION('',(-1.,0.,0.));
#232 = DIRECTION('',(0.,1.,0.));
#233 = ORIENTED_EDGE('',*,*,#234,.T.);
#234 = EDGE_CURVE('',#226,#216,#235,.T.);
#235 = LINE('',#236,#237);
#236 = CARTESIAN_POINT('',(26.3,32.475,-4.1));
#237 = VECTOR('',#238,1.);
#238 = DIRECTION('',(1.,0.,0.));
#239 = CYLINDRICAL_SURFACE('',#240,4.1);
#240 = AXIS2_PLACEMENT_3D('',#241,#242,#243);
#241 = CARTESIAN_POINT('',(26.3,32.475,0.));
#242 = DIRECTION('',(-1.,-0.,-0.));
#243 = DIRECTION('',(0.,1.,0.));
#244 = ADVANCED_FACE('',(#245),#296,.F.);
#245 = FACE_BOUND('',#246,.F.);
#246 = EDGE_LOOP('',(#247,#257,#265,#273,#279,#280,#281,#289));
#247 = ORIENTED_EDGE('',*,*,#248,.F.);
#248 = EDGE_CURVE('',#249,#251,#253,.T.);
#249 = VERTEX_POINT('',#250);
#250 = CARTESIAN_POINT('',(27.4,15.675,0.));
#251 = VERTEX_POINT('',#252);
#252 = CARTESIAN_POINT('',(27.4,18.875,1.7763568394E-15));
#253 = LINE('',#254,#255);
#254 = CARTESIAN_POINT('',(27.4,15.675,0.));
#255 = VECTOR('',#256,1.);
#256 = DIRECTION('',(1.474155053445E-16,1.,0.));
#257 = ORIENTED_EDGE('',*,*,#258,.T.);
#258 = EDGE_CURVE('',#249,#259,#261,.T.);
#259 = VERTEX_POINT('',#260);
#260 = CARTESIAN_POINT('',(27.4,15.675,-7.6));
#261 = LINE('',#262,#263);
#262 = CARTESIAN_POINT('',(27.4,15.675,0.));
#263 = VECTOR('',#264,1.);
#264 = DIRECTION('',(-0.,-0.,-1.));
#265 = ORIENTED_EDGE('',*,*,#266,.T.);
#266 = EDGE_CURVE('',#259,#267,#269,.T.);
#267 = VERTEX_POINT('',#268);
#268 = CARTESIAN_POINT('',(27.399999999994,39.774999999994,-7.6));
#269 = LINE('',#270,#271);
#270 = CARTESIAN_POINT('',(27.4,15.675,-7.6));
#271 = VECTOR('',#272,1.);
#272 = DIRECTION('',(1.474155053445E-16,1.,0.));
#273 = ORIENTED_EDGE('',*,*,#274,.F.);
#274 = EDGE_CURVE('',#193,#267,#275,.T.);
#275 = LINE('',#276,#277);
#276 = CARTESIAN_POINT('',(27.399999999994,39.774999999994,0.));
#277 = VECTOR('',#278,1.);
#278 = DIRECTION('',(-0.,-0.,-1.));
#279 = ORIENTED_EDGE('',*,*,#201,.F.);
#280 = ORIENTED_EDGE('',*,*,#225,.T.);
#281 = ORIENTED_EDGE('',*,*,#282,.F.);
#282 = EDGE_CURVE('',#283,#226,#285,.T.);
#283 = VERTEX_POINT('',#284);
#284 = CARTESIAN_POINT('',(27.4,22.975,-4.1));
#285 = LINE('',#286,#287);
#286 = CARTESIAN_POINT('',(27.4,19.325,-4.1));
#287 = VECTOR('',#288,1.);
#288 = DIRECTION('',(1.474155053445E-16,1.,-1.963341769863E-15));
#289 = ORIENTED_EDGE('',*,*,#290,.T.);
#290 = EDGE_CURVE('',#283,#251,#291,.T.);
#291 = CIRCLE('',#292,4.1);
#292 = AXIS2_PLACEMENT_3D('',#293,#294,#295);
#293 = CARTESIAN_POINT('',(27.4,22.975,0.));
#294 = DIRECTION('',(-1.,0.,0.));
#295 = DIRECTION('',(0.,1.,0.));
#296 = PLANE('',#297);
#297 = AXIS2_PLACEMENT_3D('',#298,#299,#300);
#298 = CARTESIAN_POINT('',(27.4,15.675,0.));
#299 = DIRECTION('',(1.,-1.474155053445E-16,0.));
#300 = DIRECTION('',(1.474155053445E-16,1.,0.));
#301 = ADVANCED_FACE('',(#302),#338,.F.);
#302 = FACE_BOUND('',#303,.F.);
#303 = EDGE_LOOP('',(#304,#305,#306,#315,#323,#332));
#304 = ORIENTED_EDGE('',*,*,#192,.F.);
#305 = ORIENTED_EDGE('',*,*,#274,.T.);
#306 = ORIENTED_EDGE('',*,*,#307,.T.);
#307 = EDGE_CURVE('',#267,#308,#310,.T.);
#308 = VERTEX_POINT('',#309);
#309 = CARTESIAN_POINT('',(25.399999999987,41.774999999997,-7.6));
#310 = CIRCLE('',#311,2.);
#311 = AXIS2_PLACEMENT_3D('',#312,#313,#314);
#312 = CARTESIAN_POINT('',(25.399999999987,39.774999999994,-7.6));
#313 = DIRECTION('',(0.,0.,1.));
#314 = DIRECTION('',(1.,0.,0.));
#315 = ORIENTED_EDGE('',*,*,#316,.F.);
#316 = EDGE_CURVE('',#317,#308,#319,.T.);
#317 = VERTEX_POINT('',#318);
#318 = CARTESIAN_POINT('',(25.399999999987,41.774999999997,-1.6));
#319 = LINE('',#320,#321);
#320 = CARTESIAN_POINT('',(25.399999999987,41.774999999997,0.));
#321 = VECTOR('',#322,1.);
#322 = DIRECTION('',(-0.,-0.,-1.));
#323 = ORIENTED_EDGE('',*,*,#324,.F.);
#324 = EDGE_CURVE('',#325,#317,#327,.T.);
#325 = VERTEX_POINT('',#326);
#326 = CARTESIAN_POINT('',(26.3,41.561057109936,-1.6));
#327 = CIRCLE('',#328,2.);
#328 = AXIS2_PLACEMENT_3D('',#329,#330,#331);
#329 = CARTESIAN_POINT('',(25.399999999987,39.774999999994,-1.6));
#330 = DIRECTION('',(0.,0.,1.));
#331 = DIRECTION('',(1.,0.,0.));
#332 = ORIENTED_EDGE('',*,*,#333,.T.);
#333 = EDGE_CURVE('',#325,#185,#334,.T.);
#334 = LINE('',#335,#336);
#335 = CARTESIAN_POINT('',(26.3,41.561057109937,0.));
#336 = VECTOR('',#337,1.);
#337 = DIRECTION('',(0.,0.,1.));
#338 = CYLINDRICAL_SURFACE('',#339,2.);
#339 = AXIS2_PLACEMENT_3D('',#340,#341,#342);
#340 = CARTESIAN_POINT('',(25.399999999987,39.774999999994,0.));
#341 = DIRECTION('',(0.,0.,1.));
#342 = DIRECTION('',(1.,0.,0.));
#343 = ADVANCED_FACE('',(#344),#370,.F.);
#344 = FACE_BOUND('',#345,.F.);
#345 = EDGE_LOOP('',(#346,#347,#355,#363,#369));
#346 = ORIENTED_EDGE('',*,*,#333,.F.);
#347 = ORIENTED_EDGE('',*,*,#348,.T.);
#348 = EDGE_CURVE('',#325,#349,#351,.T.);
#349 = VERTEX_POINT('',#350);
#350 = CARTESIAN_POINT('',(26.3,44.575,-1.6));
#351 = LINE('',#352,#353);
#352 = CARTESIAN_POINT('',(26.3,39.775,-1.6));
#353 = VECTOR('',#354,1.);
#354 = DIRECTION('',(0.,1.,0.));
#355 = ORIENTED_EDGE('',*,*,#356,.F.);
#356 = EDGE_CURVE('',#357,#349,#359,.T.);
#357 = VERTEX_POINT('',#358);
#358 = CARTESIAN_POINT('',(26.3,44.575,1.06581410364E-14));
#359 = LINE('',#360,#361);
#360 = CARTESIAN_POINT('',(26.3,44.575,1.06581410364E-14));
#361 = VECTOR('',#362,1.);
#362 = DIRECTION('',(2.244078477742E-31,2.22044604925E-16,-1.));
#363 = ORIENTED_EDGE('',*,*,#364,.F.);
#364 = EDGE_CURVE('',#176,#357,#365,.T.);
#365 = LINE('',#366,#367);
#366 = CARTESIAN_POINT('',(26.3,44.575,1.06581410364E-14));
#367 = VECTOR('',#368,1.);
#368 = DIRECTION('',(1.010643099615E-15,1.,0.));
#369 = ORIENTED_EDGE('',*,*,#184,.F.);
#370 = PLANE('',#371);
#371 = AXIS2_PLACEMENT_3D('',#372,#373,#374);
#372 = CARTESIAN_POINT('',(26.3,44.575,1.06581410364E-14));
#373 = DIRECTION('',(1.,0.,2.244078477742E-31));
#374 = DIRECTION('',(2.244078477742E-31,2.22044604925E-16,-1.));
#375 = ADVANCED_FACE('',(#376),#402,.T.);
#376 = FACE_BOUND('',#377,.F.);
#377 = EDGE_LOOP('',(#378,#386,#395,#401));
#378 = ORIENTED_EDGE('',*,*,#379,.T.);
#379 = EDGE_CURVE('',#176,#380,#382,.T.);
#380 = VERTEX_POINT('',#381);
#381 = CARTESIAN_POINT('',(26.3,43.614999999986,1.));
#382 = LINE('',#383,#384);
#383 = CARTESIAN_POINT('',(26.3,43.614999999986,0.));
#384 = VECTOR('',#385,1.);
#385 = DIRECTION('',(0.,0.,1.));
#386 = ORIENTED_EDGE('',*,*,#387,.T.);
#387 = EDGE_CURVE('',#380,#388,#390,.T.);
#388 = VERTEX_POINT('',#389);
#389 = CARTESIAN_POINT('',(27.172571073089,46.159998963126,1.));
#390 = CIRCLE('',#391,2.);
#391 = AXIS2_PLACEMENT_3D('',#392,#393,#394);
#392 = CARTESIAN_POINT('',(25.336285536544,45.367499481563,1.));
#393 = DIRECTION('',(0.,0.,1.));
#394 = DIRECTION('',(1.,0.,0.));
#395 = ORIENTED_EDGE('',*,*,#396,.F.);
#396 = EDGE_CURVE('',#167,#388,#397,.T.);
#397 = LINE('',#398,#399);
#398 = CARTESIAN_POINT('',(27.172571073089,46.159998963126,0.));
#399 = VECTOR('',#400,1.);
#400 = DIRECTION('',(0.,0.,1.));
#401 = ORIENTED_EDGE('',*,*,#175,.F.);
#402 = CYLINDRICAL_SURFACE('',#403,2.);
#403 = AXIS2_PLACEMENT_3D('',#404,#405,#406);
#404 = CARTESIAN_POINT('',(25.336285536544,45.367499481563,0.));
#405 = DIRECTION('',(-0.,-0.,-1.));
#406 = DIRECTION('',(1.,0.,0.));
#407 = ADVANCED_FACE('',(#408),#427,.T.);
#408 = FACE_BOUND('',#409,.F.);
#409 = EDGE_LOOP('',(#410,#411,#420,#426));
#410 = ORIENTED_EDGE('',*,*,#396,.T.);
#411 = ORIENTED_EDGE('',*,*,#412,.T.);
#412 = EDGE_CURVE('',#388,#413,#415,.T.);
#413 = VERTEX_POINT('',#414);
#414 = CARTESIAN_POINT('',(23.5,48.575,1.));
#415 = CIRCLE('',#416,4.);
#416 = AXIS2_PLACEMENT_3D('',#417,#418,#419);
#417 = CARTESIAN_POINT('',(23.5,44.575,1.));
#418 = DIRECTION('',(0.,0.,1.));
#419 = DIRECTION('',(1.,0.,0.));
#420 = ORIENTED_EDGE('',*,*,#421,.F.);
#421 = EDGE_CURVE('',#159,#413,#422,.T.);
#422 = LINE('',#423,#424);
#423 = CARTESIAN_POINT('',(23.5,48.575,0.));
#424 = VECTOR('',#425,1.);
#425 = DIRECTION('',(0.,0.,1.));
#426 = ORIENTED_EDGE('',*,*,#166,.F.);
#427 = CYLINDRICAL_SURFACE('',#428,4.);
#428 = AXIS2_PLACEMENT_3D('',#429,#430,#431);
#429 = CARTESIAN_POINT('',(23.5,44.575,0.));
#430 = DIRECTION('',(-0.,-0.,-1.));
#431 = DIRECTION('',(1.,0.,0.));
#432 = ADVANCED_FACE('',(#433),#451,.F.);
#433 = FACE_BOUND('',#434,.F.);
#434 = EDGE_LOOP('',(#435,#436,#444,#450));
#435 = ORIENTED_EDGE('',*,*,#421,.T.);
#436 = ORIENTED_EDGE('',*,*,#437,.T.);
#437 = EDGE_CURVE('',#413,#438,#440,.T.);
#438 = VERTEX_POINT('',#439);
#439 = CARTESIAN_POINT('',(20.963030277982,48.575,1.));
#440 = LINE('',#441,#442);
#441 = CARTESIAN_POINT('',(23.5,48.575,1.));
#442 = VECTOR('',#443,1.);
#443 = DIRECTION('',(-1.,0.,0.));
#444 = ORIENTED_EDGE('',*,*,#445,.F.);
#445 = EDGE_CURVE('',#150,#438,#446,.T.);
#446 = LINE('',#447,#448);
#447 = CARTESIAN_POINT('',(20.963030277982,48.575,0.));
#448 = VECTOR('',#449,1.);
#449 = DIRECTION('',(0.,0.,1.));
#450 = ORIENTED_EDGE('',*,*,#158,.F.);
#451 = PLANE('',#452);
#452 = AXIS2_PLACEMENT_3D('',#453,#454,#455);
#453 = CARTESIAN_POINT('',(23.5,48.575,0.));
#454 = DIRECTION('',(0.,-1.,0.));
#455 = DIRECTION('',(-1.,0.,0.));
#456 = ADVANCED_FACE('',(#457),#476,.T.);
#457 = FACE_BOUND('',#458,.F.);
#458 = EDGE_LOOP('',(#459,#460,#469,#475));
#459 = ORIENTED_EDGE('',*,*,#445,.T.);
#460 = ORIENTED_EDGE('',*,*,#461,.T.);
#461 = EDGE_CURVE('',#438,#462,#464,.T.);
#462 = VERTEX_POINT('',#463);
#463 = CARTESIAN_POINT('',(19.13,47.375,1.));
#464 = CIRCLE('',#465,2.);
#465 = AXIS2_PLACEMENT_3D('',#466,#467,#468);
#466 = CARTESIAN_POINT('',(20.963030277982,46.575,1.));
#467 = DIRECTION('',(0.,0.,1.));
#468 = DIRECTION('',(1.,0.,0.));
#469 = ORIENTED_EDGE('',*,*,#470,.F.);
#470 = EDGE_CURVE('',#142,#462,#471,.T.);
#471 = LINE('',#472,#473);
#472 = CARTESIAN_POINT('',(19.13,47.375,0.));
#473 = VECTOR('',#474,1.);
#474 = DIRECTION('',(0.,0.,1.));
#475 = ORIENTED_EDGE('',*,*,#149,.F.);
#476 = CYLINDRICAL_SURFACE('',#477,2.);
#477 = AXIS2_PLACEMENT_3D('',#478,#479,#480);
#478 = CARTESIAN_POINT('',(20.963030277982,46.575,0.));
#479 = DIRECTION('',(-0.,-0.,-1.));
#480 = DIRECTION('',(1.,0.,0.));
#481 = ADVANCED_FACE('',(#482),#572,.F.);
#482 = FACE_BOUND('',#483,.F.);
#483 = EDGE_LOOP('',(#484,#494,#502,#510,#518,#526,#534,#541,#542,#550,
    #558,#566));
#484 = ORIENTED_EDGE('',*,*,#485,.T.);
#485 = EDGE_CURVE('',#486,#488,#490,.T.);
#486 = VERTEX_POINT('',#487);
#487 = CARTESIAN_POINT('',(18.7,47.375,-7.6));
#488 = VERTEX_POINT('',#489);
#489 = CARTESIAN_POINT('',(-18.7,47.375,-7.6));
#490 = LINE('',#491,#492);
#491 = CARTESIAN_POINT('',(18.7,47.375,-7.6));
#492 = VECTOR('',#493,1.);
#493 = DIRECTION('',(-1.,-6.266687806975E-47,2.22044604925E-16));
#494 = ORIENTED_EDGE('',*,*,#495,.T.);
#495 = EDGE_CURVE('',#488,#496,#498,.T.);
#496 = VERTEX_POINT('',#497);
#497 = CARTESIAN_POINT('',(-18.7,47.375,-1.6));
#498 = LINE('',#499,#500);
#499 = CARTESIAN_POINT('',(-18.7,47.375,-9.6));
#500 = VECTOR('',#501,1.);
#501 = DIRECTION('',(2.895299245675E-33,1.613015563139E-33,1.));
#502 = ORIENTED_EDGE('',*,*,#503,.T.);
#503 = EDGE_CURVE('',#496,#504,#506,.T.);
#504 = VERTEX_POINT('',#505);
#505 = CARTESIAN_POINT('',(-23.5,47.375,-1.6));
#506 = LINE('',#507,#508);
#507 = CARTESIAN_POINT('',(-18.7,47.375,-1.6));
#508 = VECTOR('',#509,1.);
#509 = DIRECTION('',(-1.,0.,0.));
#510 = ORIENTED_EDGE('',*,*,#511,.T.);
#511 = EDGE_CURVE('',#504,#512,#514,.T.);
#512 = VERTEX_POINT('',#513);
#513 = CARTESIAN_POINT('',(-23.5,47.375,1.06581410364E-14));
#514 = LINE('',#515,#516);
#515 = CARTESIAN_POINT('',(-23.5,47.375,1.06581410364E-14));
#516 = VECTOR('',#517,1.);
#517 = DIRECTION('',(0.,0.,1.));
#518 = ORIENTED_EDGE('',*,*,#519,.F.);
#519 = EDGE_CURVE('',#520,#512,#522,.T.);
#520 = VERTEX_POINT('',#521);
#521 = CARTESIAN_POINT('',(7.53,47.375,0.));
#522 = LINE('',#523,#524);
#523 = CARTESIAN_POINT('',(-23.5,47.375,1.06581410364E-14));
#524 = VECTOR('',#525,1.);
#525 = DIRECTION('',(-1.,1.271035289593E-15,0.));
#526 = ORIENTED_EDGE('',*,*,#527,.F.);
#527 = EDGE_CURVE('',#528,#520,#530,.T.);
#528 = VERTEX_POINT('',#529);
#529 = CARTESIAN_POINT('',(10.23,47.375,-1.06581410364E-14));
#530 = LINE('',#531,#532);
#531 = CARTESIAN_POINT('',(-23.5,47.375,1.06581410364E-14));
#532 = VECTOR('',#533,1.);
#533 = DIRECTION('',(-1.,1.271035289593E-15,0.));
#534 = ORIENTED_EDGE('',*,*,#535,.F.);
#535 = EDGE_CURVE('',#134,#528,#536,.T.);
#536 = CIRCLE('',#537,3.109216027875);
#537 = AXIS2_PLACEMENT_3D('',#538,#539,#540);
#538 = CARTESIAN_POINT('',(13.33,47.375,0.239216027875));
#539 = DIRECTION('',(0.,1.,-2.22044604925E-16));
#540 = DIRECTION('',(-1.,0.,0.));
#541 = ORIENTED_EDGE('',*,*,#141,.F.);
#542 = ORIENTED_EDGE('',*,*,#543,.F.);
#543 = EDGE_CURVE('',#544,#142,#546,.T.);
#544 = VERTEX_POINT('',#545);
#545 = CARTESIAN_POINT('',(23.5,47.375,1.06581410364E-14));
#546 = LINE('',#547,#548);
#547 = CARTESIAN_POINT('',(-23.5,47.375,1.06581410364E-14));
#548 = VECTOR('',#549,1.);
#549 = DIRECTION('',(-1.,1.271035289593E-15,0.));
#550 = ORIENTED_EDGE('',*,*,#551,.F.);
#551 = EDGE_CURVE('',#552,#544,#554,.T.);
#552 = VERTEX_POINT('',#553);
#553 = CARTESIAN_POINT('',(23.5,47.375,-1.6));
#554 = LINE('',#555,#556);
#555 = CARTESIAN_POINT('',(23.5,47.375,1.06581410364E-14));
#556 = VECTOR('',#557,1.);
#557 = DIRECTION('',(0.,0.,1.));
#558 = ORIENTED_EDGE('',*,*,#559,.T.);
#559 = EDGE_CURVE('',#552,#560,#562,.T.);
#560 = VERTEX_POINT('',#561);
#561 = CARTESIAN_POINT('',(18.7,47.375,-1.6));
#562 = LINE('',#563,#564);
#563 = CARTESIAN_POINT('',(23.5,47.375,-1.6));
#564 = VECTOR('',#565,1.);
#565 = DIRECTION('',(-1.,0.,0.));
#566 = ORIENTED_EDGE('',*,*,#567,.F.);
#567 = EDGE_CURVE('',#486,#560,#568,.T.);
#568 = LINE('',#569,#570);
#569 = CARTESIAN_POINT('',(18.7,47.375,-9.6));
#570 = VECTOR('',#571,1.);
#571 = DIRECTION('',(2.895299245675E-33,1.613015563139E-33,1.));
#572 = PLANE('',#573);
#573 = AXIS2_PLACEMENT_3D('',#574,#575,#576);
#574 = CARTESIAN_POINT('',(-23.5,47.375,1.06581410364E-14));
#575 = DIRECTION('',(0.,1.,2.822265287234E-31));
#576 = DIRECTION('',(-2.22044604925E-16,2.822265287234E-31,-1.));
#577 = ADVANCED_FACE('',(#578),#597,.F.);
#578 = FACE_BOUND('',#579,.F.);
#579 = EDGE_LOOP('',(#580,#589,#590,#591));
#580 = ORIENTED_EDGE('',*,*,#581,.F.);
#581 = EDGE_CURVE('',#73,#582,#584,.T.);
#582 = VERTEX_POINT('',#583);
#583 = CARTESIAN_POINT('',(10.23,49.375000000001,-5.329070518201E-15));
#584 = CIRCLE('',#585,3.109216027875);
#585 = AXIS2_PLACEMENT_3D('',#586,#587,#588);
#586 = CARTESIAN_POINT('',(13.33,49.375000000001,0.239216027875));
#587 = DIRECTION('',(0.,1.,0.));
#588 = DIRECTION('',(-1.,0.,-5.713198515237E-16));
#589 = ORIENTED_EDGE('',*,*,#133,.T.);
#590 = ORIENTED_EDGE('',*,*,#535,.T.);
#591 = ORIENTED_EDGE('',*,*,#592,.F.);
#592 = EDGE_CURVE('',#582,#528,#593,.T.);
#593 = LINE('',#594,#595);
#594 = CARTESIAN_POINT('',(10.23,49.875,-1.06581410364E-14));
#595 = VECTOR('',#596,1.);
#596 = DIRECTION('',(2.169333098256E-30,-1.,-1.856544502378E-31));
#597 = CYLINDRICAL_SURFACE('',#598,3.109216027875);
#598 = AXIS2_PLACEMENT_3D('',#599,#600,#601);
#599 = CARTESIAN_POINT('',(13.33,49.875,0.239216027875));
#600 = DIRECTION('',(0.,1.,-2.22044604925E-16));
#601 = DIRECTION('',(-1.,0.,0.));
#602 = ADVANCED_FACE('',(#603),#621,.T.);
#603 = FACE_BOUND('',#604,.T.);
#604 = EDGE_LOOP('',(#605,#614,#615));
#605 = ORIENTED_EDGE('',*,*,#606,.F.);
#606 = EDGE_CURVE('',#73,#607,#609,.T.);
#607 = VERTEX_POINT('',#608);
#608 = CARTESIAN_POINT('',(17.427035899792,49.765808929721,
    -7.693773148276E-02));
#609 = CIRCLE('',#610,2.);
#610 = AXIS2_PLACEMENT_3D('',#611,#612,#613);
#611 = CARTESIAN_POINT('',(16.229313062548,51.364845453203,
    1.548630065272E-02));
#612 = DIRECTION('',(7.693773148277E-02,2.235820504317E-16,
    0.997035899792));
#613 = DIRECTION('',(-0.997035899792,-3.106705862445E-15,
    7.693773148277E-02));
#614 = ORIENTED_EDGE('',*,*,#72,.F.);
#615 = ORIENTED_EDGE('',*,*,#616,.T.);
#616 = EDGE_CURVE('',#65,#607,#617,.T.);
#617 = LINE('',#618,#619);
#618 = CARTESIAN_POINT('',(17.427035899792,49.765808929721,
    0.153062268517));
#619 = VECTOR('',#620,1.);
#620 = DIRECTION('',(0.,0.,-1.));
#621 = SURFACE_OF_LINEAR_EXTRUSION('',#622,#627);
#622 = CIRCLE('',#623,2.);
#623 = AXIS2_PLACEMENT_3D('',#624,#625,#626);
#624 = CARTESIAN_POINT('',(16.229313062548,51.364845453203,
    0.245486300653));
#625 = DIRECTION('',(7.693773148277E-02,2.235820504317E-16,
    0.997035899792));
#626 = DIRECTION('',(-0.997035899792,-3.106705862445E-15,
    7.693773148277E-02));
#627 = VECTOR('',#628,1.);
#628 = DIRECTION('',(0.,0.,-1.));
#629 = ADVANCED_FACE('',(#630),#648,.T.);
#630 = FACE_BOUND('',#631,.T.);
#631 = EDGE_LOOP('',(#632,#633,#634,#642));
#632 = ORIENTED_EDGE('',*,*,#616,.F.);
#633 = ORIENTED_EDGE('',*,*,#64,.F.);
#634 = ORIENTED_EDGE('',*,*,#635,.T.);
#635 = EDGE_CURVE('',#57,#636,#638,.T.);
#636 = VERTEX_POINT('',#637);
#637 = CARTESIAN_POINT('',(17.72614666973,49.875,-0.100019050928));
#638 = LINE('',#639,#640);
#639 = CARTESIAN_POINT('',(17.72614666973,49.875,0.129980949072));
#640 = VECTOR('',#641,1.);
#641 = DIRECTION('',(0.,0.,-1.));
#642 = ORIENTED_EDGE('',*,*,#643,.F.);
#643 = EDGE_CURVE('',#607,#636,#644,.T.);
#644 = LINE('',#645,#646);
#645 = CARTESIAN_POINT('',(17.427035899792,49.765808929721,
    -7.693773148276E-02));
#646 = VECTOR('',#647,1.);
#647 = DIRECTION('',(0.936907277694,0.342020143324,-7.229781853442E-02)
  );
#648 = PLANE('',#649);
#649 = AXIS2_PLACEMENT_3D('',#650,#651,#652);
#650 = CARTESIAN_POINT('',(17.576591284761,49.82040446486,
    2.652160879481E-02));
#651 = DIRECTION('',(-0.342917528111,0.939365514012,0.));
#652 = DIRECTION('',(0.936907277694,0.342020143324,-7.229781853442E-02)
  );
#653 = ADVANCED_FACE('',(#654),#705,.F.);
#654 = FACE_BOUND('',#655,.F.);
#655 = EDGE_LOOP('',(#656,#666,#672,#673,#674,#683,#691,#699));
#656 = ORIENTED_EDGE('',*,*,#657,.F.);
#657 = EDGE_CURVE('',#658,#660,#662,.T.);
#658 = VERTEX_POINT('',#659);
#659 = CARTESIAN_POINT('',(23.5,49.875,-9.1));
#660 = VERTEX_POINT('',#661);
#661 = CARTESIAN_POINT('',(-23.5,49.875,-9.1));
#662 = LINE('',#663,#664);
#663 = CARTESIAN_POINT('',(-23.5,49.875,-9.1));
#664 = VECTOR('',#665,1.);
#665 = DIRECTION('',(-1.,-6.266687806975E-47,2.22044604925E-16));
#666 = ORIENTED_EDGE('',*,*,#667,.T.);
#667 = EDGE_CURVE('',#658,#48,#668,.T.);
#668 = LINE('',#669,#670);
#669 = CARTESIAN_POINT('',(23.5,49.875,-9.1));
#670 = VECTOR('',#671,1.);
#671 = DIRECTION('',(0.,0.,1.));
#672 = ORIENTED_EDGE('',*,*,#56,.T.);
#673 = ORIENTED_EDGE('',*,*,#635,.T.);
#674 = ORIENTED_EDGE('',*,*,#675,.T.);
#675 = EDGE_CURVE('',#636,#676,#678,.T.);
#676 = VERTEX_POINT('',#677);
#677 = CARTESIAN_POINT('',(8.93385333027,49.875,-0.100019050928));
#678 = CIRCLE('',#679,4.409216027875);
#679 = AXIS2_PLACEMENT_3D('',#680,#681,#682);
#680 = CARTESIAN_POINT('',(13.33,49.875,0.239216027875));
#681 = DIRECTION('',(0.,1.,0.));
#682 = DIRECTION('',(-1.,0.,-4.32286068036E-16));
#683 = ORIENTED_EDGE('',*,*,#684,.T.);
#684 = EDGE_CURVE('',#676,#685,#687,.T.);
#685 = VERTEX_POINT('',#686);
#686 = CARTESIAN_POINT('',(8.93385333027,49.875,3.552713678801E-15));
#687 = LINE('',#688,#689);
#688 = CARTESIAN_POINT('',(8.93385333027,49.875,-0.100019050928));
#689 = VECTOR('',#690,1.);
#690 = DIRECTION('',(0.,0.,1.));
#691 = ORIENTED_EDGE('',*,*,#692,.T.);
#692 = EDGE_CURVE('',#685,#693,#695,.T.);
#693 = VERTEX_POINT('',#694);
#694 = CARTESIAN_POINT('',(-23.5,49.875,1.06581410364E-14));
#695 = LINE('',#696,#697);
#696 = CARTESIAN_POINT('',(-23.5,49.875,1.06581410364E-14));
#697 = VECTOR('',#698,1.);
#698 = DIRECTION('',(-1.,-6.266687806975E-47,2.22044604925E-16));
#699 = ORIENTED_EDGE('',*,*,#700,.F.);
#700 = EDGE_CURVE('',#660,#693,#701,.T.);
#701 = LINE('',#702,#703);
#702 = CARTESIAN_POINT('',(-23.5,49.875,-9.1));
#703 = VECTOR('',#704,1.);
#704 = DIRECTION('',(0.,0.,1.));
#705 = PLANE('',#706);
#706 = AXIS2_PLACEMENT_3D('',#707,#708,#709);
#707 = CARTESIAN_POINT('',(-23.5,49.875,-9.1));
#708 = DIRECTION('',(-0.,-1.,-2.822265287234E-31));
#709 = DIRECTION('',(2.22044604925E-16,-2.822265287234E-31,1.));
#710 = ADVANCED_FACE('',(#711),#730,.T.);
#711 = FACE_BOUND('',#712,.T.);
#712 = EDGE_LOOP('',(#713,#722,#723,#724));
#713 = ORIENTED_EDGE('',*,*,#714,.T.);
#714 = EDGE_CURVE('',#715,#658,#717,.T.);
#715 = VERTEX_POINT('',#716);
#716 = CARTESIAN_POINT('',(28.8,44.575,-9.1));
#717 = CIRCLE('',#718,5.3);
#718 = AXIS2_PLACEMENT_3D('',#719,#720,#721);
#719 = CARTESIAN_POINT('',(23.5,44.575,-9.1));
#720 = DIRECTION('',(0.,0.,1.));
#721 = DIRECTION('',(1.,0.,0.));
#722 = ORIENTED_EDGE('',*,*,#667,.T.);
#723 = ORIENTED_EDGE('',*,*,#47,.F.);
#724 = ORIENTED_EDGE('',*,*,#725,.F.);
#725 = EDGE_CURVE('',#715,#40,#726,.T.);
#726 = LINE('',#727,#728);
#727 = CARTESIAN_POINT('',(28.8,44.575,-9.1));
#728 = VECTOR('',#729,1.);
#729 = DIRECTION('',(-2.244078477742E-31,-2.22044604925E-16,1.));
#730 = CYLINDRICAL_SURFACE('',#731,5.3);
#731 = AXIS2_PLACEMENT_3D('',#732,#733,#734);
#732 = CARTESIAN_POINT('',(23.5,44.575,-9.1));
#733 = DIRECTION('',(0.,0.,1.));
#734 = DIRECTION('',(1.,0.,0.));
#735 = ADVANCED_FACE('',(#736),#788,.F.);
#736 = FACE_BOUND('',#737,.F.);
#737 = EDGE_LOOP('',(#738,#739,#740,#748,#756,#764,#773,#781));
#738 = ORIENTED_EDGE('',*,*,#39,.T.);
#739 = ORIENTED_EDGE('',*,*,#725,.F.);
#740 = ORIENTED_EDGE('',*,*,#741,.F.);
#741 = EDGE_CURVE('',#742,#715,#744,.T.);
#742 = VERTEX_POINT('',#743);
#743 = CARTESIAN_POINT('',(28.8,-44.575,-9.1));
#744 = LINE('',#745,#746);
#745 = CARTESIAN_POINT('',(28.8,44.575,-9.1));
#746 = VECTOR('',#747,1.);
#747 = DIRECTION('',(-4.98285519011E-47,1.,2.22044604925E-16));
#748 = ORIENTED_EDGE('',*,*,#749,.T.);
#749 = EDGE_CURVE('',#742,#750,#752,.T.);
#750 = VERTEX_POINT('',#751);
#751 = CARTESIAN_POINT('',(28.8,-44.575,1.06581410364E-14));
#752 = LINE('',#753,#754);
#753 = CARTESIAN_POINT('',(28.8,-44.575,-9.1));
#754 = VECTOR('',#755,1.);
#755 = DIRECTION('',(0.,0.,1.));
#756 = ORIENTED_EDGE('',*,*,#757,.T.);
#757 = EDGE_CURVE('',#750,#758,#760,.T.);
#758 = VERTEX_POINT('',#759);
#759 = CARTESIAN_POINT('',(28.8,18.625,0.));
#760 = LINE('',#761,#762);
#761 = CARTESIAN_POINT('',(28.8,44.575,1.06581410364E-14));
#762 = VECTOR('',#763,1.);
#763 = DIRECTION('',(-4.98285519011E-47,1.,2.22044604925E-16));
#764 = ORIENTED_EDGE('',*,*,#765,.T.);
#765 = EDGE_CURVE('',#758,#766,#768,.T.);
#766 = VERTEX_POINT('',#767);
#767 = CARTESIAN_POINT('',(28.8,22.975,-4.35));
#768 = CIRCLE('',#769,4.35);
#769 = AXIS2_PLACEMENT_3D('',#770,#771,#772);
#770 = CARTESIAN_POINT('',(28.8,22.975,0.));
#771 = DIRECTION('',(1.,0.,2.244078477742E-31));
#772 = DIRECTION('',(0.,-1.,0.));
#773 = ORIENTED_EDGE('',*,*,#774,.T.);
#774 = EDGE_CURVE('',#766,#775,#777,.T.);
#775 = VERTEX_POINT('',#776);
#776 = CARTESIAN_POINT('',(28.8,32.475,-4.35));
#777 = LINE('',#778,#779);
#778 = CARTESIAN_POINT('',(28.8,22.975,-4.35));
#779 = VECTOR('',#780,1.);
#780 = DIRECTION('',(0.,1.,-1.963341769863E-15));
#781 = ORIENTED_EDGE('',*,*,#782,.T.);
#782 = EDGE_CURVE('',#775,#32,#783,.T.);
#783 = CIRCLE('',#784,4.35);
#784 = AXIS2_PLACEMENT_3D('',#785,#786,#787);
#785 = CARTESIAN_POINT('',(28.8,32.475,0.));
#786 = DIRECTION('',(1.,0.,2.244078477742E-31));
#787 = DIRECTION('',(2.244078477742E-31,-3.466062125659E-15,-1.));
#788 = PLANE('',#789);
#789 = AXIS2_PLACEMENT_3D('',#790,#791,#792);
#790 = CARTESIAN_POINT('',(28.8,44.575,-9.1));
#791 = DIRECTION('',(-1.,0.,-2.244078477742E-31));
#792 = DIRECTION('',(-2.244078477742E-31,-2.22044604925E-16,1.));
#793 = ADVANCED_FACE('',(#794),#805,.F.);
#794 = FACE_BOUND('',#795,.F.);
#795 = EDGE_LOOP('',(#796,#802,#803,#804));
#796 = ORIENTED_EDGE('',*,*,#797,.F.);
#797 = EDGE_CURVE('',#216,#775,#798,.T.);
#798 = LINE('',#799,#800);
#799 = CARTESIAN_POINT('',(28.675,32.475,-4.225));
#800 = VECTOR('',#801,1.);
#801 = DIRECTION('',(0.707106781187,-1.388292279257E-15,-0.707106781187)
  );
#802 = ORIENTED_EDGE('',*,*,#215,.T.);
#803 = ORIENTED_EDGE('',*,*,#31,.T.);
#804 = ORIENTED_EDGE('',*,*,#782,.F.);
#805 = CONICAL_SURFACE('',#806,4.1,0.785398163397);
#806 = AXIS2_PLACEMENT_3D('',#807,#808,#809);
#807 = CARTESIAN_POINT('',(28.55,32.475,0.));
#808 = DIRECTION('',(1.,0.,2.244078477742E-31));
#809 = DIRECTION('',(2.244078477742E-31,-3.466062125659E-15,-1.));
#810 = ADVANCED_FACE('',(#811),#829,.T.);
#811 = FACE_BOUND('',#812,.T.);
#812 = EDGE_LOOP('',(#813,#814,#822,#828));
#813 = ORIENTED_EDGE('',*,*,#282,.F.);
#814 = ORIENTED_EDGE('',*,*,#815,.T.);
#815 = EDGE_CURVE('',#283,#816,#818,.T.);
#816 = VERTEX_POINT('',#817);
#817 = CARTESIAN_POINT('',(28.55,22.975,-4.1));
#818 = LINE('',#819,#820);
#819 = CARTESIAN_POINT('',(26.3,22.975,-4.1));
#820 = VECTOR('',#821,1.);
#821 = DIRECTION('',(1.,0.,0.));
#822 = ORIENTED_EDGE('',*,*,#823,.T.);
#823 = EDGE_CURVE('',#816,#216,#824,.T.);
#824 = LINE('',#825,#826);
#825 = CARTESIAN_POINT('',(28.55,22.975,-4.1));
#826 = VECTOR('',#827,1.);
#827 = DIRECTION('',(0.,1.,-1.963341769863E-15));
#828 = ORIENTED_EDGE('',*,*,#234,.F.);
#829 = PLANE('',#830);
#830 = AXIS2_PLACEMENT_3D('',#831,#832,#833);
#831 = CARTESIAN_POINT('',(26.3,22.975,-4.1));
#832 = DIRECTION('',(0.,1.963341769863E-15,1.));
#833 = DIRECTION('',(0.,1.,-1.963341769863E-15));
#834 = ADVANCED_FACE('',(#835),#961,.T.);
#835 = FACE_BOUND('',#836,.T.);
#836 = EDGE_LOOP('',(#837,#845,#851,#852,#861,#869,#878,#886,#895,#903,
    #912,#920,#928,#937,#945,#953,#960));
#837 = ORIENTED_EDGE('',*,*,#838,.F.);
#838 = EDGE_CURVE('',#839,#758,#841,.T.);
#839 = VERTEX_POINT('',#840);
#840 = CARTESIAN_POINT('',(28.55,18.875,5.329070518201E-15));
#841 = LINE('',#842,#843);
#842 = CARTESIAN_POINT('',(24.45,22.975,0.));
#843 = VECTOR('',#844,1.);
#844 = DIRECTION('',(0.707106781187,-0.707106781187,-7.230982212598E-33)
  );
#845 = ORIENTED_EDGE('',*,*,#846,.T.);
#846 = EDGE_CURVE('',#839,#251,#847,.T.);
#847 = LINE('',#848,#849);
#848 = CARTESIAN_POINT('',(26.3,18.875,5.329070518201E-15));
#849 = VECTOR('',#850,1.);
#850 = DIRECTION('',(-1.,-0.,-0.));
#851 = ORIENTED_EDGE('',*,*,#248,.F.);
#852 = ORIENTED_EDGE('',*,*,#853,.F.);
#853 = EDGE_CURVE('',#854,#249,#856,.T.);
#854 = VERTEX_POINT('',#855);
#855 = CARTESIAN_POINT('',(26.300000000001,13.88894289005,0.));
#856 = CIRCLE('',#857,2.);
#857 = AXIS2_PLACEMENT_3D('',#858,#859,#860);
#858 = CARTESIAN_POINT('',(25.4,15.675,0.));
#859 = DIRECTION('',(0.,0.,1.));
#860 = DIRECTION('',(1.,0.,0.));
#861 = ORIENTED_EDGE('',*,*,#862,.F.);
#862 = EDGE_CURVE('',#863,#854,#865,.T.);
#863 = VERTEX_POINT('',#864);
#864 = CARTESIAN_POINT('',(26.3,12.48194289005,0.));
#865 = LINE('',#866,#867);
#866 = CARTESIAN_POINT('',(26.3,44.575,1.06581410364E-14));
#867 = VECTOR('',#868,1.);
#868 = DIRECTION('',(1.010643099615E-15,1.,0.));
#869 = ORIENTED_EDGE('',*,*,#870,.F.);
#870 = EDGE_CURVE('',#871,#863,#873,.T.);
#871 = VERTEX_POINT('',#872);
#872 = CARTESIAN_POINT('',(27.5,10.648912612068,0.));
#873 = CIRCLE('',#874,2.);
#874 = AXIS2_PLACEMENT_3D('',#875,#876,#877);
#875 = CARTESIAN_POINT('',(25.5,10.648912612068,0.));
#876 = DIRECTION('',(0.,0.,1.));
#877 = DIRECTION('',(1.,0.,0.));
#878 = ORIENTED_EDGE('',*,*,#879,.F.);
#879 = EDGE_CURVE('',#880,#871,#882,.T.);
#880 = VERTEX_POINT('',#881);
#881 = CARTESIAN_POINT('',(27.5,-44.575,0.));
#882 = LINE('',#883,#884);
#883 = CARTESIAN_POINT('',(27.5,-44.575,0.));
#884 = VECTOR('',#885,1.);
#885 = DIRECTION('',(0.,1.,0.));
#886 = ORIENTED_EDGE('',*,*,#887,.F.);
#887 = EDGE_CURVE('',#888,#880,#890,.T.);
#888 = VERTEX_POINT('',#889);
#889 = CARTESIAN_POINT('',(23.5,-48.575,0.));
#890 = CIRCLE('',#891,4.);
#891 = AXIS2_PLACEMENT_3D('',#892,#893,#894);
#892 = CARTESIAN_POINT('',(23.5,-44.575,0.));
#893 = DIRECTION('',(0.,0.,1.));
#894 = DIRECTION('',(1.,0.,0.));
#895 = ORIENTED_EDGE('',*,*,#896,.F.);
#896 = EDGE_CURVE('',#897,#888,#899,.T.);
#897 = VERTEX_POINT('',#898);
#898 = CARTESIAN_POINT('',(9.903030277982,-48.575,0.));
#899 = LINE('',#900,#901);
#900 = CARTESIAN_POINT('',(9.903030277982,-48.575,0.));
#901 = VECTOR('',#902,1.);
#902 = DIRECTION('',(1.,0.,0.));
#903 = ORIENTED_EDGE('',*,*,#904,.F.);
#904 = EDGE_CURVE('',#905,#897,#907,.T.);
#905 = VERTEX_POINT('',#906);
#906 = CARTESIAN_POINT('',(8.07,-47.375,0.));
#907 = CIRCLE('',#908,2.);
#908 = AXIS2_PLACEMENT_3D('',#909,#910,#911);
#909 = CARTESIAN_POINT('',(9.903030277982,-46.575,0.));
#910 = DIRECTION('',(0.,0.,1.));
#911 = DIRECTION('',(1.,0.,0.));
#912 = ORIENTED_EDGE('',*,*,#913,.F.);
#913 = EDGE_CURVE('',#914,#905,#916,.T.);
#914 = VERTEX_POINT('',#915);
#915 = CARTESIAN_POINT('',(4.67,-47.375,1.06581410364E-14));
#916 = LINE('',#917,#918);
#917 = CARTESIAN_POINT('',(23.5,-47.375,1.06581410364E-14));
#918 = VECTOR('',#919,1.);
#919 = DIRECTION('',(1.,-9.494107596575E-16,0.));
#920 = ORIENTED_EDGE('',*,*,#921,.T.);
#921 = EDGE_CURVE('',#914,#922,#924,.T.);
#922 = VERTEX_POINT('',#923);
#923 = CARTESIAN_POINT('',(4.67,-48.375,5.329070518201E-15));
#924 = LINE('',#925,#926);
#925 = CARTESIAN_POINT('',(4.67,-24.9375,5.329070518201E-15));
#926 = VECTOR('',#927,1.);
#927 = DIRECTION('',(0.,-1.,-1.525972954673E-32));
#928 = ORIENTED_EDGE('',*,*,#929,.F.);
#929 = EDGE_CURVE('',#930,#922,#932,.T.);
#930 = VERTEX_POINT('',#931);
#931 = CARTESIAN_POINT('',(6.37,-49.575,5.329070518201E-15));
#932 = CIRCLE('',#933,2.);
#933 = AXIS2_PLACEMENT_3D('',#934,#935,#936);
#934 = CARTESIAN_POINT('',(4.534985258196,-50.37043755088,
    5.329070518201E-15));
#935 = DIRECTION('',(-0.,0.,1.));
#936 = DIRECTION('',(0.,-1.,0.));
#937 = ORIENTED_EDGE('',*,*,#938,.T.);
#938 = EDGE_CURVE('',#930,#939,#941,.T.);
#939 = VERTEX_POINT('',#940);
#940 = CARTESIAN_POINT('',(6.67,-49.875,7.105427357601E-15));
#941 = LINE('',#942,#943);
#942 = CARTESIAN_POINT('',(-7.61625,-35.58875,5.329070518201E-15));
#943 = VECTOR('',#944,1.);
#944 = DIRECTION('',(0.707106781187,-0.707106781187,-7.230982212598E-33)
  );
#945 = ORIENTED_EDGE('',*,*,#946,.T.);
#946 = EDGE_CURVE('',#939,#947,#949,.T.);
#947 = VERTEX_POINT('',#948);
#948 = CARTESIAN_POINT('',(23.5,-49.875,1.06581410364E-14));
#949 = LINE('',#950,#951);
#950 = CARTESIAN_POINT('',(23.5,-49.875,1.06581410364E-14));
#951 = VECTOR('',#952,1.);
#952 = DIRECTION('',(1.,4.680956445562E-47,2.22044604925E-16));
#953 = ORIENTED_EDGE('',*,*,#954,.T.);
#954 = EDGE_CURVE('',#947,#750,#955,.T.);
#955 = CIRCLE('',#956,5.3);
#956 = AXIS2_PLACEMENT_3D('',#957,#958,#959);
#957 = CARTESIAN_POINT('',(23.5,-44.575,1.06581410364E-14));
#958 = DIRECTION('',(0.,0.,1.));
#959 = DIRECTION('',(1.,0.,0.));
#960 = ORIENTED_EDGE('',*,*,#757,.T.);
#961 = PLANE('',#962);
#962 = AXIS2_PLACEMENT_3D('',#963,#964,#965);
#963 = CARTESIAN_POINT('',(1.862364421973E-15,-1.489891537578E-15,
    5.329070518201E-15));
#964 = DIRECTION('',(-5.033576432395E-33,-1.525972954673E-32,1.));
#965 = DIRECTION('',(-1.979224569427E-81,1.,1.525972954673E-32));
#966 = ADVANCED_FACE('',(#967),#979,.F.);
#967 = FACE_BOUND('',#968,.T.);
#968 = EDGE_LOOP('',(#969,#970,#971,#972));
#969 = ORIENTED_EDGE('',*,*,#815,.F.);
#970 = ORIENTED_EDGE('',*,*,#290,.T.);
#971 = ORIENTED_EDGE('',*,*,#846,.F.);
#972 = ORIENTED_EDGE('',*,*,#973,.T.);
#973 = EDGE_CURVE('',#839,#816,#974,.T.);
#974 = CIRCLE('',#975,4.1);
#975 = AXIS2_PLACEMENT_3D('',#976,#977,#978);
#976 = CARTESIAN_POINT('',(28.55,22.975,0.));
#977 = DIRECTION('',(1.,0.,2.244078477742E-31));
#978 = DIRECTION('',(0.,-1.,0.));
#979 = CYLINDRICAL_SURFACE('',#980,4.1);
#980 = AXIS2_PLACEMENT_3D('',#981,#982,#983);
#981 = CARTESIAN_POINT('',(26.3,22.975,0.));
#982 = DIRECTION('',(-1.,-0.,-0.));
#983 = DIRECTION('',(0.,1.,0.));
#984 = ADVANCED_FACE('',(#985),#1029,.T.);
#985 = FACE_BOUND('',#986,.T.);
#986 = EDGE_LOOP('',(#987,#998,#1006,#1014,#1021,#1022,#1023));
#987 = ORIENTED_EDGE('',*,*,#988,.F.);
#988 = EDGE_CURVE('',#989,#991,#993,.T.);
#989 = VERTEX_POINT('',#990);
#990 = CARTESIAN_POINT('',(26.3,39.775,-7.6));
#991 = VERTEX_POINT('',#992);
#992 = CARTESIAN_POINT('',(24.3,41.775,-7.6));
#993 = CIRCLE('',#994,2.);
#994 = AXIS2_PLACEMENT_3D('',#995,#996,#997);
#995 = CARTESIAN_POINT('',(24.3,39.775,-7.6));
#996 = DIRECTION('',(7.548369822181E-34,-9.336947708948E-34,1.));
#997 = DIRECTION('',(1.,-9.336947708948E-34,-7.548369822181E-34));
#998 = ORIENTED_EDGE('',*,*,#999,.F.);
#999 = EDGE_CURVE('',#1000,#989,#1002,.T.);
#1000 = VERTEX_POINT('',#1001);
#1001 = CARTESIAN_POINT('',(26.3,15.875,-7.6));
#1002 = LINE('',#1003,#1004);
#1003 = CARTESIAN_POINT('',(26.3,-39.775,-7.6));
#1004 = VECTOR('',#1005,1.);
#1005 = DIRECTION('',(-4.98285519011E-47,1.,2.22044604925E-16));
#1006 = ORIENTED_EDGE('',*,*,#1007,.T.);
#1007 = EDGE_CURVE('',#1000,#1008,#1010,.T.);
#1008 = VERTEX_POINT('',#1009);
#1009 = CARTESIAN_POINT('',(26.300000000001,13.88894289005,-7.6));
#1010 = LINE('',#1011,#1012);
#1011 = CARTESIAN_POINT('',(26.3,15.875,-7.6));
#1012 = VECTOR('',#1013,1.);
#1013 = DIRECTION('',(6.690215045751E-13,-1.,0.));
#1014 = ORIENTED_EDGE('',*,*,#1015,.T.);
#1015 = EDGE_CURVE('',#1008,#259,#1016,.T.);
#1016 = CIRCLE('',#1017,2.);
#1017 = AXIS2_PLACEMENT_3D('',#1018,#1019,#1020);
#1018 = CARTESIAN_POINT('',(25.4,15.675,-7.6));
#1019 = DIRECTION('',(0.,0.,1.));
#1020 = DIRECTION('',(1.,0.,0.));
#1021 = ORIENTED_EDGE('',*,*,#266,.T.);
#1022 = ORIENTED_EDGE('',*,*,#307,.T.);
#1023 = ORIENTED_EDGE('',*,*,#1024,.F.);
#1024 = EDGE_CURVE('',#991,#308,#1025,.T.);
#1025 = LINE('',#1026,#1027);
#1026 = CARTESIAN_POINT('',(24.3,41.775,-7.6));
#1027 = VECTOR('',#1028,1.);
#1028 = DIRECTION('',(1.,0.,0.));
#1029 = PLANE('',#1030);
#1030 = AXIS2_PLACEMENT_3D('',#1031,#1032,#1033);
#1031 = CARTESIAN_POINT('',(26.107053243511,29.932017741556,-7.6));
#1032 = DIRECTION('',(0.,0.,1.));
#1033 = DIRECTION('',(1.,0.,0.));
#1034 = ADVANCED_FACE('',(#1035),#1046,.F.);
#1035 = FACE_BOUND('',#1036,.F.);
#1036 = EDGE_LOOP('',(#1037,#1043,#1044,#1045));
#1037 = ORIENTED_EDGE('',*,*,#1038,.T.);
#1038 = EDGE_CURVE('',#854,#1008,#1039,.T.);
#1039 = LINE('',#1040,#1041);
#1040 = CARTESIAN_POINT('',(26.300000000001,13.88894289005,0.));
#1041 = VECTOR('',#1042,1.);
#1042 = DIRECTION('',(-0.,-0.,-1.));
#1043 = ORIENTED_EDGE('',*,*,#1015,.T.);
#1044 = ORIENTED_EDGE('',*,*,#258,.F.);
#1045 = ORIENTED_EDGE('',*,*,#853,.F.);
#1046 = CYLINDRICAL_SURFACE('',#1047,2.);
#1047 = AXIS2_PLACEMENT_3D('',#1048,#1049,#1050);
#1048 = CARTESIAN_POINT('',(25.4,15.675,0.));
#1049 = DIRECTION('',(0.,0.,1.));
#1050 = DIRECTION('',(1.,0.,0.));
#1051 = ADVANCED_FACE('',(#1052,#1104),#1115,.T.);
#1052 = FACE_BOUND('',#1053,.T.);
#1053 = EDGE_LOOP('',(#1054,#1063,#1071,#1080,#1088,#1094,#1095,#1096,
    #1103));
#1054 = ORIENTED_EDGE('',*,*,#1055,.F.);
#1055 = EDGE_CURVE('',#1056,#560,#1058,.T.);
#1056 = VERTEX_POINT('',#1057);
#1057 = CARTESIAN_POINT('',(20.7,45.375,-1.6));
#1058 = CIRCLE('',#1059,2.);
#1059 = AXIS2_PLACEMENT_3D('',#1060,#1061,#1062);
#1060 = CARTESIAN_POINT('',(18.7,45.375,-1.6));
#1061 = DIRECTION('',(0.,0.,1.));
#1062 = DIRECTION('',(1.,0.,0.));
#1063 = ORIENTED_EDGE('',*,*,#1064,.T.);
#1064 = EDGE_CURVE('',#1056,#1065,#1067,.T.);
#1065 = VERTEX_POINT('',#1066);
#1066 = CARTESIAN_POINT('',(20.7,44.575,-1.6));
#1067 = LINE('',#1068,#1069);
#1068 = CARTESIAN_POINT('',(20.7,45.375,-1.6));
#1069 = VECTOR('',#1070,1.);
#1070 = DIRECTION('',(0.,-1.,0.));
#1071 = ORIENTED_EDGE('',*,*,#1072,.T.);
#1072 = EDGE_CURVE('',#1065,#1073,#1075,.T.);
#1073 = VERTEX_POINT('',#1074);
#1074 = CARTESIAN_POINT('',(23.5,41.775,-1.6));
#1075 = CIRCLE('',#1076,2.8);
#1076 = AXIS2_PLACEMENT_3D('',#1077,#1078,#1079);
#1077 = CARTESIAN_POINT('',(23.5,44.575,-1.6));
#1078 = DIRECTION('',(0.,0.,1.));
#1079 = DIRECTION('',(1.,0.,0.));
#1080 = ORIENTED_EDGE('',*,*,#1081,.T.);
#1081 = EDGE_CURVE('',#1073,#1082,#1084,.T.);
#1082 = VERTEX_POINT('',#1083);
#1083 = CARTESIAN_POINT('',(24.3,41.775,-1.6));
#1084 = LINE('',#1085,#1086);
#1085 = CARTESIAN_POINT('',(23.5,41.775,-1.6));
#1086 = VECTOR('',#1087,1.);
#1087 = DIRECTION('',(1.,0.,0.));
#1088 = ORIENTED_EDGE('',*,*,#1089,.T.);
#1089 = EDGE_CURVE('',#1082,#317,#1090,.T.);
#1090 = LINE('',#1091,#1092);
#1091 = CARTESIAN_POINT('',(12.15,41.775,-1.6));
#1092 = VECTOR('',#1093,1.);
#1093 = DIRECTION('',(1.,0.,-2.895299245675E-33));
#1094 = ORIENTED_EDGE('',*,*,#324,.F.);
#1095 = ORIENTED_EDGE('',*,*,#348,.T.);
#1096 = ORIENTED_EDGE('',*,*,#1097,.T.);
#1097 = EDGE_CURVE('',#349,#552,#1098,.T.);
#1098 = CIRCLE('',#1099,2.8);
#1099 = AXIS2_PLACEMENT_3D('',#1100,#1101,#1102);
#1100 = CARTESIAN_POINT('',(23.5,44.575,-1.6));
#1101 = DIRECTION('',(0.,0.,1.));
#1102 = DIRECTION('',(1.,0.,0.));
#1103 = ORIENTED_EDGE('',*,*,#559,.T.);
#1104 = FACE_BOUND('',#1105,.T.);
#1105 = EDGE_LOOP('',(#1106));
#1106 = ORIENTED_EDGE('',*,*,#1107,.F.);
#1107 = EDGE_CURVE('',#1108,#1108,#1110,.T.);
#1108 = VERTEX_POINT('',#1109);
#1109 = CARTESIAN_POINT('',(22.2,44.475,-1.6));
#1110 = CIRCLE('',#1111,1.2);
#1111 = AXIS2_PLACEMENT_3D('',#1112,#1113,#1114);
#1112 = CARTESIAN_POINT('',(23.4,44.475,-1.6));
#1113 = DIRECTION('',(0.,0.,1.));
#1114 = DIRECTION('',(-1.,0.,0.));
#1115 = PLANE('',#1116);
#1116 = AXIS2_PLACEMENT_3D('',#1117,#1118,#1119);
#1117 = CARTESIAN_POINT('',(1.801328663914E-14,-1.132846921781E-14,-1.6)
  );
#1118 = DIRECTION('',(2.895299245675E-33,1.613015563139E-33,1.));
#1119 = DIRECTION('',(1.,0.,-2.895299245675E-33));
#1120 = ADVANCED_FACE('',(#1121),#1132,.T.);
#1121 = FACE_BOUND('',#1122,.T.);
#1122 = EDGE_LOOP('',(#1123,#1124,#1130,#1131));
#1123 = ORIENTED_EDGE('',*,*,#1089,.F.);
#1124 = ORIENTED_EDGE('',*,*,#1125,.F.);
#1125 = EDGE_CURVE('',#991,#1082,#1126,.T.);
#1126 = LINE('',#1127,#1128);
#1127 = CARTESIAN_POINT('',(24.3,41.775,-9.6));
#1128 = VECTOR('',#1129,1.);
#1129 = DIRECTION('',(2.895299245675E-33,1.613015563139E-33,1.));
#1130 = ORIENTED_EDGE('',*,*,#1024,.T.);
#1131 = ORIENTED_EDGE('',*,*,#316,.F.);
#1132 = PLANE('',#1133);
#1133 = AXIS2_PLACEMENT_3D('',#1134,#1135,#1136);
#1134 = CARTESIAN_POINT('',(24.3,41.775,0.));
#1135 = DIRECTION('',(0.,-1.,0.));
#1136 = DIRECTION('',(1.,0.,0.));
#1137 = ADVANCED_FACE('',(#1138),#1156,.F.);
#1138 = FACE_BOUND('',#1139,.F.);
#1139 = EDGE_LOOP('',(#1140,#1148,#1154,#1155));
#1140 = ORIENTED_EDGE('',*,*,#1141,.T.);
#1141 = EDGE_CURVE('',#357,#1142,#1144,.T.);
#1142 = VERTEX_POINT('',#1143);
#1143 = CARTESIAN_POINT('',(26.3,44.575,1.));
#1144 = LINE('',#1145,#1146);
#1145 = CARTESIAN_POINT('',(26.3,44.575,0.));
#1146 = VECTOR('',#1147,1.);
#1147 = DIRECTION('',(0.,0.,1.));
#1148 = ORIENTED_EDGE('',*,*,#1149,.T.);
#1149 = EDGE_CURVE('',#1142,#380,#1150,.T.);
#1150 = LINE('',#1151,#1152);
#1151 = CARTESIAN_POINT('',(26.3,44.575,1.));
#1152 = VECTOR('',#1153,1.);
#1153 = DIRECTION('',(0.,-1.,0.));
#1154 = ORIENTED_EDGE('',*,*,#379,.F.);
#1155 = ORIENTED_EDGE('',*,*,#364,.T.);
#1156 = PLANE('',#1157);
#1157 = AXIS2_PLACEMENT_3D('',#1158,#1159,#1160);
#1158 = CARTESIAN_POINT('',(26.3,44.575,0.));
#1159 = DIRECTION('',(1.,0.,0.));
#1160 = DIRECTION('',(0.,-1.,0.));
#1161 = ADVANCED_FACE('',(#1162),#1174,.F.);
#1162 = FACE_BOUND('',#1163,.F.);
#1163 = EDGE_LOOP('',(#1164,#1171,#1172,#1173));
#1164 = ORIENTED_EDGE('',*,*,#1165,.F.);
#1165 = EDGE_CURVE('',#357,#544,#1166,.T.);
#1166 = CIRCLE('',#1167,2.8);
#1167 = AXIS2_PLACEMENT_3D('',#1168,#1169,#1170);
#1168 = CARTESIAN_POINT('',(23.5,44.575,1.06581410364E-14));
#1169 = DIRECTION('',(0.,0.,1.));
#1170 = DIRECTION('',(1.,0.,0.));
#1171 = ORIENTED_EDGE('',*,*,#356,.T.);
#1172 = ORIENTED_EDGE('',*,*,#1097,.T.);
#1173 = ORIENTED_EDGE('',*,*,#551,.T.);
#1174 = CYLINDRICAL_SURFACE('',#1175,2.8);
#1175 = AXIS2_PLACEMENT_3D('',#1176,#1177,#1178);
#1176 = CARTESIAN_POINT('',(23.5,44.575,1.06581410364E-14));
#1177 = DIRECTION('',(0.,0.,1.));
#1178 = DIRECTION('',(1.,0.,0.));
#1179 = ADVANCED_FACE('',(#1180),#1202,.T.);
#1180 = FACE_BOUND('',#1181,.T.);
#1181 = EDGE_LOOP('',(#1182,#1183,#1184,#1185,#1186,#1187,#1195));
#1182 = ORIENTED_EDGE('',*,*,#1149,.T.);
#1183 = ORIENTED_EDGE('',*,*,#387,.T.);
#1184 = ORIENTED_EDGE('',*,*,#412,.T.);
#1185 = ORIENTED_EDGE('',*,*,#437,.T.);
#1186 = ORIENTED_EDGE('',*,*,#461,.T.);
#1187 = ORIENTED_EDGE('',*,*,#1188,.T.);
#1188 = EDGE_CURVE('',#462,#1189,#1191,.T.);
#1189 = VERTEX_POINT('',#1190);
#1190 = CARTESIAN_POINT('',(23.5,47.375,1.));
#1191 = LINE('',#1192,#1193);
#1192 = CARTESIAN_POINT('',(19.13,47.375,1.));
#1193 = VECTOR('',#1194,1.);
#1194 = DIRECTION('',(1.,0.,0.));
#1195 = ORIENTED_EDGE('',*,*,#1196,.F.);
#1196 = EDGE_CURVE('',#1142,#1189,#1197,.T.);
#1197 = CIRCLE('',#1198,2.8);
#1198 = AXIS2_PLACEMENT_3D('',#1199,#1200,#1201);
#1199 = CARTESIAN_POINT('',(23.5,44.575,1.));
#1200 = DIRECTION('',(0.,0.,1.));
#1201 = DIRECTION('',(1.,0.,0.));
#1202 = PLANE('',#1203);
#1203 = AXIS2_PLACEMENT_3D('',#1204,#1205,#1206);
#1204 = CARTESIAN_POINT('',(2.743319958556,-4.42142293462,1.));
#1205 = DIRECTION('',(0.,0.,1.));
#1206 = DIRECTION('',(1.,0.,0.));
#1207 = ADVANCED_FACE('',(#1208),#1219,.F.);
#1208 = FACE_BOUND('',#1209,.F.);
#1209 = EDGE_LOOP('',(#1210,#1211,#1212,#1218));
#1210 = ORIENTED_EDGE('',*,*,#470,.T.);
#1211 = ORIENTED_EDGE('',*,*,#1188,.T.);
#1212 = ORIENTED_EDGE('',*,*,#1213,.F.);
#1213 = EDGE_CURVE('',#544,#1189,#1214,.T.);
#1214 = LINE('',#1215,#1216);
#1215 = CARTESIAN_POINT('',(23.5,47.375,0.));
#1216 = VECTOR('',#1217,1.);
#1217 = DIRECTION('',(0.,0.,1.));
#1218 = ORIENTED_EDGE('',*,*,#543,.T.);
#1219 = PLANE('',#1220);
#1220 = AXIS2_PLACEMENT_3D('',#1221,#1222,#1223);
#1221 = CARTESIAN_POINT('',(19.13,47.375,0.));
#1222 = DIRECTION('',(0.,1.,0.));
#1223 = DIRECTION('',(1.,0.,0.));
#1224 = ADVANCED_FACE('',(#1225),#1252,.F.);
#1225 = FACE_BOUND('',#1226,.F.);
#1226 = EDGE_LOOP('',(#1227,#1236,#1244,#1251));
#1227 = ORIENTED_EDGE('',*,*,#1228,.T.);
#1228 = EDGE_CURVE('',#486,#1229,#1231,.T.);
#1229 = VERTEX_POINT('',#1230);
#1230 = CARTESIAN_POINT('',(18.7,45.375,-9.6));
#1231 = CIRCLE('',#1232,2.);
#1232 = AXIS2_PLACEMENT_3D('',#1233,#1234,#1235);
#1233 = CARTESIAN_POINT('',(18.7,45.375,-7.6));
#1234 = DIRECTION('',(-1.,-6.266687806975E-47,2.22044604925E-16));
#1235 = DIRECTION('',(0.,1.,2.822265287234E-31));
#1236 = ORIENTED_EDGE('',*,*,#1237,.T.);
#1237 = EDGE_CURVE('',#1229,#1238,#1240,.T.);
#1238 = VERTEX_POINT('',#1239);
#1239 = CARTESIAN_POINT('',(-18.7,45.375,-9.6));
#1240 = LINE('',#1241,#1242);
#1241 = CARTESIAN_POINT('',(18.7,45.375,-9.6));
#1242 = VECTOR('',#1243,1.);
#1243 = DIRECTION('',(-1.,-6.266687806975E-47,2.22044604925E-16));
#1244 = ORIENTED_EDGE('',*,*,#1245,.F.);
#1245 = EDGE_CURVE('',#488,#1238,#1246,.T.);
#1246 = CIRCLE('',#1247,2.);
#1247 = AXIS2_PLACEMENT_3D('',#1248,#1249,#1250);
#1248 = CARTESIAN_POINT('',(-18.7,45.375,-7.6));
#1249 = DIRECTION('',(-1.,-6.266687806975E-47,2.22044604925E-16));
#1250 = DIRECTION('',(0.,1.,2.822265287234E-31));
#1251 = ORIENTED_EDGE('',*,*,#485,.F.);
#1252 = CYLINDRICAL_SURFACE('',#1253,2.);
#1253 = AXIS2_PLACEMENT_3D('',#1254,#1255,#1256);
#1254 = CARTESIAN_POINT('',(18.7,45.375,-7.6));
#1255 = DIRECTION('',(-1.,-6.266687806975E-47,2.22044604925E-16));
#1256 = DIRECTION('',(0.,1.,2.822265287234E-31));
#1257 = ADVANCED_FACE('',(#1258),#1277,.F.);
#1258 = FACE_BOUND('',#1259,.T.);
#1259 = EDGE_LOOP('',(#1260,#1268,#1269,#1270));
#1260 = ORIENTED_EDGE('',*,*,#1261,.T.);
#1261 = EDGE_CURVE('',#1262,#1056,#1264,.T.);
#1262 = VERTEX_POINT('',#1263);
#1263 = CARTESIAN_POINT('',(20.7,45.375,-7.6));
#1264 = LINE('',#1265,#1266);
#1265 = CARTESIAN_POINT('',(20.7,45.375,-9.6));
#1266 = VECTOR('',#1267,1.);
#1267 = DIRECTION('',(2.895299245675E-33,1.613015563139E-33,1.));
#1268 = ORIENTED_EDGE('',*,*,#1055,.T.);
#1269 = ORIENTED_EDGE('',*,*,#567,.F.);
#1270 = ORIENTED_EDGE('',*,*,#1271,.F.);
#1271 = EDGE_CURVE('',#1262,#486,#1272,.T.);
#1272 = CIRCLE('',#1273,2.);
#1273 = AXIS2_PLACEMENT_3D('',#1274,#1275,#1276);
#1274 = CARTESIAN_POINT('',(18.7,45.375,-7.6));
#1275 = DIRECTION('',(7.548369822181E-34,-9.336947708948E-34,1.));
#1276 = DIRECTION('',(1.,-9.336947708948E-34,-7.548369822181E-34));
#1277 = CYLINDRICAL_SURFACE('',#1278,2.);
#1278 = AXIS2_PLACEMENT_3D('',#1279,#1280,#1281);
#1279 = CARTESIAN_POINT('',(18.7,45.375,-9.6));
#1280 = DIRECTION('',(-0.,-0.,-1.));
#1281 = DIRECTION('',(1.,0.,0.));
#1282 = ADVANCED_FACE('',(#1283),#1438,.T.);
#1283 = FACE_BOUND('',#1284,.T.);
#1284 = EDGE_LOOP('',(#1285,#1295,#1303,#1311,#1320,#1328,#1337,#1346,
    #1354,#1361,#1362,#1363,#1424,#1430,#1431));
#1285 = ORIENTED_EDGE('',*,*,#1286,.T.);
#1286 = EDGE_CURVE('',#1287,#1289,#1291,.T.);
#1287 = VERTEX_POINT('',#1288);
#1288 = CARTESIAN_POINT('',(-28.8,44.575,1.06581410364E-14));
#1289 = VERTEX_POINT('',#1290);
#1290 = CARTESIAN_POINT('',(-28.8,40.425,-7.105427357601E-15));
#1291 = LINE('',#1292,#1293);
#1292 = CARTESIAN_POINT('',(-28.8,-44.575,1.06581410364E-14));
#1293 = VECTOR('',#1294,1.);
#1294 = DIRECTION('',(0.,-1.,2.22044604925E-16));
#1295 = ORIENTED_EDGE('',*,*,#1296,.T.);
#1296 = EDGE_CURVE('',#1289,#1297,#1299,.T.);
#1297 = VERTEX_POINT('',#1298);
#1298 = CARTESIAN_POINT('',(-28.55,40.175,7.105427357601E-15));
#1299 = LINE('',#1300,#1301);
#1300 = CARTESIAN_POINT('',(-24.45,36.075,1.7763568394E-15));
#1301 = VECTOR('',#1302,1.);
#1302 = DIRECTION('',(0.707106781187,-0.707106781187,-7.230982212598E-33
    ));
#1303 = ORIENTED_EDGE('',*,*,#1304,.T.);
#1304 = EDGE_CURVE('',#1297,#1305,#1307,.T.);
#1305 = VERTEX_POINT('',#1306);
#1306 = CARTESIAN_POINT('',(-27.35959179422,40.175,1.7763568394E-15));
#1307 = LINE('',#1308,#1309);
#1308 = CARTESIAN_POINT('',(-26.3,40.175,5.329070518201E-15));
#1309 = VECTOR('',#1310,1.);
#1310 = DIRECTION('',(1.,0.,0.));
#1311 = ORIENTED_EDGE('',*,*,#1312,.F.);
#1312 = EDGE_CURVE('',#1313,#1305,#1315,.T.);
#1313 = VERTEX_POINT('',#1314);
#1314 = CARTESIAN_POINT('',(-26.3,41.561057109949,5.329070518201E-15));
#1315 = CIRCLE('',#1316,2.);
#1316 = AXIS2_PLACEMENT_3D('',#1317,#1318,#1319);
#1317 = CARTESIAN_POINT('',(-25.4,39.775,0.));
#1318 = DIRECTION('',(0.,0.,1.));
#1319 = DIRECTION('',(1.,0.,0.));
#1320 = ORIENTED_EDGE('',*,*,#1321,.F.);
#1321 = EDGE_CURVE('',#1322,#1313,#1324,.T.);
#1322 = VERTEX_POINT('',#1323);
#1323 = CARTESIAN_POINT('',(-26.3,42.961057109949,0.));
#1324 = LINE('',#1325,#1326);
#1325 = CARTESIAN_POINT('',(-26.3,-44.575,1.06581410364E-14));
#1326 = VECTOR('',#1327,1.);
#1327 = DIRECTION('',(0.,-1.,0.));
#1328 = ORIENTED_EDGE('',*,*,#1329,.F.);
#1329 = EDGE_CURVE('',#1330,#1322,#1332,.T.);
#1330 = VERTEX_POINT('',#1331);
#1331 = CARTESIAN_POINT('',(-27.47702923683,45.003063604381,0.));
#1332 = CIRCLE('',#1333,2.);
#1333 = AXIS2_PLACEMENT_3D('',#1334,#1335,#1336);
#1334 = CARTESIAN_POINT('',(-25.48851461841,44.78903180219,0.));
#1335 = DIRECTION('',(0.,0.,1.));
#1336 = DIRECTION('',(1.,0.,0.));
#1337 = ORIENTED_EDGE('',*,*,#1338,.F.);
#1338 = EDGE_CURVE('',#1339,#1330,#1341,.T.);
#1339 = VERTEX_POINT('',#1340);
#1340 = CARTESIAN_POINT('',(-23.5,48.575,0.));
#1341 = CIRCLE('',#1342,4.);
#1342 = AXIS2_PLACEMENT_3D('',#1343,#1344,#1345);
#1343 = CARTESIAN_POINT('',(-23.5,44.575,0.));
#1344 = DIRECTION('',(0.,0.,1.));
#1345 = DIRECTION('',(1.,0.,0.));
#1346 = ORIENTED_EDGE('',*,*,#1347,.T.);
#1347 = EDGE_CURVE('',#1339,#1348,#1350,.T.);
#1348 = VERTEX_POINT('',#1349);
#1349 = CARTESIAN_POINT('',(5.696969722018,48.575,0.));
#1350 = LINE('',#1351,#1352);
#1351 = CARTESIAN_POINT('',(-23.5,48.575,0.));
#1352 = VECTOR('',#1353,1.);
#1353 = DIRECTION('',(1.,0.,0.));
#1354 = ORIENTED_EDGE('',*,*,#1355,.F.);
#1355 = EDGE_CURVE('',#520,#1348,#1356,.T.);
#1356 = CIRCLE('',#1357,2.);
#1357 = AXIS2_PLACEMENT_3D('',#1358,#1359,#1360);
#1358 = CARTESIAN_POINT('',(5.696969722018,46.575,0.));
#1359 = DIRECTION('',(0.,0.,1.));
#1360 = DIRECTION('',(1.,0.,0.));
#1361 = ORIENTED_EDGE('',*,*,#527,.F.);
#1362 = ORIENTED_EDGE('',*,*,#592,.F.);
#1363 = ORIENTED_EDGE('',*,*,#1364,.T.);
#1364 = EDGE_CURVE('',#582,#1365,#1367,.T.);
#1365 = VERTEX_POINT('',#1366);
#1366 = CARTESIAN_POINT('',(9.232964100208,49.765808929721,
    5.329070518201E-15));
#1367 = B_SPLINE_CURVE_WITH_KNOTS('',4,(#1368,#1369,#1370,#1371,#1372,
    #1373,#1374,#1375,#1376,#1377,#1378,#1379,#1380,#1381,#1382,#1383,
    #1384,#1385,#1386,#1387,#1388,#1389,#1390,#1391,#1392,#1393,#1394,
    #1395,#1396,#1397,#1398,#1399,#1400,#1401,#1402,#1403,#1404,#1405,
    #1406,#1407,#1408,#1409,#1410,#1411,#1412,#1413,#1414,#1415,#1416,
    #1417,#1418,#1419,#1420,#1421,#1422,#1423),.UNSPECIFIED.,.F.,.F.,(5,
    3,3,3,3,3,3,3,3,3,3,3,3,3,3,3,3,3,5),(0.,5.000003563025E-02,
    0.108000087299,0.16400014756,0.220000217793,0.274000294728,
    0.344000407432,0.402000511576,0.460000625012,0.510000729935,
    0.568000859477,0.624000992099,0.672001111317,0.720001235306,
    0.778001391002,0.828001529974,0.904001748564,0.948001878788,1.),
  .UNSPECIFIED.);
#1368 = CARTESIAN_POINT('',(10.23,49.375000000001,5.329070518201E-15));
#1369 = CARTESIAN_POINT('',(10.216521768291,49.376367448833,
    5.329070518201E-15));
#1370 = CARTESIAN_POINT('',(10.203055886452,49.377857349034,
    5.329070518201E-15));
#1371 = CARTESIAN_POINT('',(10.189604013464,49.379469532289,
    5.329070518201E-15));
#1372 = CARTESIAN_POINT('',(10.160581796377,49.383215518801,
    5.329070518201E-15));
#1373 = CARTESIAN_POINT('',(10.145016865203,49.38539150938,
    5.329070518201E-15));
#1374 = CARTESIAN_POINT('',(10.129475591108,49.387731423671,
    5.329070518201E-15));
#1375 = CARTESIAN_POINT('',(10.098980495416,49.392651945908,
    5.329070518201E-15));
#1376 = CARTESIAN_POINT('',(10.084024896161,49.395221471861,
    5.329070518201E-15));
#1377 = CARTESIAN_POINT('',(10.069096059024,49.397943051689,
    5.329070518201E-15));
#1378 = CARTESIAN_POINT('',(10.039296507446,49.403689432358,
    5.329070518201E-15));
#1379 = CARTESIAN_POINT('',(10.024425792917,49.406714233272,
    5.329070518201E-15));
#1380 = CARTESIAN_POINT('',(10.009586441534,49.40989020088,
    5.329070518201E-15));
#1381 = CARTESIAN_POINT('',(9.98050380977,49.416424634879,
    5.329070518201E-15));
#1382 = CARTESIAN_POINT('',(9.966258168721,49.419772532564,
    5.329070518201E-15));
#1383 = CARTESIAN_POINT('',(9.952045865914,49.423260054056,
    5.329070518201E-15));
#1384 = CARTESIAN_POINT('',(9.919491432519,49.431587859628,
    5.329070518201E-15));
#1385 = CARTESIAN_POINT('',(9.901173369381,49.43652278741,
    5.329070518201E-15));
#1386 = CARTESIAN_POINT('',(9.882919181199,49.441690327785,
    5.329070518201E-15));
#1387 = CARTESIAN_POINT('',(9.849664914523,49.451562512217,
    5.329070518201E-15));
#1388 = CARTESIAN_POINT('',(9.834643437644,49.456194647766,
    5.329070518201E-15));
#1389 = CARTESIAN_POINT('',(9.819671320763,49.460984843922,
    5.329070518201E-15));
#1390 = CARTESIAN_POINT('',(9.789830747078,49.470879719364,
    5.329070518201E-15));
#1391 = CARTESIAN_POINT('',(9.774962290176,49.475984398737,
    5.329070518201E-15));
#1392 = CARTESIAN_POINT('',(9.760148135648,49.481245499924,
    5.329070518201E-15));
#1393 = CARTESIAN_POINT('',(9.732668822583,49.491331631484,
    5.329070518201E-15));
#1394 = CARTESIAN_POINT('',(9.719989089348,49.496116717412,
    5.329070518201E-15));
#1395 = CARTESIAN_POINT('',(9.707353093941,49.501016808805,
    5.329070518201E-15));
#1396 = CARTESIAN_POINT('',(9.680157163046,49.511848085623,
    5.329070518201E-15));
#1397 = CARTESIAN_POINT('',(9.665612878868,49.517818803707,
    5.329070518201E-15));
#1398 = CARTESIAN_POINT('',(9.651131952626,49.523942479267,
    5.329070518201E-15));
#1399 = CARTESIAN_POINT('',(9.622798664495,49.536277267532,
    5.329070518201E-15));
#1400 = CARTESIAN_POINT('',(9.608941846527,49.542478083851,
    5.329070518201E-15));
#1401 = CARTESIAN_POINT('',(9.595148466986,49.54881958628,
    5.329070518201E-15));
#1402 = CARTESIAN_POINT('',(9.569653939983,49.560856078603,
    5.329070518201E-15));
#1403 = CARTESIAN_POINT('',(9.557935399528,49.566514009155,
    5.329070518201E-15));
#1404 = CARTESIAN_POINT('',(9.546266358885,49.572273935595,
    5.329070518201E-15));
#1405 = CARTESIAN_POINT('',(9.523029911908,49.583996451078,
    5.329070518201E-15));
#1406 = CARTESIAN_POINT('',(9.511462505544,49.589959040164,
    5.329070518201E-15));
#1407 = CARTESIAN_POINT('',(9.499947234802,49.596022295426,
    5.329070518201E-15));
#1408 = CARTESIAN_POINT('',(9.474635681247,49.609632745447,
    5.329070518201E-15));
#1409 = CARTESIAN_POINT('',(9.460863982548,49.617225932063,
    5.329070518201E-15));
#1410 = CARTESIAN_POINT('',(9.447172597689,49.624963844102,
    5.329070518201E-15));
#1411 = CARTESIAN_POINT('',(9.421832040793,49.639639428622,
    5.329070518201E-15));
#1412 = CARTESIAN_POINT('',(9.410161662213,49.646540265572,
    5.329070518201E-15));
#1413 = CARTESIAN_POINT('',(9.398554088973,49.653546850753,
    5.329070518201E-15));
#1414 = CARTESIAN_POINT('',(9.36946485266,49.671467726179,
    5.329070518201E-15));
#1415 = CARTESIAN_POINT('',(9.352067351335,49.682519442088,
    5.329070518201E-15));
#1416 = CARTESIAN_POINT('',(9.334823228121,49.693810382268,
    5.329070518201E-15));
#1417 = CARTESIAN_POINT('',(9.307845512986,49.712010729326,
    5.329070518201E-15));
#1418 = CARTESIAN_POINT('',(9.298006721561,49.718763274704,
    5.329070518201E-15));
#1419 = CARTESIAN_POINT('',(9.28822191097,49.725594268429,
    5.329070518201E-15));
#1420 = CARTESIAN_POINT('',(9.266993482642,49.740667658824,
    5.329070518201E-15));
#1421 = CARTESIAN_POINT('',(9.25557164065,49.748940905807,
    5.329070518201E-15));
#1422 = CARTESIAN_POINT('',(9.244228013351,49.757321706048,
    5.329070518201E-15));
#1423 = CARTESIAN_POINT('',(9.232964100208,49.765808929721,
    5.329070518201E-15));
#1424 = ORIENTED_EDGE('',*,*,#1425,.T.);
#1425 = EDGE_CURVE('',#1365,#685,#1426,.T.);
#1426 = LINE('',#1427,#1428);
#1427 = CARTESIAN_POINT('',(13.099970818835,48.354149287803,
    5.329070518201E-15));
#1428 = VECTOR('',#1429,1.);
#1429 = DIRECTION('',(-0.939365514012,0.342917528111,5.044606230696E-34)
  );
#1430 = ORIENTED_EDGE('',*,*,#692,.T.);
#1431 = ORIENTED_EDGE('',*,*,#1432,.T.);
#1432 = EDGE_CURVE('',#693,#1287,#1433,.T.);
#1433 = CIRCLE('',#1434,5.3);
#1434 = AXIS2_PLACEMENT_3D('',#1435,#1436,#1437);
#1435 = CARTESIAN_POINT('',(-23.5,44.575,1.06581410364E-14));
#1436 = DIRECTION('',(0.,0.,1.));
#1437 = DIRECTION('',(1.,0.,0.));
#1438 = PLANE('',#1439);
#1439 = AXIS2_PLACEMENT_3D('',#1440,#1441,#1442);
#1440 = CARTESIAN_POINT('',(1.862364421973E-15,-1.489891537578E-15,
    5.329070518201E-15));
#1441 = DIRECTION('',(-5.033576432395E-33,-1.525972954673E-32,1.));
#1442 = DIRECTION('',(-1.979224569427E-81,1.,1.525972954673E-32));
#1443 = ADVANCED_FACE('',(#1444),#1469,.F.);
#1444 = FACE_BOUND('',#1445,.F.);
#1445 = EDGE_LOOP('',(#1446,#1454,#1462,#1468));
#1446 = ORIENTED_EDGE('',*,*,#1447,.T.);
#1447 = EDGE_CURVE('',#512,#1448,#1450,.T.);
#1448 = VERTEX_POINT('',#1449);
#1449 = CARTESIAN_POINT('',(-23.5,47.375,1.));
#1450 = LINE('',#1451,#1452);
#1451 = CARTESIAN_POINT('',(-23.5,47.375,0.));
#1452 = VECTOR('',#1453,1.);
#1453 = DIRECTION('',(0.,0.,1.));
#1454 = ORIENTED_EDGE('',*,*,#1455,.T.);
#1455 = EDGE_CURVE('',#1448,#1456,#1458,.T.);
#1456 = VERTEX_POINT('',#1457);
#1457 = CARTESIAN_POINT('',(7.53,47.375,1.));
#1458 = LINE('',#1459,#1460);
#1459 = CARTESIAN_POINT('',(-23.5,47.375,1.));
#1460 = VECTOR('',#1461,1.);
#1461 = DIRECTION('',(1.,0.,0.));
#1462 = ORIENTED_EDGE('',*,*,#1463,.F.);
#1463 = EDGE_CURVE('',#520,#1456,#1464,.T.);
#1464 = LINE('',#1465,#1466);
#1465 = CARTESIAN_POINT('',(7.53,47.375,0.));
#1466 = VECTOR('',#1467,1.);
#1467 = DIRECTION('',(0.,0.,1.));
#1468 = ORIENTED_EDGE('',*,*,#519,.T.);
#1469 = PLANE('',#1470);
#1470 = AXIS2_PLACEMENT_3D('',#1471,#1472,#1473);
#1471 = CARTESIAN_POINT('',(-23.5,47.375,0.));
#1472 = DIRECTION('',(0.,1.,0.));
#1473 = DIRECTION('',(1.,0.,0.));
#1474 = ADVANCED_FACE('',(#1475),#1502,.F.);
#1475 = FACE_BOUND('',#1476,.F.);
#1476 = EDGE_LOOP('',(#1477,#1486,#1487,#1496));
#1477 = ORIENTED_EDGE('',*,*,#1478,.F.);
#1478 = EDGE_CURVE('',#512,#1479,#1481,.T.);
#1479 = VERTEX_POINT('',#1480);
#1480 = CARTESIAN_POINT('',(-26.3,44.575,1.06581410364E-14));
#1481 = CIRCLE('',#1482,2.8);
#1482 = AXIS2_PLACEMENT_3D('',#1483,#1484,#1485);
#1483 = CARTESIAN_POINT('',(-23.5,44.575,1.06581410364E-14));
#1484 = DIRECTION('',(0.,0.,1.));
#1485 = DIRECTION('',(1.,0.,0.));
#1486 = ORIENTED_EDGE('',*,*,#511,.F.);
#1487 = ORIENTED_EDGE('',*,*,#1488,.T.);
#1488 = EDGE_CURVE('',#504,#1489,#1491,.T.);
#1489 = VERTEX_POINT('',#1490);
#1490 = CARTESIAN_POINT('',(-26.3,44.575,-1.6));
#1491 = CIRCLE('',#1492,2.8);
#1492 = AXIS2_PLACEMENT_3D('',#1493,#1494,#1495);
#1493 = CARTESIAN_POINT('',(-23.5,44.575,-1.6));
#1494 = DIRECTION('',(0.,0.,1.));
#1495 = DIRECTION('',(1.,0.,0.));
#1496 = ORIENTED_EDGE('',*,*,#1497,.T.);
#1497 = EDGE_CURVE('',#1489,#1479,#1498,.T.);
#1498 = LINE('',#1499,#1500);
#1499 = CARTESIAN_POINT('',(-26.3,44.575,1.06581410364E-14));
#1500 = VECTOR('',#1501,1.);
#1501 = DIRECTION('',(0.,0.,1.));
#1502 = CYLINDRICAL_SURFACE('',#1503,2.8);
#1503 = AXIS2_PLACEMENT_3D('',#1504,#1505,#1506);
#1504 = CARTESIAN_POINT('',(-23.5,44.575,1.06581410364E-14));
#1505 = DIRECTION('',(0.,0.,1.));
#1506 = DIRECTION('',(1.,0.,0.));
#1507 = ADVANCED_FACE('',(#1508,#1569),#1580,.T.);
#1508 = FACE_BOUND('',#1509,.T.);
#1509 = EDGE_LOOP('',(#1510,#1520,#1528,#1537,#1545,#1552,#1553,#1554,
    #1562));
#1510 = ORIENTED_EDGE('',*,*,#1511,.F.);
#1511 = EDGE_CURVE('',#1512,#1514,#1516,.T.);
#1512 = VERTEX_POINT('',#1513);
#1513 = CARTESIAN_POINT('',(-24.3,41.775,-1.6));
#1514 = VERTEX_POINT('',#1515);
#1515 = CARTESIAN_POINT('',(-25.4,41.775,-1.6));
#1516 = LINE('',#1517,#1518);
#1517 = CARTESIAN_POINT('',(-12.15,41.775,-1.6));
#1518 = VECTOR('',#1519,1.);
#1519 = DIRECTION('',(-1.,0.,2.895299245675E-33));
#1520 = ORIENTED_EDGE('',*,*,#1521,.T.);
#1521 = EDGE_CURVE('',#1512,#1522,#1524,.T.);
#1522 = VERTEX_POINT('',#1523);
#1523 = CARTESIAN_POINT('',(-23.5,41.775,-1.6));
#1524 = LINE('',#1525,#1526);
#1525 = CARTESIAN_POINT('',(-24.3,41.775,-1.6));
#1526 = VECTOR('',#1527,1.);
#1527 = DIRECTION('',(1.,0.,0.));
#1528 = ORIENTED_EDGE('',*,*,#1529,.T.);
#1529 = EDGE_CURVE('',#1522,#1530,#1532,.T.);
#1530 = VERTEX_POINT('',#1531);
#1531 = CARTESIAN_POINT('',(-20.7,44.575,-1.6));
#1532 = CIRCLE('',#1533,2.8);
#1533 = AXIS2_PLACEMENT_3D('',#1534,#1535,#1536);
#1534 = CARTESIAN_POINT('',(-23.5,44.575,-1.6));
#1535 = DIRECTION('',(0.,0.,1.));
#1536 = DIRECTION('',(1.,0.,0.));
#1537 = ORIENTED_EDGE('',*,*,#1538,.T.);
#1538 = EDGE_CURVE('',#1530,#1539,#1541,.T.);
#1539 = VERTEX_POINT('',#1540);
#1540 = CARTESIAN_POINT('',(-20.7,45.375,-1.6));
#1541 = LINE('',#1542,#1543);
#1542 = CARTESIAN_POINT('',(-20.7,44.575,-1.6));
#1543 = VECTOR('',#1544,1.);
#1544 = DIRECTION('',(0.,1.,0.));
#1545 = ORIENTED_EDGE('',*,*,#1546,.F.);
#1546 = EDGE_CURVE('',#496,#1539,#1547,.T.);
#1547 = CIRCLE('',#1548,2.);
#1548 = AXIS2_PLACEMENT_3D('',#1549,#1550,#1551);
#1549 = CARTESIAN_POINT('',(-18.7,45.375,-1.6));
#1550 = DIRECTION('',(0.,0.,1.));
#1551 = DIRECTION('',(1.,0.,0.));
#1552 = ORIENTED_EDGE('',*,*,#503,.T.);
#1553 = ORIENTED_EDGE('',*,*,#1488,.T.);
#1554 = ORIENTED_EDGE('',*,*,#1555,.T.);
#1555 = EDGE_CURVE('',#1489,#1556,#1558,.T.);
#1556 = VERTEX_POINT('',#1557);
#1557 = CARTESIAN_POINT('',(-26.3,41.561057109949,-1.6));
#1558 = LINE('',#1559,#1560);
#1559 = CARTESIAN_POINT('',(-26.3,44.575,-1.6));
#1560 = VECTOR('',#1561,1.);
#1561 = DIRECTION('',(0.,-1.,0.));
#1562 = ORIENTED_EDGE('',*,*,#1563,.F.);
#1563 = EDGE_CURVE('',#1514,#1556,#1564,.T.);
#1564 = CIRCLE('',#1565,2.);
#1565 = AXIS2_PLACEMENT_3D('',#1566,#1567,#1568);
#1566 = CARTESIAN_POINT('',(-25.4,39.775,-1.6));
#1567 = DIRECTION('',(0.,0.,1.));
#1568 = DIRECTION('',(1.,0.,0.));
#1569 = FACE_BOUND('',#1570,.T.);
#1570 = EDGE_LOOP('',(#1571));
#1571 = ORIENTED_EDGE('',*,*,#1572,.F.);
#1572 = EDGE_CURVE('',#1573,#1573,#1575,.T.);
#1573 = VERTEX_POINT('',#1574);
#1574 = CARTESIAN_POINT('',(-24.6,44.475,-1.6));
#1575 = CIRCLE('',#1576,1.2);
#1576 = AXIS2_PLACEMENT_3D('',#1577,#1578,#1579);
#1577 = CARTESIAN_POINT('',(-23.4,44.475,-1.6));
#1578 = DIRECTION('',(0.,0.,1.));
#1579 = DIRECTION('',(-1.,0.,0.));
#1580 = PLANE('',#1581);
#1581 = AXIS2_PLACEMENT_3D('',#1582,#1583,#1584);
#1582 = CARTESIAN_POINT('',(1.801328663914E-14,-1.132846921781E-14,-1.6)
  );
#1583 = DIRECTION('',(2.895299245675E-33,1.613015563139E-33,1.));
#1584 = DIRECTION('',(1.,0.,-2.895299245675E-33));
#1585 = ADVANCED_FACE('',(#1586),#1605,.F.);
#1586 = FACE_BOUND('',#1587,.T.);
#1587 = EDGE_LOOP('',(#1588,#1589,#1590,#1598));
#1588 = ORIENTED_EDGE('',*,*,#495,.T.);
#1589 = ORIENTED_EDGE('',*,*,#1546,.T.);
#1590 = ORIENTED_EDGE('',*,*,#1591,.F.);
#1591 = EDGE_CURVE('',#1592,#1539,#1594,.T.);
#1592 = VERTEX_POINT('',#1593);
#1593 = CARTESIAN_POINT('',(-20.7,45.375,-7.6));
#1594 = LINE('',#1595,#1596);
#1595 = CARTESIAN_POINT('',(-20.7,45.375,-9.6));
#1596 = VECTOR('',#1597,1.);
#1597 = DIRECTION('',(2.895299245675E-33,1.613015563139E-33,1.));
#1598 = ORIENTED_EDGE('',*,*,#1599,.F.);
#1599 = EDGE_CURVE('',#488,#1592,#1600,.T.);
#1600 = CIRCLE('',#1601,2.);
#1601 = AXIS2_PLACEMENT_3D('',#1602,#1603,#1604);
#1602 = CARTESIAN_POINT('',(-18.7,45.375,-7.6));
#1603 = DIRECTION('',(7.548369822181E-34,-9.336947708948E-34,1.));
#1604 = DIRECTION('',(7.548369822181E-34,1.,9.336947708948E-34));
#1605 = CYLINDRICAL_SURFACE('',#1606,2.);
#1606 = AXIS2_PLACEMENT_3D('',#1607,#1608,#1609);
#1607 = CARTESIAN_POINT('',(-18.7,45.375,-9.6));
#1608 = DIRECTION('',(-0.,-0.,-1.));
#1609 = DIRECTION('',(1.,0.,0.));
#1610 = ADVANCED_FACE('',(#1611),#1631,.F.);
#1611 = FACE_BOUND('',#1612,.F.);
#1612 = EDGE_LOOP('',(#1613,#1614,#1623,#1630));
#1613 = ORIENTED_EDGE('',*,*,#581,.T.);
#1614 = ORIENTED_EDGE('',*,*,#1615,.T.);
#1615 = EDGE_CURVE('',#582,#1616,#1618,.T.);
#1616 = VERTEX_POINT('',#1617);
#1617 = CARTESIAN_POINT('',(9.232964100208,49.765808929721,
    -7.693773148277E-02));
#1618 = CIRCLE('',#1619,2.);
#1619 = AXIS2_PLACEMENT_3D('',#1620,#1621,#1622);
#1620 = CARTESIAN_POINT('',(10.430686937452,51.364845453203,
    1.548630065272E-02));
#1621 = DIRECTION('',(7.693773148277E-02,0.,-0.997035899792));
#1622 = DIRECTION('',(-0.997035899792,0.,-7.693773148277E-02));
#1623 = ORIENTED_EDGE('',*,*,#1624,.F.);
#1624 = EDGE_CURVE('',#607,#1616,#1625,.T.);
#1625 = CIRCLE('',#1626,4.109216027874);
#1626 = AXIS2_PLACEMENT_3D('',#1627,#1628,#1629);
#1627 = CARTESIAN_POINT('',(13.33,49.765808929721,0.239216027875));
#1628 = DIRECTION('',(0.,1.,-0.));
#1629 = DIRECTION('',(-1.,0.,0.));
#1630 = ORIENTED_EDGE('',*,*,#606,.F.);
#1631 = TOROIDAL_SURFACE('',#1632,2.907932465775,2.);
#1632 = AXIS2_PLACEMENT_3D('',#1633,#1634,#1635);
#1633 = CARTESIAN_POINT('',(13.33,51.364845453203,0.239216027875));
#1634 = DIRECTION('',(0.,1.,0.));
#1635 = DIRECTION('',(-1.,0.,0.));
#1636 = ADVANCED_FACE('',(#1637),#1648,.F.);
#1637 = FACE_BOUND('',#1638,.F.);
#1638 = EDGE_LOOP('',(#1639,#1640,#1646,#1647));
#1639 = ORIENTED_EDGE('',*,*,#1624,.T.);
#1640 = ORIENTED_EDGE('',*,*,#1641,.T.);
#1641 = EDGE_CURVE('',#1616,#676,#1642,.T.);
#1642 = LINE('',#1643,#1644);
#1643 = CARTESIAN_POINT('',(9.232964100208,49.765808929721,
    -7.693773148277E-02));
#1644 = VECTOR('',#1645,1.);
#1645 = DIRECTION('',(-0.936907277694,0.342020143324,-7.229781853442E-02
    ));
#1646 = ORIENTED_EDGE('',*,*,#675,.F.);
#1647 = ORIENTED_EDGE('',*,*,#643,.F.);
#1648 = CONICAL_SURFACE('',#1649,4.109216027874,1.221730476398);
#1649 = AXIS2_PLACEMENT_3D('',#1650,#1651,#1652);
#1650 = CARTESIAN_POINT('',(13.33,49.765808929721,0.239216027875));
#1651 = DIRECTION('',(0.,1.,0.));
#1652 = DIRECTION('',(-1.,0.,-4.32286068036E-16));
#1653 = ADVANCED_FACE('',(#1654),#1679,.F.);
#1654 = FACE_BOUND('',#1655,.F.);
#1655 = EDGE_LOOP('',(#1656,#1666,#1672,#1673));
#1656 = ORIENTED_EDGE('',*,*,#1657,.F.);
#1657 = EDGE_CURVE('',#1658,#1660,#1662,.T.);
#1658 = VERTEX_POINT('',#1659);
#1659 = CARTESIAN_POINT('',(23.5,48.375,-10.6));
#1660 = VERTEX_POINT('',#1661);
#1661 = CARTESIAN_POINT('',(-23.5,48.375,-10.6));
#1662 = LINE('',#1663,#1664);
#1663 = CARTESIAN_POINT('',(-23.5,48.375,-10.6));
#1664 = VECTOR('',#1665,1.);
#1665 = DIRECTION('',(-1.,1.271035289593E-15,0.));
#1666 = ORIENTED_EDGE('',*,*,#1667,.T.);
#1667 = EDGE_CURVE('',#1658,#658,#1668,.T.);
#1668 = LINE('',#1669,#1670);
#1669 = CARTESIAN_POINT('',(23.5,48.375,-10.6));
#1670 = VECTOR('',#1671,1.);
#1671 = DIRECTION('',(3.573162945485E-16,0.707106781187,0.707106781187)
  );
#1672 = ORIENTED_EDGE('',*,*,#657,.T.);
#1673 = ORIENTED_EDGE('',*,*,#1674,.F.);
#1674 = EDGE_CURVE('',#1660,#660,#1675,.T.);
#1675 = LINE('',#1676,#1677);
#1676 = CARTESIAN_POINT('',(-23.5,48.375,-10.6));
#1677 = VECTOR('',#1678,1.);
#1678 = DIRECTION('',(-4.277299347934E-16,0.707106781187,0.707106781187)
  );
#1679 = PLANE('',#1680);
#1680 = AXIS2_PLACEMENT_3D('',#1681,#1682,#1683);
#1681 = CARTESIAN_POINT('',(-23.5,48.375,-10.6));
#1682 = DIRECTION('',(0.,-0.707106781187,0.707106781187));
#1683 = DIRECTION('',(1.055766918267E-15,0.707106781187,0.707106781187)
  );
#1684 = ADVANCED_FACE('',(#1685),#1704,.T.);
#1685 = FACE_BOUND('',#1686,.T.);
#1686 = EDGE_LOOP('',(#1687,#1696,#1702,#1703));
#1687 = ORIENTED_EDGE('',*,*,#1688,.T.);
#1688 = EDGE_CURVE('',#660,#1689,#1691,.T.);
#1689 = VERTEX_POINT('',#1690);
#1690 = CARTESIAN_POINT('',(-28.8,44.575,-9.1));
#1691 = CIRCLE('',#1692,5.3);
#1692 = AXIS2_PLACEMENT_3D('',#1693,#1694,#1695);
#1693 = CARTESIAN_POINT('',(-23.5,44.575,-9.1));
#1694 = DIRECTION('',(0.,0.,1.));
#1695 = DIRECTION('',(1.,0.,0.));
#1696 = ORIENTED_EDGE('',*,*,#1697,.T.);
#1697 = EDGE_CURVE('',#1689,#1287,#1698,.T.);
#1698 = LINE('',#1699,#1700);
#1699 = CARTESIAN_POINT('',(-28.8,44.575,-9.1));
#1700 = VECTOR('',#1701,1.);
#1701 = DIRECTION('',(0.,0.,1.));
#1702 = ORIENTED_EDGE('',*,*,#1432,.F.);
#1703 = ORIENTED_EDGE('',*,*,#700,.F.);
#1704 = CYLINDRICAL_SURFACE('',#1705,5.3);
#1705 = AXIS2_PLACEMENT_3D('',#1706,#1707,#1708);
#1706 = CARTESIAN_POINT('',(-23.5,44.575,-9.1));
#1707 = DIRECTION('',(0.,0.,1.));
#1708 = DIRECTION('',(1.,0.,0.));
#1709 = ADVANCED_FACE('',(#1710),#1721,.T.);
#1710 = FACE_BOUND('',#1711,.T.);
#1711 = EDGE_LOOP('',(#1712,#1718,#1719,#1720));
#1712 = ORIENTED_EDGE('',*,*,#1713,.F.);
#1713 = EDGE_CURVE('',#1616,#1365,#1714,.T.);
#1714 = LINE('',#1715,#1716);
#1715 = CARTESIAN_POINT('',(9.232964100208,49.765808929721,
    -7.693773148277E-02));
#1716 = VECTOR('',#1717,1.);
#1717 = DIRECTION('',(0.,0.,1.));
#1718 = ORIENTED_EDGE('',*,*,#1641,.T.);
#1719 = ORIENTED_EDGE('',*,*,#684,.T.);
#1720 = ORIENTED_EDGE('',*,*,#1425,.F.);
#1721 = PLANE('',#1722);
#1722 = AXIS2_PLACEMENT_3D('',#1723,#1724,#1725);
#1723 = CARTESIAN_POINT('',(9.083408715239,49.82040446486,
    2.65216087948E-02));
#1724 = DIRECTION('',(0.342917528111,0.939365514012,0.));
#1725 = DIRECTION('',(-0.936907277694,0.342020143324,-7.229781853442E-02
    ));
#1726 = ADVANCED_FACE('',(#1727),#1746,.T.);
#1727 = FACE_BOUND('',#1728,.T.);
#1728 = EDGE_LOOP('',(#1729,#1738,#1739,#1740));
#1729 = ORIENTED_EDGE('',*,*,#1730,.T.);
#1730 = EDGE_CURVE('',#1731,#1658,#1733,.T.);
#1731 = VERTEX_POINT('',#1732);
#1732 = CARTESIAN_POINT('',(27.3,44.575,-10.6));
#1733 = CIRCLE('',#1734,3.8);
#1734 = AXIS2_PLACEMENT_3D('',#1735,#1736,#1737);
#1735 = CARTESIAN_POINT('',(23.5,44.575,-10.6));
#1736 = DIRECTION('',(0.,0.,1.));
#1737 = DIRECTION('',(1.,0.,0.));
#1738 = ORIENTED_EDGE('',*,*,#1667,.T.);
#1739 = ORIENTED_EDGE('',*,*,#714,.F.);
#1740 = ORIENTED_EDGE('',*,*,#1741,.F.);
#1741 = EDGE_CURVE('',#1731,#715,#1742,.T.);
#1742 = LINE('',#1743,#1744);
#1743 = CARTESIAN_POINT('',(27.3,44.575,-10.6));
#1744 = VECTOR('',#1745,1.);
#1745 = DIRECTION('',(0.707106781187,-8.716418349654E-16,0.707106781187)
  );
#1746 = CONICAL_SURFACE('',#1747,3.8,0.785398163397);
#1747 = AXIS2_PLACEMENT_3D('',#1748,#1749,#1750);
#1748 = CARTESIAN_POINT('',(23.5,44.575,-10.6));
#1749 = DIRECTION('',(0.,0.,1.));
#1750 = DIRECTION('',(1.,0.,0.));
#1751 = ADVANCED_FACE('',(#1752),#1763,.F.);
#1752 = FACE_BOUND('',#1753,.F.);
#1753 = EDGE_LOOP('',(#1754,#1760,#1761,#1762));
#1754 = ORIENTED_EDGE('',*,*,#1755,.F.);
#1755 = EDGE_CURVE('',#816,#766,#1756,.T.);
#1756 = LINE('',#1757,#1758);
#1757 = CARTESIAN_POINT('',(28.55,22.975,-4.1));
#1758 = VECTOR('',#1759,1.);
#1759 = DIRECTION('',(0.707106781187,-1.299371769759E-15,-0.707106781187
    ));
#1760 = ORIENTED_EDGE('',*,*,#823,.T.);
#1761 = ORIENTED_EDGE('',*,*,#797,.T.);
#1762 = ORIENTED_EDGE('',*,*,#774,.F.);
#1763 = PLANE('',#1764);
#1764 = AXIS2_PLACEMENT_3D('',#1765,#1766,#1767);
#1765 = CARTESIAN_POINT('',(28.675,22.975,-4.225));
#1766 = DIRECTION('',(-0.707106781187,-1.381268548781E-15,
    -0.707106781187));
#1767 = DIRECTION('',(4.966527449253E-18,1.,-1.958375242414E-15));
#1768 = ADVANCED_FACE('',(#1769),#1787,.F.);
#1769 = FACE_BOUND('',#1770,.F.);
#1770 = EDGE_LOOP('',(#1771,#1779,#1785,#1786));
#1771 = ORIENTED_EDGE('',*,*,#1772,.F.);
#1772 = EDGE_CURVE('',#1773,#1731,#1775,.T.);
#1773 = VERTEX_POINT('',#1774);
#1774 = CARTESIAN_POINT('',(27.3,-44.575,-10.6));
#1775 = LINE('',#1776,#1777);
#1776 = CARTESIAN_POINT('',(27.3,44.575,-10.6));
#1777 = VECTOR('',#1778,1.);
#1778 = DIRECTION('',(1.010643099615E-15,1.,0.));
#1779 = ORIENTED_EDGE('',*,*,#1780,.T.);
#1780 = EDGE_CURVE('',#1773,#742,#1781,.T.);
#1781 = LINE('',#1782,#1783);
#1782 = CARTESIAN_POINT('',(27.3,-44.575,-10.6));
#1783 = VECTOR('',#1784,1.);
#1784 = DIRECTION('',(0.707106781187,-1.731912112471E-16,0.707106781187)
  );
#1785 = ORIENTED_EDGE('',*,*,#741,.T.);
#1786 = ORIENTED_EDGE('',*,*,#1741,.F.);
#1787 = PLANE('',#1788);
#1788 = AXIS2_PLACEMENT_3D('',#1789,#1790,#1791);
#1789 = CARTESIAN_POINT('',(27.3,44.575,-10.6));
#1790 = DIRECTION('',(-0.707106781187,0.,0.707106781187));
#1791 = DIRECTION('',(0.707106781187,-8.716418349654E-16,0.707106781187)
  );
#1792 = ADVANCED_FACE('',(#1793),#1799,.F.);
#1793 = FACE_BOUND('',#1794,.F.);
#1794 = EDGE_LOOP('',(#1795,#1796,#1797,#1798));
#1795 = ORIENTED_EDGE('',*,*,#838,.F.);
#1796 = ORIENTED_EDGE('',*,*,#973,.T.);
#1797 = ORIENTED_EDGE('',*,*,#1755,.T.);
#1798 = ORIENTED_EDGE('',*,*,#765,.F.);
#1799 = CONICAL_SURFACE('',#1800,4.1,0.785398163397);
#1800 = AXIS2_PLACEMENT_3D('',#1801,#1802,#1803);
#1801 = CARTESIAN_POINT('',(28.55,22.975,0.));
#1802 = DIRECTION('',(1.,0.,2.244078477742E-31));
#1803 = DIRECTION('',(0.,-1.,0.));
#1804 = ADVANCED_FACE('',(#1805),#1824,.T.);
#1805 = FACE_BOUND('',#1806,.T.);
#1806 = EDGE_LOOP('',(#1807,#1816,#1817,#1818));
#1807 = ORIENTED_EDGE('',*,*,#1808,.T.);
#1808 = EDGE_CURVE('',#1809,#742,#1811,.T.);
#1809 = VERTEX_POINT('',#1810);
#1810 = CARTESIAN_POINT('',(23.5,-49.875,-9.1));
#1811 = CIRCLE('',#1812,5.3);
#1812 = AXIS2_PLACEMENT_3D('',#1813,#1814,#1815);
#1813 = CARTESIAN_POINT('',(23.5,-44.575,-9.1));
#1814 = DIRECTION('',(0.,0.,1.));
#1815 = DIRECTION('',(1.,0.,0.));
#1816 = ORIENTED_EDGE('',*,*,#749,.T.);
#1817 = ORIENTED_EDGE('',*,*,#954,.F.);
#1818 = ORIENTED_EDGE('',*,*,#1819,.F.);
#1819 = EDGE_CURVE('',#1809,#947,#1820,.T.);
#1820 = LINE('',#1821,#1822);
#1821 = CARTESIAN_POINT('',(23.5,-49.875,-9.1));
#1822 = VECTOR('',#1823,1.);
#1823 = DIRECTION('',(-2.22044604925E-16,2.108115370397E-31,1.));
#1824 = CYLINDRICAL_SURFACE('',#1825,5.3);
#1825 = AXIS2_PLACEMENT_3D('',#1826,#1827,#1828);
#1826 = CARTESIAN_POINT('',(23.5,-44.575,-9.1));
#1827 = DIRECTION('',(0.,0.,1.));
#1828 = DIRECTION('',(1.,0.,0.));
#1829 = ADVANCED_FACE('',(#1830),#1898,.F.);
#1830 = FACE_BOUND('',#1831,.F.);
#1831 = EDGE_LOOP('',(#1832,#1840,#1848,#1856,#1864,#1873,#1881,#1890,
    #1896,#1897));
#1832 = ORIENTED_EDGE('',*,*,#1833,.F.);
#1833 = EDGE_CURVE('',#1834,#1809,#1836,.T.);
#1834 = VERTEX_POINT('',#1835);
#1835 = CARTESIAN_POINT('',(-23.5,-49.875,-9.1));
#1836 = LINE('',#1837,#1838);
#1837 = CARTESIAN_POINT('',(23.5,-49.875,-9.1));
#1838 = VECTOR('',#1839,1.);
#1839 = DIRECTION('',(1.,4.680956445562E-47,2.22044604925E-16));
#1840 = ORIENTED_EDGE('',*,*,#1841,.T.);
#1841 = EDGE_CURVE('',#1834,#1842,#1844,.T.);
#1842 = VERTEX_POINT('',#1843);
#1843 = CARTESIAN_POINT('',(-23.5,-49.875,1.06581410364E-14));
#1844 = LINE('',#1845,#1846);
#1845 = CARTESIAN_POINT('',(-23.5,-49.875,-9.1));
#1846 = VECTOR('',#1847,1.);
#1847 = DIRECTION('',(0.,0.,1.));
#1848 = ORIENTED_EDGE('',*,*,#1849,.T.);
#1849 = EDGE_CURVE('',#1842,#1850,#1852,.T.);
#1850 = VERTEX_POINT('',#1851);
#1851 = CARTESIAN_POINT('',(-6.47,-49.875,3.552713678801E-15));
#1852 = LINE('',#1853,#1854);
#1853 = CARTESIAN_POINT('',(23.5,-49.875,1.06581410364E-14));
#1854 = VECTOR('',#1855,1.);
#1855 = DIRECTION('',(1.,4.680956445562E-47,2.22044604925E-16));
#1856 = ORIENTED_EDGE('',*,*,#1857,.T.);
#1857 = EDGE_CURVE('',#1850,#1858,#1860,.T.);
#1858 = VERTEX_POINT('',#1859);
#1859 = CARTESIAN_POINT('',(-6.47,-49.875,-0.365));
#1860 = LINE('',#1861,#1862);
#1861 = CARTESIAN_POINT('',(-6.47,-49.875,-0.365));
#1862 = VECTOR('',#1863,1.);
#1863 = DIRECTION('',(-1.722546424199E-16,-1.722546424199E-16,-1.));
#1864 = ORIENTED_EDGE('',*,*,#1865,.T.);
#1865 = EDGE_CURVE('',#1858,#1866,#1868,.T.);
#1866 = VERTEX_POINT('',#1867);
#1867 = CARTESIAN_POINT('',(-3.09,-49.875,-3.745));
#1868 = CIRCLE('',#1869,3.38);
#1869 = AXIS2_PLACEMENT_3D('',#1870,#1871,#1872);
#1870 = CARTESIAN_POINT('',(-3.09,-49.875,-0.365));
#1871 = DIRECTION('',(0.,-1.,0.));
#1872 = DIRECTION('',(1.,0.,0.));
#1873 = ORIENTED_EDGE('',*,*,#1874,.T.);
#1874 = EDGE_CURVE('',#1866,#1875,#1877,.T.);
#1875 = VERTEX_POINT('',#1876);
#1876 = CARTESIAN_POINT('',(3.29,-49.875,-3.745));
#1877 = LINE('',#1878,#1879);
#1878 = CARTESIAN_POINT('',(3.29,-49.875,-3.745));
#1879 = VECTOR('',#1880,1.);
#1880 = DIRECTION('',(1.,0.,0.));
#1881 = ORIENTED_EDGE('',*,*,#1882,.T.);
#1882 = EDGE_CURVE('',#1875,#1883,#1885,.T.);
#1883 = VERTEX_POINT('',#1884);
#1884 = CARTESIAN_POINT('',(6.67,-49.875,-0.365));
#1885 = CIRCLE('',#1886,3.38);
#1886 = AXIS2_PLACEMENT_3D('',#1887,#1888,#1889);
#1887 = CARTESIAN_POINT('',(3.29,-49.875,-0.365));
#1888 = DIRECTION('',(0.,-1.,0.));
#1889 = DIRECTION('',(1.,0.,0.));
#1890 = ORIENTED_EDGE('',*,*,#1891,.T.);
#1891 = EDGE_CURVE('',#1883,#939,#1892,.T.);
#1892 = LINE('',#1893,#1894);
#1893 = CARTESIAN_POINT('',(6.67,-49.875,0.235));
#1894 = VECTOR('',#1895,1.);
#1895 = DIRECTION('',(1.144237745222E-17,-1.144237745222E-17,1.));
#1896 = ORIENTED_EDGE('',*,*,#946,.T.);
#1897 = ORIENTED_EDGE('',*,*,#1819,.F.);
#1898 = PLANE('',#1899);
#1899 = AXIS2_PLACEMENT_3D('',#1900,#1901,#1902);
#1900 = CARTESIAN_POINT('',(23.5,-49.875,-9.1));
#1901 = DIRECTION('',(0.,1.,-2.108115370397E-31));
#1902 = DIRECTION('',(-2.22044604925E-16,2.108115370397E-31,1.));
#1903 = ADVANCED_FACE('',(#1904),#1922,.T.);
#1904 = FACE_BOUND('',#1905,.T.);
#1905 = EDGE_LOOP('',(#1906,#1914,#1920,#1921));
#1906 = ORIENTED_EDGE('',*,*,#1907,.F.);
#1907 = EDGE_CURVE('',#1908,#930,#1910,.T.);
#1908 = VERTEX_POINT('',#1909);
#1909 = CARTESIAN_POINT('',(6.37,-49.575,-0.365));
#1910 = LINE('',#1911,#1912);
#1911 = CARTESIAN_POINT('',(6.37,-49.575,0.235));
#1912 = VECTOR('',#1913,1.);
#1913 = DIRECTION('',(0.,0.,1.));
#1914 = ORIENTED_EDGE('',*,*,#1915,.T.);
#1915 = EDGE_CURVE('',#1908,#1883,#1916,.T.);
#1916 = LINE('',#1917,#1918);
#1917 = CARTESIAN_POINT('',(6.37,-49.575,-0.365));
#1918 = VECTOR('',#1919,1.);
#1919 = DIRECTION('',(0.707106781187,-0.707106781187,-1.731912112471E-16
    ));
#1920 = ORIENTED_EDGE('',*,*,#1891,.T.);
#1921 = ORIENTED_EDGE('',*,*,#938,.F.);
#1922 = PLANE('',#1923);
#1923 = AXIS2_PLACEMENT_3D('',#1924,#1925,#1926);
#1924 = CARTESIAN_POINT('',(6.37,-49.575,0.235));
#1925 = DIRECTION('',(-0.707106781187,-0.707106781187,0.));
#1926 = DIRECTION('',(0.707106781187,-0.707106781187,-1.618196537872E-17
    ));
#1927 = ADVANCED_FACE('',(#1928),#1947,.F.);
#1928 = FACE_BOUND('',#1929,.F.);
#1929 = EDGE_LOOP('',(#1930,#1939,#1945,#1946));
#1930 = ORIENTED_EDGE('',*,*,#1931,.F.);
#1931 = EDGE_CURVE('',#1932,#1908,#1934,.T.);
#1932 = VERTEX_POINT('',#1933);
#1933 = CARTESIAN_POINT('',(4.67,-48.375,-0.365));
#1934 = CIRCLE('',#1935,2.);
#1935 = AXIS2_PLACEMENT_3D('',#1936,#1937,#1938);
#1936 = CARTESIAN_POINT('',(4.534985258196,-50.37043755088,-0.365));
#1937 = DIRECTION('',(-2.449293598295E-16,-0.,-1.));
#1938 = DIRECTION('',(1.,0.,-2.449293598295E-16));
#1939 = ORIENTED_EDGE('',*,*,#1940,.T.);
#1940 = EDGE_CURVE('',#1932,#922,#1941,.T.);
#1941 = LINE('',#1942,#1943);
#1942 = CARTESIAN_POINT('',(4.67,-48.375,0.235));
#1943 = VECTOR('',#1944,1.);
#1944 = DIRECTION('',(-2.054325274013E-32,2.22044604925E-16,1.));
#1945 = ORIENTED_EDGE('',*,*,#929,.F.);
#1946 = ORIENTED_EDGE('',*,*,#1907,.F.);
#1947 = CYLINDRICAL_SURFACE('',#1948,2.);
#1948 = AXIS2_PLACEMENT_3D('',#1949,#1950,#1951);
#1949 = CARTESIAN_POINT('',(4.534985258196,-50.37043755088,0.235));
#1950 = DIRECTION('',(0.,0.,1.));
#1951 = DIRECTION('',(0.,-1.,0.));
#1952 = ADVANCED_FACE('',(#1953),#1971,.T.);
#1953 = FACE_BOUND('',#1954,.T.);
#1954 = EDGE_LOOP('',(#1955,#1956,#1957,#1965));
#1955 = ORIENTED_EDGE('',*,*,#1940,.T.);
#1956 = ORIENTED_EDGE('',*,*,#921,.F.);
#1957 = ORIENTED_EDGE('',*,*,#1958,.T.);
#1958 = EDGE_CURVE('',#914,#1959,#1961,.T.);
#1959 = VERTEX_POINT('',#1960);
#1960 = CARTESIAN_POINT('',(4.67,-47.375,-0.365));
#1961 = LINE('',#1962,#1963);
#1962 = CARTESIAN_POINT('',(4.67,-47.375,0.235));
#1963 = VECTOR('',#1964,1.);
#1964 = DIRECTION('',(0.,-2.22044604925E-16,-1.));
#1965 = ORIENTED_EDGE('',*,*,#1966,.F.);
#1966 = EDGE_CURVE('',#1932,#1959,#1967,.T.);
#1967 = LINE('',#1968,#1969);
#1968 = CARTESIAN_POINT('',(4.67,-49.875,-0.365));
#1969 = VECTOR('',#1970,1.);
#1970 = DIRECTION('',(0.,1.,0.));
#1971 = PLANE('',#1972);
#1972 = AXIS2_PLACEMENT_3D('',#1973,#1974,#1975);
#1973 = CARTESIAN_POINT('',(4.67,-49.875,0.235));
#1974 = DIRECTION('',(-1.,0.,0.));
#1975 = DIRECTION('',(0.,-2.22044604925E-16,-1.));
#1976 = ADVANCED_FACE('',(#1977),#2093,.F.);
#1977 = FACE_BOUND('',#1978,.F.);
#1978 = EDGE_LOOP('',(#1979,#1989,#1997,#2005,#2013,#2019,#2020,#2021,
    #2030,#2038,#2047,#2055,#2063,#2071,#2079,#2087));
#1979 = ORIENTED_EDGE('',*,*,#1980,.T.);
#1980 = EDGE_CURVE('',#1981,#1983,#1985,.T.);
#1981 = VERTEX_POINT('',#1982);
#1982 = CARTESIAN_POINT('',(-18.7,-47.375,-7.6));
#1983 = VERTEX_POINT('',#1984);
#1984 = CARTESIAN_POINT('',(18.7,-47.375,-7.6));
#1985 = LINE('',#1986,#1987);
#1986 = CARTESIAN_POINT('',(-18.7,-47.375,-7.6));
#1987 = VECTOR('',#1988,1.);
#1988 = DIRECTION('',(1.,4.680956445562E-47,2.22044604925E-16));
#1989 = ORIENTED_EDGE('',*,*,#1990,.T.);
#1990 = EDGE_CURVE('',#1983,#1991,#1993,.T.);
#1991 = VERTEX_POINT('',#1992);
#1992 = CARTESIAN_POINT('',(18.7,-47.375,-1.6));
#1993 = LINE('',#1994,#1995);
#1994 = CARTESIAN_POINT('',(18.7,-47.375,-9.6));
#1995 = VECTOR('',#1996,1.);
#1996 = DIRECTION('',(2.895299245675E-33,1.613015563139E-33,1.));
#1997 = ORIENTED_EDGE('',*,*,#1998,.T.);
#1998 = EDGE_CURVE('',#1991,#1999,#2001,.T.);
#1999 = VERTEX_POINT('',#2000);
#2000 = CARTESIAN_POINT('',(23.5,-47.375,-1.6));
#2001 = LINE('',#2002,#2003);
#2002 = CARTESIAN_POINT('',(18.7,-47.375,-1.6));
#2003 = VECTOR('',#2004,1.);
#2004 = DIRECTION('',(1.,0.,0.));
#2005 = ORIENTED_EDGE('',*,*,#2006,.F.);
#2006 = EDGE_CURVE('',#2007,#1999,#2009,.T.);
#2007 = VERTEX_POINT('',#2008);
#2008 = CARTESIAN_POINT('',(23.5,-47.375,1.06581410364E-14));
#2009 = LINE('',#2010,#2011);
#2010 = CARTESIAN_POINT('',(23.5,-47.375,1.06581410364E-14));
#2011 = VECTOR('',#2012,1.);
#2012 = DIRECTION('',(2.22044604925E-16,-2.108115370397E-31,-1.));
#2013 = ORIENTED_EDGE('',*,*,#2014,.F.);
#2014 = EDGE_CURVE('',#905,#2007,#2015,.T.);
#2015 = LINE('',#2016,#2017);
#2016 = CARTESIAN_POINT('',(23.5,-47.375,1.06581410364E-14));
#2017 = VECTOR('',#2018,1.);
#2018 = DIRECTION('',(1.,-9.494107596575E-16,0.));
#2019 = ORIENTED_EDGE('',*,*,#913,.F.);
#2020 = ORIENTED_EDGE('',*,*,#1958,.T.);
#2021 = ORIENTED_EDGE('',*,*,#2022,.F.);
#2022 = EDGE_CURVE('',#2023,#1959,#2025,.T.);
#2023 = VERTEX_POINT('',#2024);
#2024 = CARTESIAN_POINT('',(3.29,-47.375,-1.745));
#2025 = CIRCLE('',#2026,1.38);
#2026 = AXIS2_PLACEMENT_3D('',#2027,#2028,#2029);
#2027 = CARTESIAN_POINT('',(3.29,-47.375,-0.365));
#2028 = DIRECTION('',(0.,-1.,2.22044604925E-16));
#2029 = DIRECTION('',(1.,0.,0.));
#2030 = ORIENTED_EDGE('',*,*,#2031,.T.);
#2031 = EDGE_CURVE('',#2023,#2032,#2034,.T.);
#2032 = VERTEX_POINT('',#2033);
#2033 = CARTESIAN_POINT('',(-3.09,-47.375,-1.745));
#2034 = LINE('',#2035,#2036);
#2035 = CARTESIAN_POINT('',(3.29,-47.375,-1.745));
#2036 = VECTOR('',#2037,1.);
#2037 = DIRECTION('',(-1.,0.,0.));
#2038 = ORIENTED_EDGE('',*,*,#2039,.F.);
#2039 = EDGE_CURVE('',#2040,#2032,#2042,.T.);
#2040 = VERTEX_POINT('',#2041);
#2041 = CARTESIAN_POINT('',(-4.47,-47.375,-0.365));
#2042 = CIRCLE('',#2043,1.38);
#2043 = AXIS2_PLACEMENT_3D('',#2044,#2045,#2046);
#2044 = CARTESIAN_POINT('',(-3.09,-47.375,-0.365));
#2045 = DIRECTION('',(0.,-1.,2.22044604925E-16));
#2046 = DIRECTION('',(1.,0.,0.));
#2047 = ORIENTED_EDGE('',*,*,#2048,.T.);
#2048 = EDGE_CURVE('',#2040,#2049,#2051,.T.);
#2049 = VERTEX_POINT('',#2050);
#2050 = CARTESIAN_POINT('',(-4.47,-47.375,1.06581410364E-14));
#2051 = LINE('',#2052,#2053);
#2052 = CARTESIAN_POINT('',(-4.47,-47.375,-0.365));
#2053 = VECTOR('',#2054,1.);
#2054 = DIRECTION('',(0.,2.22044604925E-16,1.));
#2055 = ORIENTED_EDGE('',*,*,#2056,.F.);
#2056 = EDGE_CURVE('',#2057,#2049,#2059,.T.);
#2057 = VERTEX_POINT('',#2058);
#2058 = CARTESIAN_POINT('',(-7.87,-47.375,0.));
#2059 = LINE('',#2060,#2061);
#2060 = CARTESIAN_POINT('',(23.5,-47.375,1.06581410364E-14));
#2061 = VECTOR('',#2062,1.);
#2062 = DIRECTION('',(1.,-9.494107596575E-16,0.));
#2063 = ORIENTED_EDGE('',*,*,#2064,.F.);
#2064 = EDGE_CURVE('',#2065,#2057,#2067,.T.);
#2065 = VERTEX_POINT('',#2066);
#2066 = CARTESIAN_POINT('',(-23.5,-47.375,1.06581410364E-14));
#2067 = LINE('',#2068,#2069);
#2068 = CARTESIAN_POINT('',(23.5,-47.375,1.06581410364E-14));
#2069 = VECTOR('',#2070,1.);
#2070 = DIRECTION('',(1.,-9.494107596575E-16,0.));
#2071 = ORIENTED_EDGE('',*,*,#2072,.F.);
#2072 = EDGE_CURVE('',#2073,#2065,#2075,.T.);
#2073 = VERTEX_POINT('',#2074);
#2074 = CARTESIAN_POINT('',(-23.5,-47.375,-1.6));
#2075 = LINE('',#2076,#2077);
#2076 = CARTESIAN_POINT('',(-23.5,-47.375,1.06581410364E-14));
#2077 = VECTOR('',#2078,1.);
#2078 = DIRECTION('',(0.,0.,1.));
#2079 = ORIENTED_EDGE('',*,*,#2080,.T.);
#2080 = EDGE_CURVE('',#2073,#2081,#2083,.T.);
#2081 = VERTEX_POINT('',#2082);
#2082 = CARTESIAN_POINT('',(-18.7,-47.375,-1.6));
#2083 = LINE('',#2084,#2085);
#2084 = CARTESIAN_POINT('',(-23.5,-47.375,-1.6));
#2085 = VECTOR('',#2086,1.);
#2086 = DIRECTION('',(1.,1.480297366167E-15,0.));
#2087 = ORIENTED_EDGE('',*,*,#2088,.F.);
#2088 = EDGE_CURVE('',#1981,#2081,#2089,.T.);
#2089 = LINE('',#2090,#2091);
#2090 = CARTESIAN_POINT('',(-18.7,-47.375,-9.6));
#2091 = VECTOR('',#2092,1.);
#2092 = DIRECTION('',(2.895299245675E-33,1.613015563139E-33,1.));
#2093 = PLANE('',#2094);
#2094 = AXIS2_PLACEMENT_3D('',#2095,#2096,#2097);
#2095 = CARTESIAN_POINT('',(23.5,-47.375,1.06581410364E-14));
#2096 = DIRECTION('',(0.,-1.,2.108115370397E-31));
#2097 = DIRECTION('',(2.22044604925E-16,-2.108115370397E-31,-1.));
#2098 = ADVANCED_FACE('',(#2099),#2125,.T.);
#2099 = FACE_BOUND('',#2100,.F.);
#2100 = EDGE_LOOP('',(#2101,#2109,#2118,#2124));
#2101 = ORIENTED_EDGE('',*,*,#2102,.T.);
#2102 = EDGE_CURVE('',#905,#2103,#2105,.T.);
#2103 = VERTEX_POINT('',#2104);
#2104 = CARTESIAN_POINT('',(8.07,-47.375,1.));
#2105 = LINE('',#2106,#2107);
#2106 = CARTESIAN_POINT('',(8.07,-47.375,0.));
#2107 = VECTOR('',#2108,1.);
#2108 = DIRECTION('',(0.,0.,1.));
#2109 = ORIENTED_EDGE('',*,*,#2110,.T.);
#2110 = EDGE_CURVE('',#2103,#2111,#2113,.T.);
#2111 = VERTEX_POINT('',#2112);
#2112 = CARTESIAN_POINT('',(9.903030277982,-48.575,1.));
#2113 = CIRCLE('',#2114,2.);
#2114 = AXIS2_PLACEMENT_3D('',#2115,#2116,#2117);
#2115 = CARTESIAN_POINT('',(9.903030277982,-46.575,1.));
#2116 = DIRECTION('',(0.,0.,1.));
#2117 = DIRECTION('',(1.,0.,0.));
#2118 = ORIENTED_EDGE('',*,*,#2119,.F.);
#2119 = EDGE_CURVE('',#897,#2111,#2120,.T.);
#2120 = LINE('',#2121,#2122);
#2121 = CARTESIAN_POINT('',(9.903030277982,-48.575,0.));
#2122 = VECTOR('',#2123,1.);
#2123 = DIRECTION('',(0.,0.,1.));
#2124 = ORIENTED_EDGE('',*,*,#904,.F.);
#2125 = CYLINDRICAL_SURFACE('',#2126,2.);
#2126 = AXIS2_PLACEMENT_3D('',#2127,#2128,#2129);
#2127 = CARTESIAN_POINT('',(9.903030277982,-46.575,0.));
#2128 = DIRECTION('',(-0.,-0.,-1.));
#2129 = DIRECTION('',(1.,0.,0.));
#2130 = ADVANCED_FACE('',(#2131),#2149,.F.);
#2131 = FACE_BOUND('',#2132,.F.);
#2132 = EDGE_LOOP('',(#2133,#2134,#2142,#2148));
#2133 = ORIENTED_EDGE('',*,*,#2119,.T.);
#2134 = ORIENTED_EDGE('',*,*,#2135,.T.);
#2135 = EDGE_CURVE('',#2111,#2136,#2138,.T.);
#2136 = VERTEX_POINT('',#2137);
#2137 = CARTESIAN_POINT('',(23.5,-48.575,1.));
#2138 = LINE('',#2139,#2140);
#2139 = CARTESIAN_POINT('',(9.903030277982,-48.575,1.));
#2140 = VECTOR('',#2141,1.);
#2141 = DIRECTION('',(1.,0.,0.));
#2142 = ORIENTED_EDGE('',*,*,#2143,.F.);
#2143 = EDGE_CURVE('',#888,#2136,#2144,.T.);
#2144 = LINE('',#2145,#2146);
#2145 = CARTESIAN_POINT('',(23.5,-48.575,0.));
#2146 = VECTOR('',#2147,1.);
#2147 = DIRECTION('',(0.,0.,1.));
#2148 = ORIENTED_EDGE('',*,*,#896,.F.);
#2149 = PLANE('',#2150);
#2150 = AXIS2_PLACEMENT_3D('',#2151,#2152,#2153);
#2151 = CARTESIAN_POINT('',(9.903030277982,-48.575,0.));
#2152 = DIRECTION('',(0.,1.,0.));
#2153 = DIRECTION('',(1.,0.,0.));
#2154 = ADVANCED_FACE('',(#2155),#2174,.T.);
#2155 = FACE_BOUND('',#2156,.F.);
#2156 = EDGE_LOOP('',(#2157,#2158,#2167,#2173));
#2157 = ORIENTED_EDGE('',*,*,#2143,.T.);
#2158 = ORIENTED_EDGE('',*,*,#2159,.T.);
#2159 = EDGE_CURVE('',#2136,#2160,#2162,.T.);
#2160 = VERTEX_POINT('',#2161);
#2161 = CARTESIAN_POINT('',(27.5,-44.575,1.));
#2162 = CIRCLE('',#2163,4.);
#2163 = AXIS2_PLACEMENT_3D('',#2164,#2165,#2166);
#2164 = CARTESIAN_POINT('',(23.5,-44.575,1.));
#2165 = DIRECTION('',(0.,0.,1.));
#2166 = DIRECTION('',(1.,0.,0.));
#2167 = ORIENTED_EDGE('',*,*,#2168,.F.);
#2168 = EDGE_CURVE('',#880,#2160,#2169,.T.);
#2169 = LINE('',#2170,#2171);
#2170 = CARTESIAN_POINT('',(27.5,-44.575,0.));
#2171 = VECTOR('',#2172,1.);
#2172 = DIRECTION('',(0.,0.,1.));
#2173 = ORIENTED_EDGE('',*,*,#887,.F.);
#2174 = CYLINDRICAL_SURFACE('',#2175,4.);
#2175 = AXIS2_PLACEMENT_3D('',#2176,#2177,#2178);
#2176 = CARTESIAN_POINT('',(23.5,-44.575,0.));
#2177 = DIRECTION('',(-0.,-0.,-1.));
#2178 = DIRECTION('',(1.,0.,0.));
#2179 = ADVANCED_FACE('',(#2180),#2198,.F.);
#2180 = FACE_BOUND('',#2181,.F.);
#2181 = EDGE_LOOP('',(#2182,#2183,#2191,#2197));
#2182 = ORIENTED_EDGE('',*,*,#2168,.T.);
#2183 = ORIENTED_EDGE('',*,*,#2184,.T.);
#2184 = EDGE_CURVE('',#2160,#2185,#2187,.T.);
#2185 = VERTEX_POINT('',#2186);
#2186 = CARTESIAN_POINT('',(27.5,10.648912612068,1.));
#2187 = LINE('',#2188,#2189);
#2188 = CARTESIAN_POINT('',(27.5,-44.575,1.));
#2189 = VECTOR('',#2190,1.);
#2190 = DIRECTION('',(0.,1.,0.));
#2191 = ORIENTED_EDGE('',*,*,#2192,.F.);
#2192 = EDGE_CURVE('',#871,#2185,#2193,.T.);
#2193 = LINE('',#2194,#2195);
#2194 = CARTESIAN_POINT('',(27.5,10.648912612068,0.));
#2195 = VECTOR('',#2196,1.);
#2196 = DIRECTION('',(0.,0.,1.));
#2197 = ORIENTED_EDGE('',*,*,#879,.F.);
#2198 = PLANE('',#2199);
#2199 = AXIS2_PLACEMENT_3D('',#2200,#2201,#2202);
#2200 = CARTESIAN_POINT('',(27.5,-44.575,0.));
#2201 = DIRECTION('',(-1.,0.,0.));
#2202 = DIRECTION('',(0.,1.,0.));
#2203 = ADVANCED_FACE('',(#2204),#2223,.T.);
#2204 = FACE_BOUND('',#2205,.F.);
#2205 = EDGE_LOOP('',(#2206,#2207,#2216,#2222));
#2206 = ORIENTED_EDGE('',*,*,#2192,.T.);
#2207 = ORIENTED_EDGE('',*,*,#2208,.T.);
#2208 = EDGE_CURVE('',#2185,#2209,#2211,.T.);
#2209 = VERTEX_POINT('',#2210);
#2210 = CARTESIAN_POINT('',(26.3,12.48194289005,1.));
#2211 = CIRCLE('',#2212,2.);
#2212 = AXIS2_PLACEMENT_3D('',#2213,#2214,#2215);
#2213 = CARTESIAN_POINT('',(25.5,10.648912612068,1.));
#2214 = DIRECTION('',(0.,0.,1.));
#2215 = DIRECTION('',(1.,0.,0.));
#2216 = ORIENTED_EDGE('',*,*,#2217,.F.);
#2217 = EDGE_CURVE('',#863,#2209,#2218,.T.);
#2218 = LINE('',#2219,#2220);
#2219 = CARTESIAN_POINT('',(26.3,12.48194289005,0.));
#2220 = VECTOR('',#2221,1.);
#2221 = DIRECTION('',(0.,0.,1.));
#2222 = ORIENTED_EDGE('',*,*,#870,.F.);
#2223 = CYLINDRICAL_SURFACE('',#2224,2.);
#2224 = AXIS2_PLACEMENT_3D('',#2225,#2226,#2227);
#2225 = CARTESIAN_POINT('',(25.5,10.648912612068,0.));
#2226 = DIRECTION('',(-0.,-0.,-1.));
#2227 = DIRECTION('',(1.,0.,0.));
#2228 = ADVANCED_FACE('',(#2229),#2271,.F.);
#2229 = FACE_BOUND('',#2230,.F.);
#2230 = EDGE_LOOP('',(#2231,#2241,#2247,#2248,#2249,#2257,#2265));
#2231 = ORIENTED_EDGE('',*,*,#2232,.F.);
#2232 = EDGE_CURVE('',#2233,#2235,#2237,.T.);
#2233 = VERTEX_POINT('',#2234);
#2234 = CARTESIAN_POINT('',(26.3,-39.775,-7.6));
#2235 = VERTEX_POINT('',#2236);
#2236 = CARTESIAN_POINT('',(26.3,-39.775,-1.6));
#2237 = LINE('',#2238,#2239);
#2238 = CARTESIAN_POINT('',(26.3,-39.775,-9.6));
#2239 = VECTOR('',#2240,1.);
#2240 = DIRECTION('',(2.895299245675E-33,1.613015563139E-33,1.));
#2241 = ORIENTED_EDGE('',*,*,#2242,.T.);
#2242 = EDGE_CURVE('',#2233,#1008,#2243,.T.);
#2243 = LINE('',#2244,#2245);
#2244 = CARTESIAN_POINT('',(26.3,-39.775,-7.6));
#2245 = VECTOR('',#2246,1.);
#2246 = DIRECTION('',(-4.98285519011E-47,1.,2.22044604925E-16));
#2247 = ORIENTED_EDGE('',*,*,#1038,.F.);
#2248 = ORIENTED_EDGE('',*,*,#862,.F.);
#2249 = ORIENTED_EDGE('',*,*,#2250,.F.);
#2250 = EDGE_CURVE('',#2251,#863,#2253,.T.);
#2251 = VERTEX_POINT('',#2252);
#2252 = CARTESIAN_POINT('',(26.3,-44.575,1.06581410364E-14));
#2253 = LINE('',#2254,#2255);
#2254 = CARTESIAN_POINT('',(26.3,44.575,1.06581410364E-14));
#2255 = VECTOR('',#2256,1.);
#2256 = DIRECTION('',(1.010643099615E-15,1.,0.));
#2257 = ORIENTED_EDGE('',*,*,#2258,.F.);
#2258 = EDGE_CURVE('',#2259,#2251,#2261,.T.);
#2259 = VERTEX_POINT('',#2260);
#2260 = CARTESIAN_POINT('',(26.3,-44.575,-1.6));
#2261 = LINE('',#2262,#2263);
#2262 = CARTESIAN_POINT('',(26.3,-44.575,1.06581410364E-14));
#2263 = VECTOR('',#2264,1.);
#2264 = DIRECTION('',(0.,0.,1.));
#2265 = ORIENTED_EDGE('',*,*,#2266,.T.);
#2266 = EDGE_CURVE('',#2259,#2235,#2267,.T.);
#2267 = LINE('',#2268,#2269);
#2268 = CARTESIAN_POINT('',(26.3,-44.575,-1.6));
#2269 = VECTOR('',#2270,1.);
#2270 = DIRECTION('',(2.22044604925E-15,1.,0.));
#2271 = PLANE('',#2272);
#2272 = AXIS2_PLACEMENT_3D('',#2273,#2274,#2275);
#2273 = CARTESIAN_POINT('',(26.3,44.575,1.06581410364E-14));
#2274 = DIRECTION('',(1.,0.,2.244078477742E-31));
#2275 = DIRECTION('',(2.244078477742E-31,2.22044604925E-16,-1.));
#2276 = ADVANCED_FACE('',(#2277),#2296,.F.);
#2277 = FACE_BOUND('',#2278,.T.);
#2278 = EDGE_LOOP('',(#2279,#2288,#2289));
#2279 = ORIENTED_EDGE('',*,*,#2280,.F.);
#2280 = EDGE_CURVE('',#989,#2281,#2283,.T.);
#2281 = VERTEX_POINT('',#2282);
#2282 = CARTESIAN_POINT('',(24.3,39.775,-9.6));
#2283 = CIRCLE('',#2284,2.);
#2284 = AXIS2_PLACEMENT_3D('',#2285,#2286,#2287);
#2285 = CARTESIAN_POINT('',(24.3,39.775,-7.6));
#2286 = DIRECTION('',(-4.98285519011E-47,1.,2.22044604925E-16));
#2287 = DIRECTION('',(1.,0.,2.244078477742E-31));
#2288 = ORIENTED_EDGE('',*,*,#988,.T.);
#2289 = ORIENTED_EDGE('',*,*,#2290,.T.);
#2290 = EDGE_CURVE('',#991,#2281,#2291,.T.);
#2291 = CIRCLE('',#2292,2.);
#2292 = AXIS2_PLACEMENT_3D('',#2293,#2294,#2295);
#2293 = CARTESIAN_POINT('',(24.3,39.775,-7.6));
#2294 = DIRECTION('',(-1.,9.494107596575E-16,7.548369822181E-34));
#2295 = DIRECTION('',(9.494107596575E-16,1.,9.336947708948E-34));
#2296 = SPHERICAL_SURFACE('',#2297,2.);
#2297 = AXIS2_PLACEMENT_3D('',#2298,#2299,#2300);
#2298 = CARTESIAN_POINT('',(24.3,39.775,-7.6));
#2299 = DIRECTION('',(-7.548369822181E-34,9.336947708948E-34,-1.));
#2300 = DIRECTION('',(1.,-9.336947708948E-34,-7.548369822181E-34));
#2301 = ADVANCED_FACE('',(#2302),#2323,.F.);
#2302 = FACE_BOUND('',#2303,.F.);
#2303 = EDGE_LOOP('',(#2304,#2313,#2319,#2320,#2321,#2322));
#2304 = ORIENTED_EDGE('',*,*,#2305,.T.);
#2305 = EDGE_CURVE('',#2233,#2306,#2308,.T.);
#2306 = VERTEX_POINT('',#2307);
#2307 = CARTESIAN_POINT('',(24.3,-39.775,-9.6));
#2308 = CIRCLE('',#2309,2.);
#2309 = AXIS2_PLACEMENT_3D('',#2310,#2311,#2312);
#2310 = CARTESIAN_POINT('',(24.3,-39.775,-7.6));
#2311 = DIRECTION('',(-8.269460797428E-16,1.,9.336947708949E-34));
#2312 = DIRECTION('',(1.,8.269460797428E-16,-7.548369822181E-34));
#2313 = ORIENTED_EDGE('',*,*,#2314,.T.);
#2314 = EDGE_CURVE('',#2306,#2281,#2315,.T.);
#2315 = LINE('',#2316,#2317);
#2316 = CARTESIAN_POINT('',(24.3,-39.775,-9.6));
#2317 = VECTOR('',#2318,1.);
#2318 = DIRECTION('',(-4.98285519011E-47,1.,2.22044604925E-16));
#2319 = ORIENTED_EDGE('',*,*,#2280,.F.);
#2320 = ORIENTED_EDGE('',*,*,#999,.F.);
#2321 = ORIENTED_EDGE('',*,*,#1007,.T.);
#2322 = ORIENTED_EDGE('',*,*,#2242,.F.);
#2323 = CYLINDRICAL_SURFACE('',#2324,2.);
#2324 = AXIS2_PLACEMENT_3D('',#2325,#2326,#2327);
#2325 = CARTESIAN_POINT('',(24.3,-39.775,-7.6));
#2326 = DIRECTION('',(-4.98285519011E-47,1.,2.22044604925E-16));
#2327 = DIRECTION('',(1.,0.,2.244078477742E-31));
#2328 = ADVANCED_FACE('',(#2329),#2347,.F.);
#2329 = FACE_BOUND('',#2330,.F.);
#2330 = EDGE_LOOP('',(#2331,#2339,#2340,#2341));
#2331 = ORIENTED_EDGE('',*,*,#2332,.T.);
#2332 = EDGE_CURVE('',#2333,#1073,#2335,.T.);
#2333 = VERTEX_POINT('',#2334);
#2334 = CARTESIAN_POINT('',(23.5,41.775,-7.6));
#2335 = LINE('',#2336,#2337);
#2336 = CARTESIAN_POINT('',(23.5,41.775,-9.6));
#2337 = VECTOR('',#2338,1.);
#2338 = DIRECTION('',(2.895299245675E-33,1.613015563139E-33,1.));
#2339 = ORIENTED_EDGE('',*,*,#1081,.T.);
#2340 = ORIENTED_EDGE('',*,*,#1125,.F.);
#2341 = ORIENTED_EDGE('',*,*,#2342,.T.);
#2342 = EDGE_CURVE('',#991,#2333,#2343,.T.);
#2343 = LINE('',#2344,#2345);
#2344 = CARTESIAN_POINT('',(24.3,41.775,-7.6));
#2345 = VECTOR('',#2346,1.);
#2346 = DIRECTION('',(-1.,-0.,-0.));
#2347 = PLANE('',#2348);
#2348 = AXIS2_PLACEMENT_3D('',#2349,#2350,#2351);
#2349 = CARTESIAN_POINT('',(23.5,41.775,-9.6));
#2350 = DIRECTION('',(0.,1.,-1.613015563139E-33));
#2351 = DIRECTION('',(1.,0.,0.));
#2352 = ADVANCED_FACE('',(#2353),#2372,.T.);
#2353 = FACE_BOUND('',#2354,.F.);
#2354 = EDGE_LOOP('',(#2355,#2363,#2364,#2365));
#2355 = ORIENTED_EDGE('',*,*,#2356,.T.);
#2356 = EDGE_CURVE('',#2357,#1065,#2359,.T.);
#2357 = VERTEX_POINT('',#2358);
#2358 = CARTESIAN_POINT('',(20.7,44.575,-7.6));
#2359 = LINE('',#2360,#2361);
#2360 = CARTESIAN_POINT('',(20.7,44.575,-9.6));
#2361 = VECTOR('',#2362,1.);
#2362 = DIRECTION('',(2.895299245675E-33,1.613015563139E-33,1.));
#2363 = ORIENTED_EDGE('',*,*,#1072,.T.);
#2364 = ORIENTED_EDGE('',*,*,#2332,.F.);
#2365 = ORIENTED_EDGE('',*,*,#2366,.T.);
#2366 = EDGE_CURVE('',#2333,#2357,#2367,.T.);
#2367 = CIRCLE('',#2368,2.8);
#2368 = AXIS2_PLACEMENT_3D('',#2369,#2370,#2371);
#2369 = CARTESIAN_POINT('',(23.5,44.575,-7.6));
#2370 = DIRECTION('',(-7.548369822181E-34,9.336947708948E-34,-1.));
#2371 = DIRECTION('',(1.268826313857E-15,-1.,-9.336947708949E-34));
#2372 = CYLINDRICAL_SURFACE('',#2373,2.8);
#2373 = AXIS2_PLACEMENT_3D('',#2374,#2375,#2376);
#2374 = CARTESIAN_POINT('',(23.5,44.575,-9.6));
#2375 = DIRECTION('',(-0.,-0.,-1.));
#2376 = DIRECTION('',(1.,0.,0.));
#2377 = ADVANCED_FACE('',(#2378),#2389,.F.);
#2378 = FACE_BOUND('',#2379,.F.);
#2379 = EDGE_LOOP('',(#2380,#2381,#2382,#2383));
#2380 = ORIENTED_EDGE('',*,*,#1261,.T.);
#2381 = ORIENTED_EDGE('',*,*,#1064,.T.);
#2382 = ORIENTED_EDGE('',*,*,#2356,.F.);
#2383 = ORIENTED_EDGE('',*,*,#2384,.T.);
#2384 = EDGE_CURVE('',#2357,#1262,#2385,.T.);
#2385 = LINE('',#2386,#2387);
#2386 = CARTESIAN_POINT('',(20.7,44.575,-7.6));
#2387 = VECTOR('',#2388,1.);
#2388 = DIRECTION('',(0.,1.,0.));
#2389 = PLANE('',#2390);
#2390 = AXIS2_PLACEMENT_3D('',#2391,#2392,#2393);
#2391 = CARTESIAN_POINT('',(20.7,45.375,-9.6));
#2392 = DIRECTION('',(1.,0.,-2.895299245675E-33));
#2393 = DIRECTION('',(0.,-1.,0.));
#2394 = ADVANCED_FACE('',(#2395),#2414,.F.);
#2395 = FACE_BOUND('',#2396,.T.);
#2396 = EDGE_LOOP('',(#2397,#2405,#2412,#2413));
#2397 = ORIENTED_EDGE('',*,*,#2398,.F.);
#2398 = EDGE_CURVE('',#2399,#1108,#2401,.T.);
#2399 = VERTEX_POINT('',#2400);
#2400 = CARTESIAN_POINT('',(22.2,44.475,-9.9));
#2401 = LINE('',#2402,#2403);
#2402 = CARTESIAN_POINT('',(22.2,44.475,-9.9));
#2403 = VECTOR('',#2404,1.);
#2404 = DIRECTION('',(6.100154465449E-17,0.,1.));
#2405 = ORIENTED_EDGE('',*,*,#2406,.T.);
#2406 = EDGE_CURVE('',#2399,#2399,#2407,.T.);
#2407 = CIRCLE('',#2408,1.2);
#2408 = AXIS2_PLACEMENT_3D('',#2409,#2410,#2411);
#2409 = CARTESIAN_POINT('',(23.4,44.475,-9.9));
#2410 = DIRECTION('',(0.,0.,-1.));
#2411 = DIRECTION('',(-1.,0.,0.));
#2412 = ORIENTED_EDGE('',*,*,#2398,.T.);
#2413 = ORIENTED_EDGE('',*,*,#1107,.T.);
#2414 = CYLINDRICAL_SURFACE('',#2415,1.2);
#2415 = AXIS2_PLACEMENT_3D('',#2416,#2417,#2418);
#2416 = CARTESIAN_POINT('',(23.4,44.475,-9.9));
#2417 = DIRECTION('',(0.,0.,1.));
#2418 = DIRECTION('',(-1.,0.,0.));
#2419 = ADVANCED_FACE('',(#2420),#2426,.F.);
#2420 = FACE_BOUND('',#2421,.T.);
#2421 = EDGE_LOOP('',(#2422,#2423,#2424,#2425));
#2422 = ORIENTED_EDGE('',*,*,#1141,.T.);
#2423 = ORIENTED_EDGE('',*,*,#1196,.T.);
#2424 = ORIENTED_EDGE('',*,*,#1213,.F.);
#2425 = ORIENTED_EDGE('',*,*,#1165,.F.);
#2426 = CYLINDRICAL_SURFACE('',#2427,2.8);
#2427 = AXIS2_PLACEMENT_3D('',#2428,#2429,#2430);
#2428 = CARTESIAN_POINT('',(23.5,44.575,0.));
#2429 = DIRECTION('',(-0.,-0.,-1.));
#2430 = DIRECTION('',(1.,0.,0.));
#2431 = ADVANCED_FACE('',(#2432),#2443,.F.);
#2432 = FACE_BOUND('',#2433,.T.);
#2433 = EDGE_LOOP('',(#2434,#2441,#2442));
#2434 = ORIENTED_EDGE('',*,*,#2435,.F.);
#2435 = EDGE_CURVE('',#1262,#1229,#2436,.T.);
#2436 = CIRCLE('',#2437,2.);
#2437 = AXIS2_PLACEMENT_3D('',#2438,#2439,#2440);
#2438 = CARTESIAN_POINT('',(18.7,45.375,-7.6));
#2439 = DIRECTION('',(-0.,1.,0.));
#2440 = DIRECTION('',(1.,0.,-2.895299245675E-33));
#2441 = ORIENTED_EDGE('',*,*,#1271,.T.);
#2442 = ORIENTED_EDGE('',*,*,#1228,.T.);
#2443 = SPHERICAL_SURFACE('',#2444,2.);
#2444 = AXIS2_PLACEMENT_3D('',#2445,#2446,#2447);
#2445 = CARTESIAN_POINT('',(18.7,45.375,-7.6));
#2446 = DIRECTION('',(-7.548369822181E-34,9.336947708948E-34,-1.));
#2447 = DIRECTION('',(1.,-9.336947708948E-34,-7.548369822181E-34));
#2448 = ADVANCED_FACE('',(#2449),#2565,.T.);
#2449 = FACE_BOUND('',#2450,.T.);
#2450 = EDGE_LOOP('',(#2451,#2452,#2460,#2469,#2477,#2485,#2493,#2502,
    #2510,#2518,#2526,#2535,#2541,#2542,#2550,#2559));
#2451 = ORIENTED_EDGE('',*,*,#1237,.T.);
#2452 = ORIENTED_EDGE('',*,*,#2453,.T.);
#2453 = EDGE_CURVE('',#1238,#2454,#2456,.T.);
#2454 = VERTEX_POINT('',#2455);
#2455 = CARTESIAN_POINT('',(-18.7,44.575,-9.6));
#2456 = LINE('',#2457,#2458);
#2457 = CARTESIAN_POINT('',(-18.7,45.375,-9.6));
#2458 = VECTOR('',#2459,1.);
#2459 = DIRECTION('',(-0.,-1.,-0.));
#2460 = ORIENTED_EDGE('',*,*,#2461,.T.);
#2461 = EDGE_CURVE('',#2454,#2462,#2464,.T.);
#2462 = VERTEX_POINT('',#2463);
#2463 = CARTESIAN_POINT('',(-23.5,39.775,-9.6));
#2464 = CIRCLE('',#2465,4.8);
#2465 = AXIS2_PLACEMENT_3D('',#2466,#2467,#2468);
#2466 = CARTESIAN_POINT('',(-23.5,44.575,-9.6));
#2467 = DIRECTION('',(-7.548369822181E-34,9.336947708948E-34,-1.));
#2468 = DIRECTION('',(1.,-6.669248363535E-34,-7.548369822181E-34));
#2469 = ORIENTED_EDGE('',*,*,#2470,.T.);
#2470 = EDGE_CURVE('',#2462,#2471,#2473,.T.);
#2471 = VERTEX_POINT('',#2472);
#2472 = CARTESIAN_POINT('',(-24.3,39.775,-9.6));
#2473 = LINE('',#2474,#2475);
#2474 = CARTESIAN_POINT('',(-23.5,39.775,-9.6));
#2475 = VECTOR('',#2476,1.);
#2476 = DIRECTION('',(-1.,-0.,-0.));
#2477 = ORIENTED_EDGE('',*,*,#2478,.T.);
#2478 = EDGE_CURVE('',#2471,#2479,#2481,.T.);
#2479 = VERTEX_POINT('',#2480);
#2480 = CARTESIAN_POINT('',(-24.3,-39.775,-9.6));
#2481 = LINE('',#2482,#2483);
#2482 = CARTESIAN_POINT('',(-24.3,39.775,-9.6));
#2483 = VECTOR('',#2484,1.);
#2484 = DIRECTION('',(0.,-1.,2.22044604925E-16));
#2485 = ORIENTED_EDGE('',*,*,#2486,.T.);
#2486 = EDGE_CURVE('',#2479,#2487,#2489,.T.);
#2487 = VERTEX_POINT('',#2488);
#2488 = CARTESIAN_POINT('',(-23.5,-39.775,-9.6));
#2489 = LINE('',#2490,#2491);
#2490 = CARTESIAN_POINT('',(-24.3,-39.775,-9.6));
#2491 = VECTOR('',#2492,1.);
#2492 = DIRECTION('',(1.,0.,0.));
#2493 = ORIENTED_EDGE('',*,*,#2494,.T.);
#2494 = EDGE_CURVE('',#2487,#2495,#2497,.T.);
#2495 = VERTEX_POINT('',#2496);
#2496 = CARTESIAN_POINT('',(-18.7,-44.575,-9.6));
#2497 = CIRCLE('',#2498,4.8);
#2498 = AXIS2_PLACEMENT_3D('',#2499,#2500,#2501);
#2499 = CARTESIAN_POINT('',(-23.5,-44.575,-9.6));
#2500 = DIRECTION('',(-7.548369822181E-34,9.336947708948E-34,-1.));
#2501 = DIRECTION('',(5.391692730129E-34,1.,9.336947708948E-34));
#2502 = ORIENTED_EDGE('',*,*,#2503,.T.);
#2503 = EDGE_CURVE('',#2495,#2504,#2506,.T.);
#2504 = VERTEX_POINT('',#2505);
#2505 = CARTESIAN_POINT('',(-18.7,-45.375,-9.6));
#2506 = LINE('',#2507,#2508);
#2507 = CARTESIAN_POINT('',(-18.7,-44.575,-9.6));
#2508 = VECTOR('',#2509,1.);
#2509 = DIRECTION('',(-0.,-1.,-0.));
#2510 = ORIENTED_EDGE('',*,*,#2511,.T.);
#2511 = EDGE_CURVE('',#2504,#2512,#2514,.T.);
#2512 = VERTEX_POINT('',#2513);
#2513 = CARTESIAN_POINT('',(18.7,-45.375,-9.6));
#2514 = LINE('',#2515,#2516);
#2515 = CARTESIAN_POINT('',(-18.7,-45.375,-9.6));
#2516 = VECTOR('',#2517,1.);
#2517 = DIRECTION('',(1.,4.680956445562E-47,2.22044604925E-16));
#2518 = ORIENTED_EDGE('',*,*,#2519,.T.);
#2519 = EDGE_CURVE('',#2512,#2520,#2522,.T.);
#2520 = VERTEX_POINT('',#2521);
#2521 = CARTESIAN_POINT('',(18.7,-44.575,-9.6));
#2522 = LINE('',#2523,#2524);
#2523 = CARTESIAN_POINT('',(18.7,-45.375,-9.6));
#2524 = VECTOR('',#2525,1.);
#2525 = DIRECTION('',(0.,1.,0.));
#2526 = ORIENTED_EDGE('',*,*,#2527,.T.);
#2527 = EDGE_CURVE('',#2520,#2528,#2530,.T.);
#2528 = VERTEX_POINT('',#2529);
#2529 = CARTESIAN_POINT('',(23.5,-39.775,-9.6));
#2530 = CIRCLE('',#2531,4.8);
#2531 = AXIS2_PLACEMENT_3D('',#2532,#2533,#2534);
#2532 = CARTESIAN_POINT('',(23.5,-44.575,-9.6));
#2533 = DIRECTION('',(-7.548369822181E-34,9.336947708948E-34,-1.));
#2534 = DIRECTION('',(-1.,-6.669248363535E-34,7.548369822181E-34));
#2535 = ORIENTED_EDGE('',*,*,#2536,.T.);
#2536 = EDGE_CURVE('',#2528,#2306,#2537,.T.);
#2537 = LINE('',#2538,#2539);
#2538 = CARTESIAN_POINT('',(23.5,-39.775,-9.6));
#2539 = VECTOR('',#2540,1.);
#2540 = DIRECTION('',(1.,0.,0.));
#2541 = ORIENTED_EDGE('',*,*,#2314,.T.);
#2542 = ORIENTED_EDGE('',*,*,#2543,.T.);
#2543 = EDGE_CURVE('',#2281,#2544,#2546,.T.);
#2544 = VERTEX_POINT('',#2545);
#2545 = CARTESIAN_POINT('',(23.5,39.775,-9.6));
#2546 = LINE('',#2547,#2548);
#2547 = CARTESIAN_POINT('',(24.3,39.775,-9.6));
#2548 = VECTOR('',#2549,1.);
#2549 = DIRECTION('',(-1.,-0.,-0.));
#2550 = ORIENTED_EDGE('',*,*,#2551,.T.);
#2551 = EDGE_CURVE('',#2544,#2552,#2554,.T.);
#2552 = VERTEX_POINT('',#2553);
#2553 = CARTESIAN_POINT('',(18.7,44.575,-9.6));
#2554 = CIRCLE('',#2555,4.8);
#2555 = AXIS2_PLACEMENT_3D('',#2556,#2557,#2558);
#2556 = CARTESIAN_POINT('',(23.5,44.575,-9.6));
#2557 = DIRECTION('',(-7.548369822181E-34,9.336947708948E-34,-1.));
#2558 = DIRECTION('',(1.268826313857E-15,-1.,-9.336947708949E-34));
#2559 = ORIENTED_EDGE('',*,*,#2560,.T.);
#2560 = EDGE_CURVE('',#2552,#1229,#2561,.T.);
#2561 = LINE('',#2562,#2563);
#2562 = CARTESIAN_POINT('',(18.7,44.575,-9.6));
#2563 = VECTOR('',#2564,1.);
#2564 = DIRECTION('',(0.,1.,0.));
#2565 = PLANE('',#2566);
#2566 = AXIS2_PLACEMENT_3D('',#2567,#2568,#2569);
#2567 = CARTESIAN_POINT('',(-7.848790206612E-16,-1.569758041322E-15,-9.6
    ));
#2568 = DIRECTION('',(7.548369822181E-34,-9.336947708948E-34,1.));
#2569 = DIRECTION('',(8.078153760531E-85,1.,9.336947708948E-34));
#2570 = ADVANCED_FACE('',(#2571),#2582,.F.);
#2571 = FACE_BOUND('',#2572,.T.);
#2572 = EDGE_LOOP('',(#2573,#2574,#2575));
#2573 = ORIENTED_EDGE('',*,*,#1245,.F.);
#2574 = ORIENTED_EDGE('',*,*,#1599,.T.);
#2575 = ORIENTED_EDGE('',*,*,#2576,.T.);
#2576 = EDGE_CURVE('',#1592,#1238,#2577,.T.);
#2577 = CIRCLE('',#2578,2.);
#2578 = AXIS2_PLACEMENT_3D('',#2579,#2580,#2581);
#2579 = CARTESIAN_POINT('',(-18.7,45.375,-7.6));
#2580 = DIRECTION('',(1.715124499443E-15,-1.,-9.336947708949E-34));
#2581 = DIRECTION('',(-1.,-1.715124499443E-15,7.548369822181E-34));
#2582 = SPHERICAL_SURFACE('',#2583,2.);
#2583 = AXIS2_PLACEMENT_3D('',#2584,#2585,#2586);
#2584 = CARTESIAN_POINT('',(-18.7,45.375,-7.6));
#2585 = DIRECTION('',(-7.548369822181E-34,9.336947708948E-34,-1.));
#2586 = DIRECTION('',(7.548369822181E-34,1.,9.336947708948E-34));
#2587 = ADVANCED_FACE('',(#2588),#2706,.F.);
#2588 = FACE_BOUND('',#2589,.F.);
#2589 = EDGE_LOOP('',(#2590,#2601,#2609,#2618,#2626,#2635,#2643,#2651,
    #2657,#2658,#2659,#2668,#2676,#2684,#2692,#2700));
#2590 = ORIENTED_EDGE('',*,*,#2591,.T.);
#2591 = EDGE_CURVE('',#2592,#2594,#2596,.T.);
#2592 = VERTEX_POINT('',#2593);
#2593 = CARTESIAN_POINT('',(-28.8,24.575,-4.35));
#2594 = VERTEX_POINT('',#2595);
#2595 = CARTESIAN_POINT('',(-28.8,20.225,-5.329070518201E-15));
#2596 = CIRCLE('',#2597,4.35);
#2597 = AXIS2_PLACEMENT_3D('',#2598,#2599,#2600);
#2598 = CARTESIAN_POINT('',(-28.8,24.575,0.));
#2599 = DIRECTION('',(-1.,-0.,-0.));
#2600 = DIRECTION('',(0.,0.,-1.));
#2601 = ORIENTED_EDGE('',*,*,#2602,.T.);
#2602 = EDGE_CURVE('',#2594,#2603,#2605,.T.);
#2603 = VERTEX_POINT('',#2604);
#2604 = CARTESIAN_POINT('',(-28.8,-6.75,0.));
#2605 = LINE('',#2606,#2607);
#2606 = CARTESIAN_POINT('',(-28.8,-44.575,1.06581410364E-14));
#2607 = VECTOR('',#2608,1.);
#2608 = DIRECTION('',(0.,-1.,2.22044604925E-16));
#2609 = ORIENTED_EDGE('',*,*,#2610,.T.);
#2610 = EDGE_CURVE('',#2603,#2611,#2613,.T.);
#2611 = VERTEX_POINT('',#2612);
#2612 = CARTESIAN_POINT('',(-28.8,-8.45,-1.7));
#2613 = CIRCLE('',#2614,1.7);
#2614 = AXIS2_PLACEMENT_3D('',#2615,#2616,#2617);
#2615 = CARTESIAN_POINT('',(-28.8,-8.45,0.));
#2616 = DIRECTION('',(-1.,0.,0.));
#2617 = DIRECTION('',(0.,-1.,0.));
#2618 = ORIENTED_EDGE('',*,*,#2619,.F.);
#2619 = EDGE_CURVE('',#2620,#2611,#2622,.T.);
#2620 = VERTEX_POINT('',#2621);
#2621 = CARTESIAN_POINT('',(-28.8,-32.45,-1.7));
#2622 = LINE('',#2623,#2624);
#2623 = CARTESIAN_POINT('',(-28.8,-32.45,-1.7));
#2624 = VECTOR('',#2625,1.);
#2625 = DIRECTION('',(-0.,1.,-1.202741610011E-16));
#2626 = ORIENTED_EDGE('',*,*,#2627,.T.);
#2627 = EDGE_CURVE('',#2620,#2628,#2630,.T.);
#2628 = VERTEX_POINT('',#2629);
#2629 = CARTESIAN_POINT('',(-28.8,-34.15,0.));
#2630 = CIRCLE('',#2631,1.7);
#2631 = AXIS2_PLACEMENT_3D('',#2632,#2633,#2634);
#2632 = CARTESIAN_POINT('',(-28.8,-32.45,0.));
#2633 = DIRECTION('',(-1.,0.,0.));
#2634 = DIRECTION('',(0.,-1.,0.));
#2635 = ORIENTED_EDGE('',*,*,#2636,.T.);
#2636 = EDGE_CURVE('',#2628,#2637,#2639,.T.);
#2637 = VERTEX_POINT('',#2638);
#2638 = CARTESIAN_POINT('',(-28.8,-44.575,1.06581410364E-14));
#2639 = LINE('',#2640,#2641);
#2640 = CARTESIAN_POINT('',(-28.8,-44.575,1.06581410364E-14));
#2641 = VECTOR('',#2642,1.);
#2642 = DIRECTION('',(0.,-1.,2.22044604925E-16));
#2643 = ORIENTED_EDGE('',*,*,#2644,.F.);
#2644 = EDGE_CURVE('',#2645,#2637,#2647,.T.);
#2645 = VERTEX_POINT('',#2646);
#2646 = CARTESIAN_POINT('',(-28.8,-44.575,-9.1));
#2647 = LINE('',#2648,#2649);
#2648 = CARTESIAN_POINT('',(-28.8,-44.575,-9.1));
#2649 = VECTOR('',#2650,1.);
#2650 = DIRECTION('',(0.,2.22044604925E-16,1.));
#2651 = ORIENTED_EDGE('',*,*,#2652,.F.);
#2652 = EDGE_CURVE('',#1689,#2645,#2653,.T.);
#2653 = LINE('',#2654,#2655);
#2654 = CARTESIAN_POINT('',(-28.8,-44.575,-9.1));
#2655 = VECTOR('',#2656,1.);
#2656 = DIRECTION('',(0.,-1.,2.22044604925E-16));
#2657 = ORIENTED_EDGE('',*,*,#1697,.T.);
#2658 = ORIENTED_EDGE('',*,*,#1286,.T.);
#2659 = ORIENTED_EDGE('',*,*,#2660,.F.);
#2660 = EDGE_CURVE('',#2661,#1289,#2663,.T.);
#2661 = VERTEX_POINT('',#2662);
#2662 = CARTESIAN_POINT('',(-28.8,36.075,-4.35));
#2663 = CIRCLE('',#2664,4.35);
#2664 = AXIS2_PLACEMENT_3D('',#2665,#2666,#2667);
#2665 = CARTESIAN_POINT('',(-28.8,36.075,1.7763568394E-15));
#2666 = DIRECTION('',(1.,-0.,0.));
#2667 = DIRECTION('',(0.,0.,-1.));
#2668 = ORIENTED_EDGE('',*,*,#2669,.F.);
#2669 = EDGE_CURVE('',#2670,#2661,#2672,.T.);
#2670 = VERTEX_POINT('',#2671);
#2671 = CARTESIAN_POINT('',(-28.8,31.275,-4.35));
#2672 = LINE('',#2673,#2674);
#2673 = CARTESIAN_POINT('',(-28.8,31.525,-4.35));
#2674 = VECTOR('',#2675,1.);
#2675 = DIRECTION('',(0.,1.,0.));
#2676 = ORIENTED_EDGE('',*,*,#2677,.F.);
#2677 = EDGE_CURVE('',#2678,#2670,#2680,.T.);
#2678 = VERTEX_POINT('',#2679);
#2679 = CARTESIAN_POINT('',(-28.8,31.275,-7.105427357601E-15));
#2680 = LINE('',#2681,#2682);
#2681 = CARTESIAN_POINT('',(-28.8,31.275,-5.329070518201E-15));
#2682 = VECTOR('',#2683,1.);
#2683 = DIRECTION('',(0.,0.,-1.));
#2684 = ORIENTED_EDGE('',*,*,#2685,.T.);
#2685 = EDGE_CURVE('',#2678,#2686,#2688,.T.);
#2686 = VERTEX_POINT('',#2687);
#2687 = CARTESIAN_POINT('',(-28.8,29.375,-7.105427357601E-15));
#2688 = LINE('',#2689,#2690);
#2689 = CARTESIAN_POINT('',(-28.8,-44.575,1.06581410364E-14));
#2690 = VECTOR('',#2691,1.);
#2691 = DIRECTION('',(0.,-1.,2.22044604925E-16));
#2692 = ORIENTED_EDGE('',*,*,#2693,.T.);
#2693 = EDGE_CURVE('',#2686,#2694,#2696,.T.);
#2694 = VERTEX_POINT('',#2695);
#2695 = CARTESIAN_POINT('',(-28.8,29.375,-4.35));
#2696 = LINE('',#2697,#2698);
#2697 = CARTESIAN_POINT('',(-28.8,29.375,-5.329070518201E-15));
#2698 = VECTOR('',#2699,1.);
#2699 = DIRECTION('',(0.,0.,-1.));
#2700 = ORIENTED_EDGE('',*,*,#2701,.T.);
#2701 = EDGE_CURVE('',#2694,#2592,#2702,.T.);
#2702 = LINE('',#2703,#2704);
#2703 = CARTESIAN_POINT('',(-28.8,29.125,-4.35));
#2704 = VECTOR('',#2705,1.);
#2705 = DIRECTION('',(0.,-1.,0.));
#2706 = PLANE('',#2707);
#2707 = AXIS2_PLACEMENT_3D('',#2708,#2709,#2710);
#2708 = CARTESIAN_POINT('',(-28.8,-44.575,-9.1));
#2709 = DIRECTION('',(1.,0.,0.));
#2710 = DIRECTION('',(0.,2.22044604925E-16,1.));
#2711 = ADVANCED_FACE('',(#2712),#2717,.T.);
#2712 = FACE_BOUND('',#2713,.T.);
#2713 = EDGE_LOOP('',(#2714,#2715,#2716));
#2714 = ORIENTED_EDGE('',*,*,#1364,.F.);
#2715 = ORIENTED_EDGE('',*,*,#1615,.T.);
#2716 = ORIENTED_EDGE('',*,*,#1713,.T.);
#2717 = SURFACE_OF_LINEAR_EXTRUSION('',#2718,#2723);
#2718 = CIRCLE('',#2719,2.);
#2719 = AXIS2_PLACEMENT_3D('',#2720,#2721,#2722);
#2720 = CARTESIAN_POINT('',(10.430686937452,51.364845453203,
    1.548630065272E-02));
#2721 = DIRECTION('',(7.693773148277E-02,-2.191908344992E-16,
    -0.997035899792));
#2722 = DIRECTION('',(0.997035899792,-3.106705862445E-15,
    7.693773148277E-02));
#2723 = VECTOR('',#2724,1.);
#2724 = DIRECTION('',(0.,0.,1.));
#2725 = ADVANCED_FACE('',(#2726),#2745,.T.);
#2726 = FACE_BOUND('',#2727,.F.);
#2727 = EDGE_LOOP('',(#2728,#2729,#2738,#2744));
#2728 = ORIENTED_EDGE('',*,*,#1463,.T.);
#2729 = ORIENTED_EDGE('',*,*,#2730,.T.);
#2730 = EDGE_CURVE('',#1456,#2731,#2733,.T.);
#2731 = VERTEX_POINT('',#2732);
#2732 = CARTESIAN_POINT('',(5.696969722018,48.575,1.));
#2733 = CIRCLE('',#2734,2.);
#2734 = AXIS2_PLACEMENT_3D('',#2735,#2736,#2737);
#2735 = CARTESIAN_POINT('',(5.696969722018,46.575,1.));
#2736 = DIRECTION('',(0.,0.,1.));
#2737 = DIRECTION('',(1.,0.,0.));
#2738 = ORIENTED_EDGE('',*,*,#2739,.F.);
#2739 = EDGE_CURVE('',#1348,#2731,#2740,.T.);
#2740 = LINE('',#2741,#2742);
#2741 = CARTESIAN_POINT('',(5.696969722018,48.575,0.));
#2742 = VECTOR('',#2743,1.);
#2743 = DIRECTION('',(0.,0.,1.));
#2744 = ORIENTED_EDGE('',*,*,#1355,.F.);
#2745 = CYLINDRICAL_SURFACE('',#2746,2.);
#2746 = AXIS2_PLACEMENT_3D('',#2747,#2748,#2749);
#2747 = CARTESIAN_POINT('',(5.696969722018,46.575,0.));
#2748 = DIRECTION('',(-0.,-0.,-1.));
#2749 = DIRECTION('',(1.,0.,0.));
#2750 = ADVANCED_FACE('',(#2751),#2769,.T.);
#2751 = FACE_BOUND('',#2752,.T.);
#2752 = EDGE_LOOP('',(#2753,#2761,#2767,#2768));
#2753 = ORIENTED_EDGE('',*,*,#2754,.T.);
#2754 = EDGE_CURVE('',#1339,#2755,#2757,.T.);
#2755 = VERTEX_POINT('',#2756);
#2756 = CARTESIAN_POINT('',(-23.5,48.575,1.));
#2757 = LINE('',#2758,#2759);
#2758 = CARTESIAN_POINT('',(-23.5,48.575,0.));
#2759 = VECTOR('',#2760,1.);
#2760 = DIRECTION('',(0.,0.,1.));
#2761 = ORIENTED_EDGE('',*,*,#2762,.T.);
#2762 = EDGE_CURVE('',#2755,#2731,#2763,.T.);
#2763 = LINE('',#2764,#2765);
#2764 = CARTESIAN_POINT('',(-23.5,48.575,1.));
#2765 = VECTOR('',#2766,1.);
#2766 = DIRECTION('',(1.,0.,0.));
#2767 = ORIENTED_EDGE('',*,*,#2739,.F.);
#2768 = ORIENTED_EDGE('',*,*,#1347,.F.);
#2769 = PLANE('',#2770);
#2770 = AXIS2_PLACEMENT_3D('',#2771,#2772,#2773);
#2771 = CARTESIAN_POINT('',(-23.5,48.575,0.));
#2772 = DIRECTION('',(0.,1.,0.));
#2773 = DIRECTION('',(1.,0.,0.));
#2774 = ADVANCED_FACE('',(#2775),#2794,.T.);
#2775 = FACE_BOUND('',#2776,.F.);
#2776 = EDGE_LOOP('',(#2777,#2778,#2787,#2793));
#2777 = ORIENTED_EDGE('',*,*,#2754,.T.);
#2778 = ORIENTED_EDGE('',*,*,#2779,.T.);
#2779 = EDGE_CURVE('',#2755,#2780,#2782,.T.);
#2780 = VERTEX_POINT('',#2781);
#2781 = CARTESIAN_POINT('',(-27.47702923683,45.003063604381,1.));
#2782 = CIRCLE('',#2783,4.);
#2783 = AXIS2_PLACEMENT_3D('',#2784,#2785,#2786);
#2784 = CARTESIAN_POINT('',(-23.5,44.575,1.));
#2785 = DIRECTION('',(0.,0.,1.));
#2786 = DIRECTION('',(1.,0.,0.));
#2787 = ORIENTED_EDGE('',*,*,#2788,.F.);
#2788 = EDGE_CURVE('',#1330,#2780,#2789,.T.);
#2789 = LINE('',#2790,#2791);
#2790 = CARTESIAN_POINT('',(-27.47702923683,45.003063604381,0.));
#2791 = VECTOR('',#2792,1.);
#2792 = DIRECTION('',(0.,0.,1.));
#2793 = ORIENTED_EDGE('',*,*,#1338,.F.);
#2794 = CYLINDRICAL_SURFACE('',#2795,4.);
#2795 = AXIS2_PLACEMENT_3D('',#2796,#2797,#2798);
#2796 = CARTESIAN_POINT('',(-23.5,44.575,0.));
#2797 = DIRECTION('',(-0.,-0.,-1.));
#2798 = DIRECTION('',(1.,0.,0.));
#2799 = ADVANCED_FACE('',(#2800),#2819,.T.);
#2800 = FACE_BOUND('',#2801,.F.);
#2801 = EDGE_LOOP('',(#2802,#2803,#2812,#2818));
#2802 = ORIENTED_EDGE('',*,*,#2788,.T.);
#2803 = ORIENTED_EDGE('',*,*,#2804,.T.);
#2804 = EDGE_CURVE('',#2780,#2805,#2807,.T.);
#2805 = VERTEX_POINT('',#2806);
#2806 = CARTESIAN_POINT('',(-26.3,42.961057109949,1.));
#2807 = CIRCLE('',#2808,2.);
#2808 = AXIS2_PLACEMENT_3D('',#2809,#2810,#2811);
#2809 = CARTESIAN_POINT('',(-25.48851461841,44.78903180219,1.));
#2810 = DIRECTION('',(0.,0.,1.));
#2811 = DIRECTION('',(1.,0.,0.));
#2812 = ORIENTED_EDGE('',*,*,#2813,.F.);
#2813 = EDGE_CURVE('',#1322,#2805,#2814,.T.);
#2814 = LINE('',#2815,#2816);
#2815 = CARTESIAN_POINT('',(-26.3,42.961057109949,0.));
#2816 = VECTOR('',#2817,1.);
#2817 = DIRECTION('',(0.,0.,1.));
#2818 = ORIENTED_EDGE('',*,*,#1329,.F.);
#2819 = CYLINDRICAL_SURFACE('',#2820,2.);
#2820 = AXIS2_PLACEMENT_3D('',#2821,#2822,#2823);
#2821 = CARTESIAN_POINT('',(-25.48851461841,44.78903180219,0.));
#2822 = DIRECTION('',(-0.,-0.,-1.));
#2823 = DIRECTION('',(1.,0.,0.));
#2824 = ADVANCED_FACE('',(#2825),#2842,.F.);
#2825 = FACE_BOUND('',#2826,.F.);
#2826 = EDGE_LOOP('',(#2827,#2828,#2829,#2835,#2836));
#2827 = ORIENTED_EDGE('',*,*,#1497,.F.);
#2828 = ORIENTED_EDGE('',*,*,#1555,.T.);
#2829 = ORIENTED_EDGE('',*,*,#2830,.T.);
#2830 = EDGE_CURVE('',#1556,#1313,#2831,.T.);
#2831 = LINE('',#2832,#2833);
#2832 = CARTESIAN_POINT('',(-26.3,41.561057109949,0.));
#2833 = VECTOR('',#2834,1.);
#2834 = DIRECTION('',(0.,0.,1.));
#2835 = ORIENTED_EDGE('',*,*,#1321,.F.);
#2836 = ORIENTED_EDGE('',*,*,#2837,.F.);
#2837 = EDGE_CURVE('',#1479,#1322,#2838,.T.);
#2838 = LINE('',#2839,#2840);
#2839 = CARTESIAN_POINT('',(-26.3,-44.575,1.06581410364E-14));
#2840 = VECTOR('',#2841,1.);
#2841 = DIRECTION('',(0.,-1.,0.));
#2842 = PLANE('',#2843);
#2843 = AXIS2_PLACEMENT_3D('',#2844,#2845,#2846);
#2844 = CARTESIAN_POINT('',(-26.3,-44.575,1.06581410364E-14));
#2845 = DIRECTION('',(-1.,0.,0.));
#2846 = DIRECTION('',(0.,-2.22044604925E-16,-1.));
#2847 = ADVANCED_FACE('',(#2848),#2893,.F.);
#2848 = FACE_BOUND('',#2849,.F.);
#2849 = EDGE_LOOP('',(#2850,#2851,#2859,#2868,#2876,#2891,#2892));
#2850 = ORIENTED_EDGE('',*,*,#1563,.F.);
#2851 = ORIENTED_EDGE('',*,*,#2852,.T.);
#2852 = EDGE_CURVE('',#1514,#2853,#2855,.T.);
#2853 = VERTEX_POINT('',#2854);
#2854 = CARTESIAN_POINT('',(-25.4,41.775,-5.7));
#2855 = LINE('',#2856,#2857);
#2856 = CARTESIAN_POINT('',(-25.4,41.775,0.));
#2857 = VECTOR('',#2858,1.);
#2858 = DIRECTION('',(-0.,-0.,-1.));
#2859 = ORIENTED_EDGE('',*,*,#2860,.T.);
#2860 = EDGE_CURVE('',#2853,#2861,#2863,.T.);
#2861 = VERTEX_POINT('',#2862);
#2862 = CARTESIAN_POINT('',(-27.4,39.775,-5.7));
#2863 = CIRCLE('',#2864,2.);
#2864 = AXIS2_PLACEMENT_3D('',#2865,#2866,#2867);
#2865 = CARTESIAN_POINT('',(-25.4,39.775,-5.7));
#2866 = DIRECTION('',(0.,0.,1.));
#2867 = DIRECTION('',(1.,0.,0.));
#2868 = ORIENTED_EDGE('',*,*,#2869,.F.);
#2869 = EDGE_CURVE('',#2870,#2861,#2872,.T.);
#2870 = VERTEX_POINT('',#2871);
#2871 = CARTESIAN_POINT('',(-27.4,39.775,-1.766352173266));
#2872 = LINE('',#2873,#2874);
#2873 = CARTESIAN_POINT('',(-27.4,39.775,0.));
#2874 = VECTOR('',#2875,1.);
#2875 = DIRECTION('',(-0.,-0.,-1.));
#2876 = ORIENTED_EDGE('',*,*,#2877,.F.);
#2877 = EDGE_CURVE('',#1305,#2870,#2878,.T.);
#2878 = B_SPLINE_CURVE_WITH_KNOTS('',6,(#2879,#2880,#2881,#2882,#2883,
    #2884,#2885,#2886,#2887,#2888,#2889,#2890),.UNSPECIFIED.,.F.,.F.,(7,
    5,7),(0.,0.424069414845,1.),.UNSPECIFIED.);
#2879 = CARTESIAN_POINT('',(-27.35959179422,40.175,7.105427357601E-15));
#2880 = CARTESIAN_POINT('',(-27.35959179422,40.175,-0.127615896025));
#2881 = CARTESIAN_POINT('',(-27.36056468977,40.170233449581,
    -0.255219243464));
#2882 = CARTESIAN_POINT('',(-27.36251051359,40.160701959366,
    -0.382672934572));
#2883 = CARTESIAN_POINT('',(-27.36533901397,40.146400165968,
    -0.509832534031));
#2884 = CARTESIAN_POINT('',(-27.36887219416,40.127318133193,
    -0.636546077643));
#2885 = CARTESIAN_POINT('',(-27.37824485244,40.071019850145,
    -0.933921433996));
#2886 = CARTESIAN_POINT('',(-27.38445671169,40.029758984563,
    -1.104059643971));
#2887 = CARTESIAN_POINT('',(-27.39082772858,39.979613759363,
    -1.272768128741));
#2888 = CARTESIAN_POINT('',(-27.39641390117,39.920498856506,
    -1.439695682766));
#2889 = CARTESIAN_POINT('',(-27.4,39.852311908153,-1.604405951841));
#2890 = CARTESIAN_POINT('',(-27.4,39.775,-1.766352173266));
#2891 = ORIENTED_EDGE('',*,*,#1312,.F.);
#2892 = ORIENTED_EDGE('',*,*,#2830,.F.);
#2893 = CYLINDRICAL_SURFACE('',#2894,2.);
#2894 = AXIS2_PLACEMENT_3D('',#2895,#2896,#2897);
#2895 = CARTESIAN_POINT('',(-25.4,39.775,0.));
#2896 = DIRECTION('',(0.,0.,1.));
#2897 = DIRECTION('',(1.,0.,0.));
#2898 = ADVANCED_FACE('',(#2899),#2927,.F.);
#2899 = FACE_BOUND('',#2900,.T.);
#2900 = EDGE_LOOP('',(#2901,#2911,#2918,#2919,#2920));
#2901 = ORIENTED_EDGE('',*,*,#2902,.F.);
#2902 = EDGE_CURVE('',#2903,#2905,#2907,.T.);
#2903 = VERTEX_POINT('',#2904);
#2904 = CARTESIAN_POINT('',(-27.4,36.075,-4.1));
#2905 = VERTEX_POINT('',#2906);
#2906 = CARTESIAN_POINT('',(-28.55,36.075,-4.1));
#2907 = LINE('',#2908,#2909);
#2908 = CARTESIAN_POINT('',(-26.3,36.075,-4.1));
#2909 = VECTOR('',#2910,1.);
#2910 = DIRECTION('',(-1.,1.008857463847E-30,5.640874432778E-32));
#2911 = ORIENTED_EDGE('',*,*,#2912,.T.);
#2912 = EDGE_CURVE('',#2903,#2870,#2913,.T.);
#2913 = CIRCLE('',#2914,4.1);
#2914 = AXIS2_PLACEMENT_3D('',#2915,#2916,#2917);
#2915 = CARTESIAN_POINT('',(-27.4,36.075,0.));
#2916 = DIRECTION('',(1.,0.,0.));
#2917 = DIRECTION('',(0.,-1.,0.));
#2918 = ORIENTED_EDGE('',*,*,#2877,.F.);
#2919 = ORIENTED_EDGE('',*,*,#1304,.F.);
#2920 = ORIENTED_EDGE('',*,*,#2921,.F.);
#2921 = EDGE_CURVE('',#2905,#1297,#2922,.T.);
#2922 = CIRCLE('',#2923,4.1);
#2923 = AXIS2_PLACEMENT_3D('',#2924,#2925,#2926);
#2924 = CARTESIAN_POINT('',(-28.55,36.075,1.7763568394E-15));
#2925 = DIRECTION('',(1.,-0.,0.));
#2926 = DIRECTION('',(0.,0.,-1.));
#2927 = CYLINDRICAL_SURFACE('',#2928,4.1);
#2928 = AXIS2_PLACEMENT_3D('',#2929,#2930,#2931);
#2929 = CARTESIAN_POINT('',(-26.3,36.075,0.));
#2930 = DIRECTION('',(1.,0.,0.));
#2931 = DIRECTION('',(0.,-1.,0.));
#2932 = ADVANCED_FACE('',(#2933),#2944,.F.);
#2933 = FACE_BOUND('',#2934,.F.);
#2934 = EDGE_LOOP('',(#2935,#2941,#2942,#2943));
#2935 = ORIENTED_EDGE('',*,*,#2936,.F.);
#2936 = EDGE_CURVE('',#2661,#2905,#2937,.T.);
#2937 = LINE('',#2938,#2939);
#2938 = CARTESIAN_POINT('',(-28.675,36.075,-4.225));
#2939 = VECTOR('',#2940,1.);
#2940 = DIRECTION('',(0.707106781187,-2.231959162036E-35,0.707106781187)
  );
#2941 = ORIENTED_EDGE('',*,*,#2660,.T.);
#2942 = ORIENTED_EDGE('',*,*,#1296,.T.);
#2943 = ORIENTED_EDGE('',*,*,#2921,.F.);
#2944 = CONICAL_SURFACE('',#2945,4.1,0.785398163397);
#2945 = AXIS2_PLACEMENT_3D('',#2946,#2947,#2948);
#2946 = CARTESIAN_POINT('',(-28.55,36.075,1.7763568394E-15));
#2947 = DIRECTION('',(-1.,-0.,-0.));
#2948 = DIRECTION('',(0.,0.,-1.));
#2949 = ADVANCED_FACE('',(#2950),#2969,.F.);
#2950 = FACE_BOUND('',#2951,.T.);
#2951 = EDGE_LOOP('',(#2952,#2953,#2962,#2968));
#2952 = ORIENTED_EDGE('',*,*,#1447,.T.);
#2953 = ORIENTED_EDGE('',*,*,#2954,.T.);
#2954 = EDGE_CURVE('',#1448,#2955,#2957,.T.);
#2955 = VERTEX_POINT('',#2956);
#2956 = CARTESIAN_POINT('',(-26.3,44.575,1.));
#2957 = CIRCLE('',#2958,2.8);
#2958 = AXIS2_PLACEMENT_3D('',#2959,#2960,#2961);
#2959 = CARTESIAN_POINT('',(-23.5,44.575,1.));
#2960 = DIRECTION('',(0.,0.,1.));
#2961 = DIRECTION('',(1.,0.,0.));
#2962 = ORIENTED_EDGE('',*,*,#2963,.F.);
#2963 = EDGE_CURVE('',#1479,#2955,#2964,.T.);
#2964 = LINE('',#2965,#2966);
#2965 = CARTESIAN_POINT('',(-26.3,44.575,0.));
#2966 = VECTOR('',#2967,1.);
#2967 = DIRECTION('',(0.,0.,1.));
#2968 = ORIENTED_EDGE('',*,*,#1478,.F.);
#2969 = CYLINDRICAL_SURFACE('',#2970,2.8);
#2970 = AXIS2_PLACEMENT_3D('',#2971,#2972,#2973);
#2971 = CARTESIAN_POINT('',(-23.5,44.575,0.));
#2972 = DIRECTION('',(-0.,-0.,-1.));
#2973 = DIRECTION('',(1.,0.,0.));
#2974 = ADVANCED_FACE('',(#2975),#2989,.T.);
#2975 = FACE_BOUND('',#2976,.F.);
#2976 = EDGE_LOOP('',(#2977,#2983,#2984,#2985,#2986,#2987,#2988));
#2977 = ORIENTED_EDGE('',*,*,#2978,.T.);
#2978 = EDGE_CURVE('',#2955,#2805,#2979,.T.);
#2979 = LINE('',#2980,#2981);
#2980 = CARTESIAN_POINT('',(-26.3,44.575,1.));
#2981 = VECTOR('',#2982,1.);
#2982 = DIRECTION('',(0.,-1.,0.));
#2983 = ORIENTED_EDGE('',*,*,#2804,.F.);
#2984 = ORIENTED_EDGE('',*,*,#2779,.F.);
#2985 = ORIENTED_EDGE('',*,*,#2762,.T.);
#2986 = ORIENTED_EDGE('',*,*,#2730,.F.);
#2987 = ORIENTED_EDGE('',*,*,#1455,.F.);
#2988 = ORIENTED_EDGE('',*,*,#2954,.T.);
#2989 = PLANE('',#2990);
#2990 = AXIS2_PLACEMENT_3D('',#2991,#2992,#2993);
#2991 = CARTESIAN_POINT('',(2.743319958556,-4.42142293462,1.));
#2992 = DIRECTION('',(0.,0.,1.));
#2993 = DIRECTION('',(1.,0.,0.));
#2994 = ADVANCED_FACE('',(#2995),#3013,.F.);
#2995 = FACE_BOUND('',#2996,.F.);
#2996 = EDGE_LOOP('',(#2997,#2998,#3006,#3012));
#2997 = ORIENTED_EDGE('',*,*,#1511,.F.);
#2998 = ORIENTED_EDGE('',*,*,#2999,.F.);
#2999 = EDGE_CURVE('',#3000,#1512,#3002,.T.);
#3000 = VERTEX_POINT('',#3001);
#3001 = CARTESIAN_POINT('',(-24.3,41.775,-5.7));
#3002 = LINE('',#3003,#3004);
#3003 = CARTESIAN_POINT('',(-24.3,41.775,-9.6));
#3004 = VECTOR('',#3005,1.);
#3005 = DIRECTION('',(2.895299245675E-33,1.613015563139E-33,1.));
#3006 = ORIENTED_EDGE('',*,*,#3007,.T.);
#3007 = EDGE_CURVE('',#3000,#2853,#3008,.T.);
#3008 = LINE('',#3009,#3010);
#3009 = CARTESIAN_POINT('',(-24.3,41.775,-5.7));
#3010 = VECTOR('',#3011,1.);
#3011 = DIRECTION('',(-1.,0.,0.));
#3012 = ORIENTED_EDGE('',*,*,#2852,.F.);
#3013 = PLANE('',#3014);
#3014 = AXIS2_PLACEMENT_3D('',#3015,#3016,#3017);
#3015 = CARTESIAN_POINT('',(-24.3,41.775,0.));
#3016 = DIRECTION('',(0.,1.,0.));
#3017 = DIRECTION('',(-1.,0.,0.));
#3018 = ADVANCED_FACE('',(#3019),#3037,.F.);
#3019 = FACE_BOUND('',#3020,.F.);
#3020 = EDGE_LOOP('',(#3021,#3029,#3030,#3031));
#3021 = ORIENTED_EDGE('',*,*,#3022,.T.);
#3022 = EDGE_CURVE('',#3023,#1530,#3025,.T.);
#3023 = VERTEX_POINT('',#3024);
#3024 = CARTESIAN_POINT('',(-20.7,44.575,-7.6));
#3025 = LINE('',#3026,#3027);
#3026 = CARTESIAN_POINT('',(-20.7,44.575,-9.6));
#3027 = VECTOR('',#3028,1.);
#3028 = DIRECTION('',(2.895299245675E-33,1.613015563139E-33,1.));
#3029 = ORIENTED_EDGE('',*,*,#1538,.T.);
#3030 = ORIENTED_EDGE('',*,*,#1591,.F.);
#3031 = ORIENTED_EDGE('',*,*,#3032,.T.);
#3032 = EDGE_CURVE('',#1592,#3023,#3033,.T.);
#3033 = LINE('',#3034,#3035);
#3034 = CARTESIAN_POINT('',(-20.7,45.375,-7.6));
#3035 = VECTOR('',#3036,1.);
#3036 = DIRECTION('',(-0.,-1.,-0.));
#3037 = PLANE('',#3038);
#3038 = AXIS2_PLACEMENT_3D('',#3039,#3040,#3041);
#3039 = CARTESIAN_POINT('',(-20.7,44.575,-9.6));
#3040 = DIRECTION('',(-1.,0.,2.895299245675E-33));
#3041 = DIRECTION('',(0.,1.,0.));
#3042 = ADVANCED_FACE('',(#3043),#3062,.T.);
#3043 = FACE_BOUND('',#3044,.F.);
#3044 = EDGE_LOOP('',(#3045,#3053,#3054,#3055));
#3045 = ORIENTED_EDGE('',*,*,#3046,.T.);
#3046 = EDGE_CURVE('',#3047,#1522,#3049,.T.);
#3047 = VERTEX_POINT('',#3048);
#3048 = CARTESIAN_POINT('',(-23.5,41.775,-7.6));
#3049 = LINE('',#3050,#3051);
#3050 = CARTESIAN_POINT('',(-23.5,41.775,-9.6));
#3051 = VECTOR('',#3052,1.);
#3052 = DIRECTION('',(2.895299245675E-33,1.613015563139E-33,1.));
#3053 = ORIENTED_EDGE('',*,*,#1529,.T.);
#3054 = ORIENTED_EDGE('',*,*,#3022,.F.);
#3055 = ORIENTED_EDGE('',*,*,#3056,.T.);
#3056 = EDGE_CURVE('',#3023,#3047,#3057,.T.);
#3057 = CIRCLE('',#3058,2.8);
#3058 = AXIS2_PLACEMENT_3D('',#3059,#3060,#3061);
#3059 = CARTESIAN_POINT('',(-23.5,44.575,-7.6));
#3060 = DIRECTION('',(-7.548369822181E-34,9.336947708948E-34,-1.));
#3061 = DIRECTION('',(1.,-6.669248363535E-34,-7.548369822181E-34));
#3062 = CYLINDRICAL_SURFACE('',#3063,2.8);
#3063 = AXIS2_PLACEMENT_3D('',#3064,#3065,#3066);
#3064 = CARTESIAN_POINT('',(-23.5,44.575,-9.6));
#3065 = DIRECTION('',(-0.,-0.,-1.));
#3066 = DIRECTION('',(1.,0.,0.));
#3067 = ADVANCED_FACE('',(#3068),#3087,.F.);
#3068 = FACE_BOUND('',#3069,.F.);
#3069 = EDGE_LOOP('',(#3070,#3078,#3079,#3080,#3081));
#3070 = ORIENTED_EDGE('',*,*,#3071,.T.);
#3071 = EDGE_CURVE('',#3072,#3000,#3074,.T.);
#3072 = VERTEX_POINT('',#3073);
#3073 = CARTESIAN_POINT('',(-24.3,41.775,-7.6));
#3074 = LINE('',#3075,#3076);
#3075 = CARTESIAN_POINT('',(-24.3,41.775,-9.6));
#3076 = VECTOR('',#3077,1.);
#3077 = DIRECTION('',(2.895299245675E-33,1.613015563139E-33,1.));
#3078 = ORIENTED_EDGE('',*,*,#2999,.T.);
#3079 = ORIENTED_EDGE('',*,*,#1521,.T.);
#3080 = ORIENTED_EDGE('',*,*,#3046,.F.);
#3081 = ORIENTED_EDGE('',*,*,#3082,.T.);
#3082 = EDGE_CURVE('',#3047,#3072,#3083,.T.);
#3083 = LINE('',#3084,#3085);
#3084 = CARTESIAN_POINT('',(-23.5,41.775,-7.6));
#3085 = VECTOR('',#3086,1.);
#3086 = DIRECTION('',(-1.,-0.,-0.));
#3087 = PLANE('',#3088);
#3088 = AXIS2_PLACEMENT_3D('',#3089,#3090,#3091);
#3089 = CARTESIAN_POINT('',(-24.3,41.775,-9.6));
#3090 = DIRECTION('',(0.,1.,-1.613015563139E-33));
#3091 = DIRECTION('',(1.,0.,0.));
#3092 = ADVANCED_FACE('',(#3093),#3112,.F.);
#3093 = FACE_BOUND('',#3094,.T.);
#3094 = EDGE_LOOP('',(#3095,#3103,#3110,#3111));
#3095 = ORIENTED_EDGE('',*,*,#3096,.F.);
#3096 = EDGE_CURVE('',#3097,#1573,#3099,.T.);
#3097 = VERTEX_POINT('',#3098);
#3098 = CARTESIAN_POINT('',(-24.6,44.475,-9.9));
#3099 = LINE('',#3100,#3101);
#3100 = CARTESIAN_POINT('',(-24.6,44.475,-9.9));
#3101 = VECTOR('',#3102,1.);
#3102 = DIRECTION('',(6.100154465449E-17,0.,1.));
#3103 = ORIENTED_EDGE('',*,*,#3104,.T.);
#3104 = EDGE_CURVE('',#3097,#3097,#3105,.T.);
#3105 = CIRCLE('',#3106,1.2);
#3106 = AXIS2_PLACEMENT_3D('',#3107,#3108,#3109);
#3107 = CARTESIAN_POINT('',(-23.4,44.475,-9.9));
#3108 = DIRECTION('',(0.,0.,-1.));
#3109 = DIRECTION('',(-1.,0.,0.));
#3110 = ORIENTED_EDGE('',*,*,#3096,.T.);
#3111 = ORIENTED_EDGE('',*,*,#1572,.T.);
#3112 = CYLINDRICAL_SURFACE('',#3113,1.2);
#3113 = AXIS2_PLACEMENT_3D('',#3114,#3115,#3116);
#3114 = CARTESIAN_POINT('',(-23.4,44.475,-9.9));
#3115 = DIRECTION('',(0.,0.,1.));
#3116 = DIRECTION('',(-1.,0.,0.));
#3117 = ADVANCED_FACE('',(#3118,#3164,#3175,#3186,#3197),#3208,.T.);
#3118 = FACE_BOUND('',#3119,.T.);
#3119 = EDGE_LOOP('',(#3120,#3129,#3130,#3131,#3132,#3141,#3149,#3158));
#3120 = ORIENTED_EDGE('',*,*,#3121,.F.);
#3121 = EDGE_CURVE('',#1660,#3122,#3124,.T.);
#3122 = VERTEX_POINT('',#3123);
#3123 = CARTESIAN_POINT('',(-27.3,44.575,-10.6));
#3124 = CIRCLE('',#3125,3.8);
#3125 = AXIS2_PLACEMENT_3D('',#3126,#3127,#3128);
#3126 = CARTESIAN_POINT('',(-23.5,44.575,-10.6));
#3127 = DIRECTION('',(0.,0.,1.));
#3128 = DIRECTION('',(1.,0.,0.));
#3129 = ORIENTED_EDGE('',*,*,#1657,.F.);
#3130 = ORIENTED_EDGE('',*,*,#1730,.F.);
#3131 = ORIENTED_EDGE('',*,*,#1772,.F.);
#3132 = ORIENTED_EDGE('',*,*,#3133,.F.);
#3133 = EDGE_CURVE('',#3134,#1773,#3136,.T.);
#3134 = VERTEX_POINT('',#3135);
#3135 = CARTESIAN_POINT('',(23.5,-48.375,-10.6));
#3136 = CIRCLE('',#3137,3.8);
#3137 = AXIS2_PLACEMENT_3D('',#3138,#3139,#3140);
#3138 = CARTESIAN_POINT('',(23.5,-44.575,-10.6));
#3139 = DIRECTION('',(0.,0.,1.));
#3140 = DIRECTION('',(1.,0.,0.));
#3141 = ORIENTED_EDGE('',*,*,#3142,.F.);
#3142 = EDGE_CURVE('',#3143,#3134,#3145,.T.);
#3143 = VERTEX_POINT('',#3144);
#3144 = CARTESIAN_POINT('',(-23.5,-48.375,-10.6));
#3145 = LINE('',#3146,#3147);
#3146 = CARTESIAN_POINT('',(23.5,-48.375,-10.6));
#3147 = VECTOR('',#3148,1.);
#3148 = DIRECTION('',(1.,-9.494107596575E-16,0.));
#3149 = ORIENTED_EDGE('',*,*,#3150,.F.);
#3150 = EDGE_CURVE('',#3151,#3143,#3153,.T.);
#3151 = VERTEX_POINT('',#3152);
#3152 = CARTESIAN_POINT('',(-27.3,-44.575,-10.6));
#3153 = CIRCLE('',#3154,3.8);
#3154 = AXIS2_PLACEMENT_3D('',#3155,#3156,#3157);
#3155 = CARTESIAN_POINT('',(-23.5,-44.575,-10.6));
#3156 = DIRECTION('',(0.,0.,1.));
#3157 = DIRECTION('',(1.,0.,0.));
#3158 = ORIENTED_EDGE('',*,*,#3159,.F.);
#3159 = EDGE_CURVE('',#3122,#3151,#3160,.T.);
#3160 = LINE('',#3161,#3162);
#3161 = CARTESIAN_POINT('',(-27.3,-44.575,-10.6));
#3162 = VECTOR('',#3163,1.);
#3163 = DIRECTION('',(0.,-1.,0.));
#3164 = FACE_BOUND('',#3165,.T.);
#3165 = EDGE_LOOP('',(#3166));
#3166 = ORIENTED_EDGE('',*,*,#3167,.F.);
#3167 = EDGE_CURVE('',#3168,#3168,#3170,.T.);
#3168 = VERTEX_POINT('',#3169);
#3169 = CARTESIAN_POINT('',(21.5,-44.475,-10.6));
#3170 = CIRCLE('',#3171,1.9);
#3171 = AXIS2_PLACEMENT_3D('',#3172,#3173,#3174);
#3172 = CARTESIAN_POINT('',(23.4,-44.475,-10.6));
#3173 = DIRECTION('',(0.,0.,-1.));
#3174 = DIRECTION('',(-1.,0.,0.));
#3175 = FACE_BOUND('',#3176,.T.);
#3176 = EDGE_LOOP('',(#3177));
#3177 = ORIENTED_EDGE('',*,*,#3178,.F.);
#3178 = EDGE_CURVE('',#3179,#3179,#3181,.T.);
#3179 = VERTEX_POINT('',#3180);
#3180 = CARTESIAN_POINT('',(-25.3,-44.475,-10.6));
#3181 = CIRCLE('',#3182,1.9);
#3182 = AXIS2_PLACEMENT_3D('',#3183,#3184,#3185);
#3183 = CARTESIAN_POINT('',(-23.4,-44.475,-10.6));
#3184 = DIRECTION('',(0.,0.,-1.));
#3185 = DIRECTION('',(-1.,0.,0.));
#3186 = FACE_BOUND('',#3187,.T.);
#3187 = EDGE_LOOP('',(#3188));
#3188 = ORIENTED_EDGE('',*,*,#3189,.F.);
#3189 = EDGE_CURVE('',#3190,#3190,#3192,.T.);
#3190 = VERTEX_POINT('',#3191);
#3191 = CARTESIAN_POINT('',(21.5,44.475,-10.6));
#3192 = CIRCLE('',#3193,1.9);
#3193 = AXIS2_PLACEMENT_3D('',#3194,#3195,#3196);
#3194 = CARTESIAN_POINT('',(23.4,44.475,-10.6));
#3195 = DIRECTION('',(0.,0.,-1.));
#3196 = DIRECTION('',(-1.,0.,0.));
#3197 = FACE_BOUND('',#3198,.T.);
#3198 = EDGE_LOOP('',(#3199));
#3199 = ORIENTED_EDGE('',*,*,#3200,.F.);
#3200 = EDGE_CURVE('',#3201,#3201,#3203,.T.);
#3201 = VERTEX_POINT('',#3202);
#3202 = CARTESIAN_POINT('',(-25.3,44.475,-10.6));
#3203 = CIRCLE('',#3204,1.9);
#3204 = AXIS2_PLACEMENT_3D('',#3205,#3206,#3207);
#3205 = CARTESIAN_POINT('',(-23.4,44.475,-10.6));
#3206 = DIRECTION('',(0.,0.,-1.));
#3207 = DIRECTION('',(-1.,0.,0.));
#3208 = PLANE('',#3209);
#3209 = AXIS2_PLACEMENT_3D('',#3210,#3211,#3212);
#3210 = CARTESIAN_POINT('',(-1.383124949746E-14,-3.073610999435E-15,
    -10.6));
#3211 = DIRECTION('',(-0.,-0.,-1.));
#3212 = DIRECTION('',(-1.,0.,0.));
#3213 = ADVANCED_FACE('',(#3214),#3225,.T.);
#3214 = FACE_BOUND('',#3215,.T.);
#3215 = EDGE_LOOP('',(#3216,#3217,#3223,#3224));
#3216 = ORIENTED_EDGE('',*,*,#3121,.T.);
#3217 = ORIENTED_EDGE('',*,*,#3218,.T.);
#3218 = EDGE_CURVE('',#3122,#1689,#3219,.T.);
#3219 = LINE('',#3220,#3221);
#3220 = CARTESIAN_POINT('',(-27.3,44.575,-10.6));
#3221 = VECTOR('',#3222,1.);
#3222 = DIRECTION('',(-0.707106781187,-5.4144137785E-16,0.707106781187)
  );
#3223 = ORIENTED_EDGE('',*,*,#1688,.F.);
#3224 = ORIENTED_EDGE('',*,*,#1674,.F.);
#3225 = CONICAL_SURFACE('',#3226,3.8,0.785398163397);
#3226 = AXIS2_PLACEMENT_3D('',#3227,#3228,#3229);
#3227 = CARTESIAN_POINT('',(-23.5,44.575,-10.6));
#3228 = DIRECTION('',(0.,0.,1.));
#3229 = DIRECTION('',(1.,0.,0.));
#3230 = ADVANCED_FACE('',(#3231),#3242,.T.);
#3231 = FACE_BOUND('',#3232,.T.);
#3232 = EDGE_LOOP('',(#3233,#3234,#3235,#3236));
#3233 = ORIENTED_EDGE('',*,*,#3133,.T.);
#3234 = ORIENTED_EDGE('',*,*,#1780,.T.);
#3235 = ORIENTED_EDGE('',*,*,#1808,.F.);
#3236 = ORIENTED_EDGE('',*,*,#3237,.F.);
#3237 = EDGE_CURVE('',#3134,#1809,#3238,.T.);
#3238 = LINE('',#3239,#3240);
#3239 = CARTESIAN_POINT('',(23.5,-48.375,-10.6));
#3240 = VECTOR('',#3241,1.);
#3241 = DIRECTION('',(-8.283440321537E-16,-0.707106781187,0.707106781187
    ));
#3242 = CONICAL_SURFACE('',#3243,3.8,0.785398163397);
#3243 = AXIS2_PLACEMENT_3D('',#3244,#3245,#3246);
#3244 = CARTESIAN_POINT('',(23.5,-44.575,-10.6));
#3245 = DIRECTION('',(0.,0.,1.));
#3246 = DIRECTION('',(1.,0.,0.));
#3247 = ADVANCED_FACE('',(#3248),#3259,.F.);
#3248 = FACE_BOUND('',#3249,.F.);
#3249 = EDGE_LOOP('',(#3250,#3251,#3257,#3258));
#3250 = ORIENTED_EDGE('',*,*,#3142,.F.);
#3251 = ORIENTED_EDGE('',*,*,#3252,.T.);
#3252 = EDGE_CURVE('',#3143,#1834,#3253,.T.);
#3253 = LINE('',#3254,#3255);
#3254 = CARTESIAN_POINT('',(-23.5,-48.375,-10.6));
#3255 = VECTOR('',#3256,1.);
#3256 = DIRECTION('',(-1.298934084353E-16,-0.707106781187,0.707106781187
    ));
#3257 = ORIENTED_EDGE('',*,*,#1833,.T.);
#3258 = ORIENTED_EDGE('',*,*,#3237,.F.);
#3259 = PLANE('',#3260);
#3260 = AXIS2_PLACEMENT_3D('',#3261,#3262,#3263);
#3261 = CARTESIAN_POINT('',(23.5,-48.375,-10.6));
#3262 = DIRECTION('',(0.,0.707106781187,0.707106781187));
#3263 = DIRECTION('',(-8.283440321537E-16,-0.707106781187,0.707106781187
    ));
#3264 = ADVANCED_FACE('',(#3265),#3284,.F.);
#3265 = FACE_BOUND('',#3266,.F.);
#3266 = EDGE_LOOP('',(#3267,#3276,#3277,#3278));
#3267 = ORIENTED_EDGE('',*,*,#3268,.T.);
#3268 = EDGE_CURVE('',#3269,#1908,#3271,.T.);
#3269 = VERTEX_POINT('',#3270);
#3270 = CARTESIAN_POINT('',(3.29,-49.575,-3.445));
#3271 = CIRCLE('',#3272,3.08);
#3272 = AXIS2_PLACEMENT_3D('',#3273,#3274,#3275);
#3273 = CARTESIAN_POINT('',(3.29,-49.575,-0.365));
#3274 = DIRECTION('',(0.,-1.,0.));
#3275 = DIRECTION('',(1.,0.,0.));
#3276 = ORIENTED_EDGE('',*,*,#1915,.T.);
#3277 = ORIENTED_EDGE('',*,*,#1882,.F.);
#3278 = ORIENTED_EDGE('',*,*,#3279,.F.);
#3279 = EDGE_CURVE('',#3269,#1875,#3280,.T.);
#3280 = LINE('',#3281,#3282);
#3281 = CARTESIAN_POINT('',(3.29,-49.575,-3.445));
#3282 = VECTOR('',#3283,1.);
#3283 = DIRECTION('',(0.,-0.707106781187,-0.707106781187));
#3284 = CONICAL_SURFACE('',#3285,3.08,0.785398163397);
#3285 = AXIS2_PLACEMENT_3D('',#3286,#3287,#3288);
#3286 = CARTESIAN_POINT('',(3.29,-49.575,-0.365));
#3287 = DIRECTION('',(0.,-1.,0.));
#3288 = DIRECTION('',(1.,0.,0.));
#3289 = ADVANCED_FACE('',(#3290),#3308,.T.);
#3290 = FACE_BOUND('',#3291,.T.);
#3291 = EDGE_LOOP('',(#3292,#3300,#3306,#3307));
#3292 = ORIENTED_EDGE('',*,*,#3293,.F.);
#3293 = EDGE_CURVE('',#3294,#3269,#3296,.T.);
#3294 = VERTEX_POINT('',#3295);
#3295 = CARTESIAN_POINT('',(-3.09,-49.575,-3.445));
#3296 = LINE('',#3297,#3298);
#3297 = CARTESIAN_POINT('',(3.29,-49.575,-3.445));
#3298 = VECTOR('',#3299,1.);
#3299 = DIRECTION('',(1.,0.,0.));
#3300 = ORIENTED_EDGE('',*,*,#3301,.T.);
#3301 = EDGE_CURVE('',#3294,#1866,#3302,.T.);
#3302 = LINE('',#3303,#3304);
#3303 = CARTESIAN_POINT('',(-3.09,-49.575,-3.445));
#3304 = VECTOR('',#3305,1.);
#3305 = DIRECTION('',(0.,-0.707106781187,-0.707106781187));
#3306 = ORIENTED_EDGE('',*,*,#1874,.T.);
#3307 = ORIENTED_EDGE('',*,*,#3279,.F.);
#3308 = PLANE('',#3309);
#3309 = AXIS2_PLACEMENT_3D('',#3310,#3311,#3312);
#3310 = CARTESIAN_POINT('',(3.29,-49.575,-3.445));
#3311 = DIRECTION('',(0.,-0.707106781187,0.707106781187));
#3312 = DIRECTION('',(0.,-0.707106781187,-0.707106781187));
#3313 = ADVANCED_FACE('',(#3314),#3333,.F.);
#3314 = FACE_BOUND('',#3315,.F.);
#3315 = EDGE_LOOP('',(#3316,#3325,#3326,#3327));
#3316 = ORIENTED_EDGE('',*,*,#3317,.T.);
#3317 = EDGE_CURVE('',#3318,#3294,#3320,.T.);
#3318 = VERTEX_POINT('',#3319);
#3319 = CARTESIAN_POINT('',(-6.17,-49.575,-0.365));
#3320 = CIRCLE('',#3321,3.08);
#3321 = AXIS2_PLACEMENT_3D('',#3322,#3323,#3324);
#3322 = CARTESIAN_POINT('',(-3.09,-49.575,-0.365));
#3323 = DIRECTION('',(0.,-1.,0.));
#3324 = DIRECTION('',(1.,0.,0.));
#3325 = ORIENTED_EDGE('',*,*,#3301,.T.);
#3326 = ORIENTED_EDGE('',*,*,#1865,.F.);
#3327 = ORIENTED_EDGE('',*,*,#3328,.F.);
#3328 = EDGE_CURVE('',#3318,#1858,#3329,.T.);
#3329 = LINE('',#3330,#3331);
#3330 = CARTESIAN_POINT('',(-6.17,-49.575,-0.365));
#3331 = VECTOR('',#3332,1.);
#3332 = DIRECTION('',(-0.707106781187,-0.707106781187,2.436048514919E-16
    ));
#3333 = CONICAL_SURFACE('',#3334,3.08,0.785398163397);
#3334 = AXIS2_PLACEMENT_3D('',#3335,#3336,#3337);
#3335 = CARTESIAN_POINT('',(-3.09,-49.575,-0.365));
#3336 = DIRECTION('',(0.,-1.,0.));
#3337 = DIRECTION('',(1.,0.,0.));
#3338 = ADVANCED_FACE('',(#3339),#3357,.T.);
#3339 = FACE_BOUND('',#3340,.T.);
#3340 = EDGE_LOOP('',(#3341,#3349,#3355,#3356));
#3341 = ORIENTED_EDGE('',*,*,#3342,.F.);
#3342 = EDGE_CURVE('',#3343,#3318,#3345,.T.);
#3343 = VERTEX_POINT('',#3344);
#3344 = CARTESIAN_POINT('',(-6.17,-49.575,5.329070518201E-15));
#3345 = LINE('',#3346,#3347);
#3346 = CARTESIAN_POINT('',(-6.17,-49.575,-0.365));
#3347 = VECTOR('',#3348,1.);
#3348 = DIRECTION('',(0.,0.,-1.));
#3349 = ORIENTED_EDGE('',*,*,#3350,.F.);
#3350 = EDGE_CURVE('',#1850,#3343,#3351,.T.);
#3351 = LINE('',#3352,#3353);
#3352 = CARTESIAN_POINT('',(7.76625,-35.63875,5.329070518201E-15));
#3353 = VECTOR('',#3354,1.);
#3354 = DIRECTION('',(0.707106781187,0.707106781187,1.434953427053E-32)
  );
#3355 = ORIENTED_EDGE('',*,*,#1857,.T.);
#3356 = ORIENTED_EDGE('',*,*,#3328,.F.);
#3357 = PLANE('',#3358);
#3358 = AXIS2_PLACEMENT_3D('',#3359,#3360,#3361);
#3359 = CARTESIAN_POINT('',(-6.17,-49.575,-0.365));
#3360 = DIRECTION('',(0.707106781187,-0.707106781187,0.));
#3361 = DIRECTION('',(-0.707106781187,-0.707106781187,2.436048514919E-16
    ));
#3362 = ADVANCED_FACE('',(#3363),#3448,.T.);
#3363 = FACE_BOUND('',#3364,.T.);
#3364 = EDGE_LOOP('',(#3365,#3375,#3381,#3382,#3389,#3390,#3391,#3400,
    #3406,#3407,#3416,#3424,#3433,#3441));
#3365 = ORIENTED_EDGE('',*,*,#3366,.F.);
#3366 = EDGE_CURVE('',#3367,#3369,#3371,.T.);
#3367 = VERTEX_POINT('',#3368);
#3368 = CARTESIAN_POINT('',(-26.3,-34.15,0.));
#3369 = VERTEX_POINT('',#3370);
#3370 = CARTESIAN_POINT('',(-26.3,-35.55,0.));
#3371 = LINE('',#3372,#3373);
#3372 = CARTESIAN_POINT('',(-26.3,-44.575,1.06581410364E-14));
#3373 = VECTOR('',#3374,1.);
#3374 = DIRECTION('',(0.,-1.,0.));
#3375 = ORIENTED_EDGE('',*,*,#3376,.T.);
#3376 = EDGE_CURVE('',#3367,#2628,#3377,.T.);
#3377 = LINE('',#3378,#3379);
#3378 = CARTESIAN_POINT('',(-26.3,-34.15,0.));
#3379 = VECTOR('',#3380,1.);
#3380 = DIRECTION('',(-1.,1.693234063867E-31,-1.415486489741E-32));
#3381 = ORIENTED_EDGE('',*,*,#2636,.T.);
#3382 = ORIENTED_EDGE('',*,*,#3383,.T.);
#3383 = EDGE_CURVE('',#2637,#1842,#3384,.T.);
#3384 = CIRCLE('',#3385,5.3);
#3385 = AXIS2_PLACEMENT_3D('',#3386,#3387,#3388);
#3386 = CARTESIAN_POINT('',(-23.5,-44.575,1.06581410364E-14));
#3387 = DIRECTION('',(0.,0.,1.));
#3388 = DIRECTION('',(1.,0.,0.));
#3389 = ORIENTED_EDGE('',*,*,#1849,.T.);
#3390 = ORIENTED_EDGE('',*,*,#3350,.T.);
#3391 = ORIENTED_EDGE('',*,*,#3392,.T.);
#3392 = EDGE_CURVE('',#3343,#3393,#3395,.T.);
#3393 = VERTEX_POINT('',#3394);
#3394 = CARTESIAN_POINT('',(-4.47,-48.375,5.329070518201E-15));
#3395 = CIRCLE('',#3396,2.);
#3396 = AXIS2_PLACEMENT_3D('',#3397,#3398,#3399);
#3397 = CARTESIAN_POINT('',(-4.334985258196,-50.37043755088,
    5.329070518201E-15));
#3398 = DIRECTION('',(0.,0.,-1.));
#3399 = DIRECTION('',(0.,-1.,0.));
#3400 = ORIENTED_EDGE('',*,*,#3401,.T.);
#3401 = EDGE_CURVE('',#3393,#2049,#3402,.T.);
#3402 = LINE('',#3403,#3404);
#3403 = CARTESIAN_POINT('',(-4.47,-24.9375,5.329070518201E-15));
#3404 = VECTOR('',#3405,1.);
#3405 = DIRECTION('',(0.,1.,1.525972954673E-32));
#3406 = ORIENTED_EDGE('',*,*,#2056,.F.);
#3407 = ORIENTED_EDGE('',*,*,#3408,.F.);
#3408 = EDGE_CURVE('',#3409,#2057,#3411,.T.);
#3409 = VERTEX_POINT('',#3410);
#3410 = CARTESIAN_POINT('',(-9.703030277982,-48.575,0.));
#3411 = CIRCLE('',#3412,2.);
#3412 = AXIS2_PLACEMENT_3D('',#3413,#3414,#3415);
#3413 = CARTESIAN_POINT('',(-9.703030277982,-46.575,0.));
#3414 = DIRECTION('',(0.,0.,1.));
#3415 = DIRECTION('',(1.,0.,0.));
#3416 = ORIENTED_EDGE('',*,*,#3417,.T.);
#3417 = EDGE_CURVE('',#3409,#3418,#3420,.T.);
#3418 = VERTEX_POINT('',#3419);
#3419 = CARTESIAN_POINT('',(-23.5,-48.575,0.));
#3420 = LINE('',#3421,#3422);
#3421 = CARTESIAN_POINT('',(-9.703030277982,-48.575,0.));
#3422 = VECTOR('',#3423,1.);
#3423 = DIRECTION('',(-1.,0.,0.));
#3424 = ORIENTED_EDGE('',*,*,#3425,.F.);
#3425 = EDGE_CURVE('',#3426,#3418,#3428,.T.);
#3426 = VERTEX_POINT('',#3427);
#3427 = CARTESIAN_POINT('',(-27.5,-44.575,0.));
#3428 = CIRCLE('',#3429,4.);
#3429 = AXIS2_PLACEMENT_3D('',#3430,#3431,#3432);
#3430 = CARTESIAN_POINT('',(-23.5,-44.575,0.));
#3431 = DIRECTION('',(0.,0.,1.));
#3432 = DIRECTION('',(1.,0.,0.));
#3433 = ORIENTED_EDGE('',*,*,#3434,.T.);
#3434 = EDGE_CURVE('',#3426,#3435,#3437,.T.);
#3435 = VERTEX_POINT('',#3436);
#3436 = CARTESIAN_POINT('',(-27.5,-37.38303027798,0.));
#3437 = LINE('',#3438,#3439);
#3438 = CARTESIAN_POINT('',(-27.5,-44.575,0.));
#3439 = VECTOR('',#3440,1.);
#3440 = DIRECTION('',(0.,1.,0.));
#3441 = ORIENTED_EDGE('',*,*,#3442,.F.);
#3442 = EDGE_CURVE('',#3369,#3435,#3443,.T.);
#3443 = CIRCLE('',#3444,2.);
#3444 = AXIS2_PLACEMENT_3D('',#3445,#3446,#3447);
#3445 = CARTESIAN_POINT('',(-25.5,-37.38303027798,0.));
#3446 = DIRECTION('',(0.,0.,1.));
#3447 = DIRECTION('',(1.,0.,0.));
#3448 = PLANE('',#3449);
#3449 = AXIS2_PLACEMENT_3D('',#3450,#3451,#3452);
#3450 = CARTESIAN_POINT('',(1.862364421973E-15,-1.489891537578E-15,
    5.329070518201E-15));
#3451 = DIRECTION('',(-5.033576432395E-33,-1.525972954673E-32,1.));
#3452 = DIRECTION('',(-1.979224569427E-81,1.,1.525972954673E-32));
#3453 = ADVANCED_FACE('',(#3454),#3466,.T.);
#3454 = FACE_BOUND('',#3455,.T.);
#3455 = EDGE_LOOP('',(#3456,#3463,#3464,#3465));
#3456 = ORIENTED_EDGE('',*,*,#3457,.T.);
#3457 = EDGE_CURVE('',#2645,#1834,#3458,.T.);
#3458 = CIRCLE('',#3459,5.3);
#3459 = AXIS2_PLACEMENT_3D('',#3460,#3461,#3462);
#3460 = CARTESIAN_POINT('',(-23.5,-44.575,-9.1));
#3461 = DIRECTION('',(0.,0.,1.));
#3462 = DIRECTION('',(1.,0.,0.));
#3463 = ORIENTED_EDGE('',*,*,#1841,.T.);
#3464 = ORIENTED_EDGE('',*,*,#3383,.F.);
#3465 = ORIENTED_EDGE('',*,*,#2644,.F.);
#3466 = CYLINDRICAL_SURFACE('',#3467,5.3);
#3467 = AXIS2_PLACEMENT_3D('',#3468,#3469,#3470);
#3468 = CARTESIAN_POINT('',(-23.5,-44.575,-9.1));
#3469 = DIRECTION('',(0.,0.,1.));
#3470 = DIRECTION('',(1.,0.,0.));
#3471 = ADVANCED_FACE('',(#3472),#3492,.F.);
#3472 = FACE_BOUND('',#3473,.F.);
#3473 = EDGE_LOOP('',(#3474,#3483,#3484,#3485));
#3474 = ORIENTED_EDGE('',*,*,#3475,.T.);
#3475 = EDGE_CURVE('',#3476,#1932,#3478,.T.);
#3476 = VERTEX_POINT('',#3477);
#3477 = CARTESIAN_POINT('',(3.29,-48.375,-1.745));
#3478 = CIRCLE('',#3479,1.38);
#3479 = AXIS2_PLACEMENT_3D('',#3480,#3481,#3482);
#3480 = CARTESIAN_POINT('',(3.29,-48.375,-0.365));
#3481 = DIRECTION('',(0.,-1.,0.));
#3482 = DIRECTION('',(1.,0.,0.));
#3483 = ORIENTED_EDGE('',*,*,#1931,.T.);
#3484 = ORIENTED_EDGE('',*,*,#3268,.F.);
#3485 = ORIENTED_EDGE('',*,*,#3486,.T.);
#3486 = EDGE_CURVE('',#3269,#3476,#3487,.T.);
#3487 = CIRCLE('',#3488,2.);
#3488 = AXIS2_PLACEMENT_3D('',#3489,#3490,#3491);
#3489 = CARTESIAN_POINT('',(3.29,-50.37043755088,-1.609985258196));
#3490 = DIRECTION('',(1.,0.,0.));
#3491 = DIRECTION('',(0.,-1.,0.));
#3492 = SURFACE_OF_REVOLUTION('',#3493,#3501);
#3493 = B_SPLINE_CURVE_WITH_KNOTS('',6,(#3494,#3495,#3496,#3497,#3498,
    #3499,#3500),.UNSPECIFIED.,.F.,.F.,(7,7),(4.779947731331,
    5.874156133283),.PIECEWISE_BEZIER_KNOTS.);
#3494 = CARTESIAN_POINT('',(4.67,-48.375,-0.365));
#3495 = CARTESIAN_POINT('',(5.033904088959,-48.39962237747,-0.365));
#3496 = CARTESIAN_POINT('',(5.392415775197,-48.50387962994,-0.365));
#3497 = CARTESIAN_POINT('',(5.723777993364,-48.6863145094,-0.365));
#3498 = CARTESIAN_POINT('',(6.006643934365,-48.93745244817,-0.365));
#3499 = CARTESIAN_POINT('',(6.224937591432,-49.24035190863,-0.365));
#3500 = CARTESIAN_POINT('',(6.37,-49.575,-0.365));
#3501 = AXIS1_PLACEMENT('',#3502,#3503);
#3502 = CARTESIAN_POINT('',(3.29,-50.37043755088,-0.365));
#3503 = DIRECTION('',(0.,-1.,0.));
#3504 = ADVANCED_FACE('',(#3505),#3516,.F.);
#3505 = FACE_BOUND('',#3506,.F.);
#3506 = EDGE_LOOP('',(#3507,#3508,#3514,#3515));
#3507 = ORIENTED_EDGE('',*,*,#3475,.F.);
#3508 = ORIENTED_EDGE('',*,*,#3509,.T.);
#3509 = EDGE_CURVE('',#3476,#2023,#3510,.T.);
#3510 = LINE('',#3511,#3512);
#3511 = CARTESIAN_POINT('',(3.29,-49.875,-1.745));
#3512 = VECTOR('',#3513,1.);
#3513 = DIRECTION('',(0.,1.,0.));
#3514 = ORIENTED_EDGE('',*,*,#2022,.T.);
#3515 = ORIENTED_EDGE('',*,*,#1966,.F.);
#3516 = CYLINDRICAL_SURFACE('',#3517,1.38);
#3517 = AXIS2_PLACEMENT_3D('',#3518,#3519,#3520);
#3518 = CARTESIAN_POINT('',(3.29,-49.875,-0.365));
#3519 = DIRECTION('',(0.,-1.,2.22044604925E-16));
#3520 = DIRECTION('',(1.,0.,0.));
#3521 = ADVANCED_FACE('',(#3522),#3540,.F.);
#3522 = FACE_BOUND('',#3523,.F.);
#3523 = EDGE_LOOP('',(#3524,#3531,#3532,#3539));
#3524 = ORIENTED_EDGE('',*,*,#3525,.T.);
#3525 = EDGE_CURVE('',#1981,#2504,#3526,.T.);
#3526 = CIRCLE('',#3527,2.);
#3527 = AXIS2_PLACEMENT_3D('',#3528,#3529,#3530);
#3528 = CARTESIAN_POINT('',(-18.7,-45.375,-7.6));
#3529 = DIRECTION('',(1.,-9.494107596575E-16,-7.548369822181E-34));
#3530 = DIRECTION('',(-9.494107596575E-16,-1.,-9.336947708948E-34));
#3531 = ORIENTED_EDGE('',*,*,#2511,.T.);
#3532 = ORIENTED_EDGE('',*,*,#3533,.F.);
#3533 = EDGE_CURVE('',#1983,#2512,#3534,.T.);
#3534 = CIRCLE('',#3535,2.);
#3535 = AXIS2_PLACEMENT_3D('',#3536,#3537,#3538);
#3536 = CARTESIAN_POINT('',(18.7,-45.375,-7.6));
#3537 = DIRECTION('',(1.,4.680956445562E-47,2.22044604925E-16));
#3538 = DIRECTION('',(0.,-1.,2.108115370397E-31));
#3539 = ORIENTED_EDGE('',*,*,#1980,.F.);
#3540 = CYLINDRICAL_SURFACE('',#3541,2.);
#3541 = AXIS2_PLACEMENT_3D('',#3542,#3543,#3544);
#3542 = CARTESIAN_POINT('',(-18.7,-45.375,-7.6));
#3543 = DIRECTION('',(1.,4.680956445562E-47,2.22044604925E-16));
#3544 = DIRECTION('',(0.,-1.,2.108115370397E-31));
#3545 = ADVANCED_FACE('',(#3546),#3573,.F.);
#3546 = FACE_BOUND('',#3547,.T.);
#3547 = EDGE_LOOP('',(#3548,#3558,#3565,#3566));
#3548 = ORIENTED_EDGE('',*,*,#3549,.T.);
#3549 = EDGE_CURVE('',#3550,#3552,#3554,.T.);
#3550 = VERTEX_POINT('',#3551);
#3551 = CARTESIAN_POINT('',(-20.7,-45.375,-7.6));
#3552 = VERTEX_POINT('',#3553);
#3553 = CARTESIAN_POINT('',(-20.7,-45.375,-1.6));
#3554 = LINE('',#3555,#3556);
#3555 = CARTESIAN_POINT('',(-20.7,-45.375,-9.6));
#3556 = VECTOR('',#3557,1.);
#3557 = DIRECTION('',(2.895299245675E-33,1.613015563139E-33,1.));
#3558 = ORIENTED_EDGE('',*,*,#3559,.T.);
#3559 = EDGE_CURVE('',#3552,#2081,#3560,.T.);
#3560 = CIRCLE('',#3561,2.);
#3561 = AXIS2_PLACEMENT_3D('',#3562,#3563,#3564);
#3562 = CARTESIAN_POINT('',(-18.7,-45.375,-1.6));
#3563 = DIRECTION('',(0.,0.,1.));
#3564 = DIRECTION('',(1.,0.,0.));
#3565 = ORIENTED_EDGE('',*,*,#2088,.F.);
#3566 = ORIENTED_EDGE('',*,*,#3567,.F.);
#3567 = EDGE_CURVE('',#3550,#1981,#3568,.T.);
#3568 = CIRCLE('',#3569,2.);
#3569 = AXIS2_PLACEMENT_3D('',#3570,#3571,#3572);
#3570 = CARTESIAN_POINT('',(-18.7,-45.375,-7.6));
#3571 = DIRECTION('',(7.548369822181E-34,-9.336947708948E-34,1.));
#3572 = DIRECTION('',(-1.,-9.336947708948E-34,7.548369822181E-34));
#3573 = CYLINDRICAL_SURFACE('',#3574,2.);
#3574 = AXIS2_PLACEMENT_3D('',#3575,#3576,#3577);
#3575 = CARTESIAN_POINT('',(-18.7,-45.375,-9.6));
#3576 = DIRECTION('',(-0.,-0.,-1.));
#3577 = DIRECTION('',(1.,0.,0.));
#3578 = ADVANCED_FACE('',(#3579,#3632),#3643,.T.);
#3579 = FACE_BOUND('',#3580,.T.);
#3580 = EDGE_LOOP('',(#3581,#3589,#3598,#3606,#3615,#3623,#3630,#3631));
#3581 = ORIENTED_EDGE('',*,*,#3582,.T.);
#3582 = EDGE_CURVE('',#3552,#3583,#3585,.T.);
#3583 = VERTEX_POINT('',#3584);
#3584 = CARTESIAN_POINT('',(-20.7,-44.575,-1.6));
#3585 = LINE('',#3586,#3587);
#3586 = CARTESIAN_POINT('',(-20.7,-45.375,-1.6));
#3587 = VECTOR('',#3588,1.);
#3588 = DIRECTION('',(0.,1.,0.));
#3589 = ORIENTED_EDGE('',*,*,#3590,.T.);
#3590 = EDGE_CURVE('',#3583,#3591,#3593,.T.);
#3591 = VERTEX_POINT('',#3592);
#3592 = CARTESIAN_POINT('',(-23.5,-41.775,-1.6));
#3593 = CIRCLE('',#3594,2.8);
#3594 = AXIS2_PLACEMENT_3D('',#3595,#3596,#3597);
#3595 = CARTESIAN_POINT('',(-23.5,-44.575,-1.6));
#3596 = DIRECTION('',(0.,0.,1.));
#3597 = DIRECTION('',(1.,0.,0.));
#3598 = ORIENTED_EDGE('',*,*,#3599,.T.);
#3599 = EDGE_CURVE('',#3591,#3600,#3602,.T.);
#3600 = VERTEX_POINT('',#3601);
#3601 = CARTESIAN_POINT('',(-24.3,-41.775,-1.6));
#3602 = LINE('',#3603,#3604);
#3603 = CARTESIAN_POINT('',(-23.5,-41.775,-1.6));
#3604 = VECTOR('',#3605,1.);
#3605 = DIRECTION('',(-1.,0.,0.));
#3606 = ORIENTED_EDGE('',*,*,#3607,.F.);
#3607 = EDGE_CURVE('',#3608,#3600,#3610,.T.);
#3608 = VERTEX_POINT('',#3609);
#3609 = CARTESIAN_POINT('',(-26.3,-39.775,-1.6));
#3610 = CIRCLE('',#3611,2.);
#3611 = AXIS2_PLACEMENT_3D('',#3612,#3613,#3614);
#3612 = CARTESIAN_POINT('',(-24.3,-39.775,-1.6));
#3613 = DIRECTION('',(0.,0.,1.));
#3614 = DIRECTION('',(1.,0.,0.));
#3615 = ORIENTED_EDGE('',*,*,#3616,.T.);
#3616 = EDGE_CURVE('',#3608,#3617,#3619,.T.);
#3617 = VERTEX_POINT('',#3618);
#3618 = CARTESIAN_POINT('',(-26.3,-44.575,-1.6));
#3619 = LINE('',#3620,#3621);
#3620 = CARTESIAN_POINT('',(-26.3,-39.775,-1.6));
#3621 = VECTOR('',#3622,1.);
#3622 = DIRECTION('',(0.,-1.,0.));
#3623 = ORIENTED_EDGE('',*,*,#3624,.T.);
#3624 = EDGE_CURVE('',#3617,#2073,#3625,.T.);
#3625 = CIRCLE('',#3626,2.8);
#3626 = AXIS2_PLACEMENT_3D('',#3627,#3628,#3629);
#3627 = CARTESIAN_POINT('',(-23.5,-44.575,-1.6));
#3628 = DIRECTION('',(0.,0.,1.));
#3629 = DIRECTION('',(1.,0.,0.));
#3630 = ORIENTED_EDGE('',*,*,#2080,.T.);
#3631 = ORIENTED_EDGE('',*,*,#3559,.F.);
#3632 = FACE_BOUND('',#3633,.T.);
#3633 = EDGE_LOOP('',(#3634));
#3634 = ORIENTED_EDGE('',*,*,#3635,.F.);
#3635 = EDGE_CURVE('',#3636,#3636,#3638,.T.);
#3636 = VERTEX_POINT('',#3637);
#3637 = CARTESIAN_POINT('',(-24.6,-44.475,-1.6));
#3638 = CIRCLE('',#3639,1.2);
#3639 = AXIS2_PLACEMENT_3D('',#3640,#3641,#3642);
#3640 = CARTESIAN_POINT('',(-23.4,-44.475,-1.6));
#3641 = DIRECTION('',(0.,0.,1.));
#3642 = DIRECTION('',(-1.,0.,0.));
#3643 = PLANE('',#3644);
#3644 = AXIS2_PLACEMENT_3D('',#3645,#3646,#3647);
#3645 = CARTESIAN_POINT('',(1.801328663914E-14,-1.132846921781E-14,-1.6)
  );
#3646 = DIRECTION('',(2.895299245675E-33,1.613015563139E-33,1.));
#3647 = DIRECTION('',(1.,0.,-2.895299245675E-33));
#3648 = ADVANCED_FACE('',(#3649),#3668,.F.);
#3649 = FACE_BOUND('',#3650,.F.);
#3650 = EDGE_LOOP('',(#3651,#3660,#3666,#3667));
#3651 = ORIENTED_EDGE('',*,*,#3652,.F.);
#3652 = EDGE_CURVE('',#3653,#2065,#3655,.T.);
#3653 = VERTEX_POINT('',#3654);
#3654 = CARTESIAN_POINT('',(-26.3,-44.575,1.06581410364E-14));
#3655 = CIRCLE('',#3656,2.8);
#3656 = AXIS2_PLACEMENT_3D('',#3657,#3658,#3659);
#3657 = CARTESIAN_POINT('',(-23.5,-44.575,1.06581410364E-14));
#3658 = DIRECTION('',(0.,0.,1.));
#3659 = DIRECTION('',(1.,0.,0.));
#3660 = ORIENTED_EDGE('',*,*,#3661,.T.);
#3661 = EDGE_CURVE('',#3653,#3617,#3662,.T.);
#3662 = LINE('',#3663,#3664);
#3663 = CARTESIAN_POINT('',(-26.3,-44.575,1.06581410364E-14));
#3664 = VECTOR('',#3665,1.);
#3665 = DIRECTION('',(0.,-2.22044604925E-16,-1.));
#3666 = ORIENTED_EDGE('',*,*,#3624,.T.);
#3667 = ORIENTED_EDGE('',*,*,#2072,.T.);
#3668 = CYLINDRICAL_SURFACE('',#3669,2.8);
#3669 = AXIS2_PLACEMENT_3D('',#3670,#3671,#3672);
#3670 = CARTESIAN_POINT('',(-23.5,-44.575,1.06581410364E-14));
#3671 = DIRECTION('',(0.,0.,1.));
#3672 = DIRECTION('',(1.,0.,0.));
#3673 = ADVANCED_FACE('',(#3674),#3699,.T.);
#3674 = FACE_BOUND('',#3675,.T.);
#3675 = EDGE_LOOP('',(#3676,#3684,#3692,#3698));
#3676 = ORIENTED_EDGE('',*,*,#3677,.T.);
#3677 = EDGE_CURVE('',#2065,#3678,#3680,.T.);
#3678 = VERTEX_POINT('',#3679);
#3679 = CARTESIAN_POINT('',(-23.5,-47.375,1.));
#3680 = LINE('',#3681,#3682);
#3681 = CARTESIAN_POINT('',(-23.5,-47.375,0.));
#3682 = VECTOR('',#3683,1.);
#3683 = DIRECTION('',(0.,0.,1.));
#3684 = ORIENTED_EDGE('',*,*,#3685,.T.);
#3685 = EDGE_CURVE('',#3678,#3686,#3688,.T.);
#3686 = VERTEX_POINT('',#3687);
#3687 = CARTESIAN_POINT('',(-7.87,-47.375,1.));
#3688 = LINE('',#3689,#3690);
#3689 = CARTESIAN_POINT('',(-23.5,-47.375,1.));
#3690 = VECTOR('',#3691,1.);
#3691 = DIRECTION('',(1.,4.546018782854E-16,0.));
#3692 = ORIENTED_EDGE('',*,*,#3693,.F.);
#3693 = EDGE_CURVE('',#2057,#3686,#3694,.T.);
#3694 = LINE('',#3695,#3696);
#3695 = CARTESIAN_POINT('',(-7.87,-47.375,0.));
#3696 = VECTOR('',#3697,1.);
#3697 = DIRECTION('',(0.,0.,1.));
#3698 = ORIENTED_EDGE('',*,*,#2064,.F.);
#3699 = PLANE('',#3700);
#3700 = AXIS2_PLACEMENT_3D('',#3701,#3702,#3703);
#3701 = CARTESIAN_POINT('',(-23.5,-47.375,0.));
#3702 = DIRECTION('',(-4.546018782854E-16,1.,0.));
#3703 = DIRECTION('',(1.,4.546018782854E-16,0.));
#3704 = ADVANCED_FACE('',(#3705),#3723,.T.);
#3705 = FACE_BOUND('',#3706,.T.);
#3706 = EDGE_LOOP('',(#3707,#3715,#3721,#3722));
#3707 = ORIENTED_EDGE('',*,*,#3708,.T.);
#3708 = EDGE_CURVE('',#3393,#3709,#3711,.T.);
#3709 = VERTEX_POINT('',#3710);
#3710 = CARTESIAN_POINT('',(-4.47,-48.375,-0.365));
#3711 = LINE('',#3712,#3713);
#3712 = CARTESIAN_POINT('',(-4.47,-48.375,-0.365));
#3713 = VECTOR('',#3714,1.);
#3714 = DIRECTION('',(-2.054325274013E-32,-2.22044604925E-16,-1.));
#3715 = ORIENTED_EDGE('',*,*,#3716,.T.);
#3716 = EDGE_CURVE('',#3709,#2040,#3717,.T.);
#3717 = LINE('',#3718,#3719);
#3718 = CARTESIAN_POINT('',(-4.47,-49.875,-0.365));
#3719 = VECTOR('',#3720,1.);
#3720 = DIRECTION('',(0.,1.,0.));
#3721 = ORIENTED_EDGE('',*,*,#2048,.T.);
#3722 = ORIENTED_EDGE('',*,*,#3401,.F.);
#3723 = PLANE('',#3724);
#3724 = AXIS2_PLACEMENT_3D('',#3725,#3726,#3727);
#3725 = CARTESIAN_POINT('',(-4.47,-49.875,-0.365));
#3726 = DIRECTION('',(1.,0.,0.));
#3727 = DIRECTION('',(0.,2.22044604925E-16,1.));
#3728 = ADVANCED_FACE('',(#3729),#3748,.F.);
#3729 = FACE_BOUND('',#3730,.F.);
#3730 = EDGE_LOOP('',(#3731,#3740,#3741,#3742));
#3731 = ORIENTED_EDGE('',*,*,#3732,.F.);
#3732 = EDGE_CURVE('',#3709,#3733,#3735,.T.);
#3733 = VERTEX_POINT('',#3734);
#3734 = CARTESIAN_POINT('',(-3.09,-48.375,-1.745));
#3735 = CIRCLE('',#3736,1.38);
#3736 = AXIS2_PLACEMENT_3D('',#3737,#3738,#3739);
#3737 = CARTESIAN_POINT('',(-3.09,-48.375,-0.365));
#3738 = DIRECTION('',(0.,-1.,0.));
#3739 = DIRECTION('',(1.,0.,0.));
#3740 = ORIENTED_EDGE('',*,*,#3716,.T.);
#3741 = ORIENTED_EDGE('',*,*,#2039,.T.);
#3742 = ORIENTED_EDGE('',*,*,#3743,.F.);
#3743 = EDGE_CURVE('',#3733,#2032,#3744,.T.);
#3744 = LINE('',#3745,#3746);
#3745 = CARTESIAN_POINT('',(-3.09,-49.875,-1.745));
#3746 = VECTOR('',#3747,1.);
#3747 = DIRECTION('',(0.,1.,0.));
#3748 = CYLINDRICAL_SURFACE('',#3749,1.38);
#3749 = AXIS2_PLACEMENT_3D('',#3750,#3751,#3752);
#3750 = CARTESIAN_POINT('',(-3.09,-49.875,-0.365));
#3751 = DIRECTION('',(0.,-1.,2.22044604925E-16));
#3752 = DIRECTION('',(1.,0.,0.));
#3753 = ADVANCED_FACE('',(#3754),#3765,.T.);
#3754 = FACE_BOUND('',#3755,.T.);
#3755 = EDGE_LOOP('',(#3756,#3762,#3763,#3764));
#3756 = ORIENTED_EDGE('',*,*,#3757,.T.);
#3757 = EDGE_CURVE('',#3733,#3476,#3758,.T.);
#3758 = LINE('',#3759,#3760);
#3759 = CARTESIAN_POINT('',(3.29,-48.375,-1.745));
#3760 = VECTOR('',#3761,1.);
#3761 = DIRECTION('',(1.,0.,0.));
#3762 = ORIENTED_EDGE('',*,*,#3509,.T.);
#3763 = ORIENTED_EDGE('',*,*,#2031,.T.);
#3764 = ORIENTED_EDGE('',*,*,#3743,.F.);
#3765 = PLANE('',#3766);
#3766 = AXIS2_PLACEMENT_3D('',#3767,#3768,#3769);
#3767 = CARTESIAN_POINT('',(3.29,-49.875,-1.745));
#3768 = DIRECTION('',(0.,0.,1.));
#3769 = DIRECTION('',(-1.,0.,0.));
#3770 = ADVANCED_FACE('',(#3771),#3789,.T.);
#3771 = FACE_BOUND('',#3772,.T.);
#3772 = EDGE_LOOP('',(#3773,#3774,#3782,#3788));
#3773 = ORIENTED_EDGE('',*,*,#2102,.T.);
#3774 = ORIENTED_EDGE('',*,*,#3775,.T.);
#3775 = EDGE_CURVE('',#2103,#3776,#3778,.T.);
#3776 = VERTEX_POINT('',#3777);
#3777 = CARTESIAN_POINT('',(23.5,-47.375,1.));
#3778 = LINE('',#3779,#3780);
#3779 = CARTESIAN_POINT('',(8.07,-47.375,1.));
#3780 = VECTOR('',#3781,1.);
#3781 = DIRECTION('',(1.,-2.76296592E-15,0.));
#3782 = ORIENTED_EDGE('',*,*,#3783,.F.);
#3783 = EDGE_CURVE('',#2007,#3776,#3784,.T.);
#3784 = LINE('',#3785,#3786);
#3785 = CARTESIAN_POINT('',(23.5,-47.375,0.));
#3786 = VECTOR('',#3787,1.);
#3787 = DIRECTION('',(0.,0.,1.));
#3788 = ORIENTED_EDGE('',*,*,#2014,.F.);
#3789 = PLANE('',#3790);
#3790 = AXIS2_PLACEMENT_3D('',#3791,#3792,#3793);
#3791 = CARTESIAN_POINT('',(8.07,-47.375,0.));
#3792 = DIRECTION('',(2.76296592E-15,1.,0.));
#3793 = DIRECTION('',(1.,-2.76296592E-15,0.));
#3794 = ADVANCED_FACE('',(#3795),#3813,.F.);
#3795 = FACE_BOUND('',#3796,.F.);
#3796 = EDGE_LOOP('',(#3797,#3804,#3805,#3812));
#3797 = ORIENTED_EDGE('',*,*,#3798,.F.);
#3798 = EDGE_CURVE('',#2007,#2251,#3799,.T.);
#3799 = CIRCLE('',#3800,2.8);
#3800 = AXIS2_PLACEMENT_3D('',#3801,#3802,#3803);
#3801 = CARTESIAN_POINT('',(23.5,-44.575,1.06581410364E-14));
#3802 = DIRECTION('',(0.,0.,1.));
#3803 = DIRECTION('',(1.,0.,0.));
#3804 = ORIENTED_EDGE('',*,*,#2006,.T.);
#3805 = ORIENTED_EDGE('',*,*,#3806,.T.);
#3806 = EDGE_CURVE('',#1999,#2259,#3807,.T.);
#3807 = CIRCLE('',#3808,2.8);
#3808 = AXIS2_PLACEMENT_3D('',#3809,#3810,#3811);
#3809 = CARTESIAN_POINT('',(23.5,-44.575,-1.6));
#3810 = DIRECTION('',(0.,0.,1.));
#3811 = DIRECTION('',(1.,0.,0.));
#3812 = ORIENTED_EDGE('',*,*,#2258,.T.);
#3813 = CYLINDRICAL_SURFACE('',#3814,2.8);
#3814 = AXIS2_PLACEMENT_3D('',#3815,#3816,#3817);
#3815 = CARTESIAN_POINT('',(23.5,-44.575,1.06581410364E-14));
#3816 = DIRECTION('',(0.,0.,1.));
#3817 = DIRECTION('',(1.,0.,0.));
#3818 = ADVANCED_FACE('',(#3819,#3865),#3876,.T.);
#3819 = FACE_BOUND('',#3820,.T.);
#3820 = EDGE_LOOP('',(#3821,#3831,#3840,#3848,#3855,#3856,#3857,#3858));
#3821 = ORIENTED_EDGE('',*,*,#3822,.T.);
#3822 = EDGE_CURVE('',#3823,#3825,#3827,.T.);
#3823 = VERTEX_POINT('',#3824);
#3824 = CARTESIAN_POINT('',(24.3,-41.775,-1.6));
#3825 = VERTEX_POINT('',#3826);
#3826 = CARTESIAN_POINT('',(23.5,-41.775,-1.6));
#3827 = LINE('',#3828,#3829);
#3828 = CARTESIAN_POINT('',(24.3,-41.775,-1.6));
#3829 = VECTOR('',#3830,1.);
#3830 = DIRECTION('',(-1.,0.,0.));
#3831 = ORIENTED_EDGE('',*,*,#3832,.T.);
#3832 = EDGE_CURVE('',#3825,#3833,#3835,.T.);
#3833 = VERTEX_POINT('',#3834);
#3834 = CARTESIAN_POINT('',(20.7,-44.575,-1.6));
#3835 = CIRCLE('',#3836,2.8);
#3836 = AXIS2_PLACEMENT_3D('',#3837,#3838,#3839);
#3837 = CARTESIAN_POINT('',(23.5,-44.575,-1.6));
#3838 = DIRECTION('',(0.,0.,1.));
#3839 = DIRECTION('',(1.,0.,0.));
#3840 = ORIENTED_EDGE('',*,*,#3841,.T.);
#3841 = EDGE_CURVE('',#3833,#3842,#3844,.T.);
#3842 = VERTEX_POINT('',#3843);
#3843 = CARTESIAN_POINT('',(20.7,-45.375,-1.6));
#3844 = LINE('',#3845,#3846);
#3845 = CARTESIAN_POINT('',(20.7,-44.575,-1.6));
#3846 = VECTOR('',#3847,1.);
#3847 = DIRECTION('',(0.,-1.,0.));
#3848 = ORIENTED_EDGE('',*,*,#3849,.F.);
#3849 = EDGE_CURVE('',#1991,#3842,#3850,.T.);
#3850 = CIRCLE('',#3851,2.);
#3851 = AXIS2_PLACEMENT_3D('',#3852,#3853,#3854);
#3852 = CARTESIAN_POINT('',(18.7,-45.375,-1.6));
#3853 = DIRECTION('',(0.,0.,1.));
#3854 = DIRECTION('',(1.,0.,0.));
#3855 = ORIENTED_EDGE('',*,*,#1998,.T.);
#3856 = ORIENTED_EDGE('',*,*,#3806,.T.);
#3857 = ORIENTED_EDGE('',*,*,#2266,.T.);
#3858 = ORIENTED_EDGE('',*,*,#3859,.F.);
#3859 = EDGE_CURVE('',#3823,#2235,#3860,.T.);
#3860 = CIRCLE('',#3861,2.);
#3861 = AXIS2_PLACEMENT_3D('',#3862,#3863,#3864);
#3862 = CARTESIAN_POINT('',(24.3,-39.775,-1.6));
#3863 = DIRECTION('',(0.,0.,1.));
#3864 = DIRECTION('',(1.,0.,0.));
#3865 = FACE_BOUND('',#3866,.T.);
#3866 = EDGE_LOOP('',(#3867));
#3867 = ORIENTED_EDGE('',*,*,#3868,.F.);
#3868 = EDGE_CURVE('',#3869,#3869,#3871,.T.);
#3869 = VERTEX_POINT('',#3870);
#3870 = CARTESIAN_POINT('',(22.2,-44.475,-1.6));
#3871 = CIRCLE('',#3872,1.2);
#3872 = AXIS2_PLACEMENT_3D('',#3873,#3874,#3875);
#3873 = CARTESIAN_POINT('',(23.4,-44.475,-1.6));
#3874 = DIRECTION('',(0.,0.,1.));
#3875 = DIRECTION('',(-1.,0.,0.));
#3876 = PLANE('',#3877);
#3877 = AXIS2_PLACEMENT_3D('',#3878,#3879,#3880);
#3878 = CARTESIAN_POINT('',(1.801328663914E-14,-1.132846921781E-14,-1.6)
  );
#3879 = DIRECTION('',(2.895299245675E-33,1.613015563139E-33,1.));
#3880 = DIRECTION('',(1.,0.,-2.895299245675E-33));
#3881 = ADVANCED_FACE('',(#3882),#3901,.F.);
#3882 = FACE_BOUND('',#3883,.T.);
#3883 = EDGE_LOOP('',(#3884,#3885,#3886,#3894));
#3884 = ORIENTED_EDGE('',*,*,#1990,.T.);
#3885 = ORIENTED_EDGE('',*,*,#3849,.T.);
#3886 = ORIENTED_EDGE('',*,*,#3887,.F.);
#3887 = EDGE_CURVE('',#3888,#3842,#3890,.T.);
#3888 = VERTEX_POINT('',#3889);
#3889 = CARTESIAN_POINT('',(20.7,-45.375,-7.6));
#3890 = LINE('',#3891,#3892);
#3891 = CARTESIAN_POINT('',(20.7,-45.375,-9.6));
#3892 = VECTOR('',#3893,1.);
#3893 = DIRECTION('',(2.895299245675E-33,1.613015563139E-33,1.));
#3894 = ORIENTED_EDGE('',*,*,#3895,.F.);
#3895 = EDGE_CURVE('',#1983,#3888,#3896,.T.);
#3896 = CIRCLE('',#3897,2.);
#3897 = AXIS2_PLACEMENT_3D('',#3898,#3899,#3900);
#3898 = CARTESIAN_POINT('',(18.7,-45.375,-7.6));
#3899 = DIRECTION('',(7.548369822181E-34,-9.336947708948E-34,1.));
#3900 = DIRECTION('',(7.548369822181E-34,-1.,-9.336947708948E-34));
#3901 = CYLINDRICAL_SURFACE('',#3902,2.);
#3902 = AXIS2_PLACEMENT_3D('',#3903,#3904,#3905);
#3903 = CARTESIAN_POINT('',(18.7,-45.375,-9.6));
#3904 = DIRECTION('',(-0.,-0.,-1.));
#3905 = DIRECTION('',(1.,0.,0.));
#3906 = ADVANCED_FACE('',(#3907),#3930,.T.);
#3907 = FACE_BOUND('',#3908,.T.);
#3908 = EDGE_LOOP('',(#3909,#3910,#3911,#3912,#3913,#3914,#3922,#3929));
#3909 = ORIENTED_EDGE('',*,*,#2110,.T.);
#3910 = ORIENTED_EDGE('',*,*,#2135,.T.);
#3911 = ORIENTED_EDGE('',*,*,#2159,.T.);
#3912 = ORIENTED_EDGE('',*,*,#2184,.T.);
#3913 = ORIENTED_EDGE('',*,*,#2208,.T.);
#3914 = ORIENTED_EDGE('',*,*,#3915,.T.);
#3915 = EDGE_CURVE('',#2209,#3916,#3918,.T.);
#3916 = VERTEX_POINT('',#3917);
#3917 = CARTESIAN_POINT('',(26.3,-44.575,1.));
#3918 = LINE('',#3919,#3920);
#3919 = CARTESIAN_POINT('',(26.3,12.48194289005,1.));
#3920 = VECTOR('',#3921,1.);
#3921 = DIRECTION('',(0.,-1.,0.));
#3922 = ORIENTED_EDGE('',*,*,#3923,.F.);
#3923 = EDGE_CURVE('',#3776,#3916,#3924,.T.);
#3924 = CIRCLE('',#3925,2.8);
#3925 = AXIS2_PLACEMENT_3D('',#3926,#3927,#3928);
#3926 = CARTESIAN_POINT('',(23.5,-44.575,1.));
#3927 = DIRECTION('',(0.,0.,1.));
#3928 = DIRECTION('',(1.,0.,0.));
#3929 = ORIENTED_EDGE('',*,*,#3775,.F.);
#3930 = PLANE('',#3931);
#3931 = AXIS2_PLACEMENT_3D('',#3932,#3933,#3934);
#3932 = CARTESIAN_POINT('',(2.743319958556,-4.42142293462,1.));
#3933 = DIRECTION('',(0.,0.,1.));
#3934 = DIRECTION('',(1.,0.,0.));
#3935 = ADVANCED_FACE('',(#3936),#3947,.F.);
#3936 = FACE_BOUND('',#3937,.F.);
#3937 = EDGE_LOOP('',(#3938,#3939,#3940,#3946));
#3938 = ORIENTED_EDGE('',*,*,#2217,.T.);
#3939 = ORIENTED_EDGE('',*,*,#3915,.T.);
#3940 = ORIENTED_EDGE('',*,*,#3941,.F.);
#3941 = EDGE_CURVE('',#2251,#3916,#3942,.T.);
#3942 = LINE('',#3943,#3944);
#3943 = CARTESIAN_POINT('',(26.3,-44.575,0.));
#3944 = VECTOR('',#3945,1.);
#3945 = DIRECTION('',(0.,0.,1.));
#3946 = ORIENTED_EDGE('',*,*,#2250,.T.);
#3947 = PLANE('',#3948);
#3948 = AXIS2_PLACEMENT_3D('',#3949,#3950,#3951);
#3949 = CARTESIAN_POINT('',(26.3,12.48194289005,0.));
#3950 = DIRECTION('',(1.,0.,0.));
#3951 = DIRECTION('',(0.,-1.,0.));
#3952 = ADVANCED_FACE('',(#3953),#3972,.F.);
#3953 = FACE_BOUND('',#3954,.T.);
#3954 = EDGE_LOOP('',(#3955,#3963,#3964,#3965));
#3955 = ORIENTED_EDGE('',*,*,#3956,.T.);
#3956 = EDGE_CURVE('',#3957,#3823,#3959,.T.);
#3957 = VERTEX_POINT('',#3958);
#3958 = CARTESIAN_POINT('',(24.3,-41.775,-7.6));
#3959 = LINE('',#3960,#3961);
#3960 = CARTESIAN_POINT('',(24.3,-41.775,-9.6));
#3961 = VECTOR('',#3962,1.);
#3962 = DIRECTION('',(2.895299245675E-33,1.613015563139E-33,1.));
#3963 = ORIENTED_EDGE('',*,*,#3859,.T.);
#3964 = ORIENTED_EDGE('',*,*,#2232,.F.);
#3965 = ORIENTED_EDGE('',*,*,#3966,.F.);
#3966 = EDGE_CURVE('',#3957,#2233,#3967,.T.);
#3967 = CIRCLE('',#3968,2.);
#3968 = AXIS2_PLACEMENT_3D('',#3969,#3970,#3971);
#3969 = CARTESIAN_POINT('',(24.3,-39.775,-7.6));
#3970 = DIRECTION('',(7.548369822181E-34,-9.336947708948E-34,1.));
#3971 = DIRECTION('',(7.548369822181E-34,-1.,-9.336947708948E-34));
#3972 = CYLINDRICAL_SURFACE('',#3973,2.);
#3973 = AXIS2_PLACEMENT_3D('',#3974,#3975,#3976);
#3974 = CARTESIAN_POINT('',(24.3,-39.775,-9.6));
#3975 = DIRECTION('',(-0.,-0.,-1.));
#3976 = DIRECTION('',(1.,0.,0.));
#3977 = ADVANCED_FACE('',(#3978),#3990,.F.);
#3978 = FACE_BOUND('',#3979,.F.);
#3979 = EDGE_LOOP('',(#3980,#3981,#3982,#3989));
#3980 = ORIENTED_EDGE('',*,*,#2290,.T.);
#3981 = ORIENTED_EDGE('',*,*,#2543,.T.);
#3982 = ORIENTED_EDGE('',*,*,#3983,.F.);
#3983 = EDGE_CURVE('',#2333,#2544,#3984,.T.);
#3984 = CIRCLE('',#3985,2.);
#3985 = AXIS2_PLACEMENT_3D('',#3986,#3987,#3988);
#3986 = CARTESIAN_POINT('',(23.5,39.775,-7.6));
#3987 = DIRECTION('',(-1.,0.,-0.));
#3988 = DIRECTION('',(0.,1.,-1.613015563139E-33));
#3989 = ORIENTED_EDGE('',*,*,#2342,.F.);
#3990 = CYLINDRICAL_SURFACE('',#3991,2.);
#3991 = AXIS2_PLACEMENT_3D('',#3992,#3993,#3994);
#3992 = CARTESIAN_POINT('',(24.3,39.775,-7.6));
#3993 = DIRECTION('',(-1.,-0.,-0.));
#3994 = DIRECTION('',(0.,1.,-1.613015563139E-33));
#3995 = ADVANCED_FACE('',(#3996),#4007,.F.);
#3996 = FACE_BOUND('',#3997,.T.);
#3997 = EDGE_LOOP('',(#3998,#4005,#4006));
#3998 = ORIENTED_EDGE('',*,*,#3999,.F.);
#3999 = EDGE_CURVE('',#3957,#2306,#4000,.T.);
#4000 = CIRCLE('',#4001,2.);
#4001 = AXIS2_PLACEMENT_3D('',#4002,#4003,#4004);
#4002 = CARTESIAN_POINT('',(24.3,-39.775,-7.6));
#4003 = DIRECTION('',(1.,0.,-0.));
#4004 = DIRECTION('',(0.,-1.,1.613015563139E-33));
#4005 = ORIENTED_EDGE('',*,*,#3966,.T.);
#4006 = ORIENTED_EDGE('',*,*,#2305,.T.);
#4007 = SPHERICAL_SURFACE('',#4008,2.);
#4008 = AXIS2_PLACEMENT_3D('',#4009,#4010,#4011);
#4009 = CARTESIAN_POINT('',(24.3,-39.775,-7.6));
#4010 = DIRECTION('',(-7.548369822181E-34,9.336947708948E-34,-1.));
#4011 = DIRECTION('',(7.548369822181E-34,-1.,-9.336947708948E-34));
#4012 = ADVANCED_FACE('',(#4013),#4025,.F.);
#4013 = FACE_BOUND('',#4014,.T.);
#4014 = EDGE_LOOP('',(#4015,#4016,#4017,#4024));
#4015 = ORIENTED_EDGE('',*,*,#3983,.F.);
#4016 = ORIENTED_EDGE('',*,*,#2366,.T.);
#4017 = ORIENTED_EDGE('',*,*,#4018,.T.);
#4018 = EDGE_CURVE('',#2357,#2552,#4019,.T.);
#4019 = CIRCLE('',#4020,2.);
#4020 = AXIS2_PLACEMENT_3D('',#4021,#4022,#4023);
#4021 = CARTESIAN_POINT('',(18.7,44.575,-7.6));
#4022 = DIRECTION('',(2.2089757355E-18,1.,9.336947708948E-34));
#4023 = DIRECTION('',(-1.,2.2089757355E-18,7.548369822181E-34));
#4024 = ORIENTED_EDGE('',*,*,#2551,.F.);
#4025 = TOROIDAL_SURFACE('',#4026,4.8,2.);
#4026 = AXIS2_PLACEMENT_3D('',#4027,#4028,#4029);
#4027 = CARTESIAN_POINT('',(23.5,44.575,-7.6));
#4028 = DIRECTION('',(7.548369822181E-34,-9.336947708948E-34,1.));
#4029 = DIRECTION('',(1.268826313857E-15,-1.,-9.336947708949E-34));
#4030 = ADVANCED_FACE('',(#4031),#4037,.F.);
#4031 = FACE_BOUND('',#4032,.F.);
#4032 = EDGE_LOOP('',(#4033,#4034,#4035,#4036));
#4033 = ORIENTED_EDGE('',*,*,#4018,.T.);
#4034 = ORIENTED_EDGE('',*,*,#2560,.T.);
#4035 = ORIENTED_EDGE('',*,*,#2435,.F.);
#4036 = ORIENTED_EDGE('',*,*,#2384,.F.);
#4037 = CYLINDRICAL_SURFACE('',#4038,2.);
#4038 = AXIS2_PLACEMENT_3D('',#4039,#4040,#4041);
#4039 = CARTESIAN_POINT('',(18.7,44.575,-7.6));
#4040 = DIRECTION('',(0.,1.,0.));
#4041 = DIRECTION('',(1.,0.,-2.895299245675E-33));
#4042 = ADVANCED_FACE('',(#4043),#4054,.F.);
#4043 = FACE_BOUND('',#4044,.T.);
#4044 = EDGE_LOOP('',(#4045,#4046,#4052,#4053));
#4045 = ORIENTED_EDGE('',*,*,#3189,.T.);
#4046 = ORIENTED_EDGE('',*,*,#4047,.T.);
#4047 = EDGE_CURVE('',#3190,#2399,#4048,.T.);
#4048 = LINE('',#4049,#4050);
#4049 = CARTESIAN_POINT('',(21.5,44.475,-10.6));
#4050 = VECTOR('',#4051,1.);
#4051 = DIRECTION('',(0.707106781187,0.,0.707106781187));
#4052 = ORIENTED_EDGE('',*,*,#2406,.F.);
#4053 = ORIENTED_EDGE('',*,*,#4047,.F.);
#4054 = CONICAL_SURFACE('',#4055,1.9,0.785398163397);
#4055 = AXIS2_PLACEMENT_3D('',#4056,#4057,#4058);
#4056 = CARTESIAN_POINT('',(23.4,44.475,-10.6));
#4057 = DIRECTION('',(-0.,-0.,-1.));
#4058 = DIRECTION('',(-1.,0.,0.));
#4059 = ADVANCED_FACE('',(#4060),#4072,.F.);
#4060 = FACE_BOUND('',#4061,.F.);
#4061 = EDGE_LOOP('',(#4062,#4063,#4064,#4071));
#4062 = ORIENTED_EDGE('',*,*,#2576,.T.);
#4063 = ORIENTED_EDGE('',*,*,#2453,.T.);
#4064 = ORIENTED_EDGE('',*,*,#4065,.F.);
#4065 = EDGE_CURVE('',#3023,#2454,#4066,.T.);
#4066 = CIRCLE('',#4067,2.);
#4067 = AXIS2_PLACEMENT_3D('',#4068,#4069,#4070);
#4068 = CARTESIAN_POINT('',(-18.7,44.575,-7.6));
#4069 = DIRECTION('',(-0.,-1.,0.));
#4070 = DIRECTION('',(-1.,0.,2.895299245675E-33));
#4071 = ORIENTED_EDGE('',*,*,#3032,.F.);
#4072 = CYLINDRICAL_SURFACE('',#4073,2.);
#4073 = AXIS2_PLACEMENT_3D('',#4074,#4075,#4076);
#4074 = CARTESIAN_POINT('',(-18.7,45.375,-7.6));
#4075 = DIRECTION('',(-0.,-1.,-0.));
#4076 = DIRECTION('',(-1.,0.,2.895299245675E-33));
#4077 = ADVANCED_FACE('',(#4078),#4090,.F.);
#4078 = FACE_BOUND('',#4079,.T.);
#4079 = EDGE_LOOP('',(#4080,#4081,#4082,#4089));
#4080 = ORIENTED_EDGE('',*,*,#4065,.F.);
#4081 = ORIENTED_EDGE('',*,*,#3056,.T.);
#4082 = ORIENTED_EDGE('',*,*,#4083,.T.);
#4083 = EDGE_CURVE('',#3047,#2462,#4084,.T.);
#4084 = CIRCLE('',#4085,2.);
#4085 = AXIS2_PLACEMENT_3D('',#4086,#4087,#4088);
#4086 = CARTESIAN_POINT('',(-23.5,39.775,-7.6));
#4087 = DIRECTION('',(-1.,-6.123233995737E-17,7.548369822181E-34));
#4088 = DIRECTION('',(6.123233995737E-17,-1.,-9.336947708948E-34));
#4089 = ORIENTED_EDGE('',*,*,#2461,.F.);
#4090 = TOROIDAL_SURFACE('',#4091,4.8,2.);
#4091 = AXIS2_PLACEMENT_3D('',#4092,#4093,#4094);
#4092 = CARTESIAN_POINT('',(-23.5,44.575,-7.6));
#4093 = DIRECTION('',(7.548369822181E-34,-9.336947708948E-34,1.));
#4094 = DIRECTION('',(1.,-6.669248363535E-34,-7.548369822181E-34));
#4095 = ADVANCED_FACE('',(#4096),#4108,.F.);
#4096 = FACE_BOUND('',#4097,.F.);
#4097 = EDGE_LOOP('',(#4098,#4099,#4100,#4107));
#4098 = ORIENTED_EDGE('',*,*,#4083,.T.);
#4099 = ORIENTED_EDGE('',*,*,#2470,.T.);
#4100 = ORIENTED_EDGE('',*,*,#4101,.F.);
#4101 = EDGE_CURVE('',#3072,#2471,#4102,.T.);
#4102 = CIRCLE('',#4103,2.);
#4103 = AXIS2_PLACEMENT_3D('',#4104,#4105,#4106);
#4104 = CARTESIAN_POINT('',(-24.3,39.775,-7.6));
#4105 = DIRECTION('',(-1.,0.,-0.));
#4106 = DIRECTION('',(0.,1.,-1.613015563139E-33));
#4107 = ORIENTED_EDGE('',*,*,#3082,.F.);
#4108 = CYLINDRICAL_SURFACE('',#4109,2.);
#4109 = AXIS2_PLACEMENT_3D('',#4110,#4111,#4112);
#4110 = CARTESIAN_POINT('',(-23.5,39.775,-7.6));
#4111 = DIRECTION('',(-1.,-0.,-0.));
#4112 = DIRECTION('',(0.,1.,-1.613015563139E-33));
#4113 = ADVANCED_FACE('',(#4114),#4141,.F.);
#4114 = FACE_BOUND('',#4115,.F.);
#4115 = EDGE_LOOP('',(#4116,#4125,#4126,#4135));
#4116 = ORIENTED_EDGE('',*,*,#4117,.T.);
#4117 = EDGE_CURVE('',#4118,#2471,#4120,.T.);
#4118 = VERTEX_POINT('',#4119);
#4119 = CARTESIAN_POINT('',(-26.3,39.775,-7.6));
#4120 = CIRCLE('',#4121,2.);
#4121 = AXIS2_PLACEMENT_3D('',#4122,#4123,#4124);
#4122 = CARTESIAN_POINT('',(-24.3,39.775,-7.6));
#4123 = DIRECTION('',(-2.059633784283E-15,-1.,-9.336947708948E-34));
#4124 = DIRECTION('',(-1.,2.059633784283E-15,7.548369822181E-34));
#4125 = ORIENTED_EDGE('',*,*,#2478,.T.);
#4126 = ORIENTED_EDGE('',*,*,#4127,.F.);
#4127 = EDGE_CURVE('',#4128,#2479,#4130,.T.);
#4128 = VERTEX_POINT('',#4129);
#4129 = CARTESIAN_POINT('',(-26.3,-39.775,-7.6));
#4130 = CIRCLE('',#4131,2.);
#4131 = AXIS2_PLACEMENT_3D('',#4132,#4133,#4134);
#4132 = CARTESIAN_POINT('',(-24.3,-39.775,-7.6));
#4133 = DIRECTION('',(0.,-1.,2.22044604925E-16));
#4134 = DIRECTION('',(-1.,0.,0.));
#4135 = ORIENTED_EDGE('',*,*,#4136,.F.);
#4136 = EDGE_CURVE('',#4118,#4128,#4137,.T.);
#4137 = LINE('',#4138,#4139);
#4138 = CARTESIAN_POINT('',(-26.3,39.775,-7.6));
#4139 = VECTOR('',#4140,1.);
#4140 = DIRECTION('',(0.,-1.,2.22044604925E-16));
#4141 = CYLINDRICAL_SURFACE('',#4142,2.);
#4142 = AXIS2_PLACEMENT_3D('',#4143,#4144,#4145);
#4143 = CARTESIAN_POINT('',(-24.3,39.775,-7.6));
#4144 = DIRECTION('',(0.,-1.,2.22044604925E-16));
#4145 = DIRECTION('',(-1.,0.,0.));
#4146 = ADVANCED_FACE('',(#4147),#4166,.F.);
#4147 = FACE_BOUND('',#4148,.F.);
#4148 = EDGE_LOOP('',(#4149,#4158,#4159,#4160));
#4149 = ORIENTED_EDGE('',*,*,#4150,.T.);
#4150 = EDGE_CURVE('',#4151,#2528,#4153,.T.);
#4151 = VERTEX_POINT('',#4152);
#4152 = CARTESIAN_POINT('',(23.5,-41.775,-7.6));
#4153 = CIRCLE('',#4154,2.);
#4154 = AXIS2_PLACEMENT_3D('',#4155,#4156,#4157);
#4155 = CARTESIAN_POINT('',(23.5,-39.775,-7.6));
#4156 = DIRECTION('',(1.,6.123233995737E-17,-7.548369822181E-34));
#4157 = DIRECTION('',(-6.123233995737E-17,1.,9.336947708948E-34));
#4158 = ORIENTED_EDGE('',*,*,#2536,.T.);
#4159 = ORIENTED_EDGE('',*,*,#3999,.F.);
#4160 = ORIENTED_EDGE('',*,*,#4161,.F.);
#4161 = EDGE_CURVE('',#4151,#3957,#4162,.T.);
#4162 = LINE('',#4163,#4164);
#4163 = CARTESIAN_POINT('',(23.5,-41.775,-7.6));
#4164 = VECTOR('',#4165,1.);
#4165 = DIRECTION('',(1.,0.,0.));
#4166 = CYLINDRICAL_SURFACE('',#4167,2.);
#4167 = AXIS2_PLACEMENT_3D('',#4168,#4169,#4170);
#4168 = CARTESIAN_POINT('',(23.5,-39.775,-7.6));
#4169 = DIRECTION('',(1.,0.,0.));
#4170 = DIRECTION('',(0.,-1.,1.613015563139E-33));
#4171 = ADVANCED_FACE('',(#4172),#4199,.F.);
#4172 = FACE_BOUND('',#4173,.F.);
#4173 = EDGE_LOOP('',(#4174,#4183,#4184,#4193));
#4174 = ORIENTED_EDGE('',*,*,#4175,.T.);
#4175 = EDGE_CURVE('',#4176,#2479,#4178,.T.);
#4176 = VERTEX_POINT('',#4177);
#4177 = CARTESIAN_POINT('',(-24.3,-41.775,-7.6));
#4178 = CIRCLE('',#4179,2.);
#4179 = AXIS2_PLACEMENT_3D('',#4180,#4181,#4182);
#4180 = CARTESIAN_POINT('',(-24.3,-39.775,-7.6));
#4181 = DIRECTION('',(1.,-9.494107596575E-16,-7.548369822181E-34));
#4182 = DIRECTION('',(-9.494107596575E-16,-1.,-9.336947708948E-34));
#4183 = ORIENTED_EDGE('',*,*,#2486,.T.);
#4184 = ORIENTED_EDGE('',*,*,#4185,.F.);
#4185 = EDGE_CURVE('',#4186,#2487,#4188,.T.);
#4186 = VERTEX_POINT('',#4187);
#4187 = CARTESIAN_POINT('',(-23.5,-41.775,-7.6));
#4188 = CIRCLE('',#4189,2.);
#4189 = AXIS2_PLACEMENT_3D('',#4190,#4191,#4192);
#4190 = CARTESIAN_POINT('',(-23.5,-39.775,-7.6));
#4191 = DIRECTION('',(1.,0.,-0.));
#4192 = DIRECTION('',(0.,-1.,1.613015563139E-33));
#4193 = ORIENTED_EDGE('',*,*,#4194,.F.);
#4194 = EDGE_CURVE('',#4176,#4186,#4195,.T.);
#4195 = LINE('',#4196,#4197);
#4196 = CARTESIAN_POINT('',(-24.3,-41.775,-7.6));
#4197 = VECTOR('',#4198,1.);
#4198 = DIRECTION('',(1.,0.,0.));
#4199 = CYLINDRICAL_SURFACE('',#4200,2.);
#4200 = AXIS2_PLACEMENT_3D('',#4201,#4202,#4203);
#4201 = CARTESIAN_POINT('',(-24.3,-39.775,-7.6));
#4202 = DIRECTION('',(1.,0.,0.));
#4203 = DIRECTION('',(0.,-1.,1.613015563139E-33));
#4204 = ADVANCED_FACE('',(#4205),#4225,.F.);
#4205 = FACE_BOUND('',#4206,.T.);
#4206 = EDGE_LOOP('',(#4207,#4216,#4223,#4224));
#4207 = ORIENTED_EDGE('',*,*,#4208,.F.);
#4208 = EDGE_CURVE('',#4209,#2520,#4211,.T.);
#4209 = VERTEX_POINT('',#4210);
#4210 = CARTESIAN_POINT('',(20.7,-44.575,-7.6));
#4211 = CIRCLE('',#4212,2.);
#4212 = AXIS2_PLACEMENT_3D('',#4213,#4214,#4215);
#4213 = CARTESIAN_POINT('',(18.7,-44.575,-7.6));
#4214 = DIRECTION('',(-0.,1.,0.));
#4215 = DIRECTION('',(1.,0.,-2.895299245675E-33));
#4216 = ORIENTED_EDGE('',*,*,#4217,.T.);
#4217 = EDGE_CURVE('',#4209,#4151,#4218,.T.);
#4218 = CIRCLE('',#4219,2.8);
#4219 = AXIS2_PLACEMENT_3D('',#4220,#4221,#4222);
#4220 = CARTESIAN_POINT('',(23.5,-44.575,-7.6));
#4221 = DIRECTION('',(-7.548369822181E-34,9.336947708948E-34,-1.));
#4222 = DIRECTION('',(-1.,-6.669248363535E-34,7.548369822181E-34));
#4223 = ORIENTED_EDGE('',*,*,#4150,.T.);
#4224 = ORIENTED_EDGE('',*,*,#2527,.F.);
#4225 = TOROIDAL_SURFACE('',#4226,4.8,2.);
#4226 = AXIS2_PLACEMENT_3D('',#4227,#4228,#4229);
#4227 = CARTESIAN_POINT('',(23.5,-44.575,-7.6));
#4228 = DIRECTION('',(7.548369822181E-34,-9.336947708948E-34,1.));
#4229 = DIRECTION('',(-1.,-6.669248363535E-34,7.548369822181E-34));
#4230 = ADVANCED_FACE('',(#4231),#4251,.F.);
#4231 = FACE_BOUND('',#4232,.T.);
#4232 = EDGE_LOOP('',(#4233,#4234,#4243,#4250));
#4233 = ORIENTED_EDGE('',*,*,#4185,.F.);
#4234 = ORIENTED_EDGE('',*,*,#4235,.T.);
#4235 = EDGE_CURVE('',#4186,#4236,#4238,.T.);
#4236 = VERTEX_POINT('',#4237);
#4237 = CARTESIAN_POINT('',(-20.7,-44.575,-7.6));
#4238 = CIRCLE('',#4239,2.8);
#4239 = AXIS2_PLACEMENT_3D('',#4240,#4241,#4242);
#4240 = CARTESIAN_POINT('',(-23.5,-44.575,-7.6));
#4241 = DIRECTION('',(-7.548369822181E-34,9.336947708948E-34,-1.));
#4242 = DIRECTION('',(5.391692730129E-34,1.,9.336947708948E-34));
#4243 = ORIENTED_EDGE('',*,*,#4244,.T.);
#4244 = EDGE_CURVE('',#4236,#2495,#4245,.T.);
#4245 = CIRCLE('',#4246,2.);
#4246 = AXIS2_PLACEMENT_3D('',#4247,#4248,#4249);
#4247 = CARTESIAN_POINT('',(-18.7,-44.575,-7.6));
#4248 = DIRECTION('',(-8.269460797428E-16,-1.,-9.336947708948E-34));
#4249 = DIRECTION('',(1.,-8.269460797428E-16,-7.548369822181E-34));
#4250 = ORIENTED_EDGE('',*,*,#2494,.F.);
#4251 = TOROIDAL_SURFACE('',#4252,4.8,2.);
#4252 = AXIS2_PLACEMENT_3D('',#4253,#4254,#4255);
#4253 = CARTESIAN_POINT('',(-23.5,-44.575,-7.6));
#4254 = DIRECTION('',(7.548369822181E-34,-9.336947708948E-34,1.));
#4255 = DIRECTION('',(5.391692730129E-34,1.,9.336947708948E-34));
#4256 = ADVANCED_FACE('',(#4257),#4274,.F.);
#4257 = FACE_BOUND('',#4258,.F.);
#4258 = EDGE_LOOP('',(#4259,#4266,#4267,#4268));
#4259 = ORIENTED_EDGE('',*,*,#4260,.T.);
#4260 = EDGE_CURVE('',#3888,#2512,#4261,.T.);
#4261 = CIRCLE('',#4262,2.);
#4262 = AXIS2_PLACEMENT_3D('',#4263,#4264,#4265);
#4263 = CARTESIAN_POINT('',(18.7,-45.375,-7.6));
#4264 = DIRECTION('',(-8.269460797428E-16,1.,9.336947708949E-34));
#4265 = DIRECTION('',(1.,8.269460797428E-16,-7.548369822181E-34));
#4266 = ORIENTED_EDGE('',*,*,#2519,.T.);
#4267 = ORIENTED_EDGE('',*,*,#4208,.F.);
#4268 = ORIENTED_EDGE('',*,*,#4269,.F.);
#4269 = EDGE_CURVE('',#3888,#4209,#4270,.T.);
#4270 = LINE('',#4271,#4272);
#4271 = CARTESIAN_POINT('',(20.7,-45.375,-7.6));
#4272 = VECTOR('',#4273,1.);
#4273 = DIRECTION('',(0.,1.,0.));
#4274 = CYLINDRICAL_SURFACE('',#4275,2.);
#4275 = AXIS2_PLACEMENT_3D('',#4276,#4277,#4278);
#4276 = CARTESIAN_POINT('',(18.7,-45.375,-7.6));
#4277 = DIRECTION('',(0.,1.,0.));
#4278 = DIRECTION('',(1.,0.,-2.895299245675E-33));
#4279 = ADVANCED_FACE('',(#4280),#4297,.F.);
#4280 = FACE_BOUND('',#4281,.F.);
#4281 = EDGE_LOOP('',(#4282,#4283,#4284,#4291));
#4282 = ORIENTED_EDGE('',*,*,#4244,.T.);
#4283 = ORIENTED_EDGE('',*,*,#2503,.T.);
#4284 = ORIENTED_EDGE('',*,*,#4285,.F.);
#4285 = EDGE_CURVE('',#3550,#2504,#4286,.T.);
#4286 = CIRCLE('',#4287,2.);
#4287 = AXIS2_PLACEMENT_3D('',#4288,#4289,#4290);
#4288 = CARTESIAN_POINT('',(-18.7,-45.375,-7.6));
#4289 = DIRECTION('',(-0.,-1.,0.));
#4290 = DIRECTION('',(-1.,0.,2.895299245675E-33));
#4291 = ORIENTED_EDGE('',*,*,#4292,.F.);
#4292 = EDGE_CURVE('',#4236,#3550,#4293,.T.);
#4293 = LINE('',#4294,#4295);
#4294 = CARTESIAN_POINT('',(-20.7,-44.575,-7.6));
#4295 = VECTOR('',#4296,1.);
#4296 = DIRECTION('',(-0.,-1.,-0.));
#4297 = CYLINDRICAL_SURFACE('',#4298,2.);
#4298 = AXIS2_PLACEMENT_3D('',#4299,#4300,#4301);
#4299 = CARTESIAN_POINT('',(-18.7,-44.575,-7.6));
#4300 = DIRECTION('',(-0.,-1.,-0.));
#4301 = DIRECTION('',(-1.,0.,2.895299245675E-33));
#4302 = ADVANCED_FACE('',(#4303),#4329,.F.);
#4303 = FACE_BOUND('',#4304,.T.);
#4304 = EDGE_LOOP('',(#4305,#4313,#4314,#4322));
#4305 = ORIENTED_EDGE('',*,*,#4306,.F.);
#4306 = EDGE_CURVE('',#2592,#4307,#4309,.T.);
#4307 = VERTEX_POINT('',#4308);
#4308 = CARTESIAN_POINT('',(-28.55,24.575,-4.1));
#4309 = LINE('',#4310,#4311);
#4310 = CARTESIAN_POINT('',(-28.675,24.575,-4.225));
#4311 = VECTOR('',#4312,1.);
#4312 = DIRECTION('',(0.707106781187,2.231959162036E-35,0.707106781187)
  );
#4313 = ORIENTED_EDGE('',*,*,#2591,.T.);
#4314 = ORIENTED_EDGE('',*,*,#4315,.T.);
#4315 = EDGE_CURVE('',#2594,#4316,#4318,.T.);
#4316 = VERTEX_POINT('',#4317);
#4317 = CARTESIAN_POINT('',(-28.55,20.475,3.552713678801E-15));
#4318 = LINE('',#4319,#4320);
#4319 = CARTESIAN_POINT('',(-24.45,24.575,0.));
#4320 = VECTOR('',#4321,1.);
#4321 = DIRECTION('',(0.707106781187,0.707106781187,1.434953427053E-32)
  );
#4322 = ORIENTED_EDGE('',*,*,#4323,.F.);
#4323 = EDGE_CURVE('',#4307,#4316,#4324,.T.);
#4324 = CIRCLE('',#4325,4.1);
#4325 = AXIS2_PLACEMENT_3D('',#4326,#4327,#4328);
#4326 = CARTESIAN_POINT('',(-28.55,24.575,0.));
#4327 = DIRECTION('',(-1.,-0.,-0.));
#4328 = DIRECTION('',(0.,0.,-1.));
#4329 = CONICAL_SURFACE('',#4330,4.1,0.785398163397);
#4330 = AXIS2_PLACEMENT_3D('',#4331,#4332,#4333);
#4331 = CARTESIAN_POINT('',(-28.55,24.575,0.));
#4332 = DIRECTION('',(-1.,-0.,-0.));
#4333 = DIRECTION('',(0.,0.,-1.));
#4334 = ADVANCED_FACE('',(#4335),#4353,.F.);
#4335 = FACE_BOUND('',#4336,.T.);
#4336 = EDGE_LOOP('',(#4337,#4345,#4346,#4347));
#4337 = ORIENTED_EDGE('',*,*,#4338,.F.);
#4338 = EDGE_CURVE('',#2694,#4339,#4341,.T.);
#4339 = VERTEX_POINT('',#4340);
#4340 = CARTESIAN_POINT('',(-28.55,29.125,-4.1));
#4341 = LINE('',#4342,#4343);
#4342 = CARTESIAN_POINT('',(-27.95,28.525,-3.5));
#4343 = VECTOR('',#4344,1.);
#4344 = DIRECTION('',(0.57735026919,-0.57735026919,0.57735026919));
#4345 = ORIENTED_EDGE('',*,*,#2701,.T.);
#4346 = ORIENTED_EDGE('',*,*,#4306,.T.);
#4347 = ORIENTED_EDGE('',*,*,#4348,.F.);
#4348 = EDGE_CURVE('',#4339,#4307,#4349,.T.);
#4349 = LINE('',#4350,#4351);
#4350 = CARTESIAN_POINT('',(-28.55,29.125,-4.1));
#4351 = VECTOR('',#4352,1.);
#4352 = DIRECTION('',(0.,-1.,0.));
#4353 = PLANE('',#4354);
#4354 = AXIS2_PLACEMENT_3D('',#4355,#4356,#4357);
#4355 = CARTESIAN_POINT('',(-28.675,29.125,-4.225));
#4356 = DIRECTION('',(0.707106781187,5.827188984665E-19,-0.707106781187)
  );
#4357 = DIRECTION('',(-4.120444846312E-19,1.,4.120444846312E-19));
#4358 = ADVANCED_FACE('',(#4359),#4377,.F.);
#4359 = FACE_BOUND('',#4360,.T.);
#4360 = EDGE_LOOP('',(#4361,#4369,#4370,#4371));
#4361 = ORIENTED_EDGE('',*,*,#4362,.F.);
#4362 = EDGE_CURVE('',#2686,#4363,#4365,.T.);
#4363 = VERTEX_POINT('',#4364);
#4364 = CARTESIAN_POINT('',(-28.55,29.125,5.329070518201E-15));
#4365 = LINE('',#4366,#4367);
#4366 = CARTESIAN_POINT('',(-14.19375,14.76875,5.329070518201E-15));
#4367 = VECTOR('',#4368,1.);
#4368 = DIRECTION('',(0.707106781187,-0.707106781187,-7.230982212598E-33
    ));
#4369 = ORIENTED_EDGE('',*,*,#2693,.T.);
#4370 = ORIENTED_EDGE('',*,*,#4338,.T.);
#4371 = ORIENTED_EDGE('',*,*,#4372,.F.);
#4372 = EDGE_CURVE('',#4363,#4339,#4373,.T.);
#4373 = LINE('',#4374,#4375);
#4374 = CARTESIAN_POINT('',(-28.55,29.125,-5.329070518201E-15));
#4375 = VECTOR('',#4376,1.);
#4376 = DIRECTION('',(0.,0.,-1.));
#4377 = PLANE('',#4378);
#4378 = AXIS2_PLACEMENT_3D('',#4379,#4380,#4381);
#4379 = CARTESIAN_POINT('',(-28.675,29.25,-5.329070518201E-15));
#4380 = DIRECTION('',(0.707106781187,0.707106781187,-5.827188984665E-19)
  );
#4381 = DIRECTION('',(4.120444846312E-19,4.120444846312E-19,1.));
#4382 = ADVANCED_FACE('',(#4383),#4417,.T.);
#4383 = FACE_BOUND('',#4384,.T.);
#4384 = EDGE_LOOP('',(#4385,#4393,#4401,#4409,#4415,#4416));
#4385 = ORIENTED_EDGE('',*,*,#4386,.T.);
#4386 = EDGE_CURVE('',#4363,#4387,#4389,.T.);
#4387 = VERTEX_POINT('',#4388);
#4388 = CARTESIAN_POINT('',(-26.3,29.125,1.06581410364E-14));
#4389 = LINE('',#4390,#4391);
#4390 = CARTESIAN_POINT('',(-13.15,29.125,5.329070518201E-15));
#4391 = VECTOR('',#4392,1.);
#4392 = DIRECTION('',(1.,-1.008857463847E-30,5.033576432395E-33));
#4393 = ORIENTED_EDGE('',*,*,#4394,.F.);
#4394 = EDGE_CURVE('',#4395,#4387,#4397,.T.);
#4395 = VERTEX_POINT('',#4396);
#4396 = CARTESIAN_POINT('',(-26.3,31.525,1.06581410364E-14));
#4397 = LINE('',#4398,#4399);
#4398 = CARTESIAN_POINT('',(-26.3,-44.575,1.06581410364E-14));
#4399 = VECTOR('',#4400,1.);
#4400 = DIRECTION('',(0.,-1.,0.));
#4401 = ORIENTED_EDGE('',*,*,#4402,.F.);
#4402 = EDGE_CURVE('',#4403,#4395,#4405,.T.);
#4403 = VERTEX_POINT('',#4404);
#4404 = CARTESIAN_POINT('',(-28.55,31.525,5.329070518201E-15));
#4405 = LINE('',#4406,#4407);
#4406 = CARTESIAN_POINT('',(-13.15,31.525,5.329070518201E-15));
#4407 = VECTOR('',#4408,1.);
#4408 = DIRECTION('',(1.,-1.008857463847E-30,5.033576432395E-33));
#4409 = ORIENTED_EDGE('',*,*,#4410,.F.);
#4410 = EDGE_CURVE('',#2678,#4403,#4411,.T.);
#4411 = LINE('',#4412,#4413);
#4412 = CARTESIAN_POINT('',(-29.35625,30.71875,5.329070518201E-15));
#4413 = VECTOR('',#4414,1.);
#4414 = DIRECTION('',(0.707106781187,0.707106781187,1.434953427053E-32)
  );
#4415 = ORIENTED_EDGE('',*,*,#2685,.T.);
#4416 = ORIENTED_EDGE('',*,*,#4362,.T.);
#4417 = PLANE('',#4418);
#4418 = AXIS2_PLACEMENT_3D('',#4419,#4420,#4421);
#4419 = CARTESIAN_POINT('',(1.862364421973E-15,-1.489891537578E-15,
    5.329070518201E-15));
#4420 = DIRECTION('',(-5.033576432395E-33,-1.525972954673E-32,1.));
#4421 = DIRECTION('',(-1.979224569427E-81,1.,1.525972954673E-32));
#4422 = ADVANCED_FACE('',(#4423),#4441,.T.);
#4423 = FACE_BOUND('',#4424,.F.);
#4424 = EDGE_LOOP('',(#4425,#4426,#4427,#4435));
#4425 = ORIENTED_EDGE('',*,*,#4410,.F.);
#4426 = ORIENTED_EDGE('',*,*,#2677,.T.);
#4427 = ORIENTED_EDGE('',*,*,#4428,.T.);
#4428 = EDGE_CURVE('',#2670,#4429,#4431,.T.);
#4429 = VERTEX_POINT('',#4430);
#4430 = CARTESIAN_POINT('',(-28.55,31.525,-4.1));
#4431 = LINE('',#4432,#4433);
#4432 = CARTESIAN_POINT('',(-27.95,32.125,-3.5));
#4433 = VECTOR('',#4434,1.);
#4434 = DIRECTION('',(0.57735026919,0.57735026919,0.57735026919));
#4435 = ORIENTED_EDGE('',*,*,#4436,.F.);
#4436 = EDGE_CURVE('',#4403,#4429,#4437,.T.);
#4437 = LINE('',#4438,#4439);
#4438 = CARTESIAN_POINT('',(-28.55,31.525,-5.329070518201E-15));
#4439 = VECTOR('',#4440,1.);
#4440 = DIRECTION('',(0.,0.,-1.));
#4441 = PLANE('',#4442);
#4442 = AXIS2_PLACEMENT_3D('',#4443,#4444,#4445);
#4443 = CARTESIAN_POINT('',(-28.675,31.4,-5.329070518201E-15));
#4444 = DIRECTION('',(-0.707106781187,0.707106781187,5.827188984665E-19)
  );
#4445 = DIRECTION('',(4.120444846312E-19,-4.120444846312E-19,1.));
#4446 = ADVANCED_FACE('',(#4447),#4458,.T.);
#4447 = FACE_BOUND('',#4448,.F.);
#4448 = EDGE_LOOP('',(#4449,#4450,#4451,#4452));
#4449 = ORIENTED_EDGE('',*,*,#4428,.F.);
#4450 = ORIENTED_EDGE('',*,*,#2669,.T.);
#4451 = ORIENTED_EDGE('',*,*,#2936,.T.);
#4452 = ORIENTED_EDGE('',*,*,#4453,.F.);
#4453 = EDGE_CURVE('',#4429,#2905,#4454,.T.);
#4454 = LINE('',#4455,#4456);
#4455 = CARTESIAN_POINT('',(-28.55,31.525,-4.1));
#4456 = VECTOR('',#4457,1.);
#4457 = DIRECTION('',(0.,1.,0.));
#4458 = PLANE('',#4459);
#4459 = AXIS2_PLACEMENT_3D('',#4460,#4461,#4462);
#4460 = CARTESIAN_POINT('',(-28.675,31.525,-4.225));
#4461 = DIRECTION('',(-0.707106781187,5.827188984665E-19,0.707106781187)
  );
#4462 = DIRECTION('',(-4.120444846312E-19,-1.,4.120444846312E-19));
#4463 = ADVANCED_FACE('',(#4464),#4475,.F.);
#4464 = FACE_BOUND('',#4465,.F.);
#4465 = EDGE_LOOP('',(#4466,#4467,#4468,#4469));
#4466 = ORIENTED_EDGE('',*,*,#3159,.F.);
#4467 = ORIENTED_EDGE('',*,*,#3218,.T.);
#4468 = ORIENTED_EDGE('',*,*,#2652,.T.);
#4469 = ORIENTED_EDGE('',*,*,#4470,.F.);
#4470 = EDGE_CURVE('',#3151,#2645,#4471,.T.);
#4471 = LINE('',#4472,#4473);
#4472 = CARTESIAN_POINT('',(-27.3,-44.575,-10.6));
#4473 = VECTOR('',#4474,1.);
#4474 = DIRECTION('',(-0.707106781187,1.570092458684E-16,0.707106781187)
  );
#4475 = PLANE('',#4476);
#4476 = AXIS2_PLACEMENT_3D('',#4477,#4478,#4479);
#4477 = CARTESIAN_POINT('',(-27.3,-44.575,-10.6));
#4478 = DIRECTION('',(0.707106781187,0.,0.707106781187));
#4479 = DIRECTION('',(-0.707106781187,1.570092458684E-16,0.707106781187)
  );
#4480 = ADVANCED_FACE('',(#4481),#4500,.F.);
#4481 = FACE_BOUND('',#4482,.T.);
#4482 = EDGE_LOOP('',(#4483,#4491,#4492,#4493));
#4483 = ORIENTED_EDGE('',*,*,#4484,.T.);
#4484 = EDGE_CURVE('',#4485,#2620,#4487,.T.);
#4485 = VERTEX_POINT('',#4486);
#4486 = CARTESIAN_POINT('',(-26.3,-32.45,-1.7));
#4487 = LINE('',#4488,#4489);
#4488 = CARTESIAN_POINT('',(-26.3,-32.45,-1.7));
#4489 = VECTOR('',#4490,1.);
#4490 = DIRECTION('',(-1.,1.693234063867E-31,-1.415486489741E-32));
#4491 = ORIENTED_EDGE('',*,*,#2627,.T.);
#4492 = ORIENTED_EDGE('',*,*,#3376,.F.);
#4493 = ORIENTED_EDGE('',*,*,#4494,.F.);
#4494 = EDGE_CURVE('',#4485,#3367,#4495,.T.);
#4495 = CIRCLE('',#4496,1.7);
#4496 = AXIS2_PLACEMENT_3D('',#4497,#4498,#4499);
#4497 = CARTESIAN_POINT('',(-26.3,-32.45,0.));
#4498 = DIRECTION('',(-1.,0.,0.));
#4499 = DIRECTION('',(0.,-1.,0.));
#4500 = CYLINDRICAL_SURFACE('',#4501,1.7);
#4501 = AXIS2_PLACEMENT_3D('',#4502,#4503,#4504);
#4502 = CARTESIAN_POINT('',(-26.3,-32.45,0.));
#4503 = DIRECTION('',(1.,0.,0.));
#4504 = DIRECTION('',(0.,-1.,0.));
#4505 = ADVANCED_FACE('',(#4506),#4524,.F.);
#4506 = FACE_BOUND('',#4507,.F.);
#4507 = EDGE_LOOP('',(#4508,#4509,#4510,#4518));
#4508 = ORIENTED_EDGE('',*,*,#4484,.T.);
#4509 = ORIENTED_EDGE('',*,*,#2619,.T.);
#4510 = ORIENTED_EDGE('',*,*,#4511,.F.);
#4511 = EDGE_CURVE('',#4512,#2611,#4514,.T.);
#4512 = VERTEX_POINT('',#4513);
#4513 = CARTESIAN_POINT('',(-26.3,-8.45,-1.7));
#4514 = LINE('',#4515,#4516);
#4515 = CARTESIAN_POINT('',(-26.3,-8.45,-1.7));
#4516 = VECTOR('',#4517,1.);
#4517 = DIRECTION('',(-1.,1.693234063867E-31,-1.415486489741E-32));
#4518 = ORIENTED_EDGE('',*,*,#4519,.F.);
#4519 = EDGE_CURVE('',#4485,#4512,#4520,.T.);
#4520 = LINE('',#4521,#4522);
#4521 = CARTESIAN_POINT('',(-26.3,-32.45,-1.7));
#4522 = VECTOR('',#4523,1.);
#4523 = DIRECTION('',(-0.,1.,-1.202741610011E-16));
#4524 = PLANE('',#4525);
#4525 = AXIS2_PLACEMENT_3D('',#4526,#4527,#4528);
#4526 = CARTESIAN_POINT('',(-26.3,-32.45,-1.7));
#4527 = DIRECTION('',(1.415486489741E-32,-1.202741610011E-16,-1.));
#4528 = DIRECTION('',(1.029278310753E-65,1.,-1.202741610011E-16));
#4529 = ADVANCED_FACE('',(#4530),#4549,.F.);
#4530 = FACE_BOUND('',#4531,.T.);
#4531 = EDGE_LOOP('',(#4532,#4540,#4541,#4542));
#4532 = ORIENTED_EDGE('',*,*,#4533,.T.);
#4533 = EDGE_CURVE('',#4534,#2603,#4536,.T.);
#4534 = VERTEX_POINT('',#4535);
#4535 = CARTESIAN_POINT('',(-26.3,-6.75,0.));
#4536 = LINE('',#4537,#4538);
#4537 = CARTESIAN_POINT('',(-26.3,-6.75,0.));
#4538 = VECTOR('',#4539,1.);
#4539 = DIRECTION('',(-1.,1.693234063867E-31,-1.415486489741E-32));
#4540 = ORIENTED_EDGE('',*,*,#2610,.T.);
#4541 = ORIENTED_EDGE('',*,*,#4511,.F.);
#4542 = ORIENTED_EDGE('',*,*,#4543,.F.);
#4543 = EDGE_CURVE('',#4534,#4512,#4544,.T.);
#4544 = CIRCLE('',#4545,1.7);
#4545 = AXIS2_PLACEMENT_3D('',#4546,#4547,#4548);
#4546 = CARTESIAN_POINT('',(-26.3,-8.45,0.));
#4547 = DIRECTION('',(-1.,0.,0.));
#4548 = DIRECTION('',(0.,-1.,0.));
#4549 = CYLINDRICAL_SURFACE('',#4550,1.7);
#4550 = AXIS2_PLACEMENT_3D('',#4551,#4552,#4553);
#4551 = CARTESIAN_POINT('',(-26.3,-8.45,0.));
#4552 = DIRECTION('',(1.,0.,0.));
#4553 = DIRECTION('',(0.,-1.,0.));
#4554 = ADVANCED_FACE('',(#4555),#4617,.T.);
#4555 = FACE_BOUND('',#4556,.T.);
#4556 = EDGE_LOOP('',(#4557,#4558,#4559,#4560,#4568,#4577,#4585,#4594,
    #4602,#4611));
#4557 = ORIENTED_EDGE('',*,*,#4315,.F.);
#4558 = ORIENTED_EDGE('',*,*,#2602,.T.);
#4559 = ORIENTED_EDGE('',*,*,#4533,.F.);
#4560 = ORIENTED_EDGE('',*,*,#4561,.F.);
#4561 = EDGE_CURVE('',#4562,#4534,#4564,.T.);
#4562 = VERTEX_POINT('',#4563);
#4563 = CARTESIAN_POINT('',(-26.3,-5.35,0.));
#4564 = LINE('',#4565,#4566);
#4565 = CARTESIAN_POINT('',(-26.3,-44.575,1.06581410364E-14));
#4566 = VECTOR('',#4567,1.);
#4567 = DIRECTION('',(0.,-1.,0.));
#4568 = ORIENTED_EDGE('',*,*,#4569,.F.);
#4569 = EDGE_CURVE('',#4570,#4562,#4572,.T.);
#4570 = VERTEX_POINT('',#4571);
#4571 = CARTESIAN_POINT('',(-27.5,-3.516969722018,0.));
#4572 = CIRCLE('',#4573,2.);
#4573 = AXIS2_PLACEMENT_3D('',#4574,#4575,#4576);
#4574 = CARTESIAN_POINT('',(-25.5,-3.516969722018,0.));
#4575 = DIRECTION('',(0.,0.,1.));
#4576 = DIRECTION('',(1.,0.,0.));
#4577 = ORIENTED_EDGE('',*,*,#4578,.T.);
#4578 = EDGE_CURVE('',#4570,#4579,#4581,.T.);
#4579 = VERTEX_POINT('',#4580);
#4580 = CARTESIAN_POINT('',(-27.5,15.631969722018,0.));
#4581 = LINE('',#4582,#4583);
#4582 = CARTESIAN_POINT('',(-27.5,-3.516969722018,0.));
#4583 = VECTOR('',#4584,1.);
#4584 = DIRECTION('',(0.,1.,0.));
#4585 = ORIENTED_EDGE('',*,*,#4586,.F.);
#4586 = EDGE_CURVE('',#4587,#4579,#4589,.T.);
#4587 = VERTEX_POINT('',#4588);
#4588 = CARTESIAN_POINT('',(-26.3,17.465,0.));
#4589 = CIRCLE('',#4590,2.);
#4590 = AXIS2_PLACEMENT_3D('',#4591,#4592,#4593);
#4591 = CARTESIAN_POINT('',(-25.5,15.631969722018,0.));
#4592 = DIRECTION('',(0.,0.,1.));
#4593 = DIRECTION('',(1.,0.,0.));
#4594 = ORIENTED_EDGE('',*,*,#4595,.F.);
#4595 = EDGE_CURVE('',#4596,#4587,#4598,.T.);
#4596 = VERTEX_POINT('',#4597);
#4597 = CARTESIAN_POINT('',(-26.3,18.875,0.));
#4598 = LINE('',#4599,#4600);
#4599 = CARTESIAN_POINT('',(-26.3,-44.575,1.06581410364E-14));
#4600 = VECTOR('',#4601,1.);
#4601 = DIRECTION('',(0.,-1.,0.));
#4602 = ORIENTED_EDGE('',*,*,#4603,.F.);
#4603 = EDGE_CURVE('',#4604,#4596,#4606,.T.);
#4604 = VERTEX_POINT('',#4605);
#4605 = CARTESIAN_POINT('',(-27.39132688221,20.475,1.7763568394E-15));
#4606 = CIRCLE('',#4607,2.);
#4607 = AXIS2_PLACEMENT_3D('',#4608,#4609,#4610);
#4608 = CARTESIAN_POINT('',(-25.4,20.661057109949,0.));
#4609 = DIRECTION('',(0.,0.,1.));
#4610 = DIRECTION('',(1.,0.,0.));
#4611 = ORIENTED_EDGE('',*,*,#4612,.F.);
#4612 = EDGE_CURVE('',#4316,#4604,#4613,.T.);
#4613 = LINE('',#4614,#4615);
#4614 = CARTESIAN_POINT('',(-26.3,20.475,5.329070518201E-15));
#4615 = VECTOR('',#4616,1.);
#4616 = DIRECTION('',(1.,0.,0.));
#4617 = PLANE('',#4618);
#4618 = AXIS2_PLACEMENT_3D('',#4619,#4620,#4621);
#4619 = CARTESIAN_POINT('',(1.862364421973E-15,-1.489891537578E-15,
    5.329070518201E-15));
#4620 = DIRECTION('',(-5.033576432395E-33,-1.525972954673E-32,1.));
#4621 = DIRECTION('',(-1.979224569427E-81,1.,1.525972954673E-32));
#4622 = ADVANCED_FACE('',(#4623),#4629,.T.);
#4623 = FACE_BOUND('',#4624,.T.);
#4624 = EDGE_LOOP('',(#4625,#4626,#4627,#4628));
#4625 = ORIENTED_EDGE('',*,*,#2963,.T.);
#4626 = ORIENTED_EDGE('',*,*,#2978,.T.);
#4627 = ORIENTED_EDGE('',*,*,#2813,.F.);
#4628 = ORIENTED_EDGE('',*,*,#2837,.F.);
#4629 = PLANE('',#4630);
#4630 = AXIS2_PLACEMENT_3D('',#4631,#4632,#4633);
#4631 = CARTESIAN_POINT('',(-26.3,44.575,0.));
#4632 = DIRECTION('',(1.,0.,0.));
#4633 = DIRECTION('',(0.,-1.,0.));
#4634 = ADVANCED_FACE('',(#4635),#4661,.T.);
#4635 = FACE_BOUND('',#4636,.T.);
#4636 = EDGE_LOOP('',(#4637,#4645,#4653,#4659,#4660));
#4637 = ORIENTED_EDGE('',*,*,#4638,.T.);
#4638 = EDGE_CURVE('',#2903,#4639,#4641,.T.);
#4639 = VERTEX_POINT('',#4640);
#4640 = CARTESIAN_POINT('',(-27.4,33.311057109949,-4.1));
#4641 = LINE('',#4642,#4643);
#4642 = CARTESIAN_POINT('',(-27.4,32.418028554975,-4.1));
#4643 = VECTOR('',#4644,1.);
#4644 = DIRECTION('',(5.496202146632E-16,-1.,-3.100338616632E-47));
#4645 = ORIENTED_EDGE('',*,*,#4646,.T.);
#4646 = EDGE_CURVE('',#4639,#4647,#4649,.T.);
#4647 = VERTEX_POINT('',#4648);
#4648 = CARTESIAN_POINT('',(-27.4,33.311057109949,-5.7));
#4649 = LINE('',#4650,#4651);
#4650 = CARTESIAN_POINT('',(-27.4,33.311057109949,0.));
#4651 = VECTOR('',#4652,1.);
#4652 = DIRECTION('',(-0.,-0.,-1.));
#4653 = ORIENTED_EDGE('',*,*,#4654,.T.);
#4654 = EDGE_CURVE('',#4647,#2861,#4655,.T.);
#4655 = LINE('',#4656,#4657);
#4656 = CARTESIAN_POINT('',(-27.4,33.311057109949,-5.7));
#4657 = VECTOR('',#4658,1.);
#4658 = DIRECTION('',(-5.496202146632E-16,1.,0.));
#4659 = ORIENTED_EDGE('',*,*,#2869,.F.);
#4660 = ORIENTED_EDGE('',*,*,#2912,.F.);
#4661 = PLANE('',#4662);
#4662 = AXIS2_PLACEMENT_3D('',#4663,#4664,#4665);
#4663 = CARTESIAN_POINT('',(-27.4,33.311057109949,0.));
#4664 = DIRECTION('',(1.,5.496202146632E-16,0.));
#4665 = DIRECTION('',(-5.496202146632E-16,1.,0.));
#4666 = ADVANCED_FACE('',(#4667),#4696,.T.);
#4667 = FACE_BOUND('',#4668,.T.);
#4668 = EDGE_LOOP('',(#4669,#4678,#4679,#4680,#4681,#4690));
#4669 = ORIENTED_EDGE('',*,*,#4670,.T.);
#4670 = EDGE_CURVE('',#4671,#3000,#4673,.T.);
#4671 = VERTEX_POINT('',#4672);
#4672 = CARTESIAN_POINT('',(-26.3,39.775,-5.7));
#4673 = CIRCLE('',#4674,2.);
#4674 = AXIS2_PLACEMENT_3D('',#4675,#4676,#4677);
#4675 = CARTESIAN_POINT('',(-24.3,39.775,-5.7));
#4676 = DIRECTION('',(0.,0.,-1.));
#4677 = DIRECTION('',(1.,0.,0.));
#4678 = ORIENTED_EDGE('',*,*,#3007,.T.);
#4679 = ORIENTED_EDGE('',*,*,#2860,.T.);
#4680 = ORIENTED_EDGE('',*,*,#4654,.F.);
#4681 = ORIENTED_EDGE('',*,*,#4682,.T.);
#4682 = EDGE_CURVE('',#4647,#4683,#4685,.T.);
#4683 = VERTEX_POINT('',#4684);
#4684 = CARTESIAN_POINT('',(-26.3,31.525,-5.7));
#4685 = CIRCLE('',#4686,2.);
#4686 = AXIS2_PLACEMENT_3D('',#4687,#4688,#4689);
#4687 = CARTESIAN_POINT('',(-25.4,33.311057109949,-5.7));
#4688 = DIRECTION('',(0.,0.,1.));
#4689 = DIRECTION('',(1.,0.,0.));
#4690 = ORIENTED_EDGE('',*,*,#4691,.F.);
#4691 = EDGE_CURVE('',#4671,#4683,#4692,.T.);
#4692 = LINE('',#4693,#4694);
#4693 = CARTESIAN_POINT('',(-26.3,39.775,-5.7));
#4694 = VECTOR('',#4695,1.);
#4695 = DIRECTION('',(-4.306319610667E-16,-1.,0.));
#4696 = PLANE('',#4697);
#4697 = AXIS2_PLACEMENT_3D('',#4698,#4699,#4700);
#4698 = CARTESIAN_POINT('',(-26.56998713265,31.170984736837,-5.7));
#4699 = DIRECTION('',(0.,0.,1.));
#4700 = DIRECTION('',(1.,0.,0.));
#4701 = ADVANCED_FACE('',(#4702),#4722,.F.);
#4702 = FACE_BOUND('',#4703,.F.);
#4703 = EDGE_LOOP('',(#4704,#4712,#4713,#4714,#4715));
#4704 = ORIENTED_EDGE('',*,*,#4705,.T.);
#4705 = EDGE_CURVE('',#4706,#4429,#4708,.T.);
#4706 = VERTEX_POINT('',#4707);
#4707 = CARTESIAN_POINT('',(-26.3,31.525,-4.1));
#4708 = LINE('',#4709,#4710);
#4709 = CARTESIAN_POINT('',(-26.3,31.525,-4.1));
#4710 = VECTOR('',#4711,1.);
#4711 = DIRECTION('',(-1.,1.008857463847E-30,5.640874432778E-32));
#4712 = ORIENTED_EDGE('',*,*,#4453,.T.);
#4713 = ORIENTED_EDGE('',*,*,#2902,.F.);
#4714 = ORIENTED_EDGE('',*,*,#4638,.T.);
#4715 = ORIENTED_EDGE('',*,*,#4716,.T.);
#4716 = EDGE_CURVE('',#4639,#4706,#4717,.T.);
#4717 = CIRCLE('',#4718,2.);
#4718 = AXIS2_PLACEMENT_3D('',#4719,#4720,#4721);
#4719 = CARTESIAN_POINT('',(-25.4,33.311057109949,-4.1));
#4720 = DIRECTION('',(0.,0.,1.));
#4721 = DIRECTION('',(1.,0.,0.));
#4722 = PLANE('',#4723);
#4723 = AXIS2_PLACEMENT_3D('',#4724,#4725,#4726);
#4724 = CARTESIAN_POINT('',(-26.3,31.525,-4.1));
#4725 = DIRECTION('',(-5.640874432778E-32,0.,-1.));
#4726 = DIRECTION('',(0.,1.,0.));
#4727 = ADVANCED_FACE('',(#4728),#4745,.F.);
#4728 = FACE_BOUND('',#4729,.T.);
#4729 = EDGE_LOOP('',(#4730,#4737,#4738,#4739));
#4730 = ORIENTED_EDGE('',*,*,#4731,.F.);
#4731 = EDGE_CURVE('',#3072,#4118,#4732,.T.);
#4732 = CIRCLE('',#4733,2.);
#4733 = AXIS2_PLACEMENT_3D('',#4734,#4735,#4736);
#4734 = CARTESIAN_POINT('',(-24.3,39.775,-7.6));
#4735 = DIRECTION('',(7.548369822181E-34,-9.336947708948E-34,1.));
#4736 = DIRECTION('',(7.548369822181E-34,1.,9.336947708948E-34));
#4737 = ORIENTED_EDGE('',*,*,#3071,.T.);
#4738 = ORIENTED_EDGE('',*,*,#4670,.F.);
#4739 = ORIENTED_EDGE('',*,*,#4740,.F.);
#4740 = EDGE_CURVE('',#4118,#4671,#4741,.T.);
#4741 = LINE('',#4742,#4743);
#4742 = CARTESIAN_POINT('',(-26.3,39.775,-9.6));
#4743 = VECTOR('',#4744,1.);
#4744 = DIRECTION('',(2.895299245675E-33,1.613015563139E-33,1.));
#4745 = CYLINDRICAL_SURFACE('',#4746,2.);
#4746 = AXIS2_PLACEMENT_3D('',#4747,#4748,#4749);
#4747 = CARTESIAN_POINT('',(-24.3,39.775,-9.6));
#4748 = DIRECTION('',(-0.,-0.,-1.));
#4749 = DIRECTION('',(1.,0.,0.));
#4750 = ADVANCED_FACE('',(#4751),#4762,.F.);
#4751 = FACE_BOUND('',#4752,.T.);
#4752 = EDGE_LOOP('',(#4753,#4754,#4760,#4761));
#4753 = ORIENTED_EDGE('',*,*,#3200,.T.);
#4754 = ORIENTED_EDGE('',*,*,#4755,.T.);
#4755 = EDGE_CURVE('',#3201,#3097,#4756,.T.);
#4756 = LINE('',#4757,#4758);
#4757 = CARTESIAN_POINT('',(-25.3,44.475,-10.6));
#4758 = VECTOR('',#4759,1.);
#4759 = DIRECTION('',(0.707106781187,0.,0.707106781187));
#4760 = ORIENTED_EDGE('',*,*,#3104,.F.);
#4761 = ORIENTED_EDGE('',*,*,#4755,.F.);
#4762 = CONICAL_SURFACE('',#4763,1.9,0.785398163397);
#4763 = AXIS2_PLACEMENT_3D('',#4764,#4765,#4766);
#4764 = CARTESIAN_POINT('',(-23.4,44.475,-10.6));
#4765 = DIRECTION('',(-0.,-0.,-1.));
#4766 = DIRECTION('',(-1.,0.,0.));
#4767 = ADVANCED_FACE('',(#4768),#4774,.T.);
#4768 = FACE_BOUND('',#4769,.T.);
#4769 = EDGE_LOOP('',(#4770,#4771,#4772,#4773));
#4770 = ORIENTED_EDGE('',*,*,#3150,.T.);
#4771 = ORIENTED_EDGE('',*,*,#3252,.T.);
#4772 = ORIENTED_EDGE('',*,*,#3457,.F.);
#4773 = ORIENTED_EDGE('',*,*,#4470,.F.);
#4774 = CONICAL_SURFACE('',#4775,3.8,0.785398163397);
#4775 = AXIS2_PLACEMENT_3D('',#4776,#4777,#4778);
#4776 = CARTESIAN_POINT('',(-23.5,-44.575,-10.6));
#4777 = DIRECTION('',(0.,0.,1.));
#4778 = DIRECTION('',(1.,0.,0.));
#4779 = ADVANCED_FACE('',(#4780),#4799,.F.);
#4780 = FACE_BOUND('',#4781,.T.);
#4781 = EDGE_LOOP('',(#4782,#4783,#4791,#4798));
#4782 = ORIENTED_EDGE('',*,*,#3167,.T.);
#4783 = ORIENTED_EDGE('',*,*,#4784,.T.);
#4784 = EDGE_CURVE('',#3168,#4785,#4787,.T.);
#4785 = VERTEX_POINT('',#4786);
#4786 = CARTESIAN_POINT('',(22.2,-44.475,-9.9));
#4787 = LINE('',#4788,#4789);
#4788 = CARTESIAN_POINT('',(21.5,-44.475,-10.6));
#4789 = VECTOR('',#4790,1.);
#4790 = DIRECTION('',(0.707106781187,0.,0.707106781187));
#4791 = ORIENTED_EDGE('',*,*,#4792,.F.);
#4792 = EDGE_CURVE('',#4785,#4785,#4793,.T.);
#4793 = CIRCLE('',#4794,1.2);
#4794 = AXIS2_PLACEMENT_3D('',#4795,#4796,#4797);
#4795 = CARTESIAN_POINT('',(23.4,-44.475,-9.9));
#4796 = DIRECTION('',(0.,0.,-1.));
#4797 = DIRECTION('',(-1.,0.,0.));
#4798 = ORIENTED_EDGE('',*,*,#4784,.F.);
#4799 = CONICAL_SURFACE('',#4800,1.9,0.785398163397);
#4800 = AXIS2_PLACEMENT_3D('',#4801,#4802,#4803);
#4801 = CARTESIAN_POINT('',(23.4,-44.475,-10.6));
#4802 = DIRECTION('',(-0.,-0.,-1.));
#4803 = DIRECTION('',(-1.,0.,0.));
#4804 = ADVANCED_FACE('',(#4805),#4824,.F.);
#4805 = FACE_BOUND('',#4806,.T.);
#4806 = EDGE_LOOP('',(#4807,#4808,#4816,#4823));
#4807 = ORIENTED_EDGE('',*,*,#3178,.T.);
#4808 = ORIENTED_EDGE('',*,*,#4809,.T.);
#4809 = EDGE_CURVE('',#3179,#4810,#4812,.T.);
#4810 = VERTEX_POINT('',#4811);
#4811 = CARTESIAN_POINT('',(-24.6,-44.475,-9.9));
#4812 = LINE('',#4813,#4814);
#4813 = CARTESIAN_POINT('',(-25.3,-44.475,-10.6));
#4814 = VECTOR('',#4815,1.);
#4815 = DIRECTION('',(0.707106781187,0.,0.707106781187));
#4816 = ORIENTED_EDGE('',*,*,#4817,.F.);
#4817 = EDGE_CURVE('',#4810,#4810,#4818,.T.);
#4818 = CIRCLE('',#4819,1.2);
#4819 = AXIS2_PLACEMENT_3D('',#4820,#4821,#4822);
#4820 = CARTESIAN_POINT('',(-23.4,-44.475,-9.9));
#4821 = DIRECTION('',(0.,0.,-1.));
#4822 = DIRECTION('',(-1.,0.,0.));
#4823 = ORIENTED_EDGE('',*,*,#4809,.F.);
#4824 = CONICAL_SURFACE('',#4825,1.9,0.785398163397);
#4825 = AXIS2_PLACEMENT_3D('',#4826,#4827,#4828);
#4826 = CARTESIAN_POINT('',(-23.4,-44.475,-10.6));
#4827 = DIRECTION('',(-0.,-0.,-1.));
#4828 = DIRECTION('',(-1.,0.,0.));
#4829 = ADVANCED_FACE('',(#4830),#4842,.F.);
#4830 = FACE_BOUND('',#4831,.F.);
#4831 = EDGE_LOOP('',(#4832,#4833,#4834,#4835));
#4832 = ORIENTED_EDGE('',*,*,#3757,.T.);
#4833 = ORIENTED_EDGE('',*,*,#3486,.F.);
#4834 = ORIENTED_EDGE('',*,*,#3293,.F.);
#4835 = ORIENTED_EDGE('',*,*,#4836,.T.);
#4836 = EDGE_CURVE('',#3294,#3733,#4837,.T.);
#4837 = CIRCLE('',#4838,2.);
#4838 = AXIS2_PLACEMENT_3D('',#4839,#4840,#4841);
#4839 = CARTESIAN_POINT('',(-3.09,-50.37043755088,-1.609985258196));
#4840 = DIRECTION('',(1.,0.,0.));
#4841 = DIRECTION('',(0.,-1.,0.));
#4842 = CYLINDRICAL_SURFACE('',#4843,2.);
#4843 = AXIS2_PLACEMENT_3D('',#4844,#4845,#4846);
#4844 = CARTESIAN_POINT('',(3.29,-50.37043755088,-1.609985258196));
#4845 = DIRECTION('',(1.,0.,0.));
#4846 = DIRECTION('',(0.,-1.,0.));
#4847 = ADVANCED_FACE('',(#4848),#4860,.F.);
#4848 = FACE_BOUND('',#4849,.F.);
#4849 = EDGE_LOOP('',(#4850,#4851,#4852,#4853));
#4850 = ORIENTED_EDGE('',*,*,#3732,.T.);
#4851 = ORIENTED_EDGE('',*,*,#4836,.F.);
#4852 = ORIENTED_EDGE('',*,*,#3317,.F.);
#4853 = ORIENTED_EDGE('',*,*,#4854,.T.);
#4854 = EDGE_CURVE('',#3318,#3709,#4855,.T.);
#4855 = CIRCLE('',#4856,2.);
#4856 = AXIS2_PLACEMENT_3D('',#4857,#4858,#4859);
#4857 = CARTESIAN_POINT('',(-4.334985258196,-50.37043755088,-0.365));
#4858 = DIRECTION('',(0.,0.,-1.));
#4859 = DIRECTION('',(0.,-1.,0.));
#4860 = SURFACE_OF_REVOLUTION('',#4861,#4869);
#4861 = B_SPLINE_CURVE_WITH_KNOTS('',6,(#4862,#4863,#4864,#4865,#4866,
    #4867,#4868),.UNSPECIFIED.,.F.,.F.,(7,7),(4.779947731331,
    5.874156133283),.PIECEWISE_BEZIER_KNOTS.);
#4862 = CARTESIAN_POINT('',(-1.71,-48.375,-0.365));
#4863 = CARTESIAN_POINT('',(-1.346095911041,-48.39962237747,-0.365));
#4864 = CARTESIAN_POINT('',(-0.987584224804,-48.50387962994,-0.365));
#4865 = CARTESIAN_POINT('',(-0.656222006636,-48.6863145094,-0.365));
#4866 = CARTESIAN_POINT('',(-0.373356065635,-48.93745244817,-0.365));
#4867 = CARTESIAN_POINT('',(-0.155062408568,-49.24035190863,-0.365));
#4868 = CARTESIAN_POINT('',(-9.999999999998E-03,-49.575,-0.365));
#4869 = AXIS1_PLACEMENT('',#4870,#4871);
#4870 = CARTESIAN_POINT('',(-3.09,-50.37043755088,-0.365));
#4871 = DIRECTION('',(0.,-1.,0.));
#4872 = ADVANCED_FACE('',(#4873),#4879,.F.);
#4873 = FACE_BOUND('',#4874,.F.);
#4874 = EDGE_LOOP('',(#4875,#4876,#4877,#4878));
#4875 = ORIENTED_EDGE('',*,*,#3392,.T.);
#4876 = ORIENTED_EDGE('',*,*,#3708,.T.);
#4877 = ORIENTED_EDGE('',*,*,#4854,.F.);
#4878 = ORIENTED_EDGE('',*,*,#3342,.F.);
#4879 = CYLINDRICAL_SURFACE('',#4880,2.);
#4880 = AXIS2_PLACEMENT_3D('',#4881,#4882,#4883);
#4881 = CARTESIAN_POINT('',(-4.334985258196,-50.37043755088,-0.365));
#4882 = DIRECTION('',(0.,0.,-1.));
#4883 = DIRECTION('',(0.,-1.,0.));
#4884 = ADVANCED_FACE('',(#4885),#4959,.F.);
#4885 = FACE_BOUND('',#4886,.F.);
#4886 = EDGE_LOOP('',(#4887,#4888,#4889,#4895,#4896,#4897,#4903,#4904,
    #4905,#4906,#4907,#4908,#4914,#4915,#4923,#4931,#4939,#4945,#4946,
    #4952,#4958));
#4887 = ORIENTED_EDGE('',*,*,#4740,.F.);
#4888 = ORIENTED_EDGE('',*,*,#4136,.T.);
#4889 = ORIENTED_EDGE('',*,*,#4890,.T.);
#4890 = EDGE_CURVE('',#4128,#3608,#4891,.T.);
#4891 = LINE('',#4892,#4893);
#4892 = CARTESIAN_POINT('',(-26.3,-39.775,-9.6));
#4893 = VECTOR('',#4894,1.);
#4894 = DIRECTION('',(2.895299245675E-33,1.613015563139E-33,1.));
#4895 = ORIENTED_EDGE('',*,*,#3616,.T.);
#4896 = ORIENTED_EDGE('',*,*,#3661,.F.);
#4897 = ORIENTED_EDGE('',*,*,#4898,.F.);
#4898 = EDGE_CURVE('',#3369,#3653,#4899,.T.);
#4899 = LINE('',#4900,#4901);
#4900 = CARTESIAN_POINT('',(-26.3,-44.575,1.06581410364E-14));
#4901 = VECTOR('',#4902,1.);
#4902 = DIRECTION('',(0.,-1.,0.));
#4903 = ORIENTED_EDGE('',*,*,#3366,.F.);
#4904 = ORIENTED_EDGE('',*,*,#4494,.F.);
#4905 = ORIENTED_EDGE('',*,*,#4519,.T.);
#4906 = ORIENTED_EDGE('',*,*,#4543,.F.);
#4907 = ORIENTED_EDGE('',*,*,#4561,.F.);
#4908 = ORIENTED_EDGE('',*,*,#4909,.F.);
#4909 = EDGE_CURVE('',#4587,#4562,#4910,.T.);
#4910 = LINE('',#4911,#4912);
#4911 = CARTESIAN_POINT('',(-26.3,17.465,0.));
#4912 = VECTOR('',#4913,1.);
#4913 = DIRECTION('',(0.,-1.,0.));
#4914 = ORIENTED_EDGE('',*,*,#4595,.F.);
#4915 = ORIENTED_EDGE('',*,*,#4916,.T.);
#4916 = EDGE_CURVE('',#4596,#4917,#4919,.T.);
#4917 = VERTEX_POINT('',#4918);
#4918 = CARTESIAN_POINT('',(-26.3,18.875,-5.7));
#4919 = LINE('',#4920,#4921);
#4920 = CARTESIAN_POINT('',(-26.3,18.875,0.));
#4921 = VECTOR('',#4922,1.);
#4922 = DIRECTION('',(-0.,-0.,-1.));
#4923 = ORIENTED_EDGE('',*,*,#4924,.T.);
#4924 = EDGE_CURVE('',#4917,#4925,#4927,.T.);
#4925 = VERTEX_POINT('',#4926);
#4926 = CARTESIAN_POINT('',(-26.3,29.125,-5.7));
#4927 = LINE('',#4928,#4929);
#4928 = CARTESIAN_POINT('',(-26.3,18.875,-5.7));
#4929 = VECTOR('',#4930,1.);
#4930 = DIRECTION('',(0.,1.,0.));
#4931 = ORIENTED_EDGE('',*,*,#4932,.F.);
#4932 = EDGE_CURVE('',#4933,#4925,#4935,.T.);
#4933 = VERTEX_POINT('',#4934);
#4934 = CARTESIAN_POINT('',(-26.3,29.125,-4.1));
#4935 = LINE('',#4936,#4937);
#4936 = CARTESIAN_POINT('',(-26.3,29.125,0.));
#4937 = VECTOR('',#4938,1.);
#4938 = DIRECTION('',(-0.,-0.,-1.));
#4939 = ORIENTED_EDGE('',*,*,#4940,.F.);
#4940 = EDGE_CURVE('',#4387,#4933,#4941,.T.);
#4941 = LINE('',#4942,#4943);
#4942 = CARTESIAN_POINT('',(-26.3,29.125,4.1));
#4943 = VECTOR('',#4944,1.);
#4944 = DIRECTION('',(0.,0.,-1.));
#4945 = ORIENTED_EDGE('',*,*,#4394,.F.);
#4946 = ORIENTED_EDGE('',*,*,#4947,.T.);
#4947 = EDGE_CURVE('',#4395,#4706,#4948,.T.);
#4948 = LINE('',#4949,#4950);
#4949 = CARTESIAN_POINT('',(-26.3,31.525,4.1));
#4950 = VECTOR('',#4951,1.);
#4951 = DIRECTION('',(0.,0.,-1.));
#4952 = ORIENTED_EDGE('',*,*,#4953,.T.);
#4953 = EDGE_CURVE('',#4706,#4683,#4954,.T.);
#4954 = LINE('',#4955,#4956);
#4955 = CARTESIAN_POINT('',(-26.3,31.525,0.));
#4956 = VECTOR('',#4957,1.);
#4957 = DIRECTION('',(-0.,-0.,-1.));
#4958 = ORIENTED_EDGE('',*,*,#4691,.F.);
#4959 = PLANE('',#4960);
#4960 = AXIS2_PLACEMENT_3D('',#4961,#4962,#4963);
#4961 = CARTESIAN_POINT('',(-26.3,-44.575,1.06581410364E-14));
#4962 = DIRECTION('',(-1.,0.,0.));
#4963 = DIRECTION('',(0.,-2.22044604925E-16,-1.));
#4964 = ADVANCED_FACE('',(#4965),#4991,.T.);
#4965 = FACE_BOUND('',#4966,.F.);
#4966 = EDGE_LOOP('',(#4967,#4975,#4984,#4990));
#4967 = ORIENTED_EDGE('',*,*,#4968,.T.);
#4968 = EDGE_CURVE('',#3369,#4969,#4971,.T.);
#4969 = VERTEX_POINT('',#4970);
#4970 = CARTESIAN_POINT('',(-26.3,-35.55,1.));
#4971 = LINE('',#4972,#4973);
#4972 = CARTESIAN_POINT('',(-26.3,-35.55,0.));
#4973 = VECTOR('',#4974,1.);
#4974 = DIRECTION('',(0.,0.,1.));
#4975 = ORIENTED_EDGE('',*,*,#4976,.T.);
#4976 = EDGE_CURVE('',#4969,#4977,#4979,.T.);
#4977 = VERTEX_POINT('',#4978);
#4978 = CARTESIAN_POINT('',(-27.5,-37.38303027798,1.));
#4979 = CIRCLE('',#4980,2.);
#4980 = AXIS2_PLACEMENT_3D('',#4981,#4982,#4983);
#4981 = CARTESIAN_POINT('',(-25.5,-37.38303027798,1.));
#4982 = DIRECTION('',(0.,0.,1.));
#4983 = DIRECTION('',(1.,0.,0.));
#4984 = ORIENTED_EDGE('',*,*,#4985,.F.);
#4985 = EDGE_CURVE('',#3435,#4977,#4986,.T.);
#4986 = LINE('',#4987,#4988);
#4987 = CARTESIAN_POINT('',(-27.5,-37.38303027798,0.));
#4988 = VECTOR('',#4989,1.);
#4989 = DIRECTION('',(0.,0.,1.));
#4990 = ORIENTED_EDGE('',*,*,#3442,.F.);
#4991 = CYLINDRICAL_SURFACE('',#4992,2.);
#4992 = AXIS2_PLACEMENT_3D('',#4993,#4994,#4995);
#4993 = CARTESIAN_POINT('',(-25.5,-37.38303027798,0.));
#4994 = DIRECTION('',(-0.,-0.,-1.));
#4995 = DIRECTION('',(1.,0.,0.));
#4996 = ADVANCED_FACE('',(#4997),#5015,.T.);
#4997 = FACE_BOUND('',#4998,.T.);
#4998 = EDGE_LOOP('',(#4999,#5007,#5013,#5014));
#4999 = ORIENTED_EDGE('',*,*,#5000,.T.);
#5000 = EDGE_CURVE('',#3426,#5001,#5003,.T.);
#5001 = VERTEX_POINT('',#5002);
#5002 = CARTESIAN_POINT('',(-27.5,-44.575,1.));
#5003 = LINE('',#5004,#5005);
#5004 = CARTESIAN_POINT('',(-27.5,-44.575,0.));
#5005 = VECTOR('',#5006,1.);
#5006 = DIRECTION('',(0.,0.,1.));
#5007 = ORIENTED_EDGE('',*,*,#5008,.T.);
#5008 = EDGE_CURVE('',#5001,#4977,#5009,.T.);
#5009 = LINE('',#5010,#5011);
#5010 = CARTESIAN_POINT('',(-27.5,-44.575,1.));
#5011 = VECTOR('',#5012,1.);
#5012 = DIRECTION('',(0.,1.,0.));
#5013 = ORIENTED_EDGE('',*,*,#4985,.F.);
#5014 = ORIENTED_EDGE('',*,*,#3434,.F.);
#5015 = PLANE('',#5016);
#5016 = AXIS2_PLACEMENT_3D('',#5017,#5018,#5019);
#5017 = CARTESIAN_POINT('',(-27.5,-44.575,0.));
#5018 = DIRECTION('',(-1.,0.,0.));
#5019 = DIRECTION('',(0.,1.,0.));
#5020 = ADVANCED_FACE('',(#5021),#5040,.T.);
#5021 = FACE_BOUND('',#5022,.F.);
#5022 = EDGE_LOOP('',(#5023,#5024,#5033,#5039));
#5023 = ORIENTED_EDGE('',*,*,#5000,.T.);
#5024 = ORIENTED_EDGE('',*,*,#5025,.T.);
#5025 = EDGE_CURVE('',#5001,#5026,#5028,.T.);
#5026 = VERTEX_POINT('',#5027);
#5027 = CARTESIAN_POINT('',(-23.5,-48.575,1.));
#5028 = CIRCLE('',#5029,4.);
#5029 = AXIS2_PLACEMENT_3D('',#5030,#5031,#5032);
#5030 = CARTESIAN_POINT('',(-23.5,-44.575,1.));
#5031 = DIRECTION('',(0.,0.,1.));
#5032 = DIRECTION('',(1.,0.,0.));
#5033 = ORIENTED_EDGE('',*,*,#5034,.F.);
#5034 = EDGE_CURVE('',#3418,#5026,#5035,.T.);
#5035 = LINE('',#5036,#5037);
#5036 = CARTESIAN_POINT('',(-23.5,-48.575,0.));
#5037 = VECTOR('',#5038,1.);
#5038 = DIRECTION('',(0.,0.,1.));
#5039 = ORIENTED_EDGE('',*,*,#3425,.F.);
#5040 = CYLINDRICAL_SURFACE('',#5041,4.);
#5041 = AXIS2_PLACEMENT_3D('',#5042,#5043,#5044);
#5042 = CARTESIAN_POINT('',(-23.5,-44.575,0.));
#5043 = DIRECTION('',(-0.,-0.,-1.));
#5044 = DIRECTION('',(1.,0.,0.));
#5045 = ADVANCED_FACE('',(#5046),#5064,.T.);
#5046 = FACE_BOUND('',#5047,.T.);
#5047 = EDGE_LOOP('',(#5048,#5056,#5062,#5063));
#5048 = ORIENTED_EDGE('',*,*,#5049,.T.);
#5049 = EDGE_CURVE('',#3409,#5050,#5052,.T.);
#5050 = VERTEX_POINT('',#5051);
#5051 = CARTESIAN_POINT('',(-9.703030277982,-48.575,1.));
#5052 = LINE('',#5053,#5054);
#5053 = CARTESIAN_POINT('',(-9.703030277982,-48.575,0.));
#5054 = VECTOR('',#5055,1.);
#5055 = DIRECTION('',(0.,0.,1.));
#5056 = ORIENTED_EDGE('',*,*,#5057,.T.);
#5057 = EDGE_CURVE('',#5050,#5026,#5058,.T.);
#5058 = LINE('',#5059,#5060);
#5059 = CARTESIAN_POINT('',(-9.703030277982,-48.575,1.));
#5060 = VECTOR('',#5061,1.);
#5061 = DIRECTION('',(-1.,0.,0.));
#5062 = ORIENTED_EDGE('',*,*,#5034,.F.);
#5063 = ORIENTED_EDGE('',*,*,#3417,.F.);
#5064 = PLANE('',#5065);
#5065 = AXIS2_PLACEMENT_3D('',#5066,#5067,#5068);
#5066 = CARTESIAN_POINT('',(-9.703030277982,-48.575,0.));
#5067 = DIRECTION('',(0.,-1.,0.));
#5068 = DIRECTION('',(-1.,0.,0.));
#5069 = ADVANCED_FACE('',(#5070),#5082,.T.);
#5070 = FACE_BOUND('',#5071,.F.);
#5071 = EDGE_LOOP('',(#5072,#5073,#5080,#5081));
#5072 = ORIENTED_EDGE('',*,*,#5049,.T.);
#5073 = ORIENTED_EDGE('',*,*,#5074,.T.);
#5074 = EDGE_CURVE('',#5050,#3686,#5075,.T.);
#5075 = CIRCLE('',#5076,2.);
#5076 = AXIS2_PLACEMENT_3D('',#5077,#5078,#5079);
#5077 = CARTESIAN_POINT('',(-9.703030277982,-46.575,1.));
#5078 = DIRECTION('',(0.,0.,1.));
#5079 = DIRECTION('',(1.,0.,0.));
#5080 = ORIENTED_EDGE('',*,*,#3693,.F.);
#5081 = ORIENTED_EDGE('',*,*,#3408,.F.);
#5082 = CYLINDRICAL_SURFACE('',#5083,2.);
#5083 = AXIS2_PLACEMENT_3D('',#5084,#5085,#5086);
#5084 = CARTESIAN_POINT('',(-9.703030277982,-46.575,0.));
#5085 = DIRECTION('',(-0.,-0.,-1.));
#5086 = DIRECTION('',(1.,0.,0.));
#5087 = ADVANCED_FACE('',(#5088),#5093,.F.);
#5088 = FACE_BOUND('',#5089,.T.);
#5089 = EDGE_LOOP('',(#5090,#5091,#5092));
#5090 = ORIENTED_EDGE('',*,*,#4285,.F.);
#5091 = ORIENTED_EDGE('',*,*,#3567,.T.);
#5092 = ORIENTED_EDGE('',*,*,#3525,.T.);
#5093 = SPHERICAL_SURFACE('',#5094,2.);
#5094 = AXIS2_PLACEMENT_3D('',#5095,#5096,#5097);
#5095 = CARTESIAN_POINT('',(-18.7,-45.375,-7.6));
#5096 = DIRECTION('',(-7.548369822181E-34,9.336947708948E-34,-1.));
#5097 = DIRECTION('',(-1.,-9.336947708948E-34,7.548369822181E-34));
#5098 = ADVANCED_FACE('',(#5099),#5104,.F.);
#5099 = FACE_BOUND('',#5100,.T.);
#5100 = EDGE_LOOP('',(#5101,#5102,#5103));
#5101 = ORIENTED_EDGE('',*,*,#3533,.F.);
#5102 = ORIENTED_EDGE('',*,*,#3895,.T.);
#5103 = ORIENTED_EDGE('',*,*,#4260,.T.);
#5104 = SPHERICAL_SURFACE('',#5105,2.);
#5105 = AXIS2_PLACEMENT_3D('',#5106,#5107,#5108);
#5106 = CARTESIAN_POINT('',(18.7,-45.375,-7.6));
#5107 = DIRECTION('',(-7.548369822181E-34,9.336947708948E-34,-1.));
#5108 = DIRECTION('',(7.548369822181E-34,-1.,-9.336947708948E-34));
#5109 = ADVANCED_FACE('',(#5110),#5121,.F.);
#5110 = FACE_BOUND('',#5111,.F.);
#5111 = EDGE_LOOP('',(#5112,#5113,#5114,#5120));
#5112 = ORIENTED_EDGE('',*,*,#3549,.T.);
#5113 = ORIENTED_EDGE('',*,*,#3582,.T.);
#5114 = ORIENTED_EDGE('',*,*,#5115,.F.);
#5115 = EDGE_CURVE('',#4236,#3583,#5116,.T.);
#5116 = LINE('',#5117,#5118);
#5117 = CARTESIAN_POINT('',(-20.7,-44.575,-9.6));
#5118 = VECTOR('',#5119,1.);
#5119 = DIRECTION('',(2.895299245675E-33,1.613015563139E-33,1.));
#5120 = ORIENTED_EDGE('',*,*,#4292,.T.);
#5121 = PLANE('',#5122);
#5122 = AXIS2_PLACEMENT_3D('',#5123,#5124,#5125);
#5123 = CARTESIAN_POINT('',(-20.7,-45.375,-9.6));
#5124 = DIRECTION('',(-1.,0.,2.895299245675E-33));
#5125 = DIRECTION('',(0.,1.,0.));
#5126 = ADVANCED_FACE('',(#5127),#5138,.T.);
#5127 = FACE_BOUND('',#5128,.F.);
#5128 = EDGE_LOOP('',(#5129,#5130,#5131,#5137));
#5129 = ORIENTED_EDGE('',*,*,#5115,.T.);
#5130 = ORIENTED_EDGE('',*,*,#3590,.T.);
#5131 = ORIENTED_EDGE('',*,*,#5132,.F.);
#5132 = EDGE_CURVE('',#4186,#3591,#5133,.T.);
#5133 = LINE('',#5134,#5135);
#5134 = CARTESIAN_POINT('',(-23.5,-41.775,-9.6));
#5135 = VECTOR('',#5136,1.);
#5136 = DIRECTION('',(2.895299245675E-33,1.613015563139E-33,1.));
#5137 = ORIENTED_EDGE('',*,*,#4235,.T.);
#5138 = CYLINDRICAL_SURFACE('',#5139,2.8);
#5139 = AXIS2_PLACEMENT_3D('',#5140,#5141,#5142);
#5140 = CARTESIAN_POINT('',(-23.5,-44.575,-9.6));
#5141 = DIRECTION('',(-0.,-0.,-1.));
#5142 = DIRECTION('',(1.,0.,0.));
#5143 = ADVANCED_FACE('',(#5144),#5155,.F.);
#5144 = FACE_BOUND('',#5145,.F.);
#5145 = EDGE_LOOP('',(#5146,#5147,#5148,#5154));
#5146 = ORIENTED_EDGE('',*,*,#5132,.T.);
#5147 = ORIENTED_EDGE('',*,*,#3599,.T.);
#5148 = ORIENTED_EDGE('',*,*,#5149,.F.);
#5149 = EDGE_CURVE('',#4176,#3600,#5150,.T.);
#5150 = LINE('',#5151,#5152);
#5151 = CARTESIAN_POINT('',(-24.3,-41.775,-9.6));
#5152 = VECTOR('',#5153,1.);
#5153 = DIRECTION('',(2.895299245675E-33,1.613015563139E-33,1.));
#5154 = ORIENTED_EDGE('',*,*,#4194,.T.);
#5155 = PLANE('',#5156);
#5156 = AXIS2_PLACEMENT_3D('',#5157,#5158,#5159);
#5157 = CARTESIAN_POINT('',(-23.5,-41.775,-9.6));
#5158 = DIRECTION('',(0.,-1.,1.613015563139E-33));
#5159 = DIRECTION('',(-1.,0.,0.));
#5160 = ADVANCED_FACE('',(#5161),#5173,.F.);
#5161 = FACE_BOUND('',#5162,.T.);
#5162 = EDGE_LOOP('',(#5163,#5164,#5165,#5166));
#5163 = ORIENTED_EDGE('',*,*,#4890,.T.);
#5164 = ORIENTED_EDGE('',*,*,#3607,.T.);
#5165 = ORIENTED_EDGE('',*,*,#5149,.F.);
#5166 = ORIENTED_EDGE('',*,*,#5167,.F.);
#5167 = EDGE_CURVE('',#4128,#4176,#5168,.T.);
#5168 = CIRCLE('',#5169,2.);
#5169 = AXIS2_PLACEMENT_3D('',#5170,#5171,#5172);
#5170 = CARTESIAN_POINT('',(-24.3,-39.775,-7.6));
#5171 = DIRECTION('',(7.548369822181E-34,-9.336947708948E-34,1.));
#5172 = DIRECTION('',(-1.,-9.336947708948E-34,7.548369822181E-34));
#5173 = CYLINDRICAL_SURFACE('',#5174,2.);
#5174 = AXIS2_PLACEMENT_3D('',#5175,#5176,#5177);
#5175 = CARTESIAN_POINT('',(-24.3,-39.775,-9.6));
#5176 = DIRECTION('',(-0.,-0.,-1.));
#5177 = DIRECTION('',(1.,0.,0.));
#5178 = ADVANCED_FACE('',(#5179),#5190,.F.);
#5179 = FACE_BOUND('',#5180,.T.);
#5180 = EDGE_LOOP('',(#5181,#5187,#5188,#5189));
#5181 = ORIENTED_EDGE('',*,*,#5182,.F.);
#5182 = EDGE_CURVE('',#4810,#3636,#5183,.T.);
#5183 = LINE('',#5184,#5185);
#5184 = CARTESIAN_POINT('',(-24.6,-44.475,-9.9));
#5185 = VECTOR('',#5186,1.);
#5186 = DIRECTION('',(6.100154465449E-17,0.,1.));
#5187 = ORIENTED_EDGE('',*,*,#4817,.T.);
#5188 = ORIENTED_EDGE('',*,*,#5182,.T.);
#5189 = ORIENTED_EDGE('',*,*,#3635,.T.);
#5190 = CYLINDRICAL_SURFACE('',#5191,1.2);
#5191 = AXIS2_PLACEMENT_3D('',#5192,#5193,#5194);
#5192 = CARTESIAN_POINT('',(-23.4,-44.475,-9.9));
#5193 = DIRECTION('',(0.,0.,1.));
#5194 = DIRECTION('',(-1.,0.,0.));
#5195 = ADVANCED_FACE('',(#5196),#5215,.F.);
#5196 = FACE_BOUND('',#5197,.T.);
#5197 = EDGE_LOOP('',(#5198,#5206,#5213,#5214));
#5198 = ORIENTED_EDGE('',*,*,#5199,.T.);
#5199 = EDGE_CURVE('',#3653,#5200,#5202,.T.);
#5200 = VERTEX_POINT('',#5201);
#5201 = CARTESIAN_POINT('',(-26.3,-44.575,1.));
#5202 = LINE('',#5203,#5204);
#5203 = CARTESIAN_POINT('',(-26.3,-44.575,0.));
#5204 = VECTOR('',#5205,1.);
#5205 = DIRECTION('',(0.,0.,1.));
#5206 = ORIENTED_EDGE('',*,*,#5207,.T.);
#5207 = EDGE_CURVE('',#5200,#3678,#5208,.T.);
#5208 = CIRCLE('',#5209,2.8);
#5209 = AXIS2_PLACEMENT_3D('',#5210,#5211,#5212);
#5210 = CARTESIAN_POINT('',(-23.5,-44.575,1.));
#5211 = DIRECTION('',(0.,0.,1.));
#5212 = DIRECTION('',(1.,0.,0.));
#5213 = ORIENTED_EDGE('',*,*,#3677,.F.);
#5214 = ORIENTED_EDGE('',*,*,#3652,.F.);
#5215 = CYLINDRICAL_SURFACE('',#5216,2.8);
#5216 = AXIS2_PLACEMENT_3D('',#5217,#5218,#5219);
#5217 = CARTESIAN_POINT('',(-23.5,-44.575,0.));
#5218 = DIRECTION('',(-0.,-0.,-1.));
#5219 = DIRECTION('',(1.,0.,0.));
#5220 = ADVANCED_FACE('',(#5221),#5236,.T.);
#5221 = FACE_BOUND('',#5222,.T.);
#5222 = EDGE_LOOP('',(#5223,#5229,#5230,#5231,#5232,#5233,#5234,#5235));
#5223 = ORIENTED_EDGE('',*,*,#5224,.F.);
#5224 = EDGE_CURVE('',#4969,#5200,#5225,.T.);
#5225 = LINE('',#5226,#5227);
#5226 = CARTESIAN_POINT('',(-26.3,-35.55,1.));
#5227 = VECTOR('',#5228,1.);
#5228 = DIRECTION('',(0.,-1.,0.));
#5229 = ORIENTED_EDGE('',*,*,#4976,.T.);
#5230 = ORIENTED_EDGE('',*,*,#5008,.F.);
#5231 = ORIENTED_EDGE('',*,*,#5025,.T.);
#5232 = ORIENTED_EDGE('',*,*,#5057,.F.);
#5233 = ORIENTED_EDGE('',*,*,#5074,.T.);
#5234 = ORIENTED_EDGE('',*,*,#3685,.F.);
#5235 = ORIENTED_EDGE('',*,*,#5207,.F.);
#5236 = PLANE('',#5237);
#5237 = AXIS2_PLACEMENT_3D('',#5238,#5239,#5240);
#5238 = CARTESIAN_POINT('',(2.743319958556,-4.42142293462,1.));
#5239 = DIRECTION('',(0.,0.,1.));
#5240 = DIRECTION('',(1.,0.,0.));
#5241 = ADVANCED_FACE('',(#5242),#5248,.F.);
#5242 = FACE_BOUND('',#5243,.T.);
#5243 = EDGE_LOOP('',(#5244,#5245,#5246,#5247));
#5244 = ORIENTED_EDGE('',*,*,#3783,.T.);
#5245 = ORIENTED_EDGE('',*,*,#3923,.T.);
#5246 = ORIENTED_EDGE('',*,*,#3941,.F.);
#5247 = ORIENTED_EDGE('',*,*,#3798,.F.);
#5248 = CYLINDRICAL_SURFACE('',#5249,2.8);
#5249 = AXIS2_PLACEMENT_3D('',#5250,#5251,#5252);
#5250 = CARTESIAN_POINT('',(23.5,-44.575,0.));
#5251 = DIRECTION('',(-0.,-0.,-1.));
#5252 = DIRECTION('',(1.,0.,0.));
#5253 = ADVANCED_FACE('',(#5254),#5265,.F.);
#5254 = FACE_BOUND('',#5255,.F.);
#5255 = EDGE_LOOP('',(#5256,#5257,#5258,#5264));
#5256 = ORIENTED_EDGE('',*,*,#3956,.T.);
#5257 = ORIENTED_EDGE('',*,*,#3822,.T.);
#5258 = ORIENTED_EDGE('',*,*,#5259,.F.);
#5259 = EDGE_CURVE('',#4151,#3825,#5260,.T.);
#5260 = LINE('',#5261,#5262);
#5261 = CARTESIAN_POINT('',(23.5,-41.775,-9.6));
#5262 = VECTOR('',#5263,1.);
#5263 = DIRECTION('',(2.895299245675E-33,1.613015563139E-33,1.));
#5264 = ORIENTED_EDGE('',*,*,#4161,.T.);
#5265 = PLANE('',#5266);
#5266 = AXIS2_PLACEMENT_3D('',#5267,#5268,#5269);
#5267 = CARTESIAN_POINT('',(24.3,-41.775,-9.6));
#5268 = DIRECTION('',(0.,-1.,1.613015563139E-33));
#5269 = DIRECTION('',(-1.,0.,0.));
#5270 = ADVANCED_FACE('',(#5271),#5282,.T.);
#5271 = FACE_BOUND('',#5272,.F.);
#5272 = EDGE_LOOP('',(#5273,#5274,#5275,#5281));
#5273 = ORIENTED_EDGE('',*,*,#5259,.T.);
#5274 = ORIENTED_EDGE('',*,*,#3832,.T.);
#5275 = ORIENTED_EDGE('',*,*,#5276,.F.);
#5276 = EDGE_CURVE('',#4209,#3833,#5277,.T.);
#5277 = LINE('',#5278,#5279);
#5278 = CARTESIAN_POINT('',(20.7,-44.575,-9.6));
#5279 = VECTOR('',#5280,1.);
#5280 = DIRECTION('',(2.895299245675E-33,1.613015563139E-33,1.));
#5281 = ORIENTED_EDGE('',*,*,#4217,.T.);
#5282 = CYLINDRICAL_SURFACE('',#5283,2.8);
#5283 = AXIS2_PLACEMENT_3D('',#5284,#5285,#5286);
#5284 = CARTESIAN_POINT('',(23.5,-44.575,-9.6));
#5285 = DIRECTION('',(-0.,-0.,-1.));
#5286 = DIRECTION('',(1.,0.,0.));
#5287 = ADVANCED_FACE('',(#5288),#5294,.F.);
#5288 = FACE_BOUND('',#5289,.F.);
#5289 = EDGE_LOOP('',(#5290,#5291,#5292,#5293));
#5290 = ORIENTED_EDGE('',*,*,#5276,.T.);
#5291 = ORIENTED_EDGE('',*,*,#3841,.T.);
#5292 = ORIENTED_EDGE('',*,*,#3887,.F.);
#5293 = ORIENTED_EDGE('',*,*,#4269,.T.);
#5294 = PLANE('',#5295);
#5295 = AXIS2_PLACEMENT_3D('',#5296,#5297,#5298);
#5296 = CARTESIAN_POINT('',(20.7,-44.575,-9.6));
#5297 = DIRECTION('',(1.,0.,-2.895299245675E-33));
#5298 = DIRECTION('',(0.,-1.,0.));
#5299 = ADVANCED_FACE('',(#5300),#5311,.F.);
#5300 = FACE_BOUND('',#5301,.T.);
#5301 = EDGE_LOOP('',(#5302,#5308,#5309,#5310));
#5302 = ORIENTED_EDGE('',*,*,#5303,.F.);
#5303 = EDGE_CURVE('',#4785,#3869,#5304,.T.);
#5304 = LINE('',#5305,#5306);
#5305 = CARTESIAN_POINT('',(22.2,-44.475,-9.9));
#5306 = VECTOR('',#5307,1.);
#5307 = DIRECTION('',(6.100154465449E-17,0.,1.));
#5308 = ORIENTED_EDGE('',*,*,#4792,.T.);
#5309 = ORIENTED_EDGE('',*,*,#5303,.T.);
#5310 = ORIENTED_EDGE('',*,*,#3868,.T.);
#5311 = CYLINDRICAL_SURFACE('',#5312,1.2);
#5312 = AXIS2_PLACEMENT_3D('',#5313,#5314,#5315);
#5313 = CARTESIAN_POINT('',(23.4,-44.475,-9.9));
#5314 = DIRECTION('',(0.,0.,1.));
#5315 = DIRECTION('',(-1.,0.,0.));
#5316 = ADVANCED_FACE('',(#5317),#5322,.F.);
#5317 = FACE_BOUND('',#5318,.T.);
#5318 = EDGE_LOOP('',(#5319,#5320,#5321));
#5319 = ORIENTED_EDGE('',*,*,#4101,.F.);
#5320 = ORIENTED_EDGE('',*,*,#4731,.T.);
#5321 = ORIENTED_EDGE('',*,*,#4117,.T.);
#5322 = SPHERICAL_SURFACE('',#5323,2.);
#5323 = AXIS2_PLACEMENT_3D('',#5324,#5325,#5326);
#5324 = CARTESIAN_POINT('',(-24.3,39.775,-7.6));
#5325 = DIRECTION('',(-7.548369822181E-34,9.336947708948E-34,-1.));
#5326 = DIRECTION('',(7.548369822181E-34,1.,9.336947708948E-34));
#5327 = ADVANCED_FACE('',(#5328),#5333,.F.);
#5328 = FACE_BOUND('',#5329,.T.);
#5329 = EDGE_LOOP('',(#5330,#5331,#5332));
#5330 = ORIENTED_EDGE('',*,*,#4127,.F.);
#5331 = ORIENTED_EDGE('',*,*,#5167,.T.);
#5332 = ORIENTED_EDGE('',*,*,#4175,.T.);
#5333 = SPHERICAL_SURFACE('',#5334,2.);
#5334 = AXIS2_PLACEMENT_3D('',#5335,#5336,#5337);
#5335 = CARTESIAN_POINT('',(-24.3,-39.775,-7.6));
#5336 = DIRECTION('',(-7.548369822181E-34,9.336947708948E-34,-1.));
#5337 = DIRECTION('',(-1.,-9.336947708948E-34,7.548369822181E-34));
#5338 = ADVANCED_FACE('',(#5339),#5370,.F.);
#5339 = FACE_BOUND('',#5340,.T.);
#5340 = EDGE_LOOP('',(#5341,#5342,#5343,#5355,#5364));
#5341 = ORIENTED_EDGE('',*,*,#4323,.T.);
#5342 = ORIENTED_EDGE('',*,*,#4612,.T.);
#5343 = ORIENTED_EDGE('',*,*,#5344,.F.);
#5344 = EDGE_CURVE('',#5345,#4604,#5347,.T.);
#5345 = VERTEX_POINT('',#5346);
#5346 = CARTESIAN_POINT('',(-27.4,20.661057109949,-1.221086013932));
#5347 = B_SPLINE_CURVE_WITH_KNOTS('',6,(#5348,#5349,#5350,#5351,#5352,
    #5353,#5354),.UNSPECIFIED.,.F.,.F.,(7,7),(0.,1.),
  .PIECEWISE_BEZIER_KNOTS.);
#5348 = CARTESIAN_POINT('',(-27.4,20.661057109949,-1.221086013932));
#5349 = CARTESIAN_POINT('',(-27.4,20.598838859015,-1.02165806365));
#5350 = CARTESIAN_POINT('',(-27.3976776955,20.549211005398,
    -0.81969692395));
#5351 = CARTESIAN_POINT('',(-27.39479303335,20.512086351009,
    -0.615949342748));
#5352 = CARTESIAN_POINT('',(-27.39248195041,20.487365507658,
    -0.411044733181));
#5353 = CARTESIAN_POINT('',(-27.39132688221,20.475,-0.205545508626));
#5354 = CARTESIAN_POINT('',(-27.39132688221,20.475,-1.7763568394E-15));
#5355 = ORIENTED_EDGE('',*,*,#5356,.T.);
#5356 = EDGE_CURVE('',#5345,#5357,#5359,.T.);
#5357 = VERTEX_POINT('',#5358);
#5358 = CARTESIAN_POINT('',(-27.4,24.575,-4.1));
#5359 = CIRCLE('',#5360,4.1);
#5360 = AXIS2_PLACEMENT_3D('',#5361,#5362,#5363);
#5361 = CARTESIAN_POINT('',(-27.4,24.575,0.));
#5362 = DIRECTION('',(1.,0.,0.));
#5363 = DIRECTION('',(0.,-1.,0.));
#5364 = ORIENTED_EDGE('',*,*,#5365,.T.);
#5365 = EDGE_CURVE('',#5357,#4307,#5366,.T.);
#5366 = LINE('',#5367,#5368);
#5367 = CARTESIAN_POINT('',(-26.3,24.575,-4.1));
#5368 = VECTOR('',#5369,1.);
#5369 = DIRECTION('',(-1.,1.008857463847E-30,5.640874432778E-32));
#5370 = CYLINDRICAL_SURFACE('',#5371,4.1);
#5371 = AXIS2_PLACEMENT_3D('',#5372,#5373,#5374);
#5372 = CARTESIAN_POINT('',(-26.3,24.575,0.));
#5373 = DIRECTION('',(1.,0.,0.));
#5374 = DIRECTION('',(0.,-1.,0.));
#5375 = ADVANCED_FACE('',(#5376),#5401,.T.);
#5376 = FACE_BOUND('',#5377,.T.);
#5377 = EDGE_LOOP('',(#5378,#5384,#5385,#5386,#5394));
#5378 = ORIENTED_EDGE('',*,*,#5379,.T.);
#5379 = EDGE_CURVE('',#4933,#4339,#5380,.T.);
#5380 = LINE('',#5381,#5382);
#5381 = CARTESIAN_POINT('',(-26.3,29.125,-4.1));
#5382 = VECTOR('',#5383,1.);
#5383 = DIRECTION('',(-1.,1.008857463847E-30,5.640874432778E-32));
#5384 = ORIENTED_EDGE('',*,*,#4348,.T.);
#5385 = ORIENTED_EDGE('',*,*,#5365,.F.);
#5386 = ORIENTED_EDGE('',*,*,#5387,.F.);
#5387 = EDGE_CURVE('',#5388,#5357,#5390,.T.);
#5388 = VERTEX_POINT('',#5389);
#5389 = CARTESIAN_POINT('',(-27.4,27.338942890051,-4.1));
#5390 = LINE('',#5391,#5392);
#5391 = CARTESIAN_POINT('',(-27.4,28.231971445025,-4.1));
#5392 = VECTOR('',#5393,1.);
#5393 = DIRECTION('',(0.,-1.,0.));
#5394 = ORIENTED_EDGE('',*,*,#5395,.F.);
#5395 = EDGE_CURVE('',#4933,#5388,#5396,.T.);
#5396 = CIRCLE('',#5397,2.);
#5397 = AXIS2_PLACEMENT_3D('',#5398,#5399,#5400);
#5398 = CARTESIAN_POINT('',(-25.4,27.338942890051,-4.1));
#5399 = DIRECTION('',(0.,0.,1.));
#5400 = DIRECTION('',(1.,0.,0.));
#5401 = PLANE('',#5402);
#5402 = AXIS2_PLACEMENT_3D('',#5403,#5404,#5405);
#5403 = CARTESIAN_POINT('',(-26.3,29.125,-4.1));
#5404 = DIRECTION('',(5.640874432778E-32,0.,1.));
#5405 = DIRECTION('',(0.,-1.,0.));
#5406 = ADVANCED_FACE('',(#5407),#5413,.T.);
#5407 = FACE_BOUND('',#5408,.T.);
#5408 = EDGE_LOOP('',(#5409,#5410,#5411,#5412));
#5409 = ORIENTED_EDGE('',*,*,#5379,.F.);
#5410 = ORIENTED_EDGE('',*,*,#4940,.F.);
#5411 = ORIENTED_EDGE('',*,*,#4386,.F.);
#5412 = ORIENTED_EDGE('',*,*,#4372,.T.);
#5413 = PLANE('',#5414);
#5414 = AXIS2_PLACEMENT_3D('',#5415,#5416,#5417);
#5415 = CARTESIAN_POINT('',(-26.3,29.125,4.1));
#5416 = DIRECTION('',(-1.008857463847E-30,-1.,-0.));
#5417 = DIRECTION('',(0.,0.,-1.));
#5418 = ADVANCED_FACE('',(#5419),#5425,.F.);
#5419 = FACE_BOUND('',#5420,.F.);
#5420 = EDGE_LOOP('',(#5421,#5422,#5423,#5424));
#5421 = ORIENTED_EDGE('',*,*,#4705,.F.);
#5422 = ORIENTED_EDGE('',*,*,#4947,.F.);
#5423 = ORIENTED_EDGE('',*,*,#4402,.F.);
#5424 = ORIENTED_EDGE('',*,*,#4436,.T.);
#5425 = PLANE('',#5426);
#5426 = AXIS2_PLACEMENT_3D('',#5427,#5428,#5429);
#5427 = CARTESIAN_POINT('',(-26.3,31.525,4.1));
#5428 = DIRECTION('',(-1.008857463847E-30,-1.,-0.));
#5429 = DIRECTION('',(0.,0.,-1.));
#5430 = ADVANCED_FACE('',(#5431),#5451,.F.);
#5431 = FACE_BOUND('',#5432,.F.);
#5432 = EDGE_LOOP('',(#5433,#5434,#5442,#5449,#5450));
#5433 = ORIENTED_EDGE('',*,*,#5344,.F.);
#5434 = ORIENTED_EDGE('',*,*,#5435,.T.);
#5435 = EDGE_CURVE('',#5345,#5436,#5438,.T.);
#5436 = VERTEX_POINT('',#5437);
#5437 = CARTESIAN_POINT('',(-27.4,20.661057109949,-5.7));
#5438 = LINE('',#5439,#5440);
#5439 = CARTESIAN_POINT('',(-27.4,20.661057109949,0.));
#5440 = VECTOR('',#5441,1.);
#5441 = DIRECTION('',(-0.,-0.,-1.));
#5442 = ORIENTED_EDGE('',*,*,#5443,.T.);
#5443 = EDGE_CURVE('',#5436,#4917,#5444,.T.);
#5444 = CIRCLE('',#5445,2.);
#5445 = AXIS2_PLACEMENT_3D('',#5446,#5447,#5448);
#5446 = CARTESIAN_POINT('',(-25.4,20.661057109949,-5.7));
#5447 = DIRECTION('',(0.,0.,1.));
#5448 = DIRECTION('',(1.,0.,0.));
#5449 = ORIENTED_EDGE('',*,*,#4916,.F.);
#5450 = ORIENTED_EDGE('',*,*,#4603,.F.);
#5451 = CYLINDRICAL_SURFACE('',#5452,2.);
#5452 = AXIS2_PLACEMENT_3D('',#5453,#5454,#5455);
#5453 = CARTESIAN_POINT('',(-25.4,20.661057109949,0.));
#5454 = DIRECTION('',(0.,0.,1.));
#5455 = DIRECTION('',(1.,0.,0.));
#5456 = ADVANCED_FACE('',(#5457),#5483,.T.);
#5457 = FACE_BOUND('',#5458,.F.);
#5458 = EDGE_LOOP('',(#5459,#5467,#5476,#5482));
#5459 = ORIENTED_EDGE('',*,*,#5460,.T.);
#5460 = EDGE_CURVE('',#4587,#5461,#5463,.T.);
#5461 = VERTEX_POINT('',#5462);
#5462 = CARTESIAN_POINT('',(-26.3,17.465,1.));
#5463 = LINE('',#5464,#5465);
#5464 = CARTESIAN_POINT('',(-26.3,17.465,0.));
#5465 = VECTOR('',#5466,1.);
#5466 = DIRECTION('',(0.,0.,1.));
#5467 = ORIENTED_EDGE('',*,*,#5468,.T.);
#5468 = EDGE_CURVE('',#5461,#5469,#5471,.T.);
#5469 = VERTEX_POINT('',#5470);
#5470 = CARTESIAN_POINT('',(-27.5,15.631969722018,1.));
#5471 = CIRCLE('',#5472,2.);
#5472 = AXIS2_PLACEMENT_3D('',#5473,#5474,#5475);
#5473 = CARTESIAN_POINT('',(-25.5,15.631969722018,1.));
#5474 = DIRECTION('',(0.,0.,1.));
#5475 = DIRECTION('',(1.,0.,0.));
#5476 = ORIENTED_EDGE('',*,*,#5477,.F.);
#5477 = EDGE_CURVE('',#4579,#5469,#5478,.T.);
#5478 = LINE('',#5479,#5480);
#5479 = CARTESIAN_POINT('',(-27.5,15.631969722018,0.));
#5480 = VECTOR('',#5481,1.);
#5481 = DIRECTION('',(0.,0.,1.));
#5482 = ORIENTED_EDGE('',*,*,#4586,.F.);
#5483 = CYLINDRICAL_SURFACE('',#5484,2.);
#5484 = AXIS2_PLACEMENT_3D('',#5485,#5486,#5487);
#5485 = CARTESIAN_POINT('',(-25.5,15.631969722018,0.));
#5486 = DIRECTION('',(-0.,-0.,-1.));
#5487 = DIRECTION('',(1.,0.,0.));
#5488 = ADVANCED_FACE('',(#5489),#5507,.T.);
#5489 = FACE_BOUND('',#5490,.T.);
#5490 = EDGE_LOOP('',(#5491,#5499,#5505,#5506));
#5491 = ORIENTED_EDGE('',*,*,#5492,.T.);
#5492 = EDGE_CURVE('',#4570,#5493,#5495,.T.);
#5493 = VERTEX_POINT('',#5494);
#5494 = CARTESIAN_POINT('',(-27.5,-3.516969722018,1.));
#5495 = LINE('',#5496,#5497);
#5496 = CARTESIAN_POINT('',(-27.5,-3.516969722018,0.));
#5497 = VECTOR('',#5498,1.);
#5498 = DIRECTION('',(0.,0.,1.));
#5499 = ORIENTED_EDGE('',*,*,#5500,.T.);
#5500 = EDGE_CURVE('',#5493,#5469,#5501,.T.);
#5501 = LINE('',#5502,#5503);
#5502 = CARTESIAN_POINT('',(-27.5,-3.516969722018,1.));
#5503 = VECTOR('',#5504,1.);
#5504 = DIRECTION('',(0.,1.,0.));
#5505 = ORIENTED_EDGE('',*,*,#5477,.F.);
#5506 = ORIENTED_EDGE('',*,*,#4578,.F.);
#5507 = PLANE('',#5508);
#5508 = AXIS2_PLACEMENT_3D('',#5509,#5510,#5511);
#5509 = CARTESIAN_POINT('',(-27.5,-3.516969722018,0.));
#5510 = DIRECTION('',(-1.,0.,0.));
#5511 = DIRECTION('',(0.,1.,0.));
#5512 = ADVANCED_FACE('',(#5513),#5532,.T.);
#5513 = FACE_BOUND('',#5514,.F.);
#5514 = EDGE_LOOP('',(#5515,#5516,#5525,#5531));
#5515 = ORIENTED_EDGE('',*,*,#5492,.T.);
#5516 = ORIENTED_EDGE('',*,*,#5517,.T.);
#5517 = EDGE_CURVE('',#5493,#5518,#5520,.T.);
#5518 = VERTEX_POINT('',#5519);
#5519 = CARTESIAN_POINT('',(-26.3,-5.35,1.));
#5520 = CIRCLE('',#5521,2.);
#5521 = AXIS2_PLACEMENT_3D('',#5522,#5523,#5524);
#5522 = CARTESIAN_POINT('',(-25.5,-3.516969722018,1.));
#5523 = DIRECTION('',(0.,0.,1.));
#5524 = DIRECTION('',(1.,0.,0.));
#5525 = ORIENTED_EDGE('',*,*,#5526,.F.);
#5526 = EDGE_CURVE('',#4562,#5518,#5527,.T.);
#5527 = LINE('',#5528,#5529);
#5528 = CARTESIAN_POINT('',(-26.3,-5.35,0.));
#5529 = VECTOR('',#5530,1.);
#5530 = DIRECTION('',(0.,0.,1.));
#5531 = ORIENTED_EDGE('',*,*,#4569,.F.);
#5532 = CYLINDRICAL_SURFACE('',#5533,2.);
#5533 = AXIS2_PLACEMENT_3D('',#5534,#5535,#5536);
#5534 = CARTESIAN_POINT('',(-25.5,-3.516969722018,0.));
#5535 = DIRECTION('',(-0.,-0.,-1.));
#5536 = DIRECTION('',(1.,0.,0.));
#5537 = ADVANCED_FACE('',(#5538),#5544,.F.);
#5538 = FACE_BOUND('',#5539,.F.);
#5539 = EDGE_LOOP('',(#5540,#5541,#5542,#5543));
#5540 = ORIENTED_EDGE('',*,*,#4716,.F.);
#5541 = ORIENTED_EDGE('',*,*,#4646,.T.);
#5542 = ORIENTED_EDGE('',*,*,#4682,.T.);
#5543 = ORIENTED_EDGE('',*,*,#4953,.F.);
#5544 = CYLINDRICAL_SURFACE('',#5545,2.);
#5545 = AXIS2_PLACEMENT_3D('',#5546,#5547,#5548);
#5546 = CARTESIAN_POINT('',(-25.4,33.311057109949,0.));
#5547 = DIRECTION('',(0.,0.,1.));
#5548 = DIRECTION('',(1.,0.,0.));
#5549 = ADVANCED_FACE('',(#5550),#5569,.F.);
#5550 = FACE_BOUND('',#5551,.F.);
#5551 = EDGE_LOOP('',(#5552,#5553,#5554,#5563));
#5552 = ORIENTED_EDGE('',*,*,#5395,.F.);
#5553 = ORIENTED_EDGE('',*,*,#4932,.T.);
#5554 = ORIENTED_EDGE('',*,*,#5555,.T.);
#5555 = EDGE_CURVE('',#4925,#5556,#5558,.T.);
#5556 = VERTEX_POINT('',#5557);
#5557 = CARTESIAN_POINT('',(-27.4,27.338942890051,-5.7));
#5558 = CIRCLE('',#5559,2.);
#5559 = AXIS2_PLACEMENT_3D('',#5560,#5561,#5562);
#5560 = CARTESIAN_POINT('',(-25.4,27.338942890051,-5.7));
#5561 = DIRECTION('',(0.,0.,1.));
#5562 = DIRECTION('',(1.,0.,0.));
#5563 = ORIENTED_EDGE('',*,*,#5564,.F.);
#5564 = EDGE_CURVE('',#5388,#5556,#5565,.T.);
#5565 = LINE('',#5566,#5567);
#5566 = CARTESIAN_POINT('',(-27.4,27.338942890051,0.));
#5567 = VECTOR('',#5568,1.);
#5568 = DIRECTION('',(-0.,-0.,-1.));
#5569 = CYLINDRICAL_SURFACE('',#5570,2.);
#5570 = AXIS2_PLACEMENT_3D('',#5571,#5572,#5573);
#5571 = CARTESIAN_POINT('',(-25.4,27.338942890051,0.));
#5572 = DIRECTION('',(0.,0.,1.));
#5573 = DIRECTION('',(1.,0.,0.));
#5574 = ADVANCED_FACE('',(#5575),#5586,.T.);
#5575 = FACE_BOUND('',#5576,.T.);
#5576 = EDGE_LOOP('',(#5577,#5578,#5584,#5585));
#5577 = ORIENTED_EDGE('',*,*,#5555,.T.);
#5578 = ORIENTED_EDGE('',*,*,#5579,.T.);
#5579 = EDGE_CURVE('',#5556,#5436,#5580,.T.);
#5580 = LINE('',#5581,#5582);
#5581 = CARTESIAN_POINT('',(-27.4,27.338942890051,-5.7));
#5582 = VECTOR('',#5583,1.);
#5583 = DIRECTION('',(0.,-1.,0.));
#5584 = ORIENTED_EDGE('',*,*,#5443,.T.);
#5585 = ORIENTED_EDGE('',*,*,#4924,.T.);
#5586 = PLANE('',#5587);
#5587 = AXIS2_PLACEMENT_3D('',#5588,#5589,#5590);
#5588 = CARTESIAN_POINT('',(-26.56998713265,31.170984736837,-5.7));
#5589 = DIRECTION('',(0.,0.,1.));
#5590 = DIRECTION('',(1.,0.,0.));
#5591 = ADVANCED_FACE('',(#5592),#5603,.T.);
#5592 = FACE_BOUND('',#5593,.T.);
#5593 = EDGE_LOOP('',(#5594,#5595,#5601,#5602));
#5594 = ORIENTED_EDGE('',*,*,#5460,.T.);
#5595 = ORIENTED_EDGE('',*,*,#5596,.T.);
#5596 = EDGE_CURVE('',#5461,#5518,#5597,.T.);
#5597 = LINE('',#5598,#5599);
#5598 = CARTESIAN_POINT('',(-26.3,17.465,1.));
#5599 = VECTOR('',#5600,1.);
#5600 = DIRECTION('',(0.,-1.,0.));
#5601 = ORIENTED_EDGE('',*,*,#5526,.F.);
#5602 = ORIENTED_EDGE('',*,*,#4909,.F.);
#5603 = PLANE('',#5604);
#5604 = AXIS2_PLACEMENT_3D('',#5605,#5606,#5607);
#5605 = CARTESIAN_POINT('',(-26.3,17.465,0.));
#5606 = DIRECTION('',(1.,0.,0.));
#5607 = DIRECTION('',(0.,-1.,0.));
#5608 = ADVANCED_FACE('',(#5609),#5615,.T.);
#5609 = FACE_BOUND('',#5610,.T.);
#5610 = EDGE_LOOP('',(#5611,#5612,#5613,#5614));
#5611 = ORIENTED_EDGE('',*,*,#4968,.T.);
#5612 = ORIENTED_EDGE('',*,*,#5224,.T.);
#5613 = ORIENTED_EDGE('',*,*,#5199,.F.);
#5614 = ORIENTED_EDGE('',*,*,#4898,.F.);
#5615 = PLANE('',#5616);
#5616 = AXIS2_PLACEMENT_3D('',#5617,#5618,#5619);
#5617 = CARTESIAN_POINT('',(-26.3,-35.55,0.));
#5618 = DIRECTION('',(1.,0.,0.));
#5619 = DIRECTION('',(0.,-1.,0.));
#5620 = ADVANCED_FACE('',(#5621),#5628,.F.);
#5621 = FACE_BOUND('',#5622,.F.);
#5622 = EDGE_LOOP('',(#5623,#5624,#5625,#5626,#5627));
#5623 = ORIENTED_EDGE('',*,*,#5387,.F.);
#5624 = ORIENTED_EDGE('',*,*,#5564,.T.);
#5625 = ORIENTED_EDGE('',*,*,#5579,.T.);
#5626 = ORIENTED_EDGE('',*,*,#5435,.F.);
#5627 = ORIENTED_EDGE('',*,*,#5356,.T.);
#5628 = PLANE('',#5629);
#5629 = AXIS2_PLACEMENT_3D('',#5630,#5631,#5632);
#5630 = CARTESIAN_POINT('',(-27.4,27.338942890051,0.));
#5631 = DIRECTION('',(-1.,0.,0.));
#5632 = DIRECTION('',(0.,-1.,0.));
#5633 = ADVANCED_FACE('',(#5634),#5640,.T.);
#5634 = FACE_BOUND('',#5635,.F.);
#5635 = EDGE_LOOP('',(#5636,#5637,#5638,#5639));
#5636 = ORIENTED_EDGE('',*,*,#5500,.T.);
#5637 = ORIENTED_EDGE('',*,*,#5468,.F.);
#5638 = ORIENTED_EDGE('',*,*,#5596,.T.);
#5639 = ORIENTED_EDGE('',*,*,#5517,.F.);
#5640 = PLANE('',#5641);
#5641 = AXIS2_PLACEMENT_3D('',#5642,#5643,#5644);
#5642 = CARTESIAN_POINT('',(2.743319958556,-4.42142293462,1.));
#5643 = DIRECTION('',(0.,0.,1.));
#5644 = DIRECTION('',(1.,0.,0.));
#5645 = ( GEOMETRIC_REPRESENTATION_CONTEXT(3) 
GLOBAL_UNCERTAINTY_ASSIGNED_CONTEXT((#5649)) 
GLOBAL_UNIT_ASSIGNED_CONTEXT((#5646,#5647,#5648)) REPRESENTATION_CONTEXT
('Context #1','3D Context with UNIT and UNCERTAINTY') );
#5646 = ( LENGTH_UNIT() NAMED_UNIT(*) SI_UNIT(.MILLI.,.METRE.) );
#5647 = ( NAMED_UNIT(*) PLANE_ANGLE_UNIT() SI_UNIT($,.RADIAN.) );
#5648 = ( NAMED_UNIT(*) SI_UNIT($,.STERADIAN.) SOLID_ANGLE_UNIT() );
#5649 = UNCERTAINTY_MEASURE_WITH_UNIT(LENGTH_MEASURE(2.E-07),#5646,
  'distance_accuracy_value','confusion accuracy');
#5650 = PRODUCT_RELATED_PRODUCT_CATEGORY('part',$,(#7));
#5651 = MECHANICAL_DESIGN_GEOMETRIC_PRESENTATION_REPRESENTATION('',(
    #5652),#5645);
#5652 = STYLED_ITEM('color',(#5653),#15);
#5653 = PRESENTATION_STYLE_ASSIGNMENT((#5654,#5662));
#5654 = SURFACE_STYLE_USAGE(.BOTH.,#5655);
#5655 = SURFACE_SIDE_STYLE('',(#5656,#5660));
#5656 = SURFACE_STYLE_FILL_AREA(#5657);
#5657 = FILL_AREA_STYLE('',(#5658));
#5658 = FILL_AREA_STYLE_COLOUR('',#5659);
#5659 = COLOUR_RGB('',0.901960800373,0.901960800373,0.901960800373);
#5660 = SURFACE_STYLE_RENDERING_WITH_PROPERTIES(.NORMAL_SHADING.,#5659,(
    #5661));
#5661 = SURFACE_STYLE_TRANSPARENT(0.800000011921);
#5662 = CURVE_STYLE('',#5663,POSITIVE_LENGTH_MEASURE(0.1),#5664);
#5663 = DRAUGHTING_PRE_DEFINED_CURVE_FONT('continuous');
#5664 = COLOUR_RGB('',9.803921802644E-02,9.803921802644E-02,
  9.803921802644E-02);
ENDSEC;
END-ISO-10303-21;
