
CASCADE Topology V1, (c) Matra-Datavision
Locations 45
1
1.000000000000000 0.000000000000000 0.000000000000000 2.850000000000000 
0.000000000000000 1.000000000000000 0.000000000000000 5.850000000000000 
0.000000000000000 0.000000000000000 1.000000000000000 0.100000000000000 
1
1.000000000000000 0.000000000000000 0.000000000000000 0.000000000000000 
0.000000000000000 1.000000000000000 0.000000000000000 0.000000000000000 
0.000000000000000 0.000000000000000 1.000000000000000 0.000000000000000 
1
1.000000000000000 0.000000000000000 0.000000000000000 0.000000000000000 
0.000000000000000 1.000000000000000 0.000000000000000 0.000000000000000 
0.000000000000000 0.000000000000000 1.000000000000000 -9.600000000000000 
1
1.000000000000000 0.000000000000000 0.000000000000000 0.000000000000000 
0.000000000000000 1.000000000000000 0.000000000000000 0.000000000000000 
0.000000000000000 0.000000000000000 1.000000000000000 -9.600000000000000 
2  2 1 3 1 4 -1 0
2  2 -1 0
1
1.000000000000000 0.000000000000000 0.000000000000000 0.000000000000000 
0.000000000000000 1.000000000000000 0.000000000000000 0.000000000000000 
0.000000000000000 0.000000000000000 1.000000000000000 -9.600000000000000 
2  7 -1 4 1 3 -1 2 -1 0
2  7 -1 4 1 3 -1 0
1
1.000000000000000 0.000000000000000 0.000000000000000 0.000000000000000 
0.000000000000000 1.000000000000000 0.000000000000000 0.000000000000000 
0.000000000000000 0.000000000000000 1.000000000000000 -9.600000000000000 
1
1.000000000000000 0.000000000000000 0.000000000000000 0.000000000000000 
0.000000000000000 1.000000000000000 0.000000000000000 0.000000000000000 
0.000000000000000 0.000000000000000 1.000000000000000 -9.600000000000000 
2  10 1 11 -1 2 1 0
2  11 1 10 -1 0
2  7 -1 4 1 3 -1 2 -1 11 1 10 -1 0
1
1.000000000000000 0.000000000000000 0.000000000000000 0.000000000000000 
0.000000000000000 1.000000000000000 0.000000000000000 0.000000000000000 
0.000000000000000 0.000000000000000 1.000000000000000 0.000000000000000 
2  15 1 10 1 11 -1 2 1 0
2  7 -1 4 1 3 -1 2 -1 11 1 10 -1 15 -1 0
2  3 1 4 -1 0
2  10 1 11 -1 0
1
1.000000000000000 0.000000000000000 0.000000000000000 0.000000000000000 
0.000000000000000 1.000000000000000 0.000000000000000 0.000000000000000 
0.000000000000000 0.000000000000000 1.000000000000000 -9.600000000000000 
2  20 -1 15 1 0
1
1.000000000000000 0.000000000000000 0.000000000000000 0.000000000000000 
0.000000000000000 1.000000000000000 0.000000000000000 0.000000000000000 
0.000000000000000 0.000000000000000 1.000000000000000 0.000000000000000 
1
1.000000000000000 0.000000000000000 0.000000000000000 0.000000000000000 
0.000000000000000 1.000000000000000 0.000000000000000 0.000000000000000 
0.000000000000000 0.000000000000000 1.000000000000000 -9.600000000000000 
2  22 1 23 1 20 -1 15 1 10 1 11 -1 2 1 0
2  7 -1 4 1 3 -1 2 -1 11 1 10 -1 15 -1 20 1 23 -1 22 -1 0
2  15 1 10 1 11 -1 0
1
1.000000000000000 0.000000000000000 0.000000000000000 -0.000000000000000 
0.000000000000000 1.000000000000000 0.000000000000000 -4.500000000000000 
0.000000000000000 0.000000000000000 1.000000000000000 0.000000000000001 
2  11 -1 27 1 2 1 3 1 4 -1 0
2  7 -1 0
2  15 1 10 1 11 -1 2 1 3 1 4 -1 0
2  15 -1 0
2  22 1 23 1 20 -1 15 1 0
2  20 1 23 -1 22 -1 0
1
1.000000000000000 0.000000000000000 0.000000000000000 0.000000000000000 
0.000000000000000 1.000000000000000 0.000000000000000 0.000000000000000 
0.000000000000000 0.000000000000000 1.000000000000000 5.900000000000000 
2  22 1 23 1 20 -1 34 1 15 1 0
2  34 -1 20 1 23 -1 22 -1 0
2  7 -1 4 1 3 -1 2 -1 11 1 10 -1 15 -1 34 -1 20 1 23 -1 22 -1 0
2  20 -1 15 1 10 1 11 -1 2 1 3 1 4 -1 0
2  15 -1 20 1 0
2  22 1 23 1 20 -1 34 1 15 1 10 1 11 -1 2 1 0
2  20 -1 34 1 15 1 0
2  20 -1 34 1 15 1 10 1 11 -1 2 1 3 1 4 -1 0
2  15 -1 34 -1 20 1 0
2  22 1 23 1 20 -1 0
2  22 1 23 1 20 -1 34 1 0
Curve2ds 105
1 3.14159265358979312 0.00000000000000000 0.00000000000000000 -1.00000000000000000 
1 3.14159265358979312 -2.50000000000000000 1.00000000000000000 0.00000000000000000 
1 0.00000000000000000 0.00000000000000000 1.00000000000000000 0.00000000000000000 
7 0 0  1 2 2  3.14159265358979312 0.00000000000000000  4.71238898038468967 0.00000000000000000 
 3.14159265358979312 2 4.71238777853600332 2
7 0 0  5 6 2  0.00000000000000011 64.50007751933327427  0.31415926535897842 64.50007751933306110  0.62831853067762511 64.50055438074220149  0.94247779606162918 64.50151704305694977  1.25663706143591192 64.50273581675440937  1.57079632679489811 64.50395348832552145 
 3.14159265358979312 6 4.71238898038468967 6
1 4.71238898038468967 0.00000000000000000 0.00000000000000000 -1.00000000000000000 
1 3.14159265358979312 0.00000000000000000 0.00000000000000000 -1.00000000000000000 
1 0.00000000000000000 -1.41421356237309270 0.00000000000000000 1.00000000000000000 
1 0.00000000000000000 -2.82842712474619029 1.00000000000000000 0.00000000000000000 
1 1.57079632679489656 0.00000000000000000 0.00000000000000000 1.00000000000000000 
7 0 0  5 6 2  0.00000000000000000 0.00000000000000711  0.27388748493982540 0.00000000000000711  0.54777496987964802 0.00036281798308144  0.82166245481948230 0.00109264872286550  1.09554993975930182 0.00206064053590135  1.36943742469912721 0.00310077146714605 
 3.14159265358979312 6 4.51103007828892011 6
1 0.00000000000000000 0.00000000000000000 0.00000000000000000 1.00000000000000000 
7 0 0  7 8 2  1.36943742546545599 0.00310077123636448  1.39669701357980980 0.06155718782837044  1.42443452979109741 0.11941054815680799  1.45266783585638293 0.17658623492119543  1.48141162935571447 0.23299669470753004  1.51067718326220568 0.28854326149243731  1.54047156382925365 0.34311842622811872  1.57079632679489656 0.39660855250809757 
 0.77214328149185962 8 1.00000000000000000 8
7 0 0  7 8 2  3.99484763999917369 -0.05051075036289718  4.00943584662950681 -0.03688090042869059  4.02415716032595494 -0.02513561947599510  4.03900734477517620 -0.01541652745543266  4.05397884060102331 -0.00787749001929130  4.06906050838038524 -0.00268219743300111  4.08423720012378055 -0.00000000000000124  4.09948915922069634 0.00000000000000222 
 0.77214328149185962 8 1.00000000000000000 8
1 1.57079632679489656 0.00000000000000000 0.00000000000000000 1.00000000000000000 
1 4.71238898038468967 0.00000000000000000 0.00000000000000000 -1.00000000000000000 
7 0 0  5 6 2  0.00000000000000000 0.00000000000000711  0.31415926535897731 0.00000000000000711  0.62831853067763010 -0.00047686140858823  0.94247779606161919 -0.00143952372370773  1.25663706143591880 -0.00265829742108484  1.57079632679489656 -0.00387596899224363 
 0.00000000000000000 6 1.57079632679489523 6
1 1.57079632679489611 0.00000000000000000 0.00000000000000000 -1.00000000000000000 
1 1.57079632679489656 -2.50000000000000000 1.00000000000000000 0.00000000000000000 
1 0.00000000000000000 0.00000000000000000 1.00000000000000000 0.00000000000000000 
7 0 0  1 2 2  3.14159265358979312 0.00000000000000000  1.57079632679489611 0.00000000000000000 
 3.14159265358979312 2 4.71238777853600332 2
7 0 0  5 6 2  0.00000000000000000 64.50007751933327427  0.31415926535897831 64.50007751933306110  0.62831853067762600 64.50055438074220149  0.94247779606162740 64.50151704305694977  1.25663706143591281 64.50273581675440937  1.57079632679489789 64.50395348832552145 
 3.14159265358979312 6 4.71238898038468967 6
1 1.57079632679489656 0.00000000000000000 0.00000000000000000 1.00000000000000000 
1 0.00000000000000000 0.00000000000000000 0.00000000000000000 1.00000000000000000 
1 1.75363146378783408 0.00000000000000000 0.00000000000000000 1.00000000000000000 
7 0 0  8 37 6  4.71238898038468879 4.52955384339173950  4.70020528235237567 4.52955384339173950  4.68802163104426040 4.53482002785325466  4.67585339699465408 4.54535400473695272  4.66371510891928498 4.56109529010357395  4.65162045618559894 4.58193306611008300  4.63958234747732412 4.60772972839412276  4.62761302565326904 4.63835622284677029  4.60702262566741005 4.69963657719209493  4.59836464211313256 4.72808061363518828  4.58975405421753901 4.75904309920630819  4.58119532372836158 4.79251201821513817  4.57269361640417138 4.82849447073841187  4.56425489365113179 4.86702541496163299  4.55588608745347212 4.90818220230170521  4.53889622409647497 4.99819126367179045  4.53029150697305028 5.04727854111509444  4.52178247985169879 5.09955904608767341  4.51337984454241248 5.15529044074363174  4.50510278956741494 5.21477678049942028  4.49698211640249568 5.27847989180841015  4.48905809665615685 5.34696573627451066  4.47647776850168455 5.46921607284049305  4.47168677367508494 5.51927960222844760  4.46702144092146103 5.57206188099796762  4.46250410336164993 5.62799082975898912  4.45817731090368596 5.68746481773168622  4.45410871931253727 5.75093763236673450  4.45038577314246186 5.81885675473001296  4.44542432656755260 5.93068986094457173  4.44384445754475532 5.97075649823893073  4.44242136469259030 6.01228370262524692  4.44118249962307132 6.05523599525591827  4.44015760798467785 6.09950720229822796  4.43937598311419368 6.14490762872283458  4.43886151788841232 6.19113493110476476  4.43862372532295879 6.23771509476259123 
 0.00000000000000000 9 0.30743877562325167 7 0.53245864692222145 7 0.76856311492441487 7 0.92005339804363995 7 1.00000000000000000 9
7 0 0  7 44 8  4.41878968530426253 3.18706286600679034  4.41853567842497608 3.24094301293686593  4.41793305088943278 3.29439445846139378  4.41699776284663681 3.34675446763898776  4.41577505852617058 3.39768099395341228  4.41431632047894684 3.44702077463693302  4.41266615191392209 3.49474283016839760  4.40789050286210848 3.61686472404140691  4.40450179425729793 3.68859347785220093  4.40083069301512442 3.75701448319180287  4.39696515818195799 3.82264346310321246  4.39296629520684512 3.88597124898724333  4.38886807794922085 3.94747018672961936  4.37974047041797299 4.07880263276980237  4.37469126554634347 4.14792072144544299  4.36957604677133649 4.21568093549431921  4.36442155439444068 4.28248885277604252  4.35924883262579854 4.34869472306722393  4.35407369419955437 4.41460545180846253  4.34315049615585469 4.55403927819758270  4.33740801928494424 4.62752789500879835  4.33169985353289722 4.70141768034164720  4.32604474614862244 4.77607060955035223  4.32046299618621088 4.85183264015913274  4.31497804477387970 4.92908372702299236  4.30492957859546266 5.07759861867565832  4.30034070894143117 5.14834314683035021  4.29586716880765795 5.22089438259725558  4.29153474525716039 5.29559056613153878  4.28737911799698246 5.37275792595571833  4.28344732973921616 5.45275701781935229  4.27802106094648504 5.57673705386420604  4.27630984696266392 5.61818029345174885  4.27467498788511691 5.66043909402265744  4.27312560994086077 5.70354745585845091  4.27167219553773680 5.74752502815259003  4.27032621640410515 5.79237451719546925  4.26764750555497141 5.89219870866331341  4.26636218378172583 5.94754038241187466  4.26526549698461288 6.00402326936406183  4.26437909103919122 6.06151453476293245  4.26372257248237485 6.11982380695726924  4.26331015258704404 6.17868351247702297  4.26314592514963042 6.23771509476259034 
 0.00000000000000000 8 0.09379330290896992 6 0.24795606439388870 6 0.43003436424260222 6 0.63303336947800259 6 0.81062343016895066 6 0.89732962793011950 6 1.00000000000000000 8
7 0 0  7 32 6  4.25207883163172440 3.18706286600678990  4.25187738753809619 3.26193563187437885  4.25129014067320909 3.33652126253435100  4.25032716802054811 3.41009317735656259  4.24902846062888084 3.48224466926184473  4.24744458568502026 3.55275881694376006  4.24562452660344558 3.62154375519243388  4.24253621097780176 3.72442938397133050  4.24140599395686291 3.75976134472031509  4.24022604408470905 3.79464500452922504  4.23900185313804734 3.82909956944488616  4.23773836963939932 3.86314754771111923  4.23643995784096727 3.89681466488075312  4.23108512544584592 4.03098787486726184  4.22677889132373608 4.12849979945507606  4.22229054360671174 4.22363818737135688  4.21768878265655633 4.31703814026380783  4.21302687861869352 4.40928712567328152  4.20834397873479027 4.50095072329870494  4.19686107095592220 4.72639073364683071  4.19010128769538515 4.85968436534293602  4.18347311058594062 4.99489391649882286  4.17707853657276296 5.13346324900908080  4.17106901606524438 5.27677808259186421  4.16563237918788865 5.42609876487336429  4.15831763845396107 5.67641748672333435  4.15589476360859145 5.77214803193608716  4.15383338078789333 5.87060287215964838  4.15220809187808726 5.97155028610466054  4.15108966018507886 6.07455012579242926  4.15053075931810067 6.17888372149680176  4.15053075913454794 6.28318526721602844 
 0.00000000000000000 8 0.14507430060924537 6 0.22247967163776144 6 0.45681650525768491 6 0.79828589489041146 6 1.00000000000000000 8
7 0 0  7 32 6  4.15053075913454794 6.28318526721602844  4.15053075894988588 6.38811686712733184  4.15109643227242930 6.49307919254630672  4.15222838669606276 6.59668173652679801  4.15387263577595345 6.69819801501605294  4.15595694842743058 6.79718472534912621  4.15840537233403751 6.89341111947360119  4.16573771421886274 7.14308831907495811  4.17114990274336339 7.29142495687476178  4.17712593586487024 7.43383893593258005  4.18348171368192201 7.57157326917018825  4.19006876931281536 7.70599011709576587  4.19678666621810414 7.83851026950956609  4.20822930503422121 8.06317452717045313  4.21291409420793261 8.15485862991249810  4.21757854723145886 8.24711850496271204  4.22218357581056569 8.34051937543442357  4.22667606619268632 8.43564851128996374  4.23098757627505151 8.53314091283146325  4.23635192344640021 8.66728623580339885  4.23765320497003461 8.70095467515362309  4.23891971369553033 8.73500324350775159  4.24014709738547602 8.76945777909645940  4.24133041967140834 8.80434095092980229  4.24246419964720278 8.83967218729578086  4.24557168817715258 8.94283347676830687  4.24740627773408708 9.01190949478098879  4.24900332490332211 9.08273240348200339  4.25031317866484937 9.15521116979429728  4.25128444776584491 9.22912806623310189  4.25187641234610947 9.30407252300511622  4.25207883163172440 9.37930774835238346 
 0.00000000000000000 8 0.20293086140903913 6 0.54234837031562622 6 0.77676418811389625 6 0.85422365966970626 6 1.00000000000000000 8
7 0 0  8 58 9  4.26314592514963042 0.04547021241699711  4.26327240228490378 0.09093244172368584  4.26354307837799240 0.13629482614343333  4.26395621897097943 0.18139777803424159  4.26450707020508624 0.22611337415217789  4.26518876162038296 0.27033909051667498  4.26599305979421661 0.31399311894972493  4.26691097281838516 0.35701126528896832  4.26870311346797582 0.43122995245312828  4.26953236784315315 0.46273325860378584  4.27041722398896884 0.49384279137136722  4.27135398238054975 0.52455145292598748  4.27233905875878683 0.55485707651586957  4.27336905416933543 0.58476189902005438  4.27444082500162548 0.61427203350111093  4.28038297720983696 0.77008392788312041  4.28593009804623293 0.88892626146893028  4.29198369998576812 1.00173433772935905  4.29840645706245716 1.10942400452482581  4.30508962074227242 1.21290404063146751  4.31196317652152050 1.31297229147702721  4.31898643634645296 1.41054256980032688  4.32894915090254973 1.54433057229879767  4.33176674413075169 1.58167022335911733  4.33459939665424976 1.61879230058273271  4.33744477077421120 1.65573985200629137  4.34030058952338038 1.69255513546853797  4.34316459998271132 1.72928071959780927  4.34603453659800820 1.76596058479953255  4.35249875234218919 1.84847585003008619  4.35609471217539923 1.89430745149478752  4.35969168283415875 1.94022930265616766  4.36328479287516124 1.98633690573493538  4.36686850686496797 2.03273016341889168  4.37043641127935434 2.07951865370275035  4.37398086001085318 2.12683000730307237  4.38068347038785699 2.21843091290271488  4.38384575532777099 2.26258089601159051  4.38697371623873611 2.30740496882406498  4.39005872514480444 2.35304174400834931  4.39308915664878974 2.39963566262413197  4.39604978973371630 2.44734830094128464  4.39892059887654252 2.49638013650490143  4.40340309699712407 2.57876511353792903  4.40508431151844881 2.61113383844685210  4.40671238901277018 2.64418166354512607  4.40827892714386049 2.67797207781945845  4.40977320399756767 2.71256099254378613  4.41118220842113917 2.74799710905488492  4.41249080696889706 2.78432100563135743  4.41471239007339555 2.85377470613176243  4.41565502396080589 2.88667581560128994  4.41649807384660953 2.92025817144773248  4.41722862543070249 2.95448849523616630  4.41783351892701859 2.98930599131089503  4.41830064439834125 3.02461682066078419  4.41862073888168805 3.06028538787266413  4.41878968530426253 3.09612244117279589 
 0.00000000000000000 9 0.09036531525617601 7 0.15842512127445973 7 0.45447040405171413 7 0.57020410765326801 7 0.71482020693141302 7 0.84623212691160277 7 0.92868437251984837 7 1.00000000000000000 9
7 0 0  8 44 7  4.43862372532295879 0.04547021241699822  4.43877141222767069 0.07439996544961826  4.43902588064013059 0.10320527416839104  4.43938499208740467 0.13177059521489912  4.43984441777095551 0.16000363385899197  4.44039839060939556 0.18783150243261115  4.44104032138545968 0.21519773516767543  4.44176327899724388 0.24206015943802556  4.44326057358509807 0.29152089115275820  4.44401813684195801 0.31424491181032205  4.44482858861304297 0.33654996454598463  4.44568764195748312 0.35843044668049684  4.44659124298001363 0.37988618118225398  4.44753565484622904 0.40092172416205185  4.44851754179783310 0.42154567236784418  4.45122758842360700 0.47546419508459420  4.45301652610777854 0.50803626849975969  4.45488786967463390 0.53954972992564365  4.45683050726380525 0.57006388620048010  4.45883513967995793 0.59963552957174038  4.46089420837240080 0.62832065526778658  4.46300182341471263 0.65617617906952486  4.47203466584187659 0.76987219906753723  4.47934803604371190 0.84835414328365799  4.48695870367684257 0.92080167394410450  4.49479278542976157 0.98798120614759988  4.50279132233484436 1.05066188792336068  4.51092356800014205 1.10930428967626304  4.51917489270350536 1.16437394245424675  4.53813906606806938 1.28179209143345973  4.54889348886333256 1.34202293563771158  4.55978850938260294 1.39751757630820750  4.57080409973152424 1.44855075524828503  4.58192427995896345 1.49526183155816339  4.59313650019425079 1.53770675141649060  4.60443169508770822 1.57586552696229854  4.62768296532544898 1.64500797066927773  4.63964263872564509 1.67558472163633865  4.65167093378360175 1.70133917105571975  4.66375563647877467 1.72214255445611308  4.67588386831253011 1.73785767211035336  4.68804197212123341 1.74837406723859590  4.70021545386393758 1.75363146378784762  4.71238898038468879 1.75363146378784762 
 0.00000000000000000 9 0.04971053524385973 7 0.09338281440656168 7 0.16614200494629061 7 0.39880223697460804 7 0.69284138996559397 7 1.00000000000000000 9
1 4.52955384339175193 0.00000000000000000 0.00000000000000000 1.00000000000000000 
1 0.00000000000000000 -2.82842712474619029 1.00000000000000000 0.00000000000000000 
1 0.00000000000000000 -2.82842712474619029 1.00000000000000000 0.00000000000000000 
1 0.00000000000000000 -2.82842712474619029 1.00000000000000000 0.00000000000000000 
1 0.00000000000000000 -1.41421356237309448 0.00000000000000000 1.00000000000000000 
1 3.99484763984353330 0.00000000000000000 0.00000000000000000 -1.00000000000000000 
7 0 0  5 6 2  0.00000000000000000 0.00000000000000711  0.27388748493982540 0.00000000000000711  0.54777496987964802 0.00036281798308144  0.82166245481948230 0.00109264872286550  1.09554993975930182 0.00206064053590135  1.36943742469912721 0.00310077146714605 
 3.14159265358979312 6 4.51103007828892011 6
7 0 0  7 8 2  3.99484763999917458 -5.84948924963709960  4.00943584662950858 -5.86311909957130695  4.02415716032595761 -5.87486438052400395  4.03900734477517886 -5.88458347254456804  4.05397884060102154 -5.89212250998070530  4.06906050838038258 -5.89731780256699167  4.08423720012378588 -5.89999999999999503  4.09948915922069634 -5.89999999999999858 
 0.77214328149190981 8 1.00000000000000000 8
7 0 0  7 8 2  1.36943742546545755 0.00310077123636485  1.39669701357981224 0.06155718782837527  1.42443452979110208 0.11941054815682296  1.45266783585638737 0.17658623492121273  1.48141162935571002 0.23299669470751858  1.51067718326219813 0.28854326149240916  1.54047156382926453 0.34311842622813787  1.57079632679489656 0.39660855250809757 
 0.77214328149190981 8 1.00000000000000000 8
1 0.00000000000000000 0.00000000000000000 1.00000000000000000 0.00000000000000000 
1 0.00000000000000000 -5.90000000000000036 1.00000000000000000 0.00000000000000000 
1 4.71238898038468967 0.00000000000000000 0.00000000000000000 -1.00000000000000000 
1 1.57079632679489656 0.00000000000000000 0.00000000000000000 1.00000000000000000 
1 0.00000000000000000 0.00000000000000000 1.00000000000000000 0.00000000000000000 
1 4.71238898038468967 -2.49999999999999645 1.00000000000000000 0.00000000000000000 
1 0.00000000000000000 0.00000000000000000 1.00000000000000000 0.00000000000000000 
7 0 0  1 2 2  6.28318530717958623 0.00000000000000000  4.71238898038468967 0.00000000000000000 
 0.00000000000000000 2 1.57079512494621421 2
1 6.28318530717958623 0.00000000000000000 0.00000000000000000 -1.00000000000000000 
7 0 0  5 6 2  0.00000000000000000 64.50007751933327427  0.27388748493982540 64.50007751933327427  0.54777496987965080 64.49971470135028540  0.82166245481948064 64.49898487061051355  1.09554993975930182 64.49801687879734402  1.36943742469912721 64.49697674786608559 
 0.00000000000000000 6 1.36943742469912699 6
1 0.00000000000000000 0.00000000000000000 0.00000000000000000 1.00000000000000000 
7 0 0  7 8 2  1.36943742546535963 64.49697674809677039  1.39669701357972564 64.43852033150473346  1.42443452979102925 64.38066697117628223  1.45266783585633141 64.32349128441185826  1.48141162935566850 64.26708082462552341  1.51067718326216727 64.21153425784061142  1.54047156382924499 64.15695909310485945  1.57079632679489656 64.10346896682487738 
 0.77214328149179334 8 1.00000000000000000 8
7 0 0  7 8 2  5.42993032077017368 -0.05051075036294595  5.41534211413983346 -0.03688090042872618  5.40062080044337822 -0.02513561947601736  5.38577061599414808 -0.01541652745544447  5.37079912016829653 -0.00787749001930207  5.35571745238892838 -0.00268219743301031  5.34054076064551975 0.00000000000000412  5.32528880154859952 0.00000000000000222 
 0.77214328149179334 8 1.00000000000000000 8
1 1.57079632679489722 0.00000000000000000 0.00000000000000000 -1.00000000000000000 
7 0 0  5 6 2  0.00000000000000000 0.00000000000000711  0.31415926535897754 0.00000000000000710  0.62831853067764021 -0.00047686140858826  0.94247779606160065 -0.00143952372370768  1.25663706143592790 -0.00265829742108488  1.57079632679489656 -0.00387596899224363 
 0.00000000000000000 6 1.57079632679489478 6
1 -0.00000000000000044 -1.41421356237309448 0.00000000000000000 1.00000000000000000 
1 1.57079632679489656 0.00000000000000000 0.00000000000000000 1.00000000000000000 
1 6.28318530717958623 0.00000000000000000 -1.00000000000000000 -0.00000000000000000 
1 4.71238898038468967 0.00000000000000000 0.00000000000000000 1.00000000000000000 
7 0 0  6 7 2  4.52955384339165867 6.99168020316837513  4.46005775628358858 7.03118581972782053  4.39028513402952569 7.07035888876577268  4.31976110408677183 7.10889914385353894  4.24811123494269971 7.14641620618342710  4.17495937356992286 7.18242145683083688  4.09983424204506797 7.21622776601701332 
 0.00000000000000000 7 1.00000000000000000 7
7 0 0  6 7 2  0.18267975004387882 -2.82842712474619074  0.15465820405509573 -2.77527283910383016  0.12559485646379664 -2.72272693087526108  0.09572959188641042 -2.67089875014428557  0.06496859822388150 -2.62002631582737155  0.03316913088408695 -2.57044422642816839  -0.00000000000000034 -2.52263488548329828 
 0.00000000000000000 7 1.00000000000000000 7
7 0 0  8 9 2  1.76177896111358345 7.00440306508799537  2.10673238423263554 7.19067791357235642  2.45168580735047748 7.36275527559923315  2.79663923047121044 7.48685371438370684  3.14159265358354345 7.53283471152780493  3.48654607670117400 7.48685371437279468  3.83149949982604454 7.36275527559757137  4.17645292294695114 7.19067791357235642  4.52140634606600322 7.00440306508799537 
 4.90337161470337968 9 7.66299899965579634 9
7 0 0  6 7 2  2.18335106513451915 7.21622776601730109  2.10822593348600051 7.18242145677547761  2.03507407208811797 7.14641620610523454  1.96342420295622277 7.10889914378103338  1.89290017304588010 7.07035888870684293  1.82312755083312239 7.03118581969207845  1.75363146378792822 6.99168020316837513 
 0.00000000000000000 7 1.00000000000000000 7
7 0 0  6 7 2  1.57079632679502068 -2.52263488548313530  1.53762719585634500 -2.57044422650670557  1.50582772850637459 -2.62002631593257940  1.47506673485097650 -2.67089875024305368  1.44520147028722001 -2.72272693095381513  1.41613812271444695 -2.77527283915192102  1.38811657675101596 -2.82842712474619074 
 0.00000000000000000 7 1.00000000000000000 7
1 0.04547021241699589 0.00000000000000000 0.00000000000000000 1.00000000000000000 
1 6.28318530717958623 9.20000000000001350 -1.00000000000000000 -0.00000000000000000 
1 6.23771509476258768 0.00000000000000000 0.00000000000000000 1.00000000000000000 
1 0.00000000000000000 6.23771509476259034 1.00000000000000000 0.00000000000000000 
1 0.00000000000000000 3.18706286600679034 1.00000000000000000 0.00000000000000000 
1 0.00000000000000000 6.23771509476258945 1.00000000000000000 0.00000000000000000 
1 4.71238898038468967 0.00000000000000000 0.00000000000000000 1.00000000000000000 
1 6.28318530717958623 0.00000000000000000 -1.00000000000000000 -0.00000000000000000 
1 0.00000000000000000 3.18706286600678945 1.00000000000000000 0.00000000000000000 
1 0.00000000000000000 9.37930774835238168 1.00000000000000000 0.00000000000000000 
1 4.71238898038468967 0.00000000000000000 0.00000000000000000 1.00000000000000000 
1 12.56637061435917246 0.00000000000000000 -1.00000000000000000 -0.00000000000000000 
1 0.00000000000000000 0.04547021241699710 1.00000000000000000 0.00000000000000000 
1 0.00000000000000000 3.09612244117279589 1.00000000000000000 0.00000000000000000 
1 4.71238898038468967 0.00000000000000000 0.00000000000000000 1.00000000000000000 
1 6.28318530717958623 0.00000000000000000 -1.00000000000000000 -0.00000000000000000 
1 0.00000000000000000 0.04547021241699820 1.00000000000000000 0.00000000000000000 
1 -0.00000000000000034 -1.41421356237309270 0.00000000000000000 1.00000000000000000 
1 0.00000000000000000 0.00000000000000000 1.00000000000000000 0.00000000000000000 
1 0.00000000000000036 -2.49999999999999645 1.00000000000000000 0.00000000000000000 
1 1.57079632679489678 0.00000000000000000 0.00000000000000000 1.00000000000000000 
1 1.57079632679489656 -1.41421356237309270 0.00000000000000000 1.00000000000000000 
1 1.57079632679489656 0.00000000000000000 0.00000000000000000 1.00000000000000000 
1 0.00000000000000000 -5.90000000000000036 1.00000000000000000 0.00000000000000000 
1 4.71238898038468967 0.00000000000000000 0.00000000000000000 -1.00000000000000000 
1 5.42993032092583405 0.00000000000000000 0.00000000000000000 -1.00000000000000000 
7 0 0  7 8 2  5.42993032077017190 -5.84948924963705164  5.41534211413983257 -5.86311909957127142  5.40062080044337645 -5.87486438052397997  5.38577061599414719 -5.88458347254455294  5.37079912016829564 -5.89212250998069464  5.35571745238892838 -5.89731780256698546  5.34054076064551975 -5.89999999999999947  5.32528880154859952 -5.89999999999999858 
 0.77214328149179179 8 1.00000000000000000 8
7 0 0  7 8 2  1.36943742546536074 64.49697674809678460  1.39669701357972587 64.43852033150474767  1.42443452979102836 64.38066697117626802  1.45266783585633030 64.32349128441185826  1.48141162935566961 64.26708082462552341  1.51067718326217015 64.21153425784061142  1.54047156382924477 64.15695909310485945  1.57079632679489656 64.10346896682487738 
 0.77214328149179179 8 1.00000000000000000 8
1 0.00000000000000002 0.00000000000000000 0.00000000000000000 -1.00000000000000000 
7 0 0  5 6 2  0.00000000000000000 64.50007751933327427  0.27388748493982557 64.50007751933327427  0.54777496987965246 64.49971470135028540  0.82166245481947875 64.49898487061051355  1.09554993975930315 64.49801687879734402  1.36943742469912855 64.49697674786608559 
 0.00000000000000000 6 1.36943742469912788 6
1 0.00000000000000000 0.00000000000000000 0.00000000000000000 1.00000000000000000 
7 0 0  1 2 2  0.00000000000000002 0.00000000000000000  1.57079632679489722 0.00000000000000000 
 0.00000000000000000 2 1.57079512494621421 2
1 3.09612244117279589 0.00000000000000000 0.00000000000000000 1.00000000000000000 
1 0.00000000000000000 9.20000000000001350 1.00000000000000000 0.00000000000000000 
1 6.28318530717958623 9.20000000000001350 -1.00000000000000000 -0.00000000000000000 
1 12.56637061435917246 9.20000000000001350 -1.00000000000000000 -0.00000000000000000 
1 3.18706286600679034 0.00000000000000000 0.00000000000000000 1.00000000000000000 
1 0.04547021241699678 0.00000000000000000 0.00000000000000000 1.00000000000000000 
1 9.37930774835238346 0.00000000000000000 0.00000000000000000 1.00000000000000000 
1 3.18706286600679078 0.00000000000000000 0.00000000000000000 1.00000000000000000 
1 6.23771509476258945 0.00000000000000000 0.00000000000000000 1.00000000000000000 
Curves 119
1 -22.00000000000000711 -31.50000000000000000 -7.09999999999999964 -0.00000000000000008 -1.00000000000000000 0.00000000000000022 
2 -19.50000000000000711 -33.99999999999998579 -7.09999999999999876 -0.00000000000000005 -1.00000000000000000 0.00000000000000030 -1.00000000000000000 0.00000000000000005 0.00000000000000036 -0.00000000000000036 -0.00000000000000030 -1.00000000000000000 2.50000000000000000
8 3.14159265358979312 4.71238898038468967
3 -19.49999699537467990 -31.50000000000000000 -7.10000000000000142 -0.00000000000000008 -1.00000000000000000 0.00000000000000000 1.00000000000000000 -0.00000000000000008 0.00000000000000000 0.00000000000000000 0.00000000000000000 1.00000000000000000 2.50000300462532010 2.50000000000000000
1 -19.50000000000000711 -31.50000000000000355 -9.59999999999999964 -0.00000000000000008 -1.00000000000000000 0.00000000000000022 
1 -22.00000000000000711 -31.50000000000000000 -6.19999999999999929 -0.00000000000000008 -1.00000000000000000 0.00000000000000022 
1 -22.00000000000000711 -33.99999999999998579 -6.19999999999999751 -0.00000000000000000 -0.00000000000000022 -1.00000000000000000 
1 -22.00000000000000000 -31.50000000000000355 -9.59999999999999964 0.00000000000000000 0.00000000000000000 1.00000000000000000 
1 -21.00000000000000711 -34.99999999999998579 -7.09999999999999964 -0.70710678118654757 0.70710678118654757 -0.00000000000000016 
2 -19.50000000000000711 -35.99999999999998579 -7.09999999999999787 -0.00000000000000005 -1.00000000000000000 0.00000000000000030 -1.00000000000000000 0.00000000000000005 0.00000000000000036 -0.00000000000000036 -0.00000000000000030 -1.00000000000000000 0.50000000000000000
1 -19.50000000000000711 -33.99999999999998579 -9.59999999999999787 -0.00000000000000026 0.70710678118654724 -0.70710678118654779 
8 3.14159265358979312 4.51103007828892011
3 -19.59999699537468132 33.00000000000000000 -7.10000000000000142 0.00000000000000000 -1.00000000000000000 0.00000000000000000 1.00000000000000000 0.00000000000000000 0.00000000000000000 -0.00000000000000000 0.00000000000000000 1.00000000000000000 2.50000300462532010 2.50000000000000000
1 -22.10000000000000142 33.00000000000000000 -7.10000000000000142 0.00155038573356795 -0.99999879815131643 0.00000000000000000 
8 0.77214328149185962 1.00000000000000000
7 0 0  7 14 3  -21.32294279384711899 34.46438911827531371 -8.91363810861757777  -21.20993844222398650 34.27515352337947974 -9.02057152469363288  -21.08643694718326245 34.08651108285437914 -9.12193787211836593  -20.95164209396156707 33.89857651136727412 -9.21712642625150202  -20.80471788634593011 33.71176614845823849 -9.30500077432570727  -20.64483468440194613 33.52680362888132493 -9.38388687454959758  -20.47125553950985477 33.34468397589120769 -9.45158252859581438  -20.19483813797689464 33.08288207663858316 -9.52996565496263770  -20.10332238732806687 33.00011887201112160 -9.55183595802268570  -20.00861882003916747 32.91843934777251945 -9.57018460990702025  -19.91073818314719190 32.83804525557567899 -9.58462466280451864  -19.80976516127669740 32.75918812154822746 -9.59471916712310602  -19.70588024874747290 32.68215784598037033 -9.59999999999999609  -19.59938810838020729 32.60726788848928237 -9.60000000000000142 
 0.00000000000000000 8 0.68028156454857480 6 1.00000000000000000 8
8 3.14159265358979312 4.71238898038468967
3 -19.49999699537467990 -31.50000000000000000 -7.10000000000000142 -0.00000000000000008 -1.00000000000000000 0.00000000000000000 1.00000000000000000 -0.00000000000000008 0.00000000000000000 0.00000000000000000 0.00000000000000000 1.00000000000000000 2.50000300462532010 2.50000000000000000
1 -19.60000300462171197 33.00387596433392190 -9.60000000000000142 0.00155038573356795 -0.99999879815131643 0.00000000000000000 
1 -19.50000000000000711 -33.99999999999998579 -9.59999999999999964 1.00000000000000000 -0.00000000000000008 0.00000000000000000 
1 19.50000000000000000 -31.50000000000000355 -9.59999999999999964 -0.00000000000000008 -1.00000000000000000 0.00000000000000022 
1 -22.00000000000000000 -31.50000000000000355 -9.59999999999999964 1.00000000000000000 -0.00000000000000008 0.00000000000000000 
8 0.00000000000000000 1.57079632679489523
3 19.49999699537468345 -31.50000000000000355 -7.10000000000000142 0.00000000000000008 1.00000000000000000 0.00000000000000000 1.00000000000000000 -0.00000000000000008 0.00000000000000000 0.00000000000000000 0.00000000000000000 -1.00000000000000000 2.50000300462532010 2.50000000000000000
1 -19.50000000000000711 -31.50000000000000000 -3.69999999999999929 -0.00000000000000008 -1.00000000000000000 0.00000000000000022 
2 -19.50000000000000711 -33.99999999999998579 -6.19999999999999929 -0.00000000000000005 -1.00000000000000000 0.00000000000000030 0.00000000000000000 0.00000000000000030 1.00000000000000000 -1.00000000000000000 0.00000000000000005 -0.00000000000000000 2.50000000000000000
8 3.14159265358979312 4.71238898038468967
3 -19.49999699537467990 -31.50000000000000000 -6.20000000000000107 0.00000000000000008 1.00000000000000000 0.00000000000000000 1.00000000000000000 -0.00000000000000008 0.00000000000000000 0.00000000000000000 0.00000000000000000 -1.00000000000000000 2.50000300462532010 2.50000000000000000
1 -22.00000000000000711 -33.99999999999998579 -6.19999999999999929 -0.70710678118654746 0.70710678118654757 -0.00000000000000017 
1 -20.00000000000000711 -35.99999999999998579 -6.19999999999999751 -0.00000000000000000 -0.00000000000000022 -1.00000000000000000 
1 -22.10000000000000142 33.00000000000000000 -9.59999999999999964 0.00000000000000000 0.00000000000000000 1.00000000000000000 
1 -22.10000000000000142 33.00000000000000000 -6.20000000000000107 0.00155038573356795 -0.99999879815131643 0.00000000000000000 
1 12.99999999999999645 -35.99999999999998579 -7.19083269131959568 1.00000000000000000 0.00000000000000000 0.00000000000000000 
7 0 0  8 37 6  12.99999999999999822 -35.99999999999998579 -7.19083269131959391  12.79544132961082070 -35.99999999999998579 -7.19083269131959391  12.59088344627959444 -35.99999999999998579 -7.19135892539361787  12.38649186135226010 -35.99999999999998579 -7.19241328759198328  12.18241798321036740 -35.99999999999998579 -7.19390294706817279  11.97880121305819756 -35.99999999999998579 -7.19564979001580252  11.77577168838354815 -35.99999999999998579 -7.19740050218109584  11.57345367409207526 -35.99999999999998579 -7.19883729195087341  11.22449984889664520 -35.99999999999998579 -7.20013962833622223  11.07748509559027283 -35.99999999999998579 -7.20032275790486587  10.93095915276834162 -35.99999999999998579 -7.19999300911915352  10.78496941597964209 -35.99999999999998579 -7.19898649079370045  10.63957736502563911 -35.99999999999998579 -7.19712331307401776  10.49486071033410362 -35.99999999999998579 -7.19420522568662335  10.35091718563029239 -35.99999999999998579 -7.19000863552583969  10.05777620825792340 -35.99999999999998579 -7.17825483139510734  9.90881518771689329 -35.99999999999998579 -7.17054779104457829  9.76099018885450320 -35.99999999999998579 -7.16085158038524927  9.61447032756092312 -35.99999999999998579 -7.14881227022389343  9.46957786462940199 -35.99999999999998579 -7.13402846733357876  9.32685064313151102 -35.99999999999998579 -7.11598895909200024  9.18701018650345880 -35.99999999999998579 -7.09410907424545467  8.96410866844166598 -35.99999999999998579 -7.05032995020758158  8.87899030011219459 -35.99999999999998579 -7.03131246288815070  8.79588129329906465 -35.99999999999998579 -7.01010983650545860  8.71519136617819257 -35.99999999999998579 -6.98640651099758969  8.63769762587704548 -35.99999999999998579 -6.95987353474162695  8.56464126133238324 -35.99999999999998579 -6.93014752067440565  8.49764012313798034 -35.99999999999998579 -6.89689716040163514  8.40819259391052043 -35.99999999999998579 -6.84003404278710647  8.37967700708291474 -35.99999999999998579 -6.81930399470683213  8.35396368328623851 -35.99999999999998579 -6.79747176968246514  8.33155774558263218 -35.99999999999998579 -6.77456516534381947  8.31300763502975570 -35.99999999999998579 -6.75066678629947781  8.29885360466828104 -35.99999999999998579 -6.72592936895304305  8.28953549442459803 -35.99999999999998579 -6.70059261032512854  8.28522823348899529 -35.99999999999998579 -6.67499999999999893 
 0.00000000000000000 9 0.30743877562325167 7 0.53245864692222145 7 0.76856311492441487 7 0.92005339804363995 7 1.00000000000000000 9
1 3.15298583119305498 -35.99999999999998579 -6.67499999999999893 -1.00000000000000000 0.00000000000000005 0.00000000000000000 
7 0 0  7 44 8  7.92390405258850627 -35.99999999999998579 -6.67499999999999893  7.91924957223110404 -35.99999999999998579 -6.70460345126246615  7.90820598520081486 -35.99999999999998579 -6.73388700350113734  7.89106203143162244 -35.99999999999998579 -6.76234678831381864  7.86863335371777239 -35.99999999999998579 -6.78967828803367102  7.84184606017340080 -35.99999999999998579 -6.81572565806248676  7.81150412965229268 -35.99999999999998579 -6.84044021425919713  7.72356737152998818 -35.99999999999998579 -6.90232228280610993  7.66105134473847293 -35.99999999999998579 -6.93723060386040569  7.59315563285172423 -35.99999999999998579 -6.96894892345913508  7.52145560557012516 -35.99999999999998579 -6.99773624975934894  7.44705190264488959 -35.99999999999998579 -7.02385352268135055  7.37055252727959864 -35.99999999999998579 -7.04753762066691891  7.19959250210716384 -35.99999999999998579 -7.09433068061811234  7.10465795162037139 -35.99999999999998579 -7.11648477153535630  7.00808591019261229 -35.99999999999998579 -7.13572344003631009  6.91035379438284814 -35.99999999999998579 -7.15217217819763285  6.81184108644486042 -35.99999999999998579 -7.16590667902350020  6.71283609174310403 -35.99999999999998579 -7.17695092839384685  6.50290515691411652 -35.99999999999998579 -7.19457263061516272  6.39197594716158957 -35.99999999999998579 -7.20048596194341339  6.28112894566269997 -35.99999999999998579 -7.20299693196402124  6.17072375446394350 -35.99999999999998579 -7.20200065417726698  6.06116198991540678 -35.99999999999998579 -7.19733893844502326  5.95292167046591292 -35.99999999999998579 -7.18880043220984266  5.75358685979052531 -35.99999999999998579 -7.16498078003073324  5.66212231354528761 -35.99999999999998579 -7.15068668644665273  5.57253507415222415 -35.99999999999998579 -7.13302135059218934  5.48536862236981815 -35.99999999999998579 -7.11174740606224631  5.40138169366144627 -35.99999999999998579 -7.08661020212085546  5.32158527523157954 -35.99999999999998579 -7.05735618851177726  5.21105547301666139 -35.99999999999998579 -7.00732946400201051  5.17612958389499234 -35.99999999999998579 -6.98988551743545372  5.14269839172156740 -35.99999999999998579 -6.97138636067650896  5.11095848105328354 -35.99999999999998579 -6.95181759649107267  5.08113559334217157 -35.99999999999998579 -6.93117949435722558  5.05347689029540792 -35.99999999999998579 -6.90949280260965182  4.99836357000521136 -35.99999999999998579 -6.85993900413566760  4.97187058628068268 -35.99999999999998579 -6.83165753249441554  4.94923002446810578 -35.99999999999998579 -6.80206350983218577  4.93090838798035680 -35.99999999999998579 -6.77132145649371253  4.91732816024507180 -35.99999999999998579 -6.73967164442234257  4.90879498144508464 -35.99999999999998579 -6.70743381224266066  4.90539676699107918 -35.99999999999998579 -6.67499999999999893 
 0.00000000000000000 8 0.09379330290896992 6 0.24795606439388870 6 0.43003436424260222 6 0.63303336947800259 6 0.81062343016895066 6 0.89732962793011950 6 1.00000000000000000 8
1 2.92333900876887043 -35.99999999999998579 -6.67499999999999893 -1.00000000000000000 0.00000000000000005 0.00000000000000000 
7 0 0  7 32 6  4.67515721230867154 -35.99999999999998579 -6.67499999999999893  4.67094354816693524 -35.99999999999998579 -6.71613745788636685  4.65865879074090206 -35.99999999999998579 -6.75695419474078385  4.63850790114901113 -35.99999999999998579 -6.79667350939448944  4.61129895587106020 -35.99999999999998579 -6.83472986870191157  4.57805276124590854 -35.99999999999998579 -6.87076104556103218  4.53975854817481306 -35.99999999999998579 -6.90457465864382147  4.47460876210540981 -35.99999999999998579 -6.95290386384229375  4.45073741595071670 -35.99999999999998579 -6.96907291945186991  4.42578259593713774 -35.99999999999998579 -6.98458848108667851  4.39985514733713057 -35.99999999999998579 -6.99944827548635295  4.37305499855273005 -35.99999999999998579 -7.01365433494362644  4.34547028634348731 -35.99999999999998579 -7.02721177653898188  4.23151988314132232 -35.99999999999998579 -7.07922885779555244  4.13946750991144619 -35.99999999999998579 -7.11240294695439168  4.04301099427766886 -35.99999999999998579 -7.13993021295521579  3.94354460825136055 -35.99999999999998579 -7.16197385379067963  3.84217219255313314 -35.99999999999998579 -7.17865738036121748  3.73972170956658090 -35.99999999999998579 -7.19003977500823765  3.48696972539123529 -35.99999999999998579 -7.20484503812457078  3.33685093336546679 -35.99999999999998579 -7.20221251752231062  3.18829208013361409 -35.99999999999998579 -7.18818097799051081  3.04362488229192207 -35.99999999999998579 -7.16205074680923381  2.90641906558063923 -35.99999999999998579 -7.12301111867965098  2.78132187921677643 -35.99999999999998579 -7.07041557193715420  2.61206488907272893 -35.99999999999998579 -6.96509131192477149  2.55575651676657989 -35.99999999999998579 -6.92124098527388032  2.50766032545364359 -35.99999999999998579 -6.87284129811477307  2.46961700359261060 -35.99999999999998579 -6.82037944972920940  2.44339650360933280 -35.99999999999998579 -6.76474946648453379  2.43029393205166455 -35.99999999999998579 -6.70736587212553204  2.43029392774851694 -35.99999999999998579 -6.65000002197995688 
 0.00000000000000000 8 0.14507430060924537 6 0.22247967163776144 6 0.45681650525768491 6 0.79828589489041146 6 1.00000000000000000 8
7 0 0  7 32 6  2.43029392774851694 -35.99999999999998579 -6.65000002197995688  2.43029392341937545 -35.99999999999998579 -6.59228764202874018  2.44355526181089155 -35.99999999999998579 -6.53455823837361471  2.47009280505472040 -35.99999999999998579 -6.47861539027806010  2.50857914236208801 -35.99999999999998579 -6.42589622579606079  2.55720737894576189 -35.99999999999998579 -6.37730383585111227  2.61410376061271466 -35.99999999999998579 -6.33332632547074770  2.78374405172967121 -35.99999999999998579 -6.22861970892083772  2.90826102549760801 -35.99999999999998579 -6.17654837120815170  3.04468804007621019 -35.99999999999998579 -6.13786158027086692  3.18847183435953552 -35.99999999999998579 -6.11192329865576767  3.33611222998304680 -35.99999999999998579 -6.09793923358537615  3.48531256969712722 -35.99999999999998579 -6.09522496427625882  3.73721074472010351 -35.99999999999998579 -6.10970015221491103  3.83971557037914923 -35.99999999999998579 -6.12097489314868071  3.94115590000443117 -35.99999999999998579 -6.13755390372353116  4.04070469310810587 -35.99999999999998579 -6.15949483649404250  4.13726110184370377 -35.99999999999998579 -6.18692015419307229  4.22943589825422350 -35.99999999999998579 -6.21999249053494196  4.34359949273631418 -35.99999999999998579 -6.27187973196943993  4.37124767159893945 -35.99999999999998579 -6.28540901587377032  4.39811431929001362 -35.99999999999998579 -6.29958754974988366  4.42411153962012005 -35.99999999999998579 -6.31442053976765916  4.44913964837289111 -35.99999999999998579 -6.32991015295101533  4.47308801951348567 -35.99999999999998579 -6.34605430670091852  4.53864680110663787 -35.99999999999998579 -6.39444588862808416  4.57724864349859040 -35.99999999999998579 -6.42836935112416707  4.61077233992164626 -35.99999999999998579 -6.46453525212197722  4.63821516724452287 -35.99999999999998579 -6.50275091617933576  4.65853969665139722 -35.99999999999998579 -6.54265107722291006  4.67092314979518175 -35.99999999999998579 -6.58366339544918233  4.67515721230867154 -35.99999999999998579 -6.62500000000000000 
 0.00000000000000000 8 0.20293086140903913 6 0.54234837031562622 6 0.77676418811389625 6 0.85422365966970626 6 1.00000000000000000 8
1 2.92333900876887043 -35.99999999999998579 -6.62500000000000000 1.00000000000000000 -0.00000000000000005 0.00000000000000000 
7 0 0  8 58 9  4.90539676699107918 -35.99999999999998579 -6.62500000000000000  4.90801384752254766 -35.99999999999998579 -6.60002161804959009  4.91361433382858248 -35.99999999999998579 -6.57515712009497300  4.92216093790058995 -35.99999999999998579 -6.55057252038780469  4.93355144314347971 -35.99999999999998579 -6.52641325040158193  4.94763793349302716 -35.99999999999998579 -6.50280227580757408  4.96424302035861764 -35.99999999999998579 -6.47983961708638212  4.98317306739137944 -35.99999999999998579 -6.45760327377512677  5.02008651902240821 -35.99999999999998579 -6.41999491089114649  5.03715372998756195 -35.99999999999998579 -6.40427988385791203  5.05534934201696462 -35.99999999999998579 -6.38902752825938247  5.07459364904150068 -35.99999999999998579 -6.37425258153999774  5.09480943827278221 -35.99999999999998579 -6.35996427207439652  5.11592348559679966 -35.99999999999998579 -6.34616712966199970  5.13786805096758314 -35.99999999999998579 -6.33286179602158761  5.25938471426683485 -35.99999999999998579 -6.26429920681263219  5.37231354970869202 -35.99999999999998579 -6.21805673007111714  5.49483790851715614 -35.99999999999998579 -6.18057261504199573  5.62398012668404501 -35.99999999999998579 -6.15118213916588008  5.75744016878186926 -35.99999999999998579 -6.12912901778072428  5.89376470746133307 -35.99999999999998579 -6.11375477661458433  6.03211589669357018 -35.99999999999998579 -6.10451542227656052  6.22704786517289222 -35.99999999999998579 -6.09980431139802537  6.28203471477491959 -35.99999999999998579 -6.09937633861711603  6.33717247030819486 -35.99999999999998579 -6.09982424687116875  6.39241496657707842 -35.99999999999998579 -6.10113088246981672  6.44771791787691573 -35.99999999999998579 -6.10328228680549412  6.50303817281984031 -35.99999999999998579 -6.10626780439640449  6.55833296916058828 -35.99999999999998579 -6.11008019092949084  6.68256761216615480 -35.99999999999998579 -6.12050809033592280  6.75146230865974317 -35.99999999999998579 -6.12758529034691080  6.82016375925211715 -35.99999999999998579 -6.13594011289729391  6.88858257417152853 -35.99999999999998579 -6.14557496218932897  6.95661820300477984 -35.99999999999998579 -6.15650110481490032  7.02415511975974294 -35.99999999999998579 -6.16874013173760805  7.09105648271104450 -35.99999999999998579 -6.18232763250863471  7.21721890275815348 -35.99999999999998579 -6.21094173599564314  7.27658975916340367 -35.99999999999998579 -6.22571716431655808  7.33516939507014776 -35.99999999999998579 -6.24169003839631298  7.39280403676133435 -35.99999999999998579 -6.25891690394900202  7.44928569965828924 -35.99999999999998579 -6.27746316035640461  7.50434202056998423 -35.99999999999998579 -6.29740594628159300  7.55761480251062512 -35.99999999999998579 -6.31884293122537777  7.64063420624433309 -35.99999999999998579 -6.35637819142106331  7.67173102306485077 -35.99999999999998579 -6.37148085885293902  7.70180735988871490 -35.99999999999998579 -6.38724966265310634  7.73071238270736227 -35.99999999999998579 -6.40371582057380984  7.75825327036815615 -35.99999999999998579 -6.42090598162161807  7.78419597316034828 -35.99999999999998579 -6.43884031406193014  7.80826824578094936 -35.99999999999998579 -6.45752982059403635  7.84910412999826690 -35.99999999999998579 -6.49378981541002975  7.86641736814218895 -35.99999999999998579 -6.51117185683798461  7.88189051484227932 -35.99999999999998579 -6.52910339157406661  7.89529075901282429 -35.99999999999998579 -6.54755102354468832  7.90638084535180319 -35.99999999999998579 -6.56645975162232798  7.91494238147197127 -35.99999999999998579 -6.58574921312119343  7.92080823956354951 -35.99999999999998579 -6.60530999317545131  7.92390405258850716 -35.99999999999998579 -6.62500000000000000 
 0.00000000000000000 9 0.09036531525617601 7 0.15842512127445973 7 0.45447040405171413 7 0.57020410765326801 7 0.71482020693141302 7 0.84623212691160277 7 0.92868437251984837 7 1.00000000000000000 9
1 3.15298583119305498 -35.99999999999998579 -6.62500000000000000 1.00000000000000000 -0.00000000000000005 0.00000000000000000 
7 0 0  8 44 7  8.28522823348899529 -35.99999999999998579 -6.62499999999999911  8.28790336352995816 -35.99999999999998579 -6.60910508169089006  8.29251242580192383 -35.99999999999998579 -6.59330244043292524  8.29901605958605870 -35.99999999999998579 -6.57767551115973248  8.30733455702092627 -35.99999999999998579 -6.56229353938548421  8.31736168080217020 -35.99999999999998579 -6.54721233822083803  8.32897601968943135 -35.99999999999998579 -6.53247524601936114  8.34204988182053953 -35.99999999999998579 -6.51811428465438425  8.36911171592028680 -35.99999999999998579 -6.49188478620139087  8.38279818302003576 -35.99999999999998579 -6.47992320108358832  8.39743334789053364 -35.99999999999998579 -6.46827750392588818  8.41293819516536168 -35.99999999999998579 -6.45695344776294089  8.42923800953251146 -35.99999999999998579 -6.44595249031758044  8.44626391191359893 -35.99999999999998579 -6.43527248650732098  8.46395439564304475 -35.99999999999998579 -6.42490838095085159  8.51274926445548807 -35.99999999999998579 -6.39810019981470646  8.54492766544055016 -35.99999999999998579 -6.38221059084457387  8.57855204689245987 -35.99999999999998579 -6.36714569623210735  8.61341749537530355 -35.99999999999998579 -6.35286567524119761  8.64935271084386770 -35.99999999999998579 -6.33932966104565487  8.68621851476023821 -35.99999999999998579 -6.32649619804320373  8.72390635821040661 -35.99999999999998579 -6.31432367916948145  8.88522498232239144 -35.99999999999998579 -6.26582837862893527  9.01534749294388682 -35.99999999999998579 -6.23532972820324005  9.15020561338329408 -35.99999999999998579 -6.20982740482163820  9.28844797902380215 -35.99999999999998579 -6.18858520526488753  9.42901744060979929 -35.99999999999998579 -6.17088386902141650  9.57137661683723628 -35.99999999999998579 -6.15621468800109195  9.71527661844596757 -35.99999999999998579 -6.14411323645495067  10.04480702500060296 -35.99999999999998579 -6.12169280698888407  10.23084857253559399 -35.99999999999998579 -6.11272473520173065  10.41852428306777334 -35.99999999999998579 -6.10655745232485536  10.60752767662549800 -35.99999999999998579 -6.10262652732409894  10.79763422585211252 -35.99999999999998579 -6.10044874595235154  10.98868661923961909 -35.99999999999998579 -6.09959487787052090  11.18059325769764456 -35.99999999999998579 -6.09969271305790173  11.57463586107463271 -35.99999999999998579 -6.10117111066649720  11.77678853050972663 -35.99999999999998579 -6.10260826286926772  11.97965101518152231 -35.99999999999998579 -6.10435749752095980  12.18309934844302589 -35.99999999999998579 -6.10610202706383021  12.38700369233523979 -35.99999999999998579 -6.10758935281624282  12.59122496355882248 -35.99999999999998579 -6.10864195104469765  12.79561210459845810 -35.99999999999998579 -6.10916730868040592  12.99999999999999822 -35.99999999999998579 -6.10916730868040592 
 0.00000000000000000 9 0.04971053524385973 7 0.09338281440656168 7 0.16614200494629061 7 0.39880223697460804 7 0.69284138996559397 7 1.00000000000000000 9
1 12.99999999999999645 -35.99999999999998579 -6.10916730868040414 1.00000000000000000 0.00000000000000000 0.00000000000000000 
2 19.50000000000000000 -35.99999999999998579 -6.19999999999999751 -0.00000000000000005 -1.00000000000000000 0.00000000000000030 1.00000000000000000 -0.00000000000000005 0.00000000000000018 -0.00000000000000018 0.00000000000000030 1.00000000000000000 0.50000000000000000
1 19.50000000000000000 -35.99999999999998579 -5.69999999999999840 -1.00000000000000000 0.00000000000000008 0.00000000000000000 
2 -19.50000000000000711 -35.99999999999998579 -6.19999999999999840 -0.00000000000000005 -1.00000000000000000 0.00000000000000030 0.00000000000000000 0.00000000000000030 1.00000000000000000 -1.00000000000000000 0.00000000000000005 -0.00000000000000000 0.50000000000000000
1 -19.50000000000000711 -35.99999999999998579 -7.59999999999999876 1.00000000000000000 -0.00000000000000008 0.00000000000000000 
2 19.50000000000000000 -35.99999999999998579 -7.09999999999999787 -0.00000000000000005 -1.00000000000000000 0.00000000000000030 0.00000000000000000 -0.00000000000000030 -1.00000000000000000 1.00000000000000000 -0.00000000000000005 0.00000000000000000 0.50000000000000000
1 19.50000000000000000 -34.99999999999998579 -8.59999999999999787 0.00000000000000006 0.70710678118654746 -0.70710678118654768 
1 -20.10000000000000142 33.00000000000000000 -9.59999999999999964 0.00000000000000000 0.00000000000000000 1.00000000000000000 
8 3.14159265358979312 4.51103007828892011
3 -19.59999699537468132 33.00000000000000000 -6.20000000000000107 -0.00000000000000000 1.00000000000000000 0.00000000000000000 1.00000000000000000 0.00000000000000000 0.00000000000000000 0.00000000000000000 0.00000000000000000 -1.00000000000000000 2.50000300462532010 2.50000000000000000
8 0.77214328149190981 1.00000000000000000
7 0 0  7 14 3  -21.32294279384712965 34.46438911827533502 -4.38636189138243715  -21.20993844222393321 34.27515352337938737 -4.27942847530631987  -21.08643694718355377 34.08651108285477704 -4.17806212788183107  -20.95164209396103416 33.89857651136664884 -4.08287357374822157  -20.80471788634650210 33.71176614845884245 -3.99499922567454213  -20.64483468440162994 33.52680362888101939 -3.91611312545029300  -20.47125553950993648 33.34468397589128585 -3.84841747140421031  -20.19483813797687688 33.08288207663856895 -3.77003434503735768  -20.10332238732813792 33.00011887201115712 -3.74816404197732567  -20.00861882003911418 32.91843934777249103 -3.72981539009297958  -19.91073818314714572 32.83804525557565768 -3.71537533719547763  -19.80976516127677556 32.75918812154827719 -3.70528083287690091  -19.70588024874743738 32.68215784598034190 -3.70000000000000639  -19.59938810838020729 32.60726788848928237 -3.70000000000000107 
 0.00000000000000000 8 0.68028156454864253 6 1.00000000000000000 8
2 -16.09999999999994102 37.58333333333328596 -9.59999999999999964 0.00000000000000000 0.00000000000000000 1.00000000000000000 1.00000000000000000 0.00000000000000000 -0.00000000000000000 -0.00000000000000000 1.00000000000000000 0.00000000000000000 6.08333333333333659
2 -16.09999999999994102 37.58333333333328596 -9.59999999999999964 0.00000000000000000 0.00000000000000000 1.00000000000000000 1.00000000000000000 0.00000000000000000 -0.00000000000000000 -0.00000000000000000 1.00000000000000000 0.00000000000000000 6.08333333333333659
1 -16.09999999999994458 31.49999999999995026 -9.59999999999999964 0.00000000000000000 0.00000000000000000 1.00000000000000000 
1 19.50000300462171410 -31.49612403566608876 -9.60000000000000142 0.00155038573356795 0.99999879815131643 0.00000000000000000 
2 16.10000000000000142 37.58333333333328596 -9.59999999999999964 0.00000000000000000 0.00000000000000000 1.00000000000000000 1.00000000000000000 0.00000000000000000 -0.00000000000000000 -0.00000000000000000 1.00000000000000000 0.00000000000000000 6.08333333333333570
1 16.10000000000000142 31.49999999999995026 -9.59999999999999964 -1.00000000000000000 0.00000000000000000 0.00000000000000000 
2 19.50000000000000000 -33.99999999999998579 -7.09999999999999876 -0.00000000000000005 -1.00000000000000000 0.00000000000000030 0.00000000000000000 -0.00000000000000030 -1.00000000000000000 1.00000000000000000 -0.00000000000000005 0.00000000000000000 2.50000000000000000
8 0.00000000000000000 1.57079632679489523
3 19.49999699537468345 -31.50000000000000355 -7.10000000000000142 0.00000000000000008 1.00000000000000000 0.00000000000000000 1.00000000000000000 -0.00000000000000008 0.00000000000000000 0.00000000000000000 0.00000000000000000 -1.00000000000000000 2.50000300462532010 2.50000000000000000
1 22.00000000000000000 -31.50000000000000355 -7.09999999999999964 -0.00000000000000008 -1.00000000000000000 0.00000000000000022 
8 0.00000000000000000 1.36943742469912699
3 19.59999699537468487 32.99999999999993605 -7.10000000000000142 -0.00000000000002487 1.00000000000000000 0.00000000000000000 1.00000000000000000 0.00000000000002487 0.00000000000000000 0.00000000000000000 0.00000000000000000 -1.00000000000000000 2.50000300462532010 2.50000000000000000
1 22.00000000000000711 -31.50000000000000711 -7.10000000000000142 0.00155038573356795 0.99999879815131643 0.00000000000000000 
8 0.77214328149179334 1.00000000000000000
7 0 0  7 14 3  21.32294279384702662 34.46438911827488027 -8.91363810861755823  21.20993844222381597 34.27515352337895393 -9.02057152469368262  21.08643694718363193 34.08651108285467046 -9.12193787211801599  20.95164209396083876 33.89857651136603067 -9.21712642625179512  20.80471788634677921 33.71176614845910535 -9.30500077432526140  20.64483468440158731 33.52680362888069254 -9.38388687454961890  20.47125553951017807 33.34468397589132138 -9.45158252859565629  20.19483813797706873 33.08288207663854763 -9.52996565496255599  20.10332238732831911 33.00011887201110738 -9.55183595802260932  20.00861882003922787 32.91843934777239866 -9.57018460990698827  19.91073818314717414 32.83804525557549425 -9.58462466280450620  19.80976516127674003 32.75918812154805693 -9.59471916712308293  19.70588024874735211 32.68215784598010742 -9.60000000000000497  19.59938810838002965 32.60726788848899815 -9.60000000000000142 
 0.00000000000000000 8 0.68028156454842281 6 1.00000000000000000 8
1 19.50000000000000000 -31.50000000000000355 -3.69999999999999929 -0.00000000000000008 -1.00000000000000000 0.00000000000000022 
1 19.50000000000000000 -33.99999999999998579 -3.69999999999999929 -1.00000000000000000 0.00000000000000008 0.00000000000000000 
8 0.00000000000000000 1.57079632679489478
3 19.49999699537468345 -31.50000000000000355 -6.20000000000000107 -0.00000000000000008 -1.00000000000000000 0.00000000000000000 1.00000000000000000 -0.00000000000000008 0.00000000000000000 0.00000000000000000 0.00000000000000000 1.00000000000000000 2.50000300462532010 2.50000000000000000
1 -22.00000000000000000 -31.50000000000000355 -9.59999999999999964 1.00000000000000000 -0.00000000000000008 0.00000000000000000 
8 3.14159265358979312 4.71238898038468967
3 -19.49999699537467990 -31.50000000000000000 -6.20000000000000107 0.00000000000000008 1.00000000000000000 0.00000000000000000 1.00000000000000000 -0.00000000000000008 0.00000000000000000 0.00000000000000000 0.00000000000000000 -1.00000000000000000 2.50000300462532010 2.50000000000000000
1 -19.50000000000000711 -34.99999999999998579 -4.69999999999999840 0.00000000000000006 0.70710678118654768 0.70710678118654735 
1 -19.60000300462171197 33.00387596433392190 -3.70000000000000107 0.00155038573356795 -0.99999879815131643 0.00000000000000000 
2 12.99999999999999645 -36.10000000000000853 -6.65000000000000036 -1.00000000000000000 0.00000000000000018 0.00000000000000000 -0.00000000000000018 -1.00000000000000000 -0.00000000000000000 0.00000000000000000 -0.00000000000000000 1.00000000000000000 0.55000000000000004
7 0 0  6 7 2  19.99168020316837158 -35.99999999999998579 -6.10916730868068569  20.03118581972781698 -35.96241424417314647 -6.11611691739149776  20.07035888876576735 -35.92525867614258317 -6.12622857815143185  20.10889914385353450 -35.88861061808814412 -6.13953666552754562  20.14641620618342444 -35.85263837481003435 -6.15615845166411901  20.18242145683083422 -35.81757854316914802 -6.17624334748616199  20.21622776601700977 -35.78377223398297247 -6.19999999999999751 
 0.00000000000000000 7 1.00000000000000000 7
3 19.89999999999997726 -36.10000000000000142 -6.65000000000000036 0.70710678118654757 -0.70710678118654746 0.00000000000000001 0.70710678118654746 0.70710678118654757 -0.00000000000000001 -0.00000000000000000 0.00000000000000001 1.00000000000000000 0.77781745930520230 0.55000000000000004
7 0 0  6 7 2  20.21622776601729754 -35.78377223398303641 -7.09999999999990905  20.18242145677547228 -35.81757854322486168 -7.12375665255285107  20.14641620610523276 -35.85263837488371053 -7.14384154837330776  20.10889914378103072 -35.88861061815872944 -7.16046333449925854  20.07035888870683848 -35.92525867619782787 -7.17377142186473815  20.03118581969207668 -35.96241424420715305 -7.18388308261478681  19.99168020316837158 -35.99999999999998579 -7.19083269131931146 
 0.00000000000000000 7 1.00000000000000000 7
2 12.99999999999999645 -36.10000000000000853 -6.65000000000000036 -1.00000000000000000 0.00000000000000018 0.00000000000000000 -0.00000000000000018 -1.00000000000000000 -0.00000000000000000 0.00000000000000000 -0.00000000000000000 1.00000000000000000 0.55000000000000004
1 12.99999999999999645 -36.64943152439590079 -6.67499999999999893 1.00000000000000000 0.00000000000000000 0.00000000000000000 
2 22.20000000000000995 -36.10000000000000142 -6.65000000000000036 -1.00000000000000000 0.00000000000000018 -0.00000000000000022 -0.00000000000000018 -1.00000000000000000 0.00000000000000000 -0.00000000000000022 0.00000000000000000 1.00000000000000000 0.55000000000000004
1 12.99999999999999645 -36.64943152439590079 -6.62500000000000000 1.00000000000000000 -0.00000000000000018 -0.00000000000000000 
2 13.00000000000000000 -19.21046123708372377 -6.67499999999999893 0.00000000000000000 0.00000000000000000 1.00000000000000000 1.00000000000000000 0.00000000000000000 -0.00000000000000000 -0.00000000000000000 1.00000000000000000 0.00000000000000000 17.43897028731218057
2 13.00000000000000000 -19.21046123708372377 -6.67499999999999893 0.00000000000000000 0.00000000000000000 1.00000000000000000 1.00000000000000000 0.00000000000000000 -0.00000000000000000 -0.00000000000000000 1.00000000000000000 0.00000000000000000 17.54010723852038112
1 12.99999999999999645 -36.75056847560410489 -6.67499999999999893 -0.00000000000000022 -1.00000000000000000 -0.00000000000000000 
2 13.00000000000000000 -19.21046123708372377 -6.67499999999999893 0.00000000000000000 0.00000000000000000 1.00000000000000000 1.00000000000000000 0.00000000000000000 -0.00000000000000000 -0.00000000000000000 1.00000000000000000 0.00000000000000000 18.63897028731217986
2 12.99999999999999645 -37.30000000000000426 -6.64999999999999947 -1.00000000000000000 0.00000000000000018 0.00000000000000000 -0.00000000000000018 -1.00000000000000000 -0.00000000000000000 0.00000000000000000 -0.00000000000000000 1.00000000000000000 0.55000000000000004
2 13.00000000000000000 -19.21046123708372377 -6.67499999999999893 0.00000000000000000 0.00000000000000000 1.00000000000000000 1.00000000000000000 0.00000000000000000 -0.00000000000000000 -0.00000000000000000 1.00000000000000000 0.00000000000000000 18.74010723852038396
1 12.99999999999999645 -37.95056847560410773 -6.67499999999999893 -0.00000000000000022 -1.00000000000000000 -0.00000000000000154 
2 13.00000000000000000 -19.21046123708372377 -6.62500000000000000 0.00000000000000000 0.00000000000000000 1.00000000000000000 1.00000000000000000 0.00000000000000000 -0.00000000000000000 -0.00000000000000000 1.00000000000000000 0.00000000000000000 18.74010723852038041
2 12.99999999999999645 -38.50000000000000000 -6.65000000000000036 -1.00000000000000000 0.00000000000000018 0.00000000000000000 -0.00000000000000018 -1.00000000000000000 -0.00000000000000000 0.00000000000000000 -0.00000000000000000 1.00000000000000000 0.55000000000000004
2 13.00000000000000000 -19.21046123708372377 -6.62500000000000000 0.00000000000000000 0.00000000000000000 1.00000000000000000 1.00000000000000000 0.00000000000000000 -0.00000000000000000 -0.00000000000000000 1.00000000000000000 0.00000000000000000 18.63897028731217986
1 12.99999999999999645 -37.84943152439590364 -6.62500000000000000 0.00000000000000022 1.00000000000000000 0.00000000000000086 
2 13.00000000000000000 -19.21046123708372377 -6.62500000000000000 0.00000000000000000 0.00000000000000000 1.00000000000000000 1.00000000000000000 0.00000000000000000 -0.00000000000000000 -0.00000000000000000 1.00000000000000000 0.00000000000000000 17.54010723852038112
2 12.99999999999999645 -37.30000000000000426 -6.64999999999999947 -1.00000000000000000 0.00000000000000018 0.00000000000000000 -0.00000000000000018 -1.00000000000000000 -0.00000000000000000 0.00000000000000000 -0.00000000000000000 1.00000000000000000 0.55000000000000004
2 13.00000000000000000 -19.21046123708372377 -6.62500000000000000 0.00000000000000000 0.00000000000000000 1.00000000000000000 1.00000000000000000 0.00000000000000000 -0.00000000000000000 -0.00000000000000000 1.00000000000000000 0.00000000000000000 17.43897028731217702
1 12.99999999999999645 -36.64943152439590079 -6.62500000000000000 0.00000000000000022 1.00000000000000000 0.00000000000000000 
1 21.00000000000000000 -34.99999999999998579 -6.19999999999999840 0.70710678118654746 0.70710678118654757 -0.00000000000000016 
2 19.50000000000000000 -33.99999999999998579 -6.19999999999999840 -0.00000000000000005 -1.00000000000000000 0.00000000000000030 1.00000000000000000 -0.00000000000000005 0.00000000000000018 -0.00000000000000018 0.00000000000000030 1.00000000000000000 2.50000000000000000
1 19.50000000000000000 -33.99999999999998579 -3.69999999999999840 -0.00000000000000020 0.70710678118654768 0.70710678118654735 
1 21.00000000000000000 -34.99999999999998579 -7.09999999999999964 0.70710678118654746 0.70710678118654757 -0.00000000000000016 
1 19.50000300462171410 -31.49612403566608876 -3.70000000000000107 0.00155038573356795 0.99999879815131643 0.00000000000000000 
2 16.10000000000000142 37.58333333333328596 -9.59999999999999964 0.00000000000000000 0.00000000000000000 1.00000000000000000 1.00000000000000000 0.00000000000000000 -0.00000000000000000 -0.00000000000000000 1.00000000000000000 0.00000000000000000 6.08333333333333570
1 16.10000000000000142 31.49999999999995026 -9.59999999999999964 -1.00000000000000000 0.00000000000000000 0.00000000000000000 
1 16.10000000000000142 31.49999999999995026 -9.59999999999999964 0.00000000000000000 0.00000000000000000 1.00000000000000000 
1 20.10000000000000142 32.99999999999995026 -9.59999999999999964 0.00000000000000000 0.00000000000000000 1.00000000000000000 
8 0.77214328149179179 1.00000000000000000
7 0 0  7 14 3  21.32294279384701241 34.46438911827485896 -4.38636189138243271  21.20993844222379465 34.27515352337891841 -4.27942847530630299  21.08643694718372075 34.08651108285474862 -4.17806212788204778  20.95164209396062205 33.89857651136589567 -4.08287357374807414  20.80471788634697106 33.71176614845914798 -3.99499922567483789  20.64483468440151270 33.52680362888069965 -3.91611312545035339  20.47125553951017807 33.34468397589131428 -3.84841747140434620  20.19483813797706873 33.08288207663854763 -3.77003434503744739  20.10332238732831200 33.00011887201110738 -3.74816404197739494  20.00861882003923498 32.91843934777239866 -3.72981539009300977  19.91073818314717769 32.83804525557549425 -3.71537533719549451  19.80976516127673648 32.75918812154805693 -3.70528083287692045  19.70588024874735211 32.68215784598010742 -3.69999999999999840  19.59938810838002965 32.60726788848899815 -3.70000000000000107 
 0.00000000000000000 8 0.68028156454841882 6 1.00000000000000000 8
1 22.00000000000000000 -33.99999999999998579 -7.09999999999999876 0.00000000000000000 0.00000000000000022 1.00000000000000000 
1 22.00000000000000000 -31.50000000000000711 -9.59999999999999964 0.00000000000000000 0.00000000000000000 1.00000000000000000 
1 22.00000000000000000 -31.50000000000000355 -6.19999999999999929 -0.00000000000000008 -1.00000000000000000 0.00000000000000022 
1 22.10000000000000142 33.00000000000000000 -9.59999999999999964 0.00000000000000000 0.00000000000000000 1.00000000000000000 
8 0.00000000000000000 1.36943742469912788
3 19.59999699537468487 32.99999999999993605 -6.20000000000000107 0.00000000000002487 -1.00000000000000000 0.00000000000000000 1.00000000000000000 0.00000000000002487 0.00000000000000000 -0.00000000000000000 0.00000000000000000 1.00000000000000000 2.50000300462532010 2.50000000000000000
1 22.00000000000000711 -31.50000000000000711 -6.20000000000000107 0.00155038573356795 0.99999879815131643 0.00000000000000000 
8 0.00000000000000000 1.57079632679489478
3 19.49999699537468345 -31.50000000000000355 -6.20000000000000107 -0.00000000000000008 -1.00000000000000000 0.00000000000000000 1.00000000000000000 -0.00000000000000008 0.00000000000000000 0.00000000000000000 0.00000000000000000 1.00000000000000000 2.50000300462532010 2.50000000000000000
1 12.99999999999999645 -36.75056847560410489 -6.67499999999999893 1.00000000000000000 -0.00000000000000018 -0.00000000000000000 
1 22.20000000000000995 -36.75056847560410489 -6.67499999999999893 0.00000000000000018 1.00000000000000000 0.00000000000000000 
2 22.20000000000000995 -37.30000000000000426 -6.64999999999999947 1.00000000000000000 0.00000000000000000 0.00000000000000000 0.00000000000000000 -1.00000000000000000 -0.00000000000000000 0.00000000000000000 0.00000000000000000 -1.00000000000000000 0.55000000000000004
1 22.20000000000000995 -36.64943152439590079 -6.62500000000000000 -0.00000000000000018 -1.00000000000000000 -0.00000000000000000 
2 22.20000000000000995 -37.30000000000000426 -6.64999999999999947 -1.00000000000000000 0.00000000000000018 -0.00000000000000022 -0.00000000000000018 -1.00000000000000000 0.00000000000000000 -0.00000000000000022 0.00000000000000000 1.00000000000000000 0.55000000000000004
1 22.20000000000000995 -37.95056847560410773 -6.67499999999999893 0.00000000000000018 1.00000000000000000 0.00000000000000154 
2 22.20000000000000995 -38.50000000000000711 -6.65000000000000036 -1.00000000000000000 0.00000000000000018 -0.00000000000000022 -0.00000000000000018 -1.00000000000000000 0.00000000000000000 -0.00000000000000022 0.00000000000000000 1.00000000000000000 0.55000000000000004
1 22.20000000000000995 -37.84943152439590364 -6.62500000000000000 -0.00000000000000018 -1.00000000000000000 -0.00000000000000086 
1 12.99999999999999645 -36.75056847560410489 -6.62500000000000000 1.00000000000000000 0.00000000000000000 0.00000000000000000 
1 12.99999999999999645 -37.84943152439590364 -6.67499999999999893 1.00000000000000000 0.00000000000000000 0.00000000000000000 
1 12.99999999999999645 -37.95056847560410773 -6.67499999999999893 1.00000000000000000 -0.00000000000000018 -0.00000000000000000 
1 12.99999999999999645 -37.95056847560410773 -6.62500000000000000 1.00000000000000000 0.00000000000000000 0.00000000000000000 
1 12.99999999999999645 -37.84943152439590364 -6.62500000000000000 1.00000000000000000 0.00000000000000000 0.00000000000000000 
Polygon3D 0
PolygonOnTriangulations 0
Surfaces 48
2 -19.50000000000000711 -31.50000000000000000 -7.09999999999999964 0.00000000000000008 1.00000000000000000 -0.00000000000000022 1.00000000000000000 -0.00000000000000008 0.00000000000000000 0.00000000000000000 0.00000000000000022 1.00000000000000000 2.50000000000000000
1 -22.00000000000000711 -31.50000000000000000 -6.19999999999999929 1.00000000000000000 -0.00000000000000008 0.00000000000000000 -0.00000000000000000 -0.00000000000000022 -1.00000000000000000 0.00000000000000008 1.00000000000000000 -0.00000000000000022 
3 -19.50000000000000711 -33.99999999999998579 -7.09999999999999876 0.00000000000000005 1.00000000000000000 -0.00000000000000030 -1.00000000000000000 0.00000000000000005 0.00000000000000036 -0.00000000000000036 -0.00000000000000030 -1.00000000000000000 2.50000000000000000
0.78539816339744839
2 -19.60000300462171197 33.00387596433392190 -7.10000000000000142 0.00155038573356795 -0.99999879815131643 0.00000000000000000 -0.99999879815131643 -0.00155038573356795 0.00000000000000000 0.00000000000000000 -0.00000000000000000 -1.00000000000000000 2.50000000000000000
1 -19.50000000000000711 -31.50000000000000355 -9.59999999999999964 0.00000000000000000 0.00000000000000022 1.00000000000000000 1.00000000000000000 -0.00000000000000008 0.00000000000000000 0.00000000000000008 1.00000000000000000 -0.00000000000000022 
2 -19.50000000000000711 -31.50000000000000000 -6.19999999999999929 0.00000000000000008 1.00000000000000000 -0.00000000000000022 1.00000000000000000 -0.00000000000000008 0.00000000000000000 0.00000000000000000 0.00000000000000022 1.00000000000000000 2.50000000000000000
1 -21.00000000000000711 -34.99999999999998579 -6.19999999999999751 -0.70710678118654757 -0.70710678118654757 0.00000000000000001 0.00000000000000011 -0.00000000000000012 -1.00000000000000000 -0.70710678118654757 0.70710678118654757 -0.00000000000000016 
1 -19.50000000000000711 -34.99999999999998579 -8.59999999999999964 0.00000000000000002 -0.70710678118654768 -0.70710678118654746 1.00000000000000000 -0.00000000000000003 0.00000000000000005 0.00000000000000006 0.70710678118654746 -0.70710678118654768 
1 -22.10000000000000142 33.00000000000000000 -9.59999999999999964 0.99999879815131643 0.00155038573356795 0.00000000000000000 0.00155038573356795 -0.99999879815131643 0.00000000000000000 0.00000000000000000 0.00000000000000000 -1.00000000000000000 
2 -16.09999999999994102 37.58333333333328596 -9.59999999999999964 -0.00000000000000000 -0.00000000000000000 -1.00000000000000000 1.00000000000000000 0.00000000000000000 0.00000000000000000 -0.00000000000000000 1.00000000000000000 -0.00000000000000000 6.08333333333333659
1 -0.00000000000000208 0.62436606540326400 -19.20000000000000284 0.00000000000000000 0.00000000000000000 1.00000000000000000 1.00000000000000000 0.00000000000000000 -0.00000000000000000 -0.00000000000000000 1.00000000000000000 0.00000000000000000 
2 19.50000000000000000 -31.50000000000000355 -7.09999999999999964 0.00000000000000008 1.00000000000000000 -0.00000000000000022 1.00000000000000000 -0.00000000000000008 0.00000000000000000 0.00000000000000000 0.00000000000000022 1.00000000000000000 2.50000000000000000
2 19.50000300462171410 -31.49612403566608876 -7.10000000000000142 0.00155038573356795 0.99999879815131643 0.00000000000000000 0.99999879815131643 -0.00155038573356795 0.00000000000000000 0.00000000000000000 0.00000000000000000 -1.00000000000000000 2.50000000000000000
1 19.50000000000000000 -31.50000000000000355 -3.69999999999999929 -0.00000000000000000 -0.00000000000000022 -1.00000000000000000 -1.00000000000000000 0.00000000000000008 -0.00000000000000000 0.00000000000000008 1.00000000000000000 -0.00000000000000022 
3 -19.50000000000000711 -33.99999999999998579 -6.19999999999999929 0.00000000000000005 1.00000000000000000 -0.00000000000000030 0.00000000000000000 0.00000000000000030 1.00000000000000000 -1.00000000000000000 0.00000000000000005 -0.00000000000000000 2.50000000000000000
0.78539816339744828
2 -19.60000300462171197 33.00387596433392190 -6.20000000000000107 0.00155038573356795 -0.99999879815131643 0.00000000000000000 -0.99999879815131643 -0.00155038573356795 0.00000000000000000 -0.00000000000000000 0.00000000000000000 1.00000000000000000 2.50000000000000000
1 -0.00000000000000345 -31.49999999999998934 -16.25000000000000000 0.00000000000000005 1.00000000000000000 -0.00000000000000030 0.00000000000000000 0.00000000000000030 1.00000000000000000 1.00000000000000000 -0.00000000000000005 0.00000000000000000 
10 0.04547021241699589 6.23771509476258768 0.00000000000000000 9.20000000000001350
2 12.99999999999999645 -36.10000000000000142 -6.65000000000000036 1.00000000000000000 0.00000000000000000 0.00000000000000000 0.00000000000000000 -1.00000000000000000 -0.00000000000000000 0.00000000000000000 0.00000000000000000 -1.00000000000000000 0.55000000000000004
10 3.92685817519853275 4.71238898038468967 0.04547021241699820 6.23771509476259034
5 13.00000000000000000 -19.21046123708372377 -6.65000000000000036 0.00000000000000000 0.00000000000000000 1.00000000000000000 1.00000000000000000 0.00000000000000000 -0.00000000000000000 -0.00000000000000000 1.00000000000000000 0.00000000000000000 16.88953876291628120 0.55000000000000004
10 3.92685817519853275 4.71238898038468967 3.18706286600679034 6.23771509476258945
5 13.00000000000000000 -19.21046123708372377 -6.64999999999999947 0.00000000000000000 0.00000000000000000 1.00000000000000000 1.00000000000000000 0.00000000000000000 -0.00000000000000000 -0.00000000000000000 1.00000000000000000 0.00000000000000000 18.08953876291628049 0.55000000000000004
10 3.92685817519853275 4.71238898038468967 3.18706286600678945 9.37930774835238168
5 13.00000000000000000 -19.21046123708372377 -6.65000000000000036 0.00000000000000000 0.00000000000000000 1.00000000000000000 1.00000000000000000 0.00000000000000000 -0.00000000000000000 -0.00000000000000000 1.00000000000000000 0.00000000000000000 19.28953876291627978 0.55000000000000004
10 3.92685817519853275 4.71238898038468967 0.04547021241699710 3.09612244117279589
5 13.00000000000000000 -19.21046123708372377 -6.64999999999999947 0.00000000000000000 0.00000000000000000 1.00000000000000000 1.00000000000000000 0.00000000000000000 -0.00000000000000000 -0.00000000000000000 1.00000000000000000 0.00000000000000000 18.08953876291628049 0.55000000000000004
10 3.92685817519853275 4.71238898038468967 0.04547021241699820 6.23771509476259034
5 13.00000000000000000 -19.21046123708372377 -6.65000000000000036 0.00000000000000000 0.00000000000000000 1.00000000000000000 1.00000000000000000 0.00000000000000000 -0.00000000000000000 -0.00000000000000000 1.00000000000000000 0.00000000000000000 16.88953876291628120 0.55000000000000004
3 19.50000000000000000 -33.99999999999998579 -6.19999999999999840 0.00000000000000005 1.00000000000000000 -0.00000000000000030 1.00000000000000000 -0.00000000000000005 0.00000000000000018 -0.00000000000000018 0.00000000000000030 1.00000000000000000 2.50000000000000000
0.78539816339744839
3 19.50000000000000000 -33.99999999999998579 -7.09999999999999876 0.00000000000000005 1.00000000000000000 -0.00000000000000030 0.00000000000000000 -0.00000000000000030 -1.00000000000000000 1.00000000000000000 -0.00000000000000005 0.00000000000000000 2.50000000000000000
0.78539816339744839
1 -20.10000000000000142 33.00000000000000000 -9.59999999999999964 0.00000000000000000 -1.00000000000000000 0.00000000000000000 -1.00000000000000000 0.00000000000000000 0.00000000000000000 -0.00000000000000000 -0.00000000000000000 -1.00000000000000000 
1 16.10000000000000142 31.49999999999995026 -9.59999999999999964 0.00000000000000000 -1.00000000000000000 0.00000000000000000 -1.00000000000000000 0.00000000000000000 0.00000000000000000 -0.00000000000000000 -0.00000000000000000 -1.00000000000000000 
2 16.10000000000000142 37.58333333333328596 -9.59999999999999964 -0.00000000000000000 -0.00000000000000000 -1.00000000000000000 1.00000000000000000 0.00000000000000000 0.00000000000000000 -0.00000000000000000 1.00000000000000000 -0.00000000000000000 6.08333333333333570
1 22.00000000000000000 -31.50000000000000355 -7.09999999999999964 -1.00000000000000000 0.00000000000000008 0.00000000000000000 0.00000000000000000 0.00000000000000022 1.00000000000000000 0.00000000000000008 1.00000000000000000 -0.00000000000000022 
1 22.00000000000000000 -31.50000000000000711 -9.59999999999999964 -0.99999879815131643 0.00155038573356795 0.00000000000000000 0.00155038573356795 0.99999879815131643 0.00000000000000000 0.00000000000000000 0.00000000000000000 -1.00000000000000000 
2 19.50000000000000000 -31.50000000000000355 -6.19999999999999929 0.00000000000000008 1.00000000000000000 -0.00000000000000022 1.00000000000000000 -0.00000000000000008 0.00000000000000000 0.00000000000000000 0.00000000000000022 1.00000000000000000 2.50000000000000000
2 19.50000300462171410 -31.49612403566608876 -6.20000000000000107 0.00155038573356795 0.99999879815131643 0.00000000000000000 0.99999879815131643 -0.00155038573356795 0.00000000000000000 -0.00000000000000000 -0.00000000000000000 1.00000000000000000 2.50000000000000000
1 19.50000000000000000 -34.99999999999998579 -4.69999999999999929 -0.00000000000000002 -0.70710678118654735 0.70710678118654768 -1.00000000000000000 0.00000000000000005 0.00000000000000003 0.00000000000000006 0.70710678118654768 0.70710678118654735 
1 -0.00000000000000208 0.62436606540326400 -19.20000000000000284 0.00000000000000000 0.00000000000000000 1.00000000000000000 1.00000000000000000 0.00000000000000000 -0.00000000000000000 -0.00000000000000000 1.00000000000000000 0.00000000000000000 
1 6.30597166238611351 -35.36824421479367686 -6.67499999999999893 0.00000000000000000 0.00000000000000000 -1.00000000000000000 0.92385415057199216 -0.38274470404030803 0.00000000000000000 -0.38274470404030803 -0.92385415057199216 -0.00000000000000000 
1 12.99999999999999645 -36.75056847560410489 -6.67499999999999893 0.00000000000000000 -0.00000000000000000 1.00000000000000000 -0.00000000000000018 -1.00000000000000000 0.00000000000000000 1.00000000000000000 -0.00000000000000018 -0.00000000000000000 
10 0.04547021241699678 3.09612244117279589 0.00000000000000000 9.20000000000001350
2 12.99999999999999645 -37.30000000000000426 -6.64999999999999947 1.00000000000000000 0.00000000000000000 0.00000000000000000 0.00000000000000000 -1.00000000000000000 -0.00000000000000000 0.00000000000000000 0.00000000000000000 -1.00000000000000000 0.55000000000000004
1 5.84667801753774441 -36.47686919548006301 -6.67499999999999893 0.00000000000000000 0.00000000000000000 -1.00000000000000000 0.92385415057199216 -0.38274470404030803 0.00000000000000000 -0.38274470404030803 -0.92385415057199216 -0.00000000000000000 
1 12.99999999999999645 -37.95056847560410773 -6.67499999999999893 0.00000000000000000 -0.00000000000000154 1.00000000000000000 -0.00000000000000018 -1.00000000000000000 -0.00000000000000154 1.00000000000000000 -0.00000000000000018 -0.00000000000000000 
10 3.18706286600679078 9.37930774835238346 0.00000000000000000 9.20000000000001350
2 12.99999999999999645 -38.50000000000000711 -6.65000000000000036 1.00000000000000000 0.00000000000000000 0.00000000000000000 0.00000000000000000 -1.00000000000000000 -0.00000000000000000 0.00000000000000000 0.00000000000000000 -1.00000000000000000 0.55000000000000004
1 5.84667801753774441 -36.47686919548006301 -6.62500000000000000 0.00000000000000000 0.00000000000000000 1.00000000000000000 0.92385415057199216 -0.38274470404030803 0.00000000000000000 0.38274470404030803 0.92385415057199216 -0.00000000000000000 
1 12.99999999999999645 -37.84943152439590364 -6.62500000000000000 0.00000000000000000 0.00000000000000086 -1.00000000000000000 0.00000000000000018 1.00000000000000000 0.00000000000000086 1.00000000000000000 -0.00000000000000018 -0.00000000000000000 
10 3.18706286600679034 6.23771509476258945 0.00000000000000000 9.20000000000001350
2 12.99999999999999645 -37.30000000000000426 -6.64999999999999947 1.00000000000000000 0.00000000000000000 0.00000000000000000 0.00000000000000000 -1.00000000000000000 -0.00000000000000000 0.00000000000000000 0.00000000000000000 -1.00000000000000000 0.55000000000000004
1 6.30597166238611351 -35.36824421479367686 -6.62500000000000000 0.00000000000000000 0.00000000000000000 1.00000000000000000 0.92385415057199216 -0.38274470404030803 0.00000000000000000 0.38274470404030803 0.92385415057199216 -0.00000000000000000 
1 12.99999999999999645 -36.64943152439590079 -6.62500000000000000 0.00000000000000000 0.00000000000000000 -1.00000000000000000 0.00000000000000018 1.00000000000000000 0.00000000000000000 1.00000000000000000 -0.00000000000000018 0.00000000000000000 
1 21.00000000000000000 -34.99999999999998579 -7.09999999999999876 0.70710678118654757 -0.70710678118654746 0.00000000000000001 0.00000000000000010 0.00000000000000012 1.00000000000000000 0.70710678118654746 0.70710678118654757 -0.00000000000000016 
1 22.10000000000000142 33.00000000000000000 -9.59999999999999964 0.00000000000002487 -1.00000000000000000 0.00000000000000000 -1.00000000000000000 -0.00000000000002487 0.00000000000000000 0.00000000000000000 -0.00000000000000000 -1.00000000000000000 
1 22.20000000000000284 -37.29999999999999005 -6.65000000000000124 -1.00000000000000000 -0.00000000000000000 0.00000000000000000 0.00000000000000000 -1.00000000000000000 0.00000000000000000 0.00000000000000000 0.00000000000000000 1.00000000000000000 
Triangulations 0

TShapes 290
Ve
0.000000100000000
-22.000000000000007 -33.999999999999986 -16.699999999999999
0 0

0101101
*
Ve
0.000001706209005
-22.000000000000004 -31.500000000000007 -16.700000000000003
0 0

0101101
*
Ed
 0.000000100000000 1 1 0
1  1 0 0.000000000000000 2.499999999999986
2  1 1 0 0.000000000000000 2.499999999999986
4 G1 1 0 2 0
0

0101000
-290 8 +289 8 *
Ve
0.000000100000000
-19.500000000000007 -33.999999999999986 -19.199999999999996
0 0

0101101
*
Ed
 0.000000100000000 1 1 0
1  2 0 0.000000000000000 1.570796326794897
2  2 1 2 0.000000000000000 1.570796326794897
2  3 3 0 0.000000000000000 1.570796326794897
0

0101000
+290 9 -287 9 *
Ve
0.000001706209005
-19.500000000000007 -31.500000000000004 -19.199999999999999
0 0

0101101
*
Ed
 0.000001706209005 1 1 0
1  3 0 3.141592653589793 4.712387778536003
2  4 1 13 3.141592653589793 4.712387778536003
2  5 4 0 3.141592653589793 4.712387778536003
0

0101000
+289 14 -285 14 *
Ed
 0.000000100000000 1 1 0
1  4 0 0.000000000000000 2.500000000000000
2  6 1 0 0.000000000000000 2.500000000000000
4 G1 1 0 5 0
0

0101000
-287 8 +285 8 *
Wi

0101100
+288 2 +286 0 -284 12 -283 2 *
Fa
0  0.000000100000000 1 0

0111000
+282 6 *
Ve
0.000000100000000
-22.000000000000007 -33.999999999999986 -15.799999999999999
0 0

0101101
*
Ve
0.000001146607324
-22.000000000000004 -31.500000000000007 -15.800000000000001
0 0

0101101
*
Ed
 0.000000100000000 1 1 0
1  5 0 0.000000000000000 2.500000000000000
2  7 6 0 0.000000000000000 2.500000000000000
4 G1 2 0 6 0
0

0101000
-280 8 +279 8 *
Ed
 0.000000100000000 1 1 0
1  6 0 0.000000000000001 0.900000000000001
0

0101000
+280 9 -290 9 *
Ed
 0.000000100000008 1 1 0
1  7 0 2.499999999999998 3.399999999999999
0

0101000
+289 17 -279 17 *
Wi

0101100
+278 2 +277 0 +276 16 -288 2 *
Fa
0  0.000000100000000 2 0

0111000
+275 6 *
Ve
0.000000100000000
-20.000000000000007 -35.999999999999986 -16.699999999999999
0 0

0101101
*
Ed
 0.000000100000000 1 1 0
1  8 0 -1.414213562373098 1.414213562373094
2  8 3 0 -1.414213562373098 1.414213562373094
4 G1 3 0 7 0
0

0101000
+273 9 -290 9 *
Ve
0.000000100000000
-19.500000000000007 -35.999999999999986 -17.199999999999996
0 0

0101101
*
Ed
 0.000000100000000 1 1 0
1  9 0 0.000000000000000 1.570796326794897
2  9 3 0 0.000000000000000 1.570796326794897
0

0101000
+273 9 -271 9 *
Ed
 0.000000100000000 1 1 0
1  10 0 -2.828427124746190 0.000000000000000
2  10 3 0 -2.828427124746190 0.000000000000000
4 G1 3 0 8 0
0

0101000
+271 9 -287 9 *
Wi

0101100
-272 0 +270 0 -286 0 +269 0 *
Fa
0  0.000000100000000 3 0

0111000
+268 0 *
Ve
0.000000100000000
-22.100000000000001 33.000000000000000 -16.700000000000003
0 0

0101101
*
Ve
0.000000100000002
-20.100000000000001 33.000000000000000 -19.149489252129282
0 0

0101101
*
Ed
 0.000000100000000 1 1 0
1  11 0 3.141592653589793 4.511030078288920
2  11 4 0 3.141592653589793 4.511030078288920
0

0101000
+266 14 -265 14 *
Ed
 0.000000100000000 1 1 0
1  12 0 0.000000000000000 64.500077519333260
2  12 4 0 0.000000000000000 64.500077519333260
4 G1 4 0 9 15
0

0101000
+266 14 -289 14 *
Ve
0.000000100000015
-19.599388108380094 32.607267888489126 -19.200000000000003
0 0

0101101
*
Ed
 0.000000100000000 1 1 0
1  13 0 0.772143281491860 1.000000000000000
2  13 4 0 0.772143281491860 1.000000000000000
2  14 10 15 0.772143281491860 1.000000000000000
0

0101000
+265 14 -262 14 *
Ve
0.000000162484291
-19.499996995374680 -31.500000000000007 -19.200000000000003
0 0

0101101
*
Ed
 0.000000113738978 1 1 0
1  14 0 4.712387778536003 4.712388980384690
2  5 4 0 4.712387778536003 4.712388980384690
0

0101000
+285 14 -260 14 *
Ed
 0.000000100000000 1 1 0
1  15 0 0.396608552508259 64.503953488325507
2  15 4 0 0.396608552508259 64.503953488325507
4 G1 4 0 11 21
0

0101000
+262 14 -260 14 *
Wi

0101100
+264 19 -263 19 +261 19 -284 19 -259 19 +258 19 *
Fa
0  0.000000100000000 4 19

0111000
+257 0 *
Ve
0.000000100000000
19.500000000000000 -33.999999999999986 -19.199999999999996
0 0

0101101
*
Ed
 0.000000100000000 1 1 0
1  16 0 0.000000000000000 39.000000000000007
0

0101000
+287 9 -255 9 *
Ve
0.000001146607316
19.500000000000000 -31.500000000000004 -19.199999999999999
0 0

0101101
*
Ed
 0.000000100000000 1 1 0
1  17 0 0.000000000000000 2.499999999999985
2  16 12 0 0.000000000000000 2.499999999999985
4 G1 5 0 12 0
0

0101000
-255 8 +253 8 *
Ve
0.000000162484179
19.499996995374683 -31.500000000000007 -19.200000000000003
0 0

0101101
*
Ed
 0.000000100000000 1 1 0
1  18 0 2.500003004625318 41.499996995374687
0

0101000
+260 25 -251 25 *
Ed
 0.000000113738884 1 1 0
1  19 0 1.570795124946214 1.570796326794895
2  17 13 0 1.570795124946214 1.570796326794895
0

0101000
+253 14 -251 14 *
Wi

0101100
+283 2 +254 0 -259 12 -252 2 -250 24 +249 12 *
Fa
0  0.000000100000000 5 0

0111000
+248 6 *
Ve
0.000000100000000
-19.500000000000014 -33.999999999999986 -13.300000000000001
0 0

0101101
*
Ve
0.000001146607324
-19.500000000000007 -31.500000000000004 -13.299999999999999
0 0

0101101
*
Ed
 0.000000100000000 1 1 0
1  20 0 0.000000000000000 2.499999999999983
2  18 6 0 0.000000000000000 2.499999999999983
4 G1 6 0 14 0
0

0101000
-246 8 +245 8 *
Ed
 0.000000100000000 1 1 0
1  21 0 -0.000000000000000 1.570796326794897
2  19 6 2 -0.000000000000000 1.570796326794897
2  20 15 0 -0.000000000000000 1.570796326794897
0

0101000
+246 9 -280 9 *
Ed
 0.000001146607324 1 1 0
1  22 0 3.141592653589793 4.712387778536003
2  21 6 13 3.141592653589793 4.712387778536003
2  22 16 0 3.141592653589793 4.712387778536003
0

0101000
+279 14 -245 14 *
Wi

0101100
+244 2 +243 0 +242 12 -278 2 *
Fa
0  0.000000100000000 6 0

0111000
+241 6 *
Ve
0.000000100000000
-20.000000000000007 -35.999999999999986 -15.799999999999999
0 0

0101101
*
Ed
 0.000000100000000 1 1 0
1  23 0 -2.828427124746190 0.000000000000000
2  23 15 0 -2.828427124746190 0.000000000000000
4 G1 7 0 15 0
0

0101000
+239 9 -280 9 *
Ed
 0.000000100000000 1 1 0
1  24 0 0.000000000000001 0.900000000000001
0

0101000
+239 9 -273 9 *
Wi

0101100
-238 0 +237 0 -277 0 +272 0 *
Fa
0  0.000000100000000 7 0

0111000
+236 0 *
Ve
0.000000100000000
-22.100000000000001 33.000000000000000 -15.800000000000001
0 0

0101101
*
Ed
 0.000000100000000 1 1 0
1  25 0 2.499999999999998 3.399999999999999
0

0101000
+266 17 -234 17 *
Ed
 0.000000100000000 1 1 0
1  26 0 0.000000000000000 64.500077519333260
2  24 16 0 0.000000000000000 64.500077519333260
4 G1 9 15 16 0
0

0101000
+234 14 -279 14 *
Wi

0101100
+233 26 -263 19 +232 19 -276 26 *
Fa
0  0.000000100000000 9 26

0111000
+231 0 *
Ve
0.000001000000002
12.999999999999996 -35.999999999999986 -16.790832691319594
0 0

0101101
*
Ve
0.000000100000285
19.991680203168372 -35.999999999999986 -16.790832691319309
0 0

0101101
*
Ed
 0.000000100000000 1 1 0
1  27 0 0.000000000000000 6.991680203168375
2  25 18 0 0.000000000000000 6.991680203168375
0

0101000
+229 29 -228 29 *
Ve
0.000001000000000
8.285228233488995 -35.999999999999986 -16.274999999999999
0 0

0101101
*
Ed
 0.000001000000000 1 1 0
1  28 0 0.000000000000000 1.000000000000000
2  26 19 0 0.000000000000000 1.000000000000000
0

0101000
+229 29 -226 29 *
Ve
0.000001000000001
7.923904052588505 -35.999999999999986 -16.274999999999999
0 0

0101101
*
Ed
 0.000000150000000 1 1 0
1  29 0 -5.132242402295940 -4.770918221395450
0

0101000
+226 29 -224 29 *
Ve
0.000001000000001
4.905396766991080 -35.999999999999986 -16.274999999999999
0 0

0101101
*
Ed
 0.000001000000000 1 1 0
1  30 0 0.000000000000000 1.000000000000000
2  27 20 0 0.000000000000000 1.000000000000000
0

0101000
+224 29 -222 29 *
Ve
0.000001000000003
4.675157212308669 -35.999999999999986 -16.274999999999999
0 0

0101101
*
Ed
 0.000000150000000 1 1 0
1  31 0 -1.982057758222210 -1.751818203539798
0

0101000
+222 29 -220 29 *
Ve
0.000001000001000
2.430293927748517 -35.999999999999986 -16.250000021979957
0 0

0101101
*
Ed
 0.000001000000000 1 1 0
1  32 0 0.000000000000000 1.000000000000000
2  28 21 0 0.000000000000000 1.000000000000000
0

0101000
+220 29 -218 29 *
Ve
0.000001000000001
4.675157212308671 -35.999999999999986 -16.225000000000001
0 0

0101101
*
Ed
 0.000001000000000 1 1 0
1  33 0 0.000000000000000 1.000000000000000
2  29 21 0 0.000000000000000 1.000000000000000
0

0101000
+218 29 -216 29 *
Ve
0.000001000000001
4.905396766991080 -35.999999999999986 -16.225000000000001
0 0

0101101
*
Ed
 0.000000150000000 1 1 0
1  34 0 1.751818203539800 1.982057758222210
0

0101000
+216 29 -214 29 *
Ve
0.000001000000002
7.923904052588505 -35.999999999999986 -16.225000000000001
0 0

0101101
*
Ed
 0.000001000000000 1 1 0
1  35 0 0.000000000000000 1.000000000000000
2  30 22 0 0.000000000000000 1.000000000000000
0

0101000
+214 29 -212 29 *
Ve
0.000001000000002
8.285228233488997 -35.999999999999986 -16.225000000000001
0 0

0101101
*
Ed
 0.000000150000000 1 1 0
1  36 0 4.770918221395450 5.132242402295942
0

0101000
+212 29 -210 29 *
Ve
0.000001000000002
12.999999999999996 -35.999999999999986 -15.709167308680406
0 0

0101101
*
Ed
 0.000001000000000 1 1 0
1  37 0 0.000000000000000 1.000000000000000
2  31 23 0 0.000000000000000 1.000000000000000
0

0101000
+210 29 -208 29 *
Ve
0.000000100000282
19.991680203168372 -35.999999999999986 -15.709167308680685
0 0

0101101
*
Ed
 0.000000100000000 1 1 0
1  38 0 0.000000000000000 6.991680203168375
2  32 18 0 0.000000000000000 6.991680203168375
0

0101000
+208 29 -206 29 *
Ve
0.000000100000000
19.500000000000000 -35.999999999999986 -15.299999999999997
0 0

0101101
*
Ed
 0.000000100000000 1 1 0
1  39 0 0.182679750043879 1.570796326794897
2  33 24 0 0.182679750043879 1.570796326794897
0

0101000
+206 9 -204 9 *
Ve
0.000000100000000
-19.500000000000007 -35.999999999999986 -15.299999999999999
0 0

0101101
*
Ed
 0.000000100000000 1 1 0
1  40 0 -0.000000000000000 39.000000000000007
0

0101000
+204 9 -202 9 *
Ed
 0.000000100000000 1 1 0
1  41 0 -0.000000000000000 1.570796326794897
2  34 15 0 -0.000000000000000 1.570796326794897
0

0101000
+202 9 -239 9 *
Ve
0.000000100000000
19.500000000000000 -35.999999999999986 -17.199999999999996
0 0

0101101
*
Ed
 0.000000100000000 1 1 0
1  42 0 0.000000000000000 39.000000000000007
0

0101000
+271 9 -199 9 *
Ed
 0.000000100000000 1 1 0
1  43 0 0.000000000000000 1.388116576751017
2  35 25 0 0.000000000000000 1.388116576751017
0

0101000
+199 9 -228 9 *
Wi

0101100
+227 0 -225 0 -223 0 -221 0 -219 0 -217 0 -215 0 -213 0 -211 0 -209 0 
-207 0 -205 0 -203 18 -201 18 -200 18 -237 18 -270 18 -198 18 -197 18 *
Fa
0  0.000000100000000 17 28

0111000
+196 0 *
Ed
 0.000000100000000 1 1 0
1  44 0 -1.414213562373096 1.414213562373096
2  36 25 0 -1.414213562373096 1.414213562373096
4 G1 8 0 25 0
0

0101000
+199 9 -255 9 *
Wi

0101100
-269 0 +198 0 -254 0 +194 0 *
Fa
0  0.000000100000000 8 0

0111000
+193 0 *
Ve
0.000000100000002
-20.100000000000001 33.000000000000000 -13.350510747870720
0 0

0101101
*
Ed
 0.000000100000002 1 1 0
1  45 0 0.050510747870710 5.849489252129276
2  37 10 0 0.050510747870710 5.849489252129276
0

0101000
+265 17 -191 17 *
Ed
 0.000000100000000 1 1 0
1  46 0 3.141592653589793 4.511030078288920
2  38 16 0 3.141592653589793 4.511030078288920
0

0101000
+234 14 -191 14 *
Wi

0101100
+190 15 +264 0 -189 0 -233 15 *
Fa
0  0.000000100000000 26 0

0111000
+188 31 *
Ve
0.000000100000015
-19.599388108380094 32.607267888489126 -13.300000000000001
0 0

0101101
*
Ed
 0.000000100000000 1 1 0
1  47 0 0.772143281491910 1.000000000000000
2  39 10 15 0.772143281491910 1.000000000000000
2  40 16 0 0.772143281491910 1.000000000000000
0

0101000
+191 14 -186 14 *
Ve
0.000000235398520
-16.099999999999945 31.499999999999950 -19.199999999999999
0 0

0101101
*
Ed
 0.000000100000015 1 1 0
1  48 0 4.099489159220743 4.712388980384690
2  41 10 33 4.099489159220743 4.712388980384690
0

0101000
+262 25 -184 25 *
Ve
0.000000235398520
-16.099999999999945 31.499999999999950 -13.299999999999999
0 0

0101101
*
Ed
 0.000000100000015 1 1 0
1  49 0 4.099489159220743 4.712388980384690
2  42 10 36 4.099489159220743 4.712388980384690
0

0101000
+186 37 -182 37 *
Ed
 0.000000100000004 1 1 0
1  50 0 0.000000000000000 5.900000000000000
2  43 10 0 0.000000000000000 5.900000000000000
4 G1 10 0 27 0
0

0101000
+184 17 -182 17 *
Wi

0101100
+190 15 -261 0 +185 0 -183 32 +181 35 -180 15 *
Fa
0  0.000000100000000 10 0

0111000
+179 31 *
Ve
0.000000100000015
19.599388108380097 32.607267888489091 -19.200000000000003
0 0

0101101
*
Ed
 0.000000100000000 1 1 0
1  51 0 -0.003875968992246 64.103468966824963
2  44 13 0 -0.003875968992246 64.103468966824963
4 G1 11 21 13 0
0

0101000
+251 14 -177 14 *
Ve
0.000000211202018
16.100000000000001 31.499999999999950 -19.199999999999999
0 0

0101101
*
Ed
 0.000000100000015 1 1 0
1  52 0 4.712388980384690 5.325288801548624
2  45 28 33 4.712388980384690 5.325288801548624
0

0101000
-177 25 +175 25 *
Ed
 0.000000100000016 1 1 0
1  53 0 0.000000000000000 32.199999999999946
0

0101000
+175 25 -184 25 *
Wi

0101100
+250 32 +258 0 +176 0 -183 32 -174 32 +173 32 *
Fa
0  0.000000100000000 11 0

0111000
+172 39 *
Ve
0.000000100000000
21.999999999999996 -33.999999999999986 -16.699999999999999
0 0

0101101
*
Ed
 0.000000100000000 1 1 0
1  54 0 0.000000000000000 1.570796326794897
2  46 12 2 0.000000000000000 1.570796326794897
2  47 25 0 0.000000000000000 1.570796326794897
0

0101000
+255 9 -170 9 *
Ve
0.000123014531375
22.000000000000004 -31.500000000000011 -16.700000000000003
0 0

0101101
*
Ed
 0.000001146607316 1 1 0
1  55 0 0.000000000000000 1.570795124946214
2  48 12 13 0.000000000000000 1.570795124946214
2  17 13 0 0.000000000000000 1.570795124946214
0

0101000
+168 14 -253 14 *
Ed
 0.000000100000000 1 1 0
1  56 0 0.000000000000000 2.499999999999982
2  49 12 0 0.000000000000000 2.499999999999982
4 G1 12 0 29 0
0

0101000
-170 8 +168 8 *
Wi

0101100
+252 2 +169 0 +167 12 -166 2 *
Fa
0  0.000000100000000 12 0

0111000
+165 6 *
Ve
0.000000100000004
22.100000000000005 33.000000000000000 -16.700000000000003
0 0

0101101
*
Ve
0.000000100000000
20.100000000000005 32.999999999999950 -19.149489252129282
0 0

0101101
*
Ed
 0.000000100000000 1 1 0
1  57 0 0.000000000000000 1.369437424699127
2  50 13 0 0.000000000000000 1.369437424699127
0

0101000
+163 14 -162 14 *
Ed
 0.000000100000000 1 1 0
1  58 0 0.000000000000000 64.500077519333260
2  51 13 0 0.000000000000000 64.500077519333260
4 G1 13 0 30 15
0

0101000
+168 14 -163 14 *
Ed
 0.000000100000000 1 1 0
1  59 0 0.772143281491793 1.000000000000000
2  52 13 0 0.772143281491793 1.000000000000000
2  53 28 15 0.772143281491793 1.000000000000000
0

0101000
+162 14 -177 14 *
Wi

0101100
-161 19 -160 19 -159 19 +167 19 +249 19 +176 19 *
Fa
0  0.000000100000000 13 19

0111000
+158 0 *
Ve
0.000000100000000
19.500000000000000 -33.999999999999986 -13.299999999999997
0 0

0101101
*
Ve
0.000001706208998
19.500000000000000 -31.500000000000004 -13.299999999999999
0 0

0101101
*
Ed
 0.000000100000000 1 1 0
1  60 0 0.000000000000000 2.499999999999996
2  54 31 0 0.000000000000000 2.499999999999996
4 G1 14 0 31 0
0

0101000
-156 8 +155 8 *
Ed
 0.000000100000000 1 1 0
1  61 0 -0.000000000000000 39.000000000000007
0

0101000
+156 9 -246 9 *
Ve
0.000000162484179
19.499996995374683 -31.500000000000007 -13.300000000000001
0 0

0101101
*
Ed
 0.000000113738884 1 1 0
1  62 0 1.570795124946214 1.570796326794895
2  55 32 0 1.570795124946214 1.570796326794895
0

0101000
+155 14 -152 14 *
Ve
0.000000162484291
-19.499996995374680 -31.500000000000007 -13.300000000000001
0 0

0101101
*
Ed
 0.000000100000004 1 1 0
1  63 0 2.500003004625318 41.499996995374687
0

0101000
+150 37 -152 37 *
Ed
 0.000000113738978 1 1 0
1  64 0 4.712387778536003 4.712388980384690
2  22 16 0 4.712387778536003 4.712388980384690
0

0101000
+245 14 -150 14 *
Wi

0101100
+154 2 +153 0 -151 12 -244 2 +149 40 +148 12 *
Fa
0  0.000000100000000 14 0

0111000
+147 6 *
Ed
 0.000000100000000 1 1 0
1  65 0 -1.414213562373096 1.414213562373092
2  56 15 0 -1.414213562373096 1.414213562373092
4 G1 15 0 33 0
0

0101000
+202 9 -246 9 *
Wi

0101100
-145 0 +200 0 -243 0 +238 0 *
Fa
0  0.000000100000000 15 0

0111000
+144 0 *
Ed
 0.000000100000000 1 1 0
1  66 0 0.396608552508259 64.503953488325507
2  57 16 0 0.396608552508259 64.503953488325507
4 G1 16 0 34 41
0

0101000
+186 14 -150 14 *
Wi

0101100
+189 19 -232 19 +185 19 -242 19 -148 19 +142 19 *
Fa
0  0.000000100000000 16 19

0111000
+141 0 *
Ve
0.000000101000000
12.999999999999996 -36.649431524395901 -16.225000000000001
0 0

0101101
*
Ed
 0.000000100000000 1 1 0
1  67 0 0.045470212416998 1.753631463787847
2  58 18 0 0.045470212416998 1.753631463787847
2  59 23 0 0.045470212416998 1.753631463787847
4 G1 18 0 23 0
0

0101000
+139 29 -208 29 *
Ve
0.000000100000477
20.216227766016676 -35.783772233983314 -15.799999999999997
0 0

0101101
*
Ed
 0.000000100000000 1 1 0
1  68 0 0.000000000000000 1.000000000000000
2  60 18 0 0.000000000000000 1.000000000000000
2  61 24 18 0.000000000000000 1.000000000000000
0

0101000
+206 29 -137 29 *
Ve
0.000000100000687
20.216227766016676 -35.783772233983314 -16.699999999999999
0 0

0101101
*
Ed
 0.000000100000000 1 1 0
1  69 0 5.324943718723771 7.241426895635403
2  62 18 0 5.324943718723771 7.241426895635403
0

0101000
+135 29 -137 29 *
Ed
 0.000000100000000 1 1 0
1  70 0 0.000000000000000 1.000000000000000
2  63 18 0 0.000000000000000 1.000000000000000
2  64 25 18 0.000000000000000 1.000000000000000
0

0101000
+135 29 -228 29 *
Ve
0.000000101000000
12.999999999999996 -36.649431524395901 -16.274999999999999
0 0

0101101
*
Ed
 0.000000100000000 1 1 0
1  71 0 4.529553843391739 6.237715094762590
2  58 18 0 4.529553843391739 6.237715094762590
2  59 19 0 4.529553843391739 6.237715094762590
4 G1 18 0 19 0
0

0101000
+229 29 -132 29 *
Ve
0.000000101000000
22.200000000000010 -36.649431524395901 -16.274999999999999
0 0

0101101
*
Ed
 0.000000100000000 1 1 0
1  72 0 0.000000000000000 9.200000000000014
2  65 18 0 0.000000000000000 9.200000000000014
0

0101000
+132 29 -130 29 *
Ve
0.000000101000000
22.200000000000010 -36.649431524395901 -16.224999999999998
0 0

0101101
*
Ed
 0.000000100000000 1 1 0
1  73 0 0.045470212416998 6.237715094762590
2  66 18 0 0.045470212416998 6.237715094762590
0

0101000
+128 29 -130 29 *
Ed
 0.000000100000000 1 1 0
1  74 0 0.000000000000000 9.200000000000014
2  67 18 0 0.000000000000000 9.200000000000014
0

0101000
+139 29 -128 29 *
Wi

0101100
-138 0 -205 0 -136 0 +134 0 -133 0 +227 0 -131 0 -129 0 +127 0 +126 0 
*
Fa
0  0.000000100000000 18 0

0111000
+125 0 *
Ed
 0.000000100000000 1 1 0
1  75 0 4.438623725322959 4.712388980384690
2  68 19 0 4.438623725322959 4.712388980384690
0

0101000
+226 29 -132 29 *
Wi

0101100
-123 0 +131 0 -225 0 *
Fa
0  0.000000100000000 19 0

0111000
+122 0 *
Ve
0.000000101000000
12.999999999999996 -36.750568475604105 -16.274999999999999
0 0

0101101
*
Ed
 0.000000100000000 1 1 0
1  76 0 4.418789685304263 4.712388980384690
2  69 20 0 4.418789685304263 4.712388980384690
0

0101000
+224 29 -120 29 *
Ed
 0.000000100000000 1 1 0
1  77 0 -0.101136951208204 -0.000000000000000
4 C1 35 0 36 0
0

0101000
+132 29 -120 29 *
Wi

0101100
-223 0 -119 0 +118 0 +123 0 *
Fa
0  0.000000100000000 35 0

0111000
+117 0 *
Ve
0.000000101000000
12.999999999999996 -37.849431524395904 -16.274999999999999
0 0

0101101
*
Ed
 0.000000100000000 1 1 0
1  78 0 4.263145925149631 4.712388980384690
2  70 20 0 4.263145925149631 4.712388980384690
0

0101000
+222 29 -115 29 *
Ed
 0.000000100000000 1 1 0
1  79 0 3.187062866006790 6.237715094762589
2  71 20 0 3.187062866006790 6.237715094762589
2  72 37 0 3.187062866006790 6.237715094762589
4 G1 20 0 37 0
0

0101000
+120 29 -115 29 *
Wi

0101100
-221 0 -114 0 +113 0 +119 0 *
Fa
0  0.000000100000000 20 0

0111000
+112 0 *
Ve
0.000000101000000
12.999999999999996 -37.950568475604108 -16.274999999999999
0 0

0101101
*
Ed
 0.000000100000000 1 1 0
1  80 0 4.252078831631724 4.712388980384690
2  73 21 0 4.252078831631724 4.712388980384690
0

0101000
+220 29 -110 29 *
Ed
 0.000000100000000 1 1 0
1  81 0 -0.101136951208204 -0.000000000000000
4 C1 38 0 39 0
0

0101000
+115 29 -110 29 *
Wi

0101100
-219 0 -109 0 +108 0 +114 0 *
Fa
0  0.000000100000000 38 0

0111000
+107 0 *
Ve
0.000000101000000
12.999999999999996 -37.950568475604108 -16.225000000000001
0 0

0101101
*
Ed
 0.000000100000000 1 1 0
1  82 0 4.252078831631724 4.712388980384690
2  74 21 0 4.252078831631724 4.712388980384690
0

0101000
+216 29 -105 29 *
Ed
 0.000000100000000 1 1 0
1  83 0 3.187062866006789 9.379307748352382
2  75 21 0 3.187062866006789 9.379307748352382
2  76 40 0 3.187062866006789 9.379307748352382
4 G1 21 0 40 0
0

0101000
+110 29 -105 29 *
Wi

0101100
-217 0 -215 0 -104 0 +103 0 +109 0 *
Fa
0  0.000000100000000 21 0

0111000
+102 0 *
Ve
0.000000101000000
12.999999999999996 -37.849431524395904 -16.225000000000001
0 0

0101101
*
Ed
 0.000000100000000 1 1 0
1  84 0 4.263145925149631 4.712388980384690
2  77 22 0 4.263145925149631 4.712388980384690
0

0101000
+214 29 -100 29 *
Ed
 0.000000100000000 1 1 0
1  85 0 -0.101136951208204 -0.000000000000000
4 C1 41 0 42 0
0

0101000
+105 29 -100 29 *
Wi

0101100
-213 0 -99 0 +98 0 +104 0 *
Fa
0  0.000000100000000 41 0

0111000
+97 0 *
Ve
0.000000101000000
12.999999999999996 -36.750568475604105 -16.225000000000001
0 0

0101101
*
Ed
 0.000000100000000 1 1 0
1  86 0 4.418789685304263 4.712388980384690
2  78 22 0 4.418789685304263 4.712388980384690
0

0101000
+212 29 -95 29 *
Ed
 0.000000100000000 1 1 0
1  87 0 0.045470212416997 3.096122441172796
2  79 22 0 0.045470212416997 3.096122441172796
2  80 43 0 0.045470212416997 3.096122441172796
4 G1 22 0 43 0
0

0101000
+100 29 -95 29 *
Wi

0101100
-211 0 -94 0 +93 0 +99 0 *
Fa
0  0.000000100000000 22 0

0111000
+92 0 *
Ed
 0.000000100000000 1 1 0
1  88 0 4.438623725322959 4.712388980384690
2  81 23 0 4.438623725322959 4.712388980384690
0

0101000
+210 29 -139 29 *
Ed
 0.000000100000000 1 1 0
1  89 0 -0.101136951208204 -0.000000000000000
4 C1 44 0 45 0
0

0101000
+95 29 -139 29 *
Wi

0101100
-209 0 -90 0 +89 0 +94 0 *
Fa
0  0.000000100000000 44 0

0111000
+88 0 *
Wi

0101100
-207 0 +138 0 +90 0 *
Fa
0  0.000000100000000 23 0

0111000
+86 0 *
Ve
0.000000100000000
21.999999999999996 -33.999999999999986 -15.799999999999999
0 0

0101101
*
Ed
 0.000000100000000 1 1 0
1  90 0 -1.108421323110678 1.414213562373092
2  82 24 0 -1.108421323110678 1.414213562373092
4 G1 24 0 46 0
0

0101000
+137 9 -84 9 *
Ed
 0.000000100000000 1 1 0
1  91 0 -0.000000000000000 1.570796326794897
2  83 24 0 -0.000000000000000 1.570796326794897
2  84 31 2 -0.000000000000000 1.570796326794897
0

0101000
+84 9 -156 9 *
Ed
 0.000000100000000 1 1 0
1  92 0 -2.828427124746190 0.000000000000000
2  85 24 0 -2.828427124746190 0.000000000000000
4 G1 24 0 33 0
0

0101000
+204 9 -156 9 *
Wi

0101100
-83 18 -82 18 +81 18 +203 18 -136 0 *
Fa
0  0.000000100000000 24 18

0111000
+80 0 *
Wi

0101100
-81 0 +201 0 -153 0 +145 0 *
Fa
0  0.000000100000000 33 0

0111000
+78 0 *
Ed
 0.000000100000000 1 1 0
1  93 0 -1.108421323110678 1.414213562373092
2  86 25 0 -1.108421323110678 1.414213562373092
4 G1 25 0 46 0
0

0101000
+135 9 -170 9 *
Wi

0101100
-194 18 -169 18 +76 18 -133 0 +197 18 *
Fa
0  0.000000100000000 25 18

0111000
+75 0 *
Ve
0.000000100000015
19.599388108380097 32.607267888489091 -13.300000000000001
0 0

0101101
*
Ed
 0.000000100000000 1 1 0
1  94 0 -0.003875968992246 64.103468966824963
2  87 32 0 -0.003875968992246 64.103468966824963
4 G1 34 41 32 0
0

0101000
+152 14 -73 14 *
Ve
0.000000211202018
16.100000000000001 31.499999999999950 -13.299999999999999
0 0

0101101
*
Ed
 0.000000100000015 1 1 0
1  95 0 4.712388980384690 5.325288801548624
2  88 28 36 4.712388980384690 5.325288801548624
0

0101000
-73 37 +71 37 *
Ed
 0.000000100000016 1 1 0
1  96 0 0.000000000000000 32.199999999999946
0

0101000
+71 37 -182 37 *
Wi

0101100
+149 35 +142 0 +72 0 -181 35 -70 35 +69 35 *
Fa
0  0.000000100000000 34 0

0111000
+68 43 *
Ed
 0.000000100000004 1 1 0
1  97 0 0.000000000000000 5.900000000000000
2  89 28 0 0.000000000000000 5.900000000000000
4 G1 27 0 28 0
0

0101000
+175 17 -71 17 *
Wi

0101100
+66 0 -180 0 -173 44 +69 45 *
Fa
0  0.000000100000000 27 0

0111000
+65 0 *
Ve
0.000000100000000
20.100000000000001 32.999999999999950 -13.350510747870720
0 0

0101101
*
Ed
 0.000000100000000 1 1 0
1  98 0 0.050510747870733 5.849489252129276
2  90 28 0 0.050510747870733 5.849489252129276
0

0101000
+162 17 -63 17 *
Ed
 0.000000100000000 1 1 0
1  99 0 0.772143281491792 1.000000000000000
2  91 28 15 0.772143281491792 1.000000000000000
2  92 32 0 0.772143281491792 1.000000000000000
0

0101000
+63 14 -73 14 *
Wi

0101100
-62 15 +159 0 -61 0 -174 32 +70 35 +66 15 *
Fa
0  0.000000100000000 28 0

0111000
+60 31 *
Ed
 0.000000100000000 1 1 0
1  100 0 -0.000000000000001 0.900000000000000
0

0101000
+170 9 -84 9 *
Ve
0.000123014531373
22.000000000000004 -31.500000000000011 -15.800000000000001
0 0

0101101
*
Ed
 0.000000100000004 1 1 0
1  101 0 2.499999999999998 3.399999999999999
0

0101000
+168 17 -57 17 *
Ed
 0.000000100000000 1 1 0
1  102 0 0.000000000000000 2.499999999999982
2  93 31 0 0.000000000000000 2.499999999999982
4 G1 29 0 31 0
0

0101000
-84 8 +57 8 *
Wi

0101100
+166 2 +58 0 -56 16 -55 2 *
Fa
0  0.000000100000000 29 0

0111000
+54 6 *
Ve
0.000000100000004
22.100000000000005 33.000000000000000 -15.800000000000001
0 0

0101101
*
Ed
 0.000000100000004 1 1 0
1  103 0 2.499999999999998 3.399999999999999
0

0101000
+163 17 -52 17 *
Ed
 0.000000100000000 1 1 0
1  104 0 0.000000000000000 1.369437424699128
2  94 32 0 0.000000000000000 1.369437424699128
0

0101000
+52 14 -63 14 *
Wi

0101100
+51 15 -161 0 +50 0 -62 15 *
Fa
0  0.000000100000000 47 0

0111000
+49 31 *
Ed
 0.000000100000000 1 1 0
1  105 0 0.000000000000000 64.500077519333260
2  95 32 0 0.000000000000000 64.500077519333260
4 G1 30 15 32 0
0

0101000
+57 14 -52 14 *
Wi

0101100
+56 26 -160 19 +47 19 -51 26 *
Fa
0  0.000000100000000 30 26

0111000
+46 0 *
Ed
 0.000001706208998 1 1 0
1  106 0 0.000000000000000 1.570795124946214
2  96 31 13 0.000000000000000 1.570795124946214
2  55 32 0 0.000000000000000 1.570795124946214
0

0101000
+57 14 -155 14 *
Wi

0101100
+55 2 +82 0 -44 12 -154 2 *
Fa
0  0.000000100000000 31 0

0111000
+43 6 *
Wi

0101100
-50 19 -47 19 -61 19 +44 19 +151 19 +72 19 *
Fa
0  0.000000100000000 32 19

0111000
+41 0 *
Wi

0101100
-76 18 -58 18 +83 18 +134 0 *
Fa
0  0.000000100000000 46 18

0111000
+39 0 *
Ve
0.000000101000000
22.200000000000010 -36.750568475604105 -16.274999999999999
0 0

0101101
*
Ed
 0.000000100000000 1 1 0
1  107 0 0.000000000000000 9.200000000000014
2  97 37 0 0.000000000000000 9.200000000000014
0

0101000
+120 29 -37 29 *
Ed
 0.000000100000000 1 1 0
1  108 0 0.000000000000000 0.101136951208204
0

0101000
+37 29 -130 29 *
Wi

0101100
-129 0 +118 0 +36 0 +35 0 *
Fa
0  0.000000100000000 36 0

0111000
+34 0 *
Ve
0.000000101000000
22.200000000000010 -36.750568475604105 -16.225000000000001
0 0

0101101
*
Ve
0.000000101000000
22.200000000000010 -37.849431524395904 -16.225000000000001
0 0

0101101
*
Ed
 0.000000100000000 1 1 0
1  109 0 3.187062866006790 6.237715094762589
2  98 43 0 3.187062866006790 6.237715094762589
0

0101000
+32 29 -31 29 *
Ed
 0.000000100000000 1 1 0
1  110 0 0.000000000000000 0.101136951208204
0

0101000
+128 29 -32 29 *
Ve
0.000000101000000
22.200000000000010 -37.849431524395904 -16.274999999999999
0 0

0101101
*
Ed
 0.000000100000000 1 1 0
1  111 0 3.187062866006790 6.237715094762589
2  99 37 0 3.187062866006790 6.237715094762589
0

0101000
+37 29 -28 29 *
Ve
0.000000101000000
22.200000000000010 -37.950568475604108 -16.274999999999999
0 0

0101101
*
Ed
 0.000000100000000 1 1 0
1  112 0 0.000000000000000 0.101136951208204
0

0101000
+26 29 -28 29 *
Ve
0.000000101000000
22.200000000000010 -37.950568475604108 -16.225000000000001
0 0

0101101
*
Ed
 0.000000100000000 1 1 0
1  113 0 3.187062866006789 9.379307748352382
2  100 40 0 3.187062866006789 9.379307748352382
0

0101000
+26 29 -24 29 *
Ed
 0.000000100000000 1 1 0
1  114 0 0.000000000000000 0.101136951208204
0

0101000
+31 29 -24 29 *
Wi

0101100
-30 0 -29 0 +127 0 -35 0 +27 0 -25 0 +23 0 -22 0 *
Fa
0  0.000000100000000 48 0

0111000
+21 0 *
Ed
 0.000000100000000 1 1 0
1  115 0 0.000000000000000 9.200000000000014
2  101 43 0 0.000000000000000 9.200000000000014
0

0101000
+95 29 -32 29 *
Wi

0101100
-19 0 +89 0 +126 0 +29 0 *
Fa
0  0.000000100000000 45 0

0111000
+18 0 *
Ed
 0.000000100000000 1 1 0
1  116 0 0.000000000000000 9.200000000000014
2  102 37 0 0.000000000000000 9.200000000000014
0

0101000
+115 29 -28 29 *
Wi

0101100
+36 0 -113 0 -16 0 +27 0 *
Fa
0  0.000000100000000 37 0

0111000
+15 0 *
Ed
 0.000000100000000 1 1 0
1  117 0 0.000000000000000 9.200000000000014
2  103 40 0 0.000000000000000 9.200000000000014
0

0101000
+110 29 -26 29 *
Wi

0101100
-16 0 +108 0 +13 0 +25 0 *
Fa
0  0.000000100000000 39 0

0111000
+12 0 *
Ed
 0.000000100000000 1 1 0
1  118 0 0.000000000000000 9.200000000000014
2  104 40 0 0.000000000000000 9.200000000000014
0

0101000
+105 29 -24 29 *
Wi

0101100
+13 0 -103 0 -10 0 +23 0 *
Fa
0  0.000000100000000 40 0

0111000
+9 0 *
Ed
 0.000000100000000 1 1 0
1  119 0 0.000000000000000 9.200000000000014
2  105 43 0 0.000000000000000 9.200000000000014
0

0101000
+100 29 -31 29 *
Wi

0101100
-10 0 +98 0 +7 0 +22 0 *
Fa
0  0.000000100000000 42 0

0111000
+6 0 *
Wi

0101100
+7 0 -93 0 -19 0 -30 0 *
Fa
0  0.000000100000000 43 0

0111000
+4 0 *
Sh

0101100
-281 5 -274 5 -267 18 +256 5 -247 5 -240 5 -235 18 -230 5 -195 0 -192 18 
-187 30 +178 30 -171 38 -164 5 +157 5 -146 5 -143 18 -140 5 +124 0 +121 0 
+116 0 +111 0 +106 0 +101 0 +96 0 +91 0 +87 0 +85 0 -79 0 -77 18 
-74 0 +67 42 -64 30 +59 30 -53 5 -48 30 -45 5 -42 5 -40 5 -38 0 
-33 0 -20 0 -17 0 +14 0 -11 0 +8 0 -5 0 +3 0 *
So

0100000
+2 0 *

+1 1 