ISO-10303-21;
HEADER;
FILE_DESCRIPTION(('FreeCAD Model'),'2;1');
FILE_NAME('Open CASCADE Shape Model','2024-09-21T16:59:55',(''),(''),
  'Open CASCADE STEP processor 7.6','FreeCAD','Unknown');
FILE_SCHEMA(('AUTOMOTIVE_DESIGN { 1 0 10303 214 1 1 1 1 }'));
ENDSEC;
DATA;
#1 = APPLICATION_PROTOCOL_DEFINITION('international standard',
  'automotive_design',2000,#2);
#2 = APPLICATION_CONTEXT(
  'core data for automotive mechanical design processes');
#3 = SHAPE_DEFINITION_REPRESENTATION(#4,#10);
#4 = PRODUCT_DEFINITION_SHAPE('','',#5);
#5 = PRODUCT_DEFINITION('design','',#6,#9);
#6 = PRODUCT_DEFINITION_FORMATION('','',#7);
#7 = PRODUCT('Battery Cage (Batch-1 Batteries)',
  'Battery Cage (Batch-1 Batteries)','',(#8));
#8 = PRODUCT_CONTEXT('',#2,'mechanical');
#9 = PRODUCT_DEFINITION_CONTEXT('part definition',#2,'design');
#10 = ADVANCED_BREP_SHAPE_REPRESENTATION('',(#11,#15),#12992);
#11 = AXIS2_PLACEMENT_3D('',#12,#13,#14);
#12 = CARTESIAN_POINT('',(0.,0.,0.));
#13 = DIRECTION('',(0.,0.,1.));
#14 = DIRECTION('',(1.,0.,-0.));
#15 = MANIFOLD_SOLID_BREP('',#16);
#16 = CLOSED_SHELL('',(#17,#54,#1142,#1167,#1196,#1230,#1262,#1284,#1309
    ,#1333,#1358,#1380,#1405,#1429,#1454,#1479,#1504,#1528,#1553,#1578,
    #1603,#1628,#1662,#1694,#1719,#1744,#1769,#1801,#1826,#1859,#1884,
    #1901,#1925,#1963,#1986,#2011,#2043,#2068,#2101,#2126,#2214,#2239,
    #2264,#2310,#2350,#2374,#2415,#2455,#2479,#2519,#2558,#2582,#2620,
    #2667,#2692,#2717,#2741,#2766,#2791,#2824,#2849,#2889,#2914,#2947,
    #2972,#2997,#3030,#3064,#3088,#3113,#3138,#3163,#3188,#3212,#3268,
    #3293,#3317,#3342,#3366,#3391,#3415,#3440,#3480,#3504,#3576,#3600,
    #3672,#3696,#3744,#3769,#3793,#3818,#3842,#3867,#3891,#3916,#3972,
    #3996,#4021,#4046,#4071,#4096,#4120,#4145,#4170,#4216,#4256,#4334,
    #4380,#4421,#4444,#4485,#4542,#4566,#4618,#4665,#4690,#4715,#4739,
    #4764,#4789,#4814,#4831,#4856,#4878,#5696,#5728,#5750,#5775,#5799,
    #5824,#5846,#5871,#5895,#5920,#5945,#5970,#5994,#6019,#6044,#6069,
    #6094,#6143,#6167,#6192,#6217,#6242,#6266,#6313,#6338,#6378,#6410,
    #6435,#6452,#6475,#6492,#6517,#6541,#6588,#6613,#6653,#6685,#6710,
    #6780,#6828,#6877,#6902,#6934,#6983,#7024,#7049,#7077,#7110,#7150,
    #7178,#7202,#7236,#7265,#7306,#7333,#7358,#7382,#7407,#7432,#7457,
    #7504,#7529,#7569,#7600,#7647,#7672,#7712,#7744,#7769,#7794,#7849,
    #7866,#7891,#7916,#7941,#7966,#7991,#8008,#8032,#8056,#8073,#8090,
    #8102,#8119,#8136,#8153,#8165,#8182,#8194,#8218,#8242,#8266,#8283,
    #8308,#8333,#8358,#8383,#8407,#8432,#8457,#8503,#8537,#8577,#8617,
    #8645,#8691,#8737,#8783,#8815,#8856,#8879,#8913,#8953,#8993,#9021,
    #9068,#9115,#9162,#9195,#9220,#9245,#9269,#9294,#9319,#9344,#9361,
    #9378,#9395,#9412,#9429,#9446,#9469,#9486,#9503,#9520,#9537,#9555,
    #9572,#9596,#9621,#9646,#9671,#9695,#9720,#9745,#9770,#9794,#9818,
    #9841,#9866,#9890,#9914,#9937,#9962,#9986,#10011,#10036,#10061,
    #10085,#10110,#10128,#10152,#10186,#10233,#10258,#10283,#10307,
    #10332,#10357,#10382,#10400,#10425,#10450,#10475,#10500,#10517,
    #10534,#10551,#10568,#10585,#10608,#10625,#10648,#10665,#10682,
    #10699,#10716,#10733,#10745,#10757,#10774,#10791,#10808,#10825,
    #10842,#10865,#10877,#10909,#10931,#10956,#10980,#11005,#11027,
    #11052,#11076,#11101,#11126,#11151,#11175,#11200,#11225,#11250,
    #11267,#11284,#11302,#11320,#11338,#11356,#11368,#11386,#11404,
    #11422,#11440,#11452,#11478,#11504,#11521,#11539,#11557,#11569,
    #11586,#11605,#11623,#11634,#11652,#11670,#11688,#11706,#11718,
    #11736,#11754,#11772,#11790,#11802,#11826,#11843,#11868,#11893,
    #11918,#11936,#11953,#11978,#11995,#12020,#12045,#12070,#12094,
    #12119,#12144,#12184,#12217,#12258,#12287,#12304,#12316,#12341,
    #12358,#12383,#12407,#12432,#12457,#12482,#12499,#12516,#12533,
    #12550,#12567,#12584,#12601,#12618,#12635,#12651,#12668,#12685,
    #12702,#12718,#12735,#12752,#12769,#12786,#12803,#12820,#12837,
    #12849,#12866,#12883,#12900,#12917,#12934,#12946,#12963,#12980));
#17 = ADVANCED_FACE('',(#18),#49,.T.);
#18 = FACE_BOUND('',#19,.T.);
#19 = EDGE_LOOP('',(#20,#29,#36,#43));
#20 = ORIENTED_EDGE('',*,*,#21,.F.);
#21 = EDGE_CURVE('',#22,#24,#26,.T.);
#22 = VERTEX_POINT('',#23);
#23 = CARTESIAN_POINT('',(14.148458588839,43.922603501688,-3.3));
#24 = VERTEX_POINT('',#25);
#25 = CARTESIAN_POINT('',(14.151301195047,41.322030552429,-3.3));
#26 = B_SPLINE_CURVE_WITH_KNOTS('',1,(#27,#28),.UNSPECIFIED.,.F.,.F.,(2,
    2),(0.,1.77566543719),.PIECEWISE_BEZIER_KNOTS.);
#27 = CARTESIAN_POINT('',(14.148458588839,43.922603501688,-3.3));
#28 = CARTESIAN_POINT('',(14.151301195047,41.322030552429,-3.3));
#29 = ORIENTED_EDGE('',*,*,#30,.T.);
#30 = EDGE_CURVE('',#22,#31,#33,.T.);
#31 = VERTEX_POINT('',#32);
#32 = CARTESIAN_POINT('',(12.852661704721,42.533031468612,-5.2));
#33 = B_SPLINE_CURVE_WITH_KNOTS('',1,(#34,#35),.UNSPECIFIED.,.F.,.F.,(2,
    2),(1.,2.),.PIECEWISE_BEZIER_KNOTS.);
#34 = CARTESIAN_POINT('',(14.148458588839,43.922603501688,-3.3));
#35 = CARTESIAN_POINT('',(12.852661704721,42.533031468612,-5.2));
#36 = ORIENTED_EDGE('',*,*,#37,.T.);
#37 = EDGE_CURVE('',#31,#38,#40,.T.);
#38 = VERTEX_POINT('',#39);
#39 = CARTESIAN_POINT('',(14.151301195047,41.322030552429,-4.3));
#40 = B_SPLINE_CURVE_WITH_KNOTS('',1,(#41,#42),.UNSPECIFIED.,.F.,.F.,(2,
    2),(0.,1.77566543719),.PIECEWISE_BEZIER_KNOTS.);
#41 = CARTESIAN_POINT('',(12.852661704721,42.533031468612,-5.2));
#42 = CARTESIAN_POINT('',(14.151301195047,41.322030552429,-4.3));
#43 = ORIENTED_EDGE('',*,*,#44,.F.);
#44 = EDGE_CURVE('',#24,#38,#45,.T.);
#45 = LINE('',#46,#47);
#46 = CARTESIAN_POINT('',(14.151301195047,41.322030552429,-3.3));
#47 = VECTOR('',#48,1.);
#48 = DIRECTION('',(1.8E-16,-1.E-16,-1.));
#49 = B_SPLINE_SURFACE_WITH_KNOTS('',1,1,(
    (#50,#51)
    ,(#52,#53
    )),.UNSPECIFIED.,.F.,.F.,.F.,(2,2),(2,2),(1.,2.),(0.,1.77566543719),
  .PIECEWISE_BEZIER_KNOTS.);
#50 = CARTESIAN_POINT('',(14.148458588839,43.922603501688,-3.3));
#51 = CARTESIAN_POINT('',(14.151301195047,41.322030552429,-3.3));
#52 = CARTESIAN_POINT('',(12.852661704721,42.533031468612,-5.2));
#53 = CARTESIAN_POINT('',(14.151301195047,41.322030552429,-4.3));
#54 = ADVANCED_FACE('',(#55),#1137,.T.);
#55 = FACE_BOUND('',#56,.T.);
#56 = EDGE_LOOP('',(#57,#68,#75,#84,#92,#101,#108,#117,#125,#134,#143,
    #152,#160,#169,#178,#187,#195,#203,#211,#220,#229,#238,#246,#255,
    #264,#273,#281,#288,#289,#298,#306,#315,#322,#331,#339,#348,#357,
    #366,#374,#383,#392,#407,#416,#424,#433,#446,#454,#467,#482,#489,
    #502,#517,#526,#535,#543,#552,#561,#570,#579,#587,#596,#605,#614,
    #623,#631,#639,#647,#656,#665,#674,#683,#691,#699,#708,#716,#725,
    #733,#742,#750,#759,#767,#775,#783,#791,#799,#807,#815,#824,#832,
    #841,#849,#858,#866,#875,#883,#891,#900,#909,#918,#927,#935,#944,
    #953,#968,#981,#988,#1003,#1016,#1024,#1037,#1046,#1054,#1063,#1078,
    #1087,#1096,#1104,#1113,#1122,#1131));
#57 = ORIENTED_EDGE('',*,*,#58,.F.);
#58 = EDGE_CURVE('',#59,#61,#63,.T.);
#59 = VERTEX_POINT('',#60);
#60 = CARTESIAN_POINT('',(-8.391454886796,44.507686462984,-3.3));
#61 = VERTEX_POINT('',#62);
#62 = CARTESIAN_POINT('',(-8.398274870397,44.525,-3.3));
#63 = CIRCLE('',#64,1.E-02);
#64 = AXIS2_PLACEMENT_3D('',#65,#66,#67);
#65 = CARTESIAN_POINT('',(-8.398274870396,44.515,-3.3));
#66 = DIRECTION('',(0.,-0.,1.));
#67 = DIRECTION('',(1.,2.842171E-11,0.));
#68 = ORIENTED_EDGE('',*,*,#69,.F.);
#69 = EDGE_CURVE('',#70,#59,#72,.T.);
#70 = VERTEX_POINT('',#71);
#71 = CARTESIAN_POINT('',(-8.394297493003,41.907113513724,-3.3));
#72 = B_SPLINE_CURVE_WITH_KNOTS('',1,(#73,#74),.UNSPECIFIED.,.F.,.F.,(2,
    2),(0.,1.77566543719),.PIECEWISE_BEZIER_KNOTS.);
#73 = CARTESIAN_POINT('',(-8.394297493003,41.907113513724,-3.3));
#74 = CARTESIAN_POINT('',(-8.391454886796,44.507686462984,-3.3));
#75 = ORIENTED_EDGE('',*,*,#76,.F.);
#76 = EDGE_CURVE('',#77,#70,#79,.T.);
#77 = VERTEX_POINT('',#78);
#78 = CARTESIAN_POINT('',(-6.825701264859,37.925,-3.3));
#79 = CIRCLE('',#80,2.3);
#80 = AXIS2_PLACEMENT_3D('',#81,#82,#83);
#81 = CARTESIAN_POINT('',(-6.825701264859,40.225,-3.3));
#82 = DIRECTION('',(0.,0.,-1.));
#83 = DIRECTION('',(1.,0.,0.));
#84 = ORIENTED_EDGE('',*,*,#85,.F.);
#85 = EDGE_CURVE('',#86,#77,#88,.T.);
#86 = VERTEX_POINT('',#87);
#87 = CARTESIAN_POINT('',(13.128303654953,37.925,-3.3));
#88 = LINE('',#89,#90);
#89 = CARTESIAN_POINT('',(13.128303654953,37.925,-3.3));
#90 = VECTOR('',#91,1.);
#91 = DIRECTION('',(-1.,-1.3E-15,0.));
#92 = ORIENTED_EDGE('',*,*,#93,.F.);
#93 = EDGE_CURVE('',#94,#86,#96,.T.);
#94 = VERTEX_POINT('',#95);
#95 = CARTESIAN_POINT('',(14.696899883097,41.907113513724,-3.3));
#96 = CIRCLE('',#97,2.3);
#97 = AXIS2_PLACEMENT_3D('',#98,#99,#100);
#98 = CARTESIAN_POINT('',(13.128303654953,40.225,-3.3));
#99 = DIRECTION('',(0.,0.,-1.));
#100 = DIRECTION('',(1.,0.,0.));
#101 = ORIENTED_EDGE('',*,*,#102,.F.);
#102 = EDGE_CURVE('',#103,#94,#105,.T.);
#103 = VERTEX_POINT('',#104);
#104 = CARTESIAN_POINT('',(14.694057276889,44.507686462984,-3.3));
#105 = B_SPLINE_CURVE_WITH_KNOTS('',1,(#106,#107),.UNSPECIFIED.,.F.,.F.,
  (2,2),(0.,1.77566543719),.PIECEWISE_BEZIER_KNOTS.);
#106 = CARTESIAN_POINT('',(14.694057276889,44.507686462984,-3.3));
#107 = CARTESIAN_POINT('',(14.696899883097,41.907113513724,-3.3));
#108 = ORIENTED_EDGE('',*,*,#109,.F.);
#109 = EDGE_CURVE('',#110,#103,#112,.T.);
#110 = VERTEX_POINT('',#111);
#111 = CARTESIAN_POINT('',(14.70087726049,44.525,-3.3));
#112 = CIRCLE('',#113,9.999999999998E-03);
#113 = AXIS2_PLACEMENT_3D('',#114,#115,#116);
#114 = CARTESIAN_POINT('',(14.70087726049,44.515,-3.3));
#115 = DIRECTION('',(0.,0.,1.));
#116 = DIRECTION('',(1.,0.,-0.));
#117 = ORIENTED_EDGE('',*,*,#118,.F.);
#118 = EDGE_CURVE('',#119,#110,#121,.T.);
#119 = VERTEX_POINT('',#120);
#120 = CARTESIAN_POINT('',(17.70087726049,44.525,-3.3));
#121 = LINE('',#122,#123);
#122 = CARTESIAN_POINT('',(14.70087726049,44.525,-3.3));
#123 = VECTOR('',#124,1.);
#124 = DIRECTION('',(-1.,8.3E-16,0.));
#125 = ORIENTED_EDGE('',*,*,#126,.F.);
#126 = EDGE_CURVE('',#127,#119,#129,.T.);
#127 = VERTEX_POINT('',#128);
#128 = CARTESIAN_POINT('',(17.850854174688,44.377631578947,-3.3));
#129 = CIRCLE('',#130,0.15);
#130 = AXIS2_PLACEMENT_3D('',#131,#132,#133);
#131 = CARTESIAN_POINT('',(17.70087726049,44.375,-3.3));
#132 = DIRECTION('',(0.,-0.,1.));
#133 = DIRECTION('',(1.,4.737E-14,0.));
#134 = ORIENTED_EDGE('',*,*,#135,.F.);
#135 = EDGE_CURVE('',#136,#127,#138,.T.);
#136 = VERTEX_POINT('',#137);
#137 = CARTESIAN_POINT('',(22.961842105263,38.942322740365,-3.3));
#138 = CIRCLE('',#139,5.55);
#139 = AXIS2_PLACEMENT_3D('',#140,#141,#142);
#140 = CARTESIAN_POINT('',(23.4,44.475,-3.3));
#141 = DIRECTION('',(0.,-0.,-1.));
#142 = DIRECTION('',(1.,-1.28E-15,0.));
#143 = ORIENTED_EDGE('',*,*,#144,.F.);
#144 = EDGE_CURVE('',#145,#136,#147,.T.);
#145 = VERTEX_POINT('',#146);
#146 = CARTESIAN_POINT('',(23.1,38.792790922537,-3.3));
#147 = CIRCLE('',#148,0.15);
#148 = AXIS2_PLACEMENT_3D('',#149,#150,#151);
#149 = CARTESIAN_POINT('',(22.95,38.792790922537,-3.3));
#150 = DIRECTION('',(0.,-0.,1.));
#151 = DIRECTION('',(1.,4.737E-14,0.));
#152 = ORIENTED_EDGE('',*,*,#153,.F.);
#153 = EDGE_CURVE('',#154,#145,#156,.T.);
#154 = VERTEX_POINT('',#155);
#155 = CARTESIAN_POINT('',(23.1,13.888942890051,-3.3));
#156 = LINE('',#157,#158);
#157 = CARTESIAN_POINT('',(23.1,38.792790922537,-3.3));
#158 = VECTOR('',#159,1.);
#159 = DIRECTION('',(8.4E-16,1.,0.));
#160 = ORIENTED_EDGE('',*,*,#161,.F.);
#161 = EDGE_CURVE('',#162,#154,#164,.T.);
#162 = VERTEX_POINT('',#163);
#163 = CARTESIAN_POINT('',(23.4325,11.970624941952,-3.3));
#164 = CIRCLE('',#165,5.7);
#165 = AXIS2_PLACEMENT_3D('',#166,#167,#168);
#166 = CARTESIAN_POINT('',(28.8,13.888942890051,-3.3));
#167 = DIRECTION('',(0.,-0.,-1.));
#168 = DIRECTION('',(1.,-9.3E-16,0.));
#169 = ORIENTED_EDGE('',*,*,#170,.F.);
#170 = EDGE_CURVE('',#171,#162,#173,.T.);
#171 = VERTEX_POINT('',#172);
#172 = CARTESIAN_POINT('',(23.4325,11.768696736888,-3.3));
#173 = CIRCLE('',#174,0.3);
#174 = AXIS2_PLACEMENT_3D('',#175,#176,#177);
#175 = CARTESIAN_POINT('',(23.15,11.86966083942,-3.3));
#176 = DIRECTION('',(0.,-0.,1.));
#177 = DIRECTION('',(1.,1.184E-14,0.));
#178 = ORIENTED_EDGE('',*,*,#179,.F.);
#179 = EDGE_CURVE('',#180,#171,#182,.T.);
#180 = VERTEX_POINT('',#181);
#181 = CARTESIAN_POINT('',(23.1,9.850378788789,-3.3));
#182 = CIRCLE('',#183,5.7);
#183 = AXIS2_PLACEMENT_3D('',#184,#185,#186);
#184 = CARTESIAN_POINT('',(28.8,9.850378788789,-3.3));
#185 = DIRECTION('',(0.,-0.,-1.));
#186 = DIRECTION('',(1.,-9.3E-16,0.));
#187 = ORIENTED_EDGE('',*,*,#188,.F.);
#188 = EDGE_CURVE('',#189,#180,#191,.T.);
#189 = VERTEX_POINT('',#190);
#190 = CARTESIAN_POINT('',(23.1,-7.773250068695,-3.3));
#191 = LINE('',#192,#193);
#192 = CARTESIAN_POINT('',(23.1,9.850378788789,-3.3));
#193 = VECTOR('',#194,1.);
#194 = DIRECTION('',(7.5E-16,1.,0.));
#195 = ORIENTED_EDGE('',*,*,#196,.F.);
#196 = EDGE_CURVE('',#197,#189,#199,.T.);
#197 = VERTEX_POINT('',#198);
#198 = CARTESIAN_POINT('',(23.9,-7.773250068695,-3.3));
#199 = LINE('',#200,#201);
#200 = CARTESIAN_POINT('',(26.132759196389,-7.773250068695,-3.3));
#201 = VECTOR('',#202,1.);
#202 = DIRECTION('',(-1.,2.2E-16,-2.8E-16));
#203 = ORIENTED_EDGE('',*,*,#204,.T.);
#204 = EDGE_CURVE('',#197,#205,#207,.T.);
#205 = VERTEX_POINT('',#206);
#206 = CARTESIAN_POINT('',(23.9,9.850378788789,-3.3));
#207 = LINE('',#208,#209);
#208 = CARTESIAN_POINT('',(23.9,9.850378788789,-3.3));
#209 = VECTOR('',#210,1.);
#210 = DIRECTION('',(7.5E-16,1.,0.));
#211 = ORIENTED_EDGE('',*,*,#212,.T.);
#212 = EDGE_CURVE('',#205,#213,#215,.T.);
#213 = VERTEX_POINT('',#214);
#214 = CARTESIAN_POINT('',(24.185833333333,11.499459130138,-3.3));
#215 = CIRCLE('',#216,4.9);
#216 = AXIS2_PLACEMENT_3D('',#217,#218,#219);
#217 = CARTESIAN_POINT('',(28.8,9.850378788789,-3.3));
#218 = DIRECTION('',(0.,-0.,-1.));
#219 = DIRECTION('',(1.,-1.09E-15,0.));
#220 = ORIENTED_EDGE('',*,*,#221,.T.);
#221 = EDGE_CURVE('',#213,#222,#224,.T.);
#222 = VERTEX_POINT('',#223);
#223 = CARTESIAN_POINT('',(24.185833333333,12.239862548702,-3.3));
#224 = CIRCLE('',#225,1.1);
#225 = AXIS2_PLACEMENT_3D('',#226,#227,#228);
#226 = CARTESIAN_POINT('',(23.15,11.86966083942,-3.3));
#227 = DIRECTION('',(0.,-0.,1.));
#228 = DIRECTION('',(1.,3.23E-15,0.));
#229 = ORIENTED_EDGE('',*,*,#230,.T.);
#230 = EDGE_CURVE('',#222,#231,#233,.T.);
#231 = VERTEX_POINT('',#232);
#232 = CARTESIAN_POINT('',(23.9,13.888942890051,-3.3));
#233 = CIRCLE('',#234,4.9);
#234 = AXIS2_PLACEMENT_3D('',#235,#236,#237);
#235 = CARTESIAN_POINT('',(28.8,13.888942890051,-3.3));
#236 = DIRECTION('',(0.,-0.,-1.));
#237 = DIRECTION('',(1.,-1.09E-15,0.));
#238 = ORIENTED_EDGE('',*,*,#239,.T.);
#239 = EDGE_CURVE('',#231,#240,#242,.T.);
#240 = VERTEX_POINT('',#241);
#241 = CARTESIAN_POINT('',(23.9,38.792790922537,-3.3));
#242 = LINE('',#243,#244);
#243 = CARTESIAN_POINT('',(23.9,38.792790922537,-3.3));
#244 = VECTOR('',#245,1.);
#245 = DIRECTION('',(8.4E-16,1.,0.));
#246 = ORIENTED_EDGE('',*,*,#247,.T.);
#247 = EDGE_CURVE('',#240,#248,#250,.T.);
#248 = VERTEX_POINT('',#249);
#249 = CARTESIAN_POINT('',(23.025,39.739825768781,-3.3));
#250 = CIRCLE('',#251,0.95);
#251 = AXIS2_PLACEMENT_3D('',#252,#253,#254);
#252 = CARTESIAN_POINT('',(22.95,38.792790922537,-3.3));
#253 = DIRECTION('',(0.,-0.,1.));
#254 = DIRECTION('',(1.,7.48E-15,0.));
#255 = ORIENTED_EDGE('',*,*,#256,.T.);
#256 = EDGE_CURVE('',#248,#257,#259,.T.);
#257 = VERTEX_POINT('',#258);
#258 = CARTESIAN_POINT('',(18.650731050408,44.391666666667,-3.3));
#259 = CIRCLE('',#260,4.75);
#260 = AXIS2_PLACEMENT_3D('',#261,#262,#263);
#261 = CARTESIAN_POINT('',(23.4,44.475,-3.3));
#262 = DIRECTION('',(0.,-0.,-1.));
#263 = DIRECTION('',(1.,-1.5E-15,0.));
#264 = ORIENTED_EDGE('',*,*,#265,.T.);
#265 = EDGE_CURVE('',#257,#266,#268,.T.);
#266 = VERTEX_POINT('',#267);
#267 = CARTESIAN_POINT('',(17.70087726049,45.325,-3.3));
#268 = CIRCLE('',#269,0.95);
#269 = AXIS2_PLACEMENT_3D('',#270,#271,#272);
#270 = CARTESIAN_POINT('',(17.70087726049,44.375,-3.3));
#271 = DIRECTION('',(0.,-0.,1.));
#272 = DIRECTION('',(1.,7.48E-15,0.));
#273 = ORIENTED_EDGE('',*,*,#274,.T.);
#274 = EDGE_CURVE('',#266,#275,#277,.T.);
#275 = VERTEX_POINT('',#276);
#276 = CARTESIAN_POINT('',(14.70087726049,45.325,-3.3));
#277 = LINE('',#278,#279);
#278 = CARTESIAN_POINT('',(14.70087726049,45.325,-3.3));
#279 = VECTOR('',#280,1.);
#280 = DIRECTION('',(-1.,8.3E-16,0.));
#281 = ORIENTED_EDGE('',*,*,#282,.T.);
#282 = EDGE_CURVE('',#275,#22,#283,.T.);
#283 = CIRCLE('',#284,0.81);
#284 = AXIS2_PLACEMENT_3D('',#285,#286,#287);
#285 = CARTESIAN_POINT('',(14.70087726049,44.515,-3.3));
#286 = DIRECTION('',(0.,0.,1.));
#287 = DIRECTION('',(1.,0.,-0.));
#288 = ORIENTED_EDGE('',*,*,#21,.T.);
#289 = ORIENTED_EDGE('',*,*,#290,.T.);
#290 = EDGE_CURVE('',#24,#291,#293,.T.);
#291 = VERTEX_POINT('',#292);
#292 = CARTESIAN_POINT('',(13.128303654953,38.725,-3.3));
#293 = CIRCLE('',#294,1.5);
#294 = AXIS2_PLACEMENT_3D('',#295,#296,#297);
#295 = CARTESIAN_POINT('',(13.128303654953,40.225,-3.3));
#296 = DIRECTION('',(0.,0.,-1.));
#297 = DIRECTION('',(1.,0.,0.));
#298 = ORIENTED_EDGE('',*,*,#299,.T.);
#299 = EDGE_CURVE('',#291,#300,#302,.T.);
#300 = VERTEX_POINT('',#301);
#301 = CARTESIAN_POINT('',(-6.825701264859,38.725,-3.3));
#302 = LINE('',#303,#304);
#303 = CARTESIAN_POINT('',(13.128303654953,38.725,-3.3));
#304 = VECTOR('',#305,1.);
#305 = DIRECTION('',(-1.,-1.3E-15,0.));
#306 = ORIENTED_EDGE('',*,*,#307,.T.);
#307 = EDGE_CURVE('',#300,#308,#310,.T.);
#308 = VERTEX_POINT('',#309);
#309 = CARTESIAN_POINT('',(-7.848698804953,41.322030552429,-3.3));
#310 = CIRCLE('',#311,1.5);
#311 = AXIS2_PLACEMENT_3D('',#312,#313,#314);
#312 = CARTESIAN_POINT('',(-6.825701264859,40.225,-3.3));
#313 = DIRECTION('',(0.,0.,-1.));
#314 = DIRECTION('',(1.,0.,0.));
#315 = ORIENTED_EDGE('',*,*,#316,.T.);
#316 = EDGE_CURVE('',#308,#317,#319,.T.);
#317 = VERTEX_POINT('',#318);
#318 = CARTESIAN_POINT('',(-7.845856198746,43.922603501689,-3.3));
#319 = B_SPLINE_CURVE_WITH_KNOTS('',1,(#320,#321),.UNSPECIFIED.,.F.,.F.,
  (2,2),(0.,1.77566543719),.PIECEWISE_BEZIER_KNOTS.);
#320 = CARTESIAN_POINT('',(-7.848698804953,41.322030552429,-3.3));
#321 = CARTESIAN_POINT('',(-7.845856198746,43.922603501688,-3.3));
#322 = ORIENTED_EDGE('',*,*,#323,.T.);
#323 = EDGE_CURVE('',#317,#324,#326,.T.);
#324 = VERTEX_POINT('',#325);
#325 = CARTESIAN_POINT('',(-8.398274870397,45.325,-3.3));
#326 = CIRCLE('',#327,0.81);
#327 = AXIS2_PLACEMENT_3D('',#328,#329,#330);
#328 = CARTESIAN_POINT('',(-8.398274870396,44.515,-3.3));
#329 = DIRECTION('',(0.,-0.,1.));
#330 = DIRECTION('',(1.,2.4562E-13,0.));
#331 = ORIENTED_EDGE('',*,*,#332,.T.);
#332 = EDGE_CURVE('',#324,#333,#335,.T.);
#333 = VERTEX_POINT('',#334);
#334 = CARTESIAN_POINT('',(-17.70087726049,45.325,-3.3));
#335 = LINE('',#336,#337);
#336 = CARTESIAN_POINT('',(-17.70087726049,45.325,-3.3));
#337 = VECTOR('',#338,1.);
#338 = DIRECTION('',(-1.,1.0621E-13,-0.));
#339 = ORIENTED_EDGE('',*,*,#340,.T.);
#340 = EDGE_CURVE('',#333,#341,#343,.T.);
#341 = VERTEX_POINT('',#342);
#342 = CARTESIAN_POINT('',(-18.6507310504,44.391666666666,-3.3));
#343 = CIRCLE('',#344,0.95);
#344 = AXIS2_PLACEMENT_3D('',#345,#346,#347);
#345 = CARTESIAN_POINT('',(-17.70087726049,44.375,-3.3));
#346 = DIRECTION('',(0.,-0.,1.));
#347 = DIRECTION('',(1.,2.0942E-13,0.));
#348 = ORIENTED_EDGE('',*,*,#349,.T.);
#349 = EDGE_CURVE('',#341,#350,#352,.T.);
#350 = VERTEX_POINT('',#351);
#351 = CARTESIAN_POINT('',(-22.4,39.831456094748,-3.3));
#352 = CIRCLE('',#353,4.75);
#353 = AXIS2_PLACEMENT_3D('',#354,#355,#356);
#354 = CARTESIAN_POINT('',(-23.4,44.475,-3.3));
#355 = DIRECTION('',(0.,-0.,-1.));
#356 = DIRECTION('',(1.,-4.188E-14,0.));
#357 = ORIENTED_EDGE('',*,*,#358,.T.);
#358 = EDGE_CURVE('',#350,#359,#361,.T.);
#359 = VERTEX_POINT('',#360);
#360 = CARTESIAN_POINT('',(-23.15,38.902747313698,-3.3));
#361 = CIRCLE('',#362,0.95);
#362 = AXIS2_PLACEMENT_3D('',#363,#364,#365);
#363 = CARTESIAN_POINT('',(-22.2,38.902747313698,-3.3));
#364 = DIRECTION('',(0.,-0.,1.));
#365 = DIRECTION('',(1.,2.0194E-13,0.));
#366 = ORIENTED_EDGE('',*,*,#367,.T.);
#367 = EDGE_CURVE('',#359,#368,#370,.T.);
#368 = VERTEX_POINT('',#369);
#369 = CARTESIAN_POINT('',(-23.15,20.706328969317,-3.3));
#370 = LINE('',#371,#372);
#371 = CARTESIAN_POINT('',(-23.15,38.902747313698,-3.3));
#372 = VECTOR('',#373,1.);
#373 = DIRECTION('',(-1.0315E-13,-1.,-0.));
#374 = ORIENTED_EDGE('',*,*,#375,.T.);
#375 = EDGE_CURVE('',#368,#376,#378,.T.);
#376 = VERTEX_POINT('',#377);
#377 = CARTESIAN_POINT('',(-24.04833333333,17.878491652766,-3.3));
#378 = CIRCLE('',#379,4.9);
#379 = AXIS2_PLACEMENT_3D('',#380,#381,#382);
#380 = CARTESIAN_POINT('',(-28.05,20.706328969317,-3.3));
#381 = DIRECTION('',(0.,-0.,-1.));
#382 = DIRECTION('',(1.,-3.988E-14,0.));
#383 = ORIENTED_EDGE('',*,*,#384,.T.);
#384 = EDGE_CURVE('',#376,#385,#387,.T.);
#385 = VERTEX_POINT('',#386);
#386 = CARTESIAN_POINT('',(-24.24999999999,17.243671030683,-3.3));
#387 = CIRCLE('',#388,1.1);
#388 = AXIS2_PLACEMENT_3D('',#389,#390,#391);
#389 = CARTESIAN_POINT('',(-23.14999999999,17.243671030683,-3.3));
#390 = DIRECTION('',(0.,-0.,1.));
#391 = DIRECTION('',(1.,1.8087E-13,0.));
#392 = ORIENTED_EDGE('',*,*,#393,.T.);
#393 = EDGE_CURVE('',#385,#394,#396,.T.);
#394 = VERTEX_POINT('',#395);
#395 = CARTESIAN_POINT('',(-21.73327448209,14.599263950281,-3.3));
#396 = B_SPLINE_CURVE_WITH_KNOTS('',9,(#397,#398,#399,#400,#401,#402,
    #403,#404,#405,#406),.UNSPECIFIED.,.F.,.F.,(10,10),(3.14159265359,
    5.204221329804),.PIECEWISE_BEZIER_KNOTS.);
#397 = CARTESIAN_POINT('',(-24.24999999999,17.243671030683,-3.3));
#398 = CARTESIAN_POINT('',(-24.4611111111,16.991571970256,-3.3));
#399 = CARTESIAN_POINT('',(-24.60722387831,16.630611951921,
    -3.299999999999));
#400 = CARTESIAN_POINT('',(-24.64022099004,16.179942763781,
    -3.300000000002));
#401 = CARTESIAN_POINT('',(-24.51858308927,15.680776827205,
    -3.299999999998));
#402 = CARTESIAN_POINT('',(-24.21869150565,15.193637319973,
    -3.300000000002));
#403 = CARTESIAN_POINT('',(-23.74500528587,14.788717746509,
    -3.299999999998));
#404 = CARTESIAN_POINT('',(-23.13251691204,14.529731857822,
    -3.300000000001));
#405 = CARTESIAN_POINT('',(-22.43901774545,14.460665335988,-3.3));
#406 = CARTESIAN_POINT('',(-21.73327448209,14.599263950281,-3.3));
#407 = ORIENTED_EDGE('',*,*,#408,.T.);
#408 = EDGE_CURVE('',#394,#409,#411,.T.);
#409 = VERTEX_POINT('',#410);
#410 = CARTESIAN_POINT('',(-20.16059684611,16.991609095432,-3.3));
#411 = CIRCLE('',#412,3.000024315854);
#412 = AXIS2_PLACEMENT_3D('',#413,#414,#415);
#413 = CARTESIAN_POINT('',(-23.15001148293,17.24369246437,-3.3));
#414 = DIRECTION('',(-0.,0.,1.));
#415 = DIRECTION('',(1.,-5.3314E-12,0.));
#416 = ORIENTED_EDGE('',*,*,#417,.T.);
#417 = EDGE_CURVE('',#409,#418,#420,.T.);
#418 = VERTEX_POINT('',#419);
#419 = CARTESIAN_POINT('',(-19.49858538759,24.842292590941,-3.3));
#420 = LINE('',#421,#422);
#421 = CARTESIAN_POINT('',(-20.16059684611,16.991609095432,-3.3));
#422 = VECTOR('',#423,1.);
#423 = DIRECTION('',(8.402710857193E-02,0.996463468987,-0.));
#424 = ORIENTED_EDGE('',*,*,#425,.T.);
#425 = EDGE_CURVE('',#418,#426,#428,.T.);
#426 = VERTEX_POINT('',#427);
#427 = CARTESIAN_POINT('',(-18.87632283861,25.140296776548,-3.3));
#428 = CIRCLE('',#429,0.4);
#429 = AXIS2_PLACEMENT_3D('',#430,#431,#432);
#430 = CARTESIAN_POINT('',(-19.1,24.808681747526,-3.3));
#431 = DIRECTION('',(0.,0.,-1.));
#432 = DIRECTION('',(1.,3.998579E-11,0.));
#433 = ORIENTED_EDGE('',*,*,#434,.T.);
#434 = EDGE_CURVE('',#426,#435,#437,.T.);
#435 = VERTEX_POINT('',#436);
#436 = CARTESIAN_POINT('',(-17.9,24.808681747526,-3.3));
#437 = B_SPLINE_CURVE_WITH_KNOTS('',7,(#438,#439,#440,#441,#442,#443,
    #444,#445),.UNSPECIFIED.,.F.,.F.,(8,8),(5.305800926063,6.28318530718
    ),.PIECEWISE_BEZIER_KNOTS.);
#438 = CARTESIAN_POINT('',(-18.87632283861,25.140296776548,-3.3));
#439 = CARTESIAN_POINT('',(-18.76611288537,25.203812704276,-3.3));
#440 = CARTESIAN_POINT('',(-18.63012228856,25.238965309705,-3.3));
#441 = CARTESIAN_POINT('',(-18.47593078212,25.237698889135,-3.3));
#442 = CARTESIAN_POINT('',(-18.31382109347,25.194301063223,-3.3));
#443 = CARTESIAN_POINT('',(-18.15586514938,25.1065512732,-3.3));
#444 = CARTESIAN_POINT('',(-18.01428571428,24.976233355718,-3.3));
#445 = CARTESIAN_POINT('',(-17.9,24.808681747526,-3.3));
#446 = ORIENTED_EDGE('',*,*,#447,.T.);
#447 = EDGE_CURVE('',#435,#448,#450,.T.);
#448 = VERTEX_POINT('',#449);
#449 = CARTESIAN_POINT('',(-17.9,-19.54131825247,-3.3));
#450 = LINE('',#451,#452);
#451 = CARTESIAN_POINT('',(-17.9,24.808681747526,-3.3));
#452 = VECTOR('',#453,1.);
#453 = DIRECTION('',(0.,-1.,0.));
#454 = ORIENTED_EDGE('',*,*,#455,.T.);
#455 = EDGE_CURVE('',#448,#456,#458,.T.);
#456 = VERTEX_POINT('',#457);
#457 = CARTESIAN_POINT('',(-18.87632283861,-19.87293328149,-3.3));
#458 = B_SPLINE_CURVE_WITH_KNOTS('',7,(#459,#460,#461,#462,#463,#464,
    #465,#466),.UNSPECIFIED.,.F.,.F.,(8,8),(-4.44E-15,0.977384381117),
  .PIECEWISE_BEZIER_KNOTS.);
#459 = CARTESIAN_POINT('',(-17.9,-19.54131825247,-3.3));
#460 = CARTESIAN_POINT('',(-18.01428571428,-19.70886986066,-3.3));
#461 = CARTESIAN_POINT('',(-18.15586514938,-19.83918777814,-3.3));
#462 = CARTESIAN_POINT('',(-18.31382109348,-19.92693756817,-3.3));
#463 = CARTESIAN_POINT('',(-18.47593078212,-19.97033539408,-3.3));
#464 = CARTESIAN_POINT('',(-18.63012228856,-19.97160181465,-3.3));
#465 = CARTESIAN_POINT('',(-18.76611288537,-19.93644920922,-3.3));
#466 = CARTESIAN_POINT('',(-18.87632283861,-19.87293328149,-3.3));
#467 = ORIENTED_EDGE('',*,*,#468,.T.);
#468 = EDGE_CURVE('',#456,#469,#471,.T.);
#469 = VERTEX_POINT('',#470);
#470 = CARTESIAN_POINT('',(-19.49858538759,-19.5749290959,-3.3));
#471 = B_SPLINE_CURVE_WITH_KNOTS('',9,(#472,#473,#474,#475,#476,#477,
    #478,#479,#480,#481),.UNSPECIFIED.,.F.,.F.,(10,10),(0.977384381117,
    3.05746634985),.PIECEWISE_BEZIER_KNOTS.);
#472 = CARTESIAN_POINT('',(-18.87632283861,-19.87293328149,-3.3));
#473 = CARTESIAN_POINT('',(-18.95296577665,-19.92462959596,-3.3));
#474 = CARTESIAN_POINT('',(-19.04305028615,-19.95639796125,-3.3));
#475 = CARTESIAN_POINT('',(-19.14065465579,-19.96424407514,-3.3));
#476 = CARTESIAN_POINT('',(-19.23847269838,-19.9462272298,
    -3.299999999999));
#477 = CARTESIAN_POINT('',(-19.32866665097,-19.90303296167,
    -3.300000000001));
#478 = CARTESIAN_POINT('',(-19.40402377904,-19.83811548005,-3.3));
#479 = CARTESIAN_POINT('',(-19.45909665582,-19.75715158242,-3.3));
#480 = CARTESIAN_POINT('',(-19.4908172421,-19.66705023787,-3.3));
#481 = CARTESIAN_POINT('',(-19.49858538759,-19.5749290959,-3.3));
#482 = ORIENTED_EDGE('',*,*,#483,.T.);
#483 = EDGE_CURVE('',#469,#484,#486,.T.);
#484 = VERTEX_POINT('',#485);
#485 = CARTESIAN_POINT('',(-20.16059684611,-11.72424560038,-3.3));
#486 = B_SPLINE_CURVE_WITH_KNOTS('',1,(#487,#488),.UNSPECIFIED.,.F.,.F.,
  (2,2),(0.,7.878546218553),.PIECEWISE_BEZIER_KNOTS.);
#487 = CARTESIAN_POINT('',(-19.49858538759,-19.5749290959,-3.3));
#488 = CARTESIAN_POINT('',(-20.16059684611,-11.72424560038,-3.3));
#489 = ORIENTED_EDGE('',*,*,#490,.T.);
#490 = EDGE_CURVE('',#484,#491,#493,.T.);
#491 = VERTEX_POINT('',#492);
#492 = CARTESIAN_POINT('',(-21.73327448207,-9.331900455231,-3.3));
#493 = B_SPLINE_CURVE_WITH_KNOTS('',7,(#494,#495,#496,#497,#498,#499,
    #500,#501),.UNSPECIFIED.,.F.,.F.,(8,8),(8.412630373932E-02,
    1.078963977376),.PIECEWISE_BEZIER_KNOTS.);
#494 = CARTESIAN_POINT('',(-20.16059684611,-11.72424560038,-3.3));
#495 = CARTESIAN_POINT('',(-20.19642285073,-11.29939098569,-3.3));
#496 = CARTESIAN_POINT('',(-20.3026924181,-10.88047654751,-3.3));
#497 = CARTESIAN_POINT('',(-20.47822324004,-10.48151802856,-3.3));
#498 = CARTESIAN_POINT('',(-20.7183500869,-10.11623891276,-3.3));
#499 = CARTESIAN_POINT('',(-21.01500834174,-9.796907033472,-3.3));
#500 = CARTESIAN_POINT('',(-21.35744918049,-9.533246646958,-3.3));
#501 = CARTESIAN_POINT('',(-21.73327448207,-9.331900455231,-3.3));
#502 = ORIENTED_EDGE('',*,*,#503,.T.);
#503 = EDGE_CURVE('',#491,#504,#506,.T.);
#504 = VERTEX_POINT('',#505);
#505 = CARTESIAN_POINT('',(-24.24999999997,-11.97631539464,-3.3));
#506 = B_SPLINE_CURVE_WITH_KNOTS('',9,(#507,#508,#509,#510,#511,#512,
    #513,#514,#515,#516),.UNSPECIFIED.,.F.,.F.,(10,10),(1.078963977376,
    3.141599798152),.PIECEWISE_BEZIER_KNOTS.);
#507 = CARTESIAN_POINT('',(-21.73327448207,-9.331900455231,-3.3));
#508 = CARTESIAN_POINT('',(-22.43901984468,-9.19330071628,-3.3));
#509 = CARTESIAN_POINT('',(-23.13252135807,-9.262367374017,-3.3));
#510 = CARTESIAN_POINT('',(-23.74501169032,-9.521354621654,-3.3));
#511 = CARTESIAN_POINT('',(-24.21869892925,-9.926276412227,-3.3));
#512 = CARTESIAN_POINT('',(-24.51859031189,-10.41341838008,-3.3));
#513 = CARTESIAN_POINT('',(-24.64022690567,-10.91258636383,-3.3));
#514 = CARTESIAN_POINT('',(-24.60722780804,-11.36325674458,-3.3));
#515 = CARTESIAN_POINT('',(-24.46111291222,-11.72421696929,-3.3));
#516 = CARTESIAN_POINT('',(-24.24999999997,-11.97631539464,-3.3));
#517 = ORIENTED_EDGE('',*,*,#518,.T.);
#518 = EDGE_CURVE('',#504,#519,#521,.T.);
#519 = VERTEX_POINT('',#520);
#520 = CARTESIAN_POINT('',(-24.04833333333,-12.61112815771,-3.3));
#521 = CIRCLE('',#522,1.1);
#522 = AXIS2_PLACEMENT_3D('',#523,#524,#525);
#523 = CARTESIAN_POINT('',(-23.14999999999,-11.97630753563,-3.3));
#524 = DIRECTION('',(0.,-0.,1.));
#525 = DIRECTION('',(1.,3.23E-15,0.));
#526 = ORIENTED_EDGE('',*,*,#527,.T.);
#527 = EDGE_CURVE('',#519,#528,#530,.T.);
#528 = VERTEX_POINT('',#529);
#529 = CARTESIAN_POINT('',(-23.15,-15.43896547426,-3.3));
#530 = CIRCLE('',#531,4.9);
#531 = AXIS2_PLACEMENT_3D('',#532,#533,#534);
#532 = CARTESIAN_POINT('',(-28.05,-15.43896547426,-3.3));
#533 = DIRECTION('',(0.,-0.,-1.));
#534 = DIRECTION('',(1.,-7.3E-16,0.));
#535 = ORIENTED_EDGE('',*,*,#536,.T.);
#536 = EDGE_CURVE('',#528,#537,#539,.T.);
#537 = VERTEX_POINT('',#538);
#538 = CARTESIAN_POINT('',(-23.15,-35.36120304472,-3.3));
#539 = LINE('',#540,#541);
#540 = CARTESIAN_POINT('',(-23.15,-15.43896547426,-3.3));
#541 = VECTOR('',#542,1.);
#542 = DIRECTION('',(-1.7E-16,-1.,0.));
#543 = ORIENTED_EDGE('',*,*,#544,.T.);
#544 = EDGE_CURVE('',#537,#545,#547,.T.);
#545 = VERTEX_POINT('',#546);
#546 = CARTESIAN_POINT('',(-24.07136752135,-38.22135751605,-3.3));
#547 = CIRCLE('',#548,4.9);
#548 = AXIS2_PLACEMENT_3D('',#549,#550,#551);
#549 = CARTESIAN_POINT('',(-28.05,-35.36120304472,-3.3));
#550 = DIRECTION('',(0.,-0.,-1.));
#551 = DIRECTION('',(1.,-1.45E-15,0.));
#552 = ORIENTED_EDGE('',*,*,#553,.T.);
#553 = EDGE_CURVE('',#545,#554,#556,.T.);
#554 = VERTEX_POINT('',#555);
#555 = CARTESIAN_POINT('',(-23.31666666665,-39.7257310504,-3.3));
#556 = CIRCLE('',#557,0.95);
#557 = AXIS2_PLACEMENT_3D('',#558,#559,#560);
#558 = CARTESIAN_POINT('',(-23.29999999998,-38.77587726049,-3.3));
#559 = DIRECTION('',(0.,-0.,1.));
#560 = DIRECTION('',(1.,7.48E-15,0.));
#561 = ORIENTED_EDGE('',*,*,#562,.T.);
#562 = EDGE_CURVE('',#554,#563,#565,.T.);
#563 = VERTEX_POINT('',#564);
#564 = CARTESIAN_POINT('',(-18.6507310504,-44.39166666666,-3.3));
#565 = CIRCLE('',#566,4.75);
#566 = AXIS2_PLACEMENT_3D('',#567,#568,#569);
#567 = CARTESIAN_POINT('',(-23.4,-44.475,-3.3));
#568 = DIRECTION('',(0.,0.,-1.));
#569 = DIRECTION('',(1.,0.,0.));
#570 = ORIENTED_EDGE('',*,*,#571,.T.);
#571 = EDGE_CURVE('',#563,#572,#574,.T.);
#572 = VERTEX_POINT('',#573);
#573 = CARTESIAN_POINT('',(-17.70087726049,-45.325,-3.3));
#574 = CIRCLE('',#575,0.95);
#575 = AXIS2_PLACEMENT_3D('',#576,#577,#578);
#576 = CARTESIAN_POINT('',(-17.70087726049,-44.375,-3.3));
#577 = DIRECTION('',(0.,0.,1.));
#578 = DIRECTION('',(1.,0.,-0.));
#579 = ORIENTED_EDGE('',*,*,#580,.T.);
#580 = EDGE_CURVE('',#572,#581,#583,.T.);
#581 = VERTEX_POINT('',#582);
#582 = CARTESIAN_POINT('',(17.70087726049,-45.325,-3.3));
#583 = LINE('',#584,#585);
#584 = CARTESIAN_POINT('',(17.70087726049,-45.325,-3.3));
#585 = VECTOR('',#586,1.);
#586 = DIRECTION('',(1.,-2.9E-16,0.));
#587 = ORIENTED_EDGE('',*,*,#588,.T.);
#588 = EDGE_CURVE('',#581,#589,#591,.T.);
#589 = VERTEX_POINT('',#590);
#590 = CARTESIAN_POINT('',(18.650731050408,-44.39166666666,-3.3));
#591 = CIRCLE('',#592,0.95);
#592 = AXIS2_PLACEMENT_3D('',#593,#594,#595);
#593 = CARTESIAN_POINT('',(17.70087726049,-44.375,-3.3));
#594 = DIRECTION('',(0.,0.,1.));
#595 = DIRECTION('',(1.,0.,-0.));
#596 = ORIENTED_EDGE('',*,*,#597,.T.);
#597 = EDGE_CURVE('',#589,#598,#600,.T.);
#598 = VERTEX_POINT('',#599);
#599 = CARTESIAN_POINT('',(23.316666666667,-39.7257310504,-3.3));
#600 = CIRCLE('',#601,4.75);
#601 = AXIS2_PLACEMENT_3D('',#602,#603,#604);
#602 = CARTESIAN_POINT('',(23.4,-44.475,-3.3));
#603 = DIRECTION('',(0.,0.,-1.));
#604 = DIRECTION('',(1.,0.,0.));
#605 = ORIENTED_EDGE('',*,*,#606,.T.);
#606 = EDGE_CURVE('',#598,#607,#609,.T.);
#607 = VERTEX_POINT('',#608);
#608 = CARTESIAN_POINT('',(24.193162393162,-38.45220931422,-3.3));
#609 = CIRCLE('',#610,0.95);
#610 = AXIS2_PLACEMENT_3D('',#611,#612,#613);
#611 = CARTESIAN_POINT('',(23.3,-38.77587726049,-3.3));
#612 = DIRECTION('',(0.,0.,1.));
#613 = DIRECTION('',(1.,0.,-0.));
#614 = ORIENTED_EDGE('',*,*,#615,.T.);
#615 = EDGE_CURVE('',#607,#616,#618,.T.);
#616 = VERTEX_POINT('',#617);
#617 = CARTESIAN_POINT('',(23.9,-36.78276411769,-3.3));
#618 = CIRCLE('',#619,4.9);
#619 = AXIS2_PLACEMENT_3D('',#620,#621,#622);
#620 = CARTESIAN_POINT('',(28.8,-36.78276411769,-3.3));
#621 = DIRECTION('',(0.,-0.,-1.));
#622 = DIRECTION('',(1.,-1.45E-15,0.));
#623 = ORIENTED_EDGE('',*,*,#624,.T.);
#624 = EDGE_CURVE('',#616,#625,#627,.T.);
#625 = VERTEX_POINT('',#626);
#626 = CARTESIAN_POINT('',(23.9,-32.575,-3.3));
#627 = LINE('',#628,#629);
#628 = CARTESIAN_POINT('',(23.9,9.850378788789,-3.3));
#629 = VECTOR('',#630,1.);
#630 = DIRECTION('',(7.5E-16,1.,0.));
#631 = ORIENTED_EDGE('',*,*,#632,.T.);
#632 = EDGE_CURVE('',#625,#633,#635,.T.);
#633 = VERTEX_POINT('',#634);
#634 = CARTESIAN_POINT('',(23.1,-32.575,-3.3));
#635 = LINE('',#636,#637);
#636 = CARTESIAN_POINT('',(26.132759196389,-32.575,-3.3));
#637 = VECTOR('',#638,1.);
#638 = DIRECTION('',(-1.,2.2E-16,-2.8E-16));
#639 = ORIENTED_EDGE('',*,*,#640,.F.);
#640 = EDGE_CURVE('',#641,#633,#643,.T.);
#641 = VERTEX_POINT('',#642);
#642 = CARTESIAN_POINT('',(23.1,-36.78276411769,-3.3));
#643 = LINE('',#644,#645);
#644 = CARTESIAN_POINT('',(23.1,9.850378788789,-3.3));
#645 = VECTOR('',#646,1.);
#646 = DIRECTION('',(7.5E-16,1.,0.));
#647 = ORIENTED_EDGE('',*,*,#648,.F.);
#648 = EDGE_CURVE('',#649,#641,#651,.T.);
#649 = VERTEX_POINT('',#650);
#650 = CARTESIAN_POINT('',(23.441025641026,-38.72477179529,-3.3));
#651 = CIRCLE('',#652,5.7);
#652 = AXIS2_PLACEMENT_3D('',#653,#654,#655);
#653 = CARTESIAN_POINT('',(28.8,-36.78276411769,-3.3));
#654 = DIRECTION('',(0.,-0.,-1.));
#655 = DIRECTION('',(1.,-1.25E-15,0.));
#656 = ORIENTED_EDGE('',*,*,#657,.F.);
#657 = EDGE_CURVE('',#658,#649,#660,.T.);
#658 = VERTEX_POINT('',#659);
#659 = CARTESIAN_POINT('',(23.302631578947,-38.92585417468,-3.3));
#660 = CIRCLE('',#661,0.15);
#661 = AXIS2_PLACEMENT_3D('',#662,#663,#664);
#662 = CARTESIAN_POINT('',(23.3,-38.77587726049,-3.3));
#663 = DIRECTION('',(0.,0.,1.));
#664 = DIRECTION('',(1.,0.,-0.));
#665 = ORIENTED_EDGE('',*,*,#666,.F.);
#666 = EDGE_CURVE('',#667,#658,#669,.T.);
#667 = VERTEX_POINT('',#668);
#668 = CARTESIAN_POINT('',(17.850854174688,-44.37763157894,-3.3));
#669 = CIRCLE('',#670,5.55);
#670 = AXIS2_PLACEMENT_3D('',#671,#672,#673);
#671 = CARTESIAN_POINT('',(23.4,-44.475,-3.3));
#672 = DIRECTION('',(0.,0.,-1.));
#673 = DIRECTION('',(1.,0.,0.));
#674 = ORIENTED_EDGE('',*,*,#675,.F.);
#675 = EDGE_CURVE('',#676,#667,#678,.T.);
#676 = VERTEX_POINT('',#677);
#677 = CARTESIAN_POINT('',(17.70087726049,-44.525,-3.3));
#678 = CIRCLE('',#679,0.15);
#679 = AXIS2_PLACEMENT_3D('',#680,#681,#682);
#680 = CARTESIAN_POINT('',(17.70087726049,-44.375,-3.3));
#681 = DIRECTION('',(0.,0.,1.));
#682 = DIRECTION('',(1.,0.,-0.));
#683 = ORIENTED_EDGE('',*,*,#684,.F.);
#684 = EDGE_CURVE('',#685,#676,#687,.T.);
#685 = VERTEX_POINT('',#686);
#686 = CARTESIAN_POINT('',(-9.300877260485,-44.525,-3.3));
#687 = LINE('',#688,#689);
#688 = CARTESIAN_POINT('',(17.70087726049,-44.525,-3.3));
#689 = VECTOR('',#690,1.);
#690 = DIRECTION('',(1.,-2.9E-16,0.));
#691 = ORIENTED_EDGE('',*,*,#692,.F.);
#692 = EDGE_CURVE('',#693,#685,#695,.T.);
#693 = VERTEX_POINT('',#694);
#694 = CARTESIAN_POINT('',(-9.300877260485,-42.52500017575,-3.3));
#695 = LINE('',#696,#697);
#696 = CARTESIAN_POINT('',(-9.300877260485,-44.525,-3.3));
#697 = VECTOR('',#698,1.);
#698 = DIRECTION('',(6.7E-16,-1.,-0.));
#699 = ORIENTED_EDGE('',*,*,#700,.F.);
#700 = EDGE_CURVE('',#701,#693,#703,.T.);
#701 = VERTEX_POINT('',#702);
#702 = CARTESIAN_POINT('',(-7.700877436237,-40.9250003515,-3.3));
#703 = CIRCLE('',#704,1.599999824248);
#704 = AXIS2_PLACEMENT_3D('',#705,#706,#707);
#705 = CARTESIAN_POINT('',(-7.700877436237,-42.52500017575,-3.3));
#706 = DIRECTION('',(0.,0.,1.));
#707 = DIRECTION('',(1.,0.,-0.));
#708 = ORIENTED_EDGE('',*,*,#709,.F.);
#709 = EDGE_CURVE('',#710,#701,#712,.T.);
#710 = VERTEX_POINT('',#711);
#711 = CARTESIAN_POINT('',(-6.200873335366,-40.9250003515,-3.3));
#712 = LINE('',#713,#714);
#713 = CARTESIAN_POINT('',(-7.700877436237,-40.9250003515,-3.3));
#714 = VECTOR('',#715,1.);
#715 = DIRECTION('',(-1.,-6.E-17,-0.));
#716 = ORIENTED_EDGE('',*,*,#717,.F.);
#717 = EDGE_CURVE('',#718,#710,#720,.T.);
#718 = VERTEX_POINT('',#719);
#719 = CARTESIAN_POINT('',(-6.200873335366,-36.125000703,-3.3));
#720 = CIRCLE('',#721,2.399999824248);
#721 = AXIS2_PLACEMENT_3D('',#722,#723,#724);
#722 = CARTESIAN_POINT('',(-6.200873335366,-38.52500052725,-3.3));
#723 = DIRECTION('',(0.,0.,-1.));
#724 = DIRECTION('',(1.,0.,0.));
#725 = ORIENTED_EDGE('',*,*,#726,.F.);
#726 = EDGE_CURVE('',#727,#718,#729,.T.);
#727 = VERTEX_POINT('',#728);
#728 = CARTESIAN_POINT('',(-13.20087743624,-36.125000703,-3.3));
#729 = LINE('',#730,#731);
#730 = CARTESIAN_POINT('',(-6.200873335366,-36.125000703,-3.3));
#731 = VECTOR('',#732,1.);
#732 = DIRECTION('',(1.,6.E-16,-0.));
#733 = ORIENTED_EDGE('',*,*,#734,.F.);
#734 = EDGE_CURVE('',#735,#727,#737,.T.);
#735 = VERTEX_POINT('',#736);
#736 = CARTESIAN_POINT('',(-13.20087893599,-32.92500105451,-3.3));
#737 = CIRCLE('',#738,1.599999824248);
#738 = AXIS2_PLACEMENT_3D('',#739,#740,#741);
#739 = CARTESIAN_POINT('',(-13.20087743624,-34.52500087876,-3.3));
#740 = DIRECTION('',(0.,0.,1.));
#741 = DIRECTION('',(1.,0.,-0.));
#742 = ORIENTED_EDGE('',*,*,#743,.F.);
#743 = EDGE_CURVE('',#744,#735,#746,.T.);
#744 = VERTEX_POINT('',#745);
#745 = CARTESIAN_POINT('',(-11.70087483512,-32.92499964849,-3.3));
#746 = LINE('',#747,#748);
#747 = CARTESIAN_POINT('',(-13.20087893599,-32.92500105451,-3.3));
#748 = VECTOR('',#749,1.);
#749 = DIRECTION('',(-1.,-9.3734286472E-07,0.));
#750 = ORIENTED_EDGE('',*,*,#751,.F.);
#751 = EDGE_CURVE('',#752,#744,#754,.T.);
#752 = VERTEX_POINT('',#753);
#753 = CARTESIAN_POINT('',(-9.300877260495,-30.52499982424,-3.3));
#754 = CIRCLE('',#755,2.399999824248);
#755 = AXIS2_PLACEMENT_3D('',#756,#757,#758);
#756 = CARTESIAN_POINT('',(-11.70087708474,-30.52499982424,-3.3));
#757 = DIRECTION('',(0.,0.,-1.));
#758 = DIRECTION('',(1.,0.,0.));
#759 = ORIENTED_EDGE('',*,*,#760,.F.);
#760 = EDGE_CURVE('',#761,#752,#763,.T.);
#761 = VERTEX_POINT('',#762);
#762 = CARTESIAN_POINT('',(-9.30087726049,-27.725,-3.3));
#763 = LINE('',#764,#765);
#764 = CARTESIAN_POINT('',(-9.300877260495,-30.52499982424,-3.3));
#765 = VECTOR('',#766,1.);
#766 = DIRECTION('',(7.77E-15,-1.,-0.));
#767 = ORIENTED_EDGE('',*,*,#768,.T.);
#768 = EDGE_CURVE('',#761,#769,#771,.T.);
#769 = VERTEX_POINT('',#770);
#770 = CARTESIAN_POINT('',(-4.20087726049,-27.725,-3.3));
#771 = LINE('',#772,#773);
#772 = CARTESIAN_POINT('',(-15.20087726049,-27.725,-3.3));
#773 = VECTOR('',#774,1.);
#774 = DIRECTION('',(1.,0.,0.));
#775 = ORIENTED_EDGE('',*,*,#776,.F.);
#776 = EDGE_CURVE('',#777,#769,#779,.T.);
#777 = VERTEX_POINT('',#778);
#778 = CARTESIAN_POINT('',(-4.20087726049,-26.925,-3.3));
#779 = LINE('',#780,#781);
#780 = CARTESIAN_POINT('',(-4.20087726049,-26.925,-3.3));
#781 = VECTOR('',#782,1.);
#782 = DIRECTION('',(0.,-1.,0.));
#783 = ORIENTED_EDGE('',*,*,#784,.F.);
#784 = EDGE_CURVE('',#785,#777,#787,.T.);
#785 = VERTEX_POINT('',#786);
#786 = CARTESIAN_POINT('',(-15.20087726049,-26.925,-3.3));
#787 = LINE('',#788,#789);
#788 = CARTESIAN_POINT('',(-15.20087726049,-26.925,-3.3));
#789 = VECTOR('',#790,1.);
#790 = DIRECTION('',(1.,0.,0.));
#791 = ORIENTED_EDGE('',*,*,#792,.T.);
#792 = EDGE_CURVE('',#785,#793,#795,.T.);
#793 = VERTEX_POINT('',#794);
#794 = CARTESIAN_POINT('',(-15.20087726049,-27.725,-3.3));
#795 = LINE('',#796,#797);
#796 = CARTESIAN_POINT('',(-15.20087726049,-26.925,-3.3));
#797 = VECTOR('',#798,1.);
#798 = DIRECTION('',(0.,-1.,0.));
#799 = ORIENTED_EDGE('',*,*,#800,.T.);
#800 = EDGE_CURVE('',#793,#801,#803,.T.);
#801 = VERTEX_POINT('',#802);
#802 = CARTESIAN_POINT('',(-10.10087726049,-27.725,-3.3));
#803 = LINE('',#804,#805);
#804 = CARTESIAN_POINT('',(-15.20087726049,-27.725,-3.3));
#805 = VECTOR('',#806,1.);
#806 = DIRECTION('',(1.,0.,0.));
#807 = ORIENTED_EDGE('',*,*,#808,.T.);
#808 = EDGE_CURVE('',#801,#809,#811,.T.);
#809 = VERTEX_POINT('',#810);
#810 = CARTESIAN_POINT('',(-10.10087726049,-30.52499982424,-3.3));
#811 = LINE('',#812,#813);
#812 = CARTESIAN_POINT('',(-10.10087726049,-28.525,-3.3));
#813 = VECTOR('',#814,1.);
#814 = DIRECTION('',(7.77E-15,-1.,-0.));
#815 = ORIENTED_EDGE('',*,*,#816,.T.);
#816 = EDGE_CURVE('',#809,#817,#819,.T.);
#817 = VERTEX_POINT('',#818);
#818 = CARTESIAN_POINT('',(-11.70087558499,-32.12499964849,-3.3));
#819 = CIRCLE('',#820,1.599999824248);
#820 = AXIS2_PLACEMENT_3D('',#821,#822,#823);
#821 = CARTESIAN_POINT('',(-11.70087708474,-30.52499982424,-3.3));
#822 = DIRECTION('',(0.,0.,-1.));
#823 = DIRECTION('',(1.,0.,0.));
#824 = ORIENTED_EDGE('',*,*,#825,.T.);
#825 = EDGE_CURVE('',#817,#826,#828,.T.);
#826 = VERTEX_POINT('',#827);
#827 = CARTESIAN_POINT('',(-13.20087968586,-32.12500105451,-3.3));
#828 = LINE('',#829,#830);
#829 = CARTESIAN_POINT('',(-13.20087968586,-32.12500105451,-3.3));
#830 = VECTOR('',#831,1.);
#831 = DIRECTION('',(-1.,-9.3734286472E-07,0.));
#832 = ORIENTED_EDGE('',*,*,#833,.T.);
#833 = EDGE_CURVE('',#826,#834,#836,.T.);
#834 = VERTEX_POINT('',#835);
#835 = CARTESIAN_POINT('',(-13.20087743624,-36.925000703,-3.3));
#836 = CIRCLE('',#837,2.399999824248);
#837 = AXIS2_PLACEMENT_3D('',#838,#839,#840);
#838 = CARTESIAN_POINT('',(-13.20087743624,-34.52500087876,-3.3));
#839 = DIRECTION('',(0.,0.,1.));
#840 = DIRECTION('',(1.,0.,-0.));
#841 = ORIENTED_EDGE('',*,*,#842,.T.);
#842 = EDGE_CURVE('',#834,#843,#845,.T.);
#843 = VERTEX_POINT('',#844);
#844 = CARTESIAN_POINT('',(-6.200873335366,-36.925000703,-3.3));
#845 = LINE('',#846,#847);
#846 = CARTESIAN_POINT('',(-6.200873335366,-36.925000703,-3.3));
#847 = VECTOR('',#848,1.);
#848 = DIRECTION('',(1.,6.E-16,-0.));
#849 = ORIENTED_EDGE('',*,*,#850,.T.);
#850 = EDGE_CURVE('',#843,#851,#853,.T.);
#851 = VERTEX_POINT('',#852);
#852 = CARTESIAN_POINT('',(-6.200873335366,-40.1250003515,-3.3));
#853 = CIRCLE('',#854,1.599999824248);
#854 = AXIS2_PLACEMENT_3D('',#855,#856,#857);
#855 = CARTESIAN_POINT('',(-6.200873335366,-38.52500052725,-3.3));
#856 = DIRECTION('',(0.,0.,-1.));
#857 = DIRECTION('',(1.,0.,0.));
#858 = ORIENTED_EDGE('',*,*,#859,.T.);
#859 = EDGE_CURVE('',#851,#860,#862,.T.);
#860 = VERTEX_POINT('',#861);
#861 = CARTESIAN_POINT('',(-7.700877436237,-40.1250003515,-3.3));
#862 = LINE('',#863,#864);
#863 = CARTESIAN_POINT('',(-7.700877436237,-40.1250003515,-3.3));
#864 = VECTOR('',#865,1.);
#865 = DIRECTION('',(-1.,-6.E-17,-0.));
#866 = ORIENTED_EDGE('',*,*,#867,.T.);
#867 = EDGE_CURVE('',#860,#868,#870,.T.);
#868 = VERTEX_POINT('',#869);
#869 = CARTESIAN_POINT('',(-10.10087726048,-42.52500017575,-3.3));
#870 = CIRCLE('',#871,2.399999824248);
#871 = AXIS2_PLACEMENT_3D('',#872,#873,#874);
#872 = CARTESIAN_POINT('',(-7.700877436237,-42.52500017575,-3.3));
#873 = DIRECTION('',(0.,0.,1.));
#874 = DIRECTION('',(1.,0.,-0.));
#875 = ORIENTED_EDGE('',*,*,#876,.T.);
#876 = EDGE_CURVE('',#868,#877,#879,.T.);
#877 = VERTEX_POINT('',#878);
#878 = CARTESIAN_POINT('',(-10.10087726048,-44.525,-3.3));
#879 = LINE('',#880,#881);
#880 = CARTESIAN_POINT('',(-10.10087726048,-44.525,-3.3));
#881 = VECTOR('',#882,1.);
#882 = DIRECTION('',(6.7E-16,-1.,-0.));
#883 = ORIENTED_EDGE('',*,*,#884,.F.);
#884 = EDGE_CURVE('',#885,#877,#887,.T.);
#885 = VERTEX_POINT('',#886);
#886 = CARTESIAN_POINT('',(-17.70087726049,-44.525,-3.3));
#887 = LINE('',#888,#889);
#888 = CARTESIAN_POINT('',(17.70087726049,-44.525,-3.3));
#889 = VECTOR('',#890,1.);
#890 = DIRECTION('',(1.,-2.9E-16,0.));
#891 = ORIENTED_EDGE('',*,*,#892,.F.);
#892 = EDGE_CURVE('',#893,#885,#895,.T.);
#893 = VERTEX_POINT('',#894);
#894 = CARTESIAN_POINT('',(-17.85085417468,-44.37763157894,-3.3));
#895 = CIRCLE('',#896,0.15);
#896 = AXIS2_PLACEMENT_3D('',#897,#898,#899);
#897 = CARTESIAN_POINT('',(-17.70087726049,-44.375,-3.3));
#898 = DIRECTION('',(0.,0.,1.));
#899 = DIRECTION('',(1.,0.,-0.));
#900 = ORIENTED_EDGE('',*,*,#901,.F.);
#901 = EDGE_CURVE('',#902,#893,#904,.T.);
#902 = VERTEX_POINT('',#903);
#903 = CARTESIAN_POINT('',(-23.30263157892,-38.92585417468,-3.3));
#904 = CIRCLE('',#905,5.55);
#905 = AXIS2_PLACEMENT_3D('',#906,#907,#908);
#906 = CARTESIAN_POINT('',(-23.4,-44.475,-3.3));
#907 = DIRECTION('',(0.,0.,-1.));
#908 = DIRECTION('',(1.,0.,0.));
#909 = ORIENTED_EDGE('',*,*,#910,.F.);
#910 = EDGE_CURVE('',#911,#902,#913,.T.);
#911 = VERTEX_POINT('',#912);
#912 = CARTESIAN_POINT('',(-23.42179487177,-38.68832151136,-3.3));
#913 = CIRCLE('',#914,0.15);
#914 = AXIS2_PLACEMENT_3D('',#915,#916,#917);
#915 = CARTESIAN_POINT('',(-23.29999999998,-38.77587726049,-3.3));
#916 = DIRECTION('',(0.,-0.,1.));
#917 = DIRECTION('',(1.,4.737E-14,0.));
#918 = ORIENTED_EDGE('',*,*,#919,.F.);
#919 = EDGE_CURVE('',#920,#911,#922,.T.);
#920 = VERTEX_POINT('',#921);
#921 = CARTESIAN_POINT('',(-22.35,-35.36120304472,-3.3));
#922 = CIRCLE('',#923,5.7);
#923 = AXIS2_PLACEMENT_3D('',#924,#925,#926);
#924 = CARTESIAN_POINT('',(-28.05,-35.36120304472,-3.3));
#925 = DIRECTION('',(0.,-0.,-1.));
#926 = DIRECTION('',(1.,-1.25E-15,0.));
#927 = ORIENTED_EDGE('',*,*,#928,.F.);
#928 = EDGE_CURVE('',#929,#920,#931,.T.);
#929 = VERTEX_POINT('',#930);
#930 = CARTESIAN_POINT('',(-22.35,-15.43896547426,-3.3));
#931 = LINE('',#932,#933);
#932 = CARTESIAN_POINT('',(-22.35,-15.43896547426,-3.3));
#933 = VECTOR('',#934,1.);
#934 = DIRECTION('',(-1.7E-16,-1.,0.));
#935 = ORIENTED_EDGE('',*,*,#936,.F.);
#936 = EDGE_CURVE('',#937,#929,#939,.T.);
#937 = VERTEX_POINT('',#938);
#938 = CARTESIAN_POINT('',(-23.39499999999,-12.14944043256,-3.3));
#939 = CIRCLE('',#940,5.7);
#940 = AXIS2_PLACEMENT_3D('',#941,#942,#943);
#941 = CARTESIAN_POINT('',(-28.05,-15.43896547426,-3.3));
#942 = DIRECTION('',(0.,-0.,-1.));
#943 = DIRECTION('',(1.,-6.2E-16,0.));
#944 = ORIENTED_EDGE('',*,*,#945,.F.);
#945 = EDGE_CURVE('',#946,#937,#948,.T.);
#946 = VERTEX_POINT('',#947);
#947 = CARTESIAN_POINT('',(-23.44999999999,-11.97630967899,-3.3));
#948 = CIRCLE('',#949,0.3);
#949 = AXIS2_PLACEMENT_3D('',#950,#951,#952);
#950 = CARTESIAN_POINT('',(-23.14999999999,-11.97630753563,-3.3));
#951 = DIRECTION('',(0.,-0.,1.));
#952 = DIRECTION('',(1.,1.184E-14,0.));
#953 = ORIENTED_EDGE('',*,*,#954,.F.);
#954 = EDGE_CURVE('',#955,#946,#957,.T.);
#955 = VERTEX_POINT('',#956);
#956 = CARTESIAN_POINT('',(-21.93870973238,-10.10507337116,-3.3));
#957 = B_SPLINE_CURVE_WITH_KNOTS('',9,(#958,#959,#960,#961,#962,#963,
    #964,#965,#966,#967),.UNSPECIFIED.,.F.,.F.,(10,10),(1.078963977376,
    3.141599798152),.PIECEWISE_BEZIER_KNOTS.);
#958 = CARTESIAN_POINT('',(-21.93870973238,-10.10507337116,-3.3));
#959 = CARTESIAN_POINT('',(-22.48640888044,-10.00600034461,-3.3));
#960 = CARTESIAN_POINT('',(-23.01362100657,-10.07878241184,-3.3));
#961 = CARTESIAN_POINT('',(-23.46067606409,-10.30381882646,-3.3));
#962 = CARTESIAN_POINT('',(-23.77931985791,-10.63789569053,-3.3));
#963 = CARTESIAN_POINT('',(-23.94365996874,-11.02079887542,-3.3));
#964 = CARTESIAN_POINT('',(-23.9570140439,-11.38831440134,-3.3));
#965 = CARTESIAN_POINT('',(-23.84872089928,-11.68781502429,-3.3));
#966 = CARTESIAN_POINT('',(-23.66349584861,-11.88710781144,-3.3));
#967 = CARTESIAN_POINT('',(-23.44999999999,-11.97630967899,-3.3));
#968 = ORIENTED_EDGE('',*,*,#969,.F.);
#969 = EDGE_CURVE('',#970,#955,#972,.T.);
#970 = VERTEX_POINT('',#971);
#971 = CARTESIAN_POINT('',(-20.93032502665,-11.92671339109,-3.3));
#972 = B_SPLINE_CURVE_WITH_KNOTS('',7,(#973,#974,#975,#976,#977,#978,
    #979,#980),.UNSPECIFIED.,.F.,.F.,(8,8),(8.412630373932E-02,
    1.078963977376),.PIECEWISE_BEZIER_KNOTS.);
#973 = CARTESIAN_POINT('',(-20.93032502665,-11.92671339109,-3.3));
#974 = CARTESIAN_POINT('',(-20.93603312535,-11.61787226991,-3.3));
#975 = CARTESIAN_POINT('',(-20.99185138684,-11.30975486791,-3.3));
#976 = CARTESIAN_POINT('',(-21.09767986311,-11.0121129675,-3.3));
#977 = CARTESIAN_POINT('',(-21.25104947899,-10.73468541838,-3.3));
#978 = CARTESIAN_POINT('',(-21.44711388943,-10.48642624605,-3.3));
#979 = CARTESIAN_POINT('',(-21.67905107811,-10.27474421861,-3.3));
#980 = CARTESIAN_POINT('',(-21.93870973238,-10.10507337116,-3.3));
#981 = ORIENTED_EDGE('',*,*,#982,.F.);
#982 = EDGE_CURVE('',#983,#970,#985,.T.);
#983 = VERTEX_POINT('',#984);
#984 = CARTESIAN_POINT('',(-20.29313485155,-19.65506946391,-3.3));
#985 = B_SPLINE_CURVE_WITH_KNOTS('',1,(#986,#987),.UNSPECIFIED.,.F.,.F.,
  (2,2),(0.,7.878546218553),.PIECEWISE_BEZIER_KNOTS.);
#986 = CARTESIAN_POINT('',(-20.29313485155,-19.65506946391,-3.3));
#987 = CARTESIAN_POINT('',(-20.93032502665,-11.92671339109,-3.3));
#988 = ORIENTED_EDGE('',*,*,#989,.F.);
#989 = EDGE_CURVE('',#990,#983,#992,.T.);
#990 = VERTEX_POINT('',#991);
#991 = CARTESIAN_POINT('',(-18.42896851583,-20.53616333954,-3.3));
#992 = B_SPLINE_CURVE_WITH_KNOTS('',9,(#993,#994,#995,#996,#997,#998,
    #999,#1000,#1001,#1002),.UNSPECIFIED.,.F.,.F.,(10,10),(
    0.977384381117,3.05746634985),.PIECEWISE_BEZIER_KNOTS.);
#993 = CARTESIAN_POINT('',(-18.42896851583,-20.53616333954,-3.3));
#994 = CARTESIAN_POINT('',(-18.65778608771,-20.69029814973,-3.3));
#995 = CARTESIAN_POINT('',(-18.9264322051,-20.78522698112,-3.3));
#996 = CARTESIAN_POINT('',(-19.21739931315,-20.80918809775,-3.3));
#997 = CARTESIAN_POINT('',(-19.50912862139,-20.7564613796,
    -3.299999999999));
#998 = CARTESIAN_POINT('',(-19.77850705909,-20.62903365551,
    -3.300000000001));
#999 = CARTESIAN_POINT('',(-20.00424157602,-20.43700979612,-3.3));
#1000 = CARTESIAN_POINT('',(-20.17018359923,-20.19702955852,-3.3));
#1001 = CARTESIAN_POINT('',(-20.26713590349,-19.92939164278,-3.3));
#1002 = CARTESIAN_POINT('',(-20.29313485155,-19.65506946391,-3.3));
#1003 = ORIENTED_EDGE('',*,*,#1004,.F.);
#1004 = EDGE_CURVE('',#1005,#990,#1007,.T.);
#1005 = VERTEX_POINT('',#1006);
#1006 = CARTESIAN_POINT('',(-17.1,-19.54131825247,-3.3));
#1007 = B_SPLINE_CURVE_WITH_KNOTS('',7,(#1008,#1009,#1010,#1011,#1012,
    #1013,#1014,#1015),.UNSPECIFIED.,.F.,.F.,(8,8),(-4.44E-15,
    0.977384381117),.PIECEWISE_BEZIER_KNOTS.);
#1008 = CARTESIAN_POINT('',(-17.1,-19.54131825247,-3.3));
#1009 = CARTESIAN_POINT('',(-17.21428571428,-19.82057093279,-3.3));
#1010 = CARTESIAN_POINT('',(-17.37406096325,-20.0625899224,-3.3));
#1011 = CARTESIAN_POINT('',(-17.56840843643,-20.25848397023,-3.3));
#1012 = CARTESIAN_POINT('',(-17.78423688978,-20.40291209862,-3.3));
#1013 = CARTESIAN_POINT('',(-18.0077341644,-20.49482196564,-3.3));
#1014 = CARTESIAN_POINT('',(-18.2261541769,-20.53721682042,-3.3));
#1015 = CARTESIAN_POINT('',(-18.42896851583,-20.53616333954,-3.3));
#1016 = ORIENTED_EDGE('',*,*,#1017,.F.);
#1017 = EDGE_CURVE('',#1018,#1005,#1020,.T.);
#1018 = VERTEX_POINT('',#1019);
#1019 = CARTESIAN_POINT('',(-17.1,24.808681747526,-3.3));
#1020 = LINE('',#1021,#1022);
#1021 = CARTESIAN_POINT('',(-17.1,24.808681747526,-3.3));
#1022 = VECTOR('',#1023,1.);
#1023 = DIRECTION('',(0.,-1.,0.));
#1024 = ORIENTED_EDGE('',*,*,#1025,.F.);
#1025 = EDGE_CURVE('',#1026,#1018,#1028,.T.);
#1026 = VERTEX_POINT('',#1027);
#1027 = CARTESIAN_POINT('',(-18.42896851583,25.803526834592,-3.3));
#1028 = B_SPLINE_CURVE_WITH_KNOTS('',7,(#1029,#1030,#1031,#1032,#1033,
    #1034,#1035,#1036),.UNSPECIFIED.,.F.,.F.,(8,8),(5.305800926063,
    6.28318530718),.PIECEWISE_BEZIER_KNOTS.);
#1029 = CARTESIAN_POINT('',(-18.42896851583,25.803526834592,-3.3));
#1030 = CARTESIAN_POINT('',(-18.2261541769,25.804580315476,-3.3));
#1031 = CARTESIAN_POINT('',(-18.0077341644,25.762185460695,-3.3));
#1032 = CARTESIAN_POINT('',(-17.78423688978,25.670275593678,-3.3));
#1033 = CARTESIAN_POINT('',(-17.56840843643,25.52584746529,-3.3));
#1034 = CARTESIAN_POINT('',(-17.37406096326,25.329953417456,-3.3));
#1035 = CARTESIAN_POINT('',(-17.21428571428,25.087934427845,-3.3));
#1036 = CARTESIAN_POINT('',(-17.1,24.808681747526,-3.3));
#1037 = ORIENTED_EDGE('',*,*,#1038,.F.);
#1038 = EDGE_CURVE('',#1039,#1026,#1041,.T.);
#1039 = VERTEX_POINT('',#1040);
#1040 = CARTESIAN_POINT('',(-20.29575616278,24.909514277799,-3.3));
#1041 = CIRCLE('',#1042,1.2);
#1042 = AXIS2_PLACEMENT_3D('',#1043,#1044,#1045);
#1043 = CARTESIAN_POINT('',(-19.1,24.808681747526,-3.3));
#1044 = DIRECTION('',(0.,0.,-1.));
#1045 = DIRECTION('',(1.,1.688131E-11,0.));
#1046 = ORIENTED_EDGE('',*,*,#1047,.F.);
#1047 = EDGE_CURVE('',#1048,#1039,#1050,.T.);
#1048 = VERTEX_POINT('',#1049);
#1049 = CARTESIAN_POINT('',(-20.9577676213,17.058830782289,-3.3));
#1050 = LINE('',#1051,#1052);
#1051 = CARTESIAN_POINT('',(-20.9577676213,17.058830782289,-3.3));
#1052 = VECTOR('',#1053,1.);
#1053 = DIRECTION('',(8.402710857193E-02,0.996463468987,-0.));
#1054 = ORIENTED_EDGE('',*,*,#1055,.F.);
#1055 = EDGE_CURVE('',#1056,#1048,#1058,.T.);
#1056 = VERTEX_POINT('',#1057);
#1057 = CARTESIAN_POINT('',(-22.11106795353,15.304439171722,-3.3));
#1058 = CIRCLE('',#1059,2.200024315854);
#1059 = AXIS2_PLACEMENT_3D('',#1060,#1061,#1062);
#1060 = CARTESIAN_POINT('',(-23.15001148293,17.24369246437,-3.3));
#1061 = DIRECTION('',(-0.,0.,1.));
#1062 = DIRECTION('',(1.,-9.20789E-12,0.));
#1063 = ORIENTED_EDGE('',*,*,#1064,.F.);
#1064 = EDGE_CURVE('',#1065,#1056,#1067,.T.);
#1065 = VERTEX_POINT('',#1066);
#1066 = CARTESIAN_POINT('',(-23.44999999999,17.243671030683,-3.3));
#1067 = B_SPLINE_CURVE_WITH_KNOTS('',9,(#1068,#1069,#1070,#1071,#1072,
    #1073,#1074,#1075,#1076,#1077),.UNSPECIFIED.,.F.,.F.,(10,10),(
    3.14159265359,5.204221329804),.PIECEWISE_BEZIER_KNOTS.);
#1068 = CARTESIAN_POINT('',(-23.44999999999,17.243671030683,-3.3));
#1069 = CARTESIAN_POINT('',(-23.6611111111,17.174916741475,-3.3));
#1070 = CARTESIAN_POINT('',(-23.85449540115,16.997301494359,
    -3.299999999999));
#1071 = CARTESIAN_POINT('',(-23.98203564727,16.716047866513,
    -3.300000000002));
#1072 = CARTESIAN_POINT('',(-23.99742338842,16.358440116007,
    -3.299999999998));
#1073 = CARTESIAN_POINT('',(-23.86746572167,15.973044412226,
    -3.300000000002));
#1074 = CARTESIAN_POINT('',(-23.58326789957,15.622058999832,
    -3.299999999998));
#1075 = CARTESIAN_POINT('',(-23.16476131848,15.366404840001,
    -3.300000000001));
#1076 = CARTESIAN_POINT('',(-22.65519847984,15.252423629417,-3.3));
#1077 = CARTESIAN_POINT('',(-22.11106795353,15.304439171722,-3.3));
#1078 = ORIENTED_EDGE('',*,*,#1079,.F.);
#1079 = EDGE_CURVE('',#1080,#1065,#1082,.T.);
#1080 = VERTEX_POINT('',#1081);
#1081 = CARTESIAN_POINT('',(-23.395,17.416803927614,-3.3));
#1082 = CIRCLE('',#1083,0.3);
#1083 = AXIS2_PLACEMENT_3D('',#1084,#1085,#1086);
#1084 = CARTESIAN_POINT('',(-23.14999999999,17.243671030683,-3.3));
#1085 = DIRECTION('',(0.,-0.,1.));
#1086 = DIRECTION('',(1.,9.3555E-13,0.));
#1087 = ORIENTED_EDGE('',*,*,#1088,.F.);
#1088 = EDGE_CURVE('',#1089,#1080,#1091,.T.);
#1089 = VERTEX_POINT('',#1090);
#1090 = CARTESIAN_POINT('',(-22.35,20.706328969317,-3.3));
#1091 = CIRCLE('',#1092,5.7);
#1092 = AXIS2_PLACEMENT_3D('',#1093,#1094,#1095);
#1093 = CARTESIAN_POINT('',(-28.05,20.706328969317,-3.3));
#1094 = DIRECTION('',(0.,-0.,-1.));
#1095 = DIRECTION('',(1.,-4.862E-14,0.));
#1096 = ORIENTED_EDGE('',*,*,#1097,.F.);
#1097 = EDGE_CURVE('',#1098,#1089,#1100,.T.);
#1098 = VERTEX_POINT('',#1099);
#1099 = CARTESIAN_POINT('',(-22.35,38.902747313698,-3.3));
#1100 = LINE('',#1101,#1102);
#1101 = CARTESIAN_POINT('',(-22.35,38.902747313698,-3.3));
#1102 = VECTOR('',#1103,1.);
#1103 = DIRECTION('',(-1.0315E-13,-1.,-0.));
#1104 = ORIENTED_EDGE('',*,*,#1105,.F.);
#1105 = EDGE_CURVE('',#1106,#1098,#1108,.T.);
#1106 = VERTEX_POINT('',#1107);
#1107 = CARTESIAN_POINT('',(-22.23157894736,39.049385542285,-3.3));
#1108 = CIRCLE('',#1109,0.15);
#1109 = AXIS2_PLACEMENT_3D('',#1110,#1111,#1112);
#1110 = CARTESIAN_POINT('',(-22.2,38.902747313698,-3.3));
#1111 = DIRECTION('',(0.,-0.,1.));
#1112 = DIRECTION('',(1.,1.84741E-12,0.));
#1113 = ORIENTED_EDGE('',*,*,#1114,.F.);
#1114 = EDGE_CURVE('',#1115,#1106,#1117,.T.);
#1115 = VERTEX_POINT('',#1116);
#1116 = CARTESIAN_POINT('',(-17.85085417468,44.377631578947,-3.3));
#1117 = CIRCLE('',#1118,5.55);
#1118 = AXIS2_PLACEMENT_3D('',#1119,#1120,#1121);
#1119 = CARTESIAN_POINT('',(-23.4,44.475,-3.3));
#1120 = DIRECTION('',(0.,-0.,-1.));
#1121 = DIRECTION('',(1.,-5.121E-14,0.));
#1122 = ORIENTED_EDGE('',*,*,#1123,.F.);
#1123 = EDGE_CURVE('',#1124,#1115,#1126,.T.);
#1124 = VERTEX_POINT('',#1125);
#1125 = CARTESIAN_POINT('',(-17.70087726049,44.525,-3.3));
#1126 = CIRCLE('',#1127,0.15);
#1127 = AXIS2_PLACEMENT_3D('',#1128,#1129,#1130);
#1128 = CARTESIAN_POINT('',(-17.70087726049,44.375,-3.3));
#1129 = DIRECTION('',(0.,-0.,1.));
#1130 = DIRECTION('',(1.,1.89478E-12,0.));
#1131 = ORIENTED_EDGE('',*,*,#1132,.F.);
#1132 = EDGE_CURVE('',#61,#1124,#1133,.T.);
#1133 = LINE('',#1134,#1135);
#1134 = CARTESIAN_POINT('',(-17.70087726049,44.525,-3.3));
#1135 = VECTOR('',#1136,1.);
#1136 = DIRECTION('',(-1.,1.0621E-13,-0.));
#1137 = PLANE('',#1138);
#1138 = AXIS2_PLACEMENT_3D('',#1139,#1140,#1141);
#1139 = CARTESIAN_POINT('',(-5.002977166882,-1.579858960234,-3.3));
#1140 = DIRECTION('',(-4.E-17,1.E-17,1.));
#1141 = DIRECTION('',(1.,0.,4.E-17));
#1142 = ADVANCED_FACE('',(#1143),#1162,.T.);
#1143 = FACE_BOUND('',#1144,.T.);
#1144 = EDGE_LOOP('',(#1145,#1146,#1154,#1161));
#1145 = ORIENTED_EDGE('',*,*,#282,.F.);
#1146 = ORIENTED_EDGE('',*,*,#1147,.T.);
#1147 = EDGE_CURVE('',#275,#1148,#1150,.T.);
#1148 = VERTEX_POINT('',#1149);
#1149 = CARTESIAN_POINT('',(14.70087726049,47.225,-5.2));
#1150 = LINE('',#1151,#1152);
#1151 = CARTESIAN_POINT('',(14.70087726049,45.325,-3.3));
#1152 = VECTOR('',#1153,1.);
#1153 = DIRECTION('',(5.3E-16,0.707106781187,-0.707106781187));
#1154 = ORIENTED_EDGE('',*,*,#1155,.T.);
#1155 = EDGE_CURVE('',#1148,#31,#1156,.T.);
#1156 = CIRCLE('',#1157,2.71);
#1157 = AXIS2_PLACEMENT_3D('',#1158,#1159,#1160);
#1158 = CARTESIAN_POINT('',(14.70087726049,44.515,-5.2));
#1159 = DIRECTION('',(0.,0.,1.));
#1160 = DIRECTION('',(1.,0.,-0.));
#1161 = ORIENTED_EDGE('',*,*,#30,.F.);
#1162 = CONICAL_SURFACE('',#1163,0.81,0.785398163397);
#1163 = AXIS2_PLACEMENT_3D('',#1164,#1165,#1166);
#1164 = CARTESIAN_POINT('',(14.70087726049,44.515,-3.3));
#1165 = DIRECTION('',(-0.,-0.,-1.));
#1166 = DIRECTION('',(1.,0.,0.));
#1167 = ADVANCED_FACE('',(#1168),#1191,.T.);
#1168 = FACE_BOUND('',#1169,.T.);
#1169 = EDGE_LOOP('',(#1170,#1171,#1178,#1185));
#1170 = ORIENTED_EDGE('',*,*,#37,.F.);
#1171 = ORIENTED_EDGE('',*,*,#1172,.T.);
#1172 = EDGE_CURVE('',#31,#1173,#1175,.T.);
#1173 = VERTEX_POINT('',#1174);
#1174 = CARTESIAN_POINT('',(12.852661704721,42.533031468612,-7.7));
#1175 = B_SPLINE_CURVE_WITH_KNOTS('',1,(#1176,#1177),.UNSPECIFIED.,.F.,
  .F.,(2,2),(2.,3.),.PIECEWISE_BEZIER_KNOTS.);
#1176 = CARTESIAN_POINT('',(12.852661704721,42.533031468612,-5.2));
#1177 = CARTESIAN_POINT('',(12.852661704721,42.533031468612,-7.7));
#1178 = ORIENTED_EDGE('',*,*,#1179,.T.);
#1179 = EDGE_CURVE('',#1173,#1180,#1182,.T.);
#1180 = VERTEX_POINT('',#1181);
#1181 = CARTESIAN_POINT('',(14.151301195047,41.322030552429,-8.6));
#1182 = B_SPLINE_CURVE_WITH_KNOTS('',1,(#1183,#1184),.UNSPECIFIED.,.F.,
  .F.,(2,2),(0.,1.77566543719),.PIECEWISE_BEZIER_KNOTS.);
#1183 = CARTESIAN_POINT('',(12.852661704721,42.533031468612,-7.7));
#1184 = CARTESIAN_POINT('',(14.151301195047,41.322030552429,-8.6));
#1185 = ORIENTED_EDGE('',*,*,#1186,.F.);
#1186 = EDGE_CURVE('',#38,#1180,#1187,.T.);
#1187 = LINE('',#1188,#1189);
#1188 = CARTESIAN_POINT('',(14.151301195047,41.322030552429,-4.3));
#1189 = VECTOR('',#1190,1.);
#1190 = DIRECTION('',(1.8E-16,-1.E-16,-1.));
#1191 = PLANE('',#1192);
#1192 = AXIS2_PLACEMENT_3D('',#1193,#1194,#1195);
#1193 = CARTESIAN_POINT('',(13.501981449884,41.92753101052,-6.45));
#1194 = DIRECTION('',(-0.681998360062,-0.731353701619,-0.));
#1195 = DIRECTION('',(2.58776027618E-16,-2.413125496844E-16,-1.));
#1196 = ADVANCED_FACE('',(#1197),#1225,.F.);
#1197 = FACE_BOUND('',#1198,.F.);
#1198 = EDGE_LOOP('',(#1199,#1210,#1216,#1217,#1218,#1219));
#1199 = ORIENTED_EDGE('',*,*,#1200,.F.);
#1200 = EDGE_CURVE('',#1201,#1203,#1205,.T.);
#1201 = VERTEX_POINT('',#1202);
#1202 = CARTESIAN_POINT('',(14.151301195047,41.322030552429,-9.6));
#1203 = VERTEX_POINT('',#1204);
#1204 = CARTESIAN_POINT('',(13.128303654953,38.725,-9.6));
#1205 = CIRCLE('',#1206,1.5);
#1206 = AXIS2_PLACEMENT_3D('',#1207,#1208,#1209);
#1207 = CARTESIAN_POINT('',(13.128303654953,40.225,-9.6));
#1208 = DIRECTION('',(0.,0.,-1.));
#1209 = DIRECTION('',(1.,0.,0.));
#1210 = ORIENTED_EDGE('',*,*,#1211,.T.);
#1211 = EDGE_CURVE('',#1201,#1180,#1212,.T.);
#1212 = LINE('',#1213,#1214);
#1213 = CARTESIAN_POINT('',(14.151301195047,41.322030552429,-9.6));
#1214 = VECTOR('',#1215,1.);
#1215 = DIRECTION('',(-1.8E-16,1.E-16,1.));
#1216 = ORIENTED_EDGE('',*,*,#1186,.F.);
#1217 = ORIENTED_EDGE('',*,*,#44,.F.);
#1218 = ORIENTED_EDGE('',*,*,#290,.T.);
#1219 = ORIENTED_EDGE('',*,*,#1220,.T.);
#1220 = EDGE_CURVE('',#291,#1203,#1221,.T.);
#1221 = LINE('',#1222,#1223);
#1222 = CARTESIAN_POINT('',(13.128303654953,38.725,-3.3));
#1223 = VECTOR('',#1224,1.);
#1224 = DIRECTION('',(0.,0.,-1.));
#1225 = CYLINDRICAL_SURFACE('',#1226,1.5);
#1226 = AXIS2_PLACEMENT_3D('',#1227,#1228,#1229);
#1227 = CARTESIAN_POINT('',(13.128303654953,40.225,-3.3));
#1228 = DIRECTION('',(0.,0.,-1.));
#1229 = DIRECTION('',(1.,0.,0.));
#1230 = ADVANCED_FACE('',(#1231),#1257,.F.);
#1231 = FACE_BOUND('',#1232,.F.);
#1232 = EDGE_LOOP('',(#1233,#1244,#1250,#1251));
#1233 = ORIENTED_EDGE('',*,*,#1234,.T.);
#1234 = EDGE_CURVE('',#1235,#1237,#1239,.T.);
#1235 = VERTEX_POINT('',#1236);
#1236 = CARTESIAN_POINT('',(-8.391454886796,44.507686462984,-3.7));
#1237 = VERTEX_POINT('',#1238);
#1238 = CARTESIAN_POINT('',(-8.398274870397,44.525,-3.7));
#1239 = CIRCLE('',#1240,1.E-02);
#1240 = AXIS2_PLACEMENT_3D('',#1241,#1242,#1243);
#1241 = CARTESIAN_POINT('',(-8.398274870396,44.515,-3.7));
#1242 = DIRECTION('',(0.,-0.,1.));
#1243 = DIRECTION('',(1.,2.842171E-11,0.));
#1244 = ORIENTED_EDGE('',*,*,#1245,.T.);
#1245 = EDGE_CURVE('',#1237,#61,#1246,.T.);
#1246 = LINE('',#1247,#1248);
#1247 = CARTESIAN_POINT('',(-8.398274870397,44.525,-3.3));
#1248 = VECTOR('',#1249,1.);
#1249 = DIRECTION('',(0.,0.,1.));
#1250 = ORIENTED_EDGE('',*,*,#58,.F.);
#1251 = ORIENTED_EDGE('',*,*,#1252,.T.);
#1252 = EDGE_CURVE('',#59,#1235,#1253,.T.);
#1253 = LINE('',#1254,#1255);
#1254 = CARTESIAN_POINT('',(-8.391454886796,44.507686462984,-3.3));
#1255 = VECTOR('',#1256,1.);
#1256 = DIRECTION('',(1.6E-16,1.5E-16,-1.));
#1257 = CYLINDRICAL_SURFACE('',#1258,1.E-02);
#1258 = AXIS2_PLACEMENT_3D('',#1259,#1260,#1261);
#1259 = CARTESIAN_POINT('',(-8.398274870396,44.515,-3.3));
#1260 = DIRECTION('',(0.,0.,1.));
#1261 = DIRECTION('',(1.,2.842171E-11,-0.));
#1262 = ADVANCED_FACE('',(#1263),#1279,.T.);
#1263 = FACE_BOUND('',#1264,.T.);
#1264 = EDGE_LOOP('',(#1265,#1272,#1277,#1278));
#1265 = ORIENTED_EDGE('',*,*,#1266,.F.);
#1266 = EDGE_CURVE('',#1267,#1235,#1269,.T.);
#1267 = VERTEX_POINT('',#1268);
#1268 = CARTESIAN_POINT('',(-8.394297493003,41.907113513724,
    -5.700000000001));
#1269 = B_SPLINE_CURVE_WITH_KNOTS('',1,(#1270,#1271),.UNSPECIFIED.,.F.,
  .F.,(2,2),(0.,1.77566543719),.PIECEWISE_BEZIER_KNOTS.);
#1270 = CARTESIAN_POINT('',(-8.394297493003,41.907113513724,
    -5.700000000001));
#1271 = CARTESIAN_POINT('',(-8.391454886796,44.507686462984,-3.7));
#1272 = ORIENTED_EDGE('',*,*,#1273,.T.);
#1273 = EDGE_CURVE('',#1267,#70,#1274,.T.);
#1274 = B_SPLINE_CURVE_WITH_KNOTS('',1,(#1275,#1276),.UNSPECIFIED.,.F.,
  .F.,(2,2),(9.,10.),.PIECEWISE_BEZIER_KNOTS.);
#1275 = CARTESIAN_POINT('',(-8.394297493003,41.907113513724,
    -5.700000000001));
#1276 = CARTESIAN_POINT('',(-8.394297493003,41.907113513724,-3.3));
#1277 = ORIENTED_EDGE('',*,*,#69,.T.);
#1278 = ORIENTED_EDGE('',*,*,#1252,.T.);
#1279 = PLANE('',#1280);
#1280 = AXIS2_PLACEMENT_3D('',#1281,#1282,#1283);
#1281 = CARTESIAN_POINT('',(-8.392876189899,43.207399988354,-4.));
#1282 = DIRECTION('',(-0.9999994026,1.09306855248E-03,-0.));
#1283 = DIRECTION('',(-5.603452398281E-04,-0.512634732567,0.858606613636
    ));
#1284 = ADVANCED_FACE('',(#1285),#1304,.T.);
#1285 = FACE_BOUND('',#1286,.T.);
#1286 = EDGE_LOOP('',(#1287,#1296,#1302,#1303));
#1287 = ORIENTED_EDGE('',*,*,#1288,.F.);
#1288 = EDGE_CURVE('',#1289,#1267,#1291,.T.);
#1289 = VERTEX_POINT('',#1290);
#1290 = CARTESIAN_POINT('',(-6.825701264859,37.925,-5.700000000001));
#1291 = CIRCLE('',#1292,2.3);
#1292 = AXIS2_PLACEMENT_3D('',#1293,#1294,#1295);
#1293 = CARTESIAN_POINT('',(-6.825701264859,40.225,-5.700000000001));
#1294 = DIRECTION('',(0.,0.,-1.));
#1295 = DIRECTION('',(1.,0.,0.));
#1296 = ORIENTED_EDGE('',*,*,#1297,.T.);
#1297 = EDGE_CURVE('',#1289,#77,#1298,.T.);
#1298 = LINE('',#1299,#1300);
#1299 = CARTESIAN_POINT('',(-6.825701264859,37.925,-3.3));
#1300 = VECTOR('',#1301,1.);
#1301 = DIRECTION('',(2.E-16,5.E-17,1.));
#1302 = ORIENTED_EDGE('',*,*,#76,.T.);
#1303 = ORIENTED_EDGE('',*,*,#1273,.F.);
#1304 = CYLINDRICAL_SURFACE('',#1305,2.3);
#1305 = AXIS2_PLACEMENT_3D('',#1306,#1307,#1308);
#1306 = CARTESIAN_POINT('',(-6.825701264859,40.225,-3.3));
#1307 = DIRECTION('',(0.,0.,-1.));
#1308 = DIRECTION('',(1.,0.,0.));
#1309 = ADVANCED_FACE('',(#1310),#1328,.T.);
#1310 = FACE_BOUND('',#1311,.T.);
#1311 = EDGE_LOOP('',(#1312,#1320,#1326,#1327));
#1312 = ORIENTED_EDGE('',*,*,#1313,.F.);
#1313 = EDGE_CURVE('',#1314,#1289,#1316,.T.);
#1314 = VERTEX_POINT('',#1315);
#1315 = CARTESIAN_POINT('',(13.128303654953,37.925,-5.700000000001));
#1316 = LINE('',#1317,#1318);
#1317 = CARTESIAN_POINT('',(13.128303654953,37.925,-5.700000000001));
#1318 = VECTOR('',#1319,1.);
#1319 = DIRECTION('',(-1.,-5.7E-16,-5.7E-16));
#1320 = ORIENTED_EDGE('',*,*,#1321,.F.);
#1321 = EDGE_CURVE('',#86,#1314,#1322,.T.);
#1322 = LINE('',#1323,#1324);
#1323 = CARTESIAN_POINT('',(13.128303654953,37.925,-3.3));
#1324 = VECTOR('',#1325,1.);
#1325 = DIRECTION('',(0.,0.,-1.));
#1326 = ORIENTED_EDGE('',*,*,#85,.T.);
#1327 = ORIENTED_EDGE('',*,*,#1297,.F.);
#1328 = PLANE('',#1329);
#1329 = AXIS2_PLACEMENT_3D('',#1330,#1331,#1332);
#1330 = CARTESIAN_POINT('',(13.128303654953,37.925,-3.3));
#1331 = DIRECTION('',(0.,-1.,5.E-17));
#1332 = DIRECTION('',(2.E-16,5.E-17,1.));
#1333 = ADVANCED_FACE('',(#1334),#1353,.T.);
#1334 = FACE_BOUND('',#1335,.T.);
#1335 = EDGE_LOOP('',(#1336,#1345,#1351,#1352));
#1336 = ORIENTED_EDGE('',*,*,#1337,.F.);
#1337 = EDGE_CURVE('',#1338,#1314,#1340,.T.);
#1338 = VERTEX_POINT('',#1339);
#1339 = CARTESIAN_POINT('',(14.696899883097,41.907113513724,
    -5.700000000001));
#1340 = CIRCLE('',#1341,2.3);
#1341 = AXIS2_PLACEMENT_3D('',#1342,#1343,#1344);
#1342 = CARTESIAN_POINT('',(13.128303654953,40.225,-5.700000000001));
#1343 = DIRECTION('',(0.,0.,-1.));
#1344 = DIRECTION('',(1.,0.,0.));
#1345 = ORIENTED_EDGE('',*,*,#1346,.F.);
#1346 = EDGE_CURVE('',#94,#1338,#1347,.T.);
#1347 = LINE('',#1348,#1349);
#1348 = CARTESIAN_POINT('',(14.696899883097,41.907113513724,-3.3));
#1349 = VECTOR('',#1350,1.);
#1350 = DIRECTION('',(1.8E-16,-1.E-16,-1.));
#1351 = ORIENTED_EDGE('',*,*,#93,.T.);
#1352 = ORIENTED_EDGE('',*,*,#1321,.T.);
#1353 = CYLINDRICAL_SURFACE('',#1354,2.3);
#1354 = AXIS2_PLACEMENT_3D('',#1355,#1356,#1357);
#1355 = CARTESIAN_POINT('',(13.128303654953,40.225,-3.3));
#1356 = DIRECTION('',(0.,0.,-1.));
#1357 = DIRECTION('',(1.,0.,0.));
#1358 = ADVANCED_FACE('',(#1359),#1375,.T.);
#1359 = FACE_BOUND('',#1360,.T.);
#1360 = EDGE_LOOP('',(#1361,#1368,#1373,#1374));
#1361 = ORIENTED_EDGE('',*,*,#1362,.F.);
#1362 = EDGE_CURVE('',#1363,#1338,#1365,.T.);
#1363 = VERTEX_POINT('',#1364);
#1364 = CARTESIAN_POINT('',(14.694057276889,44.507686462984,-3.7));
#1365 = B_SPLINE_CURVE_WITH_KNOTS('',1,(#1366,#1367),.UNSPECIFIED.,.F.,
  .F.,(2,2),(0.,1.77566543719),.PIECEWISE_BEZIER_KNOTS.);
#1366 = CARTESIAN_POINT('',(14.694057276889,44.507686462984,-3.7));
#1367 = CARTESIAN_POINT('',(14.696899883097,41.907113513724,
    -5.700000000001));
#1368 = ORIENTED_EDGE('',*,*,#1369,.T.);
#1369 = EDGE_CURVE('',#1363,#103,#1370,.T.);
#1370 = B_SPLINE_CURVE_WITH_KNOTS('',1,(#1371,#1372),.UNSPECIFIED.,.F.,
  .F.,(2,2),(9.,10.),.PIECEWISE_BEZIER_KNOTS.);
#1371 = CARTESIAN_POINT('',(14.694057276889,44.507686462984,-3.7));
#1372 = CARTESIAN_POINT('',(14.694057276889,44.507686462984,-3.3));
#1373 = ORIENTED_EDGE('',*,*,#102,.T.);
#1374 = ORIENTED_EDGE('',*,*,#1346,.T.);
#1375 = PLANE('',#1376);
#1376 = AXIS2_PLACEMENT_3D('',#1377,#1378,#1379);
#1377 = CARTESIAN_POINT('',(14.695478579993,43.207399988354,-4.));
#1378 = DIRECTION('',(0.9999994026,1.09306855248E-03,8.4E-16));
#1379 = DIRECTION('',(5.603452398274E-04,-0.512634732567,0.858606613636)
  );
#1380 = ADVANCED_FACE('',(#1381),#1400,.F.);
#1381 = FACE_BOUND('',#1382,.F.);
#1382 = EDGE_LOOP('',(#1383,#1392,#1393,#1394));
#1383 = ORIENTED_EDGE('',*,*,#1384,.T.);
#1384 = EDGE_CURVE('',#1385,#1363,#1387,.T.);
#1385 = VERTEX_POINT('',#1386);
#1386 = CARTESIAN_POINT('',(14.70087726049,44.525,-3.7));
#1387 = CIRCLE('',#1388,9.999999999998E-03);
#1388 = AXIS2_PLACEMENT_3D('',#1389,#1390,#1391);
#1389 = CARTESIAN_POINT('',(14.70087726049,44.515,-3.7));
#1390 = DIRECTION('',(0.,0.,1.));
#1391 = DIRECTION('',(1.,0.,-0.));
#1392 = ORIENTED_EDGE('',*,*,#1369,.T.);
#1393 = ORIENTED_EDGE('',*,*,#109,.F.);
#1394 = ORIENTED_EDGE('',*,*,#1395,.F.);
#1395 = EDGE_CURVE('',#1385,#110,#1396,.T.);
#1396 = LINE('',#1397,#1398);
#1397 = CARTESIAN_POINT('',(14.70087726049,44.525,-3.3));
#1398 = VECTOR('',#1399,1.);
#1399 = DIRECTION('',(3.E-17,-4.E-17,1.));
#1400 = CYLINDRICAL_SURFACE('',#1401,9.999999999998E-03);
#1401 = AXIS2_PLACEMENT_3D('',#1402,#1403,#1404);
#1402 = CARTESIAN_POINT('',(14.70087726049,44.515,-3.3));
#1403 = DIRECTION('',(0.,0.,1.));
#1404 = DIRECTION('',(1.,0.,-0.));
#1405 = ADVANCED_FACE('',(#1406),#1424,.T.);
#1406 = FACE_BOUND('',#1407,.T.);
#1407 = EDGE_LOOP('',(#1408,#1416,#1422,#1423));
#1408 = ORIENTED_EDGE('',*,*,#1409,.F.);
#1409 = EDGE_CURVE('',#1410,#1385,#1412,.T.);
#1410 = VERTEX_POINT('',#1411);
#1411 = CARTESIAN_POINT('',(17.70087726049,44.525,-3.7));
#1412 = LINE('',#1413,#1414);
#1413 = CARTESIAN_POINT('',(14.70087726049,44.525,-3.7));
#1414 = VECTOR('',#1415,1.);
#1415 = DIRECTION('',(-1.,3.9E-16,-3.9E-16));
#1416 = ORIENTED_EDGE('',*,*,#1417,.T.);
#1417 = EDGE_CURVE('',#1410,#119,#1418,.T.);
#1418 = LINE('',#1419,#1420);
#1419 = CARTESIAN_POINT('',(17.70087726049,44.525,-3.3));
#1420 = VECTOR('',#1421,1.);
#1421 = DIRECTION('',(0.,0.,1.));
#1422 = ORIENTED_EDGE('',*,*,#118,.T.);
#1423 = ORIENTED_EDGE('',*,*,#1395,.F.);
#1424 = PLANE('',#1425);
#1425 = AXIS2_PLACEMENT_3D('',#1426,#1427,#1428);
#1426 = CARTESIAN_POINT('',(14.70087726049,44.525,-3.3));
#1427 = DIRECTION('',(-0.,-1.,-4.E-17));
#1428 = DIRECTION('',(3.E-17,-4.E-17,1.));
#1429 = ADVANCED_FACE('',(#1430),#1449,.F.);
#1430 = FACE_BOUND('',#1431,.F.);
#1431 = EDGE_LOOP('',(#1432,#1441,#1442,#1443));
#1432 = ORIENTED_EDGE('',*,*,#1433,.T.);
#1433 = EDGE_CURVE('',#1434,#1410,#1436,.T.);
#1434 = VERTEX_POINT('',#1435);
#1435 = CARTESIAN_POINT('',(17.850854174688,44.377631578947,-3.7));
#1436 = CIRCLE('',#1437,0.15);
#1437 = AXIS2_PLACEMENT_3D('',#1438,#1439,#1440);
#1438 = CARTESIAN_POINT('',(17.70087726049,44.375,-3.7));
#1439 = DIRECTION('',(0.,-0.,1.));
#1440 = DIRECTION('',(1.,4.737E-14,0.));
#1441 = ORIENTED_EDGE('',*,*,#1417,.T.);
#1442 = ORIENTED_EDGE('',*,*,#126,.F.);
#1443 = ORIENTED_EDGE('',*,*,#1444,.T.);
#1444 = EDGE_CURVE('',#127,#1434,#1445,.T.);
#1445 = LINE('',#1446,#1447);
#1446 = CARTESIAN_POINT('',(17.850854174688,44.377631578947,-3.3));
#1447 = VECTOR('',#1448,1.);
#1448 = DIRECTION('',(0.,0.,-1.));
#1449 = CYLINDRICAL_SURFACE('',#1450,0.15);
#1450 = AXIS2_PLACEMENT_3D('',#1451,#1452,#1453);
#1451 = CARTESIAN_POINT('',(17.70087726049,44.375,-3.3));
#1452 = DIRECTION('',(0.,0.,1.));
#1453 = DIRECTION('',(1.,4.737E-14,-0.));
#1454 = ADVANCED_FACE('',(#1455),#1474,.T.);
#1455 = FACE_BOUND('',#1456,.T.);
#1456 = EDGE_LOOP('',(#1457,#1466,#1472,#1473));
#1457 = ORIENTED_EDGE('',*,*,#1458,.F.);
#1458 = EDGE_CURVE('',#1459,#1434,#1461,.T.);
#1459 = VERTEX_POINT('',#1460);
#1460 = CARTESIAN_POINT('',(22.961842105263,38.942322740365,-3.7));
#1461 = CIRCLE('',#1462,5.55);
#1462 = AXIS2_PLACEMENT_3D('',#1463,#1464,#1465);
#1463 = CARTESIAN_POINT('',(23.4,44.475,-3.7));
#1464 = DIRECTION('',(0.,-0.,-1.));
#1465 = DIRECTION('',(1.,-1.28E-15,0.));
#1466 = ORIENTED_EDGE('',*,*,#1467,.T.);
#1467 = EDGE_CURVE('',#1459,#136,#1468,.T.);
#1468 = LINE('',#1469,#1470);
#1469 = CARTESIAN_POINT('',(22.961842105263,38.942322740365,-3.3));
#1470 = VECTOR('',#1471,1.);
#1471 = DIRECTION('',(0.,0.,1.));
#1472 = ORIENTED_EDGE('',*,*,#135,.T.);
#1473 = ORIENTED_EDGE('',*,*,#1444,.T.);
#1474 = CYLINDRICAL_SURFACE('',#1475,5.55);
#1475 = AXIS2_PLACEMENT_3D('',#1476,#1477,#1478);
#1476 = CARTESIAN_POINT('',(23.4,44.475,-3.3));
#1477 = DIRECTION('',(0.,0.,-1.));
#1478 = DIRECTION('',(1.,-1.28E-15,0.));
#1479 = ADVANCED_FACE('',(#1480),#1499,.F.);
#1480 = FACE_BOUND('',#1481,.F.);
#1481 = EDGE_LOOP('',(#1482,#1491,#1492,#1493));
#1482 = ORIENTED_EDGE('',*,*,#1483,.T.);
#1483 = EDGE_CURVE('',#1484,#1459,#1486,.T.);
#1484 = VERTEX_POINT('',#1485);
#1485 = CARTESIAN_POINT('',(23.1,38.792790922537,-3.7));
#1486 = CIRCLE('',#1487,0.15);
#1487 = AXIS2_PLACEMENT_3D('',#1488,#1489,#1490);
#1488 = CARTESIAN_POINT('',(22.95,38.792790922537,-3.7));
#1489 = DIRECTION('',(0.,-0.,1.));
#1490 = DIRECTION('',(1.,4.737E-14,0.));
#1491 = ORIENTED_EDGE('',*,*,#1467,.T.);
#1492 = ORIENTED_EDGE('',*,*,#144,.F.);
#1493 = ORIENTED_EDGE('',*,*,#1494,.F.);
#1494 = EDGE_CURVE('',#1484,#145,#1495,.T.);
#1495 = LINE('',#1496,#1497);
#1496 = CARTESIAN_POINT('',(23.1,38.792790922537,-3.3));
#1497 = VECTOR('',#1498,1.);
#1498 = DIRECTION('',(-4.E-17,-3.E-17,1.));
#1499 = CYLINDRICAL_SURFACE('',#1500,0.15);
#1500 = AXIS2_PLACEMENT_3D('',#1501,#1502,#1503);
#1501 = CARTESIAN_POINT('',(22.95,38.792790922537,-3.3));
#1502 = DIRECTION('',(0.,0.,1.));
#1503 = DIRECTION('',(1.,4.737E-14,-0.));
#1504 = ADVANCED_FACE('',(#1505),#1523,.T.);
#1505 = FACE_BOUND('',#1506,.T.);
#1506 = EDGE_LOOP('',(#1507,#1515,#1521,#1522));
#1507 = ORIENTED_EDGE('',*,*,#1508,.F.);
#1508 = EDGE_CURVE('',#1509,#1484,#1511,.T.);
#1509 = VERTEX_POINT('',#1510);
#1510 = CARTESIAN_POINT('',(23.1,13.888942890051,-3.7));
#1511 = LINE('',#1512,#1513);
#1512 = CARTESIAN_POINT('',(23.1,38.792790922537,-3.7));
#1513 = VECTOR('',#1514,1.);
#1514 = DIRECTION('',(4.E-16,1.,-4.E-16));
#1515 = ORIENTED_EDGE('',*,*,#1516,.F.);
#1516 = EDGE_CURVE('',#154,#1509,#1517,.T.);
#1517 = LINE('',#1518,#1519);
#1518 = CARTESIAN_POINT('',(23.1,13.888942890051,-3.3));
#1519 = VECTOR('',#1520,1.);
#1520 = DIRECTION('',(0.,0.,-1.));
#1521 = ORIENTED_EDGE('',*,*,#153,.T.);
#1522 = ORIENTED_EDGE('',*,*,#1494,.F.);
#1523 = PLANE('',#1524);
#1524 = AXIS2_PLACEMENT_3D('',#1525,#1526,#1527);
#1525 = CARTESIAN_POINT('',(23.1,38.792790922537,-3.3));
#1526 = DIRECTION('',(-1.,0.,-4.E-17));
#1527 = DIRECTION('',(-4.E-17,-3.E-17,1.));
#1528 = ADVANCED_FACE('',(#1529),#1548,.T.);
#1529 = FACE_BOUND('',#1530,.T.);
#1530 = EDGE_LOOP('',(#1531,#1540,#1546,#1547));
#1531 = ORIENTED_EDGE('',*,*,#1532,.F.);
#1532 = EDGE_CURVE('',#1533,#1509,#1535,.T.);
#1533 = VERTEX_POINT('',#1534);
#1534 = CARTESIAN_POINT('',(23.4325,11.970624941952,-3.7));
#1535 = CIRCLE('',#1536,5.7);
#1536 = AXIS2_PLACEMENT_3D('',#1537,#1538,#1539);
#1537 = CARTESIAN_POINT('',(28.8,13.888942890051,-3.7));
#1538 = DIRECTION('',(0.,-0.,-1.));
#1539 = DIRECTION('',(1.,-9.3E-16,0.));
#1540 = ORIENTED_EDGE('',*,*,#1541,.T.);
#1541 = EDGE_CURVE('',#1533,#162,#1542,.T.);
#1542 = LINE('',#1543,#1544);
#1543 = CARTESIAN_POINT('',(23.4325,11.970624941952,-3.3));
#1544 = VECTOR('',#1545,1.);
#1545 = DIRECTION('',(0.,0.,1.));
#1546 = ORIENTED_EDGE('',*,*,#161,.T.);
#1547 = ORIENTED_EDGE('',*,*,#1516,.T.);
#1548 = CYLINDRICAL_SURFACE('',#1549,5.7);
#1549 = AXIS2_PLACEMENT_3D('',#1550,#1551,#1552);
#1550 = CARTESIAN_POINT('',(28.8,13.888942890051,-3.3));
#1551 = DIRECTION('',(0.,0.,-1.));
#1552 = DIRECTION('',(1.,-9.3E-16,0.));
#1553 = ADVANCED_FACE('',(#1554),#1573,.F.);
#1554 = FACE_BOUND('',#1555,.F.);
#1555 = EDGE_LOOP('',(#1556,#1565,#1566,#1567));
#1556 = ORIENTED_EDGE('',*,*,#1557,.T.);
#1557 = EDGE_CURVE('',#1558,#1533,#1560,.T.);
#1558 = VERTEX_POINT('',#1559);
#1559 = CARTESIAN_POINT('',(23.4325,11.768696736888,-3.7));
#1560 = CIRCLE('',#1561,0.3);
#1561 = AXIS2_PLACEMENT_3D('',#1562,#1563,#1564);
#1562 = CARTESIAN_POINT('',(23.15,11.86966083942,-3.7));
#1563 = DIRECTION('',(0.,-0.,1.));
#1564 = DIRECTION('',(1.,1.184E-14,0.));
#1565 = ORIENTED_EDGE('',*,*,#1541,.T.);
#1566 = ORIENTED_EDGE('',*,*,#170,.F.);
#1567 = ORIENTED_EDGE('',*,*,#1568,.T.);
#1568 = EDGE_CURVE('',#171,#1558,#1569,.T.);
#1569 = LINE('',#1570,#1571);
#1570 = CARTESIAN_POINT('',(23.4325,11.768696736888,-3.3));
#1571 = VECTOR('',#1572,1.);
#1572 = DIRECTION('',(0.,0.,-1.));
#1573 = CYLINDRICAL_SURFACE('',#1574,0.3);
#1574 = AXIS2_PLACEMENT_3D('',#1575,#1576,#1577);
#1575 = CARTESIAN_POINT('',(23.15,11.86966083942,-3.3));
#1576 = DIRECTION('',(0.,0.,1.));
#1577 = DIRECTION('',(1.,1.184E-14,-0.));
#1578 = ADVANCED_FACE('',(#1579),#1598,.T.);
#1579 = FACE_BOUND('',#1580,.T.);
#1580 = EDGE_LOOP('',(#1581,#1590,#1596,#1597));
#1581 = ORIENTED_EDGE('',*,*,#1582,.F.);
#1582 = EDGE_CURVE('',#1583,#1558,#1585,.T.);
#1583 = VERTEX_POINT('',#1584);
#1584 = CARTESIAN_POINT('',(23.1,9.850378788789,-3.7));
#1585 = CIRCLE('',#1586,5.7);
#1586 = AXIS2_PLACEMENT_3D('',#1587,#1588,#1589);
#1587 = CARTESIAN_POINT('',(28.8,9.850378788789,-3.7));
#1588 = DIRECTION('',(0.,-0.,-1.));
#1589 = DIRECTION('',(1.,-9.3E-16,0.));
#1590 = ORIENTED_EDGE('',*,*,#1591,.T.);
#1591 = EDGE_CURVE('',#1583,#180,#1592,.T.);
#1592 = LINE('',#1593,#1594);
#1593 = CARTESIAN_POINT('',(23.1,9.850378788789,-3.3));
#1594 = VECTOR('',#1595,1.);
#1595 = DIRECTION('',(-4.E-17,-3.E-17,1.));
#1596 = ORIENTED_EDGE('',*,*,#179,.T.);
#1597 = ORIENTED_EDGE('',*,*,#1568,.T.);
#1598 = CYLINDRICAL_SURFACE('',#1599,5.7);
#1599 = AXIS2_PLACEMENT_3D('',#1600,#1601,#1602);
#1600 = CARTESIAN_POINT('',(28.8,9.850378788789,-3.3));
#1601 = DIRECTION('',(0.,0.,-1.));
#1602 = DIRECTION('',(1.,-9.3E-16,0.));
#1603 = ADVANCED_FACE('',(#1604),#1623,.T.);
#1604 = FACE_BOUND('',#1605,.T.);
#1605 = EDGE_LOOP('',(#1606,#1614,#1621,#1622));
#1606 = ORIENTED_EDGE('',*,*,#1607,.F.);
#1607 = EDGE_CURVE('',#1608,#1583,#1610,.T.);
#1608 = VERTEX_POINT('',#1609);
#1609 = CARTESIAN_POINT('',(23.1,-8.973250068695,-3.7));
#1610 = LINE('',#1611,#1612);
#1611 = CARTESIAN_POINT('',(23.1,9.850378788789,-3.7));
#1612 = VECTOR('',#1613,1.);
#1613 = DIRECTION('',(3.5E-16,1.,-3.5E-16));
#1614 = ORIENTED_EDGE('',*,*,#1615,.F.);
#1615 = EDGE_CURVE('',#189,#1608,#1616,.T.);
#1616 = CIRCLE('',#1617,2.);
#1617 = AXIS2_PLACEMENT_3D('',#1618,#1619,#1620);
#1618 = CARTESIAN_POINT('',(23.1,-7.773250068695,-5.3));
#1619 = DIRECTION('',(1.,-2.2E-16,2.2E-16));
#1620 = DIRECTION('',(2.2E-16,1.,-2.2E-16));
#1621 = ORIENTED_EDGE('',*,*,#188,.T.);
#1622 = ORIENTED_EDGE('',*,*,#1591,.F.);
#1623 = PLANE('',#1624);
#1624 = AXIS2_PLACEMENT_3D('',#1625,#1626,#1627);
#1625 = CARTESIAN_POINT('',(23.1,9.850378788789,-3.3));
#1626 = DIRECTION('',(-1.,0.,-4.E-17));
#1627 = DIRECTION('',(-4.E-17,-3.E-17,1.));
#1628 = ADVANCED_FACE('',(#1629),#1657,.T.);
#1629 = FACE_BOUND('',#1630,.T.);
#1630 = EDGE_LOOP('',(#1631,#1640,#1641,#1642,#1651));
#1631 = ORIENTED_EDGE('',*,*,#1632,.F.);
#1632 = EDGE_CURVE('',#197,#1633,#1635,.T.);
#1633 = VERTEX_POINT('',#1634);
#1634 = CARTESIAN_POINT('',(24.993506647247,-9.556020329109,
    -4.393506647247));
#1635 = ELLIPSE('',#1636,2.828427124746,2.);
#1636 = AXIS2_PLACEMENT_3D('',#1637,#1638,#1639);
#1637 = CARTESIAN_POINT('',(25.9,-7.773250068695,-5.3));
#1638 = DIRECTION('',(0.707106781187,-1.143063861144E-32,0.707106781187)
  );
#1639 = DIRECTION('',(0.707106781187,-3.1E-16,-0.707106781187));
#1640 = ORIENTED_EDGE('',*,*,#196,.T.);
#1641 = ORIENTED_EDGE('',*,*,#1615,.T.);
#1642 = ORIENTED_EDGE('',*,*,#1643,.F.);
#1643 = EDGE_CURVE('',#1644,#1608,#1646,.T.);
#1644 = VERTEX_POINT('',#1645);
#1645 = CARTESIAN_POINT('',(23.793506647247,-9.556020329109,
    -4.393506647247));
#1646 = ELLIPSE('',#1647,2.828427124746,2.);
#1647 = AXIS2_PLACEMENT_3D('',#1648,#1649,#1650);
#1648 = CARTESIAN_POINT('',(24.7,-7.773250068695,-5.3));
#1649 = DIRECTION('',(-0.707106781187,1.143063861144E-32,-0.707106781187
    ));
#1650 = DIRECTION('',(0.707106781187,-3.1E-16,-0.707106781187));
#1651 = ORIENTED_EDGE('',*,*,#1652,.F.);
#1652 = EDGE_CURVE('',#1633,#1644,#1653,.T.);
#1653 = LINE('',#1654,#1655);
#1654 = CARTESIAN_POINT('',(26.132759196389,-9.556020329109,
    -4.393506647247));
#1655 = VECTOR('',#1656,1.);
#1656 = DIRECTION('',(-1.,2.2E-16,-2.8E-16));
#1657 = CYLINDRICAL_SURFACE('',#1658,2.);
#1658 = AXIS2_PLACEMENT_3D('',#1659,#1660,#1661);
#1659 = CARTESIAN_POINT('',(26.132759196389,-7.773250068695,-5.3));
#1660 = DIRECTION('',(1.,-2.2E-16,2.2E-16));
#1661 = DIRECTION('',(2.2E-16,1.,-2.2E-16));
#1662 = ADVANCED_FACE('',(#1663),#1689,.T.);
#1663 = FACE_BOUND('',#1664,.T.);
#1664 = EDGE_LOOP('',(#1665,#1666,#1667,#1675,#1683));
#1665 = ORIENTED_EDGE('',*,*,#204,.F.);
#1666 = ORIENTED_EDGE('',*,*,#1632,.T.);
#1667 = ORIENTED_EDGE('',*,*,#1668,.F.);
#1668 = EDGE_CURVE('',#1669,#1633,#1671,.T.);
#1669 = VERTEX_POINT('',#1670);
#1670 = CARTESIAN_POINT('',(25.8,-9.966101694915,-5.2));
#1671 = LINE('',#1672,#1673);
#1672 = CARTESIAN_POINT('',(23.916214977517,-9.008244903822,
    -3.316214977517));
#1673 = VECTOR('',#1674,1.);
#1674 = DIRECTION('',(-0.665404129693,0.338341082895,0.665404129693));
#1675 = ORIENTED_EDGE('',*,*,#1676,.T.);
#1676 = EDGE_CURVE('',#1669,#1677,#1679,.T.);
#1677 = VERTEX_POINT('',#1678);
#1678 = CARTESIAN_POINT('',(25.8,9.850378788789,-5.2));
#1679 = LINE('',#1680,#1681);
#1680 = CARTESIAN_POINT('',(25.8,9.850378788789,-5.2));
#1681 = VECTOR('',#1682,1.);
#1682 = DIRECTION('',(3.3E-16,1.,-3.3E-16));
#1683 = ORIENTED_EDGE('',*,*,#1684,.F.);
#1684 = EDGE_CURVE('',#205,#1677,#1685,.T.);
#1685 = LINE('',#1686,#1687);
#1686 = CARTESIAN_POINT('',(23.9,9.850378788789,-3.3));
#1687 = VECTOR('',#1688,1.);
#1688 = DIRECTION('',(0.707106781187,-4.7E-16,-0.707106781187));
#1689 = PLANE('',#1690);
#1690 = AXIS2_PLACEMENT_3D('',#1691,#1692,#1693);
#1691 = CARTESIAN_POINT('',(23.9,9.850378788789,-3.3));
#1692 = DIRECTION('',(0.707106781187,0.,0.707106781187));
#1693 = DIRECTION('',(0.707106781187,-4.7E-16,-0.707106781187));
#1694 = ADVANCED_FACE('',(#1695),#1714,.F.);
#1695 = FACE_BOUND('',#1696,.F.);
#1696 = EDGE_LOOP('',(#1697,#1698,#1706,#1713));
#1697 = ORIENTED_EDGE('',*,*,#212,.T.);
#1698 = ORIENTED_EDGE('',*,*,#1699,.T.);
#1699 = EDGE_CURVE('',#213,#1700,#1702,.T.);
#1700 = VERTEX_POINT('',#1701);
#1701 = CARTESIAN_POINT('',(25.975,10.860019814105,-5.2));
#1702 = LINE('',#1703,#1704);
#1703 = CARTESIAN_POINT('',(24.185833333333,11.499459130138,-3.3));
#1704 = VECTOR('',#1705,1.);
#1705 = DIRECTION('',(0.665858885617,-0.237974671855,-0.707106781187));
#1706 = ORIENTED_EDGE('',*,*,#1707,.F.);
#1707 = EDGE_CURVE('',#1677,#1700,#1708,.T.);
#1708 = CIRCLE('',#1709,3.);
#1709 = AXIS2_PLACEMENT_3D('',#1710,#1711,#1712);
#1710 = CARTESIAN_POINT('',(28.8,9.850378788789,-5.2));
#1711 = DIRECTION('',(0.,-0.,-1.));
#1712 = DIRECTION('',(1.,-1.09E-15,0.));
#1713 = ORIENTED_EDGE('',*,*,#1684,.F.);
#1714 = CONICAL_SURFACE('',#1715,4.9,0.785398163397);
#1715 = AXIS2_PLACEMENT_3D('',#1716,#1717,#1718);
#1716 = CARTESIAN_POINT('',(28.8,9.850378788789,-3.3));
#1717 = DIRECTION('',(0.,0.,1.));
#1718 = DIRECTION('',(1.,-1.09E-15,0.));
#1719 = ADVANCED_FACE('',(#1720),#1739,.T.);
#1720 = FACE_BOUND('',#1721,.T.);
#1721 = EDGE_LOOP('',(#1722,#1723,#1724,#1733));
#1722 = ORIENTED_EDGE('',*,*,#221,.F.);
#1723 = ORIENTED_EDGE('',*,*,#1699,.T.);
#1724 = ORIENTED_EDGE('',*,*,#1725,.T.);
#1725 = EDGE_CURVE('',#1700,#1726,#1728,.T.);
#1726 = VERTEX_POINT('',#1727);
#1727 = CARTESIAN_POINT('',(25.975,12.879301864735,-5.2));
#1728 = CIRCLE('',#1729,3.);
#1729 = AXIS2_PLACEMENT_3D('',#1730,#1731,#1732);
#1730 = CARTESIAN_POINT('',(23.15,11.86966083942,-5.2));
#1731 = DIRECTION('',(0.,-0.,1.));
#1732 = DIRECTION('',(1.,3.23E-15,0.));
#1733 = ORIENTED_EDGE('',*,*,#1734,.T.);
#1734 = EDGE_CURVE('',#1726,#222,#1735,.T.);
#1735 = LINE('',#1736,#1737);
#1736 = CARTESIAN_POINT('',(24.185833333333,12.239862548702,-3.3));
#1737 = VECTOR('',#1738,1.);
#1738 = DIRECTION('',(-0.665858885617,-0.237974671855,0.707106781187));
#1739 = CONICAL_SURFACE('',#1740,1.1,0.785398163397);
#1740 = AXIS2_PLACEMENT_3D('',#1741,#1742,#1743);
#1741 = CARTESIAN_POINT('',(23.15,11.86966083942,-3.3));
#1742 = DIRECTION('',(-0.,-0.,-1.));
#1743 = DIRECTION('',(1.,3.23E-15,-0.));
#1744 = ADVANCED_FACE('',(#1745),#1764,.F.);
#1745 = FACE_BOUND('',#1746,.F.);
#1746 = EDGE_LOOP('',(#1747,#1748,#1756,#1763));
#1747 = ORIENTED_EDGE('',*,*,#230,.T.);
#1748 = ORIENTED_EDGE('',*,*,#1749,.T.);
#1749 = EDGE_CURVE('',#231,#1750,#1752,.T.);
#1750 = VERTEX_POINT('',#1751);
#1751 = CARTESIAN_POINT('',(25.8,13.888942890051,-5.2));
#1752 = LINE('',#1753,#1754);
#1753 = CARTESIAN_POINT('',(23.9,13.888942890051,-3.3));
#1754 = VECTOR('',#1755,1.);
#1755 = DIRECTION('',(0.707106781187,-6.8E-16,-0.707106781187));
#1756 = ORIENTED_EDGE('',*,*,#1757,.F.);
#1757 = EDGE_CURVE('',#1726,#1750,#1758,.T.);
#1758 = CIRCLE('',#1759,3.);
#1759 = AXIS2_PLACEMENT_3D('',#1760,#1761,#1762);
#1760 = CARTESIAN_POINT('',(28.8,13.888942890051,-5.2));
#1761 = DIRECTION('',(0.,-0.,-1.));
#1762 = DIRECTION('',(1.,-1.09E-15,0.));
#1763 = ORIENTED_EDGE('',*,*,#1734,.T.);
#1764 = CONICAL_SURFACE('',#1765,4.9,0.785398163397);
#1765 = AXIS2_PLACEMENT_3D('',#1766,#1767,#1768);
#1766 = CARTESIAN_POINT('',(28.8,13.888942890051,-3.3));
#1767 = DIRECTION('',(0.,0.,1.));
#1768 = DIRECTION('',(1.,-1.09E-15,0.));
#1769 = ADVANCED_FACE('',(#1770),#1796,.T.);
#1770 = FACE_BOUND('',#1771,.T.);
#1771 = EDGE_LOOP('',(#1772,#1773,#1774,#1782,#1790));
#1772 = ORIENTED_EDGE('',*,*,#239,.F.);
#1773 = ORIENTED_EDGE('',*,*,#1749,.T.);
#1774 = ORIENTED_EDGE('',*,*,#1775,.T.);
#1775 = EDGE_CURVE('',#1750,#1776,#1778,.T.);
#1776 = VERTEX_POINT('',#1777);
#1777 = CARTESIAN_POINT('',(25.8,38.792790922537,-5.2));
#1778 = LINE('',#1779,#1780);
#1779 = CARTESIAN_POINT('',(25.8,38.792790922537,-5.2));
#1780 = VECTOR('',#1781,1.);
#1781 = DIRECTION('',(3.8E-16,1.,-3.8E-16));
#1782 = ORIENTED_EDGE('',*,*,#1783,.F.);
#1783 = EDGE_CURVE('',#1784,#1776,#1786,.T.);
#1784 = VERTEX_POINT('',#1785);
#1785 = CARTESIAN_POINT('',(24.775,38.792790922537,-4.175));
#1786 = LINE('',#1787,#1788);
#1787 = CARTESIAN_POINT('',(23.9,38.792790922537,-3.3));
#1788 = VECTOR('',#1789,1.);
#1789 = DIRECTION('',(0.707106781187,-5.4E-16,-0.707106781187));
#1790 = ORIENTED_EDGE('',*,*,#1791,.F.);
#1791 = EDGE_CURVE('',#240,#1784,#1792,.T.);
#1792 = LINE('',#1793,#1794);
#1793 = CARTESIAN_POINT('',(23.9,38.792790922537,-3.3));
#1794 = VECTOR('',#1795,1.);
#1795 = DIRECTION('',(0.707106781187,-5.4E-16,-0.707106781187));
#1796 = PLANE('',#1797);
#1797 = AXIS2_PLACEMENT_3D('',#1798,#1799,#1800);
#1798 = CARTESIAN_POINT('',(23.9,38.792790922537,-3.3));
#1799 = DIRECTION('',(0.707106781187,0.,0.707106781187));
#1800 = DIRECTION('',(0.707106781187,-5.4E-16,-0.707106781187));
#1801 = ADVANCED_FACE('',(#1802),#1821,.T.);
#1802 = FACE_BOUND('',#1803,.T.);
#1803 = EDGE_LOOP('',(#1804,#1805,#1806,#1815));
#1804 = ORIENTED_EDGE('',*,*,#247,.F.);
#1805 = ORIENTED_EDGE('',*,*,#1791,.T.);
#1806 = ORIENTED_EDGE('',*,*,#1807,.T.);
#1807 = EDGE_CURVE('',#1784,#1808,#1810,.T.);
#1808 = VERTEX_POINT('',#1809);
#1809 = CARTESIAN_POINT('',(23.094078947368,40.612094706111,-4.175));
#1810 = CIRCLE('',#1811,1.825);
#1811 = AXIS2_PLACEMENT_3D('',#1812,#1813,#1814);
#1812 = CARTESIAN_POINT('',(22.95,38.792790922537,-4.175));
#1813 = DIRECTION('',(0.,-0.,1.));
#1814 = DIRECTION('',(1.,1.04E-14,0.));
#1815 = ORIENTED_EDGE('',*,*,#1816,.T.);
#1816 = EDGE_CURVE('',#1808,#248,#1817,.T.);
#1817 = LINE('',#1818,#1819);
#1818 = CARTESIAN_POINT('',(23.025,39.739825768781,-3.3));
#1819 = VECTOR('',#1820,1.);
#1820 = DIRECTION('',(-5.582421956733E-02,-0.704899749262,0.707106781187
    ));
#1821 = CONICAL_SURFACE('',#1822,0.95,0.785398163397);
#1822 = AXIS2_PLACEMENT_3D('',#1823,#1824,#1825);
#1823 = CARTESIAN_POINT('',(22.95,38.792790922537,-3.3));
#1824 = DIRECTION('',(-0.,-0.,-1.));
#1825 = DIRECTION('',(1.,7.48E-15,-0.));
#1826 = ADVANCED_FACE('',(#1827),#1854,.F.);
#1827 = FACE_BOUND('',#1828,.F.);
#1828 = EDGE_LOOP('',(#1829,#1830,#1838,#1847,#1853));
#1829 = ORIENTED_EDGE('',*,*,#256,.T.);
#1830 = ORIENTED_EDGE('',*,*,#1831,.T.);
#1831 = EDGE_CURVE('',#257,#1832,#1834,.T.);
#1832 = VERTEX_POINT('',#1833);
#1833 = CARTESIAN_POINT('',(20.550438630245,44.425,-5.2));
#1834 = LINE('',#1835,#1836);
#1835 = CARTESIAN_POINT('',(18.650731050408,44.391666666667,-3.3));
#1836 = VECTOR('',#1837,1.);
#1837 = DIRECTION('',(0.706997953671,1.240538212607E-02,-0.707106781187)
  );
#1838 = ORIENTED_EDGE('',*,*,#1839,.F.);
#1839 = EDGE_CURVE('',#1840,#1832,#1842,.T.);
#1840 = VERTEX_POINT('',#1841);
#1841 = CARTESIAN_POINT('',(23.175,41.633895461269,-5.2));
#1842 = CIRCLE('',#1843,2.85);
#1843 = AXIS2_PLACEMENT_3D('',#1844,#1845,#1846);
#1844 = CARTESIAN_POINT('',(23.4,44.475,-5.2));
#1845 = DIRECTION('',(0.,-0.,-1.));
#1846 = DIRECTION('',(1.,-1.5E-15,0.));
#1847 = ORIENTED_EDGE('',*,*,#1848,.T.);
#1848 = EDGE_CURVE('',#1840,#1808,#1849,.T.);
#1849 = LINE('',#1850,#1851);
#1850 = CARTESIAN_POINT('',(23.025,39.739825768781,-3.3));
#1851 = VECTOR('',#1852,1.);
#1852 = DIRECTION('',(-5.582421956733E-02,-0.704899749262,0.707106781187
    ));
#1853 = ORIENTED_EDGE('',*,*,#1816,.T.);
#1854 = CONICAL_SURFACE('',#1855,4.75,0.785398163397);
#1855 = AXIS2_PLACEMENT_3D('',#1856,#1857,#1858);
#1856 = CARTESIAN_POINT('',(23.4,44.475,-3.3));
#1857 = DIRECTION('',(0.,0.,1.));
#1858 = DIRECTION('',(1.,-1.5E-15,0.));
#1859 = ADVANCED_FACE('',(#1860),#1879,.T.);
#1860 = FACE_BOUND('',#1861,.T.);
#1861 = EDGE_LOOP('',(#1862,#1863,#1864,#1873));
#1862 = ORIENTED_EDGE('',*,*,#265,.F.);
#1863 = ORIENTED_EDGE('',*,*,#1831,.T.);
#1864 = ORIENTED_EDGE('',*,*,#1865,.T.);
#1865 = EDGE_CURVE('',#1832,#1866,#1868,.T.);
#1866 = VERTEX_POINT('',#1867);
#1867 = CARTESIAN_POINT('',(17.70087726049,47.225,-5.2));
#1868 = CIRCLE('',#1869,2.85);
#1869 = AXIS2_PLACEMENT_3D('',#1870,#1871,#1872);
#1870 = CARTESIAN_POINT('',(17.70087726049,44.375,-5.2));
#1871 = DIRECTION('',(0.,-0.,1.));
#1872 = DIRECTION('',(1.,7.48E-15,0.));
#1873 = ORIENTED_EDGE('',*,*,#1874,.T.);
#1874 = EDGE_CURVE('',#1866,#266,#1875,.T.);
#1875 = LINE('',#1876,#1877);
#1876 = CARTESIAN_POINT('',(17.70087726049,45.325,-3.3));
#1877 = VECTOR('',#1878,1.);
#1878 = DIRECTION('',(4.77E-15,-0.707106781187,0.707106781187));
#1879 = CONICAL_SURFACE('',#1880,0.95,0.785398163397);
#1880 = AXIS2_PLACEMENT_3D('',#1881,#1882,#1883);
#1881 = CARTESIAN_POINT('',(17.70087726049,44.375,-3.3));
#1882 = DIRECTION('',(-0.,-0.,-1.));
#1883 = DIRECTION('',(1.,7.48E-15,-0.));
#1884 = ADVANCED_FACE('',(#1885),#1896,.T.);
#1885 = FACE_BOUND('',#1886,.T.);
#1886 = EDGE_LOOP('',(#1887,#1888,#1889,#1895));
#1887 = ORIENTED_EDGE('',*,*,#274,.F.);
#1888 = ORIENTED_EDGE('',*,*,#1874,.F.);
#1889 = ORIENTED_EDGE('',*,*,#1890,.T.);
#1890 = EDGE_CURVE('',#1866,#1148,#1891,.T.);
#1891 = LINE('',#1892,#1893);
#1892 = CARTESIAN_POINT('',(14.70087726049,47.225,-5.2));
#1893 = VECTOR('',#1894,1.);
#1894 = DIRECTION('',(-1.,3.7E-16,-3.7E-16));
#1895 = ORIENTED_EDGE('',*,*,#1147,.F.);
#1896 = PLANE('',#1897);
#1897 = AXIS2_PLACEMENT_3D('',#1898,#1899,#1900);
#1898 = CARTESIAN_POINT('',(14.70087726049,45.325,-3.3));
#1899 = DIRECTION('',(0.,0.707106781187,0.707106781187));
#1900 = DIRECTION('',(5.3E-16,0.707106781187,-0.707106781187));
#1901 = ADVANCED_FACE('',(#1902),#1920,.T.);
#1902 = FACE_BOUND('',#1903,.T.);
#1903 = EDGE_LOOP('',(#1904,#1905,#1906,#1914));
#1904 = ORIENTED_EDGE('',*,*,#299,.F.);
#1905 = ORIENTED_EDGE('',*,*,#1220,.T.);
#1906 = ORIENTED_EDGE('',*,*,#1907,.T.);
#1907 = EDGE_CURVE('',#1203,#1908,#1910,.T.);
#1908 = VERTEX_POINT('',#1909);
#1909 = CARTESIAN_POINT('',(-6.825701264859,38.725,-9.6));
#1910 = LINE('',#1911,#1912);
#1911 = CARTESIAN_POINT('',(13.128303654953,38.725,-9.6));
#1912 = VECTOR('',#1913,1.);
#1913 = DIRECTION('',(-1.,0.,2.E-16));
#1914 = ORIENTED_EDGE('',*,*,#1915,.F.);
#1915 = EDGE_CURVE('',#300,#1908,#1916,.T.);
#1916 = LINE('',#1917,#1918);
#1917 = CARTESIAN_POINT('',(-6.825701264859,38.725,-9.6));
#1918 = VECTOR('',#1919,1.);
#1919 = DIRECTION('',(-2.E-16,-5.E-17,-1.));
#1920 = PLANE('',#1921);
#1921 = AXIS2_PLACEMENT_3D('',#1922,#1923,#1924);
#1922 = CARTESIAN_POINT('',(3.151301195047,38.725,-6.45));
#1923 = DIRECTION('',(-5.4E-16,1.,2.96E-15));
#1924 = DIRECTION('',(0.,-2.96E-15,1.));
#1925 = ADVANCED_FACE('',(#1926),#1958,.F.);
#1926 = FACE_BOUND('',#1927,.F.);
#1927 = EDGE_LOOP('',(#1928,#1937,#1938,#1939,#1946,#1953));
#1928 = ORIENTED_EDGE('',*,*,#1929,.F.);
#1929 = EDGE_CURVE('',#1908,#1930,#1932,.T.);
#1930 = VERTEX_POINT('',#1931);
#1931 = CARTESIAN_POINT('',(-7.848698804953,41.322030552429,-9.6));
#1932 = CIRCLE('',#1933,1.5);
#1933 = AXIS2_PLACEMENT_3D('',#1934,#1935,#1936);
#1934 = CARTESIAN_POINT('',(-6.825701264859,40.225,-9.6));
#1935 = DIRECTION('',(0.,0.,-1.));
#1936 = DIRECTION('',(1.,0.,0.));
#1937 = ORIENTED_EDGE('',*,*,#1915,.F.);
#1938 = ORIENTED_EDGE('',*,*,#307,.T.);
#1939 = ORIENTED_EDGE('',*,*,#1940,.T.);
#1940 = EDGE_CURVE('',#308,#1941,#1943,.T.);
#1941 = VERTEX_POINT('',#1942);
#1942 = CARTESIAN_POINT('',(-7.848698804953,41.322030552429,-4.3));
#1943 = B_SPLINE_CURVE_WITH_KNOTS('',1,(#1944,#1945),.UNSPECIFIED.,.F.,
  .F.,(2,2),(1.,2.),.PIECEWISE_BEZIER_KNOTS.);
#1944 = CARTESIAN_POINT('',(-7.848698804953,41.322030552429,-3.3));
#1945 = CARTESIAN_POINT('',(-7.848698804953,41.322030552429,-4.3));
#1946 = ORIENTED_EDGE('',*,*,#1947,.T.);
#1947 = EDGE_CURVE('',#1941,#1948,#1950,.T.);
#1948 = VERTEX_POINT('',#1949);
#1949 = CARTESIAN_POINT('',(-7.848698804953,41.322030552429,-8.6));
#1950 = B_SPLINE_CURVE_WITH_KNOTS('',1,(#1951,#1952),.UNSPECIFIED.,.F.,
  .F.,(2,2),(2.,3.),.PIECEWISE_BEZIER_KNOTS.);
#1951 = CARTESIAN_POINT('',(-7.848698804953,41.322030552429,-4.3));
#1952 = CARTESIAN_POINT('',(-7.848698804953,41.322030552429,-8.6));
#1953 = ORIENTED_EDGE('',*,*,#1954,.T.);
#1954 = EDGE_CURVE('',#1948,#1930,#1955,.T.);
#1955 = B_SPLINE_CURVE_WITH_KNOTS('',1,(#1956,#1957),.UNSPECIFIED.,.F.,
  .F.,(2,2),(3.,4.),.PIECEWISE_BEZIER_KNOTS.);
#1956 = CARTESIAN_POINT('',(-7.848698804953,41.322030552429,-8.6));
#1957 = CARTESIAN_POINT('',(-7.848698804953,41.322030552429,-9.6));
#1958 = CYLINDRICAL_SURFACE('',#1959,1.5);
#1959 = AXIS2_PLACEMENT_3D('',#1960,#1961,#1962);
#1960 = CARTESIAN_POINT('',(-6.825701264859,40.225,-3.3));
#1961 = DIRECTION('',(0.,0.,-1.));
#1962 = DIRECTION('',(1.,0.,0.));
#1963 = ADVANCED_FACE('',(#1964),#1981,.T.);
#1964 = FACE_BOUND('',#1965,.T.);
#1965 = EDGE_LOOP('',(#1966,#1967,#1968,#1975));
#1966 = ORIENTED_EDGE('',*,*,#316,.F.);
#1967 = ORIENTED_EDGE('',*,*,#1940,.T.);
#1968 = ORIENTED_EDGE('',*,*,#1969,.T.);
#1969 = EDGE_CURVE('',#1941,#1970,#1972,.T.);
#1970 = VERTEX_POINT('',#1971);
#1971 = CARTESIAN_POINT('',(-6.550059314627,42.533031468612,-5.2));
#1972 = B_SPLINE_CURVE_WITH_KNOTS('',1,(#1973,#1974),.UNSPECIFIED.,.F.,
  .F.,(2,2),(0.,1.77566543719),.PIECEWISE_BEZIER_KNOTS.);
#1973 = CARTESIAN_POINT('',(-7.848698804953,41.322030552429,-4.3));
#1974 = CARTESIAN_POINT('',(-6.550059314627,42.533031468612,-5.2));
#1975 = ORIENTED_EDGE('',*,*,#1976,.F.);
#1976 = EDGE_CURVE('',#317,#1970,#1977,.T.);
#1977 = LINE('',#1978,#1979);
#1978 = CARTESIAN_POINT('',(-7.845856198746,43.922603501689,-3.3));
#1979 = VECTOR('',#1980,1.);
#1980 = DIRECTION('',(0.482245665158,-0.517145161861,-0.707106781187));
#1981 = B_SPLINE_SURFACE_WITH_KNOTS('',1,1,(
    (#1982,#1983)
    ,(#1984,#1985
    )),.UNSPECIFIED.,.F.,.F.,.F.,(2,2),(2,2),(1.,2.),(0.,1.77566543719),
  .PIECEWISE_BEZIER_KNOTS.);
#1982 = CARTESIAN_POINT('',(-7.848698804953,41.322030552429,-3.3));
#1983 = CARTESIAN_POINT('',(-7.845856198746,43.922603501688,-3.3));
#1984 = CARTESIAN_POINT('',(-7.848698804953,41.322030552429,-4.3));
#1985 = CARTESIAN_POINT('',(-6.550059314627,42.533031468612,-5.2));
#1986 = ADVANCED_FACE('',(#1987),#2006,.T.);
#1987 = FACE_BOUND('',#1988,.T.);
#1988 = EDGE_LOOP('',(#1989,#1990,#1991,#2000));
#1989 = ORIENTED_EDGE('',*,*,#323,.F.);
#1990 = ORIENTED_EDGE('',*,*,#1976,.T.);
#1991 = ORIENTED_EDGE('',*,*,#1992,.T.);
#1992 = EDGE_CURVE('',#1970,#1993,#1995,.T.);
#1993 = VERTEX_POINT('',#1994);
#1994 = CARTESIAN_POINT('',(-8.398274870396,47.225,-5.2));
#1995 = CIRCLE('',#1996,2.71);
#1996 = AXIS2_PLACEMENT_3D('',#1997,#1998,#1999);
#1997 = CARTESIAN_POINT('',(-8.398274870396,44.515,-5.2));
#1998 = DIRECTION('',(0.,-0.,1.));
#1999 = DIRECTION('',(1.,2.4562E-13,0.));
#2000 = ORIENTED_EDGE('',*,*,#2001,.T.);
#2001 = EDGE_CURVE('',#1993,#324,#2002,.T.);
#2002 = LINE('',#2003,#2004);
#2003 = CARTESIAN_POINT('',(-8.398274870397,45.325,-3.3));
#2004 = VECTOR('',#2005,1.);
#2005 = DIRECTION('',(1.7221E-13,-0.707106781187,0.707106781187));
#2006 = CONICAL_SURFACE('',#2007,0.81,0.785398163397);
#2007 = AXIS2_PLACEMENT_3D('',#2008,#2009,#2010);
#2008 = CARTESIAN_POINT('',(-8.398274870396,44.515,-3.3));
#2009 = DIRECTION('',(-0.,-0.,-1.));
#2010 = DIRECTION('',(1.,2.4562E-13,-0.));
#2011 = ADVANCED_FACE('',(#2012),#2038,.T.);
#2012 = FACE_BOUND('',#2013,.T.);
#2013 = EDGE_LOOP('',(#2014,#2015,#2016,#2024,#2032));
#2014 = ORIENTED_EDGE('',*,*,#332,.F.);
#2015 = ORIENTED_EDGE('',*,*,#2001,.F.);
#2016 = ORIENTED_EDGE('',*,*,#2017,.T.);
#2017 = EDGE_CURVE('',#1993,#2018,#2020,.T.);
#2018 = VERTEX_POINT('',#2019);
#2019 = CARTESIAN_POINT('',(-17.70087726049,47.225,-5.2));
#2020 = LINE('',#2021,#2022);
#2021 = CARTESIAN_POINT('',(-17.70087726049,47.225,-5.2));
#2022 = VECTOR('',#2023,1.);
#2023 = DIRECTION('',(-1.,5.299E-14,-5.299E-14));
#2024 = ORIENTED_EDGE('',*,*,#2025,.F.);
#2025 = EDGE_CURVE('',#2026,#2018,#2028,.T.);
#2026 = VERTEX_POINT('',#2027);
#2027 = CARTESIAN_POINT('',(-17.70087726049,46.2,-4.175));
#2028 = LINE('',#2029,#2030);
#2029 = CARTESIAN_POINT('',(-17.70087726049,45.325,-3.3));
#2030 = VECTOR('',#2031,1.);
#2031 = DIRECTION('',(7.494E-14,0.707106781187,-0.707106781187));
#2032 = ORIENTED_EDGE('',*,*,#2033,.F.);
#2033 = EDGE_CURVE('',#333,#2026,#2034,.T.);
#2034 = LINE('',#2035,#2036);
#2035 = CARTESIAN_POINT('',(-17.70087726049,45.325,-3.3));
#2036 = VECTOR('',#2037,1.);
#2037 = DIRECTION('',(7.494E-14,0.707106781187,-0.707106781187));
#2038 = PLANE('',#2039);
#2039 = AXIS2_PLACEMENT_3D('',#2040,#2041,#2042);
#2040 = CARTESIAN_POINT('',(-17.70087726049,45.325,-3.3));
#2041 = DIRECTION('',(0.,0.707106781187,0.707106781187));
#2042 = DIRECTION('',(7.494E-14,0.707106781187,-0.707106781187));
#2043 = ADVANCED_FACE('',(#2044),#2063,.T.);
#2044 = FACE_BOUND('',#2045,.T.);
#2045 = EDGE_LOOP('',(#2046,#2047,#2048,#2057));
#2046 = ORIENTED_EDGE('',*,*,#340,.F.);
#2047 = ORIENTED_EDGE('',*,*,#2033,.T.);
#2048 = ORIENTED_EDGE('',*,*,#2049,.T.);
#2049 = EDGE_CURVE('',#2026,#2050,#2052,.T.);
#2050 = VERTEX_POINT('',#2051);
#2051 = CARTESIAN_POINT('',(-19.52559638322,44.40701754386,-4.175));
#2052 = CIRCLE('',#2053,1.825);
#2053 = AXIS2_PLACEMENT_3D('',#2054,#2055,#2056);
#2054 = CARTESIAN_POINT('',(-17.70087726049,44.375,-4.175));
#2055 = DIRECTION('',(0.,0.,1.));
#2056 = DIRECTION('',(1.,0.,-0.));
#2057 = ORIENTED_EDGE('',*,*,#2058,.T.);
#2058 = EDGE_CURVE('',#2050,#341,#2059,.T.);
#2059 = LINE('',#2060,#2061);
#2060 = CARTESIAN_POINT('',(-18.6507310504,44.391666666666,-3.3));
#2061 = VECTOR('',#2062,1.);
#2062 = DIRECTION('',(0.706997953671,-1.240538212592E-02,0.707106781187)
  );
#2063 = CONICAL_SURFACE('',#2064,0.95,0.785398163397);
#2064 = AXIS2_PLACEMENT_3D('',#2065,#2066,#2067);
#2065 = CARTESIAN_POINT('',(-17.70087726049,44.375,-3.3));
#2066 = DIRECTION('',(-0.,-0.,-1.));
#2067 = DIRECTION('',(1.,2.0942E-13,-0.));
#2068 = ADVANCED_FACE('',(#2069),#2096,.F.);
#2069 = FACE_BOUND('',#2070,.F.);
#2070 = EDGE_LOOP('',(#2071,#2072,#2080,#2089,#2095));
#2071 = ORIENTED_EDGE('',*,*,#349,.T.);
#2072 = ORIENTED_EDGE('',*,*,#2073,.T.);
#2073 = EDGE_CURVE('',#350,#2074,#2076,.T.);
#2074 = VERTEX_POINT('',#2075);
#2075 = CARTESIAN_POINT('',(-22.8,41.688873656849,-5.2));
#2076 = LINE('',#2077,#2078);
#2077 = CARTESIAN_POINT('',(-22.4,39.831456094748,-3.3));
#2078 = VECTOR('',#2079,1.);
#2079 = DIRECTION('',(-0.148864585513,0.691259238767,-0.707106781187));
#2080 = ORIENTED_EDGE('',*,*,#2081,.F.);
#2081 = EDGE_CURVE('',#2082,#2074,#2084,.T.);
#2082 = VERTEX_POINT('',#2083);
#2083 = CARTESIAN_POINT('',(-20.55043863024,44.425,-5.2));
#2084 = CIRCLE('',#2085,2.85);
#2085 = AXIS2_PLACEMENT_3D('',#2086,#2087,#2088);
#2086 = CARTESIAN_POINT('',(-23.4,44.475,-5.2));
#2087 = DIRECTION('',(0.,-0.,-1.));
#2088 = DIRECTION('',(1.,-4.188E-14,0.));
#2089 = ORIENTED_EDGE('',*,*,#2090,.T.);
#2090 = EDGE_CURVE('',#2082,#2050,#2091,.T.);
#2091 = LINE('',#2092,#2093);
#2092 = CARTESIAN_POINT('',(-18.6507310504,44.391666666666,-3.3));
#2093 = VECTOR('',#2094,1.);
#2094 = DIRECTION('',(0.706997953671,-1.240538212592E-02,0.707106781187)
  );
#2095 = ORIENTED_EDGE('',*,*,#2058,.T.);
#2096 = CONICAL_SURFACE('',#2097,4.75,0.785398163397);
#2097 = AXIS2_PLACEMENT_3D('',#2098,#2099,#2100);
#2098 = CARTESIAN_POINT('',(-23.4,44.475,-3.3));
#2099 = DIRECTION('',(0.,0.,1.));
#2100 = DIRECTION('',(1.,-4.188E-14,0.));
#2101 = ADVANCED_FACE('',(#2102),#2121,.T.);
#2102 = FACE_BOUND('',#2103,.T.);
#2103 = EDGE_LOOP('',(#2104,#2105,#2106,#2115));
#2104 = ORIENTED_EDGE('',*,*,#358,.F.);
#2105 = ORIENTED_EDGE('',*,*,#2073,.T.);
#2106 = ORIENTED_EDGE('',*,*,#2107,.T.);
#2107 = EDGE_CURVE('',#2074,#2108,#2110,.T.);
#2108 = VERTEX_POINT('',#2109);
#2109 = CARTESIAN_POINT('',(-25.05,38.902747313698,-5.2));
#2110 = CIRCLE('',#2111,2.85);
#2111 = AXIS2_PLACEMENT_3D('',#2112,#2113,#2114);
#2112 = CARTESIAN_POINT('',(-22.2,38.902747313698,-5.2));
#2113 = DIRECTION('',(0.,-0.,1.));
#2114 = DIRECTION('',(1.,2.0942E-13,0.));
#2115 = ORIENTED_EDGE('',*,*,#2116,.T.);
#2116 = EDGE_CURVE('',#2108,#359,#2117,.T.);
#2117 = LINE('',#2118,#2119);
#2118 = CARTESIAN_POINT('',(-23.15,38.902747313698,-3.3));
#2119 = VECTOR('',#2120,1.);
#2120 = DIRECTION('',(0.707106781187,1.4863E-13,0.707106781187));
#2121 = CONICAL_SURFACE('',#2122,0.95,0.785398163397);
#2122 = AXIS2_PLACEMENT_3D('',#2123,#2124,#2125);
#2123 = CARTESIAN_POINT('',(-22.2,38.902747313698,-3.3));
#2124 = DIRECTION('',(-0.,-0.,-1.));
#2125 = DIRECTION('',(1.,2.0942E-13,-0.));
#2126 = ADVANCED_FACE('',(#2127),#2209,.T.);
#2127 = FACE_BOUND('',#2128,.T.);
#2128 = EDGE_LOOP('',(#2129,#2130,#2131,#2139,#2147,#2155,#2163,#2171,
    #2179,#2187,#2195,#2203));
#2129 = ORIENTED_EDGE('',*,*,#367,.F.);
#2130 = ORIENTED_EDGE('',*,*,#2116,.F.);
#2131 = ORIENTED_EDGE('',*,*,#2132,.T.);
#2132 = EDGE_CURVE('',#2108,#2133,#2135,.T.);
#2133 = VERTEX_POINT('',#2134);
#2134 = CARTESIAN_POINT('',(-25.05,34.614302855497,-5.2));
#2135 = LINE('',#2136,#2137);
#2136 = CARTESIAN_POINT('',(-25.05,38.902747313698,-5.2));
#2137 = VECTOR('',#2138,1.);
#2138 = DIRECTION('',(-5.146E-14,-1.,-5.146E-14));
#2139 = ORIENTED_EDGE('',*,*,#2140,.F.);
#2140 = EDGE_CURVE('',#2141,#2133,#2143,.T.);
#2141 = VERTEX_POINT('',#2142);
#2142 = CARTESIAN_POINT('',(-23.89,34.614302855497,-4.04));
#2143 = LINE('',#2144,#2145);
#2144 = CARTESIAN_POINT('',(-25.1625,34.614302855497,-5.3125));
#2145 = VECTOR('',#2146,1.);
#2146 = DIRECTION('',(-0.707106781187,0.,-0.707106781187));
#2147 = ORIENTED_EDGE('',*,*,#2148,.F.);
#2148 = EDGE_CURVE('',#2149,#2141,#2151,.T.);
#2149 = VERTEX_POINT('',#2150);
#2150 = CARTESIAN_POINT('',(-23.89,31.614302855497,-4.04));
#2151 = LINE('',#2152,#2153);
#2152 = CARTESIAN_POINT('',(-23.89,34.613873656849,-4.04));
#2153 = VECTOR('',#2154,1.);
#2154 = DIRECTION('',(-0.,1.,-0.));
#2155 = ORIENTED_EDGE('',*,*,#2156,.F.);
#2156 = EDGE_CURVE('',#2157,#2149,#2159,.T.);
#2157 = VERTEX_POINT('',#2158);
#2158 = CARTESIAN_POINT('',(-25.05,31.614302855497,-5.2));
#2159 = LINE('',#2160,#2161);
#2160 = CARTESIAN_POINT('',(-24.325,31.614302855497,-4.475));
#2161 = VECTOR('',#2162,1.);
#2162 = DIRECTION('',(0.707106781187,0.,0.707106781187));
#2163 = ORIENTED_EDGE('',*,*,#2164,.T.);
#2164 = EDGE_CURVE('',#2157,#2165,#2167,.T.);
#2165 = VERTEX_POINT('',#2166);
#2166 = CARTESIAN_POINT('',(-25.05,29.035697144503,-5.200000000001));
#2167 = LINE('',#2168,#2169);
#2168 = CARTESIAN_POINT('',(-25.05,38.902747313698,-5.2));
#2169 = VECTOR('',#2170,1.);
#2170 = DIRECTION('',(-5.146E-14,-1.,-5.146E-14));
#2171 = ORIENTED_EDGE('',*,*,#2172,.T.);
#2172 = EDGE_CURVE('',#2165,#2173,#2175,.T.);
#2173 = VERTEX_POINT('',#2174);
#2174 = CARTESIAN_POINT('',(-23.89,29.035697144503,-4.04));
#2175 = LINE('',#2176,#2177);
#2176 = CARTESIAN_POINT('',(-24.325,29.035697144503,-4.475));
#2177 = VECTOR('',#2178,1.);
#2178 = DIRECTION('',(0.707106781187,0.,0.707106781187));
#2179 = ORIENTED_EDGE('',*,*,#2180,.F.);
#2180 = EDGE_CURVE('',#2181,#2173,#2183,.T.);
#2181 = VERTEX_POINT('',#2182);
#2182 = CARTESIAN_POINT('',(-23.89,26.035697144503,-4.04));
#2183 = LINE('',#2184,#2185);
#2184 = CARTESIAN_POINT('',(-23.89,34.613873656849,-4.04));
#2185 = VECTOR('',#2186,1.);
#2186 = DIRECTION('',(-0.,1.,-0.));
#2187 = ORIENTED_EDGE('',*,*,#2188,.T.);
#2188 = EDGE_CURVE('',#2181,#2189,#2191,.T.);
#2189 = VERTEX_POINT('',#2190);
#2190 = CARTESIAN_POINT('',(-25.05,26.035697144503,-5.200000000001));
#2191 = LINE('',#2192,#2193);
#2192 = CARTESIAN_POINT('',(-25.1625,26.035697144503,-5.3125));
#2193 = VECTOR('',#2194,1.);
#2194 = DIRECTION('',(-0.707106781187,0.,-0.707106781187));
#2195 = ORIENTED_EDGE('',*,*,#2196,.T.);
#2196 = EDGE_CURVE('',#2189,#2197,#2199,.T.);
#2197 = VERTEX_POINT('',#2198);
#2198 = CARTESIAN_POINT('',(-25.05,20.706328969317,-5.2));
#2199 = LINE('',#2200,#2201);
#2200 = CARTESIAN_POINT('',(-25.05,38.902747313698,-5.2));
#2201 = VECTOR('',#2202,1.);
#2202 = DIRECTION('',(-5.146E-14,-1.,-5.146E-14));
#2203 = ORIENTED_EDGE('',*,*,#2204,.F.);
#2204 = EDGE_CURVE('',#368,#2197,#2205,.T.);
#2205 = LINE('',#2206,#2207);
#2206 = CARTESIAN_POINT('',(-23.15,20.706328969317,-3.300000000001));
#2207 = VECTOR('',#2208,1.);
#2208 = DIRECTION('',(-0.707106781187,7.278E-14,-0.707106781187));
#2209 = PLANE('',#2210);
#2210 = AXIS2_PLACEMENT_3D('',#2211,#2212,#2213);
#2211 = CARTESIAN_POINT('',(-23.15,38.902747313698,-3.3));
#2212 = DIRECTION('',(-0.707106781187,0.,0.707106781187));
#2213 = DIRECTION('',(-0.707106781187,7.278E-14,-0.707106781187));
#2214 = ADVANCED_FACE('',(#2215),#2234,.F.);
#2215 = FACE_BOUND('',#2216,.F.);
#2216 = EDGE_LOOP('',(#2217,#2218,#2226,#2233));
#2217 = ORIENTED_EDGE('',*,*,#375,.T.);
#2218 = ORIENTED_EDGE('',*,*,#2219,.T.);
#2219 = EDGE_CURVE('',#376,#2220,#2222,.T.);
#2220 = VERTEX_POINT('',#2221);
#2221 = CARTESIAN_POINT('',(-25.6,18.975,-5.2));
#2222 = LINE('',#2223,#2224);
#2223 = CARTESIAN_POINT('',(-24.04833333333,17.878491652766,-3.3));
#2224 = VECTOR('',#2225,1.);
#2225 = DIRECTION('',(-0.577470537969,0.408078151556,-0.707106781187));
#2226 = ORIENTED_EDGE('',*,*,#2227,.F.);
#2227 = EDGE_CURVE('',#2197,#2220,#2228,.T.);
#2228 = CIRCLE('',#2229,3.);
#2229 = AXIS2_PLACEMENT_3D('',#2230,#2231,#2232);
#2230 = CARTESIAN_POINT('',(-28.05,20.706328969317,-5.2));
#2231 = DIRECTION('',(0.,-0.,-1.));
#2232 = DIRECTION('',(1.,-4.06E-14,0.));
#2233 = ORIENTED_EDGE('',*,*,#2204,.F.);
#2234 = CONICAL_SURFACE('',#2235,4.9,0.785398163397);
#2235 = AXIS2_PLACEMENT_3D('',#2236,#2237,#2238);
#2236 = CARTESIAN_POINT('',(-28.05,20.706328969317,-3.3));
#2237 = DIRECTION('',(0.,0.,1.));
#2238 = DIRECTION('',(1.,-4.06E-14,0.));
#2239 = ADVANCED_FACE('',(#2240),#2259,.T.);
#2240 = FACE_BOUND('',#2241,.T.);
#2241 = EDGE_LOOP('',(#2242,#2243,#2244,#2253));
#2242 = ORIENTED_EDGE('',*,*,#384,.F.);
#2243 = ORIENTED_EDGE('',*,*,#2219,.T.);
#2244 = ORIENTED_EDGE('',*,*,#2245,.T.);
#2245 = EDGE_CURVE('',#2220,#2246,#2248,.T.);
#2246 = VERTEX_POINT('',#2247);
#2247 = CARTESIAN_POINT('',(-26.14999999999,17.243671030683,-5.2));
#2248 = CIRCLE('',#2249,3.);
#2249 = AXIS2_PLACEMENT_3D('',#2250,#2251,#2252);
#2250 = CARTESIAN_POINT('',(-23.14999999999,17.243671030683,-5.2));
#2251 = DIRECTION('',(0.,-0.,1.));
#2252 = DIRECTION('',(1.,1.8087E-13,0.));
#2253 = ORIENTED_EDGE('',*,*,#2254,.F.);
#2254 = EDGE_CURVE('',#385,#2246,#2255,.T.);
#2255 = LINE('',#2256,#2257);
#2256 = CARTESIAN_POINT('',(-24.24999999999,17.243671030683,-3.3));
#2257 = VECTOR('',#2258,1.);
#2258 = DIRECTION('',(-0.707106781187,-7.E-17,-0.707106781187));
#2259 = CONICAL_SURFACE('',#2260,1.1,0.785398163397);
#2260 = AXIS2_PLACEMENT_3D('',#2261,#2262,#2263);
#2261 = CARTESIAN_POINT('',(-23.14999999999,17.243671030683,-3.3));
#2262 = DIRECTION('',(-0.,-0.,-1.));
#2263 = DIRECTION('',(1.,1.8087E-13,-0.));
#2264 = ADVANCED_FACE('',(#2265),#2289,.T.);
#2265 = FACE_BOUND('',#2266,.T.);
#2266 = EDGE_LOOP('',(#2267,#2268,#2269,#2284));
#2267 = ORIENTED_EDGE('',*,*,#393,.F.);
#2268 = ORIENTED_EDGE('',*,*,#2254,.T.);
#2269 = ORIENTED_EDGE('',*,*,#2270,.T.);
#2270 = EDGE_CURVE('',#2246,#2271,#2273,.T.);
#2271 = VERTEX_POINT('',#2272);
#2272 = CARTESIAN_POINT('',(-21.73327448209,14.599263950276,-5.2));
#2273 = B_SPLINE_CURVE_WITH_KNOTS('',9,(#2274,#2275,#2276,#2277,#2278,
    #2279,#2280,#2281,#2282,#2283),.UNSPECIFIED.,.F.,.F.,(10,10),(
    3.14159265359,5.204221329804),.PIECEWISE_BEZIER_KNOTS.);
#2274 = CARTESIAN_POINT('',(-26.14999999999,17.243671030683,-5.2));
#2275 = CARTESIAN_POINT('',(-26.14999999999,16.556128138611,-5.2));
#2276 = CARTESIAN_POINT('',(-25.97273178933,15.868585246542,
    -5.199999999999));
#2277 = CARTESIAN_POINT('',(-25.61819503539,15.233276895437,
    -5.200000000001));
#2278 = CARTESIAN_POINT('',(-25.10434887821,14.70243369768,
    -5.199999999998));
#2279 = CARTESIAN_POINT('',(-24.4670966899,14.320894434732,
    -5.200000000002));
#2280 = CARTESIAN_POINT('',(-23.75651519861,14.118641330726,
    -5.199999999999));
#2281 = CARTESIAN_POINT('',(-23.02908347585,14.106147347509,-5.2));
#2282 = CARTESIAN_POINT('',(-22.33932224604,14.274577430325,-5.2));
#2283 = CARTESIAN_POINT('',(-21.73327448209,14.599263950276,-5.2));
#2284 = ORIENTED_EDGE('',*,*,#2285,.F.);
#2285 = EDGE_CURVE('',#394,#2271,#2286,.T.);
#2286 = B_SPLINE_CURVE_WITH_KNOTS('',1,(#2287,#2288),.UNSPECIFIED.,.F.,
  .F.,(2,2),(1.,2.),.PIECEWISE_BEZIER_KNOTS.);
#2287 = CARTESIAN_POINT('',(-21.73327448209,14.599263950281,-3.3));
#2288 = CARTESIAN_POINT('',(-21.73327448209,14.599263950276,-5.2));
#2289 = B_SPLINE_SURFACE_WITH_KNOTS('',1,9,(
    (#2290,#2291,#2292,#2293,#2294,#2295,#2296,#2297,#2298,#2299)
    ,(#2300,#2301,#2302,#2303,#2304,#2305,#2306,#2307,#2308,#2309
  )),.UNSPECIFIED.,.F.,.F.,.F.,(2,2),(10,10),(1.,2.),(3.14159265359,
    5.204221329804),.PIECEWISE_BEZIER_KNOTS.);
#2290 = CARTESIAN_POINT('',(-24.24999999999,17.243671030683,-3.3));
#2291 = CARTESIAN_POINT('',(-24.4611111111,16.991571970256,-3.3));
#2292 = CARTESIAN_POINT('',(-24.60722387831,16.630611951921,
    -3.299999999999));
#2293 = CARTESIAN_POINT('',(-24.64022099004,16.179942763781,
    -3.300000000002));
#2294 = CARTESIAN_POINT('',(-24.51858308927,15.680776827205,
    -3.299999999998));
#2295 = CARTESIAN_POINT('',(-24.21869150565,15.193637319973,
    -3.300000000002));
#2296 = CARTESIAN_POINT('',(-23.74500528587,14.788717746509,
    -3.299999999998));
#2297 = CARTESIAN_POINT('',(-23.13251691204,14.529731857822,
    -3.300000000001));
#2298 = CARTESIAN_POINT('',(-22.43901774545,14.460665335988,-3.3));
#2299 = CARTESIAN_POINT('',(-21.73327448209,14.599263950281,-3.3));
#2300 = CARTESIAN_POINT('',(-26.14999999999,17.243671030683,-5.2));
#2301 = CARTESIAN_POINT('',(-26.14999999999,16.556128138611,-5.2));
#2302 = CARTESIAN_POINT('',(-25.97273178933,15.868585246542,
    -5.199999999999));
#2303 = CARTESIAN_POINT('',(-25.61819503539,15.233276895437,
    -5.200000000001));
#2304 = CARTESIAN_POINT('',(-25.10434887821,14.70243369768,
    -5.199999999998));
#2305 = CARTESIAN_POINT('',(-24.4670966899,14.320894434732,
    -5.200000000002));
#2306 = CARTESIAN_POINT('',(-23.75651519861,14.118641330726,
    -5.199999999999));
#2307 = CARTESIAN_POINT('',(-23.02908347585,14.106147347509,-5.2));
#2308 = CARTESIAN_POINT('',(-22.33932224604,14.274577430325,-5.2));
#2309 = CARTESIAN_POINT('',(-21.73327448209,14.599263950276,-5.2));
#2310 = ADVANCED_FACE('',(#2311),#2345,.T.);
#2311 = FACE_BOUND('',#2312,.T.);
#2312 = EDGE_LOOP('',(#2313,#2321,#2322,#2323,#2331,#2338));
#2313 = ORIENTED_EDGE('',*,*,#2314,.T.);
#2314 = EDGE_CURVE('',#2315,#409,#2317,.T.);
#2315 = VERTEX_POINT('',#2316);
#2316 = CARTESIAN_POINT('',(-20.16059684611,16.991609095432,-9.6));
#2317 = LINE('',#2318,#2319);
#2318 = CARTESIAN_POINT('',(-20.16059684611,16.991609095432,-3.3));
#2319 = VECTOR('',#2320,1.);
#2320 = DIRECTION('',(0.,0.,1.));
#2321 = ORIENTED_EDGE('',*,*,#408,.F.);
#2322 = ORIENTED_EDGE('',*,*,#2285,.T.);
#2323 = ORIENTED_EDGE('',*,*,#2324,.F.);
#2324 = EDGE_CURVE('',#2325,#2271,#2327,.T.);
#2325 = VERTEX_POINT('',#2326);
#2326 = CARTESIAN_POINT('',(-21.73327448208,14.59926395028,-7.7));
#2327 = LINE('',#2328,#2329);
#2328 = CARTESIAN_POINT('',(-21.73327448209,14.599263950276,-5.2));
#2329 = VECTOR('',#2330,1.);
#2330 = DIRECTION('',(0.,0.,1.));
#2331 = ORIENTED_EDGE('',*,*,#2332,.T.);
#2332 = EDGE_CURVE('',#2325,#2333,#2335,.T.);
#2333 = VERTEX_POINT('',#2334);
#2334 = CARTESIAN_POINT('',(-21.73327448209,14.599263950281,-9.6));
#2335 = B_SPLINE_CURVE_WITH_KNOTS('',1,(#2336,#2337),.UNSPECIFIED.,.F.,
  .F.,(2,2),(3.,4.),.PIECEWISE_BEZIER_KNOTS.);
#2336 = CARTESIAN_POINT('',(-21.73327448209,14.599263950276,-7.7));
#2337 = CARTESIAN_POINT('',(-21.73327448209,14.599263950281,-9.6));
#2338 = ORIENTED_EDGE('',*,*,#2339,.T.);
#2339 = EDGE_CURVE('',#2333,#2315,#2340,.T.);
#2340 = CIRCLE('',#2341,3.000024315854);
#2341 = AXIS2_PLACEMENT_3D('',#2342,#2343,#2344);
#2342 = CARTESIAN_POINT('',(-23.15001148293,17.24369246437,-9.6));
#2343 = DIRECTION('',(-0.,0.,1.));
#2344 = DIRECTION('',(1.,-5.3314E-12,0.));
#2345 = CYLINDRICAL_SURFACE('',#2346,3.000024315854);
#2346 = AXIS2_PLACEMENT_3D('',#2347,#2348,#2349);
#2347 = CARTESIAN_POINT('',(-23.15001148293,17.24369246437,-3.3));
#2348 = DIRECTION('',(0.,0.,1.));
#2349 = DIRECTION('',(1.,-5.3314E-12,0.));
#2350 = ADVANCED_FACE('',(#2351),#2369,.T.);
#2351 = FACE_BOUND('',#2352,.T.);
#2352 = EDGE_LOOP('',(#2353,#2354,#2355,#2363));
#2353 = ORIENTED_EDGE('',*,*,#417,.F.);
#2354 = ORIENTED_EDGE('',*,*,#2314,.F.);
#2355 = ORIENTED_EDGE('',*,*,#2356,.T.);
#2356 = EDGE_CURVE('',#2315,#2357,#2359,.T.);
#2357 = VERTEX_POINT('',#2358);
#2358 = CARTESIAN_POINT('',(-19.49858538759,24.842292590941,-9.6));
#2359 = LINE('',#2360,#2361);
#2360 = CARTESIAN_POINT('',(-20.16059684611,16.991609095432,-9.6));
#2361 = VECTOR('',#2362,1.);
#2362 = DIRECTION('',(8.402710857525E-02,0.996463468986,-1.8E-16));
#2363 = ORIENTED_EDGE('',*,*,#2364,.F.);
#2364 = EDGE_CURVE('',#418,#2357,#2365,.T.);
#2365 = LINE('',#2366,#2367);
#2366 = CARTESIAN_POINT('',(-19.49858538759,24.842292590941,-9.6));
#2367 = VECTOR('',#2368,1.);
#2368 = DIRECTION('',(4.E-17,-1.8E-16,-1.));
#2369 = PLANE('',#2370);
#2370 = AXIS2_PLACEMENT_3D('',#2371,#2372,#2373);
#2371 = CARTESIAN_POINT('',(-19.82959111686,20.916950843187,-6.45));
#2372 = DIRECTION('',(0.996463468987,-8.402710857427E-02,1.54268E-12));
#2373 = DIRECTION('',(8.402710857427E-02,0.996463468987,
    -1.745224800158E-29));
#2374 = ADVANCED_FACE('',(#2375),#2410,.F.);
#2375 = FACE_BOUND('',#2376,.F.);
#2376 = EDGE_LOOP('',(#2377,#2386,#2387,#2388,#2396,#2404));
#2377 = ORIENTED_EDGE('',*,*,#2378,.F.);
#2378 = EDGE_CURVE('',#2357,#2379,#2381,.T.);
#2379 = VERTEX_POINT('',#2380);
#2380 = CARTESIAN_POINT('',(-18.87632283861,25.140296776548,-9.6));
#2381 = CIRCLE('',#2382,0.4);
#2382 = AXIS2_PLACEMENT_3D('',#2383,#2384,#2385);
#2383 = CARTESIAN_POINT('',(-19.1,24.808681747526,-9.6));
#2384 = DIRECTION('',(0.,0.,-1.));
#2385 = DIRECTION('',(1.,3.999467E-11,0.));
#2386 = ORIENTED_EDGE('',*,*,#2364,.F.);
#2387 = ORIENTED_EDGE('',*,*,#425,.T.);
#2388 = ORIENTED_EDGE('',*,*,#2389,.T.);
#2389 = EDGE_CURVE('',#426,#2390,#2392,.T.);
#2390 = VERTEX_POINT('',#2391);
#2391 = CARTESIAN_POINT('',(-18.87632283861,25.140296776548,-5.2));
#2392 = LINE('',#2393,#2394);
#2393 = CARTESIAN_POINT('',(-18.87632283862,25.140296776557,-3.3));
#2394 = VECTOR('',#2395,1.);
#2395 = DIRECTION('',(-2.4E-16,-5.E-17,-1.));
#2396 = ORIENTED_EDGE('',*,*,#2397,.T.);
#2397 = EDGE_CURVE('',#2390,#2398,#2400,.T.);
#2398 = VERTEX_POINT('',#2399);
#2399 = CARTESIAN_POINT('',(-18.87632283861,25.140296776548,-7.7));
#2400 = LINE('',#2401,#2402);
#2401 = CARTESIAN_POINT('',(-18.87632283862,25.140296776557,-5.2));
#2402 = VECTOR('',#2403,1.);
#2403 = DIRECTION('',(-1.8E-16,5.E-17,-1.));
#2404 = ORIENTED_EDGE('',*,*,#2405,.F.);
#2405 = EDGE_CURVE('',#2379,#2398,#2406,.T.);
#2406 = LINE('',#2407,#2408);
#2407 = CARTESIAN_POINT('',(-18.87632283862,25.140296776557,-9.6));
#2408 = VECTOR('',#2409,1.);
#2409 = DIRECTION('',(1.8E-16,-5.E-17,1.));
#2410 = CYLINDRICAL_SURFACE('',#2411,0.4);
#2411 = AXIS2_PLACEMENT_3D('',#2412,#2413,#2414);
#2412 = CARTESIAN_POINT('',(-19.1,24.808681747526,-3.3));
#2413 = DIRECTION('',(0.,0.,-1.));
#2414 = DIRECTION('',(1.,3.999467E-11,0.));
#2415 = ADVANCED_FACE('',(#2416),#2438,.T.);
#2416 = FACE_BOUND('',#2417,.T.);
#2417 = EDGE_LOOP('',(#2418,#2419,#2420,#2433));
#2418 = ORIENTED_EDGE('',*,*,#434,.F.);
#2419 = ORIENTED_EDGE('',*,*,#2389,.T.);
#2420 = ORIENTED_EDGE('',*,*,#2421,.T.);
#2421 = EDGE_CURVE('',#2390,#2422,#2424,.T.);
#2422 = VERTEX_POINT('',#2423);
#2423 = CARTESIAN_POINT('',(-18.7,24.808681747526,-4.3));
#2424 = B_SPLINE_CURVE_WITH_KNOTS('',7,(#2425,#2426,#2427,#2428,#2429,
    #2430,#2431,#2432),.UNSPECIFIED.,.F.,.F.,(8,8),(5.305800926063,
    6.28318530718),.PIECEWISE_BEZIER_KNOTS.);
#2425 = CARTESIAN_POINT('',(-18.87632283861,25.140296776548,-5.2));
#2426 = CARTESIAN_POINT('',(-18.83002064576,25.109065553127,
    -5.071428571429));
#2427 = CARTESIAN_POINT('',(-18.78880593791,25.070291823021,
    -4.942857142857));
#2428 = CARTESIAN_POINT('',(-18.75415305383,25.024970099799,
    -4.814285714286));
#2429 = CARTESIAN_POINT('',(-18.72729367147,24.97445494856,
    -4.685714285714));
#2430 = CARTESIAN_POINT('',(-18.70909790693,24.920382819655,
    -4.557142857143));
#2431 = CARTESIAN_POINT('',(-18.7,24.86453228359,-4.428571428571));
#2432 = CARTESIAN_POINT('',(-18.7,24.808681747526,-4.3));
#2433 = ORIENTED_EDGE('',*,*,#2434,.F.);
#2434 = EDGE_CURVE('',#435,#2422,#2435,.T.);
#2435 = B_SPLINE_CURVE_WITH_KNOTS('',1,(#2436,#2437),.UNSPECIFIED.,.F.,
  .F.,(2,2),(1.,2.),.PIECEWISE_BEZIER_KNOTS.);
#2436 = CARTESIAN_POINT('',(-17.9,24.808681747526,-3.3));
#2437 = CARTESIAN_POINT('',(-18.7,24.808681747526,-4.3));
#2438 = B_SPLINE_SURFACE_WITH_KNOTS('',1,7,(
    (#2439,#2440,#2441,#2442,#2443,#2444,#2445,#2446)
    ,(#2447,#2448,#2449,#2450,#2451,#2452,#2453,#2454
  )),.UNSPECIFIED.,.F.,.F.,.F.,(2,2),(8,8),(1.,2.),(5.305800926063,
    6.28318530718),.PIECEWISE_BEZIER_KNOTS.);
#2439 = CARTESIAN_POINT('',(-18.87632283861,25.140296776548,-3.3));
#2440 = CARTESIAN_POINT('',(-18.76611288537,25.203812704276,-3.3));
#2441 = CARTESIAN_POINT('',(-18.63012228856,25.238965309705,-3.3));
#2442 = CARTESIAN_POINT('',(-18.47593078212,25.237698889135,-3.3));
#2443 = CARTESIAN_POINT('',(-18.31382109347,25.194301063223,-3.3));
#2444 = CARTESIAN_POINT('',(-18.15586514938,25.1065512732,-3.3));
#2445 = CARTESIAN_POINT('',(-18.01428571428,24.976233355718,-3.3));
#2446 = CARTESIAN_POINT('',(-17.9,24.808681747526,-3.3));
#2447 = CARTESIAN_POINT('',(-18.87632283861,25.140296776548,-5.2));
#2448 = CARTESIAN_POINT('',(-18.83002064576,25.109065553127,
    -5.071428571429));
#2449 = CARTESIAN_POINT('',(-18.78880593791,25.070291823021,
    -4.942857142857));
#2450 = CARTESIAN_POINT('',(-18.75415305383,25.024970099799,
    -4.814285714286));
#2451 = CARTESIAN_POINT('',(-18.72729367147,24.97445494856,
    -4.685714285714));
#2452 = CARTESIAN_POINT('',(-18.70909790693,24.920382819655,
    -4.557142857143));
#2453 = CARTESIAN_POINT('',(-18.7,24.86453228359,-4.428571428571));
#2454 = CARTESIAN_POINT('',(-18.7,24.808681747526,-4.3));
#2455 = ADVANCED_FACE('',(#2456),#2474,.T.);
#2456 = FACE_BOUND('',#2457,.T.);
#2457 = EDGE_LOOP('',(#2458,#2459,#2460,#2468));
#2458 = ORIENTED_EDGE('',*,*,#447,.F.);
#2459 = ORIENTED_EDGE('',*,*,#2434,.T.);
#2460 = ORIENTED_EDGE('',*,*,#2461,.T.);
#2461 = EDGE_CURVE('',#2422,#2462,#2464,.T.);
#2462 = VERTEX_POINT('',#2463);
#2463 = CARTESIAN_POINT('',(-18.7,-19.54131825247,-4.3));
#2464 = LINE('',#2465,#2466);
#2465 = CARTESIAN_POINT('',(-18.7,24.808681747526,-4.3));
#2466 = VECTOR('',#2467,1.);
#2467 = DIRECTION('',(1.1E-16,-1.,1.4E-16));
#2468 = ORIENTED_EDGE('',*,*,#2469,.F.);
#2469 = EDGE_CURVE('',#448,#2462,#2470,.T.);
#2470 = LINE('',#2471,#2472);
#2471 = CARTESIAN_POINT('',(-17.9,-19.54131825247,-3.3));
#2472 = VECTOR('',#2473,1.);
#2473 = DIRECTION('',(-0.624695047554,-1.7E-16,-0.780868809443));
#2474 = PLANE('',#2475);
#2475 = AXIS2_PLACEMENT_3D('',#2476,#2477,#2478);
#2476 = CARTESIAN_POINT('',(-17.9,24.808681747526,-3.3));
#2477 = DIRECTION('',(-0.780868809443,0.,0.624695047554));
#2478 = DIRECTION('',(-0.624695047554,-1.7E-16,-0.780868809443));
#2479 = ADVANCED_FACE('',(#2480),#2502,.T.);
#2480 = FACE_BOUND('',#2481,.T.);
#2481 = EDGE_LOOP('',(#2482,#2483,#2484,#2497));
#2482 = ORIENTED_EDGE('',*,*,#455,.F.);
#2483 = ORIENTED_EDGE('',*,*,#2469,.T.);
#2484 = ORIENTED_EDGE('',*,*,#2485,.T.);
#2485 = EDGE_CURVE('',#2462,#2486,#2488,.T.);
#2486 = VERTEX_POINT('',#2487);
#2487 = CARTESIAN_POINT('',(-18.87632283861,-19.87293328149,-5.2));
#2488 = B_SPLINE_CURVE_WITH_KNOTS('',7,(#2489,#2490,#2491,#2492,#2493,
    #2494,#2495,#2496),.UNSPECIFIED.,.F.,.F.,(8,8),(-4.44E-15,
    0.977384381117),.PIECEWISE_BEZIER_KNOTS.);
#2489 = CARTESIAN_POINT('',(-18.7,-19.54131825247,-4.3));
#2490 = CARTESIAN_POINT('',(-18.7,-19.59716878853,-4.428571428571));
#2491 = CARTESIAN_POINT('',(-18.70909790693,-19.6530193246,
    -4.557142857143));
#2492 = CARTESIAN_POINT('',(-18.72729367147,-19.7070914535,
    -4.685714285714));
#2493 = CARTESIAN_POINT('',(-18.75415305383,-19.75760660474,
    -4.814285714286));
#2494 = CARTESIAN_POINT('',(-18.78880593791,-19.80292832796,
    -4.942857142857));
#2495 = CARTESIAN_POINT('',(-18.83002064576,-19.84170205807,
    -5.071428571429));
#2496 = CARTESIAN_POINT('',(-18.87632283861,-19.87293328149,-5.2));
#2497 = ORIENTED_EDGE('',*,*,#2498,.F.);
#2498 = EDGE_CURVE('',#456,#2486,#2499,.T.);
#2499 = B_SPLINE_CURVE_WITH_KNOTS('',1,(#2500,#2501),.UNSPECIFIED.,.F.,
  .F.,(2,2),(1.,2.),.PIECEWISE_BEZIER_KNOTS.);
#2500 = CARTESIAN_POINT('',(-18.87632283861,-19.87293328149,-3.3));
#2501 = CARTESIAN_POINT('',(-18.87632283861,-19.87293328149,-5.2));
#2502 = B_SPLINE_SURFACE_WITH_KNOTS('',1,7,(
    (#2503,#2504,#2505,#2506,#2507,#2508,#2509,#2510)
    ,(#2511,#2512,#2513,#2514,#2515,#2516,#2517,#2518
  )),.UNSPECIFIED.,.F.,.F.,.F.,(2,2),(8,8),(1.,2.),(-4.44E-15,
    0.977384381117),.PIECEWISE_BEZIER_KNOTS.);
#2503 = CARTESIAN_POINT('',(-17.9,-19.54131825247,-3.3));
#2504 = CARTESIAN_POINT('',(-18.01428571428,-19.70886986066,-3.3));
#2505 = CARTESIAN_POINT('',(-18.15586514938,-19.83918777814,-3.3));
#2506 = CARTESIAN_POINT('',(-18.31382109348,-19.92693756817,-3.3));
#2507 = CARTESIAN_POINT('',(-18.47593078212,-19.97033539408,-3.3));
#2508 = CARTESIAN_POINT('',(-18.63012228856,-19.97160181465,-3.3));
#2509 = CARTESIAN_POINT('',(-18.76611288537,-19.93644920922,-3.3));
#2510 = CARTESIAN_POINT('',(-18.87632283861,-19.87293328149,-3.3));
#2511 = CARTESIAN_POINT('',(-18.7,-19.54131825247,-4.3));
#2512 = CARTESIAN_POINT('',(-18.7,-19.59716878853,-4.428571428571));
#2513 = CARTESIAN_POINT('',(-18.70909790693,-19.6530193246,
    -4.557142857143));
#2514 = CARTESIAN_POINT('',(-18.72729367147,-19.7070914535,
    -4.685714285714));
#2515 = CARTESIAN_POINT('',(-18.75415305383,-19.75760660474,
    -4.814285714286));
#2516 = CARTESIAN_POINT('',(-18.78880593791,-19.80292832796,
    -4.942857142857));
#2517 = CARTESIAN_POINT('',(-18.83002064576,-19.84170205807,
    -5.071428571429));
#2518 = CARTESIAN_POINT('',(-18.87632283861,-19.87293328149,-5.2));
#2519 = ADVANCED_FACE('',(#2520),#2553,.F.);
#2520 = FACE_BOUND('',#2521,.F.);
#2521 = EDGE_LOOP('',(#2522,#2533,#2540,#2545,#2546,#2547));
#2522 = ORIENTED_EDGE('',*,*,#2523,.F.);
#2523 = EDGE_CURVE('',#2524,#2526,#2528,.T.);
#2524 = VERTEX_POINT('',#2525);
#2525 = CARTESIAN_POINT('',(-18.87632283861,-19.87293328149,-9.6));
#2526 = VERTEX_POINT('',#2527);
#2527 = CARTESIAN_POINT('',(-19.49858538759,-19.5749290959,-9.6));
#2528 = CIRCLE('',#2529,0.4);
#2529 = AXIS2_PLACEMENT_3D('',#2530,#2531,#2532);
#2530 = CARTESIAN_POINT('',(-19.1,-19.54131825247,-9.6));
#2531 = DIRECTION('',(0.,0.,-1.));
#2532 = DIRECTION('',(1.,8.88E-15,0.));
#2533 = ORIENTED_EDGE('',*,*,#2534,.F.);
#2534 = EDGE_CURVE('',#2535,#2524,#2537,.T.);
#2535 = VERTEX_POINT('',#2536);
#2536 = CARTESIAN_POINT('',(-18.87632283861,-19.87293328149,-7.7));
#2537 = B_SPLINE_CURVE_WITH_KNOTS('',1,(#2538,#2539),.UNSPECIFIED.,.F.,
  .F.,(2,2),(3.,4.),.PIECEWISE_BEZIER_KNOTS.);
#2538 = CARTESIAN_POINT('',(-18.87632283861,-19.87293328149,-7.7));
#2539 = CARTESIAN_POINT('',(-18.87632283861,-19.87293328149,-9.6));
#2540 = ORIENTED_EDGE('',*,*,#2541,.F.);
#2541 = EDGE_CURVE('',#2486,#2535,#2542,.T.);
#2542 = B_SPLINE_CURVE_WITH_KNOTS('',1,(#2543,#2544),.UNSPECIFIED.,.F.,
  .F.,(2,2),(2.,3.),.PIECEWISE_BEZIER_KNOTS.);
#2543 = CARTESIAN_POINT('',(-18.87632283861,-19.87293328149,-5.2));
#2544 = CARTESIAN_POINT('',(-18.87632283861,-19.87293328149,-7.7));
#2545 = ORIENTED_EDGE('',*,*,#2498,.F.);
#2546 = ORIENTED_EDGE('',*,*,#468,.T.);
#2547 = ORIENTED_EDGE('',*,*,#2548,.T.);
#2548 = EDGE_CURVE('',#469,#2526,#2549,.T.);
#2549 = LINE('',#2550,#2551);
#2550 = CARTESIAN_POINT('',(-19.49858538759,-19.5749290959,-3.3));
#2551 = VECTOR('',#2552,1.);
#2552 = DIRECTION('',(0.,0.,-1.));
#2553 = CYLINDRICAL_SURFACE('',#2554,0.4);
#2554 = AXIS2_PLACEMENT_3D('',#2555,#2556,#2557);
#2555 = CARTESIAN_POINT('',(-19.1,-19.54131825247,-3.3));
#2556 = DIRECTION('',(0.,0.,-1.));
#2557 = DIRECTION('',(1.,8.88E-15,0.));
#2558 = ADVANCED_FACE('',(#2559),#2577,.T.);
#2559 = FACE_BOUND('',#2560,.T.);
#2560 = EDGE_LOOP('',(#2561,#2562,#2563,#2571));
#2561 = ORIENTED_EDGE('',*,*,#483,.F.);
#2562 = ORIENTED_EDGE('',*,*,#2548,.T.);
#2563 = ORIENTED_EDGE('',*,*,#2564,.T.);
#2564 = EDGE_CURVE('',#2526,#2565,#2567,.T.);
#2565 = VERTEX_POINT('',#2566);
#2566 = CARTESIAN_POINT('',(-20.16059684611,-11.72424560038,-9.6));
#2567 = LINE('',#2568,#2569);
#2568 = CARTESIAN_POINT('',(-19.49858538759,-19.5749290959,-9.6));
#2569 = VECTOR('',#2570,1.);
#2570 = DIRECTION('',(-8.402710857525E-02,0.996463468986,6.E-17));
#2571 = ORIENTED_EDGE('',*,*,#2572,.F.);
#2572 = EDGE_CURVE('',#484,#2565,#2573,.T.);
#2573 = LINE('',#2574,#2575);
#2574 = CARTESIAN_POINT('',(-20.16059684611,-11.72424560039,-9.6));
#2575 = VECTOR('',#2576,1.);
#2576 = DIRECTION('',(4.E-17,7.E-17,-1.));
#2577 = PLANE('',#2578);
#2578 = AXIS2_PLACEMENT_3D('',#2579,#2580,#2581);
#2579 = CARTESIAN_POINT('',(-19.82959111685,-15.64958734814,
    -6.449999999999));
#2580 = DIRECTION('',(0.996463468986,8.402710857525E-02,-5.7E-16));
#2581 = DIRECTION('',(-8.402710857525E-02,0.996463468986,
    -2.050216888628E-33));
#2582 = ADVANCED_FACE('',(#2583),#2615,.T.);
#2583 = FACE_BOUND('',#2584,.T.);
#2584 = EDGE_LOOP('',(#2585,#2594,#2601,#2606,#2607,#2608));
#2585 = ORIENTED_EDGE('',*,*,#2586,.F.);
#2586 = EDGE_CURVE('',#2587,#2589,#2591,.T.);
#2587 = VERTEX_POINT('',#2588);
#2588 = CARTESIAN_POINT('',(-21.73327448206,-9.331900455235,-7.7));
#2589 = VERTEX_POINT('',#2590);
#2590 = CARTESIAN_POINT('',(-21.73327448207,-9.331900455231,-9.6));
#2591 = B_SPLINE_CURVE_WITH_KNOTS('',1,(#2592,#2593),.UNSPECIFIED.,.F.,
  .F.,(2,2),(3.,4.),.PIECEWISE_BEZIER_KNOTS.);
#2592 = CARTESIAN_POINT('',(-21.73327448207,-9.331900455231,-7.7));
#2593 = CARTESIAN_POINT('',(-21.73327448207,-9.331900455231,-9.6));
#2594 = ORIENTED_EDGE('',*,*,#2595,.F.);
#2595 = EDGE_CURVE('',#2596,#2587,#2598,.T.);
#2596 = VERTEX_POINT('',#2597);
#2597 = CARTESIAN_POINT('',(-21.73327448207,-9.331900455231,-5.2));
#2598 = B_SPLINE_CURVE_WITH_KNOTS('',1,(#2599,#2600),.UNSPECIFIED.,.F.,
  .F.,(2,2),(2.,3.),.PIECEWISE_BEZIER_KNOTS.);
#2599 = CARTESIAN_POINT('',(-21.73327448207,-9.331900455231,-5.2));
#2600 = CARTESIAN_POINT('',(-21.73327448207,-9.331900455231,-7.7));
#2601 = ORIENTED_EDGE('',*,*,#2602,.F.);
#2602 = EDGE_CURVE('',#491,#2596,#2603,.T.);
#2603 = B_SPLINE_CURVE_WITH_KNOTS('',1,(#2604,#2605),.UNSPECIFIED.,.F.,
  .F.,(2,2),(1.,2.),.PIECEWISE_BEZIER_KNOTS.);
#2604 = CARTESIAN_POINT('',(-21.73327448207,-9.331900455231,-3.3));
#2605 = CARTESIAN_POINT('',(-21.73327448207,-9.331900455231,-5.2));
#2606 = ORIENTED_EDGE('',*,*,#490,.F.);
#2607 = ORIENTED_EDGE('',*,*,#2572,.T.);
#2608 = ORIENTED_EDGE('',*,*,#2609,.T.);
#2609 = EDGE_CURVE('',#2565,#2589,#2610,.T.);
#2610 = CIRCLE('',#2611,3.000024315854);
#2611 = AXIS2_PLACEMENT_3D('',#2612,#2613,#2614);
#2612 = CARTESIAN_POINT('',(-23.15001148293,-11.97632896931,-9.6));
#2613 = DIRECTION('',(-0.,0.,1.));
#2614 = DIRECTION('',(1.,-1.18E-15,0.));
#2615 = CYLINDRICAL_SURFACE('',#2616,3.000024315854);
#2616 = AXIS2_PLACEMENT_3D('',#2617,#2618,#2619);
#2617 = CARTESIAN_POINT('',(-23.15001148293,-11.97632896931,-3.3));
#2618 = DIRECTION('',(0.,0.,1.));
#2619 = DIRECTION('',(1.,-1.18E-15,0.));
#2620 = ADVANCED_FACE('',(#2621),#2646,.T.);
#2621 = FACE_BOUND('',#2622,.T.);
#2622 = EDGE_LOOP('',(#2623,#2624,#2625,#2640));
#2623 = ORIENTED_EDGE('',*,*,#503,.F.);
#2624 = ORIENTED_EDGE('',*,*,#2602,.T.);
#2625 = ORIENTED_EDGE('',*,*,#2626,.T.);
#2626 = EDGE_CURVE('',#2596,#2627,#2629,.T.);
#2627 = VERTEX_POINT('',#2628);
#2628 = CARTESIAN_POINT('',(-26.14999999992,-11.9763289693,-5.2));
#2629 = B_SPLINE_CURVE_WITH_KNOTS('',9,(#2630,#2631,#2632,#2633,#2634,
    #2635,#2636,#2637,#2638,#2639),.UNSPECIFIED.,.F.,.F.,(10,10),(
    1.078963977376,3.141599798152),.PIECEWISE_BEZIER_KNOTS.);
#2630 = CARTESIAN_POINT('',(-21.73327448207,-9.331900455231,-5.2));
#2631 = CARTESIAN_POINT('',(-22.33932434527,-9.007212810622,-5.2));
#2632 = CARTESIAN_POINT('',(-23.02908825425,-8.838782685638,-5.2));
#2633 = CARTESIAN_POINT('',(-23.75652275765,-8.851277965515,-5.2));
#2634 = CARTESIAN_POINT('',(-24.46710653522,-9.053533741924,-5.2));
#2635 = CARTESIAN_POINT('',(-25.10435991476,-9.435076810597,-5.2));
#2636 = CARTESIAN_POINT('',(-25.6182057146,-9.965924432826,-5.2));
#2637 = CARTESIAN_POINT('',(-25.97274038563,-10.60123715565,-5.2));
#2638 = CARTESIAN_POINT('',(-26.15000491213,-11.28878369574,-5.2));
#2639 = CARTESIAN_POINT('',(-26.14999999992,-11.97632896931,-5.2));
#2640 = ORIENTED_EDGE('',*,*,#2641,.F.);
#2641 = EDGE_CURVE('',#504,#2627,#2642,.T.);
#2642 = LINE('',#2643,#2644);
#2643 = CARTESIAN_POINT('',(-24.24999999997,-11.97631539464,-3.3));
#2644 = VECTOR('',#2645,1.);
#2645 = DIRECTION('',(-0.707106781169,-5.05196855787E-06,-0.707106781187
    ));
#2646 = B_SPLINE_SURFACE_WITH_KNOTS('',1,9,(
    (#2647,#2648,#2649,#2650,#2651,#2652,#2653,#2654,#2655,#2656)
    ,(#2657,#2658,#2659,#2660,#2661,#2662,#2663,#2664,#2665,#2666
  )),.UNSPECIFIED.,.F.,.F.,.F.,(2,2),(10,10),(1.,2.),(1.078963977376,
    3.141599798152),.PIECEWISE_BEZIER_KNOTS.);
#2647 = CARTESIAN_POINT('',(-21.73327448207,-9.331900455231,-3.3));
#2648 = CARTESIAN_POINT('',(-22.43901984468,-9.19330071628,-3.3));
#2649 = CARTESIAN_POINT('',(-23.13252135807,-9.262367374017,-3.3));
#2650 = CARTESIAN_POINT('',(-23.74501169032,-9.521354621654,-3.3));
#2651 = CARTESIAN_POINT('',(-24.21869892925,-9.926276412227,-3.3));
#2652 = CARTESIAN_POINT('',(-24.51859031189,-10.41341838008,-3.3));
#2653 = CARTESIAN_POINT('',(-24.64022690567,-10.91258636383,-3.3));
#2654 = CARTESIAN_POINT('',(-24.60722780804,-11.36325674458,-3.3));
#2655 = CARTESIAN_POINT('',(-24.46111291222,-11.72421696929,-3.3));
#2656 = CARTESIAN_POINT('',(-24.24999999997,-11.97631539464,-3.3));
#2657 = CARTESIAN_POINT('',(-21.73327448207,-9.331900455231,-5.2));
#2658 = CARTESIAN_POINT('',(-22.33932434527,-9.007212810622,-5.2));
#2659 = CARTESIAN_POINT('',(-23.02908825425,-8.838782685638,-5.2));
#2660 = CARTESIAN_POINT('',(-23.75652275765,-8.851277965515,-5.2));
#2661 = CARTESIAN_POINT('',(-24.46710653522,-9.053533741924,-5.2));
#2662 = CARTESIAN_POINT('',(-25.10435991476,-9.435076810597,-5.2));
#2663 = CARTESIAN_POINT('',(-25.6182057146,-9.965924432826,-5.2));
#2664 = CARTESIAN_POINT('',(-25.97274038563,-10.60123715565,-5.2));
#2665 = CARTESIAN_POINT('',(-26.15000491213,-11.28878369574,-5.2));
#2666 = CARTESIAN_POINT('',(-26.14999999992,-11.97632896931,-5.2));
#2667 = ADVANCED_FACE('',(#2668),#2687,.T.);
#2668 = FACE_BOUND('',#2669,.T.);
#2669 = EDGE_LOOP('',(#2670,#2671,#2672,#2681));
#2670 = ORIENTED_EDGE('',*,*,#518,.F.);
#2671 = ORIENTED_EDGE('',*,*,#2641,.T.);
#2672 = ORIENTED_EDGE('',*,*,#2673,.T.);
#2673 = EDGE_CURVE('',#2627,#2674,#2676,.T.);
#2674 = VERTEX_POINT('',#2675);
#2675 = CARTESIAN_POINT('',(-25.6,-13.70763650494,-5.2));
#2676 = CIRCLE('',#2677,3.);
#2677 = AXIS2_PLACEMENT_3D('',#2678,#2679,#2680);
#2678 = CARTESIAN_POINT('',(-23.14999999999,-11.97630753563,-5.2));
#2679 = DIRECTION('',(0.,-0.,1.));
#2680 = DIRECTION('',(1.,3.23E-15,0.));
#2681 = ORIENTED_EDGE('',*,*,#2682,.T.);
#2682 = EDGE_CURVE('',#2674,#519,#2683,.T.);
#2683 = LINE('',#2684,#2685);
#2684 = CARTESIAN_POINT('',(-24.04833333333,-12.61112815771,-3.3));
#2685 = VECTOR('',#2686,1.);
#2686 = DIRECTION('',(0.577470537969,0.408078151556,0.707106781187));
#2687 = CONICAL_SURFACE('',#2688,1.1,0.785398163397);
#2688 = AXIS2_PLACEMENT_3D('',#2689,#2690,#2691);
#2689 = CARTESIAN_POINT('',(-23.14999999999,-11.97630753563,-3.3));
#2690 = DIRECTION('',(-0.,-0.,-1.));
#2691 = DIRECTION('',(1.,3.23E-15,-0.));
#2692 = ADVANCED_FACE('',(#2693),#2712,.F.);
#2693 = FACE_BOUND('',#2694,.F.);
#2694 = EDGE_LOOP('',(#2695,#2696,#2704,#2711));
#2695 = ORIENTED_EDGE('',*,*,#527,.T.);
#2696 = ORIENTED_EDGE('',*,*,#2697,.T.);
#2697 = EDGE_CURVE('',#528,#2698,#2700,.T.);
#2698 = VERTEX_POINT('',#2699);
#2699 = CARTESIAN_POINT('',(-25.05,-15.43896547426,-5.2));
#2700 = LINE('',#2701,#2702);
#2701 = CARTESIAN_POINT('',(-23.15,-15.43896547426,-3.3));
#2702 = VECTOR('',#2703,1.);
#2703 = DIRECTION('',(-0.707106781187,3.4E-16,-0.707106781187));
#2704 = ORIENTED_EDGE('',*,*,#2705,.F.);
#2705 = EDGE_CURVE('',#2674,#2698,#2706,.T.);
#2706 = CIRCLE('',#2707,3.);
#2707 = AXIS2_PLACEMENT_3D('',#2708,#2709,#2710);
#2708 = CARTESIAN_POINT('',(-28.05,-15.43896547426,-5.2));
#2709 = DIRECTION('',(0.,-0.,-1.));
#2710 = DIRECTION('',(1.,-7.3E-16,0.));
#2711 = ORIENTED_EDGE('',*,*,#2682,.T.);
#2712 = CONICAL_SURFACE('',#2713,4.9,0.785398163397);
#2713 = AXIS2_PLACEMENT_3D('',#2714,#2715,#2716);
#2714 = CARTESIAN_POINT('',(-28.05,-15.43896547426,-3.3));
#2715 = DIRECTION('',(0.,0.,1.));
#2716 = DIRECTION('',(1.,-7.3E-16,0.));
#2717 = ADVANCED_FACE('',(#2718),#2736,.T.);
#2718 = FACE_BOUND('',#2719,.T.);
#2719 = EDGE_LOOP('',(#2720,#2721,#2722,#2730));
#2720 = ORIENTED_EDGE('',*,*,#536,.F.);
#2721 = ORIENTED_EDGE('',*,*,#2697,.T.);
#2722 = ORIENTED_EDGE('',*,*,#2723,.T.);
#2723 = EDGE_CURVE('',#2698,#2724,#2726,.T.);
#2724 = VERTEX_POINT('',#2725);
#2725 = CARTESIAN_POINT('',(-25.05,-35.36120304472,-5.2));
#2726 = LINE('',#2727,#2728);
#2727 = CARTESIAN_POINT('',(-25.05,-15.43896547426,-5.2));
#2728 = VECTOR('',#2729,1.);
#2729 = DIRECTION('',(-4.E-17,-1.,-4.E-17));
#2730 = ORIENTED_EDGE('',*,*,#2731,.F.);
#2731 = EDGE_CURVE('',#537,#2724,#2732,.T.);
#2732 = LINE('',#2733,#2734);
#2733 = CARTESIAN_POINT('',(-23.15,-35.36120304472,-3.3));
#2734 = VECTOR('',#2735,1.);
#2735 = DIRECTION('',(-0.707106781187,6.E-17,-0.707106781187));
#2736 = PLANE('',#2737);
#2737 = AXIS2_PLACEMENT_3D('',#2738,#2739,#2740);
#2738 = CARTESIAN_POINT('',(-23.15,-15.43896547426,-3.3));
#2739 = DIRECTION('',(-0.707106781187,0.,0.707106781187));
#2740 = DIRECTION('',(-0.707106781187,6.E-17,-0.707106781187));
#2741 = ADVANCED_FACE('',(#2742),#2761,.F.);
#2742 = FACE_BOUND('',#2743,.F.);
#2743 = EDGE_LOOP('',(#2744,#2745,#2753,#2760));
#2744 = ORIENTED_EDGE('',*,*,#544,.T.);
#2745 = ORIENTED_EDGE('',*,*,#2746,.T.);
#2746 = EDGE_CURVE('',#545,#2747,#2749,.T.);
#2747 = VERTEX_POINT('',#2748);
#2748 = CARTESIAN_POINT('',(-25.61410256409,-37.11231802717,-5.2));
#2749 = LINE('',#2750,#2751);
#2750 = CARTESIAN_POINT('',(-24.07136752135,-38.22135751605,-3.3));
#2751 = VECTOR('',#2752,1.);
#2752 = DIRECTION('',(-0.574146531735,0.412741759574,-0.707106781187));
#2753 = ORIENTED_EDGE('',*,*,#2754,.F.);
#2754 = EDGE_CURVE('',#2724,#2747,#2755,.T.);
#2755 = CIRCLE('',#2756,3.);
#2756 = AXIS2_PLACEMENT_3D('',#2757,#2758,#2759);
#2757 = CARTESIAN_POINT('',(-28.05,-35.36120304472,-5.2));
#2758 = DIRECTION('',(0.,-0.,-1.));
#2759 = DIRECTION('',(1.,-1.45E-15,0.));
#2760 = ORIENTED_EDGE('',*,*,#2731,.F.);
#2761 = CONICAL_SURFACE('',#2762,4.9,0.785398163397);
#2762 = AXIS2_PLACEMENT_3D('',#2763,#2764,#2765);
#2763 = CARTESIAN_POINT('',(-28.05,-35.36120304472,-3.3));
#2764 = DIRECTION('',(0.,0.,1.));
#2765 = DIRECTION('',(1.,-1.45E-15,0.));
#2766 = ADVANCED_FACE('',(#2767),#2786,.T.);
#2767 = FACE_BOUND('',#2768,.T.);
#2768 = EDGE_LOOP('',(#2769,#2770,#2771,#2780));
#2769 = ORIENTED_EDGE('',*,*,#553,.F.);
#2770 = ORIENTED_EDGE('',*,*,#2746,.T.);
#2771 = ORIENTED_EDGE('',*,*,#2772,.T.);
#2772 = EDGE_CURVE('',#2747,#2773,#2775,.T.);
#2773 = VERTEX_POINT('',#2774);
#2774 = CARTESIAN_POINT('',(-23.34999999999,-41.62543863024,-5.2));
#2775 = CIRCLE('',#2776,2.85);
#2776 = AXIS2_PLACEMENT_3D('',#2777,#2778,#2779);
#2777 = CARTESIAN_POINT('',(-23.29999999998,-38.77587726049,-5.2));
#2778 = DIRECTION('',(0.,-0.,1.));
#2779 = DIRECTION('',(1.,7.48E-15,0.));
#2780 = ORIENTED_EDGE('',*,*,#2781,.T.);
#2781 = EDGE_CURVE('',#2773,#554,#2782,.T.);
#2782 = LINE('',#2783,#2784);
#2783 = CARTESIAN_POINT('',(-23.31666666665,-39.7257310504,-3.3));
#2784 = VECTOR('',#2785,1.);
#2785 = DIRECTION('',(1.24053821286E-02,0.70699795367,0.707106781187));
#2786 = CONICAL_SURFACE('',#2787,0.95,0.785398163397);
#2787 = AXIS2_PLACEMENT_3D('',#2788,#2789,#2790);
#2788 = CARTESIAN_POINT('',(-23.29999999998,-38.77587726049,-3.3));
#2789 = DIRECTION('',(-0.,-0.,-1.));
#2790 = DIRECTION('',(1.,7.48E-15,-0.));
#2791 = ADVANCED_FACE('',(#2792),#2819,.F.);
#2792 = FACE_BOUND('',#2793,.F.);
#2793 = EDGE_LOOP('',(#2794,#2795,#2803,#2811,#2818));
#2794 = ORIENTED_EDGE('',*,*,#562,.T.);
#2795 = ORIENTED_EDGE('',*,*,#2796,.T.);
#2796 = EDGE_CURVE('',#563,#2797,#2799,.T.);
#2797 = VERTEX_POINT('',#2798);
#2798 = CARTESIAN_POINT('',(-19.52559638322,-44.40701754386,-4.175));
#2799 = LINE('',#2800,#2801);
#2800 = CARTESIAN_POINT('',(-18.6507310504,-44.39166666666,-3.3));
#2801 = VECTOR('',#2802,1.);
#2802 = DIRECTION('',(-0.706997953671,-1.240538212607E-02,
    -0.707106781187));
#2803 = ORIENTED_EDGE('',*,*,#2804,.T.);
#2804 = EDGE_CURVE('',#2797,#2805,#2807,.T.);
#2805 = VERTEX_POINT('',#2806);
#2806 = CARTESIAN_POINT('',(-20.55043863024,-44.425,-5.2));
#2807 = LINE('',#2808,#2809);
#2808 = CARTESIAN_POINT('',(-18.6507310504,-44.39166666666,-3.3));
#2809 = VECTOR('',#2810,1.);
#2810 = DIRECTION('',(-0.706997953671,-1.240538212607E-02,
    -0.707106781187));
#2811 = ORIENTED_EDGE('',*,*,#2812,.F.);
#2812 = EDGE_CURVE('',#2773,#2805,#2813,.T.);
#2813 = CIRCLE('',#2814,2.85);
#2814 = AXIS2_PLACEMENT_3D('',#2815,#2816,#2817);
#2815 = CARTESIAN_POINT('',(-23.4,-44.475,-5.2));
#2816 = DIRECTION('',(0.,0.,-1.));
#2817 = DIRECTION('',(1.,0.,0.));
#2818 = ORIENTED_EDGE('',*,*,#2781,.T.);
#2819 = CONICAL_SURFACE('',#2820,4.75,0.785398163397);
#2820 = AXIS2_PLACEMENT_3D('',#2821,#2822,#2823);
#2821 = CARTESIAN_POINT('',(-23.4,-44.475,-3.3));
#2822 = DIRECTION('',(0.,0.,1.));
#2823 = DIRECTION('',(1.,0.,-0.));
#2824 = ADVANCED_FACE('',(#2825),#2844,.T.);
#2825 = FACE_BOUND('',#2826,.T.);
#2826 = EDGE_LOOP('',(#2827,#2828,#2829,#2838));
#2827 = ORIENTED_EDGE('',*,*,#571,.F.);
#2828 = ORIENTED_EDGE('',*,*,#2796,.T.);
#2829 = ORIENTED_EDGE('',*,*,#2830,.T.);
#2830 = EDGE_CURVE('',#2797,#2831,#2833,.T.);
#2831 = VERTEX_POINT('',#2832);
#2832 = CARTESIAN_POINT('',(-17.70087726049,-46.2,-4.175));
#2833 = CIRCLE('',#2834,1.825);
#2834 = AXIS2_PLACEMENT_3D('',#2835,#2836,#2837);
#2835 = CARTESIAN_POINT('',(-17.70087726049,-44.375,-4.175));
#2836 = DIRECTION('',(0.,-0.,1.));
#2837 = DIRECTION('',(1.,3.47E-15,0.));
#2838 = ORIENTED_EDGE('',*,*,#2839,.T.);
#2839 = EDGE_CURVE('',#2831,#572,#2840,.T.);
#2840 = LINE('',#2841,#2842);
#2841 = CARTESIAN_POINT('',(-17.70087726049,-45.325,-3.3));
#2842 = VECTOR('',#2843,1.);
#2843 = DIRECTION('',(1.3E-16,0.707106781187,0.707106781187));
#2844 = CONICAL_SURFACE('',#2845,0.95,0.785398163397);
#2845 = AXIS2_PLACEMENT_3D('',#2846,#2847,#2848);
#2846 = CARTESIAN_POINT('',(-17.70087726049,-44.375,-3.3));
#2847 = DIRECTION('',(-0.,-0.,-1.));
#2848 = DIRECTION('',(1.,0.,0.));
#2849 = ADVANCED_FACE('',(#2850),#2884,.T.);
#2850 = FACE_BOUND('',#2851,.T.);
#2851 = EDGE_LOOP('',(#2852,#2853,#2854,#2862,#2870,#2878));
#2852 = ORIENTED_EDGE('',*,*,#580,.F.);
#2853 = ORIENTED_EDGE('',*,*,#2839,.F.);
#2854 = ORIENTED_EDGE('',*,*,#2855,.F.);
#2855 = EDGE_CURVE('',#2856,#2831,#2858,.T.);
#2856 = VERTEX_POINT('',#2857);
#2857 = CARTESIAN_POINT('',(-17.70087726049,-47.225,-5.2));
#2858 = LINE('',#2859,#2860);
#2859 = CARTESIAN_POINT('',(-17.70087726049,-45.325,-3.3));
#2860 = VECTOR('',#2861,1.);
#2861 = DIRECTION('',(1.3E-16,0.707106781187,0.707106781187));
#2862 = ORIENTED_EDGE('',*,*,#2863,.T.);
#2863 = EDGE_CURVE('',#2856,#2864,#2866,.T.);
#2864 = VERTEX_POINT('',#2865);
#2865 = CARTESIAN_POINT('',(17.70087726049,-47.225,-5.2));
#2866 = LINE('',#2867,#2868);
#2867 = CARTESIAN_POINT('',(17.70087726049,-47.225,-5.2));
#2868 = VECTOR('',#2869,1.);
#2869 = DIRECTION('',(1.,-1.E-16,-1.E-16));
#2870 = ORIENTED_EDGE('',*,*,#2871,.F.);
#2871 = EDGE_CURVE('',#2872,#2864,#2874,.T.);
#2872 = VERTEX_POINT('',#2873);
#2873 = CARTESIAN_POINT('',(17.70087726049,-46.2,-4.175));
#2874 = LINE('',#2875,#2876);
#2875 = CARTESIAN_POINT('',(17.70087726049,-45.325,-3.3));
#2876 = VECTOR('',#2877,1.);
#2877 = DIRECTION('',(-1.4E-16,-0.707106781187,-0.707106781187));
#2878 = ORIENTED_EDGE('',*,*,#2879,.F.);
#2879 = EDGE_CURVE('',#581,#2872,#2880,.T.);
#2880 = LINE('',#2881,#2882);
#2881 = CARTESIAN_POINT('',(17.70087726049,-45.325,-3.3));
#2882 = VECTOR('',#2883,1.);
#2883 = DIRECTION('',(-1.4E-16,-0.707106781187,-0.707106781187));
#2884 = PLANE('',#2885);
#2885 = AXIS2_PLACEMENT_3D('',#2886,#2887,#2888);
#2886 = CARTESIAN_POINT('',(17.70087726049,-45.325,-3.3));
#2887 = DIRECTION('',(0.,-0.707106781187,0.707106781187));
#2888 = DIRECTION('',(-1.4E-16,-0.707106781187,-0.707106781187));
#2889 = ADVANCED_FACE('',(#2890),#2909,.T.);
#2890 = FACE_BOUND('',#2891,.T.);
#2891 = EDGE_LOOP('',(#2892,#2893,#2894,#2903));
#2892 = ORIENTED_EDGE('',*,*,#588,.F.);
#2893 = ORIENTED_EDGE('',*,*,#2879,.T.);
#2894 = ORIENTED_EDGE('',*,*,#2895,.T.);
#2895 = EDGE_CURVE('',#2872,#2896,#2898,.T.);
#2896 = VERTEX_POINT('',#2897);
#2897 = CARTESIAN_POINT('',(19.525596383228,-44.40701754386,-4.175));
#2898 = CIRCLE('',#2899,1.825);
#2899 = AXIS2_PLACEMENT_3D('',#2900,#2901,#2902);
#2900 = CARTESIAN_POINT('',(17.70087726049,-44.375,-4.175));
#2901 = DIRECTION('',(0.,0.,1.));
#2902 = DIRECTION('',(1.,0.,-0.));
#2903 = ORIENTED_EDGE('',*,*,#2904,.T.);
#2904 = EDGE_CURVE('',#2896,#589,#2905,.T.);
#2905 = LINE('',#2906,#2907);
#2906 = CARTESIAN_POINT('',(18.650731050408,-44.39166666666,-3.3));
#2907 = VECTOR('',#2908,1.);
#2908 = DIRECTION('',(-0.706997953671,1.240538212607E-02,0.707106781187)
  );
#2909 = CONICAL_SURFACE('',#2910,0.95,0.785398163397);
#2910 = AXIS2_PLACEMENT_3D('',#2911,#2912,#2913);
#2911 = CARTESIAN_POINT('',(17.70087726049,-44.375,-3.3));
#2912 = DIRECTION('',(-0.,-0.,-1.));
#2913 = DIRECTION('',(1.,0.,0.));
#2914 = ADVANCED_FACE('',(#2915),#2942,.F.);
#2915 = FACE_BOUND('',#2916,.F.);
#2916 = EDGE_LOOP('',(#2917,#2918,#2926,#2935,#2941));
#2917 = ORIENTED_EDGE('',*,*,#597,.T.);
#2918 = ORIENTED_EDGE('',*,*,#2919,.T.);
#2919 = EDGE_CURVE('',#598,#2920,#2922,.T.);
#2920 = VERTEX_POINT('',#2921);
#2921 = CARTESIAN_POINT('',(23.35,-41.62543863024,-5.2));
#2922 = LINE('',#2923,#2924);
#2923 = CARTESIAN_POINT('',(23.316666666667,-39.7257310504,-3.3));
#2924 = VECTOR('',#2925,1.);
#2925 = DIRECTION('',(1.240538212607E-02,-0.706997953671,-0.707106781187
    ));
#2926 = ORIENTED_EDGE('',*,*,#2927,.F.);
#2927 = EDGE_CURVE('',#2928,#2920,#2930,.T.);
#2928 = VERTEX_POINT('',#2929);
#2929 = CARTESIAN_POINT('',(20.550438630245,-44.425,-5.2));
#2930 = CIRCLE('',#2931,2.85);
#2931 = AXIS2_PLACEMENT_3D('',#2932,#2933,#2934);
#2932 = CARTESIAN_POINT('',(23.4,-44.475,-5.2));
#2933 = DIRECTION('',(0.,0.,-1.));
#2934 = DIRECTION('',(1.,0.,0.));
#2935 = ORIENTED_EDGE('',*,*,#2936,.T.);
#2936 = EDGE_CURVE('',#2928,#2896,#2937,.T.);
#2937 = LINE('',#2938,#2939);
#2938 = CARTESIAN_POINT('',(18.650731050408,-44.39166666666,-3.3));
#2939 = VECTOR('',#2940,1.);
#2940 = DIRECTION('',(-0.706997953671,1.240538212607E-02,0.707106781187)
  );
#2941 = ORIENTED_EDGE('',*,*,#2904,.T.);
#2942 = CONICAL_SURFACE('',#2943,4.75,0.785398163397);
#2943 = AXIS2_PLACEMENT_3D('',#2944,#2945,#2946);
#2944 = CARTESIAN_POINT('',(23.4,-44.475,-3.3));
#2945 = DIRECTION('',(0.,0.,1.));
#2946 = DIRECTION('',(1.,0.,-0.));
#2947 = ADVANCED_FACE('',(#2948),#2967,.T.);
#2948 = FACE_BOUND('',#2949,.T.);
#2949 = EDGE_LOOP('',(#2950,#2951,#2952,#2961));
#2950 = ORIENTED_EDGE('',*,*,#606,.F.);
#2951 = ORIENTED_EDGE('',*,*,#2919,.T.);
#2952 = ORIENTED_EDGE('',*,*,#2953,.T.);
#2953 = EDGE_CURVE('',#2920,#2954,#2956,.T.);
#2954 = VERTEX_POINT('',#2955);
#2955 = CARTESIAN_POINT('',(25.979487179487,-37.80487342169,-5.2));
#2956 = CIRCLE('',#2957,2.85);
#2957 = AXIS2_PLACEMENT_3D('',#2958,#2959,#2960);
#2958 = CARTESIAN_POINT('',(23.3,-38.77587726049,-5.2));
#2959 = DIRECTION('',(0.,0.,1.));
#2960 = DIRECTION('',(1.,0.,-0.));
#2961 = ORIENTED_EDGE('',*,*,#2962,.T.);
#2962 = EDGE_CURVE('',#2954,#607,#2963,.T.);
#2963 = LINE('',#2964,#2965);
#2964 = CARTESIAN_POINT('',(24.193162393162,-38.45220931422,-3.3));
#2965 = VECTOR('',#2966,1.);
#2966 = DIRECTION('',(-0.664801247269,-0.240913473324,0.707106781187));
#2967 = CONICAL_SURFACE('',#2968,0.95,0.785398163397);
#2968 = AXIS2_PLACEMENT_3D('',#2969,#2970,#2971);
#2969 = CARTESIAN_POINT('',(23.3,-38.77587726049,-3.3));
#2970 = DIRECTION('',(-0.,-0.,-1.));
#2971 = DIRECTION('',(1.,0.,0.));
#2972 = ADVANCED_FACE('',(#2973),#2992,.F.);
#2973 = FACE_BOUND('',#2974,.F.);
#2974 = EDGE_LOOP('',(#2975,#2976,#2984,#2991));
#2975 = ORIENTED_EDGE('',*,*,#615,.T.);
#2976 = ORIENTED_EDGE('',*,*,#2977,.T.);
#2977 = EDGE_CURVE('',#616,#2978,#2980,.T.);
#2978 = VERTEX_POINT('',#2979);
#2979 = CARTESIAN_POINT('',(25.8,-36.78276411769,-5.2));
#2980 = LINE('',#2981,#2982);
#2981 = CARTESIAN_POINT('',(23.9,-36.78276411769,-3.3));
#2982 = VECTOR('',#2983,1.);
#2983 = DIRECTION('',(0.707106781187,-9.4E-16,-0.707106781187));
#2984 = ORIENTED_EDGE('',*,*,#2985,.F.);
#2985 = EDGE_CURVE('',#2954,#2978,#2986,.T.);
#2986 = CIRCLE('',#2987,3.);
#2987 = AXIS2_PLACEMENT_3D('',#2988,#2989,#2990);
#2988 = CARTESIAN_POINT('',(28.8,-36.78276411769,-5.2));
#2989 = DIRECTION('',(0.,-0.,-1.));
#2990 = DIRECTION('',(1.,-1.45E-15,0.));
#2991 = ORIENTED_EDGE('',*,*,#2962,.T.);
#2992 = CONICAL_SURFACE('',#2993,4.9,0.785398163397);
#2993 = AXIS2_PLACEMENT_3D('',#2994,#2995,#2996);
#2994 = CARTESIAN_POINT('',(28.8,-36.78276411769,-3.3));
#2995 = DIRECTION('',(0.,0.,1.));
#2996 = DIRECTION('',(1.,-1.45E-15,0.));
#2997 = ADVANCED_FACE('',(#2998),#3025,.T.);
#2998 = FACE_BOUND('',#2999,.T.);
#2999 = EDGE_LOOP('',(#3000,#3001,#3002,#3010,#3018));
#3000 = ORIENTED_EDGE('',*,*,#624,.F.);
#3001 = ORIENTED_EDGE('',*,*,#2977,.T.);
#3002 = ORIENTED_EDGE('',*,*,#3003,.T.);
#3003 = EDGE_CURVE('',#2978,#3004,#3006,.T.);
#3004 = VERTEX_POINT('',#3005);
#3005 = CARTESIAN_POINT('',(25.8,-31.775,-5.2));
#3006 = LINE('',#3007,#3008);
#3007 = CARTESIAN_POINT('',(25.8,9.850378788789,-5.2));
#3008 = VECTOR('',#3009,1.);
#3009 = DIRECTION('',(3.3E-16,1.,-3.3E-16));
#3010 = ORIENTED_EDGE('',*,*,#3011,.T.);
#3011 = EDGE_CURVE('',#3004,#3012,#3014,.T.);
#3012 = VERTEX_POINT('',#3013);
#3013 = CARTESIAN_POINT('',(24.7,-31.775,-4.1));
#3014 = LINE('',#3015,#3016);
#3015 = CARTESIAN_POINT('',(26.033189799097,-31.775,-5.433189799097));
#3016 = VECTOR('',#3017,1.);
#3017 = DIRECTION('',(-0.707106781187,3.1E-16,0.707106781187));
#3018 = ORIENTED_EDGE('',*,*,#3019,.T.);
#3019 = EDGE_CURVE('',#3012,#625,#3020,.T.);
#3020 = ELLIPSE('',#3021,1.131370849898,0.8);
#3021 = AXIS2_PLACEMENT_3D('',#3022,#3023,#3024);
#3022 = CARTESIAN_POINT('',(24.7,-32.575,-4.1));
#3023 = DIRECTION('',(0.707106781187,-1.143063861144E-32,0.707106781187)
  );
#3024 = DIRECTION('',(0.707106781187,-3.1E-16,-0.707106781187));
#3025 = PLANE('',#3026);
#3026 = AXIS2_PLACEMENT_3D('',#3027,#3028,#3029);
#3027 = CARTESIAN_POINT('',(23.9,9.850378788789,-3.3));
#3028 = DIRECTION('',(0.707106781187,0.,0.707106781187));
#3029 = DIRECTION('',(0.707106781187,-4.7E-16,-0.707106781187));
#3030 = ADVANCED_FACE('',(#3031),#3059,.T.);
#3031 = FACE_BOUND('',#3032,.T.);
#3032 = EDGE_LOOP('',(#3033,#3034,#3042,#3051,#3058));
#3033 = ORIENTED_EDGE('',*,*,#3019,.F.);
#3034 = ORIENTED_EDGE('',*,*,#3035,.T.);
#3035 = EDGE_CURVE('',#3012,#3036,#3038,.T.);
#3036 = VERTEX_POINT('',#3037);
#3037 = CARTESIAN_POINT('',(23.5,-31.775,-4.1));
#3038 = LINE('',#3039,#3040);
#3039 = CARTESIAN_POINT('',(26.132759196389,-31.775,-4.1));
#3040 = VECTOR('',#3041,1.);
#3041 = DIRECTION('',(-1.,2.2E-16,-2.8E-16));
#3042 = ORIENTED_EDGE('',*,*,#3043,.F.);
#3043 = EDGE_CURVE('',#3044,#3036,#3046,.T.);
#3044 = VERTEX_POINT('',#3045);
#3045 = CARTESIAN_POINT('',(23.1,-31.88217967697,-3.7));
#3046 = ELLIPSE('',#3047,1.131370849898,0.8);
#3047 = AXIS2_PLACEMENT_3D('',#3048,#3049,#3050);
#3048 = CARTESIAN_POINT('',(23.5,-32.575,-4.1));
#3049 = DIRECTION('',(-0.707106781187,1.143063861144E-32,-0.707106781187
    ));
#3050 = DIRECTION('',(0.707106781187,-3.1E-16,-0.707106781187));
#3051 = ORIENTED_EDGE('',*,*,#3052,.T.);
#3052 = EDGE_CURVE('',#3044,#633,#3053,.T.);
#3053 = CIRCLE('',#3054,0.8);
#3054 = AXIS2_PLACEMENT_3D('',#3055,#3056,#3057);
#3055 = CARTESIAN_POINT('',(23.1,-32.575,-4.1));
#3056 = DIRECTION('',(1.,-2.2E-16,2.2E-16));
#3057 = DIRECTION('',(2.2E-16,1.,-2.2E-16));
#3058 = ORIENTED_EDGE('',*,*,#632,.F.);
#3059 = CYLINDRICAL_SURFACE('',#3060,0.8);
#3060 = AXIS2_PLACEMENT_3D('',#3061,#3062,#3063);
#3061 = CARTESIAN_POINT('',(26.132759196389,-32.575,-4.1));
#3062 = DIRECTION('',(1.,-2.2E-16,2.2E-16));
#3063 = DIRECTION('',(2.2E-16,1.,-2.2E-16));
#3064 = ADVANCED_FACE('',(#3065),#3083,.T.);
#3065 = FACE_BOUND('',#3066,.T.);
#3066 = EDGE_LOOP('',(#3067,#3075,#3081,#3082));
#3067 = ORIENTED_EDGE('',*,*,#3068,.F.);
#3068 = EDGE_CURVE('',#3069,#3044,#3071,.T.);
#3069 = VERTEX_POINT('',#3070);
#3070 = CARTESIAN_POINT('',(23.1,-36.78276411769,-3.7));
#3071 = LINE('',#3072,#3073);
#3072 = CARTESIAN_POINT('',(23.1,9.850378788789,-3.7));
#3073 = VECTOR('',#3074,1.);
#3074 = DIRECTION('',(3.5E-16,1.,-3.5E-16));
#3075 = ORIENTED_EDGE('',*,*,#3076,.F.);
#3076 = EDGE_CURVE('',#641,#3069,#3077,.T.);
#3077 = LINE('',#3078,#3079);
#3078 = CARTESIAN_POINT('',(23.1,-36.78276411769,-3.3));
#3079 = VECTOR('',#3080,1.);
#3080 = DIRECTION('',(0.,0.,-1.));
#3081 = ORIENTED_EDGE('',*,*,#640,.T.);
#3082 = ORIENTED_EDGE('',*,*,#3052,.F.);
#3083 = PLANE('',#3084);
#3084 = AXIS2_PLACEMENT_3D('',#3085,#3086,#3087);
#3085 = CARTESIAN_POINT('',(23.1,9.850378788789,-3.3));
#3086 = DIRECTION('',(-1.,0.,-4.E-17));
#3087 = DIRECTION('',(-4.E-17,-3.E-17,1.));
#3088 = ADVANCED_FACE('',(#3089),#3108,.T.);
#3089 = FACE_BOUND('',#3090,.T.);
#3090 = EDGE_LOOP('',(#3091,#3100,#3106,#3107));
#3091 = ORIENTED_EDGE('',*,*,#3092,.F.);
#3092 = EDGE_CURVE('',#3093,#3069,#3095,.T.);
#3093 = VERTEX_POINT('',#3094);
#3094 = CARTESIAN_POINT('',(23.441025641026,-38.72477179529,-3.7));
#3095 = CIRCLE('',#3096,5.7);
#3096 = AXIS2_PLACEMENT_3D('',#3097,#3098,#3099);
#3097 = CARTESIAN_POINT('',(28.8,-36.78276411769,-3.7));
#3098 = DIRECTION('',(0.,-0.,-1.));
#3099 = DIRECTION('',(1.,-1.25E-15,0.));
#3100 = ORIENTED_EDGE('',*,*,#3101,.T.);
#3101 = EDGE_CURVE('',#3093,#649,#3102,.T.);
#3102 = LINE('',#3103,#3104);
#3103 = CARTESIAN_POINT('',(23.441025641026,-38.72477179529,-3.3));
#3104 = VECTOR('',#3105,1.);
#3105 = DIRECTION('',(0.,0.,1.));
#3106 = ORIENTED_EDGE('',*,*,#648,.T.);
#3107 = ORIENTED_EDGE('',*,*,#3076,.T.);
#3108 = CYLINDRICAL_SURFACE('',#3109,5.7);
#3109 = AXIS2_PLACEMENT_3D('',#3110,#3111,#3112);
#3110 = CARTESIAN_POINT('',(28.8,-36.78276411769,-3.3));
#3111 = DIRECTION('',(0.,0.,-1.));
#3112 = DIRECTION('',(1.,-1.25E-15,0.));
#3113 = ADVANCED_FACE('',(#3114),#3133,.F.);
#3114 = FACE_BOUND('',#3115,.F.);
#3115 = EDGE_LOOP('',(#3116,#3125,#3126,#3127));
#3116 = ORIENTED_EDGE('',*,*,#3117,.T.);
#3117 = EDGE_CURVE('',#3118,#3093,#3120,.T.);
#3118 = VERTEX_POINT('',#3119);
#3119 = CARTESIAN_POINT('',(23.302631578947,-38.92585417468,-3.7));
#3120 = CIRCLE('',#3121,0.15);
#3121 = AXIS2_PLACEMENT_3D('',#3122,#3123,#3124);
#3122 = CARTESIAN_POINT('',(23.3,-38.77587726049,-3.7));
#3123 = DIRECTION('',(0.,0.,1.));
#3124 = DIRECTION('',(1.,0.,-0.));
#3125 = ORIENTED_EDGE('',*,*,#3101,.T.);
#3126 = ORIENTED_EDGE('',*,*,#657,.F.);
#3127 = ORIENTED_EDGE('',*,*,#3128,.T.);
#3128 = EDGE_CURVE('',#658,#3118,#3129,.T.);
#3129 = LINE('',#3130,#3131);
#3130 = CARTESIAN_POINT('',(23.302631578947,-38.92585417468,-3.3));
#3131 = VECTOR('',#3132,1.);
#3132 = DIRECTION('',(0.,0.,-1.));
#3133 = CYLINDRICAL_SURFACE('',#3134,0.15);
#3134 = AXIS2_PLACEMENT_3D('',#3135,#3136,#3137);
#3135 = CARTESIAN_POINT('',(23.3,-38.77587726049,-3.3));
#3136 = DIRECTION('',(0.,0.,1.));
#3137 = DIRECTION('',(1.,0.,-0.));
#3138 = ADVANCED_FACE('',(#3139),#3158,.T.);
#3139 = FACE_BOUND('',#3140,.T.);
#3140 = EDGE_LOOP('',(#3141,#3150,#3156,#3157));
#3141 = ORIENTED_EDGE('',*,*,#3142,.F.);
#3142 = EDGE_CURVE('',#3143,#3118,#3145,.T.);
#3143 = VERTEX_POINT('',#3144);
#3144 = CARTESIAN_POINT('',(17.850854174688,-44.37763157894,-3.7));
#3145 = CIRCLE('',#3146,5.55);
#3146 = AXIS2_PLACEMENT_3D('',#3147,#3148,#3149);
#3147 = CARTESIAN_POINT('',(23.4,-44.475,-3.7));
#3148 = DIRECTION('',(0.,0.,-1.));
#3149 = DIRECTION('',(1.,0.,0.));
#3150 = ORIENTED_EDGE('',*,*,#3151,.T.);
#3151 = EDGE_CURVE('',#3143,#667,#3152,.T.);
#3152 = LINE('',#3153,#3154);
#3153 = CARTESIAN_POINT('',(17.850854174688,-44.37763157894,-3.3));
#3154 = VECTOR('',#3155,1.);
#3155 = DIRECTION('',(0.,0.,1.));
#3156 = ORIENTED_EDGE('',*,*,#666,.T.);
#3157 = ORIENTED_EDGE('',*,*,#3128,.T.);
#3158 = CYLINDRICAL_SURFACE('',#3159,5.55);
#3159 = AXIS2_PLACEMENT_3D('',#3160,#3161,#3162);
#3160 = CARTESIAN_POINT('',(23.4,-44.475,-3.3));
#3161 = DIRECTION('',(0.,0.,-1.));
#3162 = DIRECTION('',(1.,0.,0.));
#3163 = ADVANCED_FACE('',(#3164),#3183,.F.);
#3164 = FACE_BOUND('',#3165,.F.);
#3165 = EDGE_LOOP('',(#3166,#3175,#3176,#3177));
#3166 = ORIENTED_EDGE('',*,*,#3167,.T.);
#3167 = EDGE_CURVE('',#3168,#3143,#3170,.T.);
#3168 = VERTEX_POINT('',#3169);
#3169 = CARTESIAN_POINT('',(17.70087726049,-44.525,-3.7));
#3170 = CIRCLE('',#3171,0.15);
#3171 = AXIS2_PLACEMENT_3D('',#3172,#3173,#3174);
#3172 = CARTESIAN_POINT('',(17.70087726049,-44.375,-3.7));
#3173 = DIRECTION('',(0.,0.,1.));
#3174 = DIRECTION('',(1.,0.,-0.));
#3175 = ORIENTED_EDGE('',*,*,#3151,.T.);
#3176 = ORIENTED_EDGE('',*,*,#675,.F.);
#3177 = ORIENTED_EDGE('',*,*,#3178,.F.);
#3178 = EDGE_CURVE('',#3168,#676,#3179,.T.);
#3179 = LINE('',#3180,#3181);
#3180 = CARTESIAN_POINT('',(17.70087726049,-44.525,-3.3));
#3181 = VECTOR('',#3182,1.);
#3182 = DIRECTION('',(-3.E-17,4.E-17,1.));
#3183 = CYLINDRICAL_SURFACE('',#3184,0.15);
#3184 = AXIS2_PLACEMENT_3D('',#3185,#3186,#3187);
#3185 = CARTESIAN_POINT('',(17.70087726049,-44.375,-3.3));
#3186 = DIRECTION('',(0.,0.,1.));
#3187 = DIRECTION('',(1.,0.,-0.));
#3188 = ADVANCED_FACE('',(#3189),#3207,.T.);
#3189 = FACE_BOUND('',#3190,.T.);
#3190 = EDGE_LOOP('',(#3191,#3199,#3205,#3206));
#3191 = ORIENTED_EDGE('',*,*,#3192,.F.);
#3192 = EDGE_CURVE('',#3193,#3168,#3195,.T.);
#3193 = VERTEX_POINT('',#3194);
#3194 = CARTESIAN_POINT('',(-9.300877260485,-44.525,-3.7));
#3195 = LINE('',#3196,#3197);
#3196 = CARTESIAN_POINT('',(17.70087726049,-44.525,-3.7));
#3197 = VECTOR('',#3198,1.);
#3198 = DIRECTION('',(1.,-1.2E-16,-1.2E-16));
#3199 = ORIENTED_EDGE('',*,*,#3200,.T.);
#3200 = EDGE_CURVE('',#3193,#685,#3201,.T.);
#3201 = LINE('',#3202,#3203);
#3202 = CARTESIAN_POINT('',(-9.300877260485,-44.525,-3.3));
#3203 = VECTOR('',#3204,1.);
#3204 = DIRECTION('',(0.,2.2E-16,1.));
#3205 = ORIENTED_EDGE('',*,*,#684,.T.);
#3206 = ORIENTED_EDGE('',*,*,#3178,.F.);
#3207 = PLANE('',#3208);
#3208 = AXIS2_PLACEMENT_3D('',#3209,#3210,#3211);
#3209 = CARTESIAN_POINT('',(17.70087726049,-44.525,-3.3));
#3210 = DIRECTION('',(0.,1.,-4.E-17));
#3211 = DIRECTION('',(-3.E-17,4.E-17,1.));
#3212 = ADVANCED_FACE('',(#3213),#3263,.T.);
#3213 = FACE_BOUND('',#3214,.T.);
#3214 = EDGE_LOOP('',(#3215,#3216,#3217,#3225,#3233,#3241,#3249,#3257));
#3215 = ORIENTED_EDGE('',*,*,#692,.T.);
#3216 = ORIENTED_EDGE('',*,*,#3200,.F.);
#3217 = ORIENTED_EDGE('',*,*,#3218,.T.);
#3218 = EDGE_CURVE('',#3193,#3219,#3221,.T.);
#3219 = VERTEX_POINT('',#3220);
#3220 = CARTESIAN_POINT('',(-9.300877260485,-46.425,-5.6));
#3221 = LINE('',#3222,#3223);
#3222 = CARTESIAN_POINT('',(-9.300877260485,-45.575,-4.75));
#3223 = VECTOR('',#3224,1.);
#3224 = DIRECTION('',(-0.,-0.707106781187,-0.707106781187));
#3225 = ORIENTED_EDGE('',*,*,#3226,.T.);
#3226 = EDGE_CURVE('',#3219,#3227,#3229,.T.);
#3227 = VERTEX_POINT('',#3228);
#3228 = CARTESIAN_POINT('',(-9.300877260485,-46.425,-7.3));
#3229 = LINE('',#3230,#3231);
#3230 = CARTESIAN_POINT('',(-9.300877260485,-46.425,-5.4));
#3231 = VECTOR('',#3232,1.);
#3232 = DIRECTION('',(-0.,-4.E-17,-1.));
#3233 = ORIENTED_EDGE('',*,*,#3234,.T.);
#3234 = EDGE_CURVE('',#3227,#3235,#3237,.T.);
#3235 = VERTEX_POINT('',#3236);
#3236 = CARTESIAN_POINT('',(-9.300877260485,-44.525,-9.2));
#3237 = LINE('',#3238,#3239);
#3238 = CARTESIAN_POINT('',(-9.300877260485,-46.525,-7.2));
#3239 = VECTOR('',#3240,1.);
#3240 = DIRECTION('',(-0.,0.707106781187,-0.707106781187));
#3241 = ORIENTED_EDGE('',*,*,#3242,.F.);
#3242 = EDGE_CURVE('',#3243,#3235,#3245,.T.);
#3243 = VERTEX_POINT('',#3244);
#3244 = CARTESIAN_POINT('',(-9.300877260485,-44.525,-9.6));
#3245 = LINE('',#3246,#3247);
#3246 = CARTESIAN_POINT('',(-9.300877260485,-44.525,-9.2));
#3247 = VECTOR('',#3248,1.);
#3248 = DIRECTION('',(0.,2.2E-16,1.));
#3249 = ORIENTED_EDGE('',*,*,#3250,.F.);
#3250 = EDGE_CURVE('',#3251,#3243,#3253,.T.);
#3251 = VERTEX_POINT('',#3252);
#3252 = CARTESIAN_POINT('',(-9.300877260485,-42.52500017575,-9.6));
#3253 = LINE('',#3254,#3255);
#3254 = CARTESIAN_POINT('',(-9.300877260485,-44.525,-9.6));
#3255 = VECTOR('',#3256,1.);
#3256 = DIRECTION('',(6.7E-16,-1.,-0.));
#3257 = ORIENTED_EDGE('',*,*,#3258,.T.);
#3258 = EDGE_CURVE('',#3251,#693,#3259,.T.);
#3259 = LINE('',#3260,#3261);
#3260 = CARTESIAN_POINT('',(-9.300877260485,-42.52500017575,-9.2));
#3261 = VECTOR('',#3262,1.);
#3262 = DIRECTION('',(0.,0.,1.));
#3263 = PLANE('',#3264);
#3264 = AXIS2_PLACEMENT_3D('',#3265,#3266,#3267);
#3265 = CARTESIAN_POINT('',(-9.300877260485,-44.07024693832,-6.45));
#3266 = DIRECTION('',(1.,2.2E-16,9.E-17));
#3267 = DIRECTION('',(-2.2E-16,1.,0.));
#3268 = ADVANCED_FACE('',(#3269),#3288,.F.);
#3269 = FACE_BOUND('',#3270,.F.);
#3270 = EDGE_LOOP('',(#3271,#3272,#3280,#3287));
#3271 = ORIENTED_EDGE('',*,*,#700,.F.);
#3272 = ORIENTED_EDGE('',*,*,#3273,.F.);
#3273 = EDGE_CURVE('',#3274,#701,#3276,.T.);
#3274 = VERTEX_POINT('',#3275);
#3275 = CARTESIAN_POINT('',(-7.700877436237,-40.9250003515,-9.6));
#3276 = LINE('',#3277,#3278);
#3277 = CARTESIAN_POINT('',(-7.700877436237,-40.9250003515,-3.3));
#3278 = VECTOR('',#3279,1.);
#3279 = DIRECTION('',(2.2E-16,-0.,1.));
#3280 = ORIENTED_EDGE('',*,*,#3281,.T.);
#3281 = EDGE_CURVE('',#3274,#3251,#3282,.T.);
#3282 = CIRCLE('',#3283,1.599999824248);
#3283 = AXIS2_PLACEMENT_3D('',#3284,#3285,#3286);
#3284 = CARTESIAN_POINT('',(-7.700877436237,-42.52500017575,-9.6));
#3285 = DIRECTION('',(0.,0.,1.));
#3286 = DIRECTION('',(1.,0.,-0.));
#3287 = ORIENTED_EDGE('',*,*,#3258,.T.);
#3288 = CYLINDRICAL_SURFACE('',#3289,1.599999824248);
#3289 = AXIS2_PLACEMENT_3D('',#3290,#3291,#3292);
#3290 = CARTESIAN_POINT('',(-7.700877436237,-42.52500017575,-3.3));
#3291 = DIRECTION('',(0.,0.,1.));
#3292 = DIRECTION('',(1.,0.,-0.));
#3293 = ADVANCED_FACE('',(#3294),#3312,.T.);
#3294 = FACE_BOUND('',#3295,.T.);
#3295 = EDGE_LOOP('',(#3296,#3297,#3298,#3306));
#3296 = ORIENTED_EDGE('',*,*,#709,.T.);
#3297 = ORIENTED_EDGE('',*,*,#3273,.F.);
#3298 = ORIENTED_EDGE('',*,*,#3299,.F.);
#3299 = EDGE_CURVE('',#3300,#3274,#3302,.T.);
#3300 = VERTEX_POINT('',#3301);
#3301 = CARTESIAN_POINT('',(-6.200873335366,-40.9250003515,-9.6));
#3302 = LINE('',#3303,#3304);
#3303 = CARTESIAN_POINT('',(-7.700877436237,-40.9250003515,-9.6));
#3304 = VECTOR('',#3305,1.);
#3305 = DIRECTION('',(-1.,-6.E-17,-0.));
#3306 = ORIENTED_EDGE('',*,*,#3307,.F.);
#3307 = EDGE_CURVE('',#710,#3300,#3308,.T.);
#3308 = LINE('',#3309,#3310);
#3309 = CARTESIAN_POINT('',(-6.200873335366,-40.9250003515,-9.2));
#3310 = VECTOR('',#3311,1.);
#3311 = DIRECTION('',(0.,0.,-1.));
#3312 = PLANE('',#3313);
#3313 = AXIS2_PLACEMENT_3D('',#3314,#3315,#3316);
#3314 = CARTESIAN_POINT('',(-6.950875385802,-40.9250003515,-6.45));
#3315 = DIRECTION('',(-3.83E-15,-1.,-0.));
#3316 = DIRECTION('',(-1.,3.83E-15,-0.));
#3317 = ADVANCED_FACE('',(#3318),#3337,.T.);
#3318 = FACE_BOUND('',#3319,.T.);
#3319 = EDGE_LOOP('',(#3320,#3321,#3330,#3336));
#3320 = ORIENTED_EDGE('',*,*,#3307,.T.);
#3321 = ORIENTED_EDGE('',*,*,#3322,.F.);
#3322 = EDGE_CURVE('',#3323,#3300,#3325,.T.);
#3323 = VERTEX_POINT('',#3324);
#3324 = CARTESIAN_POINT('',(-6.200873335366,-36.125000703,-9.6));
#3325 = CIRCLE('',#3326,2.399999824248);
#3326 = AXIS2_PLACEMENT_3D('',#3327,#3328,#3329);
#3327 = CARTESIAN_POINT('',(-6.200873335366,-38.52500052725,-9.6));
#3328 = DIRECTION('',(0.,0.,-1.));
#3329 = DIRECTION('',(1.,0.,0.));
#3330 = ORIENTED_EDGE('',*,*,#3331,.T.);
#3331 = EDGE_CURVE('',#3323,#718,#3332,.T.);
#3332 = LINE('',#3333,#3334);
#3333 = CARTESIAN_POINT('',(-6.200873335366,-36.125000703,-3.3));
#3334 = VECTOR('',#3335,1.);
#3335 = DIRECTION('',(-2.2E-16,0.,1.));
#3336 = ORIENTED_EDGE('',*,*,#717,.T.);
#3337 = CYLINDRICAL_SURFACE('',#3338,2.399999824248);
#3338 = AXIS2_PLACEMENT_3D('',#3339,#3340,#3341);
#3339 = CARTESIAN_POINT('',(-6.200873335366,-38.52500052725,-3.3));
#3340 = DIRECTION('',(0.,0.,-1.));
#3341 = DIRECTION('',(1.,0.,0.));
#3342 = ADVANCED_FACE('',(#3343),#3361,.T.);
#3343 = FACE_BOUND('',#3344,.T.);
#3344 = EDGE_LOOP('',(#3345,#3346,#3347,#3355));
#3345 = ORIENTED_EDGE('',*,*,#726,.T.);
#3346 = ORIENTED_EDGE('',*,*,#3331,.F.);
#3347 = ORIENTED_EDGE('',*,*,#3348,.F.);
#3348 = EDGE_CURVE('',#3349,#3323,#3351,.T.);
#3349 = VERTEX_POINT('',#3350);
#3350 = CARTESIAN_POINT('',(-13.20087743624,-36.125000703,-9.6));
#3351 = LINE('',#3352,#3353);
#3352 = CARTESIAN_POINT('',(-6.200873335366,-36.125000703,-9.6));
#3353 = VECTOR('',#3354,1.);
#3354 = DIRECTION('',(1.,6.E-16,-0.));
#3355 = ORIENTED_EDGE('',*,*,#3356,.T.);
#3356 = EDGE_CURVE('',#3349,#727,#3357,.T.);
#3357 = LINE('',#3358,#3359);
#3358 = CARTESIAN_POINT('',(-13.20087743624,-36.125000703,-9.2));
#3359 = VECTOR('',#3360,1.);
#3360 = DIRECTION('',(0.,0.,1.));
#3361 = PLANE('',#3362);
#3362 = AXIS2_PLACEMENT_3D('',#3363,#3364,#3365);
#3363 = CARTESIAN_POINT('',(-9.700875385804,-36.125000703,-6.45));
#3364 = DIRECTION('',(-5.E-17,1.,0.));
#3365 = DIRECTION('',(1.,5.E-17,-0.));
#3366 = ADVANCED_FACE('',(#3367),#3386,.F.);
#3367 = FACE_BOUND('',#3368,.F.);
#3368 = EDGE_LOOP('',(#3369,#3370,#3378,#3385));
#3369 = ORIENTED_EDGE('',*,*,#734,.F.);
#3370 = ORIENTED_EDGE('',*,*,#3371,.F.);
#3371 = EDGE_CURVE('',#3372,#735,#3374,.T.);
#3372 = VERTEX_POINT('',#3373);
#3373 = CARTESIAN_POINT('',(-13.20087893599,-32.92500105451,-9.6));
#3374 = LINE('',#3375,#3376);
#3375 = CARTESIAN_POINT('',(-13.20087893599,-32.92500105451,-3.3));
#3376 = VECTOR('',#3377,1.);
#3377 = DIRECTION('',(2.2E-16,0.,1.));
#3378 = ORIENTED_EDGE('',*,*,#3379,.T.);
#3379 = EDGE_CURVE('',#3372,#3349,#3380,.T.);
#3380 = CIRCLE('',#3381,1.599999824248);
#3381 = AXIS2_PLACEMENT_3D('',#3382,#3383,#3384);
#3382 = CARTESIAN_POINT('',(-13.20087743624,-34.52500087876,-9.6));
#3383 = DIRECTION('',(0.,0.,1.));
#3384 = DIRECTION('',(1.,0.,-0.));
#3385 = ORIENTED_EDGE('',*,*,#3356,.T.);
#3386 = CYLINDRICAL_SURFACE('',#3387,1.599999824248);
#3387 = AXIS2_PLACEMENT_3D('',#3388,#3389,#3390);
#3388 = CARTESIAN_POINT('',(-13.20087743624,-34.52500087876,-3.3));
#3389 = DIRECTION('',(0.,0.,1.));
#3390 = DIRECTION('',(1.,0.,-0.));
#3391 = ADVANCED_FACE('',(#3392),#3410,.T.);
#3392 = FACE_BOUND('',#3393,.T.);
#3393 = EDGE_LOOP('',(#3394,#3395,#3396,#3404));
#3394 = ORIENTED_EDGE('',*,*,#743,.T.);
#3395 = ORIENTED_EDGE('',*,*,#3371,.F.);
#3396 = ORIENTED_EDGE('',*,*,#3397,.F.);
#3397 = EDGE_CURVE('',#3398,#3372,#3400,.T.);
#3398 = VERTEX_POINT('',#3399);
#3399 = CARTESIAN_POINT('',(-11.70087483512,-32.92499964849,-9.6));
#3400 = LINE('',#3401,#3402);
#3401 = CARTESIAN_POINT('',(-13.20087893599,-32.92500105451,-9.6));
#3402 = VECTOR('',#3403,1.);
#3403 = DIRECTION('',(-1.,-9.3734286472E-07,0.));
#3404 = ORIENTED_EDGE('',*,*,#3405,.F.);
#3405 = EDGE_CURVE('',#744,#3398,#3406,.T.);
#3406 = LINE('',#3407,#3408);
#3407 = CARTESIAN_POINT('',(-11.70087483512,-32.92499964849,-9.2));
#3408 = VECTOR('',#3409,1.);
#3409 = DIRECTION('',(0.,0.,-1.));
#3410 = PLANE('',#3411);
#3411 = AXIS2_PLACEMENT_3D('',#3412,#3413,#3414);
#3412 = CARTESIAN_POINT('',(-12.45087688555,-32.9250003515,-6.45));
#3413 = DIRECTION('',(9.3734364259E-07,-1.,-4.3E-16));
#3414 = DIRECTION('',(-1.,-9.3734364259E-07,-4.885531961736E-38));
#3415 = ADVANCED_FACE('',(#3416),#3435,.T.);
#3416 = FACE_BOUND('',#3417,.T.);
#3417 = EDGE_LOOP('',(#3418,#3419,#3428,#3434));
#3418 = ORIENTED_EDGE('',*,*,#3405,.T.);
#3419 = ORIENTED_EDGE('',*,*,#3420,.F.);
#3420 = EDGE_CURVE('',#3421,#3398,#3423,.T.);
#3421 = VERTEX_POINT('',#3422);
#3422 = CARTESIAN_POINT('',(-9.300877260495,-30.52499982424,-9.6));
#3423 = CIRCLE('',#3424,2.399999824248);
#3424 = AXIS2_PLACEMENT_3D('',#3425,#3426,#3427);
#3425 = CARTESIAN_POINT('',(-11.70087708474,-30.52499982424,-9.6));
#3426 = DIRECTION('',(0.,0.,-1.));
#3427 = DIRECTION('',(1.,0.,0.));
#3428 = ORIENTED_EDGE('',*,*,#3429,.T.);
#3429 = EDGE_CURVE('',#3421,#752,#3430,.T.);
#3430 = LINE('',#3431,#3432);
#3431 = CARTESIAN_POINT('',(-9.300877260495,-30.52499982424,-3.3));
#3432 = VECTOR('',#3433,1.);
#3433 = DIRECTION('',(-0.,2.2E-16,1.));
#3434 = ORIENTED_EDGE('',*,*,#751,.T.);
#3435 = CYLINDRICAL_SURFACE('',#3436,2.399999824248);
#3436 = AXIS2_PLACEMENT_3D('',#3437,#3438,#3439);
#3437 = CARTESIAN_POINT('',(-11.70087708474,-30.52499982424,-3.3));
#3438 = DIRECTION('',(0.,0.,-1.));
#3439 = DIRECTION('',(1.,0.,0.));
#3440 = ADVANCED_FACE('',(#3441),#3475,.T.);
#3441 = FACE_BOUND('',#3442,.T.);
#3442 = EDGE_LOOP('',(#3443,#3444,#3445,#3453,#3461,#3469));
#3443 = ORIENTED_EDGE('',*,*,#760,.T.);
#3444 = ORIENTED_EDGE('',*,*,#3429,.F.);
#3445 = ORIENTED_EDGE('',*,*,#3446,.F.);
#3446 = EDGE_CURVE('',#3447,#3421,#3449,.T.);
#3447 = VERTEX_POINT('',#3448);
#3448 = CARTESIAN_POINT('',(-9.30087726049,-27.725,-9.6));
#3449 = LINE('',#3450,#3451);
#3450 = CARTESIAN_POINT('',(-9.30087726049,-28.525,-9.6));
#3451 = VECTOR('',#3452,1.);
#3452 = DIRECTION('',(7.77E-15,-1.,-0.));
#3453 = ORIENTED_EDGE('',*,*,#3454,.F.);
#3454 = EDGE_CURVE('',#3455,#3447,#3457,.T.);
#3455 = VERTEX_POINT('',#3456);
#3456 = CARTESIAN_POINT('',(-9.30087726049,-28.525,-8.6));
#3457 = LINE('',#3458,#3459);
#3458 = CARTESIAN_POINT('',(-9.30087726049,-28.34451219512,
    -8.825609756098));
#3459 = VECTOR('',#3460,1.);
#3460 = DIRECTION('',(-4.44E-15,0.624695047554,-0.780868809443));
#3461 = ORIENTED_EDGE('',*,*,#3462,.T.);
#3462 = EDGE_CURVE('',#3455,#3463,#3465,.T.);
#3463 = VERTEX_POINT('',#3464);
#3464 = CARTESIAN_POINT('',(-9.30087726049,-28.525,-4.3));
#3465 = LINE('',#3466,#3467);
#3466 = CARTESIAN_POINT('',(-9.30087726049,-28.525,-3.7));
#3467 = VECTOR('',#3468,1.);
#3468 = DIRECTION('',(7.E-17,2.2E-16,1.));
#3469 = ORIENTED_EDGE('',*,*,#3470,.F.);
#3470 = EDGE_CURVE('',#761,#3463,#3471,.T.);
#3471 = LINE('',#3472,#3473);
#3472 = CARTESIAN_POINT('',(-9.30087726049,-27.88109756097,
    -3.49512195122));
#3473 = VECTOR('',#3474,1.);
#3474 = DIRECTION('',(4.44E-15,-0.624695047554,-0.780868809443));
#3475 = PLANE('',#3476);
#3476 = AXIS2_PLACEMENT_3D('',#3477,#3478,#3479);
#3477 = CARTESIAN_POINT('',(-9.300877260493,-29.32108228846,-6.45));
#3478 = DIRECTION('',(1.,-1.92166E-12,1.E-17));
#3479 = DIRECTION('',(1.92166E-12,1.,0.));
#3480 = ADVANCED_FACE('',(#3481),#3499,.T.);
#3481 = FACE_BOUND('',#3482,.T.);
#3482 = EDGE_LOOP('',(#3483,#3484,#3485,#3493));
#3483 = ORIENTED_EDGE('',*,*,#768,.F.);
#3484 = ORIENTED_EDGE('',*,*,#3470,.T.);
#3485 = ORIENTED_EDGE('',*,*,#3486,.T.);
#3486 = EDGE_CURVE('',#3463,#3487,#3489,.T.);
#3487 = VERTEX_POINT('',#3488);
#3488 = CARTESIAN_POINT('',(-4.20087726049,-28.525,-4.3));
#3489 = LINE('',#3490,#3491);
#3490 = CARTESIAN_POINT('',(-15.20087726049,-28.525,-4.3));
#3491 = VECTOR('',#3492,1.);
#3492 = DIRECTION('',(1.,0.,0.));
#3493 = ORIENTED_EDGE('',*,*,#3494,.F.);
#3494 = EDGE_CURVE('',#769,#3487,#3495,.T.);
#3495 = LINE('',#3496,#3497);
#3496 = CARTESIAN_POINT('',(-4.20087726049,-27.725,-3.3));
#3497 = VECTOR('',#3498,1.);
#3498 = DIRECTION('',(0.,-0.624695047554,-0.780868809443));
#3499 = PLANE('',#3500);
#3500 = AXIS2_PLACEMENT_3D('',#3501,#3502,#3503);
#3501 = CARTESIAN_POINT('',(-15.20087726049,-27.725,-3.3));
#3502 = DIRECTION('',(0.,-0.780868809443,0.624695047554));
#3503 = DIRECTION('',(0.,-0.624695047554,-0.780868809443));
#3504 = ADVANCED_FACE('',(#3505),#3571,.T.);
#3505 = FACE_BOUND('',#3506,.T.);
#3506 = EDGE_LOOP('',(#3507,#3515,#3516,#3517,#3525,#3533,#3541,#3549,
    #3557,#3565));
#3507 = ORIENTED_EDGE('',*,*,#3508,.F.);
#3508 = EDGE_CURVE('',#777,#3509,#3511,.T.);
#3509 = VERTEX_POINT('',#3510);
#3510 = CARTESIAN_POINT('',(-4.20087726049,-26.925,-3.7));
#3511 = LINE('',#3512,#3513);
#3512 = CARTESIAN_POINT('',(-4.20087726049,-26.925,-3.3));
#3513 = VECTOR('',#3514,1.);
#3514 = DIRECTION('',(0.,0.,-1.));
#3515 = ORIENTED_EDGE('',*,*,#776,.T.);
#3516 = ORIENTED_EDGE('',*,*,#3494,.T.);
#3517 = ORIENTED_EDGE('',*,*,#3518,.T.);
#3518 = EDGE_CURVE('',#3487,#3519,#3521,.T.);
#3519 = VERTEX_POINT('',#3520);
#3520 = CARTESIAN_POINT('',(-4.20087726049,-28.525,-8.6));
#3521 = LINE('',#3522,#3523);
#3522 = CARTESIAN_POINT('',(-4.20087726049,-28.525,-4.3));
#3523 = VECTOR('',#3524,1.);
#3524 = DIRECTION('',(0.,0.,-1.));
#3525 = ORIENTED_EDGE('',*,*,#3526,.F.);
#3526 = EDGE_CURVE('',#3527,#3519,#3529,.T.);
#3527 = VERTEX_POINT('',#3528);
#3528 = CARTESIAN_POINT('',(-4.20087726049,-27.725,-9.6));
#3529 = LINE('',#3530,#3531);
#3530 = CARTESIAN_POINT('',(-4.20087726049,-27.725,-9.6));
#3531 = VECTOR('',#3532,1.);
#3532 = DIRECTION('',(0.,-0.624695047554,0.780868809443));
#3533 = ORIENTED_EDGE('',*,*,#3534,.T.);
#3534 = EDGE_CURVE('',#3527,#3535,#3537,.T.);
#3535 = VERTEX_POINT('',#3536);
#3536 = CARTESIAN_POINT('',(-4.20087726049,-26.925,-9.6));
#3537 = LINE('',#3538,#3539);
#3538 = CARTESIAN_POINT('',(-4.20087726049,-27.725,-9.6));
#3539 = VECTOR('',#3540,1.);
#3540 = DIRECTION('',(0.,1.,0.));
#3541 = ORIENTED_EDGE('',*,*,#3542,.F.);
#3542 = EDGE_CURVE('',#3543,#3535,#3545,.T.);
#3543 = VERTEX_POINT('',#3544);
#3544 = CARTESIAN_POINT('',(-4.20087726049,-26.925,-9.2));
#3545 = LINE('',#3546,#3547);
#3546 = CARTESIAN_POINT('',(-4.20087726049,-26.925,-9.2));
#3547 = VECTOR('',#3548,1.);
#3548 = DIRECTION('',(0.,0.,-1.));
#3549 = ORIENTED_EDGE('',*,*,#3550,.F.);
#3550 = EDGE_CURVE('',#3551,#3543,#3553,.T.);
#3551 = VERTEX_POINT('',#3552);
#3552 = CARTESIAN_POINT('',(-4.20087726049,-27.725,-8.200006860496));
#3553 = LINE('',#3554,#3555);
#3554 = CARTESIAN_POINT('',(-4.20087726049,-27.725,-8.200006860496));
#3555 = VECTOR('',#3556,1.);
#3556 = DIRECTION('',(0.,0.624697660804,-0.780866718836));
#3557 = ORIENTED_EDGE('',*,*,#3558,.F.);
#3558 = EDGE_CURVE('',#3559,#3551,#3561,.T.);
#3559 = VERTEX_POINT('',#3560);
#3560 = CARTESIAN_POINT('',(-4.20087726049,-27.725,-4.699993139504));
#3561 = LINE('',#3562,#3563);
#3562 = CARTESIAN_POINT('',(-4.20087726049,-27.725,-4.699993139504));
#3563 = VECTOR('',#3564,1.);
#3564 = DIRECTION('',(0.,0.,-1.));
#3565 = ORIENTED_EDGE('',*,*,#3566,.F.);
#3566 = EDGE_CURVE('',#3509,#3559,#3567,.T.);
#3567 = LINE('',#3568,#3569);
#3568 = CARTESIAN_POINT('',(-4.20087726049,-26.925,-3.7));
#3569 = VECTOR('',#3570,1.);
#3570 = DIRECTION('',(0.,-0.624697660804,-0.780866718836));
#3571 = PLANE('',#3572);
#3572 = AXIS2_PLACEMENT_3D('',#3573,#3574,#3575);
#3573 = CARTESIAN_POINT('',(-4.20087726049,-27.8659691686,-6.45));
#3574 = DIRECTION('',(1.,-0.,0.));
#3575 = DIRECTION('',(0.,1.,0.));
#3576 = ADVANCED_FACE('',(#3577),#3595,.T.);
#3577 = FACE_BOUND('',#3578,.T.);
#3578 = EDGE_LOOP('',(#3579,#3587,#3593,#3594));
#3579 = ORIENTED_EDGE('',*,*,#3580,.F.);
#3580 = EDGE_CURVE('',#3581,#3509,#3583,.T.);
#3581 = VERTEX_POINT('',#3582);
#3582 = CARTESIAN_POINT('',(-15.20087726049,-26.925,-3.7));
#3583 = LINE('',#3584,#3585);
#3584 = CARTESIAN_POINT('',(-15.20087726049,-26.925,-3.7));
#3585 = VECTOR('',#3586,1.);
#3586 = DIRECTION('',(1.,0.,0.));
#3587 = ORIENTED_EDGE('',*,*,#3588,.F.);
#3588 = EDGE_CURVE('',#785,#3581,#3589,.T.);
#3589 = LINE('',#3590,#3591);
#3590 = CARTESIAN_POINT('',(-15.20087726049,-26.925,-3.3));
#3591 = VECTOR('',#3592,1.);
#3592 = DIRECTION('',(0.,0.,-1.));
#3593 = ORIENTED_EDGE('',*,*,#784,.T.);
#3594 = ORIENTED_EDGE('',*,*,#3508,.T.);
#3595 = PLANE('',#3596);
#3596 = AXIS2_PLACEMENT_3D('',#3597,#3598,#3599);
#3597 = CARTESIAN_POINT('',(-9.70087726049,-26.925,-6.45));
#3598 = DIRECTION('',(-3.E-17,1.,-0.));
#3599 = DIRECTION('',(1.,3.E-17,-0.));
#3600 = ADVANCED_FACE('',(#3601),#3667,.F.);
#3601 = FACE_BOUND('',#3602,.F.);
#3602 = EDGE_LOOP('',(#3603,#3604,#3605,#3613,#3621,#3629,#3637,#3645,
    #3653,#3661));
#3603 = ORIENTED_EDGE('',*,*,#3588,.F.);
#3604 = ORIENTED_EDGE('',*,*,#792,.T.);
#3605 = ORIENTED_EDGE('',*,*,#3606,.T.);
#3606 = EDGE_CURVE('',#793,#3607,#3609,.T.);
#3607 = VERTEX_POINT('',#3608);
#3608 = CARTESIAN_POINT('',(-15.20087726049,-28.525,-4.3));
#3609 = LINE('',#3610,#3611);
#3610 = CARTESIAN_POINT('',(-15.20087726049,-27.725,-3.3));
#3611 = VECTOR('',#3612,1.);
#3612 = DIRECTION('',(0.,-0.624695047554,-0.780868809443));
#3613 = ORIENTED_EDGE('',*,*,#3614,.T.);
#3614 = EDGE_CURVE('',#3607,#3615,#3617,.T.);
#3615 = VERTEX_POINT('',#3616);
#3616 = CARTESIAN_POINT('',(-15.20087726049,-28.525,-8.6));
#3617 = LINE('',#3618,#3619);
#3618 = CARTESIAN_POINT('',(-15.20087726049,-28.525,-4.3));
#3619 = VECTOR('',#3620,1.);
#3620 = DIRECTION('',(0.,0.,-1.));
#3621 = ORIENTED_EDGE('',*,*,#3622,.F.);
#3622 = EDGE_CURVE('',#3623,#3615,#3625,.T.);
#3623 = VERTEX_POINT('',#3624);
#3624 = CARTESIAN_POINT('',(-15.20087726049,-27.725,-9.6));
#3625 = LINE('',#3626,#3627);
#3626 = CARTESIAN_POINT('',(-15.20087726049,-27.725,-9.6));
#3627 = VECTOR('',#3628,1.);
#3628 = DIRECTION('',(0.,-0.624695047554,0.780868809443));
#3629 = ORIENTED_EDGE('',*,*,#3630,.T.);
#3630 = EDGE_CURVE('',#3623,#3631,#3633,.T.);
#3631 = VERTEX_POINT('',#3632);
#3632 = CARTESIAN_POINT('',(-15.20087726049,-26.925,-9.6));
#3633 = LINE('',#3634,#3635);
#3634 = CARTESIAN_POINT('',(-15.20087726049,-27.725,-9.6));
#3635 = VECTOR('',#3636,1.);
#3636 = DIRECTION('',(0.,1.,0.));
#3637 = ORIENTED_EDGE('',*,*,#3638,.F.);
#3638 = EDGE_CURVE('',#3639,#3631,#3641,.T.);
#3639 = VERTEX_POINT('',#3640);
#3640 = CARTESIAN_POINT('',(-15.20087726049,-26.925,-9.2));
#3641 = LINE('',#3642,#3643);
#3642 = CARTESIAN_POINT('',(-15.20087726049,-26.925,-9.2));
#3643 = VECTOR('',#3644,1.);
#3644 = DIRECTION('',(0.,0.,-1.));
#3645 = ORIENTED_EDGE('',*,*,#3646,.F.);
#3646 = EDGE_CURVE('',#3647,#3639,#3649,.T.);
#3647 = VERTEX_POINT('',#3648);
#3648 = CARTESIAN_POINT('',(-15.20087726049,-27.725,-8.200006860496));
#3649 = LINE('',#3650,#3651);
#3650 = CARTESIAN_POINT('',(-15.20087726049,-27.725,-8.200006860496));
#3651 = VECTOR('',#3652,1.);
#3652 = DIRECTION('',(0.,0.624697660804,-0.780866718836));
#3653 = ORIENTED_EDGE('',*,*,#3654,.F.);
#3654 = EDGE_CURVE('',#3655,#3647,#3657,.T.);
#3655 = VERTEX_POINT('',#3656);
#3656 = CARTESIAN_POINT('',(-15.20087726049,-27.725,-4.699993139504));
#3657 = LINE('',#3658,#3659);
#3658 = CARTESIAN_POINT('',(-15.20087726049,-27.725,-4.699993139504));
#3659 = VECTOR('',#3660,1.);
#3660 = DIRECTION('',(0.,0.,-1.));
#3661 = ORIENTED_EDGE('',*,*,#3662,.F.);
#3662 = EDGE_CURVE('',#3581,#3655,#3663,.T.);
#3663 = LINE('',#3664,#3665);
#3664 = CARTESIAN_POINT('',(-15.20087726049,-26.925,-3.7));
#3665 = VECTOR('',#3666,1.);
#3666 = DIRECTION('',(0.,-0.624697660804,-0.780866718836));
#3667 = PLANE('',#3668);
#3668 = AXIS2_PLACEMENT_3D('',#3669,#3670,#3671);
#3669 = CARTESIAN_POINT('',(-15.20087726049,-27.8659691686,-6.45));
#3670 = DIRECTION('',(1.,0.,-0.));
#3671 = DIRECTION('',(0.,1.,0.));
#3672 = ADVANCED_FACE('',(#3673),#3691,.T.);
#3673 = FACE_BOUND('',#3674,.T.);
#3674 = EDGE_LOOP('',(#3675,#3676,#3677,#3685));
#3675 = ORIENTED_EDGE('',*,*,#800,.F.);
#3676 = ORIENTED_EDGE('',*,*,#3606,.T.);
#3677 = ORIENTED_EDGE('',*,*,#3678,.T.);
#3678 = EDGE_CURVE('',#3607,#3679,#3681,.T.);
#3679 = VERTEX_POINT('',#3680);
#3680 = CARTESIAN_POINT('',(-10.10087726049,-28.525,-4.3));
#3681 = LINE('',#3682,#3683);
#3682 = CARTESIAN_POINT('',(-15.20087726049,-28.525,-4.3));
#3683 = VECTOR('',#3684,1.);
#3684 = DIRECTION('',(1.,0.,0.));
#3685 = ORIENTED_EDGE('',*,*,#3686,.T.);
#3686 = EDGE_CURVE('',#3679,#801,#3687,.T.);
#3687 = LINE('',#3688,#3689);
#3688 = CARTESIAN_POINT('',(-10.10087726049,-27.88109756097,
    -3.49512195122));
#3689 = VECTOR('',#3690,1.);
#3690 = DIRECTION('',(-4.35E-15,0.624695047554,0.780868809443));
#3691 = PLANE('',#3692);
#3692 = AXIS2_PLACEMENT_3D('',#3693,#3694,#3695);
#3693 = CARTESIAN_POINT('',(-15.20087726049,-27.725,-3.3));
#3694 = DIRECTION('',(0.,-0.780868809443,0.624695047554));
#3695 = DIRECTION('',(0.,-0.624695047554,-0.780868809443));
#3696 = ADVANCED_FACE('',(#3697),#3739,.T.);
#3697 = FACE_BOUND('',#3698,.T.);
#3698 = EDGE_LOOP('',(#3699,#3700,#3701,#3709,#3717,#3725,#3733));
#3699 = ORIENTED_EDGE('',*,*,#808,.F.);
#3700 = ORIENTED_EDGE('',*,*,#3686,.F.);
#3701 = ORIENTED_EDGE('',*,*,#3702,.T.);
#3702 = EDGE_CURVE('',#3679,#3703,#3705,.T.);
#3703 = VERTEX_POINT('',#3704);
#3704 = CARTESIAN_POINT('',(-10.10087726049,-28.525,-8.6));
#3705 = LINE('',#3706,#3707);
#3706 = CARTESIAN_POINT('',(-10.10087726049,-28.525,-9.6));
#3707 = VECTOR('',#3708,1.);
#3708 = DIRECTION('',(0.,-2.2E-16,-1.));
#3709 = ORIENTED_EDGE('',*,*,#3710,.F.);
#3710 = EDGE_CURVE('',#3711,#3703,#3713,.T.);
#3711 = VERTEX_POINT('',#3712);
#3712 = CARTESIAN_POINT('',(-10.10087726049,-27.725,-9.6));
#3713 = LINE('',#3714,#3715);
#3714 = CARTESIAN_POINT('',(-10.10087726049,-27.88109756097,
    -9.40487804878));
#3715 = VECTOR('',#3716,1.);
#3716 = DIRECTION('',(4.44E-15,-0.624695047554,0.780868809443));
#3717 = ORIENTED_EDGE('',*,*,#3718,.T.);
#3718 = EDGE_CURVE('',#3711,#3719,#3721,.T.);
#3719 = VERTEX_POINT('',#3720);
#3720 = CARTESIAN_POINT('',(-10.10087726049,-28.525,-9.6));
#3721 = LINE('',#3722,#3723);
#3722 = CARTESIAN_POINT('',(-10.10087726049,-28.525,-9.6));
#3723 = VECTOR('',#3724,1.);
#3724 = DIRECTION('',(7.11E-15,-1.,2.2E-16));
#3725 = ORIENTED_EDGE('',*,*,#3726,.T.);
#3726 = EDGE_CURVE('',#3719,#3727,#3729,.T.);
#3727 = VERTEX_POINT('',#3728);
#3728 = CARTESIAN_POINT('',(-10.10087726049,-30.52499982424,-9.6));
#3729 = LINE('',#3730,#3731);
#3730 = CARTESIAN_POINT('',(-10.10087726049,-30.52499982424,-9.6));
#3731 = VECTOR('',#3732,1.);
#3732 = DIRECTION('',(-2.57039E-12,-1.,2.2E-16));
#3733 = ORIENTED_EDGE('',*,*,#3734,.F.);
#3734 = EDGE_CURVE('',#809,#3727,#3735,.T.);
#3735 = LINE('',#3736,#3737);
#3736 = CARTESIAN_POINT('',(-10.10087726049,-30.52499982424,-9.6));
#3737 = VECTOR('',#3738,1.);
#3738 = DIRECTION('',(0.,-2.2E-16,-1.));
#3739 = PLANE('',#3740);
#3740 = AXIS2_PLACEMENT_3D('',#3741,#3742,#3743);
#3741 = CARTESIAN_POINT('',(-10.10087726049,-29.32108228846,-6.45));
#3742 = DIRECTION('',(-1.,2.08607E-12,-1.4851E-13));
#3743 = DIRECTION('',(-2.08607E-12,-1.,0.));
#3744 = ADVANCED_FACE('',(#3745),#3764,.F.);
#3745 = FACE_BOUND('',#3746,.F.);
#3746 = EDGE_LOOP('',(#3747,#3756,#3757,#3758));
#3747 = ORIENTED_EDGE('',*,*,#3748,.F.);
#3748 = EDGE_CURVE('',#3727,#3749,#3751,.T.);
#3749 = VERTEX_POINT('',#3750);
#3750 = CARTESIAN_POINT('',(-11.70087558499,-32.12499964849,-9.6));
#3751 = CIRCLE('',#3752,1.599999824248);
#3752 = AXIS2_PLACEMENT_3D('',#3753,#3754,#3755);
#3753 = CARTESIAN_POINT('',(-11.70087708474,-30.52499982424,-9.6));
#3754 = DIRECTION('',(0.,0.,-1.));
#3755 = DIRECTION('',(1.,0.,0.));
#3756 = ORIENTED_EDGE('',*,*,#3734,.F.);
#3757 = ORIENTED_EDGE('',*,*,#816,.T.);
#3758 = ORIENTED_EDGE('',*,*,#3759,.T.);
#3759 = EDGE_CURVE('',#817,#3749,#3760,.T.);
#3760 = LINE('',#3761,#3762);
#3761 = CARTESIAN_POINT('',(-11.70087558499,-32.12499964849,-3.3));
#3762 = VECTOR('',#3763,1.);
#3763 = DIRECTION('',(0.,0.,-1.));
#3764 = CYLINDRICAL_SURFACE('',#3765,1.599999824248);
#3765 = AXIS2_PLACEMENT_3D('',#3766,#3767,#3768);
#3766 = CARTESIAN_POINT('',(-11.70087708474,-30.52499982424,-3.3));
#3767 = DIRECTION('',(0.,0.,-1.));
#3768 = DIRECTION('',(1.,0.,0.));
#3769 = ADVANCED_FACE('',(#3770),#3788,.T.);
#3770 = FACE_BOUND('',#3771,.T.);
#3771 = EDGE_LOOP('',(#3772,#3773,#3774,#3782));
#3772 = ORIENTED_EDGE('',*,*,#825,.F.);
#3773 = ORIENTED_EDGE('',*,*,#3759,.T.);
#3774 = ORIENTED_EDGE('',*,*,#3775,.T.);
#3775 = EDGE_CURVE('',#3749,#3776,#3778,.T.);
#3776 = VERTEX_POINT('',#3777);
#3777 = CARTESIAN_POINT('',(-13.20087968586,-32.12500105451,-9.6));
#3778 = LINE('',#3779,#3780);
#3779 = CARTESIAN_POINT('',(-13.20087968586,-32.12500105451,-9.6));
#3780 = VECTOR('',#3781,1.);
#3781 = DIRECTION('',(-1.,-9.3734382744E-07,2.2E-16));
#3782 = ORIENTED_EDGE('',*,*,#3783,.F.);
#3783 = EDGE_CURVE('',#826,#3776,#3784,.T.);
#3784 = LINE('',#3785,#3786);
#3785 = CARTESIAN_POINT('',(-13.20087968586,-32.12500105451,-9.6));
#3786 = VECTOR('',#3787,1.);
#3787 = DIRECTION('',(-2.2E-16,-0.,-1.));
#3788 = PLANE('',#3789);
#3789 = AXIS2_PLACEMENT_3D('',#3790,#3791,#3792);
#3790 = CARTESIAN_POINT('',(-12.45087763543,-32.1250003515,-6.45));
#3791 = DIRECTION('',(-9.3734373123E-07,1.,4.237E-14));
#3792 = DIRECTION('',(1.,9.3734373123E-07,-4.215399930864E-37));
#3793 = ADVANCED_FACE('',(#3794),#3813,.T.);
#3794 = FACE_BOUND('',#3795,.T.);
#3795 = EDGE_LOOP('',(#3796,#3804,#3805,#3806));
#3796 = ORIENTED_EDGE('',*,*,#3797,.T.);
#3797 = EDGE_CURVE('',#3798,#834,#3800,.T.);
#3798 = VERTEX_POINT('',#3799);
#3799 = CARTESIAN_POINT('',(-13.20087743624,-36.925000703,-9.6));
#3800 = LINE('',#3801,#3802);
#3801 = CARTESIAN_POINT('',(-13.20087743624,-36.925000703,-3.3));
#3802 = VECTOR('',#3803,1.);
#3803 = DIRECTION('',(0.,0.,1.));
#3804 = ORIENTED_EDGE('',*,*,#833,.F.);
#3805 = ORIENTED_EDGE('',*,*,#3783,.T.);
#3806 = ORIENTED_EDGE('',*,*,#3807,.T.);
#3807 = EDGE_CURVE('',#3776,#3798,#3808,.T.);
#3808 = CIRCLE('',#3809,2.399999824248);
#3809 = AXIS2_PLACEMENT_3D('',#3810,#3811,#3812);
#3810 = CARTESIAN_POINT('',(-13.20087743624,-34.52500087876,-9.6));
#3811 = DIRECTION('',(0.,0.,1.));
#3812 = DIRECTION('',(1.,0.,-0.));
#3813 = CYLINDRICAL_SURFACE('',#3814,2.399999824248);
#3814 = AXIS2_PLACEMENT_3D('',#3815,#3816,#3817);
#3815 = CARTESIAN_POINT('',(-13.20087743624,-34.52500087876,-3.3));
#3816 = DIRECTION('',(0.,0.,1.));
#3817 = DIRECTION('',(1.,0.,-0.));
#3818 = ADVANCED_FACE('',(#3819),#3837,.T.);
#3819 = FACE_BOUND('',#3820,.T.);
#3820 = EDGE_LOOP('',(#3821,#3822,#3823,#3831));
#3821 = ORIENTED_EDGE('',*,*,#842,.F.);
#3822 = ORIENTED_EDGE('',*,*,#3797,.F.);
#3823 = ORIENTED_EDGE('',*,*,#3824,.T.);
#3824 = EDGE_CURVE('',#3798,#3825,#3827,.T.);
#3825 = VERTEX_POINT('',#3826);
#3826 = CARTESIAN_POINT('',(-6.200873335366,-36.925000703,-9.6));
#3827 = LINE('',#3828,#3829);
#3828 = CARTESIAN_POINT('',(-6.200873335366,-36.925000703,-9.6));
#3829 = VECTOR('',#3830,1.);
#3830 = DIRECTION('',(1.,0.,2.2E-16));
#3831 = ORIENTED_EDGE('',*,*,#3832,.F.);
#3832 = EDGE_CURVE('',#843,#3825,#3833,.T.);
#3833 = LINE('',#3834,#3835);
#3834 = CARTESIAN_POINT('',(-6.200873335366,-36.925000703,-9.6));
#3835 = VECTOR('',#3836,1.);
#3836 = DIRECTION('',(2.2E-16,-0.,-1.));
#3837 = PLANE('',#3838);
#3838 = AXIS2_PLACEMENT_3D('',#3839,#3840,#3841);
#3839 = CARTESIAN_POINT('',(-9.700875385804,-36.925000703,-6.45));
#3840 = DIRECTION('',(-2.1E-16,-1.,-4.1E-16));
#3841 = DIRECTION('',(0.,4.1E-16,-1.));
#3842 = ADVANCED_FACE('',(#3843),#3862,.F.);
#3843 = FACE_BOUND('',#3844,.F.);
#3844 = EDGE_LOOP('',(#3845,#3854,#3855,#3856));
#3845 = ORIENTED_EDGE('',*,*,#3846,.F.);
#3846 = EDGE_CURVE('',#3825,#3847,#3849,.T.);
#3847 = VERTEX_POINT('',#3848);
#3848 = CARTESIAN_POINT('',(-6.200873335366,-40.1250003515,-9.6));
#3849 = CIRCLE('',#3850,1.599999824248);
#3850 = AXIS2_PLACEMENT_3D('',#3851,#3852,#3853);
#3851 = CARTESIAN_POINT('',(-6.200873335366,-38.52500052725,-9.6));
#3852 = DIRECTION('',(0.,0.,-1.));
#3853 = DIRECTION('',(1.,0.,0.));
#3854 = ORIENTED_EDGE('',*,*,#3832,.F.);
#3855 = ORIENTED_EDGE('',*,*,#850,.T.);
#3856 = ORIENTED_EDGE('',*,*,#3857,.T.);
#3857 = EDGE_CURVE('',#851,#3847,#3858,.T.);
#3858 = LINE('',#3859,#3860);
#3859 = CARTESIAN_POINT('',(-6.200873335366,-40.1250003515,-3.3));
#3860 = VECTOR('',#3861,1.);
#3861 = DIRECTION('',(0.,0.,-1.));
#3862 = CYLINDRICAL_SURFACE('',#3863,1.599999824248);
#3863 = AXIS2_PLACEMENT_3D('',#3864,#3865,#3866);
#3864 = CARTESIAN_POINT('',(-6.200873335366,-38.52500052725,-3.3));
#3865 = DIRECTION('',(0.,0.,-1.));
#3866 = DIRECTION('',(1.,0.,0.));
#3867 = ADVANCED_FACE('',(#3868),#3886,.T.);
#3868 = FACE_BOUND('',#3869,.T.);
#3869 = EDGE_LOOP('',(#3870,#3871,#3872,#3880));
#3870 = ORIENTED_EDGE('',*,*,#859,.F.);
#3871 = ORIENTED_EDGE('',*,*,#3857,.T.);
#3872 = ORIENTED_EDGE('',*,*,#3873,.T.);
#3873 = EDGE_CURVE('',#3847,#3874,#3876,.T.);
#3874 = VERTEX_POINT('',#3875);
#3875 = CARTESIAN_POINT('',(-7.700877436237,-40.1250003515,-9.6));
#3876 = LINE('',#3877,#3878);
#3877 = CARTESIAN_POINT('',(-7.700877436237,-40.1250003515,-9.6));
#3878 = VECTOR('',#3879,1.);
#3879 = DIRECTION('',(-1.,-0.,2.2E-16));
#3880 = ORIENTED_EDGE('',*,*,#3881,.F.);
#3881 = EDGE_CURVE('',#860,#3874,#3882,.T.);
#3882 = LINE('',#3883,#3884);
#3883 = CARTESIAN_POINT('',(-7.700877436237,-40.1250003515,-9.6));
#3884 = VECTOR('',#3885,1.);
#3885 = DIRECTION('',(-2.2E-16,0.,-1.));
#3886 = PLANE('',#3887);
#3887 = AXIS2_PLACEMENT_3D('',#3888,#3889,#3890);
#3888 = CARTESIAN_POINT('',(-6.950875385802,-40.1250003515,-6.45));
#3889 = DIRECTION('',(-0.,1.,0.));
#3890 = DIRECTION('',(1.,0.,-0.));
#3891 = ADVANCED_FACE('',(#3892),#3911,.T.);
#3892 = FACE_BOUND('',#3893,.T.);
#3893 = EDGE_LOOP('',(#3894,#3902,#3903,#3904));
#3894 = ORIENTED_EDGE('',*,*,#3895,.T.);
#3895 = EDGE_CURVE('',#3896,#868,#3898,.T.);
#3896 = VERTEX_POINT('',#3897);
#3897 = CARTESIAN_POINT('',(-10.10087726048,-42.52500017575,-9.6));
#3898 = LINE('',#3899,#3900);
#3899 = CARTESIAN_POINT('',(-10.10087726048,-42.52500017575,-3.3));
#3900 = VECTOR('',#3901,1.);
#3901 = DIRECTION('',(0.,0.,1.));
#3902 = ORIENTED_EDGE('',*,*,#867,.F.);
#3903 = ORIENTED_EDGE('',*,*,#3881,.T.);
#3904 = ORIENTED_EDGE('',*,*,#3905,.T.);
#3905 = EDGE_CURVE('',#3874,#3896,#3906,.T.);
#3906 = CIRCLE('',#3907,2.399999824248);
#3907 = AXIS2_PLACEMENT_3D('',#3908,#3909,#3910);
#3908 = CARTESIAN_POINT('',(-7.700877436237,-42.52500017575,-9.6));
#3909 = DIRECTION('',(0.,0.,1.));
#3910 = DIRECTION('',(1.,0.,-0.));
#3911 = CYLINDRICAL_SURFACE('',#3912,2.399999824248);
#3912 = AXIS2_PLACEMENT_3D('',#3913,#3914,#3915);
#3913 = CARTESIAN_POINT('',(-7.700877436237,-42.52500017575,-3.3));
#3914 = DIRECTION('',(0.,0.,1.));
#3915 = DIRECTION('',(1.,0.,-0.));
#3916 = ADVANCED_FACE('',(#3917),#3967,.T.);
#3917 = FACE_BOUND('',#3918,.T.);
#3918 = EDGE_LOOP('',(#3919,#3920,#3921,#3929,#3937,#3945,#3953,#3961));
#3919 = ORIENTED_EDGE('',*,*,#876,.F.);
#3920 = ORIENTED_EDGE('',*,*,#3895,.F.);
#3921 = ORIENTED_EDGE('',*,*,#3922,.T.);
#3922 = EDGE_CURVE('',#3896,#3923,#3925,.T.);
#3923 = VERTEX_POINT('',#3924);
#3924 = CARTESIAN_POINT('',(-10.10087726048,-44.525,-9.6));
#3925 = LINE('',#3926,#3927);
#3926 = CARTESIAN_POINT('',(-10.10087726048,-44.525,-9.6));
#3927 = VECTOR('',#3928,1.);
#3928 = DIRECTION('',(0.,-1.,2.2E-16));
#3929 = ORIENTED_EDGE('',*,*,#3930,.F.);
#3930 = EDGE_CURVE('',#3931,#3923,#3933,.T.);
#3931 = VERTEX_POINT('',#3932);
#3932 = CARTESIAN_POINT('',(-10.10087726048,-44.525,-9.2));
#3933 = LINE('',#3934,#3935);
#3934 = CARTESIAN_POINT('',(-10.10087726048,-44.525,-9.6));
#3935 = VECTOR('',#3936,1.);
#3936 = DIRECTION('',(-0.,-2.2E-16,-1.));
#3937 = ORIENTED_EDGE('',*,*,#3938,.T.);
#3938 = EDGE_CURVE('',#3931,#3939,#3941,.T.);
#3939 = VERTEX_POINT('',#3940);
#3940 = CARTESIAN_POINT('',(-10.10087726048,-46.425,-7.3));
#3941 = LINE('',#3942,#3943);
#3942 = CARTESIAN_POINT('',(-10.10087726048,-47.15,-6.575));
#3943 = VECTOR('',#3944,1.);
#3944 = DIRECTION('',(0.,-0.707106781187,0.707106781187));
#3945 = ORIENTED_EDGE('',*,*,#3946,.T.);
#3946 = EDGE_CURVE('',#3939,#3947,#3949,.T.);
#3947 = VERTEX_POINT('',#3948);
#3948 = CARTESIAN_POINT('',(-10.10087726048,-46.425,-5.6));
#3949 = LINE('',#3950,#3951);
#3950 = CARTESIAN_POINT('',(-10.10087726048,-46.425,-5.4));
#3951 = VECTOR('',#3952,1.);
#3952 = DIRECTION('',(0.,4.E-17,1.));
#3953 = ORIENTED_EDGE('',*,*,#3954,.T.);
#3954 = EDGE_CURVE('',#3947,#3955,#3957,.T.);
#3955 = VERTEX_POINT('',#3956);
#3956 = CARTESIAN_POINT('',(-10.10087726048,-44.525,-3.7));
#3957 = LINE('',#3958,#3959);
#3958 = CARTESIAN_POINT('',(-10.10087726048,-45.1,-4.275));
#3959 = VECTOR('',#3960,1.);
#3960 = DIRECTION('',(8.E-17,0.707106781187,0.707106781187));
#3961 = ORIENTED_EDGE('',*,*,#3962,.F.);
#3962 = EDGE_CURVE('',#877,#3955,#3963,.T.);
#3963 = LINE('',#3964,#3965);
#3964 = CARTESIAN_POINT('',(-10.10087726048,-44.525,-3.3));
#3965 = VECTOR('',#3966,1.);
#3966 = DIRECTION('',(-1.2E-16,-2.2E-16,-1.));
#3967 = PLANE('',#3968);
#3968 = AXIS2_PLACEMENT_3D('',#3969,#3970,#3971);
#3969 = CARTESIAN_POINT('',(-10.10087726048,-44.07024693832,-6.45));
#3970 = DIRECTION('',(-1.,1.6E-16,3.E-17));
#3971 = DIRECTION('',(-1.6E-16,-1.,0.));
#3972 = ADVANCED_FACE('',(#3973),#3991,.T.);
#3973 = FACE_BOUND('',#3974,.T.);
#3974 = EDGE_LOOP('',(#3975,#3976,#3984,#3990));
#3975 = ORIENTED_EDGE('',*,*,#3962,.T.);
#3976 = ORIENTED_EDGE('',*,*,#3977,.F.);
#3977 = EDGE_CURVE('',#3978,#3955,#3980,.T.);
#3978 = VERTEX_POINT('',#3979);
#3979 = CARTESIAN_POINT('',(-17.70087726049,-44.525,-3.7));
#3980 = LINE('',#3981,#3982);
#3981 = CARTESIAN_POINT('',(17.70087726049,-44.525,-3.7));
#3982 = VECTOR('',#3983,1.);
#3983 = DIRECTION('',(1.,-1.2E-16,-1.2E-16));
#3984 = ORIENTED_EDGE('',*,*,#3985,.T.);
#3985 = EDGE_CURVE('',#3978,#885,#3986,.T.);
#3986 = LINE('',#3987,#3988);
#3987 = CARTESIAN_POINT('',(-17.70087726049,-44.525,-3.3));
#3988 = VECTOR('',#3989,1.);
#3989 = DIRECTION('',(0.,0.,1.));
#3990 = ORIENTED_EDGE('',*,*,#884,.T.);
#3991 = PLANE('',#3992);
#3992 = AXIS2_PLACEMENT_3D('',#3993,#3994,#3995);
#3993 = CARTESIAN_POINT('',(17.70087726049,-44.525,-3.3));
#3994 = DIRECTION('',(0.,1.,-4.E-17));
#3995 = DIRECTION('',(-3.E-17,4.E-17,1.));
#3996 = ADVANCED_FACE('',(#3997),#4016,.F.);
#3997 = FACE_BOUND('',#3998,.F.);
#3998 = EDGE_LOOP('',(#3999,#4008,#4009,#4010));
#3999 = ORIENTED_EDGE('',*,*,#4000,.T.);
#4000 = EDGE_CURVE('',#4001,#3978,#4003,.T.);
#4001 = VERTEX_POINT('',#4002);
#4002 = CARTESIAN_POINT('',(-17.85085417468,-44.37763157894,-3.7));
#4003 = CIRCLE('',#4004,0.15);
#4004 = AXIS2_PLACEMENT_3D('',#4005,#4006,#4007);
#4005 = CARTESIAN_POINT('',(-17.70087726049,-44.375,-3.7));
#4006 = DIRECTION('',(0.,0.,1.));
#4007 = DIRECTION('',(1.,0.,-0.));
#4008 = ORIENTED_EDGE('',*,*,#3985,.T.);
#4009 = ORIENTED_EDGE('',*,*,#892,.F.);
#4010 = ORIENTED_EDGE('',*,*,#4011,.T.);
#4011 = EDGE_CURVE('',#893,#4001,#4012,.T.);
#4012 = LINE('',#4013,#4014);
#4013 = CARTESIAN_POINT('',(-17.85085417468,-44.37763157894,-3.3));
#4014 = VECTOR('',#4015,1.);
#4015 = DIRECTION('',(0.,0.,-1.));
#4016 = CYLINDRICAL_SURFACE('',#4017,0.15);
#4017 = AXIS2_PLACEMENT_3D('',#4018,#4019,#4020);
#4018 = CARTESIAN_POINT('',(-17.70087726049,-44.375,-3.3));
#4019 = DIRECTION('',(0.,0.,1.));
#4020 = DIRECTION('',(1.,0.,-0.));
#4021 = ADVANCED_FACE('',(#4022),#4041,.T.);
#4022 = FACE_BOUND('',#4023,.T.);
#4023 = EDGE_LOOP('',(#4024,#4033,#4039,#4040));
#4024 = ORIENTED_EDGE('',*,*,#4025,.F.);
#4025 = EDGE_CURVE('',#4026,#4001,#4028,.T.);
#4026 = VERTEX_POINT('',#4027);
#4027 = CARTESIAN_POINT('',(-23.30263157892,-38.92585417468,-3.7));
#4028 = CIRCLE('',#4029,5.55);
#4029 = AXIS2_PLACEMENT_3D('',#4030,#4031,#4032);
#4030 = CARTESIAN_POINT('',(-23.4,-44.475,-3.7));
#4031 = DIRECTION('',(0.,0.,-1.));
#4032 = DIRECTION('',(1.,0.,0.));
#4033 = ORIENTED_EDGE('',*,*,#4034,.T.);
#4034 = EDGE_CURVE('',#4026,#902,#4035,.T.);
#4035 = LINE('',#4036,#4037);
#4036 = CARTESIAN_POINT('',(-23.30263157892,-38.92585417468,-3.3));
#4037 = VECTOR('',#4038,1.);
#4038 = DIRECTION('',(0.,0.,1.));
#4039 = ORIENTED_EDGE('',*,*,#901,.T.);
#4040 = ORIENTED_EDGE('',*,*,#4011,.T.);
#4041 = CYLINDRICAL_SURFACE('',#4042,5.55);
#4042 = AXIS2_PLACEMENT_3D('',#4043,#4044,#4045);
#4043 = CARTESIAN_POINT('',(-23.4,-44.475,-3.3));
#4044 = DIRECTION('',(0.,0.,-1.));
#4045 = DIRECTION('',(1.,0.,0.));
#4046 = ADVANCED_FACE('',(#4047),#4066,.F.);
#4047 = FACE_BOUND('',#4048,.F.);
#4048 = EDGE_LOOP('',(#4049,#4058,#4059,#4060));
#4049 = ORIENTED_EDGE('',*,*,#4050,.T.);
#4050 = EDGE_CURVE('',#4051,#4026,#4053,.T.);
#4051 = VERTEX_POINT('',#4052);
#4052 = CARTESIAN_POINT('',(-23.42179487177,-38.68832151136,-3.7));
#4053 = CIRCLE('',#4054,0.15);
#4054 = AXIS2_PLACEMENT_3D('',#4055,#4056,#4057);
#4055 = CARTESIAN_POINT('',(-23.29999999998,-38.77587726049,-3.7));
#4056 = DIRECTION('',(0.,-0.,1.));
#4057 = DIRECTION('',(1.,4.737E-14,0.));
#4058 = ORIENTED_EDGE('',*,*,#4034,.T.);
#4059 = ORIENTED_EDGE('',*,*,#910,.F.);
#4060 = ORIENTED_EDGE('',*,*,#4061,.T.);
#4061 = EDGE_CURVE('',#911,#4051,#4062,.T.);
#4062 = LINE('',#4063,#4064);
#4063 = CARTESIAN_POINT('',(-23.42179487177,-38.68832151136,-3.3));
#4064 = VECTOR('',#4065,1.);
#4065 = DIRECTION('',(0.,0.,-1.));
#4066 = CYLINDRICAL_SURFACE('',#4067,0.15);
#4067 = AXIS2_PLACEMENT_3D('',#4068,#4069,#4070);
#4068 = CARTESIAN_POINT('',(-23.29999999998,-38.77587726049,-3.3));
#4069 = DIRECTION('',(0.,0.,1.));
#4070 = DIRECTION('',(1.,4.737E-14,-0.));
#4071 = ADVANCED_FACE('',(#4072),#4091,.T.);
#4072 = FACE_BOUND('',#4073,.T.);
#4073 = EDGE_LOOP('',(#4074,#4083,#4089,#4090));
#4074 = ORIENTED_EDGE('',*,*,#4075,.F.);
#4075 = EDGE_CURVE('',#4076,#4051,#4078,.T.);
#4076 = VERTEX_POINT('',#4077);
#4077 = CARTESIAN_POINT('',(-22.35,-35.36120304472,-3.7));
#4078 = CIRCLE('',#4079,5.7);
#4079 = AXIS2_PLACEMENT_3D('',#4080,#4081,#4082);
#4080 = CARTESIAN_POINT('',(-28.05,-35.36120304472,-3.7));
#4081 = DIRECTION('',(0.,-0.,-1.));
#4082 = DIRECTION('',(1.,-1.25E-15,0.));
#4083 = ORIENTED_EDGE('',*,*,#4084,.T.);
#4084 = EDGE_CURVE('',#4076,#920,#4085,.T.);
#4085 = LINE('',#4086,#4087);
#4086 = CARTESIAN_POINT('',(-22.35,-35.36120304472,-3.3));
#4087 = VECTOR('',#4088,1.);
#4088 = DIRECTION('',(4.E-17,3.E-17,1.));
#4089 = ORIENTED_EDGE('',*,*,#919,.T.);
#4090 = ORIENTED_EDGE('',*,*,#4061,.T.);
#4091 = CYLINDRICAL_SURFACE('',#4092,5.7);
#4092 = AXIS2_PLACEMENT_3D('',#4093,#4094,#4095);
#4093 = CARTESIAN_POINT('',(-28.05,-35.36120304472,-3.3));
#4094 = DIRECTION('',(0.,0.,-1.));
#4095 = DIRECTION('',(1.,-1.25E-15,0.));
#4096 = ADVANCED_FACE('',(#4097),#4115,.T.);
#4097 = FACE_BOUND('',#4098,.T.);
#4098 = EDGE_LOOP('',(#4099,#4107,#4113,#4114));
#4099 = ORIENTED_EDGE('',*,*,#4100,.F.);
#4100 = EDGE_CURVE('',#4101,#4076,#4103,.T.);
#4101 = VERTEX_POINT('',#4102);
#4102 = CARTESIAN_POINT('',(-22.35,-15.43896547426,-3.7));
#4103 = LINE('',#4104,#4105);
#4104 = CARTESIAN_POINT('',(-22.35,-15.43896547426,-3.7));
#4105 = VECTOR('',#4106,1.);
#4106 = DIRECTION('',(-6.E-17,-1.,-6.E-17));
#4107 = ORIENTED_EDGE('',*,*,#4108,.F.);
#4108 = EDGE_CURVE('',#929,#4101,#4109,.T.);
#4109 = LINE('',#4110,#4111);
#4110 = CARTESIAN_POINT('',(-22.35,-15.43896547426,-3.3));
#4111 = VECTOR('',#4112,1.);
#4112 = DIRECTION('',(0.,0.,-1.));
#4113 = ORIENTED_EDGE('',*,*,#928,.T.);
#4114 = ORIENTED_EDGE('',*,*,#4084,.F.);
#4115 = PLANE('',#4116);
#4116 = AXIS2_PLACEMENT_3D('',#4117,#4118,#4119);
#4117 = CARTESIAN_POINT('',(-22.35,-15.43896547426,-3.3));
#4118 = DIRECTION('',(1.,0.,-4.E-17));
#4119 = DIRECTION('',(4.E-17,3.E-17,1.));
#4120 = ADVANCED_FACE('',(#4121),#4140,.T.);
#4121 = FACE_BOUND('',#4122,.T.);
#4122 = EDGE_LOOP('',(#4123,#4132,#4138,#4139));
#4123 = ORIENTED_EDGE('',*,*,#4124,.F.);
#4124 = EDGE_CURVE('',#4125,#4101,#4127,.T.);
#4125 = VERTEX_POINT('',#4126);
#4126 = CARTESIAN_POINT('',(-23.39499999999,-12.14944043256,-3.7));
#4127 = CIRCLE('',#4128,5.7);
#4128 = AXIS2_PLACEMENT_3D('',#4129,#4130,#4131);
#4129 = CARTESIAN_POINT('',(-28.05,-15.43896547426,-3.7));
#4130 = DIRECTION('',(0.,-0.,-1.));
#4131 = DIRECTION('',(1.,-6.2E-16,0.));
#4132 = ORIENTED_EDGE('',*,*,#4133,.T.);
#4133 = EDGE_CURVE('',#4125,#937,#4134,.T.);
#4134 = LINE('',#4135,#4136);
#4135 = CARTESIAN_POINT('',(-23.39499999999,-12.14944043256,-3.3));
#4136 = VECTOR('',#4137,1.);
#4137 = DIRECTION('',(0.,0.,1.));
#4138 = ORIENTED_EDGE('',*,*,#936,.T.);
#4139 = ORIENTED_EDGE('',*,*,#4108,.T.);
#4140 = CYLINDRICAL_SURFACE('',#4141,5.7);
#4141 = AXIS2_PLACEMENT_3D('',#4142,#4143,#4144);
#4142 = CARTESIAN_POINT('',(-28.05,-15.43896547426,-3.3));
#4143 = DIRECTION('',(0.,0.,-1.));
#4144 = DIRECTION('',(1.,-6.2E-16,0.));
#4145 = ADVANCED_FACE('',(#4146),#4165,.F.);
#4146 = FACE_BOUND('',#4147,.F.);
#4147 = EDGE_LOOP('',(#4148,#4157,#4158,#4159));
#4148 = ORIENTED_EDGE('',*,*,#4149,.T.);
#4149 = EDGE_CURVE('',#4150,#4125,#4152,.T.);
#4150 = VERTEX_POINT('',#4151);
#4151 = CARTESIAN_POINT('',(-23.44999999999,-11.97630967899,-3.7));
#4152 = CIRCLE('',#4153,0.3);
#4153 = AXIS2_PLACEMENT_3D('',#4154,#4155,#4156);
#4154 = CARTESIAN_POINT('',(-23.14999999999,-11.97630753563,-3.7));
#4155 = DIRECTION('',(0.,-0.,1.));
#4156 = DIRECTION('',(1.,1.184E-14,0.));
#4157 = ORIENTED_EDGE('',*,*,#4133,.T.);
#4158 = ORIENTED_EDGE('',*,*,#945,.F.);
#4159 = ORIENTED_EDGE('',*,*,#4160,.T.);
#4160 = EDGE_CURVE('',#946,#4150,#4161,.T.);
#4161 = LINE('',#4162,#4163);
#4162 = CARTESIAN_POINT('',(-23.44999999999,-11.97630967899,-3.3));
#4163 = VECTOR('',#4164,1.);
#4164 = DIRECTION('',(-4.E-17,-3.E-17,-1.));
#4165 = CYLINDRICAL_SURFACE('',#4166,0.3);
#4166 = AXIS2_PLACEMENT_3D('',#4167,#4168,#4169);
#4167 = CARTESIAN_POINT('',(-23.14999999999,-11.97630753563,-3.3));
#4168 = DIRECTION('',(0.,0.,1.));
#4169 = DIRECTION('',(1.,1.184E-14,-0.));
#4170 = ADVANCED_FACE('',(#4171),#4195,.T.);
#4171 = FACE_BOUND('',#4172,.T.);
#4172 = EDGE_LOOP('',(#4173,#4188,#4193,#4194));
#4173 = ORIENTED_EDGE('',*,*,#4174,.F.);
#4174 = EDGE_CURVE('',#4175,#4150,#4177,.T.);
#4175 = VERTEX_POINT('',#4176);
#4176 = CARTESIAN_POINT('',(-21.93870973238,-10.10507337116,-3.7));
#4177 = B_SPLINE_CURVE_WITH_KNOTS('',9,(#4178,#4179,#4180,#4181,#4182,
    #4183,#4184,#4185,#4186,#4187),.UNSPECIFIED.,.F.,.F.,(10,10),(
    1.078963977376,3.141599798152),.PIECEWISE_BEZIER_KNOTS.);
#4178 = CARTESIAN_POINT('',(-21.93870973238,-10.10507337116,-3.7));
#4179 = CARTESIAN_POINT('',(-22.48640888044,-10.00600034461,-3.7));
#4180 = CARTESIAN_POINT('',(-23.01362100657,-10.07878241184,-3.7));
#4181 = CARTESIAN_POINT('',(-23.46067606409,-10.30381882646,-3.7));
#4182 = CARTESIAN_POINT('',(-23.77931985791,-10.63789569053,-3.7));
#4183 = CARTESIAN_POINT('',(-23.94365996874,-11.02079887542,-3.7));
#4184 = CARTESIAN_POINT('',(-23.9570140439,-11.38831440134,-3.7));
#4185 = CARTESIAN_POINT('',(-23.84872089928,-11.68781502429,-3.7));
#4186 = CARTESIAN_POINT('',(-23.66349584861,-11.88710781144,-3.7));
#4187 = CARTESIAN_POINT('',(-23.44999999999,-11.97630967899,-3.7));
#4188 = ORIENTED_EDGE('',*,*,#4189,.T.);
#4189 = EDGE_CURVE('',#4175,#955,#4190,.T.);
#4190 = B_SPLINE_CURVE_WITH_KNOTS('',1,(#4191,#4192),.UNSPECIFIED.,.F.,
  .F.,(2,2),(9.,10.),.PIECEWISE_BEZIER_KNOTS.);
#4191 = CARTESIAN_POINT('',(-21.93870973238,-10.10507337116,-3.7));
#4192 = CARTESIAN_POINT('',(-21.93870973238,-10.10507337116,-3.3));
#4193 = ORIENTED_EDGE('',*,*,#954,.T.);
#4194 = ORIENTED_EDGE('',*,*,#4160,.T.);
#4195 = B_SPLINE_SURFACE_WITH_KNOTS('',1,9,(
    (#4196,#4197,#4198,#4199,#4200,#4201,#4202,#4203,#4204,#4205)
    ,(#4206,#4207,#4208,#4209,#4210,#4211,#4212,#4213,#4214,#4215
  )),.UNSPECIFIED.,.F.,.F.,.F.,(2,2),(10,10),(9.,10.),(1.078963977376,
    3.141599798152),.PIECEWISE_BEZIER_KNOTS.);
#4196 = CARTESIAN_POINT('',(-21.93870973238,-10.10507337116,-3.7));
#4197 = CARTESIAN_POINT('',(-22.48640888044,-10.00600034461,-3.7));
#4198 = CARTESIAN_POINT('',(-23.01362100657,-10.07878241184,-3.7));
#4199 = CARTESIAN_POINT('',(-23.46067606409,-10.30381882646,-3.7));
#4200 = CARTESIAN_POINT('',(-23.77931985791,-10.63789569053,-3.7));
#4201 = CARTESIAN_POINT('',(-23.94365996874,-11.02079887542,-3.7));
#4202 = CARTESIAN_POINT('',(-23.9570140439,-11.38831440134,-3.7));
#4203 = CARTESIAN_POINT('',(-23.84872089928,-11.68781502429,-3.7));
#4204 = CARTESIAN_POINT('',(-23.66349584861,-11.88710781144,-3.7));
#4205 = CARTESIAN_POINT('',(-23.44999999999,-11.97630967899,-3.7));
#4206 = CARTESIAN_POINT('',(-21.93870973238,-10.10507337116,-3.3));
#4207 = CARTESIAN_POINT('',(-22.48640888044,-10.00600034461,-3.3));
#4208 = CARTESIAN_POINT('',(-23.01362100657,-10.07878241184,-3.3));
#4209 = CARTESIAN_POINT('',(-23.46067606409,-10.30381882646,-3.3));
#4210 = CARTESIAN_POINT('',(-23.77931985791,-10.63789569053,-3.3));
#4211 = CARTESIAN_POINT('',(-23.94365996874,-11.02079887542,-3.3));
#4212 = CARTESIAN_POINT('',(-23.9570140439,-11.38831440134,-3.3));
#4213 = CARTESIAN_POINT('',(-23.84872089928,-11.68781502429,-3.3));
#4214 = CARTESIAN_POINT('',(-23.66349584861,-11.88710781144,-3.3));
#4215 = CARTESIAN_POINT('',(-23.44999999999,-11.97630967899,-3.3));
#4216 = ADVANCED_FACE('',(#4217),#4239,.T.);
#4217 = FACE_BOUND('',#4218,.T.);
#4218 = EDGE_LOOP('',(#4219,#4232,#4237,#4238));
#4219 = ORIENTED_EDGE('',*,*,#4220,.F.);
#4220 = EDGE_CURVE('',#4221,#4175,#4223,.T.);
#4221 = VERTEX_POINT('',#4222);
#4222 = CARTESIAN_POINT('',(-20.93032502665,-11.92671339109,-3.7));
#4223 = B_SPLINE_CURVE_WITH_KNOTS('',7,(#4224,#4225,#4226,#4227,#4228,
    #4229,#4230,#4231),.UNSPECIFIED.,.F.,.F.,(8,8),(8.412630373932E-02,
    1.078963977376),.PIECEWISE_BEZIER_KNOTS.);
#4224 = CARTESIAN_POINT('',(-20.93032502665,-11.92671339109,-3.7));
#4225 = CARTESIAN_POINT('',(-20.93603312535,-11.61787226991,-3.7));
#4226 = CARTESIAN_POINT('',(-20.99185138684,-11.30975486791,-3.7));
#4227 = CARTESIAN_POINT('',(-21.09767986311,-11.0121129675,-3.7));
#4228 = CARTESIAN_POINT('',(-21.25104947899,-10.73468541838,-3.7));
#4229 = CARTESIAN_POINT('',(-21.44711388943,-10.48642624605,-3.7));
#4230 = CARTESIAN_POINT('',(-21.67905107811,-10.27474421861,-3.7));
#4231 = CARTESIAN_POINT('',(-21.93870973238,-10.10507337116,-3.7));
#4232 = ORIENTED_EDGE('',*,*,#4233,.T.);
#4233 = EDGE_CURVE('',#4221,#970,#4234,.T.);
#4234 = B_SPLINE_CURVE_WITH_KNOTS('',1,(#4235,#4236),.UNSPECIFIED.,.F.,
  .F.,(2,2),(9.,10.),.PIECEWISE_BEZIER_KNOTS.);
#4235 = CARTESIAN_POINT('',(-20.93032502665,-11.92671339109,-3.7));
#4236 = CARTESIAN_POINT('',(-20.93032502665,-11.92671339109,-3.3));
#4237 = ORIENTED_EDGE('',*,*,#969,.T.);
#4238 = ORIENTED_EDGE('',*,*,#4189,.F.);
#4239 = B_SPLINE_SURFACE_WITH_KNOTS('',1,7,(
    (#4240,#4241,#4242,#4243,#4244,#4245,#4246,#4247)
    ,(#4248,#4249,#4250,#4251,#4252,#4253,#4254,#4255
  )),.UNSPECIFIED.,.F.,.F.,.F.,(2,2),(8,8),(9.,10.),(8.412630373932E-02,
    1.078963977376),.PIECEWISE_BEZIER_KNOTS.);
#4240 = CARTESIAN_POINT('',(-20.93032502665,-11.92671339109,-3.7));
#4241 = CARTESIAN_POINT('',(-20.93603312535,-11.61787226991,-3.7));
#4242 = CARTESIAN_POINT('',(-20.99185138684,-11.30975486791,-3.7));
#4243 = CARTESIAN_POINT('',(-21.09767986311,-11.0121129675,-3.7));
#4244 = CARTESIAN_POINT('',(-21.25104947899,-10.73468541838,-3.7));
#4245 = CARTESIAN_POINT('',(-21.44711388943,-10.48642624605,-3.7));
#4246 = CARTESIAN_POINT('',(-21.67905107811,-10.27474421861,-3.7));
#4247 = CARTESIAN_POINT('',(-21.93870973238,-10.10507337116,-3.7));
#4248 = CARTESIAN_POINT('',(-20.93032502665,-11.92671339109,-3.3));
#4249 = CARTESIAN_POINT('',(-20.93603312535,-11.61787226991,-3.3));
#4250 = CARTESIAN_POINT('',(-20.99185138684,-11.30975486791,-3.3));
#4251 = CARTESIAN_POINT('',(-21.09767986311,-11.0121129675,-3.3));
#4252 = CARTESIAN_POINT('',(-21.25104947899,-10.73468541838,-3.3));
#4253 = CARTESIAN_POINT('',(-21.44711388943,-10.48642624605,-3.3));
#4254 = CARTESIAN_POINT('',(-21.67905107811,-10.27474421861,-3.3));
#4255 = CARTESIAN_POINT('',(-21.93870973238,-10.10507337116,-3.3));
#4256 = ADVANCED_FACE('',(#4257),#4329,.T.);
#4257 = FACE_BOUND('',#4258,.T.);
#4258 = EDGE_LOOP('',(#4259,#4266,#4267,#4268,#4275,#4282,#4289,#4296,
    #4303,#4310,#4317,#4324));
#4259 = ORIENTED_EDGE('',*,*,#4260,.T.);
#4260 = EDGE_CURVE('',#4261,#983,#4263,.T.);
#4261 = VERTEX_POINT('',#4262);
#4262 = CARTESIAN_POINT('',(-20.29313485155,-19.65506946391,-3.7));
#4263 = B_SPLINE_CURVE_WITH_KNOTS('',1,(#4264,#4265),.UNSPECIFIED.,.F.,
  .F.,(2,2),(9.,10.),.PIECEWISE_BEZIER_KNOTS.);
#4264 = CARTESIAN_POINT('',(-20.29313485155,-19.65506946391,-3.7));
#4265 = CARTESIAN_POINT('',(-20.29313485155,-19.65506946391,-3.3));
#4266 = ORIENTED_EDGE('',*,*,#982,.T.);
#4267 = ORIENTED_EDGE('',*,*,#4233,.F.);
#4268 = ORIENTED_EDGE('',*,*,#4269,.F.);
#4269 = EDGE_CURVE('',#4270,#4221,#4272,.T.);
#4270 = VERTEX_POINT('',#4271);
#4271 = CARTESIAN_POINT('',(-20.93032502665,-11.92671339109,-5.2));
#4272 = B_SPLINE_CURVE_WITH_KNOTS('',1,(#4273,#4274),.UNSPECIFIED.,.F.,
  .F.,(2,2),(8.,9.),.PIECEWISE_BEZIER_KNOTS.);
#4273 = CARTESIAN_POINT('',(-20.93032502665,-11.92671339109,-5.2));
#4274 = CARTESIAN_POINT('',(-20.93032502665,-11.92671339109,-3.7));
#4275 = ORIENTED_EDGE('',*,*,#4276,.F.);
#4276 = EDGE_CURVE('',#4277,#4270,#4279,.T.);
#4277 = VERTEX_POINT('',#4278);
#4278 = CARTESIAN_POINT('',(-20.93032502665,-11.92671339109,-7.7));
#4279 = B_SPLINE_CURVE_WITH_KNOTS('',1,(#4280,#4281),.UNSPECIFIED.,.F.,
  .F.,(2,2),(7.,8.),.PIECEWISE_BEZIER_KNOTS.);
#4280 = CARTESIAN_POINT('',(-20.93032502665,-11.92671339109,-7.7));
#4281 = CARTESIAN_POINT('',(-20.93032502665,-11.92671339109,-5.2));
#4282 = ORIENTED_EDGE('',*,*,#4283,.F.);
#4283 = EDGE_CURVE('',#4284,#4277,#4286,.T.);
#4284 = VERTEX_POINT('',#4285);
#4285 = CARTESIAN_POINT('',(-20.93032502665,-11.92671339109,-9.2));
#4286 = B_SPLINE_CURVE_WITH_KNOTS('',1,(#4287,#4288),.UNSPECIFIED.,.F.,
  .F.,(2,2),(6.,7.),.PIECEWISE_BEZIER_KNOTS.);
#4287 = CARTESIAN_POINT('',(-20.93032502665,-11.92671339109,-9.2));
#4288 = CARTESIAN_POINT('',(-20.93032502665,-11.92671339109,-7.7));
#4289 = ORIENTED_EDGE('',*,*,#4290,.F.);
#4290 = EDGE_CURVE('',#4291,#4284,#4293,.T.);
#4291 = VERTEX_POINT('',#4292);
#4292 = CARTESIAN_POINT('',(-20.93032502665,-11.92671339109,-9.6));
#4293 = B_SPLINE_CURVE_WITH_KNOTS('',1,(#4294,#4295),.UNSPECIFIED.,.F.,
  .F.,(2,2),(5.,6.),.PIECEWISE_BEZIER_KNOTS.);
#4294 = CARTESIAN_POINT('',(-20.93032502665,-11.92671339109,-9.6));
#4295 = CARTESIAN_POINT('',(-20.93032502665,-11.92671339109,-9.2));
#4296 = ORIENTED_EDGE('',*,*,#4297,.F.);
#4297 = EDGE_CURVE('',#4298,#4291,#4300,.T.);
#4298 = VERTEX_POINT('',#4299);
#4299 = CARTESIAN_POINT('',(-20.29313485155,-19.65506946391,-9.6));
#4300 = B_SPLINE_CURVE_WITH_KNOTS('',1,(#4301,#4302),.UNSPECIFIED.,.F.,
  .F.,(2,2),(0.,7.878546218553),.PIECEWISE_BEZIER_KNOTS.);
#4301 = CARTESIAN_POINT('',(-20.29313485155,-19.65506946391,-9.6));
#4302 = CARTESIAN_POINT('',(-20.93032502665,-11.92671339109,-9.6));
#4303 = ORIENTED_EDGE('',*,*,#4304,.T.);
#4304 = EDGE_CURVE('',#4298,#4305,#4307,.T.);
#4305 = VERTEX_POINT('',#4306);
#4306 = CARTESIAN_POINT('',(-20.29313485155,-19.65506946391,-9.2));
#4307 = B_SPLINE_CURVE_WITH_KNOTS('',1,(#4308,#4309),.UNSPECIFIED.,.F.,
  .F.,(2,2),(5.,6.),.PIECEWISE_BEZIER_KNOTS.);
#4308 = CARTESIAN_POINT('',(-20.29313485155,-19.65506946391,-9.6));
#4309 = CARTESIAN_POINT('',(-20.29313485155,-19.65506946391,-9.2));
#4310 = ORIENTED_EDGE('',*,*,#4311,.T.);
#4311 = EDGE_CURVE('',#4305,#4312,#4314,.T.);
#4312 = VERTEX_POINT('',#4313);
#4313 = CARTESIAN_POINT('',(-20.29313485155,-19.65506946391,-7.7));
#4314 = B_SPLINE_CURVE_WITH_KNOTS('',1,(#4315,#4316),.UNSPECIFIED.,.F.,
  .F.,(2,2),(6.,7.),.PIECEWISE_BEZIER_KNOTS.);
#4315 = CARTESIAN_POINT('',(-20.29313485155,-19.65506946391,-9.2));
#4316 = CARTESIAN_POINT('',(-20.29313485155,-19.65506946391,-7.7));
#4317 = ORIENTED_EDGE('',*,*,#4318,.T.);
#4318 = EDGE_CURVE('',#4312,#4319,#4321,.T.);
#4319 = VERTEX_POINT('',#4320);
#4320 = CARTESIAN_POINT('',(-20.29313485155,-19.65506946391,-5.2));
#4321 = B_SPLINE_CURVE_WITH_KNOTS('',1,(#4322,#4323),.UNSPECIFIED.,.F.,
  .F.,(2,2),(7.,8.),.PIECEWISE_BEZIER_KNOTS.);
#4322 = CARTESIAN_POINT('',(-20.29313485155,-19.65506946391,-7.7));
#4323 = CARTESIAN_POINT('',(-20.29313485155,-19.65506946391,-5.2));
#4324 = ORIENTED_EDGE('',*,*,#4325,.T.);
#4325 = EDGE_CURVE('',#4319,#4261,#4326,.T.);
#4326 = B_SPLINE_CURVE_WITH_KNOTS('',1,(#4327,#4328),.UNSPECIFIED.,.F.,
  .F.,(2,2),(8.,9.),.PIECEWISE_BEZIER_KNOTS.);
#4327 = CARTESIAN_POINT('',(-20.29313485155,-19.65506946391,-5.2));
#4328 = CARTESIAN_POINT('',(-20.29313485155,-19.65506946391,-3.7));
#4329 = PLANE('',#4330);
#4330 = AXIS2_PLACEMENT_3D('',#4331,#4332,#4333);
#4331 = CARTESIAN_POINT('',(-20.6117299391,-15.7908914275,-6.45));
#4332 = DIRECTION('',(-0.996618365968,-8.216953581503E-02,-9.3E-16));
#4333 = DIRECTION('',(8.216953581503E-02,-0.996618365968,
    -1.376835212205E-32));
#4334 = ADVANCED_FACE('',(#4335),#4359,.T.);
#4335 = FACE_BOUND('',#4336,.T.);
#4336 = EDGE_LOOP('',(#4337,#4352,#4357,#4358));
#4337 = ORIENTED_EDGE('',*,*,#4338,.F.);
#4338 = EDGE_CURVE('',#4339,#4261,#4341,.T.);
#4339 = VERTEX_POINT('',#4340);
#4340 = CARTESIAN_POINT('',(-18.42896851583,-20.53616333954,-3.7));
#4341 = B_SPLINE_CURVE_WITH_KNOTS('',9,(#4342,#4343,#4344,#4345,#4346,
    #4347,#4348,#4349,#4350,#4351),.UNSPECIFIED.,.F.,.F.,(10,10),(
    0.977384381117,3.05746634985),.PIECEWISE_BEZIER_KNOTS.);
#4342 = CARTESIAN_POINT('',(-18.42896851583,-20.53616333954,-3.7));
#4343 = CARTESIAN_POINT('',(-18.65778608771,-20.69029814973,-3.7));
#4344 = CARTESIAN_POINT('',(-18.9264322051,-20.78522698112,-3.7));
#4345 = CARTESIAN_POINT('',(-19.21739931315,-20.80918809775,
    -3.700000000001));
#4346 = CARTESIAN_POINT('',(-19.50912862139,-20.7564613796,
    -3.699999999999));
#4347 = CARTESIAN_POINT('',(-19.77850705909,-20.62903365551,
    -3.700000000001));
#4348 = CARTESIAN_POINT('',(-20.00424157602,-20.43700979612,
    -3.699999999999));
#4349 = CARTESIAN_POINT('',(-20.17018359923,-20.19702955852,-3.7));
#4350 = CARTESIAN_POINT('',(-20.26713590349,-19.92939164278,-3.7));
#4351 = CARTESIAN_POINT('',(-20.29313485155,-19.65506946391,-3.7));
#4352 = ORIENTED_EDGE('',*,*,#4353,.T.);
#4353 = EDGE_CURVE('',#4339,#990,#4354,.T.);
#4354 = B_SPLINE_CURVE_WITH_KNOTS('',1,(#4355,#4356),.UNSPECIFIED.,.F.,
  .F.,(2,2),(9.,10.),.PIECEWISE_BEZIER_KNOTS.);
#4355 = CARTESIAN_POINT('',(-18.42896851583,-20.53616333954,-3.7));
#4356 = CARTESIAN_POINT('',(-18.42896851583,-20.53616333954,-3.3));
#4357 = ORIENTED_EDGE('',*,*,#989,.T.);
#4358 = ORIENTED_EDGE('',*,*,#4260,.F.);
#4359 = B_SPLINE_SURFACE_WITH_KNOTS('',1,9,(
    (#4360,#4361,#4362,#4363,#4364,#4365,#4366,#4367,#4368,#4369)
    ,(#4370,#4371,#4372,#4373,#4374,#4375,#4376,#4377,#4378,#4379
  )),.UNSPECIFIED.,.F.,.F.,.F.,(2,2),(10,10),(9.,10.),(0.977384381117,
    3.05746634985),.PIECEWISE_BEZIER_KNOTS.);
#4360 = CARTESIAN_POINT('',(-18.42896851583,-20.53616333954,-3.7));
#4361 = CARTESIAN_POINT('',(-18.65778608771,-20.69029814973,-3.7));
#4362 = CARTESIAN_POINT('',(-18.9264322051,-20.78522698112,-3.7));
#4363 = CARTESIAN_POINT('',(-19.21739931315,-20.80918809775,
    -3.700000000001));
#4364 = CARTESIAN_POINT('',(-19.50912862139,-20.7564613796,
    -3.699999999999));
#4365 = CARTESIAN_POINT('',(-19.77850705909,-20.62903365551,
    -3.700000000001));
#4366 = CARTESIAN_POINT('',(-20.00424157602,-20.43700979612,
    -3.699999999999));
#4367 = CARTESIAN_POINT('',(-20.17018359923,-20.19702955852,-3.7));
#4368 = CARTESIAN_POINT('',(-20.26713590349,-19.92939164278,-3.7));
#4369 = CARTESIAN_POINT('',(-20.29313485155,-19.65506946391,-3.7));
#4370 = CARTESIAN_POINT('',(-18.42896851583,-20.53616333954,-3.3));
#4371 = CARTESIAN_POINT('',(-18.65778608771,-20.69029814973,-3.3));
#4372 = CARTESIAN_POINT('',(-18.9264322051,-20.78522698112,-3.3));
#4373 = CARTESIAN_POINT('',(-19.21739931315,-20.80918809775,-3.3));
#4374 = CARTESIAN_POINT('',(-19.50912862139,-20.7564613796,
    -3.299999999999));
#4375 = CARTESIAN_POINT('',(-19.77850705909,-20.62903365551,
    -3.300000000001));
#4376 = CARTESIAN_POINT('',(-20.00424157602,-20.43700979612,-3.3));
#4377 = CARTESIAN_POINT('',(-20.17018359923,-20.19702955852,-3.3));
#4378 = CARTESIAN_POINT('',(-20.26713590349,-19.92939164278,-3.3));
#4379 = CARTESIAN_POINT('',(-20.29313485155,-19.65506946391,-3.3));
#4380 = ADVANCED_FACE('',(#4381),#4404,.T.);
#4381 = FACE_BOUND('',#4382,.T.);
#4382 = EDGE_LOOP('',(#4383,#4396,#4402,#4403));
#4383 = ORIENTED_EDGE('',*,*,#4384,.F.);
#4384 = EDGE_CURVE('',#4385,#4339,#4387,.T.);
#4385 = VERTEX_POINT('',#4386);
#4386 = CARTESIAN_POINT('',(-17.1,-19.54131825247,-3.7));
#4387 = B_SPLINE_CURVE_WITH_KNOTS('',7,(#4388,#4389,#4390,#4391,#4392,
    #4393,#4394,#4395),.UNSPECIFIED.,.F.,.F.,(8,8),(-4.44E-15,
    0.977384381117),.PIECEWISE_BEZIER_KNOTS.);
#4388 = CARTESIAN_POINT('',(-17.1,-19.54131825247,-3.7));
#4389 = CARTESIAN_POINT('',(-17.21428571428,-19.82057093279,-3.7));
#4390 = CARTESIAN_POINT('',(-17.37406096325,-20.0625899224,-3.7));
#4391 = CARTESIAN_POINT('',(-17.56840843643,-20.25848397023,-3.7));
#4392 = CARTESIAN_POINT('',(-17.78423688978,-20.40291209862,-3.7));
#4393 = CARTESIAN_POINT('',(-18.0077341644,-20.49482196564,-3.7));
#4394 = CARTESIAN_POINT('',(-18.2261541769,-20.53721682042,-3.7));
#4395 = CARTESIAN_POINT('',(-18.42896851583,-20.53616333954,-3.7));
#4396 = ORIENTED_EDGE('',*,*,#4397,.F.);
#4397 = EDGE_CURVE('',#1005,#4385,#4398,.T.);
#4398 = LINE('',#4399,#4400);
#4399 = CARTESIAN_POINT('',(-17.1,-19.54131825247,-3.3));
#4400 = VECTOR('',#4401,1.);
#4401 = DIRECTION('',(0.,-2.2E-16,-1.));
#4402 = ORIENTED_EDGE('',*,*,#1004,.T.);
#4403 = ORIENTED_EDGE('',*,*,#4353,.F.);
#4404 = B_SPLINE_SURFACE_WITH_KNOTS('',1,7,(
    (#4405,#4406,#4407,#4408,#4409,#4410,#4411,#4412)
    ,(#4413,#4414,#4415,#4416,#4417,#4418,#4419,#4420
  )),.UNSPECIFIED.,.F.,.F.,.F.,(2,2),(8,8),(9.,10.),(-4.44E-15,
    0.977384381117),.PIECEWISE_BEZIER_KNOTS.);
#4405 = CARTESIAN_POINT('',(-17.1,-19.54131825247,-3.7));
#4406 = CARTESIAN_POINT('',(-17.21428571428,-19.82057093279,-3.7));
#4407 = CARTESIAN_POINT('',(-17.37406096325,-20.0625899224,-3.7));
#4408 = CARTESIAN_POINT('',(-17.56840843643,-20.25848397023,-3.7));
#4409 = CARTESIAN_POINT('',(-17.78423688978,-20.40291209862,-3.7));
#4410 = CARTESIAN_POINT('',(-18.0077341644,-20.49482196564,-3.7));
#4411 = CARTESIAN_POINT('',(-18.2261541769,-20.53721682042,-3.7));
#4412 = CARTESIAN_POINT('',(-18.42896851583,-20.53616333954,-3.7));
#4413 = CARTESIAN_POINT('',(-17.1,-19.54131825247,-3.3));
#4414 = CARTESIAN_POINT('',(-17.21428571428,-19.82057093279,-3.3));
#4415 = CARTESIAN_POINT('',(-17.37406096325,-20.0625899224,-3.3));
#4416 = CARTESIAN_POINT('',(-17.56840843643,-20.25848397023,-3.3));
#4417 = CARTESIAN_POINT('',(-17.78423688978,-20.40291209862,-3.3));
#4418 = CARTESIAN_POINT('',(-18.0077341644,-20.49482196564,-3.3));
#4419 = CARTESIAN_POINT('',(-18.2261541769,-20.53721682042,-3.3));
#4420 = CARTESIAN_POINT('',(-18.42896851583,-20.53616333954,-3.3));
#4421 = ADVANCED_FACE('',(#4422),#4439,.T.);
#4422 = FACE_BOUND('',#4423,.T.);
#4423 = EDGE_LOOP('',(#4424,#4432,#4437,#4438));
#4424 = ORIENTED_EDGE('',*,*,#4425,.F.);
#4425 = EDGE_CURVE('',#4426,#4385,#4428,.T.);
#4426 = VERTEX_POINT('',#4427);
#4427 = CARTESIAN_POINT('',(-17.1,24.808681747526,-3.7));
#4428 = LINE('',#4429,#4430);
#4429 = CARTESIAN_POINT('',(-17.1,24.808681747526,-3.7));
#4430 = VECTOR('',#4431,1.);
#4431 = DIRECTION('',(1.1E-16,-1.,1.4E-16));
#4432 = ORIENTED_EDGE('',*,*,#4433,.T.);
#4433 = EDGE_CURVE('',#4426,#1018,#4434,.T.);
#4434 = B_SPLINE_CURVE_WITH_KNOTS('',1,(#4435,#4436),.UNSPECIFIED.,.F.,
  .F.,(2,2),(9.,10.),.PIECEWISE_BEZIER_KNOTS.);
#4435 = CARTESIAN_POINT('',(-17.1,24.808681747526,-3.7));
#4436 = CARTESIAN_POINT('',(-17.1,24.808681747526,-3.3));
#4437 = ORIENTED_EDGE('',*,*,#1017,.T.);
#4438 = ORIENTED_EDGE('',*,*,#4397,.T.);
#4439 = PLANE('',#4440);
#4440 = AXIS2_PLACEMENT_3D('',#4441,#4442,#4443);
#4441 = CARTESIAN_POINT('',(-17.1,24.808681747526,-3.3));
#4442 = DIRECTION('',(1.,0.,0.));
#4443 = DIRECTION('',(-0.,2.2E-16,1.));
#4444 = ADVANCED_FACE('',(#4445),#4468,.T.);
#4445 = FACE_BOUND('',#4446,.T.);
#4446 = EDGE_LOOP('',(#4447,#4460,#4466,#4467));
#4447 = ORIENTED_EDGE('',*,*,#4448,.F.);
#4448 = EDGE_CURVE('',#4449,#4426,#4451,.T.);
#4449 = VERTEX_POINT('',#4450);
#4450 = CARTESIAN_POINT('',(-18.42896851583,25.803526834592,-3.7));
#4451 = B_SPLINE_CURVE_WITH_KNOTS('',7,(#4452,#4453,#4454,#4455,#4456,
    #4457,#4458,#4459),.UNSPECIFIED.,.F.,.F.,(8,8),(5.305800926063,
    6.28318530718),.PIECEWISE_BEZIER_KNOTS.);
#4452 = CARTESIAN_POINT('',(-18.42896851583,25.803526834592,-3.7));
#4453 = CARTESIAN_POINT('',(-18.2261541769,25.804580315476,-3.7));
#4454 = CARTESIAN_POINT('',(-18.0077341644,25.762185460695,-3.7));
#4455 = CARTESIAN_POINT('',(-17.78423688978,25.670275593678,-3.7));
#4456 = CARTESIAN_POINT('',(-17.56840843643,25.52584746529,-3.7));
#4457 = CARTESIAN_POINT('',(-17.37406096326,25.329953417456,-3.7));
#4458 = CARTESIAN_POINT('',(-17.21428571428,25.087934427845,-3.7));
#4459 = CARTESIAN_POINT('',(-17.1,24.808681747526,-3.7));
#4460 = ORIENTED_EDGE('',*,*,#4461,.F.);
#4461 = EDGE_CURVE('',#1026,#4449,#4462,.T.);
#4462 = LINE('',#4463,#4464);
#4463 = CARTESIAN_POINT('',(-18.42896851585,25.803526834604,-3.3));
#4464 = VECTOR('',#4465,1.);
#4465 = DIRECTION('',(-1.8E-16,5.E-17,-1.));
#4466 = ORIENTED_EDGE('',*,*,#1025,.T.);
#4467 = ORIENTED_EDGE('',*,*,#4433,.F.);
#4468 = B_SPLINE_SURFACE_WITH_KNOTS('',1,7,(
    (#4469,#4470,#4471,#4472,#4473,#4474,#4475,#4476)
    ,(#4477,#4478,#4479,#4480,#4481,#4482,#4483,#4484
  )),.UNSPECIFIED.,.F.,.F.,.F.,(2,2),(8,8),(9.,10.),(5.305800926063,
    6.28318530718),.PIECEWISE_BEZIER_KNOTS.);
#4469 = CARTESIAN_POINT('',(-18.42896851583,25.803526834592,-3.7));
#4470 = CARTESIAN_POINT('',(-18.2261541769,25.804580315476,-3.7));
#4471 = CARTESIAN_POINT('',(-18.0077341644,25.762185460695,-3.7));
#4472 = CARTESIAN_POINT('',(-17.78423688978,25.670275593678,-3.7));
#4473 = CARTESIAN_POINT('',(-17.56840843643,25.52584746529,-3.7));
#4474 = CARTESIAN_POINT('',(-17.37406096326,25.329953417456,-3.7));
#4475 = CARTESIAN_POINT('',(-17.21428571428,25.087934427845,-3.7));
#4476 = CARTESIAN_POINT('',(-17.1,24.808681747526,-3.7));
#4477 = CARTESIAN_POINT('',(-18.42896851583,25.803526834592,-3.3));
#4478 = CARTESIAN_POINT('',(-18.2261541769,25.804580315476,-3.3));
#4479 = CARTESIAN_POINT('',(-18.0077341644,25.762185460695,-3.3));
#4480 = CARTESIAN_POINT('',(-17.78423688978,25.670275593678,-3.3));
#4481 = CARTESIAN_POINT('',(-17.56840843643,25.52584746529,-3.3));
#4482 = CARTESIAN_POINT('',(-17.37406096326,25.329953417456,-3.3));
#4483 = CARTESIAN_POINT('',(-17.21428571428,25.087934427845,-3.3));
#4484 = CARTESIAN_POINT('',(-17.1,24.808681747526,-3.3));
#4485 = ADVANCED_FACE('',(#4486),#4537,.T.);
#4486 = FACE_BOUND('',#4487,.T.);
#4487 = EDGE_LOOP('',(#4488,#4498,#4507,#4513,#4514,#4515,#4523,#4531));
#4488 = ORIENTED_EDGE('',*,*,#4489,.T.);
#4489 = EDGE_CURVE('',#4490,#4492,#4494,.T.);
#4490 = VERTEX_POINT('',#4491);
#4491 = CARTESIAN_POINT('',(-18.42896851583,25.803526834592,-9.2));
#4492 = VERTEX_POINT('',#4493);
#4493 = CARTESIAN_POINT('',(-18.42896851583,25.803526834592,-9.6));
#4494 = LINE('',#4495,#4496);
#4495 = CARTESIAN_POINT('',(-18.42896851585,25.803526834604,-9.2));
#4496 = VECTOR('',#4497,1.);
#4497 = DIRECTION('',(-1.8E-16,5.E-17,-1.));
#4498 = ORIENTED_EDGE('',*,*,#4499,.F.);
#4499 = EDGE_CURVE('',#4500,#4492,#4502,.T.);
#4500 = VERTEX_POINT('',#4501);
#4501 = CARTESIAN_POINT('',(-20.29575616278,24.909514277799,-9.6));
#4502 = CIRCLE('',#4503,1.2);
#4503 = AXIS2_PLACEMENT_3D('',#4504,#4505,#4506);
#4504 = CARTESIAN_POINT('',(-19.1,24.808681747526,-9.6));
#4505 = DIRECTION('',(0.,0.,-1.));
#4506 = DIRECTION('',(1.,1.688427E-11,0.));
#4507 = ORIENTED_EDGE('',*,*,#4508,.T.);
#4508 = EDGE_CURVE('',#4500,#1039,#4509,.T.);
#4509 = LINE('',#4510,#4511);
#4510 = CARTESIAN_POINT('',(-20.29575616278,24.909514277799,-3.3));
#4511 = VECTOR('',#4512,1.);
#4512 = DIRECTION('',(-4.E-17,1.8E-16,1.));
#4513 = ORIENTED_EDGE('',*,*,#1038,.T.);
#4514 = ORIENTED_EDGE('',*,*,#4461,.T.);
#4515 = ORIENTED_EDGE('',*,*,#4516,.T.);
#4516 = EDGE_CURVE('',#4449,#4517,#4519,.T.);
#4517 = VERTEX_POINT('',#4518);
#4518 = CARTESIAN_POINT('',(-18.42896851583,25.803526834592,-5.2));
#4519 = LINE('',#4520,#4521);
#4520 = CARTESIAN_POINT('',(-18.42896851585,25.803526834604,-3.7));
#4521 = VECTOR('',#4522,1.);
#4522 = DIRECTION('',(-2.2E-16,-1.E-17,-1.));
#4523 = ORIENTED_EDGE('',*,*,#4524,.T.);
#4524 = EDGE_CURVE('',#4517,#4525,#4527,.T.);
#4525 = VERTEX_POINT('',#4526);
#4526 = CARTESIAN_POINT('',(-18.42896851583,25.803526834592,-7.7));
#4527 = LINE('',#4528,#4529);
#4528 = CARTESIAN_POINT('',(-18.42896851585,25.803526834604,-5.2));
#4529 = VECTOR('',#4530,1.);
#4530 = DIRECTION('',(-1.8E-16,5.E-17,-1.));
#4531 = ORIENTED_EDGE('',*,*,#4532,.T.);
#4532 = EDGE_CURVE('',#4525,#4490,#4533,.T.);
#4533 = LINE('',#4534,#4535);
#4534 = CARTESIAN_POINT('',(-18.42896851585,25.803526834604,-7.7));
#4535 = VECTOR('',#4536,1.);
#4536 = DIRECTION('',(-1.8E-16,5.E-17,-1.));
#4537 = CYLINDRICAL_SURFACE('',#4538,1.2);
#4538 = AXIS2_PLACEMENT_3D('',#4539,#4540,#4541);
#4539 = CARTESIAN_POINT('',(-19.1,24.808681747526,-3.3));
#4540 = DIRECTION('',(0.,0.,-1.));
#4541 = DIRECTION('',(1.,1.688131E-11,0.));
#4542 = ADVANCED_FACE('',(#4543),#4561,.T.);
#4543 = FACE_BOUND('',#4544,.T.);
#4544 = EDGE_LOOP('',(#4545,#4546,#4547,#4555));
#4545 = ORIENTED_EDGE('',*,*,#1047,.T.);
#4546 = ORIENTED_EDGE('',*,*,#4508,.F.);
#4547 = ORIENTED_EDGE('',*,*,#4548,.F.);
#4548 = EDGE_CURVE('',#4549,#4500,#4551,.T.);
#4549 = VERTEX_POINT('',#4550);
#4550 = CARTESIAN_POINT('',(-20.9577676213,17.058830782289,-9.6));
#4551 = LINE('',#4552,#4553);
#4552 = CARTESIAN_POINT('',(-20.9577676213,17.058830782289,-9.6));
#4553 = VECTOR('',#4554,1.);
#4554 = DIRECTION('',(8.402710857193E-02,0.996463468987,-0.));
#4555 = ORIENTED_EDGE('',*,*,#4556,.T.);
#4556 = EDGE_CURVE('',#4549,#1048,#4557,.T.);
#4557 = LINE('',#4558,#4559);
#4558 = CARTESIAN_POINT('',(-20.9577676213,17.058830782289,-9.2));
#4559 = VECTOR('',#4560,1.);
#4560 = DIRECTION('',(0.,0.,1.));
#4561 = PLANE('',#4562);
#4562 = AXIS2_PLACEMENT_3D('',#4563,#4564,#4565);
#4563 = CARTESIAN_POINT('',(-20.62676189205,20.984172530045,-6.45));
#4564 = DIRECTION('',(-0.996463468987,8.402710857337E-02,-4.6E-16));
#4565 = DIRECTION('',(-8.402710857337E-02,-0.996463468987,
    -3.455035843947E-33));
#4566 = ADVANCED_FACE('',(#4567),#4613,.F.);
#4567 = FACE_BOUND('',#4568,.F.);
#4568 = EDGE_LOOP('',(#4569,#4570,#4577,#4584,#4591,#4598,#4605,#4612));
#4569 = ORIENTED_EDGE('',*,*,#1055,.F.);
#4570 = ORIENTED_EDGE('',*,*,#4571,.F.);
#4571 = EDGE_CURVE('',#4572,#1056,#4574,.T.);
#4572 = VERTEX_POINT('',#4573);
#4573 = CARTESIAN_POINT('',(-22.11106795353,15.304439171722,-3.7));
#4574 = B_SPLINE_CURVE_WITH_KNOTS('',1,(#4575,#4576),.UNSPECIFIED.,.F.,
  .F.,(2,2),(9.,10.),.PIECEWISE_BEZIER_KNOTS.);
#4575 = CARTESIAN_POINT('',(-22.11106795353,15.304439171722,-3.7));
#4576 = CARTESIAN_POINT('',(-22.11106795353,15.304439171722,-3.3));
#4577 = ORIENTED_EDGE('',*,*,#4578,.F.);
#4578 = EDGE_CURVE('',#4579,#4572,#4581,.T.);
#4579 = VERTEX_POINT('',#4580);
#4580 = CARTESIAN_POINT('',(-22.11106795353,15.304439171718,
    -5.200000000001));
#4581 = B_SPLINE_CURVE_WITH_KNOTS('',1,(#4582,#4583),.UNSPECIFIED.,.F.,
  .F.,(2,2),(8.,9.),.PIECEWISE_BEZIER_KNOTS.);
#4582 = CARTESIAN_POINT('',(-22.11106795353,15.304439171718,
    -5.200000000001));
#4583 = CARTESIAN_POINT('',(-22.11106795353,15.304439171722,-3.7));
#4584 = ORIENTED_EDGE('',*,*,#4585,.F.);
#4585 = EDGE_CURVE('',#4586,#4579,#4588,.T.);
#4586 = VERTEX_POINT('',#4587);
#4587 = CARTESIAN_POINT('',(-22.11106795353,15.304439171718,
    -7.699999999999));
#4588 = B_SPLINE_CURVE_WITH_KNOTS('',1,(#4589,#4590),.UNSPECIFIED.,.F.,
  .F.,(2,2),(7.,8.),.PIECEWISE_BEZIER_KNOTS.);
#4589 = CARTESIAN_POINT('',(-22.11106795353,15.304439171718,
    -7.699999999999));
#4590 = CARTESIAN_POINT('',(-22.11106795353,15.304439171718,
    -5.200000000001));
#4591 = ORIENTED_EDGE('',*,*,#4592,.F.);
#4592 = EDGE_CURVE('',#4593,#4586,#4595,.T.);
#4593 = VERTEX_POINT('',#4594);
#4594 = CARTESIAN_POINT('',(-22.11106795353,15.304439171722,-9.2));
#4595 = B_SPLINE_CURVE_WITH_KNOTS('',1,(#4596,#4597),.UNSPECIFIED.,.F.,
  .F.,(2,2),(6.,7.),.PIECEWISE_BEZIER_KNOTS.);
#4596 = CARTESIAN_POINT('',(-22.11106795353,15.304439171722,-9.2));
#4597 = CARTESIAN_POINT('',(-22.11106795353,15.304439171718,
    -7.699999999999));
#4598 = ORIENTED_EDGE('',*,*,#4599,.F.);
#4599 = EDGE_CURVE('',#4600,#4593,#4602,.T.);
#4600 = VERTEX_POINT('',#4601);
#4601 = CARTESIAN_POINT('',(-22.11106795353,15.304439171722,-9.6));
#4602 = B_SPLINE_CURVE_WITH_KNOTS('',1,(#4603,#4604),.UNSPECIFIED.,.F.,
  .F.,(2,2),(5.,6.),.PIECEWISE_BEZIER_KNOTS.);
#4603 = CARTESIAN_POINT('',(-22.11106795353,15.304439171722,-9.6));
#4604 = CARTESIAN_POINT('',(-22.11106795353,15.304439171722,-9.2));
#4605 = ORIENTED_EDGE('',*,*,#4606,.T.);
#4606 = EDGE_CURVE('',#4600,#4549,#4607,.T.);
#4607 = CIRCLE('',#4608,2.200024315854);
#4608 = AXIS2_PLACEMENT_3D('',#4609,#4610,#4611);
#4609 = CARTESIAN_POINT('',(-23.15001148293,17.24369246437,-9.6));
#4610 = DIRECTION('',(-0.,0.,1.));
#4611 = DIRECTION('',(1.,-9.20789E-12,0.));
#4612 = ORIENTED_EDGE('',*,*,#4556,.T.);
#4613 = CYLINDRICAL_SURFACE('',#4614,2.200024315854);
#4614 = AXIS2_PLACEMENT_3D('',#4615,#4616,#4617);
#4615 = CARTESIAN_POINT('',(-23.15001148293,17.24369246437,-3.3));
#4616 = DIRECTION('',(0.,0.,1.));
#4617 = DIRECTION('',(1.,-9.20789E-12,0.));
#4618 = ADVANCED_FACE('',(#4619),#4644,.T.);
#4619 = FACE_BOUND('',#4620,.T.);
#4620 = EDGE_LOOP('',(#4621,#4636,#4642,#4643));
#4621 = ORIENTED_EDGE('',*,*,#4622,.F.);
#4622 = EDGE_CURVE('',#4623,#4572,#4625,.T.);
#4623 = VERTEX_POINT('',#4624);
#4624 = CARTESIAN_POINT('',(-23.44999999999,17.243671030683,-3.7));
#4625 = B_SPLINE_CURVE_WITH_KNOTS('',9,(#4626,#4627,#4628,#4629,#4630,
    #4631,#4632,#4633,#4634,#4635),.UNSPECIFIED.,.F.,.F.,(10,10),(
    3.14159265359,5.204221329804),.PIECEWISE_BEZIER_KNOTS.);
#4626 = CARTESIAN_POINT('',(-23.44999999999,17.243671030683,-3.7));
#4627 = CARTESIAN_POINT('',(-23.6611111111,17.174916741475,-3.7));
#4628 = CARTESIAN_POINT('',(-23.85449540115,16.997301494359,
    -3.699999999999));
#4629 = CARTESIAN_POINT('',(-23.98203564727,16.716047866513,
    -3.700000000002));
#4630 = CARTESIAN_POINT('',(-23.99742338842,16.358440116007,
    -3.699999999998));
#4631 = CARTESIAN_POINT('',(-23.86746572167,15.973044412226,
    -3.700000000002));
#4632 = CARTESIAN_POINT('',(-23.58326789957,15.622058999832,
    -3.699999999999));
#4633 = CARTESIAN_POINT('',(-23.16476131848,15.366404840001,
    -3.700000000001));
#4634 = CARTESIAN_POINT('',(-22.65519847984,15.252423629417,-3.7));
#4635 = CARTESIAN_POINT('',(-22.11106795353,15.304439171722,-3.7));
#4636 = ORIENTED_EDGE('',*,*,#4637,.F.);
#4637 = EDGE_CURVE('',#1065,#4623,#4638,.T.);
#4638 = LINE('',#4639,#4640);
#4639 = CARTESIAN_POINT('',(-23.44999999999,17.243671030683,-3.3));
#4640 = VECTOR('',#4641,1.);
#4641 = DIRECTION('',(-0.,-2.2E-16,-1.));
#4642 = ORIENTED_EDGE('',*,*,#1064,.T.);
#4643 = ORIENTED_EDGE('',*,*,#4571,.F.);
#4644 = B_SPLINE_SURFACE_WITH_KNOTS('',1,9,(
    (#4645,#4646,#4647,#4648,#4649,#4650,#4651,#4652,#4653,#4654)
    ,(#4655,#4656,#4657,#4658,#4659,#4660,#4661,#4662,#4663,#4664
  )),.UNSPECIFIED.,.F.,.F.,.F.,(2,2),(10,10),(9.,10.),(3.14159265359,
    5.204221329804),.PIECEWISE_BEZIER_KNOTS.);
#4645 = CARTESIAN_POINT('',(-23.44999999999,17.243671030683,-3.7));
#4646 = CARTESIAN_POINT('',(-23.6611111111,17.174916741475,-3.7));
#4647 = CARTESIAN_POINT('',(-23.85449540115,16.997301494359,
    -3.699999999999));
#4648 = CARTESIAN_POINT('',(-23.98203564727,16.716047866513,
    -3.700000000002));
#4649 = CARTESIAN_POINT('',(-23.99742338842,16.358440116007,
    -3.699999999998));
#4650 = CARTESIAN_POINT('',(-23.86746572167,15.973044412226,
    -3.700000000002));
#4651 = CARTESIAN_POINT('',(-23.58326789957,15.622058999832,
    -3.699999999999));
#4652 = CARTESIAN_POINT('',(-23.16476131848,15.366404840001,
    -3.700000000001));
#4653 = CARTESIAN_POINT('',(-22.65519847984,15.252423629417,-3.7));
#4654 = CARTESIAN_POINT('',(-22.11106795353,15.304439171722,-3.7));
#4655 = CARTESIAN_POINT('',(-23.44999999999,17.243671030683,-3.3));
#4656 = CARTESIAN_POINT('',(-23.6611111111,17.174916741475,-3.3));
#4657 = CARTESIAN_POINT('',(-23.85449540115,16.997301494359,
    -3.299999999999));
#4658 = CARTESIAN_POINT('',(-23.98203564727,16.716047866513,
    -3.300000000002));
#4659 = CARTESIAN_POINT('',(-23.99742338842,16.358440116007,
    -3.299999999998));
#4660 = CARTESIAN_POINT('',(-23.86746572167,15.973044412226,
    -3.300000000002));
#4661 = CARTESIAN_POINT('',(-23.58326789957,15.622058999832,
    -3.299999999998));
#4662 = CARTESIAN_POINT('',(-23.16476131848,15.366404840001,
    -3.300000000001));
#4663 = CARTESIAN_POINT('',(-22.65519847984,15.252423629417,-3.3));
#4664 = CARTESIAN_POINT('',(-22.11106795353,15.304439171722,-3.3));
#4665 = ADVANCED_FACE('',(#4666),#4685,.F.);
#4666 = FACE_BOUND('',#4667,.F.);
#4667 = EDGE_LOOP('',(#4668,#4677,#4678,#4679));
#4668 = ORIENTED_EDGE('',*,*,#4669,.T.);
#4669 = EDGE_CURVE('',#4670,#4623,#4672,.T.);
#4670 = VERTEX_POINT('',#4671);
#4671 = CARTESIAN_POINT('',(-23.395,17.416803927614,-3.7));
#4672 = CIRCLE('',#4673,0.3);
#4673 = AXIS2_PLACEMENT_3D('',#4674,#4675,#4676);
#4674 = CARTESIAN_POINT('',(-23.14999999999,17.243671030683,-3.7));
#4675 = DIRECTION('',(0.,-0.,1.));
#4676 = DIRECTION('',(1.,9.3555E-13,0.));
#4677 = ORIENTED_EDGE('',*,*,#4637,.F.);
#4678 = ORIENTED_EDGE('',*,*,#1079,.F.);
#4679 = ORIENTED_EDGE('',*,*,#4680,.T.);
#4680 = EDGE_CURVE('',#1080,#4670,#4681,.T.);
#4681 = LINE('',#4682,#4683);
#4682 = CARTESIAN_POINT('',(-23.395,17.416803927614,-3.3));
#4683 = VECTOR('',#4684,1.);
#4684 = DIRECTION('',(0.,0.,-1.));
#4685 = CYLINDRICAL_SURFACE('',#4686,0.3);
#4686 = AXIS2_PLACEMENT_3D('',#4687,#4688,#4689);
#4687 = CARTESIAN_POINT('',(-23.14999999999,17.243671030683,-3.3));
#4688 = DIRECTION('',(0.,0.,1.));
#4689 = DIRECTION('',(1.,9.3555E-13,-0.));
#4690 = ADVANCED_FACE('',(#4691),#4710,.T.);
#4691 = FACE_BOUND('',#4692,.T.);
#4692 = EDGE_LOOP('',(#4693,#4702,#4708,#4709));
#4693 = ORIENTED_EDGE('',*,*,#4694,.F.);
#4694 = EDGE_CURVE('',#4695,#4670,#4697,.T.);
#4695 = VERTEX_POINT('',#4696);
#4696 = CARTESIAN_POINT('',(-22.35,20.706328969317,-3.7));
#4697 = CIRCLE('',#4698,5.7);
#4698 = AXIS2_PLACEMENT_3D('',#4699,#4700,#4701);
#4699 = CARTESIAN_POINT('',(-28.05,20.706328969317,-3.7));
#4700 = DIRECTION('',(0.,-0.,-1.));
#4701 = DIRECTION('',(1.,-4.862E-14,0.));
#4702 = ORIENTED_EDGE('',*,*,#4703,.T.);
#4703 = EDGE_CURVE('',#4695,#1089,#4704,.T.);
#4704 = LINE('',#4705,#4706);
#4705 = CARTESIAN_POINT('',(-22.35,20.706328969317,-3.3));
#4706 = VECTOR('',#4707,1.);
#4707 = DIRECTION('',(0.,2.2E-16,1.));
#4708 = ORIENTED_EDGE('',*,*,#1088,.T.);
#4709 = ORIENTED_EDGE('',*,*,#4680,.T.);
#4710 = CYLINDRICAL_SURFACE('',#4711,5.7);
#4711 = AXIS2_PLACEMENT_3D('',#4712,#4713,#4714);
#4712 = CARTESIAN_POINT('',(-28.05,20.706328969317,-3.3));
#4713 = DIRECTION('',(0.,0.,-1.));
#4714 = DIRECTION('',(1.,-4.862E-14,0.));
#4715 = ADVANCED_FACE('',(#4716),#4734,.T.);
#4716 = FACE_BOUND('',#4717,.T.);
#4717 = EDGE_LOOP('',(#4718,#4726,#4732,#4733));
#4718 = ORIENTED_EDGE('',*,*,#4719,.F.);
#4719 = EDGE_CURVE('',#4720,#4695,#4722,.T.);
#4720 = VERTEX_POINT('',#4721);
#4721 = CARTESIAN_POINT('',(-22.35,38.902747313698,-3.7));
#4722 = LINE('',#4723,#4724);
#4723 = CARTESIAN_POINT('',(-22.35,38.902747313698,-3.7));
#4724 = VECTOR('',#4725,1.);
#4725 = DIRECTION('',(-5.146E-14,-1.,-5.146E-14));
#4726 = ORIENTED_EDGE('',*,*,#4727,.T.);
#4727 = EDGE_CURVE('',#4720,#1098,#4728,.T.);
#4728 = LINE('',#4729,#4730);
#4729 = CARTESIAN_POINT('',(-22.35,38.902747313698,-3.3));
#4730 = VECTOR('',#4731,1.);
#4731 = DIRECTION('',(0.,0.,1.));
#4732 = ORIENTED_EDGE('',*,*,#1097,.T.);
#4733 = ORIENTED_EDGE('',*,*,#4703,.F.);
#4734 = PLANE('',#4735);
#4735 = AXIS2_PLACEMENT_3D('',#4736,#4737,#4738);
#4736 = CARTESIAN_POINT('',(-22.35,38.902747313698,-3.3));
#4737 = DIRECTION('',(1.,0.,-0.));
#4738 = DIRECTION('',(0.,2.2E-16,1.));
#4739 = ADVANCED_FACE('',(#4740),#4759,.F.);
#4740 = FACE_BOUND('',#4741,.F.);
#4741 = EDGE_LOOP('',(#4742,#4751,#4752,#4753));
#4742 = ORIENTED_EDGE('',*,*,#4743,.T.);
#4743 = EDGE_CURVE('',#4744,#4720,#4746,.T.);
#4744 = VERTEX_POINT('',#4745);
#4745 = CARTESIAN_POINT('',(-22.23157894736,39.049385542285,-3.7));
#4746 = CIRCLE('',#4747,0.15);
#4747 = AXIS2_PLACEMENT_3D('',#4748,#4749,#4750);
#4748 = CARTESIAN_POINT('',(-22.2,38.902747313698,-3.7));
#4749 = DIRECTION('',(0.,-0.,1.));
#4750 = DIRECTION('',(1.,1.84741E-12,0.));
#4751 = ORIENTED_EDGE('',*,*,#4727,.T.);
#4752 = ORIENTED_EDGE('',*,*,#1105,.F.);
#4753 = ORIENTED_EDGE('',*,*,#4754,.T.);
#4754 = EDGE_CURVE('',#1106,#4744,#4755,.T.);
#4755 = LINE('',#4756,#4757);
#4756 = CARTESIAN_POINT('',(-22.23157894736,39.049385542285,-3.3));
#4757 = VECTOR('',#4758,1.);
#4758 = DIRECTION('',(0.,0.,-1.));
#4759 = CYLINDRICAL_SURFACE('',#4760,0.15);
#4760 = AXIS2_PLACEMENT_3D('',#4761,#4762,#4763);
#4761 = CARTESIAN_POINT('',(-22.2,38.902747313698,-3.3));
#4762 = DIRECTION('',(0.,0.,1.));
#4763 = DIRECTION('',(1.,1.84741E-12,-0.));
#4764 = ADVANCED_FACE('',(#4765),#4784,.T.);
#4765 = FACE_BOUND('',#4766,.T.);
#4766 = EDGE_LOOP('',(#4767,#4776,#4782,#4783));
#4767 = ORIENTED_EDGE('',*,*,#4768,.F.);
#4768 = EDGE_CURVE('',#4769,#4744,#4771,.T.);
#4769 = VERTEX_POINT('',#4770);
#4770 = CARTESIAN_POINT('',(-17.85085417468,44.377631578947,-3.7));
#4771 = CIRCLE('',#4772,5.55);
#4772 = AXIS2_PLACEMENT_3D('',#4773,#4774,#4775);
#4773 = CARTESIAN_POINT('',(-23.4,44.475,-3.7));
#4774 = DIRECTION('',(0.,-0.,-1.));
#4775 = DIRECTION('',(1.,-5.121E-14,0.));
#4776 = ORIENTED_EDGE('',*,*,#4777,.T.);
#4777 = EDGE_CURVE('',#4769,#1115,#4778,.T.);
#4778 = LINE('',#4779,#4780);
#4779 = CARTESIAN_POINT('',(-17.85085417468,44.377631578947,-3.3));
#4780 = VECTOR('',#4781,1.);
#4781 = DIRECTION('',(0.,0.,1.));
#4782 = ORIENTED_EDGE('',*,*,#1114,.T.);
#4783 = ORIENTED_EDGE('',*,*,#4754,.T.);
#4784 = CYLINDRICAL_SURFACE('',#4785,5.55);
#4785 = AXIS2_PLACEMENT_3D('',#4786,#4787,#4788);
#4786 = CARTESIAN_POINT('',(-23.4,44.475,-3.3));
#4787 = DIRECTION('',(0.,0.,-1.));
#4788 = DIRECTION('',(1.,-5.121E-14,0.));
#4789 = ADVANCED_FACE('',(#4790),#4809,.F.);
#4790 = FACE_BOUND('',#4791,.F.);
#4791 = EDGE_LOOP('',(#4792,#4801,#4802,#4803));
#4792 = ORIENTED_EDGE('',*,*,#4793,.T.);
#4793 = EDGE_CURVE('',#4794,#4769,#4796,.T.);
#4794 = VERTEX_POINT('',#4795);
#4795 = CARTESIAN_POINT('',(-17.70087726049,44.525,-3.7));
#4796 = CIRCLE('',#4797,0.15);
#4797 = AXIS2_PLACEMENT_3D('',#4798,#4799,#4800);
#4798 = CARTESIAN_POINT('',(-17.70087726049,44.375,-3.7));
#4799 = DIRECTION('',(0.,-0.,1.));
#4800 = DIRECTION('',(1.,1.89478E-12,0.));
#4801 = ORIENTED_EDGE('',*,*,#4777,.T.);
#4802 = ORIENTED_EDGE('',*,*,#1123,.F.);
#4803 = ORIENTED_EDGE('',*,*,#4804,.F.);
#4804 = EDGE_CURVE('',#4794,#1124,#4805,.T.);
#4805 = LINE('',#4806,#4807);
#4806 = CARTESIAN_POINT('',(-17.70087726049,44.525,-3.3));
#4807 = VECTOR('',#4808,1.);
#4808 = DIRECTION('',(2.2E-16,-0.,1.));
#4809 = CYLINDRICAL_SURFACE('',#4810,0.15);
#4810 = AXIS2_PLACEMENT_3D('',#4811,#4812,#4813);
#4811 = CARTESIAN_POINT('',(-17.70087726049,44.375,-3.3));
#4812 = DIRECTION('',(0.,0.,1.));
#4813 = DIRECTION('',(1.,1.89478E-12,-0.));
#4814 = ADVANCED_FACE('',(#4815),#4826,.T.);
#4815 = FACE_BOUND('',#4816,.T.);
#4816 = EDGE_LOOP('',(#4817,#4823,#4824,#4825));
#4817 = ORIENTED_EDGE('',*,*,#4818,.F.);
#4818 = EDGE_CURVE('',#1237,#4794,#4819,.T.);
#4819 = LINE('',#4820,#4821);
#4820 = CARTESIAN_POINT('',(-17.70087726049,44.525,-3.7));
#4821 = VECTOR('',#4822,1.);
#4822 = DIRECTION('',(-1.,5.299E-14,-5.299E-14));
#4823 = ORIENTED_EDGE('',*,*,#1245,.T.);
#4824 = ORIENTED_EDGE('',*,*,#1132,.T.);
#4825 = ORIENTED_EDGE('',*,*,#4804,.F.);
#4826 = PLANE('',#4827);
#4827 = AXIS2_PLACEMENT_3D('',#4828,#4829,#4830);
#4828 = CARTESIAN_POINT('',(-17.70087726049,44.525,-3.3));
#4829 = DIRECTION('',(-0.,-1.,-0.));
#4830 = DIRECTION('',(2.2E-16,-0.,1.));
#4831 = ADVANCED_FACE('',(#4832),#4851,.T.);
#4832 = FACE_BOUND('',#4833,.T.);
#4833 = EDGE_LOOP('',(#4834,#4835,#4843,#4850));
#4834 = ORIENTED_EDGE('',*,*,#1155,.F.);
#4835 = ORIENTED_EDGE('',*,*,#4836,.T.);
#4836 = EDGE_CURVE('',#1148,#4837,#4839,.T.);
#4837 = VERTEX_POINT('',#4838);
#4838 = CARTESIAN_POINT('',(14.70087726049,47.225,-7.7));
#4839 = LINE('',#4840,#4841);
#4840 = CARTESIAN_POINT('',(14.70087726049,47.225,-5.2));
#4841 = VECTOR('',#4842,1.);
#4842 = DIRECTION('',(-3.E-17,4.E-17,-1.));
#4843 = ORIENTED_EDGE('',*,*,#4844,.T.);
#4844 = EDGE_CURVE('',#4837,#1173,#4845,.T.);
#4845 = CIRCLE('',#4846,2.71);
#4846 = AXIS2_PLACEMENT_3D('',#4847,#4848,#4849);
#4847 = CARTESIAN_POINT('',(14.70087726049,44.515,-7.7));
#4848 = DIRECTION('',(0.,0.,1.));
#4849 = DIRECTION('',(1.,0.,-0.));
#4850 = ORIENTED_EDGE('',*,*,#1172,.F.);
#4851 = CYLINDRICAL_SURFACE('',#4852,2.71);
#4852 = AXIS2_PLACEMENT_3D('',#4853,#4854,#4855);
#4853 = CARTESIAN_POINT('',(14.70087726049,44.515,-5.2));
#4854 = DIRECTION('',(0.,0.,1.));
#4855 = DIRECTION('',(1.,0.,-0.));
#4856 = ADVANCED_FACE('',(#4857),#4873,.T.);
#4857 = FACE_BOUND('',#4858,.T.);
#4858 = EDGE_LOOP('',(#4859,#4860,#4867,#4872));
#4859 = ORIENTED_EDGE('',*,*,#1179,.F.);
#4860 = ORIENTED_EDGE('',*,*,#4861,.T.);
#4861 = EDGE_CURVE('',#1173,#4862,#4864,.T.);
#4862 = VERTEX_POINT('',#4863);
#4863 = CARTESIAN_POINT('',(14.148458588839,43.922603501688,-9.6));
#4864 = B_SPLINE_CURVE_WITH_KNOTS('',1,(#4865,#4866),.UNSPECIFIED.,.F.,
  .F.,(2,2),(3.,4.),.PIECEWISE_BEZIER_KNOTS.);
#4865 = CARTESIAN_POINT('',(12.852661704721,42.533031468612,-7.7));
#4866 = CARTESIAN_POINT('',(14.148458588839,43.922603501688,-9.6));
#4867 = ORIENTED_EDGE('',*,*,#4868,.T.);
#4868 = EDGE_CURVE('',#4862,#1201,#4869,.T.);
#4869 = B_SPLINE_CURVE_WITH_KNOTS('',1,(#4870,#4871),.UNSPECIFIED.,.F.,
  .F.,(2,2),(0.,1.77566543719),.PIECEWISE_BEZIER_KNOTS.);
#4870 = CARTESIAN_POINT('',(14.148458588839,43.922603501688,-9.6));
#4871 = CARTESIAN_POINT('',(14.151301195047,41.322030552429,-9.6));
#4872 = ORIENTED_EDGE('',*,*,#1211,.T.);
#4873 = B_SPLINE_SURFACE_WITH_KNOTS('',1,1,(
    (#4874,#4875)
    ,(#4876,#4877
    )),.UNSPECIFIED.,.F.,.F.,.F.,(2,2),(2,2),(3.,4.),(0.,1.77566543719),
  .PIECEWISE_BEZIER_KNOTS.);
#4874 = CARTESIAN_POINT('',(12.852661704721,42.533031468612,-7.7));
#4875 = CARTESIAN_POINT('',(14.151301195047,41.322030552429,-8.6));
#4876 = CARTESIAN_POINT('',(14.148458588839,43.922603501688,-9.6));
#4877 = CARTESIAN_POINT('',(14.151301195047,41.322030552429,-9.6));
#4878 = ADVANCED_FACE('',(#4879),#5691,.T.);
#4879 = FACE_BOUND('',#4880,.T.);
#4880 = EDGE_LOOP('',(#4881,#4892,#4897,#4898,#4899,#4900,#4901,#4910,
    #4918,#4927,#4936,#4945,#4953,#4962,#4971,#4980,#4988,#4996,#5004,
    #5013,#5022,#5031,#5039,#5048,#5057,#5066,#5074,#5083,#5090,#5099,
    #5107,#5116,#5123,#5132,#5140,#5149,#5158,#5167,#5175,#5184,#5193,
    #5206,#5207,#5208,#5209,#5222,#5230,#5243,#5256,#5257,#5270,#5285,
    #5294,#5303,#5311,#5320,#5329,#5338,#5347,#5353,#5354,#5355,#5356,
    #5357,#5358,#5359,#5360,#5361,#5362,#5363,#5369,#5370,#5376,#5377,
    #5383,#5384,#5385,#5386,#5387,#5388,#5389,#5390,#5391,#5392,#5400,
    #5409,#5418,#5427,#5436,#5444,#5452,#5460,#5469,#5478,#5487,#5496,
    #5504,#5513,#5522,#5531,#5540,#5548,#5557,#5566,#5579,#5580,#5581,
    #5582,#5595,#5603,#5614,#5615,#5616,#5617,#5632,#5641,#5650,#5658,
    #5667,#5676,#5685));
#4881 = ORIENTED_EDGE('',*,*,#4882,.F.);
#4882 = EDGE_CURVE('',#4883,#4885,#4887,.T.);
#4883 = VERTEX_POINT('',#4884);
#4884 = CARTESIAN_POINT('',(-7.845856198746,43.922603501689,-9.6));
#4885 = VERTEX_POINT('',#4886);
#4886 = CARTESIAN_POINT('',(-8.398274870397,45.325,-9.6));
#4887 = CIRCLE('',#4888,0.81);
#4888 = AXIS2_PLACEMENT_3D('',#4889,#4890,#4891);
#4889 = CARTESIAN_POINT('',(-8.398274870396,44.515,-9.6));
#4890 = DIRECTION('',(0.,-0.,1.));
#4891 = DIRECTION('',(1.,2.4562E-13,0.));
#4892 = ORIENTED_EDGE('',*,*,#4893,.F.);
#4893 = EDGE_CURVE('',#1930,#4883,#4894,.T.);
#4894 = B_SPLINE_CURVE_WITH_KNOTS('',1,(#4895,#4896),.UNSPECIFIED.,.F.,
  .F.,(2,2),(0.,1.77566543719),.PIECEWISE_BEZIER_KNOTS.);
#4895 = CARTESIAN_POINT('',(-7.848698804953,41.322030552429,-9.6));
#4896 = CARTESIAN_POINT('',(-7.845856198746,43.922603501688,-9.6));
#4897 = ORIENTED_EDGE('',*,*,#1929,.F.);
#4898 = ORIENTED_EDGE('',*,*,#1907,.F.);
#4899 = ORIENTED_EDGE('',*,*,#1200,.F.);
#4900 = ORIENTED_EDGE('',*,*,#4868,.F.);
#4901 = ORIENTED_EDGE('',*,*,#4902,.F.);
#4902 = EDGE_CURVE('',#4903,#4862,#4905,.T.);
#4903 = VERTEX_POINT('',#4904);
#4904 = CARTESIAN_POINT('',(14.70087726049,45.325,-9.6));
#4905 = CIRCLE('',#4906,0.81);
#4906 = AXIS2_PLACEMENT_3D('',#4907,#4908,#4909);
#4907 = CARTESIAN_POINT('',(14.70087726049,44.515,-9.6));
#4908 = DIRECTION('',(0.,0.,1.));
#4909 = DIRECTION('',(1.,0.,-0.));
#4910 = ORIENTED_EDGE('',*,*,#4911,.F.);
#4911 = EDGE_CURVE('',#4912,#4903,#4914,.T.);
#4912 = VERTEX_POINT('',#4913);
#4913 = CARTESIAN_POINT('',(17.70087726049,45.325,-9.6));
#4914 = LINE('',#4915,#4916);
#4915 = CARTESIAN_POINT('',(14.70087726049,45.325,-9.6));
#4916 = VECTOR('',#4917,1.);
#4917 = DIRECTION('',(-1.,4.E-16,4.E-16));
#4918 = ORIENTED_EDGE('',*,*,#4919,.F.);
#4919 = EDGE_CURVE('',#4920,#4912,#4922,.T.);
#4920 = VERTEX_POINT('',#4921);
#4921 = CARTESIAN_POINT('',(18.650731050408,44.391666666667,-9.6));
#4922 = CIRCLE('',#4923,0.95);
#4923 = AXIS2_PLACEMENT_3D('',#4924,#4925,#4926);
#4924 = CARTESIAN_POINT('',(17.70087726049,44.375,-9.6));
#4925 = DIRECTION('',(0.,-0.,1.));
#4926 = DIRECTION('',(1.,7.48E-15,0.));
#4927 = ORIENTED_EDGE('',*,*,#4928,.F.);
#4928 = EDGE_CURVE('',#4929,#4920,#4931,.T.);
#4929 = VERTEX_POINT('',#4930);
#4930 = CARTESIAN_POINT('',(23.025,39.739825768781,-9.6));
#4931 = CIRCLE('',#4932,4.75);
#4932 = AXIS2_PLACEMENT_3D('',#4933,#4934,#4935);
#4933 = CARTESIAN_POINT('',(23.4,44.475,-9.6));
#4934 = DIRECTION('',(0.,-0.,-1.));
#4935 = DIRECTION('',(1.,-1.5E-15,0.));
#4936 = ORIENTED_EDGE('',*,*,#4937,.F.);
#4937 = EDGE_CURVE('',#4938,#4929,#4940,.T.);
#4938 = VERTEX_POINT('',#4939);
#4939 = CARTESIAN_POINT('',(23.9,38.792790922537,-9.6));
#4940 = CIRCLE('',#4941,0.95);
#4941 = AXIS2_PLACEMENT_3D('',#4942,#4943,#4944);
#4942 = CARTESIAN_POINT('',(22.95,38.792790922537,-9.6));
#4943 = DIRECTION('',(0.,-0.,1.));
#4944 = DIRECTION('',(1.,7.48E-15,0.));
#4945 = ORIENTED_EDGE('',*,*,#4946,.F.);
#4946 = EDGE_CURVE('',#4947,#4938,#4949,.T.);
#4947 = VERTEX_POINT('',#4948);
#4948 = CARTESIAN_POINT('',(23.9,13.888942890051,-9.6));
#4949 = LINE('',#4950,#4951);
#4950 = CARTESIAN_POINT('',(23.9,38.792790922537,-9.6));
#4951 = VECTOR('',#4952,1.);
#4952 = DIRECTION('',(4.1E-16,1.,4.1E-16));
#4953 = ORIENTED_EDGE('',*,*,#4954,.F.);
#4954 = EDGE_CURVE('',#4955,#4947,#4957,.T.);
#4955 = VERTEX_POINT('',#4956);
#4956 = CARTESIAN_POINT('',(24.185833333333,12.239862548702,-9.6));
#4957 = CIRCLE('',#4958,4.9);
#4958 = AXIS2_PLACEMENT_3D('',#4959,#4960,#4961);
#4959 = CARTESIAN_POINT('',(28.8,13.888942890051,-9.6));
#4960 = DIRECTION('',(0.,-0.,-1.));
#4961 = DIRECTION('',(1.,-1.09E-15,0.));
#4962 = ORIENTED_EDGE('',*,*,#4963,.F.);
#4963 = EDGE_CURVE('',#4964,#4955,#4966,.T.);
#4964 = VERTEX_POINT('',#4965);
#4965 = CARTESIAN_POINT('',(24.185833333333,11.499459130138,-9.6));
#4966 = CIRCLE('',#4967,1.1);
#4967 = AXIS2_PLACEMENT_3D('',#4968,#4969,#4970);
#4968 = CARTESIAN_POINT('',(23.15,11.86966083942,-9.6));
#4969 = DIRECTION('',(0.,-0.,1.));
#4970 = DIRECTION('',(1.,3.23E-15,0.));
#4971 = ORIENTED_EDGE('',*,*,#4972,.F.);
#4972 = EDGE_CURVE('',#4973,#4964,#4975,.T.);
#4973 = VERTEX_POINT('',#4974);
#4974 = CARTESIAN_POINT('',(23.9,9.850378788789,-9.6));
#4975 = CIRCLE('',#4976,4.9);
#4976 = AXIS2_PLACEMENT_3D('',#4977,#4978,#4979);
#4977 = CARTESIAN_POINT('',(28.8,9.850378788789,-9.6));
#4978 = DIRECTION('',(0.,-0.,-1.));
#4979 = DIRECTION('',(1.,-1.09E-15,0.));
#4980 = ORIENTED_EDGE('',*,*,#4981,.F.);
#4981 = EDGE_CURVE('',#4982,#4973,#4984,.T.);
#4982 = VERTEX_POINT('',#4983);
#4983 = CARTESIAN_POINT('',(23.9,-12.,-9.6));
#4984 = LINE('',#4985,#4986);
#4985 = CARTESIAN_POINT('',(23.9,9.850378788789,-9.6));
#4986 = VECTOR('',#4987,1.);
#4987 = DIRECTION('',(3.6E-16,1.,3.6E-16));
#4988 = ORIENTED_EDGE('',*,*,#4989,.T.);
#4989 = EDGE_CURVE('',#4982,#4990,#4992,.T.);
#4990 = VERTEX_POINT('',#4991);
#4991 = CARTESIAN_POINT('',(23.1,-12.,-9.6));
#4992 = LINE('',#4993,#4994);
#4993 = CARTESIAN_POINT('',(26.132759196389,-12.,-9.6));
#4994 = VECTOR('',#4995,1.);
#4995 = DIRECTION('',(-1.,2.2E-16,-2.8E-16));
#4996 = ORIENTED_EDGE('',*,*,#4997,.T.);
#4997 = EDGE_CURVE('',#4990,#4998,#5000,.T.);
#4998 = VERTEX_POINT('',#4999);
#4999 = CARTESIAN_POINT('',(23.1,9.850378788789,-9.6));
#5000 = LINE('',#5001,#5002);
#5001 = CARTESIAN_POINT('',(23.1,9.850378788789,-9.6));
#5002 = VECTOR('',#5003,1.);
#5003 = DIRECTION('',(7.5E-16,1.,0.));
#5004 = ORIENTED_EDGE('',*,*,#5005,.T.);
#5005 = EDGE_CURVE('',#4998,#5006,#5008,.T.);
#5006 = VERTEX_POINT('',#5007);
#5007 = CARTESIAN_POINT('',(23.4325,11.768696736888,-9.6));
#5008 = CIRCLE('',#5009,5.7);
#5009 = AXIS2_PLACEMENT_3D('',#5010,#5011,#5012);
#5010 = CARTESIAN_POINT('',(28.8,9.850378788789,-9.6));
#5011 = DIRECTION('',(0.,-0.,-1.));
#5012 = DIRECTION('',(1.,-9.3E-16,0.));
#5013 = ORIENTED_EDGE('',*,*,#5014,.T.);
#5014 = EDGE_CURVE('',#5006,#5015,#5017,.T.);
#5015 = VERTEX_POINT('',#5016);
#5016 = CARTESIAN_POINT('',(23.4325,11.970624941952,-9.6));
#5017 = CIRCLE('',#5018,0.3);
#5018 = AXIS2_PLACEMENT_3D('',#5019,#5020,#5021);
#5019 = CARTESIAN_POINT('',(23.15,11.86966083942,-9.6));
#5020 = DIRECTION('',(0.,-0.,1.));
#5021 = DIRECTION('',(1.,1.184E-14,0.));
#5022 = ORIENTED_EDGE('',*,*,#5023,.T.);
#5023 = EDGE_CURVE('',#5015,#5024,#5026,.T.);
#5024 = VERTEX_POINT('',#5025);
#5025 = CARTESIAN_POINT('',(23.1,13.888942890051,-9.6));
#5026 = CIRCLE('',#5027,5.7);
#5027 = AXIS2_PLACEMENT_3D('',#5028,#5029,#5030);
#5028 = CARTESIAN_POINT('',(28.8,13.888942890051,-9.6));
#5029 = DIRECTION('',(0.,-0.,-1.));
#5030 = DIRECTION('',(1.,-9.3E-16,0.));
#5031 = ORIENTED_EDGE('',*,*,#5032,.T.);
#5032 = EDGE_CURVE('',#5024,#5033,#5035,.T.);
#5033 = VERTEX_POINT('',#5034);
#5034 = CARTESIAN_POINT('',(23.1,38.792790922537,-9.6));
#5035 = LINE('',#5036,#5037);
#5036 = CARTESIAN_POINT('',(23.1,38.792790922537,-9.6));
#5037 = VECTOR('',#5038,1.);
#5038 = DIRECTION('',(8.4E-16,1.,0.));
#5039 = ORIENTED_EDGE('',*,*,#5040,.T.);
#5040 = EDGE_CURVE('',#5033,#5041,#5043,.T.);
#5041 = VERTEX_POINT('',#5042);
#5042 = CARTESIAN_POINT('',(22.961842105263,38.942322740365,-9.6));
#5043 = CIRCLE('',#5044,0.15);
#5044 = AXIS2_PLACEMENT_3D('',#5045,#5046,#5047);
#5045 = CARTESIAN_POINT('',(22.95,38.792790922537,-9.6));
#5046 = DIRECTION('',(0.,-0.,1.));
#5047 = DIRECTION('',(1.,4.737E-14,0.));
#5048 = ORIENTED_EDGE('',*,*,#5049,.T.);
#5049 = EDGE_CURVE('',#5041,#5050,#5052,.T.);
#5050 = VERTEX_POINT('',#5051);
#5051 = CARTESIAN_POINT('',(17.850854174688,44.377631578947,-9.6));
#5052 = CIRCLE('',#5053,5.55);
#5053 = AXIS2_PLACEMENT_3D('',#5054,#5055,#5056);
#5054 = CARTESIAN_POINT('',(23.4,44.475,-9.6));
#5055 = DIRECTION('',(0.,-0.,-1.));
#5056 = DIRECTION('',(1.,-1.28E-15,0.));
#5057 = ORIENTED_EDGE('',*,*,#5058,.T.);
#5058 = EDGE_CURVE('',#5050,#5059,#5061,.T.);
#5059 = VERTEX_POINT('',#5060);
#5060 = CARTESIAN_POINT('',(17.70087726049,44.525,-9.6));
#5061 = CIRCLE('',#5062,0.15);
#5062 = AXIS2_PLACEMENT_3D('',#5063,#5064,#5065);
#5063 = CARTESIAN_POINT('',(17.70087726049,44.375,-9.6));
#5064 = DIRECTION('',(0.,-0.,1.));
#5065 = DIRECTION('',(1.,4.737E-14,0.));
#5066 = ORIENTED_EDGE('',*,*,#5067,.T.);
#5067 = EDGE_CURVE('',#5059,#5068,#5070,.T.);
#5068 = VERTEX_POINT('',#5069);
#5069 = CARTESIAN_POINT('',(14.70087726049,44.525,-9.6));
#5070 = LINE('',#5071,#5072);
#5071 = CARTESIAN_POINT('',(14.70087726049,44.525,-9.6));
#5072 = VECTOR('',#5073,1.);
#5073 = DIRECTION('',(-1.,8.3E-16,0.));
#5074 = ORIENTED_EDGE('',*,*,#5075,.T.);
#5075 = EDGE_CURVE('',#5068,#5076,#5078,.T.);
#5076 = VERTEX_POINT('',#5077);
#5077 = CARTESIAN_POINT('',(14.694057276889,44.507686462984,-9.6));
#5078 = CIRCLE('',#5079,9.999999999994E-03);
#5079 = AXIS2_PLACEMENT_3D('',#5080,#5081,#5082);
#5080 = CARTESIAN_POINT('',(14.70087726049,44.515,-9.6));
#5081 = DIRECTION('',(0.,0.,1.));
#5082 = DIRECTION('',(1.,0.,-0.));
#5083 = ORIENTED_EDGE('',*,*,#5084,.T.);
#5084 = EDGE_CURVE('',#5076,#5085,#5087,.T.);
#5085 = VERTEX_POINT('',#5086);
#5086 = CARTESIAN_POINT('',(14.696899883097,41.907113513724,-9.6));
#5087 = B_SPLINE_CURVE_WITH_KNOTS('',1,(#5088,#5089),.UNSPECIFIED.,.F.,
  .F.,(2,2),(0.,1.77566543719),.PIECEWISE_BEZIER_KNOTS.);
#5088 = CARTESIAN_POINT('',(14.694057276889,44.507686462984,-9.6));
#5089 = CARTESIAN_POINT('',(14.696899883097,41.907113513724,-9.6));
#5090 = ORIENTED_EDGE('',*,*,#5091,.T.);
#5091 = EDGE_CURVE('',#5085,#5092,#5094,.T.);
#5092 = VERTEX_POINT('',#5093);
#5093 = CARTESIAN_POINT('',(13.128303654953,37.925,-9.6));
#5094 = CIRCLE('',#5095,2.3);
#5095 = AXIS2_PLACEMENT_3D('',#5096,#5097,#5098);
#5096 = CARTESIAN_POINT('',(13.128303654953,40.225,-9.6));
#5097 = DIRECTION('',(0.,0.,-1.));
#5098 = DIRECTION('',(1.,0.,0.));
#5099 = ORIENTED_EDGE('',*,*,#5100,.T.);
#5100 = EDGE_CURVE('',#5092,#5101,#5103,.T.);
#5101 = VERTEX_POINT('',#5102);
#5102 = CARTESIAN_POINT('',(-6.825701264859,37.925,-9.6));
#5103 = LINE('',#5104,#5105);
#5104 = CARTESIAN_POINT('',(13.128303654953,37.925,-9.6));
#5105 = VECTOR('',#5106,1.);
#5106 = DIRECTION('',(-1.,-1.3E-15,0.));
#5107 = ORIENTED_EDGE('',*,*,#5108,.T.);
#5108 = EDGE_CURVE('',#5101,#5109,#5111,.T.);
#5109 = VERTEX_POINT('',#5110);
#5110 = CARTESIAN_POINT('',(-8.394297493003,41.907113513724,-9.6));
#5111 = CIRCLE('',#5112,2.3);
#5112 = AXIS2_PLACEMENT_3D('',#5113,#5114,#5115);
#5113 = CARTESIAN_POINT('',(-6.825701264859,40.225,-9.6));
#5114 = DIRECTION('',(0.,0.,-1.));
#5115 = DIRECTION('',(1.,0.,0.));
#5116 = ORIENTED_EDGE('',*,*,#5117,.T.);
#5117 = EDGE_CURVE('',#5109,#5118,#5120,.T.);
#5118 = VERTEX_POINT('',#5119);
#5119 = CARTESIAN_POINT('',(-8.391454886796,44.507686462984,-9.6));
#5120 = B_SPLINE_CURVE_WITH_KNOTS('',1,(#5121,#5122),.UNSPECIFIED.,.F.,
  .F.,(2,2),(0.,1.77566543719),.PIECEWISE_BEZIER_KNOTS.);
#5121 = CARTESIAN_POINT('',(-8.394297493003,41.907113513724,-9.6));
#5122 = CARTESIAN_POINT('',(-8.391454886796,44.507686462984,-9.6));
#5123 = ORIENTED_EDGE('',*,*,#5124,.T.);
#5124 = EDGE_CURVE('',#5118,#5125,#5127,.T.);
#5125 = VERTEX_POINT('',#5126);
#5126 = CARTESIAN_POINT('',(-8.398274870397,44.525,-9.6));
#5127 = CIRCLE('',#5128,1.E-02);
#5128 = AXIS2_PLACEMENT_3D('',#5129,#5130,#5131);
#5129 = CARTESIAN_POINT('',(-8.398274870396,44.515,-9.6));
#5130 = DIRECTION('',(0.,-0.,1.));
#5131 = DIRECTION('',(1.,2.842171E-11,0.));
#5132 = ORIENTED_EDGE('',*,*,#5133,.T.);
#5133 = EDGE_CURVE('',#5125,#5134,#5136,.T.);
#5134 = VERTEX_POINT('',#5135);
#5135 = CARTESIAN_POINT('',(-17.70087726049,44.525,-9.6));
#5136 = LINE('',#5137,#5138);
#5137 = CARTESIAN_POINT('',(-17.70087726049,44.525,-9.6));
#5138 = VECTOR('',#5139,1.);
#5139 = DIRECTION('',(-1.,1.0621E-13,-0.));
#5140 = ORIENTED_EDGE('',*,*,#5141,.T.);
#5141 = EDGE_CURVE('',#5134,#5142,#5144,.T.);
#5142 = VERTEX_POINT('',#5143);
#5143 = CARTESIAN_POINT('',(-17.85085417468,44.377631578947,-9.6));
#5144 = CIRCLE('',#5145,0.15);
#5145 = AXIS2_PLACEMENT_3D('',#5146,#5147,#5148);
#5146 = CARTESIAN_POINT('',(-17.70087726049,44.375,-9.6));
#5147 = DIRECTION('',(0.,-0.,1.));
#5148 = DIRECTION('',(1.,1.89478E-12,0.));
#5149 = ORIENTED_EDGE('',*,*,#5150,.T.);
#5150 = EDGE_CURVE('',#5142,#5151,#5153,.T.);
#5151 = VERTEX_POINT('',#5152);
#5152 = CARTESIAN_POINT('',(-22.23157894736,39.049385542285,-9.6));
#5153 = CIRCLE('',#5154,5.55);
#5154 = AXIS2_PLACEMENT_3D('',#5155,#5156,#5157);
#5155 = CARTESIAN_POINT('',(-23.4,44.475,-9.6));
#5156 = DIRECTION('',(0.,-0.,-1.));
#5157 = DIRECTION('',(1.,-5.121E-14,0.));
#5158 = ORIENTED_EDGE('',*,*,#5159,.T.);
#5159 = EDGE_CURVE('',#5151,#5160,#5162,.T.);
#5160 = VERTEX_POINT('',#5161);
#5161 = CARTESIAN_POINT('',(-22.35,38.902747313698,-9.6));
#5162 = CIRCLE('',#5163,0.15);
#5163 = AXIS2_PLACEMENT_3D('',#5164,#5165,#5166);
#5164 = CARTESIAN_POINT('',(-22.2,38.902747313698,-9.6));
#5165 = DIRECTION('',(0.,-0.,1.));
#5166 = DIRECTION('',(1.,1.89478E-12,0.));
#5167 = ORIENTED_EDGE('',*,*,#5168,.T.);
#5168 = EDGE_CURVE('',#5160,#5169,#5171,.T.);
#5169 = VERTEX_POINT('',#5170);
#5170 = CARTESIAN_POINT('',(-22.35,20.706328969317,-9.6));
#5171 = LINE('',#5172,#5173);
#5172 = CARTESIAN_POINT('',(-22.35,38.902747313698,-9.6));
#5173 = VECTOR('',#5174,1.);
#5174 = DIRECTION('',(-1.0315E-13,-1.,-0.));
#5175 = ORIENTED_EDGE('',*,*,#5176,.T.);
#5176 = EDGE_CURVE('',#5169,#5177,#5179,.T.);
#5177 = VERTEX_POINT('',#5178);
#5178 = CARTESIAN_POINT('',(-23.395,17.416803927614,-9.6));
#5179 = CIRCLE('',#5180,5.7);
#5180 = AXIS2_PLACEMENT_3D('',#5181,#5182,#5183);
#5181 = CARTESIAN_POINT('',(-28.05,20.706328969317,-9.6));
#5182 = DIRECTION('',(0.,-0.,-1.));
#5183 = DIRECTION('',(1.,-4.924E-14,0.));
#5184 = ORIENTED_EDGE('',*,*,#5185,.T.);
#5185 = EDGE_CURVE('',#5177,#5186,#5188,.T.);
#5186 = VERTEX_POINT('',#5187);
#5187 = CARTESIAN_POINT('',(-23.44999999999,17.243671030683,-9.6));
#5188 = CIRCLE('',#5189,0.3);
#5189 = AXIS2_PLACEMENT_3D('',#5190,#5191,#5192);
#5190 = CARTESIAN_POINT('',(-23.14999999999,17.243671030683,-9.6));
#5191 = DIRECTION('',(0.,-0.,1.));
#5192 = DIRECTION('',(1.,9.3555E-13,0.));
#5193 = ORIENTED_EDGE('',*,*,#5194,.T.);
#5194 = EDGE_CURVE('',#5186,#4600,#5195,.T.);
#5195 = B_SPLINE_CURVE_WITH_KNOTS('',9,(#5196,#5197,#5198,#5199,#5200,
    #5201,#5202,#5203,#5204,#5205),.UNSPECIFIED.,.F.,.F.,(10,10),(
    3.14159265359,5.204221329804),.PIECEWISE_BEZIER_KNOTS.);
#5196 = CARTESIAN_POINT('',(-23.44999999999,17.243671030683,-9.6));
#5197 = CARTESIAN_POINT('',(-23.6611111111,17.174916741475,-9.6));
#5198 = CARTESIAN_POINT('',(-23.85449540115,16.997301494359,-9.6));
#5199 = CARTESIAN_POINT('',(-23.98203564727,16.716047866513,-9.6));
#5200 = CARTESIAN_POINT('',(-23.99742338842,16.358440116007,-9.6));
#5201 = CARTESIAN_POINT('',(-23.86746572167,15.973044412226,-9.6));
#5202 = CARTESIAN_POINT('',(-23.58326789957,15.622058999832,-9.6));
#5203 = CARTESIAN_POINT('',(-23.16476131848,15.366404840001,-9.6));
#5204 = CARTESIAN_POINT('',(-22.65519847984,15.252423629417,-9.6));
#5205 = CARTESIAN_POINT('',(-22.11106795353,15.304439171722,-9.6));
#5206 = ORIENTED_EDGE('',*,*,#4606,.T.);
#5207 = ORIENTED_EDGE('',*,*,#4548,.T.);
#5208 = ORIENTED_EDGE('',*,*,#4499,.T.);
#5209 = ORIENTED_EDGE('',*,*,#5210,.T.);
#5210 = EDGE_CURVE('',#4492,#5211,#5213,.T.);
#5211 = VERTEX_POINT('',#5212);
#5212 = CARTESIAN_POINT('',(-17.1,24.808681747526,-9.6));
#5213 = B_SPLINE_CURVE_WITH_KNOTS('',7,(#5214,#5215,#5216,#5217,#5218,
    #5219,#5220,#5221),.UNSPECIFIED.,.F.,.F.,(8,8),(5.305800926063,
    6.28318530718),.PIECEWISE_BEZIER_KNOTS.);
#5214 = CARTESIAN_POINT('',(-18.42896851583,25.803526834592,-9.6));
#5215 = CARTESIAN_POINT('',(-18.2261541769,25.804580315476,-9.6));
#5216 = CARTESIAN_POINT('',(-18.0077341644,25.762185460695,-9.6));
#5217 = CARTESIAN_POINT('',(-17.78423688978,25.670275593678,-9.6));
#5218 = CARTESIAN_POINT('',(-17.56840843643,25.52584746529,-9.6));
#5219 = CARTESIAN_POINT('',(-17.37406096326,25.329953417456,-9.6));
#5220 = CARTESIAN_POINT('',(-17.21428571428,25.087934427845,-9.6));
#5221 = CARTESIAN_POINT('',(-17.1,24.808681747526,-9.6));
#5222 = ORIENTED_EDGE('',*,*,#5223,.T.);
#5223 = EDGE_CURVE('',#5211,#5224,#5226,.T.);
#5224 = VERTEX_POINT('',#5225);
#5225 = CARTESIAN_POINT('',(-17.1,-19.54131825247,-9.6));
#5226 = LINE('',#5227,#5228);
#5227 = CARTESIAN_POINT('',(-17.1,24.808681747526,-9.6));
#5228 = VECTOR('',#5229,1.);
#5229 = DIRECTION('',(0.,-1.,0.));
#5230 = ORIENTED_EDGE('',*,*,#5231,.T.);
#5231 = EDGE_CURVE('',#5224,#5232,#5234,.T.);
#5232 = VERTEX_POINT('',#5233);
#5233 = CARTESIAN_POINT('',(-18.42896851583,-20.53616333954,-9.6));
#5234 = B_SPLINE_CURVE_WITH_KNOTS('',7,(#5235,#5236,#5237,#5238,#5239,
    #5240,#5241,#5242),.UNSPECIFIED.,.F.,.F.,(8,8),(-4.44E-15,
    0.977384381117),.PIECEWISE_BEZIER_KNOTS.);
#5235 = CARTESIAN_POINT('',(-17.1,-19.54131825247,-9.6));
#5236 = CARTESIAN_POINT('',(-17.21428571428,-19.82057093279,-9.6));
#5237 = CARTESIAN_POINT('',(-17.37406096325,-20.0625899224,-9.6));
#5238 = CARTESIAN_POINT('',(-17.56840843643,-20.25848397023,-9.6));
#5239 = CARTESIAN_POINT('',(-17.78423688978,-20.40291209862,-9.6));
#5240 = CARTESIAN_POINT('',(-18.0077341644,-20.49482196564,-9.6));
#5241 = CARTESIAN_POINT('',(-18.2261541769,-20.53721682042,-9.6));
#5242 = CARTESIAN_POINT('',(-18.42896851583,-20.53616333954,-9.6));
#5243 = ORIENTED_EDGE('',*,*,#5244,.T.);
#5244 = EDGE_CURVE('',#5232,#4298,#5245,.T.);
#5245 = B_SPLINE_CURVE_WITH_KNOTS('',9,(#5246,#5247,#5248,#5249,#5250,
    #5251,#5252,#5253,#5254,#5255),.UNSPECIFIED.,.F.,.F.,(10,10),(
    0.977384381117,3.05746634985),.PIECEWISE_BEZIER_KNOTS.);
#5246 = CARTESIAN_POINT('',(-18.42896851583,-20.53616333954,-9.6));
#5247 = CARTESIAN_POINT('',(-18.65778608771,-20.69029814973,-9.6));
#5248 = CARTESIAN_POINT('',(-18.9264322051,-20.78522698112,-9.6));
#5249 = CARTESIAN_POINT('',(-19.21739931315,-20.80918809775,-9.6));
#5250 = CARTESIAN_POINT('',(-19.50912862139,-20.7564613796,-9.6));
#5251 = CARTESIAN_POINT('',(-19.77850705909,-20.62903365551,-9.6));
#5252 = CARTESIAN_POINT('',(-20.00424157602,-20.43700979612,-9.6));
#5253 = CARTESIAN_POINT('',(-20.17018359923,-20.19702955852,-9.6));
#5254 = CARTESIAN_POINT('',(-20.26713590349,-19.92939164278,-9.6));
#5255 = CARTESIAN_POINT('',(-20.29313485155,-19.65506946391,-9.6));
#5256 = ORIENTED_EDGE('',*,*,#4297,.T.);
#5257 = ORIENTED_EDGE('',*,*,#5258,.T.);
#5258 = EDGE_CURVE('',#4291,#5259,#5261,.T.);
#5259 = VERTEX_POINT('',#5260);
#5260 = CARTESIAN_POINT('',(-21.93870973238,-10.10507337116,-9.6));
#5261 = B_SPLINE_CURVE_WITH_KNOTS('',7,(#5262,#5263,#5264,#5265,#5266,
    #5267,#5268,#5269),.UNSPECIFIED.,.F.,.F.,(8,8),(8.412630373932E-02,
    1.078963977376),.PIECEWISE_BEZIER_KNOTS.);
#5262 = CARTESIAN_POINT('',(-20.93032502665,-11.92671339109,-9.6));
#5263 = CARTESIAN_POINT('',(-20.93603312535,-11.61787226991,-9.6));
#5264 = CARTESIAN_POINT('',(-20.99185138684,-11.30975486791,-9.6));
#5265 = CARTESIAN_POINT('',(-21.09767986311,-11.0121129675,-9.6));
#5266 = CARTESIAN_POINT('',(-21.25104947899,-10.73468541838,-9.6));
#5267 = CARTESIAN_POINT('',(-21.44711388943,-10.48642624605,-9.6));
#5268 = CARTESIAN_POINT('',(-21.67905107811,-10.27474421861,-9.6));
#5269 = CARTESIAN_POINT('',(-21.93870973238,-10.10507337116,-9.6));
#5270 = ORIENTED_EDGE('',*,*,#5271,.T.);
#5271 = EDGE_CURVE('',#5259,#5272,#5274,.T.);
#5272 = VERTEX_POINT('',#5273);
#5273 = CARTESIAN_POINT('',(-23.44999999999,-11.97630967899,-9.6));
#5274 = B_SPLINE_CURVE_WITH_KNOTS('',9,(#5275,#5276,#5277,#5278,#5279,
    #5280,#5281,#5282,#5283,#5284),.UNSPECIFIED.,.F.,.F.,(10,10),(
    1.078963977376,3.141599798152),.PIECEWISE_BEZIER_KNOTS.);
#5275 = CARTESIAN_POINT('',(-21.93870973238,-10.10507337116,-9.6));
#5276 = CARTESIAN_POINT('',(-22.48640888044,-10.00600034461,-9.6));
#5277 = CARTESIAN_POINT('',(-23.01362100657,-10.07878241184,-9.6));
#5278 = CARTESIAN_POINT('',(-23.46067606409,-10.30381882646,-9.6));
#5279 = CARTESIAN_POINT('',(-23.77931985791,-10.63789569053,-9.6));
#5280 = CARTESIAN_POINT('',(-23.94365996874,-11.02079887542,-9.6));
#5281 = CARTESIAN_POINT('',(-23.9570140439,-11.38831440134,-9.6));
#5282 = CARTESIAN_POINT('',(-23.84872089928,-11.68781502429,-9.6));
#5283 = CARTESIAN_POINT('',(-23.66349584861,-11.88710781144,-9.6));
#5284 = CARTESIAN_POINT('',(-23.44999999999,-11.97630967899,-9.6));
#5285 = ORIENTED_EDGE('',*,*,#5286,.T.);
#5286 = EDGE_CURVE('',#5272,#5287,#5289,.T.);
#5287 = VERTEX_POINT('',#5288);
#5288 = CARTESIAN_POINT('',(-23.39499999999,-12.14944043256,-9.6));
#5289 = CIRCLE('',#5290,0.3);
#5290 = AXIS2_PLACEMENT_3D('',#5291,#5292,#5293);
#5291 = CARTESIAN_POINT('',(-23.14999999999,-11.97630753563,-9.6));
#5292 = DIRECTION('',(0.,-0.,1.));
#5293 = DIRECTION('',(1.,1.184E-14,0.));
#5294 = ORIENTED_EDGE('',*,*,#5295,.T.);
#5295 = EDGE_CURVE('',#5287,#5296,#5298,.T.);
#5296 = VERTEX_POINT('',#5297);
#5297 = CARTESIAN_POINT('',(-22.35,-15.43896547426,-9.6));
#5298 = CIRCLE('',#5299,5.7);
#5299 = AXIS2_PLACEMENT_3D('',#5300,#5301,#5302);
#5300 = CARTESIAN_POINT('',(-28.05,-15.43896547426,-9.6));
#5301 = DIRECTION('',(0.,-0.,-1.));
#5302 = DIRECTION('',(1.,-6.2E-16,0.));
#5303 = ORIENTED_EDGE('',*,*,#5304,.T.);
#5304 = EDGE_CURVE('',#5296,#5305,#5307,.T.);
#5305 = VERTEX_POINT('',#5306);
#5306 = CARTESIAN_POINT('',(-22.35,-35.36120304472,-9.6));
#5307 = LINE('',#5308,#5309);
#5308 = CARTESIAN_POINT('',(-22.35,-15.43896547426,-9.6));
#5309 = VECTOR('',#5310,1.);
#5310 = DIRECTION('',(-1.7E-16,-1.,0.));
#5311 = ORIENTED_EDGE('',*,*,#5312,.T.);
#5312 = EDGE_CURVE('',#5305,#5313,#5315,.T.);
#5313 = VERTEX_POINT('',#5314);
#5314 = CARTESIAN_POINT('',(-23.42179487177,-38.68832151136,-9.6));
#5315 = CIRCLE('',#5316,5.7);
#5316 = AXIS2_PLACEMENT_3D('',#5317,#5318,#5319);
#5317 = CARTESIAN_POINT('',(-28.05,-35.36120304472,-9.6));
#5318 = DIRECTION('',(0.,-0.,-1.));
#5319 = DIRECTION('',(1.,-1.25E-15,0.));
#5320 = ORIENTED_EDGE('',*,*,#5321,.T.);
#5321 = EDGE_CURVE('',#5313,#5322,#5324,.T.);
#5322 = VERTEX_POINT('',#5323);
#5323 = CARTESIAN_POINT('',(-23.30263157892,-38.92585417468,-9.6));
#5324 = CIRCLE('',#5325,0.15);
#5325 = AXIS2_PLACEMENT_3D('',#5326,#5327,#5328);
#5326 = CARTESIAN_POINT('',(-23.29999999998,-38.77587726049,-9.6));
#5327 = DIRECTION('',(0.,-0.,1.));
#5328 = DIRECTION('',(1.,4.737E-14,0.));
#5329 = ORIENTED_EDGE('',*,*,#5330,.T.);
#5330 = EDGE_CURVE('',#5322,#5331,#5333,.T.);
#5331 = VERTEX_POINT('',#5332);
#5332 = CARTESIAN_POINT('',(-17.85085417468,-44.37763157894,-9.6));
#5333 = CIRCLE('',#5334,5.55);
#5334 = AXIS2_PLACEMENT_3D('',#5335,#5336,#5337);
#5335 = CARTESIAN_POINT('',(-23.4,-44.475,-9.6));
#5336 = DIRECTION('',(0.,0.,-1.));
#5337 = DIRECTION('',(1.,0.,0.));
#5338 = ORIENTED_EDGE('',*,*,#5339,.T.);
#5339 = EDGE_CURVE('',#5331,#5340,#5342,.T.);
#5340 = VERTEX_POINT('',#5341);
#5341 = CARTESIAN_POINT('',(-17.70087726049,-44.525,-9.6));
#5342 = CIRCLE('',#5343,0.15);
#5343 = AXIS2_PLACEMENT_3D('',#5344,#5345,#5346);
#5344 = CARTESIAN_POINT('',(-17.70087726049,-44.375,-9.6));
#5345 = DIRECTION('',(0.,0.,1.));
#5346 = DIRECTION('',(1.,0.,-0.));
#5347 = ORIENTED_EDGE('',*,*,#5348,.T.);
#5348 = EDGE_CURVE('',#5340,#3923,#5349,.T.);
#5349 = LINE('',#5350,#5351);
#5350 = CARTESIAN_POINT('',(17.70087726049,-44.525,-9.6));
#5351 = VECTOR('',#5352,1.);
#5352 = DIRECTION('',(1.,-2.9E-16,0.));
#5353 = ORIENTED_EDGE('',*,*,#3922,.F.);
#5354 = ORIENTED_EDGE('',*,*,#3905,.F.);
#5355 = ORIENTED_EDGE('',*,*,#3873,.F.);
#5356 = ORIENTED_EDGE('',*,*,#3846,.F.);
#5357 = ORIENTED_EDGE('',*,*,#3824,.F.);
#5358 = ORIENTED_EDGE('',*,*,#3807,.F.);
#5359 = ORIENTED_EDGE('',*,*,#3775,.F.);
#5360 = ORIENTED_EDGE('',*,*,#3748,.F.);
#5361 = ORIENTED_EDGE('',*,*,#3726,.F.);
#5362 = ORIENTED_EDGE('',*,*,#3718,.F.);
#5363 = ORIENTED_EDGE('',*,*,#5364,.F.);
#5364 = EDGE_CURVE('',#3623,#3711,#5365,.T.);
#5365 = LINE('',#5366,#5367);
#5366 = CARTESIAN_POINT('',(-15.20087726049,-27.725,-9.6));
#5367 = VECTOR('',#5368,1.);
#5368 = DIRECTION('',(1.,0.,0.));
#5369 = ORIENTED_EDGE('',*,*,#3630,.T.);
#5370 = ORIENTED_EDGE('',*,*,#5371,.T.);
#5371 = EDGE_CURVE('',#3631,#3535,#5372,.T.);
#5372 = LINE('',#5373,#5374);
#5373 = CARTESIAN_POINT('',(-15.20087726049,-26.925,-9.6));
#5374 = VECTOR('',#5375,1.);
#5375 = DIRECTION('',(1.,0.,0.));
#5376 = ORIENTED_EDGE('',*,*,#3534,.F.);
#5377 = ORIENTED_EDGE('',*,*,#5378,.F.);
#5378 = EDGE_CURVE('',#3447,#3527,#5379,.T.);
#5379 = LINE('',#5380,#5381);
#5380 = CARTESIAN_POINT('',(-15.20087726049,-27.725,-9.6));
#5381 = VECTOR('',#5382,1.);
#5382 = DIRECTION('',(1.,0.,0.));
#5383 = ORIENTED_EDGE('',*,*,#3446,.T.);
#5384 = ORIENTED_EDGE('',*,*,#3420,.T.);
#5385 = ORIENTED_EDGE('',*,*,#3397,.T.);
#5386 = ORIENTED_EDGE('',*,*,#3379,.T.);
#5387 = ORIENTED_EDGE('',*,*,#3348,.T.);
#5388 = ORIENTED_EDGE('',*,*,#3322,.T.);
#5389 = ORIENTED_EDGE('',*,*,#3299,.T.);
#5390 = ORIENTED_EDGE('',*,*,#3281,.T.);
#5391 = ORIENTED_EDGE('',*,*,#3250,.T.);
#5392 = ORIENTED_EDGE('',*,*,#5393,.T.);
#5393 = EDGE_CURVE('',#3243,#5394,#5396,.T.);
#5394 = VERTEX_POINT('',#5395);
#5395 = CARTESIAN_POINT('',(17.70087726049,-44.525,-9.6));
#5396 = LINE('',#5397,#5398);
#5397 = CARTESIAN_POINT('',(17.70087726049,-44.525,-9.6));
#5398 = VECTOR('',#5399,1.);
#5399 = DIRECTION('',(1.,-2.9E-16,0.));
#5400 = ORIENTED_EDGE('',*,*,#5401,.T.);
#5401 = EDGE_CURVE('',#5394,#5402,#5404,.T.);
#5402 = VERTEX_POINT('',#5403);
#5403 = CARTESIAN_POINT('',(17.850854174688,-44.37763157894,-9.6));
#5404 = CIRCLE('',#5405,0.15);
#5405 = AXIS2_PLACEMENT_3D('',#5406,#5407,#5408);
#5406 = CARTESIAN_POINT('',(17.70087726049,-44.375,-9.6));
#5407 = DIRECTION('',(0.,0.,1.));
#5408 = DIRECTION('',(1.,0.,-0.));
#5409 = ORIENTED_EDGE('',*,*,#5410,.T.);
#5410 = EDGE_CURVE('',#5402,#5411,#5413,.T.);
#5411 = VERTEX_POINT('',#5412);
#5412 = CARTESIAN_POINT('',(23.302631578947,-38.92585417468,-9.6));
#5413 = CIRCLE('',#5414,5.55);
#5414 = AXIS2_PLACEMENT_3D('',#5415,#5416,#5417);
#5415 = CARTESIAN_POINT('',(23.4,-44.475,-9.6));
#5416 = DIRECTION('',(0.,0.,-1.));
#5417 = DIRECTION('',(1.,0.,0.));
#5418 = ORIENTED_EDGE('',*,*,#5419,.T.);
#5419 = EDGE_CURVE('',#5411,#5420,#5422,.T.);
#5420 = VERTEX_POINT('',#5421);
#5421 = CARTESIAN_POINT('',(23.441025641026,-38.72477179529,-9.6));
#5422 = CIRCLE('',#5423,0.15);
#5423 = AXIS2_PLACEMENT_3D('',#5424,#5425,#5426);
#5424 = CARTESIAN_POINT('',(23.3,-38.77587726049,-9.6));
#5425 = DIRECTION('',(0.,0.,1.));
#5426 = DIRECTION('',(1.,0.,-0.));
#5427 = ORIENTED_EDGE('',*,*,#5428,.T.);
#5428 = EDGE_CURVE('',#5420,#5429,#5431,.T.);
#5429 = VERTEX_POINT('',#5430);
#5430 = CARTESIAN_POINT('',(23.1,-36.78276411769,-9.6));
#5431 = CIRCLE('',#5432,5.7);
#5432 = AXIS2_PLACEMENT_3D('',#5433,#5434,#5435);
#5433 = CARTESIAN_POINT('',(28.8,-36.78276411769,-9.6));
#5434 = DIRECTION('',(0.,-0.,-1.));
#5435 = DIRECTION('',(1.,-1.25E-15,0.));
#5436 = ORIENTED_EDGE('',*,*,#5437,.T.);
#5437 = EDGE_CURVE('',#5429,#5438,#5440,.T.);
#5438 = VERTEX_POINT('',#5439);
#5439 = CARTESIAN_POINT('',(23.1,-31.775,-9.6));
#5440 = LINE('',#5441,#5442);
#5441 = CARTESIAN_POINT('',(23.1,9.850378788789,-9.6));
#5442 = VECTOR('',#5443,1.);
#5443 = DIRECTION('',(7.5E-16,1.,0.));
#5444 = ORIENTED_EDGE('',*,*,#5445,.F.);
#5445 = EDGE_CURVE('',#5446,#5438,#5448,.T.);
#5446 = VERTEX_POINT('',#5447);
#5447 = CARTESIAN_POINT('',(23.9,-31.775,-9.6));
#5448 = LINE('',#5449,#5450);
#5449 = CARTESIAN_POINT('',(26.132759196389,-31.775,-9.6));
#5450 = VECTOR('',#5451,1.);
#5451 = DIRECTION('',(-1.,2.2E-16,-2.8E-16));
#5452 = ORIENTED_EDGE('',*,*,#5453,.F.);
#5453 = EDGE_CURVE('',#5454,#5446,#5456,.T.);
#5454 = VERTEX_POINT('',#5455);
#5455 = CARTESIAN_POINT('',(23.9,-36.78276411769,-9.6));
#5456 = LINE('',#5457,#5458);
#5457 = CARTESIAN_POINT('',(23.9,9.850378788789,-9.6));
#5458 = VECTOR('',#5459,1.);
#5459 = DIRECTION('',(3.6E-16,1.,3.6E-16));
#5460 = ORIENTED_EDGE('',*,*,#5461,.F.);
#5461 = EDGE_CURVE('',#5462,#5454,#5464,.T.);
#5462 = VERTEX_POINT('',#5463);
#5463 = CARTESIAN_POINT('',(24.193162393162,-38.45220931422,-9.6));
#5464 = CIRCLE('',#5465,4.9);
#5465 = AXIS2_PLACEMENT_3D('',#5466,#5467,#5468);
#5466 = CARTESIAN_POINT('',(28.8,-36.78276411769,-9.6));
#5467 = DIRECTION('',(0.,-0.,-1.));
#5468 = DIRECTION('',(1.,-1.45E-15,0.));
#5469 = ORIENTED_EDGE('',*,*,#5470,.F.);
#5470 = EDGE_CURVE('',#5471,#5462,#5473,.T.);
#5471 = VERTEX_POINT('',#5472);
#5472 = CARTESIAN_POINT('',(23.316666666667,-39.7257310504,-9.6));
#5473 = CIRCLE('',#5474,0.95);
#5474 = AXIS2_PLACEMENT_3D('',#5475,#5476,#5477);
#5475 = CARTESIAN_POINT('',(23.3,-38.77587726049,-9.6));
#5476 = DIRECTION('',(0.,0.,1.));
#5477 = DIRECTION('',(1.,0.,-0.));
#5478 = ORIENTED_EDGE('',*,*,#5479,.F.);
#5479 = EDGE_CURVE('',#5480,#5471,#5482,.T.);
#5480 = VERTEX_POINT('',#5481);
#5481 = CARTESIAN_POINT('',(18.650731050408,-44.39166666666,-9.6));
#5482 = CIRCLE('',#5483,4.75);
#5483 = AXIS2_PLACEMENT_3D('',#5484,#5485,#5486);
#5484 = CARTESIAN_POINT('',(23.4,-44.475,-9.6));
#5485 = DIRECTION('',(0.,0.,-1.));
#5486 = DIRECTION('',(1.,0.,0.));
#5487 = ORIENTED_EDGE('',*,*,#5488,.F.);
#5488 = EDGE_CURVE('',#5489,#5480,#5491,.T.);
#5489 = VERTEX_POINT('',#5490);
#5490 = CARTESIAN_POINT('',(17.70087726049,-45.325,-9.6));
#5491 = CIRCLE('',#5492,0.95);
#5492 = AXIS2_PLACEMENT_3D('',#5493,#5494,#5495);
#5493 = CARTESIAN_POINT('',(17.70087726049,-44.375,-9.6));
#5494 = DIRECTION('',(0.,0.,1.));
#5495 = DIRECTION('',(1.,0.,-0.));
#5496 = ORIENTED_EDGE('',*,*,#5497,.F.);
#5497 = EDGE_CURVE('',#5498,#5489,#5500,.T.);
#5498 = VERTEX_POINT('',#5499);
#5499 = CARTESIAN_POINT('',(-17.70087726049,-45.325,-9.6));
#5500 = LINE('',#5501,#5502);
#5501 = CARTESIAN_POINT('',(17.70087726049,-45.325,-9.6));
#5502 = VECTOR('',#5503,1.);
#5503 = DIRECTION('',(1.,-1.3E-16,1.3E-16));
#5504 = ORIENTED_EDGE('',*,*,#5505,.F.);
#5505 = EDGE_CURVE('',#5506,#5498,#5508,.T.);
#5506 = VERTEX_POINT('',#5507);
#5507 = CARTESIAN_POINT('',(-18.6507310504,-44.39166666666,-9.6));
#5508 = CIRCLE('',#5509,0.95);
#5509 = AXIS2_PLACEMENT_3D('',#5510,#5511,#5512);
#5510 = CARTESIAN_POINT('',(-17.70087726049,-44.375,-9.6));
#5511 = DIRECTION('',(0.,0.,1.));
#5512 = DIRECTION('',(1.,0.,-0.));
#5513 = ORIENTED_EDGE('',*,*,#5514,.F.);
#5514 = EDGE_CURVE('',#5515,#5506,#5517,.T.);
#5515 = VERTEX_POINT('',#5516);
#5516 = CARTESIAN_POINT('',(-23.31666666665,-39.7257310504,-9.6));
#5517 = CIRCLE('',#5518,4.75);
#5518 = AXIS2_PLACEMENT_3D('',#5519,#5520,#5521);
#5519 = CARTESIAN_POINT('',(-23.4,-44.475,-9.6));
#5520 = DIRECTION('',(0.,0.,-1.));
#5521 = DIRECTION('',(1.,0.,0.));
#5522 = ORIENTED_EDGE('',*,*,#5523,.F.);
#5523 = EDGE_CURVE('',#5524,#5515,#5526,.T.);
#5524 = VERTEX_POINT('',#5525);
#5525 = CARTESIAN_POINT('',(-24.07136752135,-38.22135751605,-9.6));
#5526 = CIRCLE('',#5527,0.95);
#5527 = AXIS2_PLACEMENT_3D('',#5528,#5529,#5530);
#5528 = CARTESIAN_POINT('',(-23.29999999998,-38.77587726049,-9.6));
#5529 = DIRECTION('',(0.,-0.,1.));
#5530 = DIRECTION('',(1.,7.48E-15,0.));
#5531 = ORIENTED_EDGE('',*,*,#5532,.F.);
#5532 = EDGE_CURVE('',#5533,#5524,#5535,.T.);
#5533 = VERTEX_POINT('',#5534);
#5534 = CARTESIAN_POINT('',(-23.15,-35.36120304472,-9.6));
#5535 = CIRCLE('',#5536,4.9);
#5536 = AXIS2_PLACEMENT_3D('',#5537,#5538,#5539);
#5537 = CARTESIAN_POINT('',(-28.05,-35.36120304472,-9.6));
#5538 = DIRECTION('',(0.,-0.,-1.));
#5539 = DIRECTION('',(1.,-1.45E-15,0.));
#5540 = ORIENTED_EDGE('',*,*,#5541,.F.);
#5541 = EDGE_CURVE('',#5542,#5533,#5544,.T.);
#5542 = VERTEX_POINT('',#5543);
#5543 = CARTESIAN_POINT('',(-23.15,-15.43896547426,-9.6));
#5544 = LINE('',#5545,#5546);
#5545 = CARTESIAN_POINT('',(-23.15,-15.43896547426,-9.6));
#5546 = VECTOR('',#5547,1.);
#5547 = DIRECTION('',(-7.E-17,-1.,7.E-17));
#5548 = ORIENTED_EDGE('',*,*,#5549,.F.);
#5549 = EDGE_CURVE('',#5550,#5542,#5552,.T.);
#5550 = VERTEX_POINT('',#5551);
#5551 = CARTESIAN_POINT('',(-24.04833333333,-12.61112815771,-9.6));
#5552 = CIRCLE('',#5553,4.9);
#5553 = AXIS2_PLACEMENT_3D('',#5554,#5555,#5556);
#5554 = CARTESIAN_POINT('',(-28.05,-15.43896547426,-9.6));
#5555 = DIRECTION('',(0.,-0.,-1.));
#5556 = DIRECTION('',(1.,-7.3E-16,0.));
#5557 = ORIENTED_EDGE('',*,*,#5558,.F.);
#5558 = EDGE_CURVE('',#5559,#5550,#5561,.T.);
#5559 = VERTEX_POINT('',#5560);
#5560 = CARTESIAN_POINT('',(-24.24999999997,-11.97631539464,-9.6));
#5561 = CIRCLE('',#5562,1.1);
#5562 = AXIS2_PLACEMENT_3D('',#5563,#5564,#5565);
#5563 = CARTESIAN_POINT('',(-23.14999999999,-11.97630753563,-9.6));
#5564 = DIRECTION('',(0.,-0.,1.));
#5565 = DIRECTION('',(1.,3.23E-15,0.));
#5566 = ORIENTED_EDGE('',*,*,#5567,.F.);
#5567 = EDGE_CURVE('',#2589,#5559,#5568,.T.);
#5568 = B_SPLINE_CURVE_WITH_KNOTS('',9,(#5569,#5570,#5571,#5572,#5573,
    #5574,#5575,#5576,#5577,#5578),.UNSPECIFIED.,.F.,.F.,(10,10),(
    1.078963977376,3.141599798152),.PIECEWISE_BEZIER_KNOTS.);
#5569 = CARTESIAN_POINT('',(-21.73327448207,-9.331900455231,-9.6));
#5570 = CARTESIAN_POINT('',(-22.43901984468,-9.19330071628,-9.6));
#5571 = CARTESIAN_POINT('',(-23.13252135807,-9.262367374017,-9.6));
#5572 = CARTESIAN_POINT('',(-23.74501169032,-9.521354621654,-9.6));
#5573 = CARTESIAN_POINT('',(-24.21869892925,-9.926276412227,-9.6));
#5574 = CARTESIAN_POINT('',(-24.51859031189,-10.41341838008,-9.6));
#5575 = CARTESIAN_POINT('',(-24.64022690567,-10.91258636383,-9.6));
#5576 = CARTESIAN_POINT('',(-24.60722780804,-11.36325674458,-9.6));
#5577 = CARTESIAN_POINT('',(-24.46111291222,-11.72421696929,-9.6));
#5578 = CARTESIAN_POINT('',(-24.24999999997,-11.97631539464,-9.6));
#5579 = ORIENTED_EDGE('',*,*,#2609,.F.);
#5580 = ORIENTED_EDGE('',*,*,#2564,.F.);
#5581 = ORIENTED_EDGE('',*,*,#2523,.F.);
#5582 = ORIENTED_EDGE('',*,*,#5583,.F.);
#5583 = EDGE_CURVE('',#5584,#2524,#5586,.T.);
#5584 = VERTEX_POINT('',#5585);
#5585 = CARTESIAN_POINT('',(-17.9,-19.54131825247,-9.6));
#5586 = B_SPLINE_CURVE_WITH_KNOTS('',7,(#5587,#5588,#5589,#5590,#5591,
    #5592,#5593,#5594),.UNSPECIFIED.,.F.,.F.,(8,8),(-4.44E-15,
    0.977384381117),.PIECEWISE_BEZIER_KNOTS.);
#5587 = CARTESIAN_POINT('',(-17.9,-19.54131825247,-9.6));
#5588 = CARTESIAN_POINT('',(-18.01428571428,-19.70886986066,-9.6));
#5589 = CARTESIAN_POINT('',(-18.15586514938,-19.83918777814,-9.6));
#5590 = CARTESIAN_POINT('',(-18.31382109348,-19.92693756817,-9.6));
#5591 = CARTESIAN_POINT('',(-18.47593078212,-19.97033539408,-9.6));
#5592 = CARTESIAN_POINT('',(-18.63012228856,-19.97160181465,-9.6));
#5593 = CARTESIAN_POINT('',(-18.76611288537,-19.93644920922,-9.6));
#5594 = CARTESIAN_POINT('',(-18.87632283861,-19.87293328149,-9.6));
#5595 = ORIENTED_EDGE('',*,*,#5596,.F.);
#5596 = EDGE_CURVE('',#5597,#5584,#5599,.T.);
#5597 = VERTEX_POINT('',#5598);
#5598 = CARTESIAN_POINT('',(-17.9,24.808681747526,-9.6));
#5599 = LINE('',#5600,#5601);
#5600 = CARTESIAN_POINT('',(-17.9,24.808681747526,-9.6));
#5601 = VECTOR('',#5602,1.);
#5602 = DIRECTION('',(-1.1E-16,-1.,1.4E-16));
#5603 = ORIENTED_EDGE('',*,*,#5604,.F.);
#5604 = EDGE_CURVE('',#2379,#5597,#5605,.T.);
#5605 = B_SPLINE_CURVE_WITH_KNOTS('',7,(#5606,#5607,#5608,#5609,#5610,
    #5611,#5612,#5613),.UNSPECIFIED.,.F.,.F.,(8,8),(5.305800926063,
    6.28318530718),.PIECEWISE_BEZIER_KNOTS.);
#5606 = CARTESIAN_POINT('',(-18.87632283861,25.140296776548,-9.6));
#5607 = CARTESIAN_POINT('',(-18.76611288537,25.203812704276,-9.6));
#5608 = CARTESIAN_POINT('',(-18.63012228856,25.238965309705,-9.6));
#5609 = CARTESIAN_POINT('',(-18.47593078212,25.237698889135,-9.6));
#5610 = CARTESIAN_POINT('',(-18.31382109347,25.194301063223,-9.6));
#5611 = CARTESIAN_POINT('',(-18.15586514938,25.1065512732,-9.6));
#5612 = CARTESIAN_POINT('',(-18.01428571428,24.976233355718,-9.6));
#5613 = CARTESIAN_POINT('',(-17.9,24.808681747526,-9.6));
#5614 = ORIENTED_EDGE('',*,*,#2378,.F.);
#5615 = ORIENTED_EDGE('',*,*,#2356,.F.);
#5616 = ORIENTED_EDGE('',*,*,#2339,.F.);
#5617 = ORIENTED_EDGE('',*,*,#5618,.F.);
#5618 = EDGE_CURVE('',#5619,#2333,#5621,.T.);
#5619 = VERTEX_POINT('',#5620);
#5620 = CARTESIAN_POINT('',(-24.24999999999,17.243671030683,-9.6));
#5621 = B_SPLINE_CURVE_WITH_KNOTS('',9,(#5622,#5623,#5624,#5625,#5626,
    #5627,#5628,#5629,#5630,#5631),.UNSPECIFIED.,.F.,.F.,(10,10),(
    3.14159265359,5.204221329804),.PIECEWISE_BEZIER_KNOTS.);
#5622 = CARTESIAN_POINT('',(-24.24999999999,17.243671030683,-9.6));
#5623 = CARTESIAN_POINT('',(-24.4611111111,16.991571970256,-9.6));
#5624 = CARTESIAN_POINT('',(-24.60722387831,16.630611951921,-9.6));
#5625 = CARTESIAN_POINT('',(-24.64022099004,16.179942763781,-9.6));
#5626 = CARTESIAN_POINT('',(-24.51858308927,15.680776827205,-9.6));
#5627 = CARTESIAN_POINT('',(-24.21869150565,15.193637319973,-9.6));
#5628 = CARTESIAN_POINT('',(-23.74500528586,14.788717746509,-9.6));
#5629 = CARTESIAN_POINT('',(-23.13251691205,14.529731857822,-9.6));
#5630 = CARTESIAN_POINT('',(-22.43901774545,14.460665335988,-9.6));
#5631 = CARTESIAN_POINT('',(-21.73327448209,14.599263950281,-9.6));
#5632 = ORIENTED_EDGE('',*,*,#5633,.F.);
#5633 = EDGE_CURVE('',#5634,#5619,#5636,.T.);
#5634 = VERTEX_POINT('',#5635);
#5635 = CARTESIAN_POINT('',(-24.04833333333,17.878491652766,-9.6));
#5636 = CIRCLE('',#5637,1.1);
#5637 = AXIS2_PLACEMENT_3D('',#5638,#5639,#5640);
#5638 = CARTESIAN_POINT('',(-23.14999999999,17.243671030683,-9.6));
#5639 = DIRECTION('',(0.,-0.,1.));
#5640 = DIRECTION('',(1.,1.8087E-13,0.));
#5641 = ORIENTED_EDGE('',*,*,#5642,.F.);
#5642 = EDGE_CURVE('',#5643,#5634,#5645,.T.);
#5643 = VERTEX_POINT('',#5644);
#5644 = CARTESIAN_POINT('',(-23.15,20.706328969317,-9.6));
#5645 = CIRCLE('',#5646,4.9);
#5646 = AXIS2_PLACEMENT_3D('',#5647,#5648,#5649);
#5647 = CARTESIAN_POINT('',(-28.05,20.706328969317,-9.6));
#5648 = DIRECTION('',(0.,-0.,-1.));
#5649 = DIRECTION('',(1.,-4.06E-14,0.));
#5650 = ORIENTED_EDGE('',*,*,#5651,.F.);
#5651 = EDGE_CURVE('',#5652,#5643,#5654,.T.);
#5652 = VERTEX_POINT('',#5653);
#5653 = CARTESIAN_POINT('',(-23.15,38.902747313698,-9.6));
#5654 = LINE('',#5655,#5656);
#5655 = CARTESIAN_POINT('',(-23.15,38.902747313698,-9.6));
#5656 = VECTOR('',#5657,1.);
#5657 = DIRECTION('',(-5.169E-14,-1.,5.169E-14));
#5658 = ORIENTED_EDGE('',*,*,#5659,.F.);
#5659 = EDGE_CURVE('',#5660,#5652,#5662,.T.);
#5660 = VERTEX_POINT('',#5661);
#5661 = CARTESIAN_POINT('',(-22.4,39.831456094748,-9.6));
#5662 = CIRCLE('',#5663,0.95);
#5663 = AXIS2_PLACEMENT_3D('',#5664,#5665,#5666);
#5664 = CARTESIAN_POINT('',(-22.2,38.902747313698,-9.6));
#5665 = DIRECTION('',(0.,-0.,1.));
#5666 = DIRECTION('',(1.,2.0942E-13,0.));
#5667 = ORIENTED_EDGE('',*,*,#5668,.F.);
#5668 = EDGE_CURVE('',#5669,#5660,#5671,.T.);
#5669 = VERTEX_POINT('',#5670);
#5670 = CARTESIAN_POINT('',(-18.6507310504,44.391666666666,-9.6));
#5671 = CIRCLE('',#5672,4.75);
#5672 = AXIS2_PLACEMENT_3D('',#5673,#5674,#5675);
#5673 = CARTESIAN_POINT('',(-23.4,44.475,-9.6));
#5674 = DIRECTION('',(0.,-0.,-1.));
#5675 = DIRECTION('',(1.,-4.188E-14,0.));
#5676 = ORIENTED_EDGE('',*,*,#5677,.F.);
#5677 = EDGE_CURVE('',#5678,#5669,#5680,.T.);
#5678 = VERTEX_POINT('',#5679);
#5679 = CARTESIAN_POINT('',(-17.70087726049,45.325,-9.6));
#5680 = CIRCLE('',#5681,0.95);
#5681 = AXIS2_PLACEMENT_3D('',#5682,#5683,#5684);
#5682 = CARTESIAN_POINT('',(-17.70087726049,44.375,-9.6));
#5683 = DIRECTION('',(0.,-0.,1.));
#5684 = DIRECTION('',(1.,2.0942E-13,0.));
#5685 = ORIENTED_EDGE('',*,*,#5686,.F.);
#5686 = EDGE_CURVE('',#4885,#5678,#5687,.T.);
#5687 = LINE('',#5688,#5689);
#5688 = CARTESIAN_POINT('',(-17.70087726049,45.325,-9.6));
#5689 = VECTOR('',#5690,1.);
#5690 = DIRECTION('',(-1.,5.322E-14,5.322E-14));
#5691 = PLANE('',#5692);
#5692 = AXIS2_PLACEMENT_3D('',#5693,#5694,#5695);
#5693 = CARTESIAN_POINT('',(-4.594744492393,-1.752854012842,-9.6));
#5694 = DIRECTION('',(-7.4E-16,1.6E-16,-1.));
#5695 = DIRECTION('',(-1.,0.,7.4E-16));
#5696 = ADVANCED_FACE('',(#5697),#5723,.F.);
#5697 = FACE_BOUND('',#5698,.F.);
#5698 = EDGE_LOOP('',(#5699,#5710,#5716,#5717));
#5699 = ORIENTED_EDGE('',*,*,#5700,.T.);
#5700 = EDGE_CURVE('',#5701,#5703,#5705,.T.);
#5701 = VERTEX_POINT('',#5702);
#5702 = CARTESIAN_POINT('',(-7.095658002677,43.118114429907,-5.6));
#5703 = VERTEX_POINT('',#5704);
#5704 = CARTESIAN_POINT('',(-8.398274870396,46.425,-5.6));
#5705 = CIRCLE('',#5706,1.91);
#5706 = AXIS2_PLACEMENT_3D('',#5707,#5708,#5709);
#5707 = CARTESIAN_POINT('',(-8.398274870396,44.515,-5.6));
#5708 = DIRECTION('',(0.,-0.,1.));
#5709 = DIRECTION('',(1.,4.464E-14,0.));
#5710 = ORIENTED_EDGE('',*,*,#5711,.T.);
#5711 = EDGE_CURVE('',#5703,#1237,#5712,.T.);
#5712 = LINE('',#5713,#5714);
#5713 = CARTESIAN_POINT('',(-8.398274870397,44.525,-3.7));
#5714 = VECTOR('',#5715,1.);
#5715 = DIRECTION('',(2.009571E-11,-0.707106781187,0.707106781187));
#5716 = ORIENTED_EDGE('',*,*,#1234,.F.);
#5717 = ORIENTED_EDGE('',*,*,#5718,.T.);
#5718 = EDGE_CURVE('',#1235,#5701,#5719,.T.);
#5719 = LINE('',#5720,#5721);
#5720 = CARTESIAN_POINT('',(-8.391454886796,44.507686462984,-3.7));
#5721 = VECTOR('',#5722,1.);
#5722 = DIRECTION('',(0.482245665158,-0.517145161861,-0.707106781187));
#5723 = CONICAL_SURFACE('',#5724,1.E-02,0.785398163397);
#5724 = AXIS2_PLACEMENT_3D('',#5725,#5726,#5727);
#5725 = CARTESIAN_POINT('',(-8.398274870396,44.515,-3.7));
#5726 = DIRECTION('',(-0.,-0.,-1.));
#5727 = DIRECTION('',(1.,2.842171E-11,-0.));
#5728 = ADVANCED_FACE('',(#5729),#5745,.T.);
#5729 = FACE_BOUND('',#5730,.T.);
#5730 = EDGE_LOOP('',(#5731,#5738,#5743,#5744));
#5731 = ORIENTED_EDGE('',*,*,#5732,.F.);
#5732 = EDGE_CURVE('',#5733,#5701,#5735,.T.);
#5733 = VERTEX_POINT('',#5734);
#5734 = CARTESIAN_POINT('',(-8.803496509041,42.345925734696,
    -6.300000000001));
#5735 = B_SPLINE_CURVE_WITH_KNOTS('',1,(#5736,#5737),.UNSPECIFIED.,.F.,
  .F.,(2,2),(0.,1.77566543719),.PIECEWISE_BEZIER_KNOTS.);
#5736 = CARTESIAN_POINT('',(-8.803496509041,42.345925734696,
    -6.300000000001));
#5737 = CARTESIAN_POINT('',(-7.095658002677,43.118114429907,-5.6));
#5738 = ORIENTED_EDGE('',*,*,#5739,.T.);
#5739 = EDGE_CURVE('',#5733,#1267,#5740,.T.);
#5740 = B_SPLINE_CURVE_WITH_KNOTS('',1,(#5741,#5742),.UNSPECIFIED.,.F.,
  .F.,(2,2),(8.,9.),.PIECEWISE_BEZIER_KNOTS.);
#5741 = CARTESIAN_POINT('',(-8.803496509041,42.345925734696,
    -6.300000000001));
#5742 = CARTESIAN_POINT('',(-8.394297493003,41.907113513724,
    -5.700000000001));
#5743 = ORIENTED_EDGE('',*,*,#1266,.T.);
#5744 = ORIENTED_EDGE('',*,*,#5718,.T.);
#5745 = B_SPLINE_SURFACE_WITH_KNOTS('',1,1,(
    (#5746,#5747)
    ,(#5748,#5749
    )),.UNSPECIFIED.,.F.,.F.,.F.,(2,2),(2,2),(8.,9.),(0.,1.77566543719),
  .PIECEWISE_BEZIER_KNOTS.);
#5746 = CARTESIAN_POINT('',(-8.803496509041,42.345925734696,
    -6.300000000001));
#5747 = CARTESIAN_POINT('',(-7.095658002677,43.118114429907,-5.6));
#5748 = CARTESIAN_POINT('',(-8.394297493003,41.907113513724,
    -5.700000000001));
#5749 = CARTESIAN_POINT('',(-8.391454886796,44.507686462984,-3.7));
#5750 = ADVANCED_FACE('',(#5751),#5770,.T.);
#5751 = FACE_BOUND('',#5752,.T.);
#5752 = EDGE_LOOP('',(#5753,#5762,#5768,#5769));
#5753 = ORIENTED_EDGE('',*,*,#5754,.F.);
#5754 = EDGE_CURVE('',#5755,#5733,#5757,.T.);
#5755 = VERTEX_POINT('',#5756);
#5756 = CARTESIAN_POINT('',(-6.825701264859,37.325,-6.300000000001));
#5757 = CIRCLE('',#5758,2.9);
#5758 = AXIS2_PLACEMENT_3D('',#5759,#5760,#5761);
#5759 = CARTESIAN_POINT('',(-6.825701264859,40.225,-6.300000000001));
#5760 = DIRECTION('',(0.,0.,-1.));
#5761 = DIRECTION('',(1.,0.,0.));
#5762 = ORIENTED_EDGE('',*,*,#5763,.T.);
#5763 = EDGE_CURVE('',#5755,#1289,#5764,.T.);
#5764 = LINE('',#5765,#5766);
#5765 = CARTESIAN_POINT('',(-6.825701264859,37.925,-5.700000000001));
#5766 = VECTOR('',#5767,1.);
#5767 = DIRECTION('',(-8.E-16,0.707106781187,0.707106781187));
#5768 = ORIENTED_EDGE('',*,*,#1288,.T.);
#5769 = ORIENTED_EDGE('',*,*,#5739,.F.);
#5770 = CONICAL_SURFACE('',#5771,2.3,0.785398163397);
#5771 = AXIS2_PLACEMENT_3D('',#5772,#5773,#5774);
#5772 = CARTESIAN_POINT('',(-6.825701264859,40.225,-5.700000000001));
#5773 = DIRECTION('',(0.,0.,-1.));
#5774 = DIRECTION('',(1.,0.,0.));
#5775 = ADVANCED_FACE('',(#5776),#5794,.T.);
#5776 = FACE_BOUND('',#5777,.T.);
#5777 = EDGE_LOOP('',(#5778,#5786,#5792,#5793));
#5778 = ORIENTED_EDGE('',*,*,#5779,.F.);
#5779 = EDGE_CURVE('',#5780,#5755,#5782,.T.);
#5780 = VERTEX_POINT('',#5781);
#5781 = CARTESIAN_POINT('',(13.128303654953,37.325,-6.300000000001));
#5782 = LINE('',#5783,#5784);
#5783 = CARTESIAN_POINT('',(13.128303654953,37.325,-6.300000000001));
#5784 = VECTOR('',#5785,1.);
#5785 = DIRECTION('',(-1.,0.,2.E-16));
#5786 = ORIENTED_EDGE('',*,*,#5787,.F.);
#5787 = EDGE_CURVE('',#1314,#5780,#5788,.T.);
#5788 = LINE('',#5789,#5790);
#5789 = CARTESIAN_POINT('',(13.128303654953,37.925,-5.700000000001));
#5790 = VECTOR('',#5791,1.);
#5791 = DIRECTION('',(2.2E-16,-0.707106781187,-0.707106781187));
#5792 = ORIENTED_EDGE('',*,*,#1313,.T.);
#5793 = ORIENTED_EDGE('',*,*,#5763,.F.);
#5794 = PLANE('',#5795);
#5795 = AXIS2_PLACEMENT_3D('',#5796,#5797,#5798);
#5796 = CARTESIAN_POINT('',(13.128303654953,37.925,-5.700000000001));
#5797 = DIRECTION('',(0.,-0.707106781187,0.707106781187));
#5798 = DIRECTION('',(-8.E-16,0.707106781187,0.707106781187));
#5799 = ADVANCED_FACE('',(#5800),#5819,.T.);
#5800 = FACE_BOUND('',#5801,.T.);
#5801 = EDGE_LOOP('',(#5802,#5811,#5817,#5818));
#5802 = ORIENTED_EDGE('',*,*,#5803,.F.);
#5803 = EDGE_CURVE('',#5804,#5780,#5806,.T.);
#5804 = VERTEX_POINT('',#5805);
#5805 = CARTESIAN_POINT('',(15.106098899134,42.345925734696,
    -6.300000000001));
#5806 = CIRCLE('',#5807,2.9);
#5807 = AXIS2_PLACEMENT_3D('',#5808,#5809,#5810);
#5808 = CARTESIAN_POINT('',(13.128303654953,40.225,-6.300000000001));
#5809 = DIRECTION('',(0.,0.,-1.));
#5810 = DIRECTION('',(1.,0.,0.));
#5811 = ORIENTED_EDGE('',*,*,#5812,.F.);
#5812 = EDGE_CURVE('',#1338,#5804,#5813,.T.);
#5813 = LINE('',#5814,#5815);
#5814 = CARTESIAN_POINT('',(14.696899883097,41.907113513724,
    -5.700000000001));
#5815 = VECTOR('',#5816,1.);
#5816 = DIRECTION('',(0.482245665158,0.517145161861,-0.707106781187));
#5817 = ORIENTED_EDGE('',*,*,#1337,.T.);
#5818 = ORIENTED_EDGE('',*,*,#5787,.T.);
#5819 = CONICAL_SURFACE('',#5820,2.3,0.785398163397);
#5820 = AXIS2_PLACEMENT_3D('',#5821,#5822,#5823);
#5821 = CARTESIAN_POINT('',(13.128303654953,40.225,-5.700000000001));
#5822 = DIRECTION('',(0.,0.,-1.));
#5823 = DIRECTION('',(1.,0.,0.));
#5824 = ADVANCED_FACE('',(#5825),#5841,.T.);
#5825 = FACE_BOUND('',#5826,.T.);
#5826 = EDGE_LOOP('',(#5827,#5834,#5839,#5840));
#5827 = ORIENTED_EDGE('',*,*,#5828,.F.);
#5828 = EDGE_CURVE('',#5829,#5804,#5831,.T.);
#5829 = VERTEX_POINT('',#5830);
#5830 = CARTESIAN_POINT('',(13.398260392771,43.118114429907,-5.6));
#5831 = B_SPLINE_CURVE_WITH_KNOTS('',1,(#5832,#5833),.UNSPECIFIED.,.F.,
  .F.,(2,2),(0.,1.77566543719),.PIECEWISE_BEZIER_KNOTS.);
#5832 = CARTESIAN_POINT('',(13.398260392771,43.118114429907,-5.6));
#5833 = CARTESIAN_POINT('',(15.106098899134,42.345925734696,
    -6.300000000001));
#5834 = ORIENTED_EDGE('',*,*,#5835,.T.);
#5835 = EDGE_CURVE('',#5829,#1363,#5836,.T.);
#5836 = B_SPLINE_CURVE_WITH_KNOTS('',1,(#5837,#5838),.UNSPECIFIED.,.F.,
  .F.,(2,2),(8.,9.),.PIECEWISE_BEZIER_KNOTS.);
#5837 = CARTESIAN_POINT('',(13.398260392771,43.118114429907,-5.6));
#5838 = CARTESIAN_POINT('',(14.694057276889,44.507686462984,-3.7));
#5839 = ORIENTED_EDGE('',*,*,#1362,.T.);
#5840 = ORIENTED_EDGE('',*,*,#5812,.T.);
#5841 = B_SPLINE_SURFACE_WITH_KNOTS('',1,1,(
    (#5842,#5843)
    ,(#5844,#5845
    )),.UNSPECIFIED.,.F.,.F.,.F.,(2,2),(2,2),(8.,9.),(0.,1.77566543719),
  .PIECEWISE_BEZIER_KNOTS.);
#5842 = CARTESIAN_POINT('',(13.398260392771,43.118114429907,-5.6));
#5843 = CARTESIAN_POINT('',(15.106098899134,42.345925734696,
    -6.300000000001));
#5844 = CARTESIAN_POINT('',(14.694057276889,44.507686462984,-3.7));
#5845 = CARTESIAN_POINT('',(14.696899883097,41.907113513724,
    -5.700000000001));
#5846 = ADVANCED_FACE('',(#5847),#5866,.F.);
#5847 = FACE_BOUND('',#5848,.F.);
#5848 = EDGE_LOOP('',(#5849,#5858,#5859,#5860));
#5849 = ORIENTED_EDGE('',*,*,#5850,.T.);
#5850 = EDGE_CURVE('',#5851,#5829,#5853,.T.);
#5851 = VERTEX_POINT('',#5852);
#5852 = CARTESIAN_POINT('',(14.70087726049,46.425,-5.6));
#5853 = CIRCLE('',#5854,1.91);
#5854 = AXIS2_PLACEMENT_3D('',#5855,#5856,#5857);
#5855 = CARTESIAN_POINT('',(14.70087726049,44.515,-5.6));
#5856 = DIRECTION('',(0.,0.,1.));
#5857 = DIRECTION('',(1.,0.,-0.));
#5858 = ORIENTED_EDGE('',*,*,#5835,.T.);
#5859 = ORIENTED_EDGE('',*,*,#1384,.F.);
#5860 = ORIENTED_EDGE('',*,*,#5861,.F.);
#5861 = EDGE_CURVE('',#5851,#1385,#5862,.T.);
#5862 = LINE('',#5863,#5864);
#5863 = CARTESIAN_POINT('',(14.70087726049,44.525,-3.7));
#5864 = VECTOR('',#5865,1.);
#5865 = DIRECTION('',(-5.5E-16,-0.707106781187,0.707106781187));
#5866 = CONICAL_SURFACE('',#5867,9.999999999998E-03,0.785398163397);
#5867 = AXIS2_PLACEMENT_3D('',#5868,#5869,#5870);
#5868 = CARTESIAN_POINT('',(14.70087726049,44.515,-3.7));
#5869 = DIRECTION('',(-0.,-0.,-1.));
#5870 = DIRECTION('',(1.,0.,0.));
#5871 = ADVANCED_FACE('',(#5872),#5890,.T.);
#5872 = FACE_BOUND('',#5873,.T.);
#5873 = EDGE_LOOP('',(#5874,#5882,#5888,#5889));
#5874 = ORIENTED_EDGE('',*,*,#5875,.F.);
#5875 = EDGE_CURVE('',#5876,#5851,#5878,.T.);
#5876 = VERTEX_POINT('',#5877);
#5877 = CARTESIAN_POINT('',(17.70087726049,46.425,-5.6));
#5878 = LINE('',#5879,#5880);
#5879 = CARTESIAN_POINT('',(14.70087726049,46.425,-5.6));
#5880 = VECTOR('',#5881,1.);
#5881 = DIRECTION('',(-1.,-0.,3.E-17));
#5882 = ORIENTED_EDGE('',*,*,#5883,.T.);
#5883 = EDGE_CURVE('',#5876,#1410,#5884,.T.);
#5884 = LINE('',#5885,#5886);
#5885 = CARTESIAN_POINT('',(17.70087726049,44.525,-3.7));
#5886 = VECTOR('',#5887,1.);
#5887 = DIRECTION('',(3.298E-14,-0.707106781187,0.707106781187));
#5888 = ORIENTED_EDGE('',*,*,#1409,.T.);
#5889 = ORIENTED_EDGE('',*,*,#5861,.F.);
#5890 = PLANE('',#5891);
#5891 = AXIS2_PLACEMENT_3D('',#5892,#5893,#5894);
#5892 = CARTESIAN_POINT('',(14.70087726049,44.525,-3.7));
#5893 = DIRECTION('',(-0.,-0.707106781187,-0.707106781187));
#5894 = DIRECTION('',(-5.5E-16,-0.707106781187,0.707106781187));
#5895 = ADVANCED_FACE('',(#5896),#5915,.F.);
#5896 = FACE_BOUND('',#5897,.F.);
#5897 = EDGE_LOOP('',(#5898,#5907,#5908,#5909));
#5898 = ORIENTED_EDGE('',*,*,#5899,.T.);
#5899 = EDGE_CURVE('',#5900,#5876,#5902,.T.);
#5900 = VERTEX_POINT('',#5901);
#5901 = CARTESIAN_POINT('',(19.750561754524,44.410964912281,-5.6));
#5902 = CIRCLE('',#5903,2.05);
#5903 = AXIS2_PLACEMENT_3D('',#5904,#5905,#5906);
#5904 = CARTESIAN_POINT('',(17.70087726049,44.375,-5.6));
#5905 = DIRECTION('',(0.,0.,1.));
#5906 = DIRECTION('',(1.,0.,-0.));
#5907 = ORIENTED_EDGE('',*,*,#5883,.T.);
#5908 = ORIENTED_EDGE('',*,*,#1433,.F.);
#5909 = ORIENTED_EDGE('',*,*,#5910,.T.);
#5910 = EDGE_CURVE('',#1434,#5900,#5911,.T.);
#5911 = LINE('',#5912,#5913);
#5912 = CARTESIAN_POINT('',(17.850854174688,44.377631578947,-3.7));
#5913 = VECTOR('',#5914,1.);
#5914 = DIRECTION('',(0.706997953671,1.240538212607E-02,-0.707106781187)
  );
#5915 = CONICAL_SURFACE('',#5916,0.15,0.785398163397);
#5916 = AXIS2_PLACEMENT_3D('',#5917,#5918,#5919);
#5917 = CARTESIAN_POINT('',(17.70087726049,44.375,-3.7));
#5918 = DIRECTION('',(-0.,-0.,-1.));
#5919 = DIRECTION('',(1.,4.737E-14,-0.));
#5920 = ADVANCED_FACE('',(#5921),#5940,.T.);
#5921 = FACE_BOUND('',#5922,.T.);
#5922 = EDGE_LOOP('',(#5923,#5932,#5938,#5939));
#5923 = ORIENTED_EDGE('',*,*,#5924,.F.);
#5924 = EDGE_CURVE('',#5925,#5900,#5927,.T.);
#5925 = VERTEX_POINT('',#5926);
#5926 = CARTESIAN_POINT('',(23.111842105263,40.836392432853,-5.6));
#5927 = CIRCLE('',#5928,3.65);
#5928 = AXIS2_PLACEMENT_3D('',#5929,#5930,#5931);
#5929 = CARTESIAN_POINT('',(23.4,44.475,-5.6));
#5930 = DIRECTION('',(0.,0.,-1.));
#5931 = DIRECTION('',(1.,0.,0.));
#5932 = ORIENTED_EDGE('',*,*,#5933,.T.);
#5933 = EDGE_CURVE('',#5925,#1459,#5934,.T.);
#5934 = LINE('',#5935,#5936);
#5935 = CARTESIAN_POINT('',(22.961842105263,38.942322740365,-3.7));
#5936 = VECTOR('',#5937,1.);
#5937 = DIRECTION('',(-5.582421956731E-02,-0.704899749262,0.707106781187
    ));
#5938 = ORIENTED_EDGE('',*,*,#1458,.T.);
#5939 = ORIENTED_EDGE('',*,*,#5910,.T.);
#5940 = CONICAL_SURFACE('',#5941,5.55,0.785398163397);
#5941 = AXIS2_PLACEMENT_3D('',#5942,#5943,#5944);
#5942 = CARTESIAN_POINT('',(23.4,44.475,-3.7));
#5943 = DIRECTION('',(0.,0.,1.));
#5944 = DIRECTION('',(1.,-1.28E-15,0.));
#5945 = ADVANCED_FACE('',(#5946),#5965,.F.);
#5946 = FACE_BOUND('',#5947,.F.);
#5947 = EDGE_LOOP('',(#5948,#5957,#5958,#5959));
#5948 = ORIENTED_EDGE('',*,*,#5949,.T.);
#5949 = EDGE_CURVE('',#5950,#5925,#5952,.T.);
#5950 = VERTEX_POINT('',#5951);
#5951 = CARTESIAN_POINT('',(25.,38.792790922537,-5.6));
#5952 = CIRCLE('',#5953,2.05);
#5953 = AXIS2_PLACEMENT_3D('',#5954,#5955,#5956);
#5954 = CARTESIAN_POINT('',(22.95,38.792790922537,-5.6));
#5955 = DIRECTION('',(0.,0.,1.));
#5956 = DIRECTION('',(1.,0.,-0.));
#5957 = ORIENTED_EDGE('',*,*,#5933,.T.);
#5958 = ORIENTED_EDGE('',*,*,#1483,.F.);
#5959 = ORIENTED_EDGE('',*,*,#5960,.F.);
#5960 = EDGE_CURVE('',#5950,#1484,#5961,.T.);
#5961 = LINE('',#5962,#5963);
#5962 = CARTESIAN_POINT('',(23.1,38.792790922537,-3.7));
#5963 = VECTOR('',#5964,1.);
#5964 = DIRECTION('',(-0.707106781187,5.6E-16,0.707106781187));
#5965 = CONICAL_SURFACE('',#5966,0.15,0.785398163397);
#5966 = AXIS2_PLACEMENT_3D('',#5967,#5968,#5969);
#5967 = CARTESIAN_POINT('',(22.95,38.792790922537,-3.7));
#5968 = DIRECTION('',(-0.,-0.,-1.));
#5969 = DIRECTION('',(1.,4.737E-14,-0.));
#5970 = ADVANCED_FACE('',(#5971),#5989,.T.);
#5971 = FACE_BOUND('',#5972,.T.);
#5972 = EDGE_LOOP('',(#5973,#5981,#5987,#5988));
#5973 = ORIENTED_EDGE('',*,*,#5974,.F.);
#5974 = EDGE_CURVE('',#5975,#5950,#5977,.T.);
#5975 = VERTEX_POINT('',#5976);
#5976 = CARTESIAN_POINT('',(25.,13.888942890051,-5.6));
#5977 = LINE('',#5978,#5979);
#5978 = CARTESIAN_POINT('',(25.,38.792790922537,-5.6));
#5979 = VECTOR('',#5980,1.);
#5980 = DIRECTION('',(-0.,1.,3.E-17));
#5981 = ORIENTED_EDGE('',*,*,#5982,.F.);
#5982 = EDGE_CURVE('',#1509,#5975,#5983,.T.);
#5983 = LINE('',#5984,#5985);
#5984 = CARTESIAN_POINT('',(23.1,13.888942890051,-3.7));
#5985 = VECTOR('',#5986,1.);
#5986 = DIRECTION('',(0.707106781187,-5.7E-16,-0.707106781187));
#5987 = ORIENTED_EDGE('',*,*,#1508,.T.);
#5988 = ORIENTED_EDGE('',*,*,#5960,.F.);
#5989 = PLANE('',#5990);
#5990 = AXIS2_PLACEMENT_3D('',#5991,#5992,#5993);
#5991 = CARTESIAN_POINT('',(23.1,38.792790922537,-3.7));
#5992 = DIRECTION('',(-0.707106781187,0.,-0.707106781187));
#5993 = DIRECTION('',(-0.707106781187,5.6E-16,0.707106781187));
#5994 = ADVANCED_FACE('',(#5995),#6014,.T.);
#5995 = FACE_BOUND('',#5996,.T.);
#5996 = EDGE_LOOP('',(#5997,#6006,#6012,#6013));
#5997 = ORIENTED_EDGE('',*,*,#5998,.F.);
#5998 = EDGE_CURVE('',#5999,#5975,#6001,.T.);
#5999 = VERTEX_POINT('',#6000);
#6000 = CARTESIAN_POINT('',(25.221666666667,12.610064257985,-5.6));
#6001 = CIRCLE('',#6002,3.8);
#6002 = AXIS2_PLACEMENT_3D('',#6003,#6004,#6005);
#6003 = CARTESIAN_POINT('',(28.8,13.888942890051,-5.6));
#6004 = DIRECTION('',(0.,0.,-1.));
#6005 = DIRECTION('',(1.,0.,0.));
#6006 = ORIENTED_EDGE('',*,*,#6007,.T.);
#6007 = EDGE_CURVE('',#5999,#1533,#6008,.T.);
#6008 = LINE('',#6009,#6010);
#6009 = CARTESIAN_POINT('',(23.4325,11.970624941952,-3.7));
#6010 = VECTOR('',#6011,1.);
#6011 = DIRECTION('',(-0.665858885617,-0.237974671855,0.707106781187));
#6012 = ORIENTED_EDGE('',*,*,#1532,.T.);
#6013 = ORIENTED_EDGE('',*,*,#5982,.T.);
#6014 = CONICAL_SURFACE('',#6015,5.7,0.785398163397);
#6015 = AXIS2_PLACEMENT_3D('',#6016,#6017,#6018);
#6016 = CARTESIAN_POINT('',(28.8,13.888942890051,-3.7));
#6017 = DIRECTION('',(0.,0.,1.));
#6018 = DIRECTION('',(1.,-9.3E-16,0.));
#6019 = ADVANCED_FACE('',(#6020),#6039,.F.);
#6020 = FACE_BOUND('',#6021,.F.);
#6021 = EDGE_LOOP('',(#6022,#6031,#6032,#6033));
#6022 = ORIENTED_EDGE('',*,*,#6023,.T.);
#6023 = EDGE_CURVE('',#6024,#5999,#6026,.T.);
#6024 = VERTEX_POINT('',#6025);
#6025 = CARTESIAN_POINT('',(25.221666666667,11.129257420855,-5.6));
#6026 = CIRCLE('',#6027,2.2);
#6027 = AXIS2_PLACEMENT_3D('',#6028,#6029,#6030);
#6028 = CARTESIAN_POINT('',(23.15,11.86966083942,-5.6));
#6029 = DIRECTION('',(0.,0.,1.));
#6030 = DIRECTION('',(1.,0.,-0.));
#6031 = ORIENTED_EDGE('',*,*,#6007,.T.);
#6032 = ORIENTED_EDGE('',*,*,#1557,.F.);
#6033 = ORIENTED_EDGE('',*,*,#6034,.T.);
#6034 = EDGE_CURVE('',#1558,#6024,#6035,.T.);
#6035 = LINE('',#6036,#6037);
#6036 = CARTESIAN_POINT('',(23.4325,11.768696736888,-3.7));
#6037 = VECTOR('',#6038,1.);
#6038 = DIRECTION('',(0.665858885617,-0.237974671855,-0.707106781187));
#6039 = CONICAL_SURFACE('',#6040,0.3,0.785398163397);
#6040 = AXIS2_PLACEMENT_3D('',#6041,#6042,#6043);
#6041 = CARTESIAN_POINT('',(23.15,11.86966083942,-3.7));
#6042 = DIRECTION('',(-0.,-0.,-1.));
#6043 = DIRECTION('',(1.,1.184E-14,-0.));
#6044 = ADVANCED_FACE('',(#6045),#6064,.T.);
#6045 = FACE_BOUND('',#6046,.T.);
#6046 = EDGE_LOOP('',(#6047,#6056,#6062,#6063));
#6047 = ORIENTED_EDGE('',*,*,#6048,.F.);
#6048 = EDGE_CURVE('',#6049,#6024,#6051,.T.);
#6049 = VERTEX_POINT('',#6050);
#6050 = CARTESIAN_POINT('',(25.,9.850378788789,-5.6));
#6051 = CIRCLE('',#6052,3.8);
#6052 = AXIS2_PLACEMENT_3D('',#6053,#6054,#6055);
#6053 = CARTESIAN_POINT('',(28.8,9.850378788789,-5.6));
#6054 = DIRECTION('',(0.,0.,-1.));
#6055 = DIRECTION('',(1.,0.,0.));
#6056 = ORIENTED_EDGE('',*,*,#6057,.T.);
#6057 = EDGE_CURVE('',#6049,#1583,#6058,.T.);
#6058 = LINE('',#6059,#6060);
#6059 = CARTESIAN_POINT('',(23.1,9.850378788789,-3.7));
#6060 = VECTOR('',#6061,1.);
#6061 = DIRECTION('',(-0.707106781187,5.E-16,0.707106781187));
#6062 = ORIENTED_EDGE('',*,*,#1582,.T.);
#6063 = ORIENTED_EDGE('',*,*,#6034,.T.);
#6064 = CONICAL_SURFACE('',#6065,5.7,0.785398163397);
#6065 = AXIS2_PLACEMENT_3D('',#6066,#6067,#6068);
#6066 = CARTESIAN_POINT('',(28.8,9.850378788789,-3.7));
#6067 = DIRECTION('',(0.,0.,1.));
#6068 = DIRECTION('',(1.,-9.3E-16,0.));
#6069 = ADVANCED_FACE('',(#6070),#6089,.T.);
#6070 = FACE_BOUND('',#6071,.T.);
#6071 = EDGE_LOOP('',(#6072,#6080,#6086,#6087,#6088));
#6072 = ORIENTED_EDGE('',*,*,#6073,.F.);
#6073 = EDGE_CURVE('',#6074,#6049,#6076,.T.);
#6074 = VERTEX_POINT('',#6075);
#6075 = CARTESIAN_POINT('',(25.,-10.16949152542,-5.6));
#6076 = LINE('',#6077,#6078);
#6077 = CARTESIAN_POINT('',(25.,9.850378788789,-5.6));
#6078 = VECTOR('',#6079,1.);
#6079 = DIRECTION('',(-0.,1.,3.E-17));
#6080 = ORIENTED_EDGE('',*,*,#6081,.F.);
#6081 = EDGE_CURVE('',#1644,#6074,#6082,.T.);
#6082 = LINE('',#6083,#6084);
#6083 = CARTESIAN_POINT('',(23.158977633329,-9.233378457625,
    -3.758977633329));
#6084 = VECTOR('',#6085,1.);
#6085 = DIRECTION('',(0.665404129693,-0.338341082895,-0.665404129693));
#6086 = ORIENTED_EDGE('',*,*,#1643,.T.);
#6087 = ORIENTED_EDGE('',*,*,#1607,.T.);
#6088 = ORIENTED_EDGE('',*,*,#6057,.F.);
#6089 = PLANE('',#6090);
#6090 = AXIS2_PLACEMENT_3D('',#6091,#6092,#6093);
#6091 = CARTESIAN_POINT('',(23.1,9.850378788789,-3.7));
#6092 = DIRECTION('',(-0.707106781187,0.,-0.707106781187));
#6093 = DIRECTION('',(-0.707106781187,5.E-16,0.707106781187));
#6094 = ADVANCED_FACE('',(#6095),#6138,.F.);
#6095 = FACE_BOUND('',#6096,.F.);
#6096 = EDGE_LOOP('',(#6097,#6107,#6115,#6121,#6122,#6123,#6124,#6132));
#6097 = ORIENTED_EDGE('',*,*,#6098,.T.);
#6098 = EDGE_CURVE('',#6099,#6101,#6103,.T.);
#6099 = VERTEX_POINT('',#6100);
#6100 = CARTESIAN_POINT('',(24.3,-12.,-9.2));
#6101 = VERTEX_POINT('',#6102);
#6102 = CARTESIAN_POINT('',(23.1,-12.,-9.2));
#6103 = LINE('',#6104,#6105);
#6104 = CARTESIAN_POINT('',(26.132759196389,-12.,-9.2));
#6105 = VECTOR('',#6106,1.);
#6106 = DIRECTION('',(-1.,2.2E-16,-2.8E-16));
#6107 = ORIENTED_EDGE('',*,*,#6108,.F.);
#6108 = EDGE_CURVE('',#6109,#6101,#6111,.T.);
#6109 = VERTEX_POINT('',#6110);
#6110 = CARTESIAN_POINT('',(25.,-11.03389830508,-7.3));
#6111 = LINE('',#6112,#6113);
#6112 = CARTESIAN_POINT('',(27.072272018493,-9.980200668563,
    -5.227727981507));
#6113 = VECTOR('',#6114,1.);
#6114 = DIRECTION('',(-0.665404129693,-0.338341082895,-0.665404129693));
#6115 = ORIENTED_EDGE('',*,*,#6116,.F.);
#6116 = EDGE_CURVE('',#6074,#6109,#6117,.T.);
#6117 = LINE('',#6118,#6119);
#6118 = CARTESIAN_POINT('',(25.,-9.028379261594,-3.355812547802));
#6119 = VECTOR('',#6120,1.);
#6120 = DIRECTION('',(3.E-17,-0.453246676376,-0.891385130207));
#6121 = ORIENTED_EDGE('',*,*,#6081,.F.);
#6122 = ORIENTED_EDGE('',*,*,#1652,.F.);
#6123 = ORIENTED_EDGE('',*,*,#1668,.F.);
#6124 = ORIENTED_EDGE('',*,*,#6125,.F.);
#6125 = EDGE_CURVE('',#6126,#1669,#6128,.T.);
#6126 = VERTEX_POINT('',#6127);
#6127 = CARTESIAN_POINT('',(25.8,-11.23728813559,-7.7));
#6128 = LINE('',#6129,#6130);
#6129 = CARTESIAN_POINT('',(25.8,-8.947575792067,-3.196899057731));
#6130 = VECTOR('',#6131,1.);
#6131 = DIRECTION('',(-3.E-17,0.453246676376,0.891385130207));
#6132 = ORIENTED_EDGE('',*,*,#6133,.F.);
#6133 = EDGE_CURVE('',#6099,#6126,#6134,.T.);
#6134 = LINE('',#6135,#6136);
#6135 = CARTESIAN_POINT('',(26.988260316636,-10.63308797459,
    -6.511739683364));
#6136 = VECTOR('',#6137,1.);
#6137 = DIRECTION('',(0.665404129693,0.338341082895,0.665404129693));
#6138 = PLANE('',#6139);
#6139 = AXIS2_PLACEMENT_3D('',#6140,#6141,#6142);
#6140 = CARTESIAN_POINT('',(26.132759196389,-12.,-9.2));
#6141 = DIRECTION('',(3.2E-16,0.891385130207,-0.453246676376));
#6142 = DIRECTION('',(-1.E-16,0.453246676376,0.891385130207));
#6143 = ADVANCED_FACE('',(#6144),#6162,.T.);
#6144 = FACE_BOUND('',#6145,.T.);
#6145 = EDGE_LOOP('',(#6146,#6147,#6148,#6156));
#6146 = ORIENTED_EDGE('',*,*,#1676,.F.);
#6147 = ORIENTED_EDGE('',*,*,#6125,.F.);
#6148 = ORIENTED_EDGE('',*,*,#6149,.T.);
#6149 = EDGE_CURVE('',#6126,#6150,#6152,.T.);
#6150 = VERTEX_POINT('',#6151);
#6151 = CARTESIAN_POINT('',(25.8,9.850378788789,-7.7));
#6152 = LINE('',#6153,#6154);
#6153 = CARTESIAN_POINT('',(25.8,9.850378788789,-7.7));
#6154 = VECTOR('',#6155,1.);
#6155 = DIRECTION('',(-0.,1.,3.E-17));
#6156 = ORIENTED_EDGE('',*,*,#6157,.F.);
#6157 = EDGE_CURVE('',#1677,#6150,#6158,.T.);
#6158 = LINE('',#6159,#6160);
#6159 = CARTESIAN_POINT('',(25.8,9.850378788789,-5.2));
#6160 = VECTOR('',#6161,1.);
#6161 = DIRECTION('',(4.E-17,3.E-17,-1.));
#6162 = PLANE('',#6163);
#6163 = AXIS2_PLACEMENT_3D('',#6164,#6165,#6166);
#6164 = CARTESIAN_POINT('',(25.8,9.850378788789,-5.2));
#6165 = DIRECTION('',(1.,0.,4.E-17));
#6166 = DIRECTION('',(4.E-17,3.E-17,-1.));
#6167 = ADVANCED_FACE('',(#6168),#6187,.F.);
#6168 = FACE_BOUND('',#6169,.F.);
#6169 = EDGE_LOOP('',(#6170,#6171,#6179,#6186));
#6170 = ORIENTED_EDGE('',*,*,#1707,.T.);
#6171 = ORIENTED_EDGE('',*,*,#6172,.T.);
#6172 = EDGE_CURVE('',#1700,#6173,#6175,.T.);
#6173 = VERTEX_POINT('',#6174);
#6174 = CARTESIAN_POINT('',(25.975,10.860019814105,-7.7));
#6175 = LINE('',#6176,#6177);
#6176 = CARTESIAN_POINT('',(25.975,10.860019814105,-5.2));
#6177 = VECTOR('',#6178,1.);
#6178 = DIRECTION('',(0.,0.,-1.));
#6179 = ORIENTED_EDGE('',*,*,#6180,.F.);
#6180 = EDGE_CURVE('',#6150,#6173,#6181,.T.);
#6181 = CIRCLE('',#6182,3.);
#6182 = AXIS2_PLACEMENT_3D('',#6183,#6184,#6185);
#6183 = CARTESIAN_POINT('',(28.8,9.850378788789,-7.7));
#6184 = DIRECTION('',(0.,-0.,-1.));
#6185 = DIRECTION('',(1.,-1.18E-15,0.));
#6186 = ORIENTED_EDGE('',*,*,#6157,.F.);
#6187 = CYLINDRICAL_SURFACE('',#6188,3.);
#6188 = AXIS2_PLACEMENT_3D('',#6189,#6190,#6191);
#6189 = CARTESIAN_POINT('',(28.8,9.850378788789,-5.2));
#6190 = DIRECTION('',(0.,0.,-1.));
#6191 = DIRECTION('',(1.,-1.18E-15,0.));
#6192 = ADVANCED_FACE('',(#6193),#6212,.T.);
#6193 = FACE_BOUND('',#6194,.T.);
#6194 = EDGE_LOOP('',(#6195,#6196,#6197,#6206));
#6195 = ORIENTED_EDGE('',*,*,#1725,.F.);
#6196 = ORIENTED_EDGE('',*,*,#6172,.T.);
#6197 = ORIENTED_EDGE('',*,*,#6198,.T.);
#6198 = EDGE_CURVE('',#6173,#6199,#6201,.T.);
#6199 = VERTEX_POINT('',#6200);
#6200 = CARTESIAN_POINT('',(25.975,12.879301864735,-7.7));
#6201 = CIRCLE('',#6202,3.);
#6202 = AXIS2_PLACEMENT_3D('',#6203,#6204,#6205);
#6203 = CARTESIAN_POINT('',(23.15,11.86966083942,-7.7));
#6204 = DIRECTION('',(0.,-0.,1.));
#6205 = DIRECTION('',(1.,1.18E-15,0.));
#6206 = ORIENTED_EDGE('',*,*,#6207,.T.);
#6207 = EDGE_CURVE('',#6199,#1726,#6208,.T.);
#6208 = LINE('',#6209,#6210);
#6209 = CARTESIAN_POINT('',(25.975,12.879301864735,-5.2));
#6210 = VECTOR('',#6211,1.);
#6211 = DIRECTION('',(0.,0.,1.));
#6212 = CYLINDRICAL_SURFACE('',#6213,3.);
#6213 = AXIS2_PLACEMENT_3D('',#6214,#6215,#6216);
#6214 = CARTESIAN_POINT('',(23.15,11.86966083942,-5.2));
#6215 = DIRECTION('',(0.,0.,1.));
#6216 = DIRECTION('',(1.,1.18E-15,-0.));
#6217 = ADVANCED_FACE('',(#6218),#6237,.F.);
#6218 = FACE_BOUND('',#6219,.F.);
#6219 = EDGE_LOOP('',(#6220,#6221,#6229,#6236));
#6220 = ORIENTED_EDGE('',*,*,#1757,.T.);
#6221 = ORIENTED_EDGE('',*,*,#6222,.T.);
#6222 = EDGE_CURVE('',#1750,#6223,#6225,.T.);
#6223 = VERTEX_POINT('',#6224);
#6224 = CARTESIAN_POINT('',(25.8,13.888942890051,-7.7));
#6225 = LINE('',#6226,#6227);
#6226 = CARTESIAN_POINT('',(25.8,13.888942890051,-5.2));
#6227 = VECTOR('',#6228,1.);
#6228 = DIRECTION('',(0.,0.,-1.));
#6229 = ORIENTED_EDGE('',*,*,#6230,.F.);
#6230 = EDGE_CURVE('',#6199,#6223,#6231,.T.);
#6231 = CIRCLE('',#6232,3.);
#6232 = AXIS2_PLACEMENT_3D('',#6233,#6234,#6235);
#6233 = CARTESIAN_POINT('',(28.8,13.888942890051,-7.7));
#6234 = DIRECTION('',(0.,-0.,-1.));
#6235 = DIRECTION('',(1.,-1.18E-15,0.));
#6236 = ORIENTED_EDGE('',*,*,#6207,.T.);
#6237 = CYLINDRICAL_SURFACE('',#6238,3.);
#6238 = AXIS2_PLACEMENT_3D('',#6239,#6240,#6241);
#6239 = CARTESIAN_POINT('',(28.8,13.888942890051,-5.2));
#6240 = DIRECTION('',(0.,0.,-1.));
#6241 = DIRECTION('',(1.,-1.18E-15,0.));
#6242 = ADVANCED_FACE('',(#6243),#6261,.T.);
#6243 = FACE_BOUND('',#6244,.T.);
#6244 = EDGE_LOOP('',(#6245,#6246,#6247,#6255));
#6245 = ORIENTED_EDGE('',*,*,#1775,.F.);
#6246 = ORIENTED_EDGE('',*,*,#6222,.T.);
#6247 = ORIENTED_EDGE('',*,*,#6248,.T.);
#6248 = EDGE_CURVE('',#6223,#6249,#6251,.T.);
#6249 = VERTEX_POINT('',#6250);
#6250 = CARTESIAN_POINT('',(25.8,38.792790922537,-7.7));
#6251 = LINE('',#6252,#6253);
#6252 = CARTESIAN_POINT('',(25.8,38.792790922537,-7.7));
#6253 = VECTOR('',#6254,1.);
#6254 = DIRECTION('',(-0.,1.,3.E-17));
#6255 = ORIENTED_EDGE('',*,*,#6256,.F.);
#6256 = EDGE_CURVE('',#1776,#6249,#6257,.T.);
#6257 = LINE('',#6258,#6259);
#6258 = CARTESIAN_POINT('',(25.8,38.792790922537,-5.2));
#6259 = VECTOR('',#6260,1.);
#6260 = DIRECTION('',(4.E-17,3.E-17,-1.));
#6261 = PLANE('',#6262);
#6262 = AXIS2_PLACEMENT_3D('',#6263,#6264,#6265);
#6263 = CARTESIAN_POINT('',(25.8,38.792790922537,-5.2));
#6264 = DIRECTION('',(1.,0.,4.E-17));
#6265 = DIRECTION('',(4.E-17,3.E-17,-1.));
#6266 = ADVANCED_FACE('',(#6267),#6308,.T.);
#6267 = FACE_BOUND('',#6268,.T.);
#6268 = EDGE_LOOP('',(#6269,#6277,#6285,#6293,#6301,#6307));
#6269 = ORIENTED_EDGE('',*,*,#6270,.T.);
#6270 = EDGE_CURVE('',#1776,#6271,#6273,.T.);
#6271 = VERTEX_POINT('',#6272);
#6272 = CARTESIAN_POINT('',(25.9,38.792790922537,-1.7));
#6273 = LINE('',#6274,#6275);
#6274 = CARTESIAN_POINT('',(25.8,38.792790922537,-5.2));
#6275 = VECTOR('',#6276,1.);
#6276 = DIRECTION('',(2.855977389887E-02,2.2E-16,0.999592086461));
#6277 = ORIENTED_EDGE('',*,*,#6278,.T.);
#6278 = EDGE_CURVE('',#6271,#6279,#6281,.T.);
#6279 = VERTEX_POINT('',#6280);
#6280 = CARTESIAN_POINT('',(25.45,38.792790922537,-1.7));
#6281 = LINE('',#6282,#6283);
#6282 = CARTESIAN_POINT('',(25.9,38.792790922537,-1.7));
#6283 = VECTOR('',#6284,1.);
#6284 = DIRECTION('',(-1.,0.,0.));
#6285 = ORIENTED_EDGE('',*,*,#6286,.T.);
#6286 = EDGE_CURVE('',#6279,#6287,#6289,.T.);
#6287 = VERTEX_POINT('',#6288);
#6288 = CARTESIAN_POINT('',(25.,38.792790922537,-2.15));
#6289 = LINE('',#6290,#6291);
#6290 = CARTESIAN_POINT('',(25.45,38.792790922537,-1.7));
#6291 = VECTOR('',#6292,1.);
#6292 = DIRECTION('',(-0.707106781187,-1.6E-16,-0.707106781187));
#6293 = ORIENTED_EDGE('',*,*,#6294,.T.);
#6294 = EDGE_CURVE('',#6287,#6295,#6297,.T.);
#6295 = VERTEX_POINT('',#6296);
#6296 = CARTESIAN_POINT('',(25.,38.792790922537,-3.95));
#6297 = LINE('',#6298,#6299);
#6298 = CARTESIAN_POINT('',(25.,38.792790922537,-2.15));
#6299 = VECTOR('',#6300,1.);
#6300 = DIRECTION('',(0.,-2.2E-16,-1.));
#6301 = ORIENTED_EDGE('',*,*,#6302,.T.);
#6302 = EDGE_CURVE('',#6295,#1784,#6303,.T.);
#6303 = LINE('',#6304,#6305);
#6304 = CARTESIAN_POINT('',(25.,38.792790922537,-3.95));
#6305 = VECTOR('',#6306,1.);
#6306 = DIRECTION('',(-0.707106781187,-1.6E-16,-0.707106781187));
#6307 = ORIENTED_EDGE('',*,*,#1783,.T.);
#6308 = PLANE('',#6309);
#6309 = AXIS2_PLACEMENT_3D('',#6310,#6311,#6312);
#6310 = CARTESIAN_POINT('',(25.466441583794,38.792790922537,
    -3.390008490503));
#6311 = DIRECTION('',(-4.3E-16,-1.,-3.E-16));
#6312 = DIRECTION('',(-1.,4.3E-16,1.645570403599E-48));
#6313 = ADVANCED_FACE('',(#6314),#6333,.F.);
#6314 = FACE_BOUND('',#6315,.F.);
#6315 = EDGE_LOOP('',(#6316,#6325,#6326,#6327));
#6316 = ORIENTED_EDGE('',*,*,#6317,.F.);
#6317 = EDGE_CURVE('',#6295,#6318,#6320,.T.);
#6318 = VERTEX_POINT('',#6319);
#6319 = CARTESIAN_POINT('',(23.111842105263,40.836392432853,-3.95));
#6320 = CIRCLE('',#6321,2.05);
#6321 = AXIS2_PLACEMENT_3D('',#6322,#6323,#6324);
#6322 = CARTESIAN_POINT('',(22.95,38.792790922537,-3.95));
#6323 = DIRECTION('',(0.,-0.,1.));
#6324 = DIRECTION('',(1.,1.04E-14,0.));
#6325 = ORIENTED_EDGE('',*,*,#6302,.T.);
#6326 = ORIENTED_EDGE('',*,*,#1807,.T.);
#6327 = ORIENTED_EDGE('',*,*,#6328,.F.);
#6328 = EDGE_CURVE('',#6318,#1808,#6329,.T.);
#6329 = LINE('',#6330,#6331);
#6330 = CARTESIAN_POINT('',(23.111842105263,40.836392432853,-3.95));
#6331 = VECTOR('',#6332,1.);
#6332 = DIRECTION('',(-5.582421956738E-02,-0.704899749262,
    -0.707106781187));
#6333 = CONICAL_SURFACE('',#6334,2.05,0.785398163397);
#6334 = AXIS2_PLACEMENT_3D('',#6335,#6336,#6337);
#6335 = CARTESIAN_POINT('',(22.95,38.792790922537,-3.95));
#6336 = DIRECTION('',(0.,0.,1.));
#6337 = DIRECTION('',(1.,1.04E-14,-0.));
#6338 = ADVANCED_FACE('',(#6339),#6373,.F.);
#6339 = FACE_BOUND('',#6340,.F.);
#6340 = EDGE_LOOP('',(#6341,#6349,#6357,#6365,#6371,#6372));
#6341 = ORIENTED_EDGE('',*,*,#6342,.T.);
#6342 = EDGE_CURVE('',#1840,#6343,#6345,.T.);
#6343 = VERTEX_POINT('',#6344);
#6344 = CARTESIAN_POINT('',(23.182894736842,41.733583339821,-1.7));
#6345 = LINE('',#6346,#6347);
#6346 = CARTESIAN_POINT('',(23.175,41.633895461269,-5.2));
#6347 = VECTOR('',#6348,1.);
#6348 = DIRECTION('',(2.254718992017E-03,2.847063271902E-02,
    0.999592086461));
#6349 = ORIENTED_EDGE('',*,*,#6350,.T.);
#6350 = EDGE_CURVE('',#6343,#6351,#6353,.T.);
#6351 = VERTEX_POINT('',#6352);
#6352 = CARTESIAN_POINT('',(23.147368421053,41.284987886337,-1.7));
#6353 = LINE('',#6354,#6355);
#6354 = CARTESIAN_POINT('',(23.182894736842,41.733583339821,-1.7));
#6355 = VECTOR('',#6356,1.);
#6356 = DIRECTION('',(-7.894736842109E-02,-0.99687878552,0.));
#6357 = ORIENTED_EDGE('',*,*,#6358,.T.);
#6358 = EDGE_CURVE('',#6351,#6359,#6361,.T.);
#6359 = VERTEX_POINT('',#6360);
#6360 = CARTESIAN_POINT('',(23.111842105263,40.836392432853,-2.15));
#6361 = LINE('',#6362,#6363);
#6362 = CARTESIAN_POINT('',(23.147368421053,41.284987886337,-1.7));
#6363 = VECTOR('',#6364,1.);
#6364 = DIRECTION('',(-5.582421956738E-02,-0.704899749262,
    -0.707106781187));
#6365 = ORIENTED_EDGE('',*,*,#6366,.T.);
#6366 = EDGE_CURVE('',#6359,#6318,#6367,.T.);
#6367 = LINE('',#6368,#6369);
#6368 = CARTESIAN_POINT('',(23.111842105263,40.836392432853,-2.15));
#6369 = VECTOR('',#6370,1.);
#6370 = DIRECTION('',(2.2E-16,-2.E-17,-1.));
#6371 = ORIENTED_EDGE('',*,*,#6328,.T.);
#6372 = ORIENTED_EDGE('',*,*,#1848,.F.);
#6373 = PLANE('',#6374);
#6374 = AXIS2_PLACEMENT_3D('',#6375,#6376,#6377);
#6375 = CARTESIAN_POINT('',(23.148666440826,41.301378152421,
    -3.390008490503));
#6376 = DIRECTION('',(0.99687878552,-7.894736842109E-02,-3.3E-16));
#6377 = DIRECTION('',(7.894736842109E-02,0.99687878552,
    2.712466084762E-33));
#6378 = ADVANCED_FACE('',(#6379),#6405,.F.);
#6379 = FACE_BOUND('',#6380,.F.);
#6380 = EDGE_LOOP('',(#6381,#6382,#6390,#6399));
#6381 = ORIENTED_EDGE('',*,*,#1839,.T.);
#6382 = ORIENTED_EDGE('',*,*,#6383,.T.);
#6383 = EDGE_CURVE('',#1832,#6384,#6386,.T.);
#6384 = VERTEX_POINT('',#6385);
#6385 = CARTESIAN_POINT('',(20.550438630245,44.425,-7.7));
#6386 = LINE('',#6387,#6388);
#6387 = CARTESIAN_POINT('',(20.550438630245,44.425,-5.2));
#6388 = VECTOR('',#6389,1.);
#6389 = DIRECTION('',(0.,0.,-1.));
#6390 = ORIENTED_EDGE('',*,*,#6391,.F.);
#6391 = EDGE_CURVE('',#6392,#6384,#6394,.T.);
#6392 = VERTEX_POINT('',#6393);
#6393 = CARTESIAN_POINT('',(23.175,41.633895461269,-7.7));
#6394 = CIRCLE('',#6395,2.85);
#6395 = AXIS2_PLACEMENT_3D('',#6396,#6397,#6398);
#6396 = CARTESIAN_POINT('',(23.4,44.475,-7.7));
#6397 = DIRECTION('',(0.,-0.,-1.));
#6398 = DIRECTION('',(1.,-2.49E-15,0.));
#6399 = ORIENTED_EDGE('',*,*,#6400,.T.);
#6400 = EDGE_CURVE('',#6392,#1840,#6401,.T.);
#6401 = LINE('',#6402,#6403);
#6402 = CARTESIAN_POINT('',(23.175,41.633895461269,-5.2));
#6403 = VECTOR('',#6404,1.);
#6404 = DIRECTION('',(0.,0.,1.));
#6405 = CYLINDRICAL_SURFACE('',#6406,2.85);
#6406 = AXIS2_PLACEMENT_3D('',#6407,#6408,#6409);
#6407 = CARTESIAN_POINT('',(23.4,44.475,-5.2));
#6408 = DIRECTION('',(0.,0.,-1.));
#6409 = DIRECTION('',(1.,-2.49E-15,0.));
#6410 = ADVANCED_FACE('',(#6411),#6430,.T.);
#6411 = FACE_BOUND('',#6412,.T.);
#6412 = EDGE_LOOP('',(#6413,#6414,#6415,#6424));
#6413 = ORIENTED_EDGE('',*,*,#1865,.F.);
#6414 = ORIENTED_EDGE('',*,*,#6383,.T.);
#6415 = ORIENTED_EDGE('',*,*,#6416,.T.);
#6416 = EDGE_CURVE('',#6384,#6417,#6419,.T.);
#6417 = VERTEX_POINT('',#6418);
#6418 = CARTESIAN_POINT('',(17.70087726049,47.225,-7.7));
#6419 = CIRCLE('',#6420,2.85);
#6420 = AXIS2_PLACEMENT_3D('',#6421,#6422,#6423);
#6421 = CARTESIAN_POINT('',(17.70087726049,44.375,-7.7));
#6422 = DIRECTION('',(0.,-0.,1.));
#6423 = DIRECTION('',(1.,2.49E-15,0.));
#6424 = ORIENTED_EDGE('',*,*,#6425,.T.);
#6425 = EDGE_CURVE('',#6417,#1866,#6426,.T.);
#6426 = LINE('',#6427,#6428);
#6427 = CARTESIAN_POINT('',(17.70087726049,47.225,-5.2));
#6428 = VECTOR('',#6429,1.);
#6429 = DIRECTION('',(0.,0.,1.));
#6430 = CYLINDRICAL_SURFACE('',#6431,2.85);
#6431 = AXIS2_PLACEMENT_3D('',#6432,#6433,#6434);
#6432 = CARTESIAN_POINT('',(17.70087726049,44.375,-5.2));
#6433 = DIRECTION('',(0.,0.,1.));
#6434 = DIRECTION('',(1.,2.49E-15,-0.));
#6435 = ADVANCED_FACE('',(#6436),#6447,.T.);
#6436 = FACE_BOUND('',#6437,.T.);
#6437 = EDGE_LOOP('',(#6438,#6439,#6440,#6446));
#6438 = ORIENTED_EDGE('',*,*,#1890,.F.);
#6439 = ORIENTED_EDGE('',*,*,#6425,.F.);
#6440 = ORIENTED_EDGE('',*,*,#6441,.T.);
#6441 = EDGE_CURVE('',#6417,#4837,#6442,.T.);
#6442 = LINE('',#6443,#6444);
#6443 = CARTESIAN_POINT('',(14.70087726049,47.225,-7.7));
#6444 = VECTOR('',#6445,1.);
#6445 = DIRECTION('',(-1.,-0.,3.E-17));
#6446 = ORIENTED_EDGE('',*,*,#4836,.F.);
#6447 = PLANE('',#6448);
#6448 = AXIS2_PLACEMENT_3D('',#6449,#6450,#6451);
#6449 = CARTESIAN_POINT('',(14.70087726049,47.225,-5.2));
#6450 = DIRECTION('',(0.,1.,4.E-17));
#6451 = DIRECTION('',(-3.E-17,4.E-17,-1.));
#6452 = ADVANCED_FACE('',(#6453),#6470,.T.);
#6453 = FACE_BOUND('',#6454,.T.);
#6454 = EDGE_LOOP('',(#6455,#6456,#6457,#6464));
#6455 = ORIENTED_EDGE('',*,*,#1969,.F.);
#6456 = ORIENTED_EDGE('',*,*,#1947,.T.);
#6457 = ORIENTED_EDGE('',*,*,#6458,.T.);
#6458 = EDGE_CURVE('',#1948,#6459,#6461,.T.);
#6459 = VERTEX_POINT('',#6460);
#6460 = CARTESIAN_POINT('',(-6.550059314627,42.533031468612,-7.7));
#6461 = B_SPLINE_CURVE_WITH_KNOTS('',1,(#6462,#6463),.UNSPECIFIED.,.F.,
  .F.,(2,2),(0.,1.77566543719),.PIECEWISE_BEZIER_KNOTS.);
#6462 = CARTESIAN_POINT('',(-7.848698804953,41.322030552429,-8.6));
#6463 = CARTESIAN_POINT('',(-6.550059314627,42.533031468612,-7.7));
#6464 = ORIENTED_EDGE('',*,*,#6465,.F.);
#6465 = EDGE_CURVE('',#1970,#6459,#6466,.T.);
#6466 = LINE('',#6467,#6468);
#6467 = CARTESIAN_POINT('',(-6.550059314627,42.533031468612,-5.2));
#6468 = VECTOR('',#6469,1.);
#6469 = DIRECTION('',(1.6E-16,1.5E-16,-1.));
#6470 = PLANE('',#6471);
#6471 = AXIS2_PLACEMENT_3D('',#6472,#6473,#6474);
#6472 = CARTESIAN_POINT('',(-7.19937905979,41.92753101052,-6.45));
#6473 = DIRECTION('',(0.681998360062,-0.731353701619,1.2E-16));
#6474 = DIRECTION('',(1.934423087158E-16,1.630857584291E-17,-1.));
#6475 = ADVANCED_FACE('',(#6476),#6487,.T.);
#6476 = FACE_BOUND('',#6477,.T.);
#6477 = EDGE_LOOP('',(#6478,#6479,#6480,#6481));
#6478 = ORIENTED_EDGE('',*,*,#6458,.F.);
#6479 = ORIENTED_EDGE('',*,*,#1954,.T.);
#6480 = ORIENTED_EDGE('',*,*,#4893,.T.);
#6481 = ORIENTED_EDGE('',*,*,#6482,.T.);
#6482 = EDGE_CURVE('',#4883,#6459,#6483,.T.);
#6483 = LINE('',#6484,#6485);
#6484 = CARTESIAN_POINT('',(-7.845856198746,43.922603501689,-9.6));
#6485 = VECTOR('',#6486,1.);
#6486 = DIRECTION('',(0.482245665158,-0.517145161861,0.707106781187));
#6487 = B_SPLINE_SURFACE_WITH_KNOTS('',1,1,(
    (#6488,#6489)
    ,(#6490,#6491
    )),.UNSPECIFIED.,.F.,.F.,.F.,(2,2),(2,2),(3.,4.),(0.,1.77566543719),
  .PIECEWISE_BEZIER_KNOTS.);
#6488 = CARTESIAN_POINT('',(-7.848698804953,41.322030552429,-8.6));
#6489 = CARTESIAN_POINT('',(-6.550059314627,42.533031468612,-7.7));
#6490 = CARTESIAN_POINT('',(-7.848698804953,41.322030552429,-9.6));
#6491 = CARTESIAN_POINT('',(-7.845856198746,43.922603501688,-9.6));
#6492 = ADVANCED_FACE('',(#6493),#6512,.T.);
#6493 = FACE_BOUND('',#6494,.T.);
#6494 = EDGE_LOOP('',(#6495,#6496,#6497,#6506));
#6495 = ORIENTED_EDGE('',*,*,#1992,.F.);
#6496 = ORIENTED_EDGE('',*,*,#6465,.T.);
#6497 = ORIENTED_EDGE('',*,*,#6498,.T.);
#6498 = EDGE_CURVE('',#6459,#6499,#6501,.T.);
#6499 = VERTEX_POINT('',#6500);
#6500 = CARTESIAN_POINT('',(-8.398274870396,47.225,-7.7));
#6501 = CIRCLE('',#6502,2.71);
#6502 = AXIS2_PLACEMENT_3D('',#6503,#6504,#6505);
#6503 = CARTESIAN_POINT('',(-8.398274870396,44.515,-7.7));
#6504 = DIRECTION('',(0.,0.,1.));
#6505 = DIRECTION('',(1.,0.,-0.));
#6506 = ORIENTED_EDGE('',*,*,#6507,.T.);
#6507 = EDGE_CURVE('',#6499,#1993,#6508,.T.);
#6508 = LINE('',#6509,#6510);
#6509 = CARTESIAN_POINT('',(-8.398274870396,47.225,-5.2));
#6510 = VECTOR('',#6511,1.);
#6511 = DIRECTION('',(0.,0.,1.));
#6512 = CYLINDRICAL_SURFACE('',#6513,2.71);
#6513 = AXIS2_PLACEMENT_3D('',#6514,#6515,#6516);
#6514 = CARTESIAN_POINT('',(-8.398274870396,44.515,-5.2));
#6515 = DIRECTION('',(0.,0.,1.));
#6516 = DIRECTION('',(1.,0.,-0.));
#6517 = ADVANCED_FACE('',(#6518),#6536,.T.);
#6518 = FACE_BOUND('',#6519,.T.);
#6519 = EDGE_LOOP('',(#6520,#6521,#6522,#6530));
#6520 = ORIENTED_EDGE('',*,*,#2017,.F.);
#6521 = ORIENTED_EDGE('',*,*,#6507,.F.);
#6522 = ORIENTED_EDGE('',*,*,#6523,.T.);
#6523 = EDGE_CURVE('',#6499,#6524,#6526,.T.);
#6524 = VERTEX_POINT('',#6525);
#6525 = CARTESIAN_POINT('',(-17.70087726049,47.225,-7.7));
#6526 = LINE('',#6527,#6528);
#6527 = CARTESIAN_POINT('',(-17.70087726049,47.225,-7.7));
#6528 = VECTOR('',#6529,1.);
#6529 = DIRECTION('',(-1.,-0.,2.2E-16));
#6530 = ORIENTED_EDGE('',*,*,#6531,.F.);
#6531 = EDGE_CURVE('',#2018,#6524,#6532,.T.);
#6532 = LINE('',#6533,#6534);
#6533 = CARTESIAN_POINT('',(-17.70087726049,47.225,-5.2));
#6534 = VECTOR('',#6535,1.);
#6535 = DIRECTION('',(-2.2E-16,0.,-1.));
#6536 = PLANE('',#6537);
#6537 = AXIS2_PLACEMENT_3D('',#6538,#6539,#6540);
#6538 = CARTESIAN_POINT('',(-17.70087726049,47.225,-5.2));
#6539 = DIRECTION('',(0.,1.,0.));
#6540 = DIRECTION('',(-2.2E-16,0.,-1.));
#6541 = ADVANCED_FACE('',(#6542),#6583,.T.);
#6542 = FACE_BOUND('',#6543,.T.);
#6543 = EDGE_LOOP('',(#6544,#6552,#6560,#6568,#6576,#6582));
#6544 = ORIENTED_EDGE('',*,*,#6545,.T.);
#6545 = EDGE_CURVE('',#2018,#6546,#6548,.T.);
#6546 = VERTEX_POINT('',#6547);
#6547 = CARTESIAN_POINT('',(-17.70087726049,47.325,-1.7));
#6548 = LINE('',#6549,#6550);
#6549 = CARTESIAN_POINT('',(-17.70087726049,47.225,-5.2));
#6550 = VECTOR('',#6551,1.);
#6551 = DIRECTION('',(-2.2E-16,2.855977389887E-02,0.999592086461));
#6552 = ORIENTED_EDGE('',*,*,#6553,.T.);
#6553 = EDGE_CURVE('',#6546,#6554,#6556,.T.);
#6554 = VERTEX_POINT('',#6555);
#6555 = CARTESIAN_POINT('',(-17.70087726049,46.875,-1.7));
#6556 = LINE('',#6557,#6558);
#6557 = CARTESIAN_POINT('',(-17.70087726049,47.325,-1.7));
#6558 = VECTOR('',#6559,1.);
#6559 = DIRECTION('',(3.77E-15,-1.,-1.1E-16));
#6560 = ORIENTED_EDGE('',*,*,#6561,.T.);
#6561 = EDGE_CURVE('',#6554,#6562,#6564,.T.);
#6562 = VERTEX_POINT('',#6563);
#6563 = CARTESIAN_POINT('',(-17.70087726049,46.425,-2.15));
#6564 = LINE('',#6565,#6566);
#6565 = CARTESIAN_POINT('',(-17.70087726049,46.875,-1.7));
#6566 = VECTOR('',#6567,1.);
#6567 = DIRECTION('',(2.75E-15,-0.707106781187,-0.707106781187));
#6568 = ORIENTED_EDGE('',*,*,#6569,.T.);
#6569 = EDGE_CURVE('',#6562,#6570,#6572,.T.);
#6570 = VERTEX_POINT('',#6571);
#6571 = CARTESIAN_POINT('',(-17.70087726049,46.425,-3.95));
#6572 = LINE('',#6573,#6574);
#6573 = CARTESIAN_POINT('',(-17.70087726049,46.425,-2.15));
#6574 = VECTOR('',#6575,1.);
#6575 = DIRECTION('',(1.1E-16,1.1E-16,-1.));
#6576 = ORIENTED_EDGE('',*,*,#6577,.T.);
#6577 = EDGE_CURVE('',#6570,#2026,#6578,.T.);
#6578 = LINE('',#6579,#6580);
#6579 = CARTESIAN_POINT('',(-17.70087726049,46.425,-3.95));
#6580 = VECTOR('',#6581,1.);
#6581 = DIRECTION('',(2.75E-15,-0.707106781187,-0.707106781187));
#6582 = ORIENTED_EDGE('',*,*,#2025,.T.);
#6583 = PLANE('',#6584);
#6584 = AXIS2_PLACEMENT_3D('',#6585,#6586,#6587);
#6585 = CARTESIAN_POINT('',(-17.70087726049,46.891441583794,
    -3.390008490503));
#6586 = DIRECTION('',(1.,6.16E-15,1.8E-16));
#6587 = DIRECTION('',(-6.16E-15,1.,0.));
#6588 = ADVANCED_FACE('',(#6589),#6608,.F.);
#6589 = FACE_BOUND('',#6590,.F.);
#6590 = EDGE_LOOP('',(#6591,#6600,#6601,#6602));
#6591 = ORIENTED_EDGE('',*,*,#6592,.F.);
#6592 = EDGE_CURVE('',#6570,#6593,#6595,.T.);
#6593 = VERTEX_POINT('',#6594);
#6594 = CARTESIAN_POINT('',(-19.75056175452,44.410964912281,-3.95));
#6595 = CIRCLE('',#6596,2.05);
#6596 = AXIS2_PLACEMENT_3D('',#6597,#6598,#6599);
#6597 = CARTESIAN_POINT('',(-17.70087726049,44.375,-3.95));
#6598 = DIRECTION('',(0.,0.,1.));
#6599 = DIRECTION('',(1.,0.,-0.));
#6600 = ORIENTED_EDGE('',*,*,#6577,.T.);
#6601 = ORIENTED_EDGE('',*,*,#2049,.T.);
#6602 = ORIENTED_EDGE('',*,*,#6603,.F.);
#6603 = EDGE_CURVE('',#6593,#2050,#6604,.T.);
#6604 = LINE('',#6605,#6606);
#6605 = CARTESIAN_POINT('',(-19.75056175452,44.410964912281,-3.95));
#6606 = VECTOR('',#6607,1.);
#6607 = DIRECTION('',(0.706997953671,-1.240538212607E-02,-0.707106781187
    ));
#6608 = CONICAL_SURFACE('',#6609,2.05,0.785398163397);
#6609 = AXIS2_PLACEMENT_3D('',#6610,#6611,#6612);
#6610 = CARTESIAN_POINT('',(-17.70087726049,44.375,-3.95));
#6611 = DIRECTION('',(0.,0.,1.));
#6612 = DIRECTION('',(1.,0.,-0.));
#6613 = ADVANCED_FACE('',(#6614),#6648,.F.);
#6614 = FACE_BOUND('',#6615,.F.);
#6615 = EDGE_LOOP('',(#6616,#6624,#6632,#6640,#6646,#6647));
#6616 = ORIENTED_EDGE('',*,*,#6617,.T.);
#6617 = EDGE_CURVE('',#2082,#6618,#6620,.T.);
#6618 = VERTEX_POINT('',#6619);
#6619 = CARTESIAN_POINT('',(-20.65042323971,44.426754385965,-1.7));
#6620 = LINE('',#6621,#6622);
#6621 = CARTESIAN_POINT('',(-20.55043863024,44.425,-5.2));
#6622 = VECTOR('',#6623,1.);
#6623 = DIRECTION('',(-2.855537839689E-02,5.010486648923E-04,
    0.999592086461));
#6624 = ORIENTED_EDGE('',*,*,#6625,.T.);
#6625 = EDGE_CURVE('',#6618,#6626,#6628,.T.);
#6626 = VERTEX_POINT('',#6627);
#6627 = CARTESIAN_POINT('',(-20.20049249711,44.418859649123,-1.7));
#6628 = LINE('',#6629,#6630);
#6629 = CARTESIAN_POINT('',(-20.65042323971,44.426754385965,-1.7));
#6630 = VECTOR('',#6631,1.);
#6631 = DIRECTION('',(0.999846094651,-1.754385964912E-02,-1.1E-16));
#6632 = ORIENTED_EDGE('',*,*,#6633,.T.);
#6633 = EDGE_CURVE('',#6626,#6634,#6636,.T.);
#6634 = VERTEX_POINT('',#6635);
#6635 = CARTESIAN_POINT('',(-19.75056175452,44.410964912281,-2.15));
#6636 = LINE('',#6637,#6638);
#6637 = CARTESIAN_POINT('',(-20.20049249711,44.418859649123,-1.7));
#6638 = VECTOR('',#6639,1.);
#6639 = DIRECTION('',(0.706997953671,-1.240538212607E-02,-0.707106781187
    ));
#6640 = ORIENTED_EDGE('',*,*,#6641,.T.);
#6641 = EDGE_CURVE('',#6634,#6593,#6642,.T.);
#6642 = LINE('',#6643,#6644);
#6643 = CARTESIAN_POINT('',(-19.75056175452,44.410964912281,-2.15));
#6644 = VECTOR('',#6645,1.);
#6645 = DIRECTION('',(-1.1E-16,1.1E-16,-1.));
#6646 = ORIENTED_EDGE('',*,*,#6603,.T.);
#6647 = ORIENTED_EDGE('',*,*,#2090,.F.);
#6648 = PLANE('',#6649);
#6649 = AXIS2_PLACEMENT_3D('',#6650,#6651,#6652);
#6650 = CARTESIAN_POINT('',(-20.21693155046,44.419148097961,
    -3.390008490503));
#6651 = DIRECTION('',(1.754385964912E-02,0.999846094651,1.E-16));
#6652 = DIRECTION('',(0.999846094651,-1.754385964912E-02,
    7.067497928556E-35));
#6653 = ADVANCED_FACE('',(#6654),#6680,.F.);
#6654 = FACE_BOUND('',#6655,.F.);
#6655 = EDGE_LOOP('',(#6656,#6657,#6665,#6674));
#6656 = ORIENTED_EDGE('',*,*,#2081,.T.);
#6657 = ORIENTED_EDGE('',*,*,#6658,.T.);
#6658 = EDGE_CURVE('',#2074,#6659,#6661,.T.);
#6659 = VERTEX_POINT('',#6660);
#6660 = CARTESIAN_POINT('',(-22.8,41.688873656849,-7.7));
#6661 = LINE('',#6662,#6663);
#6662 = CARTESIAN_POINT('',(-22.8,41.688873656849,-5.2));
#6663 = VECTOR('',#6664,1.);
#6664 = DIRECTION('',(0.,0.,-1.));
#6665 = ORIENTED_EDGE('',*,*,#6666,.F.);
#6666 = EDGE_CURVE('',#6667,#6659,#6669,.T.);
#6667 = VERTEX_POINT('',#6668);
#6668 = CARTESIAN_POINT('',(-20.55043863024,44.425,-7.7));
#6669 = CIRCLE('',#6670,2.85);
#6670 = AXIS2_PLACEMENT_3D('',#6671,#6672,#6673);
#6671 = CARTESIAN_POINT('',(-23.4,44.475,-7.7));
#6672 = DIRECTION('',(0.,0.,-1.));
#6673 = DIRECTION('',(1.,0.,0.));
#6674 = ORIENTED_EDGE('',*,*,#6675,.T.);
#6675 = EDGE_CURVE('',#6667,#2082,#6676,.T.);
#6676 = LINE('',#6677,#6678);
#6677 = CARTESIAN_POINT('',(-20.55043863024,44.425,-5.2));
#6678 = VECTOR('',#6679,1.);
#6679 = DIRECTION('',(0.,0.,1.));
#6680 = CYLINDRICAL_SURFACE('',#6681,2.85);
#6681 = AXIS2_PLACEMENT_3D('',#6682,#6683,#6684);
#6682 = CARTESIAN_POINT('',(-23.4,44.475,-5.2));
#6683 = DIRECTION('',(0.,0.,-1.));
#6684 = DIRECTION('',(1.,0.,0.));
#6685 = ADVANCED_FACE('',(#6686),#6705,.T.);
#6686 = FACE_BOUND('',#6687,.T.);
#6687 = EDGE_LOOP('',(#6688,#6689,#6690,#6699));
#6688 = ORIENTED_EDGE('',*,*,#2107,.F.);
#6689 = ORIENTED_EDGE('',*,*,#6658,.T.);
#6690 = ORIENTED_EDGE('',*,*,#6691,.T.);
#6691 = EDGE_CURVE('',#6659,#6692,#6694,.T.);
#6692 = VERTEX_POINT('',#6693);
#6693 = CARTESIAN_POINT('',(-25.05,38.902747313698,-7.7));
#6694 = CIRCLE('',#6695,2.85);
#6695 = AXIS2_PLACEMENT_3D('',#6696,#6697,#6698);
#6696 = CARTESIAN_POINT('',(-22.2,38.902747313698,-7.7));
#6697 = DIRECTION('',(0.,0.,1.));
#6698 = DIRECTION('',(1.,0.,-0.));
#6699 = ORIENTED_EDGE('',*,*,#6700,.T.);
#6700 = EDGE_CURVE('',#6692,#2108,#6701,.T.);
#6701 = LINE('',#6702,#6703);
#6702 = CARTESIAN_POINT('',(-25.05,38.902747313698,-5.2));
#6703 = VECTOR('',#6704,1.);
#6704 = DIRECTION('',(0.,0.,1.));
#6705 = CYLINDRICAL_SURFACE('',#6706,2.85);
#6706 = AXIS2_PLACEMENT_3D('',#6707,#6708,#6709);
#6707 = CARTESIAN_POINT('',(-22.2,38.902747313698,-5.2));
#6708 = DIRECTION('',(0.,0.,1.));
#6709 = DIRECTION('',(1.,0.,-0.));
#6710 = ADVANCED_FACE('',(#6711),#6775,.T.);
#6711 = FACE_BOUND('',#6712,.T.);
#6712 = EDGE_LOOP('',(#6713,#6714,#6715,#6723,#6729,#6730,#6738,#6746,
    #6752,#6753,#6761,#6769));
#6713 = ORIENTED_EDGE('',*,*,#2132,.F.);
#6714 = ORIENTED_EDGE('',*,*,#6700,.F.);
#6715 = ORIENTED_EDGE('',*,*,#6716,.T.);
#6716 = EDGE_CURVE('',#6692,#6717,#6719,.T.);
#6717 = VERTEX_POINT('',#6718);
#6718 = CARTESIAN_POINT('',(-25.05,20.706328969317,-7.7));
#6719 = LINE('',#6720,#6721);
#6720 = CARTESIAN_POINT('',(-25.05,38.902747313698,-7.7));
#6721 = VECTOR('',#6722,1.);
#6722 = DIRECTION('',(0.,-1.,2.2E-16));
#6723 = ORIENTED_EDGE('',*,*,#6724,.F.);
#6724 = EDGE_CURVE('',#2197,#6717,#6725,.T.);
#6725 = LINE('',#6726,#6727);
#6726 = CARTESIAN_POINT('',(-25.05,20.706328969317,-5.2));
#6727 = VECTOR('',#6728,1.);
#6728 = DIRECTION('',(-0.,-2.2E-16,-1.));
#6729 = ORIENTED_EDGE('',*,*,#2196,.F.);
#6730 = ORIENTED_EDGE('',*,*,#6731,.T.);
#6731 = EDGE_CURVE('',#2189,#6732,#6734,.T.);
#6732 = VERTEX_POINT('',#6733);
#6733 = CARTESIAN_POINT('',(-25.05,26.035697144503,-6.40544620715));
#6734 = LINE('',#6735,#6736);
#6735 = CARTESIAN_POINT('',(-25.05,26.035697144503,-6.25));
#6736 = VECTOR('',#6737,1.);
#6737 = DIRECTION('',(-0.,0.,-1.));
#6738 = ORIENTED_EDGE('',*,*,#6739,.T.);
#6739 = EDGE_CURVE('',#6732,#6740,#6742,.T.);
#6740 = VERTEX_POINT('',#6741);
#6741 = CARTESIAN_POINT('',(-25.05,29.035697144503,-6.40544620715));
#6742 = LINE('',#6743,#6744);
#6743 = CARTESIAN_POINT('',(-25.05,25.,-6.40544620715));
#6744 = VECTOR('',#6745,1.);
#6745 = DIRECTION('',(0.,1.,2.2E-16));
#6746 = ORIENTED_EDGE('',*,*,#6747,.T.);
#6747 = EDGE_CURVE('',#6740,#2165,#6748,.T.);
#6748 = LINE('',#6749,#6750);
#6749 = CARTESIAN_POINT('',(-25.05,29.035697144503,-6.25));
#6750 = VECTOR('',#6751,1.);
#6751 = DIRECTION('',(0.,0.,1.));
#6752 = ORIENTED_EDGE('',*,*,#2164,.F.);
#6753 = ORIENTED_EDGE('',*,*,#6754,.F.);
#6754 = EDGE_CURVE('',#6755,#2157,#6757,.T.);
#6755 = VERTEX_POINT('',#6756);
#6756 = CARTESIAN_POINT('',(-25.05,31.614302855497,-6.40544620715));
#6757 = LINE('',#6758,#6759);
#6758 = CARTESIAN_POINT('',(-25.05,31.614302855497,-6.25));
#6759 = VECTOR('',#6760,1.);
#6760 = DIRECTION('',(0.,0.,1.));
#6761 = ORIENTED_EDGE('',*,*,#6762,.T.);
#6762 = EDGE_CURVE('',#6755,#6763,#6765,.T.);
#6763 = VERTEX_POINT('',#6764);
#6764 = CARTESIAN_POINT('',(-25.05,34.614302855497,-6.40544620715));
#6765 = LINE('',#6766,#6767);
#6766 = CARTESIAN_POINT('',(-25.05,25.,-6.40544620715));
#6767 = VECTOR('',#6768,1.);
#6768 = DIRECTION('',(0.,1.,2.2E-16));
#6769 = ORIENTED_EDGE('',*,*,#6770,.F.);
#6770 = EDGE_CURVE('',#2133,#6763,#6771,.T.);
#6771 = LINE('',#6772,#6773);
#6772 = CARTESIAN_POINT('',(-25.05,34.614302855497,-6.25));
#6773 = VECTOR('',#6774,1.);
#6774 = DIRECTION('',(-0.,0.,-1.));
#6775 = PLANE('',#6776);
#6776 = AXIS2_PLACEMENT_3D('',#6777,#6778,#6779);
#6777 = CARTESIAN_POINT('',(-25.05,29.858840330095,-6.538968538286));
#6778 = DIRECTION('',(-1.,1.058E-14,-1.3416E-13));
#6779 = DIRECTION('',(1.3416E-13,3.254669619586E-44,-1.));
#6780 = ADVANCED_FACE('',(#6781),#6823,.F.);
#6781 = FACE_BOUND('',#6782,.F.);
#6782 = EDGE_LOOP('',(#6783,#6791,#6799,#6807,#6815,#6821,#6822));
#6783 = ORIENTED_EDGE('',*,*,#6784,.T.);
#6784 = EDGE_CURVE('',#6732,#6785,#6787,.T.);
#6785 = VERTEX_POINT('',#6786);
#6786 = CARTESIAN_POINT('',(-27.2,26.035697144503,-4.9));
#6787 = LINE('',#6788,#6789);
#6788 = CARTESIAN_POINT('',(-26.63618442752,26.035697144503,
    -5.294787914005));
#6789 = VECTOR('',#6790,1.);
#6790 = DIRECTION('',(-0.819152044289,0.,0.573576436351));
#6791 = ORIENTED_EDGE('',*,*,#6792,.T.);
#6792 = EDGE_CURVE('',#6785,#6793,#6795,.T.);
#6793 = VERTEX_POINT('',#6794);
#6794 = CARTESIAN_POINT('',(-27.2,26.035697144503,-4.451584214367));
#6795 = LINE('',#6796,#6797);
#6796 = CARTESIAN_POINT('',(-27.2,26.035697144503,-7.3));
#6797 = VECTOR('',#6798,1.);
#6798 = DIRECTION('',(0.,0.,1.));
#6799 = ORIENTED_EDGE('',*,*,#6800,.F.);
#6800 = EDGE_CURVE('',#6801,#6793,#6803,.T.);
#6801 = VERTEX_POINT('',#6802);
#6802 = CARTESIAN_POINT('',(-25.1,26.035697144503,-4.451584214367));
#6803 = LINE('',#6804,#6805);
#6804 = CARTESIAN_POINT('',(-27.2,26.035697144503,-4.451584214367));
#6805 = VECTOR('',#6806,1.);
#6806 = DIRECTION('',(-1.,4.4E-16,-2.8E-16));
#6807 = ORIENTED_EDGE('',*,*,#6808,.F.);
#6808 = EDGE_CURVE('',#6809,#6801,#6811,.T.);
#6809 = VERTEX_POINT('',#6810);
#6810 = CARTESIAN_POINT('',(-25.1,26.035697144503,-4.04));
#6811 = LINE('',#6812,#6813);
#6812 = CARTESIAN_POINT('',(-25.1,26.035697144503,-5.706553120166));
#6813 = VECTOR('',#6814,1.);
#6814 = DIRECTION('',(1.21E-15,0.,-1.));
#6815 = ORIENTED_EDGE('',*,*,#6816,.T.);
#6816 = EDGE_CURVE('',#6809,#2181,#6817,.T.);
#6817 = LINE('',#6818,#6819);
#6818 = CARTESIAN_POINT('',(-27.2,26.035697144503,-4.04));
#6819 = VECTOR('',#6820,1.);
#6820 = DIRECTION('',(1.,0.,0.));
#6821 = ORIENTED_EDGE('',*,*,#2188,.T.);
#6822 = ORIENTED_EDGE('',*,*,#6731,.T.);
#6823 = PLANE('',#6824);
#6824 = AXIS2_PLACEMENT_3D('',#6825,#6826,#6827);
#6825 = CARTESIAN_POINT('',(-27.2,26.035697144503,-7.3));
#6826 = DIRECTION('',(0.,1.,0.));
#6827 = DIRECTION('',(1.,0.,0.));
#6828 = ADVANCED_FACE('',(#6829),#6872,.T.);
#6829 = FACE_BOUND('',#6830,.T.);
#6830 = EDGE_LOOP('',(#6831,#6832,#6833,#6841,#6850,#6858,#6866));
#6831 = ORIENTED_EDGE('',*,*,#6816,.T.);
#6832 = ORIENTED_EDGE('',*,*,#2180,.T.);
#6833 = ORIENTED_EDGE('',*,*,#6834,.T.);
#6834 = EDGE_CURVE('',#2173,#6835,#6837,.T.);
#6835 = VERTEX_POINT('',#6836);
#6836 = CARTESIAN_POINT('',(-26.155,29.035697144503,-4.04));
#6837 = LINE('',#6838,#6839);
#6838 = CARTESIAN_POINT('',(-23.85,29.035697144503,-4.04));
#6839 = VECTOR('',#6840,1.);
#6840 = DIRECTION('',(-1.,0.,0.));
#6841 = ORIENTED_EDGE('',*,*,#6842,.T.);
#6842 = EDGE_CURVE('',#6835,#6843,#6845,.T.);
#6843 = VERTEX_POINT('',#6844);
#6844 = CARTESIAN_POINT('',(-27.2,27.338942890051,-4.04));
#6845 = CIRCLE('',#6846,1.9);
#6846 = AXIS2_PLACEMENT_3D('',#6847,#6848,#6849);
#6847 = CARTESIAN_POINT('',(-25.3,27.338942890051,-4.04));
#6848 = DIRECTION('',(0.,0.,1.));
#6849 = DIRECTION('',(1.,0.,-0.));
#6850 = ORIENTED_EDGE('',*,*,#6851,.T.);
#6851 = EDGE_CURVE('',#6843,#6852,#6854,.T.);
#6852 = VERTEX_POINT('',#6853);
#6853 = CARTESIAN_POINT('',(-27.2,27.108497170999,-4.04));
#6854 = LINE('',#6855,#6856);
#6855 = CARTESIAN_POINT('',(-27.2,27.338942890051,-4.04));
#6856 = VECTOR('',#6857,1.);
#6857 = DIRECTION('',(0.,-1.,0.));
#6858 = ORIENTED_EDGE('',*,*,#6859,.F.);
#6859 = EDGE_CURVE('',#6860,#6852,#6862,.T.);
#6860 = VERTEX_POINT('',#6861);
#6861 = CARTESIAN_POINT('',(-25.1,27.108497170999,-4.04));
#6862 = LINE('',#6863,#6864);
#6863 = CARTESIAN_POINT('',(-27.2,27.108497170999,-4.04));
#6864 = VECTOR('',#6865,1.);
#6865 = DIRECTION('',(-1.,4.4E-16,-2.8E-16));
#6866 = ORIENTED_EDGE('',*,*,#6867,.F.);
#6867 = EDGE_CURVE('',#6809,#6860,#6868,.T.);
#6868 = LINE('',#6869,#6870);
#6869 = CARTESIAN_POINT('',(-25.1,30.325,-4.04));
#6870 = VECTOR('',#6871,1.);
#6871 = DIRECTION('',(3.3E-16,1.,-0.));
#6872 = PLANE('',#6873);
#6873 = AXIS2_PLACEMENT_3D('',#6874,#6875,#6876);
#6874 = CARTESIAN_POINT('',(-25.41321656306,30.325,-4.04));
#6875 = DIRECTION('',(-0.,0.,1.));
#6876 = DIRECTION('',(1.,0.,0.));
#6877 = ADVANCED_FACE('',(#6878),#6897,.F.);
#6878 = FACE_BOUND('',#6879,.F.);
#6879 = EDGE_LOOP('',(#6880,#6888,#6889,#6890,#6891));
#6880 = ORIENTED_EDGE('',*,*,#6881,.T.);
#6881 = EDGE_CURVE('',#6882,#6740,#6884,.T.);
#6882 = VERTEX_POINT('',#6883);
#6883 = CARTESIAN_POINT('',(-26.155,29.035697144503,-5.631716877429));
#6884 = LINE('',#6885,#6886);
#6885 = CARTESIAN_POINT('',(-25.51224255749,29.035697144503,
    -6.081780483913));
#6886 = VECTOR('',#6887,1.);
#6887 = DIRECTION('',(0.819152044289,0.,-0.573576436351));
#6888 = ORIENTED_EDGE('',*,*,#6747,.T.);
#6889 = ORIENTED_EDGE('',*,*,#2172,.T.);
#6890 = ORIENTED_EDGE('',*,*,#6834,.T.);
#6891 = ORIENTED_EDGE('',*,*,#6892,.F.);
#6892 = EDGE_CURVE('',#6882,#6835,#6893,.T.);
#6893 = LINE('',#6894,#6895);
#6894 = CARTESIAN_POINT('',(-26.155,29.035697144503,-7.3));
#6895 = VECTOR('',#6896,1.);
#6896 = DIRECTION('',(0.,0.,1.));
#6897 = PLANE('',#6898);
#6898 = AXIS2_PLACEMENT_3D('',#6899,#6900,#6901);
#6899 = CARTESIAN_POINT('',(-23.85,29.035697144503,-7.3));
#6900 = DIRECTION('',(0.,-1.,0.));
#6901 = DIRECTION('',(-1.,0.,0.));
#6902 = ADVANCED_FACE('',(#6903),#6929,.T.);
#6903 = FACE_BOUND('',#6904,.T.);
#6904 = EDGE_LOOP('',(#6905,#6913,#6914,#6915,#6923));
#6905 = ORIENTED_EDGE('',*,*,#6906,.T.);
#6906 = EDGE_CURVE('',#6907,#6755,#6909,.T.);
#6907 = VERTEX_POINT('',#6908);
#6908 = CARTESIAN_POINT('',(-26.155,31.614302855497,-5.631716877429));
#6909 = LINE('',#6910,#6911);
#6910 = CARTESIAN_POINT('',(-25.51224255749,31.614302855497,
    -6.081780483913));
#6911 = VECTOR('',#6912,1.);
#6912 = DIRECTION('',(0.819152044289,0.,-0.573576436351));
#6913 = ORIENTED_EDGE('',*,*,#6754,.T.);
#6914 = ORIENTED_EDGE('',*,*,#2156,.T.);
#6915 = ORIENTED_EDGE('',*,*,#6916,.T.);
#6916 = EDGE_CURVE('',#2149,#6917,#6919,.T.);
#6917 = VERTEX_POINT('',#6918);
#6918 = CARTESIAN_POINT('',(-26.155,31.614302855497,-4.04));
#6919 = LINE('',#6920,#6921);
#6920 = CARTESIAN_POINT('',(-23.85,31.614302855497,-4.04));
#6921 = VECTOR('',#6922,1.);
#6922 = DIRECTION('',(-1.,0.,0.));
#6923 = ORIENTED_EDGE('',*,*,#6924,.F.);
#6924 = EDGE_CURVE('',#6907,#6917,#6925,.T.);
#6925 = LINE('',#6926,#6927);
#6926 = CARTESIAN_POINT('',(-26.155,31.614302855497,-7.3));
#6927 = VECTOR('',#6928,1.);
#6928 = DIRECTION('',(0.,0.,1.));
#6929 = PLANE('',#6930);
#6930 = AXIS2_PLACEMENT_3D('',#6931,#6932,#6933);
#6931 = CARTESIAN_POINT('',(-23.85,31.614302855497,-7.3));
#6932 = DIRECTION('',(0.,-1.,0.));
#6933 = DIRECTION('',(-1.,0.,0.));
#6934 = ADVANCED_FACE('',(#6935),#6978,.T.);
#6935 = FACE_BOUND('',#6936,.T.);
#6936 = EDGE_LOOP('',(#6937,#6947,#6954,#6955,#6956,#6964,#6972));
#6937 = ORIENTED_EDGE('',*,*,#6938,.F.);
#6938 = EDGE_CURVE('',#6939,#6941,#6943,.T.);
#6939 = VERTEX_POINT('',#6940);
#6940 = CARTESIAN_POINT('',(-27.2,33.311057109949,-4.04));
#6941 = VERTEX_POINT('',#6942);
#6942 = CARTESIAN_POINT('',(-27.2,33.541502829001,-4.04));
#6943 = LINE('',#6944,#6945);
#6944 = CARTESIAN_POINT('',(-27.2,33.311057109949,-4.04));
#6945 = VECTOR('',#6946,1.);
#6946 = DIRECTION('',(0.,1.,0.));
#6947 = ORIENTED_EDGE('',*,*,#6948,.T.);
#6948 = EDGE_CURVE('',#6939,#6917,#6949,.T.);
#6949 = CIRCLE('',#6950,1.9);
#6950 = AXIS2_PLACEMENT_3D('',#6951,#6952,#6953);
#6951 = CARTESIAN_POINT('',(-25.3,33.311057109949,-4.04));
#6952 = DIRECTION('',(0.,0.,1.));
#6953 = DIRECTION('',(1.,0.,-0.));
#6954 = ORIENTED_EDGE('',*,*,#6916,.F.);
#6955 = ORIENTED_EDGE('',*,*,#2148,.T.);
#6956 = ORIENTED_EDGE('',*,*,#6957,.F.);
#6957 = EDGE_CURVE('',#6958,#2141,#6960,.T.);
#6958 = VERTEX_POINT('',#6959);
#6959 = CARTESIAN_POINT('',(-25.1,34.614302855497,-4.04));
#6960 = LINE('',#6961,#6962);
#6961 = CARTESIAN_POINT('',(-27.2,34.614302855497,-4.04));
#6962 = VECTOR('',#6963,1.);
#6963 = DIRECTION('',(1.,0.,0.));
#6964 = ORIENTED_EDGE('',*,*,#6965,.F.);
#6965 = EDGE_CURVE('',#6966,#6958,#6968,.T.);
#6966 = VERTEX_POINT('',#6967);
#6967 = CARTESIAN_POINT('',(-25.1,33.541502829001,-4.04));
#6968 = LINE('',#6969,#6970);
#6969 = CARTESIAN_POINT('',(-25.1,30.325,-4.04));
#6970 = VECTOR('',#6971,1.);
#6971 = DIRECTION('',(3.3E-16,1.,-0.));
#6972 = ORIENTED_EDGE('',*,*,#6973,.T.);
#6973 = EDGE_CURVE('',#6966,#6941,#6974,.T.);
#6974 = LINE('',#6975,#6976);
#6975 = CARTESIAN_POINT('',(-27.2,33.541502829001,-4.04));
#6976 = VECTOR('',#6977,1.);
#6977 = DIRECTION('',(-1.,4.4E-16,-2.8E-16));
#6978 = PLANE('',#6979);
#6979 = AXIS2_PLACEMENT_3D('',#6980,#6981,#6982);
#6980 = CARTESIAN_POINT('',(-25.41321656306,30.325,-4.04));
#6981 = DIRECTION('',(-0.,0.,1.));
#6982 = DIRECTION('',(1.,0.,0.));
#6983 = ADVANCED_FACE('',(#6984),#7019,.T.);
#6984 = FACE_BOUND('',#6985,.T.);
#6985 = EDGE_LOOP('',(#6986,#6994,#7002,#7010,#7016,#7017,#7018));
#6986 = ORIENTED_EDGE('',*,*,#6987,.T.);
#6987 = EDGE_CURVE('',#6763,#6988,#6990,.T.);
#6988 = VERTEX_POINT('',#6989);
#6989 = CARTESIAN_POINT('',(-27.2,34.614302855497,-4.9));
#6990 = LINE('',#6991,#6992);
#6991 = CARTESIAN_POINT('',(-26.63618442752,34.614302855497,
    -5.294787914005));
#6992 = VECTOR('',#6993,1.);
#6993 = DIRECTION('',(-0.819152044289,0.,0.573576436351));
#6994 = ORIENTED_EDGE('',*,*,#6995,.T.);
#6995 = EDGE_CURVE('',#6988,#6996,#6998,.T.);
#6996 = VERTEX_POINT('',#6997);
#6997 = CARTESIAN_POINT('',(-27.2,34.614302855497,-4.451584214367));
#6998 = LINE('',#6999,#7000);
#6999 = CARTESIAN_POINT('',(-27.2,34.614302855497,-7.3));
#7000 = VECTOR('',#7001,1.);
#7001 = DIRECTION('',(0.,0.,1.));
#7002 = ORIENTED_EDGE('',*,*,#7003,.F.);
#7003 = EDGE_CURVE('',#7004,#6996,#7006,.T.);
#7004 = VERTEX_POINT('',#7005);
#7005 = CARTESIAN_POINT('',(-25.1,34.614302855497,-4.451584214367));
#7006 = LINE('',#7007,#7008);
#7007 = CARTESIAN_POINT('',(-27.2,34.614302855497,-4.451584214367));
#7008 = VECTOR('',#7009,1.);
#7009 = DIRECTION('',(-1.,4.4E-16,-2.8E-16));
#7010 = ORIENTED_EDGE('',*,*,#7011,.F.);
#7011 = EDGE_CURVE('',#6958,#7004,#7012,.T.);
#7012 = LINE('',#7013,#7014);
#7013 = CARTESIAN_POINT('',(-25.1,34.614302855497,-5.706553120166));
#7014 = VECTOR('',#7015,1.);
#7015 = DIRECTION('',(1.21E-15,0.,-1.));
#7016 = ORIENTED_EDGE('',*,*,#6957,.T.);
#7017 = ORIENTED_EDGE('',*,*,#2140,.T.);
#7018 = ORIENTED_EDGE('',*,*,#6770,.T.);
#7019 = PLANE('',#7020);
#7020 = AXIS2_PLACEMENT_3D('',#7021,#7022,#7023);
#7021 = CARTESIAN_POINT('',(-27.2,34.614302855497,-7.3));
#7022 = DIRECTION('',(0.,1.,0.));
#7023 = DIRECTION('',(1.,0.,0.));
#7024 = ADVANCED_FACE('',(#7025),#7044,.F.);
#7025 = FACE_BOUND('',#7026,.F.);
#7026 = EDGE_LOOP('',(#7027,#7028,#7036,#7043));
#7027 = ORIENTED_EDGE('',*,*,#2227,.T.);
#7028 = ORIENTED_EDGE('',*,*,#7029,.T.);
#7029 = EDGE_CURVE('',#2220,#7030,#7032,.T.);
#7030 = VERTEX_POINT('',#7031);
#7031 = CARTESIAN_POINT('',(-25.6,18.975,-7.7));
#7032 = LINE('',#7033,#7034);
#7033 = CARTESIAN_POINT('',(-25.6,18.975,-5.2));
#7034 = VECTOR('',#7035,1.);
#7035 = DIRECTION('',(0.,0.,-1.));
#7036 = ORIENTED_EDGE('',*,*,#7037,.F.);
#7037 = EDGE_CURVE('',#6717,#7030,#7038,.T.);
#7038 = CIRCLE('',#7039,3.);
#7039 = AXIS2_PLACEMENT_3D('',#7040,#7041,#7042);
#7040 = CARTESIAN_POINT('',(-28.05,20.706328969317,-7.7));
#7041 = DIRECTION('',(0.,0.,-1.));
#7042 = DIRECTION('',(1.,0.,0.));
#7043 = ORIENTED_EDGE('',*,*,#6724,.F.);
#7044 = CYLINDRICAL_SURFACE('',#7045,3.);
#7045 = AXIS2_PLACEMENT_3D('',#7046,#7047,#7048);
#7046 = CARTESIAN_POINT('',(-28.05,20.706328969317,-5.2));
#7047 = DIRECTION('',(0.,0.,-1.));
#7048 = DIRECTION('',(1.,0.,0.));
#7049 = ADVANCED_FACE('',(#7050),#7072,.T.);
#7050 = FACE_BOUND('',#7051,.T.);
#7051 = EDGE_LOOP('',(#7052,#7053,#7054,#7055,#7056,#7065));
#7052 = ORIENTED_EDGE('',*,*,#2324,.T.);
#7053 = ORIENTED_EDGE('',*,*,#2270,.F.);
#7054 = ORIENTED_EDGE('',*,*,#2245,.F.);
#7055 = ORIENTED_EDGE('',*,*,#7029,.T.);
#7056 = ORIENTED_EDGE('',*,*,#7057,.T.);
#7057 = EDGE_CURVE('',#7030,#7058,#7060,.T.);
#7058 = VERTEX_POINT('',#7059);
#7059 = CARTESIAN_POINT('',(-26.14999999999,17.243671030682,-7.7));
#7060 = CIRCLE('',#7061,3.);
#7061 = AXIS2_PLACEMENT_3D('',#7062,#7063,#7064);
#7062 = CARTESIAN_POINT('',(-23.14999999999,17.243671030683,-7.7));
#7063 = DIRECTION('',(0.,0.,1.));
#7064 = DIRECTION('',(1.,0.,-0.));
#7065 = ORIENTED_EDGE('',*,*,#7066,.T.);
#7066 = EDGE_CURVE('',#7058,#2325,#7067,.T.);
#7067 = CIRCLE('',#7068,3.);
#7068 = AXIS2_PLACEMENT_3D('',#7069,#7070,#7071);
#7069 = CARTESIAN_POINT('',(-23.14999999999,17.243671030683,-7.7));
#7070 = DIRECTION('',(0.,0.,1.));
#7071 = DIRECTION('',(1.,0.,-0.));
#7072 = CYLINDRICAL_SURFACE('',#7073,3.);
#7073 = AXIS2_PLACEMENT_3D('',#7074,#7075,#7076);
#7074 = CARTESIAN_POINT('',(-23.14999999999,17.243671030683,-5.2));
#7075 = DIRECTION('',(0.,0.,1.));
#7076 = DIRECTION('',(1.,0.,-0.));
#7077 = ADVANCED_FACE('',(#7078),#7089,.T.);
#7078 = FACE_BOUND('',#7079,.T.);
#7079 = EDGE_LOOP('',(#7080,#7081,#7087,#7088));
#7080 = ORIENTED_EDGE('',*,*,#7066,.F.);
#7081 = ORIENTED_EDGE('',*,*,#7082,.F.);
#7082 = EDGE_CURVE('',#5619,#7058,#7083,.T.);
#7083 = LINE('',#7084,#7085);
#7084 = CARTESIAN_POINT('',(-24.24999999999,17.243671030683,-9.6));
#7085 = VECTOR('',#7086,1.);
#7086 = DIRECTION('',(-0.707106781187,2.4E-16,0.707106781187));
#7087 = ORIENTED_EDGE('',*,*,#5618,.T.);
#7088 = ORIENTED_EDGE('',*,*,#2332,.F.);
#7089 = B_SPLINE_SURFACE_WITH_KNOTS('',1,9,(
    (#7090,#7091,#7092,#7093,#7094,#7095,#7096,#7097,#7098,#7099)
    ,(#7100,#7101,#7102,#7103,#7104,#7105,#7106,#7107,#7108,#7109
  )),.UNSPECIFIED.,.F.,.F.,.F.,(2,2),(10,10),(3.,4.),(3.14159265359,
    5.204221329804),.PIECEWISE_BEZIER_KNOTS.);
#7090 = CARTESIAN_POINT('',(-26.14999999999,17.243671030683,-7.7));
#7091 = CARTESIAN_POINT('',(-26.14999999999,16.556128138611,-7.7));
#7092 = CARTESIAN_POINT('',(-25.97273178933,15.868585246542,-7.7));
#7093 = CARTESIAN_POINT('',(-25.61819503539,15.233276895438,
    -7.700000000001));
#7094 = CARTESIAN_POINT('',(-25.10434887821,14.70243369768,
    -7.699999999999));
#7095 = CARTESIAN_POINT('',(-24.4670966899,14.320894434733,
    -7.700000000001));
#7096 = CARTESIAN_POINT('',(-23.75651519861,14.118641330725,-7.7));
#7097 = CARTESIAN_POINT('',(-23.02908347585,14.106147347509,-7.7));
#7098 = CARTESIAN_POINT('',(-22.33932224604,14.274577430325,-7.7));
#7099 = CARTESIAN_POINT('',(-21.73327448209,14.599263950276,-7.7));
#7100 = CARTESIAN_POINT('',(-24.24999999999,17.243671030683,-9.6));
#7101 = CARTESIAN_POINT('',(-24.4611111111,16.991571970256,-9.6));
#7102 = CARTESIAN_POINT('',(-24.60722387831,16.630611951921,-9.6));
#7103 = CARTESIAN_POINT('',(-24.64022099004,16.179942763781,-9.6));
#7104 = CARTESIAN_POINT('',(-24.51858308927,15.680776827205,-9.6));
#7105 = CARTESIAN_POINT('',(-24.21869150565,15.193637319973,-9.6));
#7106 = CARTESIAN_POINT('',(-23.74500528586,14.788717746509,-9.6));
#7107 = CARTESIAN_POINT('',(-23.13251691205,14.529731857822,-9.6));
#7108 = CARTESIAN_POINT('',(-22.43901774545,14.460665335988,-9.6));
#7109 = CARTESIAN_POINT('',(-21.73327448209,14.599263950281,-9.6));
#7110 = ADVANCED_FACE('',(#7111),#7133,.T.);
#7111 = FACE_BOUND('',#7112,.T.);
#7112 = EDGE_LOOP('',(#7113,#7114,#7115,#7128));
#7113 = ORIENTED_EDGE('',*,*,#2421,.F.);
#7114 = ORIENTED_EDGE('',*,*,#2397,.T.);
#7115 = ORIENTED_EDGE('',*,*,#7116,.T.);
#7116 = EDGE_CURVE('',#2398,#7117,#7119,.T.);
#7117 = VERTEX_POINT('',#7118);
#7118 = CARTESIAN_POINT('',(-18.7,24.808681747526,-8.6));
#7119 = B_SPLINE_CURVE_WITH_KNOTS('',7,(#7120,#7121,#7122,#7123,#7124,
    #7125,#7126,#7127),.UNSPECIFIED.,.F.,.F.,(8,8),(5.305800926063,
    6.28318530718),.PIECEWISE_BEZIER_KNOTS.);
#7120 = CARTESIAN_POINT('',(-18.87632283861,25.140296776548,-7.7));
#7121 = CARTESIAN_POINT('',(-18.83002064576,25.109065553127,
    -7.828571428571));
#7122 = CARTESIAN_POINT('',(-18.78880593791,25.070291823021,
    -7.957142857143));
#7123 = CARTESIAN_POINT('',(-18.75415305383,25.024970099799,
    -8.085714285714));
#7124 = CARTESIAN_POINT('',(-18.72729367147,24.97445494856,
    -8.214285714286));
#7125 = CARTESIAN_POINT('',(-18.70909790693,24.920382819654,
    -8.342857142857));
#7126 = CARTESIAN_POINT('',(-18.7,24.86453228359,-8.471428571429));
#7127 = CARTESIAN_POINT('',(-18.7,24.808681747526,-8.6));
#7128 = ORIENTED_EDGE('',*,*,#7129,.F.);
#7129 = EDGE_CURVE('',#2422,#7117,#7130,.T.);
#7130 = B_SPLINE_CURVE_WITH_KNOTS('',1,(#7131,#7132),.UNSPECIFIED.,.F.,
  .F.,(2,2),(2.,3.),.PIECEWISE_BEZIER_KNOTS.);
#7131 = CARTESIAN_POINT('',(-18.7,24.808681747526,-4.3));
#7132 = CARTESIAN_POINT('',(-18.7,24.808681747526,-8.6));
#7133 = B_SPLINE_SURFACE_WITH_KNOTS('',1,7,(
    (#7134,#7135,#7136,#7137,#7138,#7139,#7140,#7141)
    ,(#7142,#7143,#7144,#7145,#7146,#7147,#7148,#7149
  )),.UNSPECIFIED.,.F.,.F.,.F.,(2,2),(8,8),(2.,3.),(5.305800926063,
    6.28318530718),.PIECEWISE_BEZIER_KNOTS.);
#7134 = CARTESIAN_POINT('',(-18.87632283861,25.140296776548,-5.2));
#7135 = CARTESIAN_POINT('',(-18.83002064576,25.109065553127,
    -5.071428571429));
#7136 = CARTESIAN_POINT('',(-18.78880593791,25.070291823021,
    -4.942857142857));
#7137 = CARTESIAN_POINT('',(-18.75415305383,25.024970099799,
    -4.814285714286));
#7138 = CARTESIAN_POINT('',(-18.72729367147,24.97445494856,
    -4.685714285714));
#7139 = CARTESIAN_POINT('',(-18.70909790693,24.920382819655,
    -4.557142857143));
#7140 = CARTESIAN_POINT('',(-18.7,24.86453228359,-4.428571428571));
#7141 = CARTESIAN_POINT('',(-18.7,24.808681747526,-4.3));
#7142 = CARTESIAN_POINT('',(-18.87632283861,25.140296776548,-7.7));
#7143 = CARTESIAN_POINT('',(-18.83002064576,25.109065553127,
    -7.828571428571));
#7144 = CARTESIAN_POINT('',(-18.78880593791,25.070291823021,
    -7.957142857143));
#7145 = CARTESIAN_POINT('',(-18.75415305383,25.024970099799,
    -8.085714285714));
#7146 = CARTESIAN_POINT('',(-18.72729367147,24.97445494856,
    -8.214285714286));
#7147 = CARTESIAN_POINT('',(-18.70909790693,24.920382819654,
    -8.342857142857));
#7148 = CARTESIAN_POINT('',(-18.7,24.86453228359,-8.471428571429));
#7149 = CARTESIAN_POINT('',(-18.7,24.808681747526,-8.6));
#7150 = ADVANCED_FACE('',(#7151),#7161,.T.);
#7151 = FACE_BOUND('',#7152,.T.);
#7152 = EDGE_LOOP('',(#7153,#7154,#7155,#7156));
#7153 = ORIENTED_EDGE('',*,*,#7116,.F.);
#7154 = ORIENTED_EDGE('',*,*,#2405,.F.);
#7155 = ORIENTED_EDGE('',*,*,#5604,.T.);
#7156 = ORIENTED_EDGE('',*,*,#7157,.F.);
#7157 = EDGE_CURVE('',#7117,#5597,#7158,.T.);
#7158 = B_SPLINE_CURVE_WITH_KNOTS('',1,(#7159,#7160),.UNSPECIFIED.,.F.,
  .F.,(2,2),(3.,4.),.PIECEWISE_BEZIER_KNOTS.);
#7159 = CARTESIAN_POINT('',(-18.7,24.808681747526,-8.6));
#7160 = CARTESIAN_POINT('',(-17.9,24.808681747526,-9.6));
#7161 = B_SPLINE_SURFACE_WITH_KNOTS('',1,7,(
    (#7162,#7163,#7164,#7165,#7166,#7167,#7168,#7169)
    ,(#7170,#7171,#7172,#7173,#7174,#7175,#7176,#7177
  )),.UNSPECIFIED.,.F.,.F.,.F.,(2,2),(8,8),(3.,4.),(5.305800926063,
    6.28318530718),.PIECEWISE_BEZIER_KNOTS.);
#7162 = CARTESIAN_POINT('',(-18.87632283861,25.140296776548,-7.7));
#7163 = CARTESIAN_POINT('',(-18.83002064576,25.109065553127,
    -7.828571428571));
#7164 = CARTESIAN_POINT('',(-18.78880593791,25.070291823021,
    -7.957142857143));
#7165 = CARTESIAN_POINT('',(-18.75415305383,25.024970099799,
    -8.085714285714));
#7166 = CARTESIAN_POINT('',(-18.72729367147,24.97445494856,
    -8.214285714286));
#7167 = CARTESIAN_POINT('',(-18.70909790693,24.920382819654,
    -8.342857142857));
#7168 = CARTESIAN_POINT('',(-18.7,24.86453228359,-8.471428571429));
#7169 = CARTESIAN_POINT('',(-18.7,24.808681747526,-8.6));
#7170 = CARTESIAN_POINT('',(-18.87632283861,25.140296776548,-9.6));
#7171 = CARTESIAN_POINT('',(-18.76611288537,25.203812704276,-9.6));
#7172 = CARTESIAN_POINT('',(-18.63012228856,25.238965309705,-9.6));
#7173 = CARTESIAN_POINT('',(-18.47593078212,25.237698889135,-9.6));
#7174 = CARTESIAN_POINT('',(-18.31382109347,25.194301063223,-9.6));
#7175 = CARTESIAN_POINT('',(-18.15586514938,25.1065512732,-9.6));
#7176 = CARTESIAN_POINT('',(-18.01428571428,24.976233355718,-9.6));
#7177 = CARTESIAN_POINT('',(-17.9,24.808681747526,-9.6));
#7178 = ADVANCED_FACE('',(#7179),#7197,.T.);
#7179 = FACE_BOUND('',#7180,.T.);
#7180 = EDGE_LOOP('',(#7181,#7182,#7183,#7191));
#7181 = ORIENTED_EDGE('',*,*,#2461,.F.);
#7182 = ORIENTED_EDGE('',*,*,#7129,.T.);
#7183 = ORIENTED_EDGE('',*,*,#7184,.T.);
#7184 = EDGE_CURVE('',#7117,#7185,#7187,.T.);
#7185 = VERTEX_POINT('',#7186);
#7186 = CARTESIAN_POINT('',(-18.7,-19.54131825247,-8.6));
#7187 = LINE('',#7188,#7189);
#7188 = CARTESIAN_POINT('',(-18.7,24.808681747526,-8.6));
#7189 = VECTOR('',#7190,1.);
#7190 = DIRECTION('',(0.,-1.,2.2E-16));
#7191 = ORIENTED_EDGE('',*,*,#7192,.F.);
#7192 = EDGE_CURVE('',#2462,#7185,#7193,.T.);
#7193 = LINE('',#7194,#7195);
#7194 = CARTESIAN_POINT('',(-18.7,-19.54131825247,-4.3));
#7195 = VECTOR('',#7196,1.);
#7196 = DIRECTION('',(0.,-2.2E-16,-1.));
#7197 = PLANE('',#7198);
#7198 = AXIS2_PLACEMENT_3D('',#7199,#7200,#7201);
#7199 = CARTESIAN_POINT('',(-18.7,24.808681747526,-4.3));
#7200 = DIRECTION('',(-1.,0.,0.));
#7201 = DIRECTION('',(-0.,-2.2E-16,-1.));
#7202 = ADVANCED_FACE('',(#7203),#7219,.T.);
#7203 = FACE_BOUND('',#7204,.T.);
#7204 = EDGE_LOOP('',(#7205,#7206,#7207,#7218));
#7205 = ORIENTED_EDGE('',*,*,#2485,.F.);
#7206 = ORIENTED_EDGE('',*,*,#7192,.T.);
#7207 = ORIENTED_EDGE('',*,*,#7208,.T.);
#7208 = EDGE_CURVE('',#7185,#2535,#7209,.T.);
#7209 = B_SPLINE_CURVE_WITH_KNOTS('',7,(#7210,#7211,#7212,#7213,#7214,
    #7215,#7216,#7217),.UNSPECIFIED.,.F.,.F.,(8,8),(-4.44E-15,
    0.977384381117),.PIECEWISE_BEZIER_KNOTS.);
#7210 = CARTESIAN_POINT('',(-18.7,-19.54131825247,-8.6));
#7211 = CARTESIAN_POINT('',(-18.7,-19.59716878853,-8.471428571429));
#7212 = CARTESIAN_POINT('',(-18.70909790693,-19.6530193246,
    -8.342857142857));
#7213 = CARTESIAN_POINT('',(-18.72729367147,-19.7070914535,
    -8.214285714286));
#7214 = CARTESIAN_POINT('',(-18.75415305383,-19.75760660474,
    -8.085714285714));
#7215 = CARTESIAN_POINT('',(-18.78880593791,-19.80292832796,
    -7.957142857143));
#7216 = CARTESIAN_POINT('',(-18.83002064576,-19.84170205807,
    -7.828571428571));
#7217 = CARTESIAN_POINT('',(-18.87632283861,-19.87293328149,-7.7));
#7218 = ORIENTED_EDGE('',*,*,#2541,.F.);
#7219 = B_SPLINE_SURFACE_WITH_KNOTS('',1,7,(
    (#7220,#7221,#7222,#7223,#7224,#7225,#7226,#7227)
    ,(#7228,#7229,#7230,#7231,#7232,#7233,#7234,#7235
  )),.UNSPECIFIED.,.F.,.F.,.F.,(2,2),(8,8),(2.,3.),(-4.44E-15,
    0.977384381117),.PIECEWISE_BEZIER_KNOTS.);
#7220 = CARTESIAN_POINT('',(-18.7,-19.54131825247,-4.3));
#7221 = CARTESIAN_POINT('',(-18.7,-19.59716878853,-4.428571428571));
#7222 = CARTESIAN_POINT('',(-18.70909790693,-19.6530193246,
    -4.557142857143));
#7223 = CARTESIAN_POINT('',(-18.72729367147,-19.7070914535,
    -4.685714285714));
#7224 = CARTESIAN_POINT('',(-18.75415305383,-19.75760660474,
    -4.814285714286));
#7225 = CARTESIAN_POINT('',(-18.78880593791,-19.80292832796,
    -4.942857142857));
#7226 = CARTESIAN_POINT('',(-18.83002064576,-19.84170205807,
    -5.071428571429));
#7227 = CARTESIAN_POINT('',(-18.87632283861,-19.87293328149,-5.2));
#7228 = CARTESIAN_POINT('',(-18.7,-19.54131825247,-8.6));
#7229 = CARTESIAN_POINT('',(-18.7,-19.59716878853,-8.471428571429));
#7230 = CARTESIAN_POINT('',(-18.70909790693,-19.6530193246,
    -8.342857142857));
#7231 = CARTESIAN_POINT('',(-18.72729367147,-19.7070914535,
    -8.214285714286));
#7232 = CARTESIAN_POINT('',(-18.75415305383,-19.75760660474,
    -8.085714285714));
#7233 = CARTESIAN_POINT('',(-18.78880593791,-19.80292832796,
    -7.957142857143));
#7234 = CARTESIAN_POINT('',(-18.83002064576,-19.84170205807,
    -7.828571428571));
#7235 = CARTESIAN_POINT('',(-18.87632283861,-19.87293328149,-7.7));
#7236 = ADVANCED_FACE('',(#7237),#7248,.T.);
#7237 = FACE_BOUND('',#7238,.T.);
#7238 = EDGE_LOOP('',(#7239,#7240,#7246,#7247));
#7239 = ORIENTED_EDGE('',*,*,#7208,.F.);
#7240 = ORIENTED_EDGE('',*,*,#7241,.F.);
#7241 = EDGE_CURVE('',#5584,#7185,#7242,.T.);
#7242 = LINE('',#7243,#7244);
#7243 = CARTESIAN_POINT('',(-17.9,-19.54131825247,-9.6));
#7244 = VECTOR('',#7245,1.);
#7245 = DIRECTION('',(-0.624695047554,1.7E-16,0.780868809443));
#7246 = ORIENTED_EDGE('',*,*,#5583,.T.);
#7247 = ORIENTED_EDGE('',*,*,#2534,.F.);
#7248 = B_SPLINE_SURFACE_WITH_KNOTS('',1,7,(
    (#7249,#7250,#7251,#7252,#7253,#7254,#7255,#7256)
    ,(#7257,#7258,#7259,#7260,#7261,#7262,#7263,#7264
  )),.UNSPECIFIED.,.F.,.F.,.F.,(2,2),(8,8),(3.,4.),(-4.44E-15,
    0.977384381117),.PIECEWISE_BEZIER_KNOTS.);
#7249 = CARTESIAN_POINT('',(-18.7,-19.54131825247,-8.6));
#7250 = CARTESIAN_POINT('',(-18.7,-19.59716878853,-8.471428571429));
#7251 = CARTESIAN_POINT('',(-18.70909790693,-19.6530193246,
    -8.342857142857));
#7252 = CARTESIAN_POINT('',(-18.72729367147,-19.7070914535,
    -8.214285714286));
#7253 = CARTESIAN_POINT('',(-18.75415305383,-19.75760660474,
    -8.085714285714));
#7254 = CARTESIAN_POINT('',(-18.78880593791,-19.80292832796,
    -7.957142857143));
#7255 = CARTESIAN_POINT('',(-18.83002064576,-19.84170205807,
    -7.828571428571));
#7256 = CARTESIAN_POINT('',(-18.87632283861,-19.87293328149,-7.7));
#7257 = CARTESIAN_POINT('',(-17.9,-19.54131825247,-9.6));
#7258 = CARTESIAN_POINT('',(-18.01428571428,-19.70886986066,-9.6));
#7259 = CARTESIAN_POINT('',(-18.15586514938,-19.83918777814,-9.6));
#7260 = CARTESIAN_POINT('',(-18.31382109348,-19.92693756817,-9.6));
#7261 = CARTESIAN_POINT('',(-18.47593078212,-19.97033539408,-9.6));
#7262 = CARTESIAN_POINT('',(-18.63012228856,-19.97160181465,-9.6));
#7263 = CARTESIAN_POINT('',(-18.76611288537,-19.93644920922,-9.6));
#7264 = CARTESIAN_POINT('',(-18.87632283861,-19.87293328149,-9.6));
#7265 = ADVANCED_FACE('',(#7266),#7285,.T.);
#7266 = FACE_BOUND('',#7267,.T.);
#7267 = EDGE_LOOP('',(#7268,#7277,#7278,#7279));
#7268 = ORIENTED_EDGE('',*,*,#7269,.F.);
#7269 = EDGE_CURVE('',#2587,#7270,#7272,.T.);
#7270 = VERTEX_POINT('',#7271);
#7271 = CARTESIAN_POINT('',(-26.14999999992,-11.97632896931,-7.7));
#7272 = CIRCLE('',#7273,3.);
#7273 = AXIS2_PLACEMENT_3D('',#7274,#7275,#7276);
#7274 = CARTESIAN_POINT('',(-23.14999999999,-11.97630753563,-7.7));
#7275 = DIRECTION('',(-0.,0.,1.));
#7276 = DIRECTION('',(1.,-5.33262E-12,0.));
#7277 = ORIENTED_EDGE('',*,*,#2586,.T.);
#7278 = ORIENTED_EDGE('',*,*,#5567,.T.);
#7279 = ORIENTED_EDGE('',*,*,#7280,.T.);
#7280 = EDGE_CURVE('',#5559,#7270,#7281,.T.);
#7281 = LINE('',#7282,#7283);
#7282 = CARTESIAN_POINT('',(-24.24999999997,-11.97631539464,-9.6));
#7283 = VECTOR('',#7284,1.);
#7284 = DIRECTION('',(-0.707106781169,-5.05196855783E-06,0.707106781187)
  );
#7285 = B_SPLINE_SURFACE_WITH_KNOTS('',1,9,(
    (#7286,#7287,#7288,#7289,#7290,#7291,#7292,#7293,#7294,#7295)
    ,(#7296,#7297,#7298,#7299,#7300,#7301,#7302,#7303,#7304,#7305
  )),.UNSPECIFIED.,.F.,.F.,.F.,(2,2),(10,10),(3.,4.),(1.078963977376,
    3.141599798152),.PIECEWISE_BEZIER_KNOTS.);
#7286 = CARTESIAN_POINT('',(-21.73327448207,-9.331900455231,-7.7));
#7287 = CARTESIAN_POINT('',(-22.33932434527,-9.007212810622,-7.7));
#7288 = CARTESIAN_POINT('',(-23.02908825425,-8.838782685638,-7.7));
#7289 = CARTESIAN_POINT('',(-23.75652275765,-8.851277965515,-7.7));
#7290 = CARTESIAN_POINT('',(-24.46710653522,-9.053533741924,-7.7));
#7291 = CARTESIAN_POINT('',(-25.10435991476,-9.435076810597,-7.7));
#7292 = CARTESIAN_POINT('',(-25.6182057146,-9.965924432826,-7.7));
#7293 = CARTESIAN_POINT('',(-25.97274038563,-10.60123715565,-7.7));
#7294 = CARTESIAN_POINT('',(-26.15000491213,-11.28878369574,-7.7));
#7295 = CARTESIAN_POINT('',(-26.14999999992,-11.97632896931,-7.7));
#7296 = CARTESIAN_POINT('',(-21.73327448207,-9.331900455231,-9.6));
#7297 = CARTESIAN_POINT('',(-22.43901984468,-9.19330071628,-9.6));
#7298 = CARTESIAN_POINT('',(-23.13252135807,-9.262367374017,-9.6));
#7299 = CARTESIAN_POINT('',(-23.74501169032,-9.521354621654,-9.6));
#7300 = CARTESIAN_POINT('',(-24.21869892925,-9.926276412227,-9.6));
#7301 = CARTESIAN_POINT('',(-24.51859031189,-10.41341838008,-9.6));
#7302 = CARTESIAN_POINT('',(-24.64022690567,-10.91258636383,-9.6));
#7303 = CARTESIAN_POINT('',(-24.60722780804,-11.36325674458,-9.6));
#7304 = CARTESIAN_POINT('',(-24.46111291222,-11.72421696929,-9.6));
#7305 = CARTESIAN_POINT('',(-24.24999999997,-11.97631539464,-9.6));
#7306 = ADVANCED_FACE('',(#7307),#7328,.T.);
#7307 = FACE_BOUND('',#7308,.T.);
#7308 = EDGE_LOOP('',(#7309,#7317,#7318,#7319,#7320,#7321));
#7309 = ORIENTED_EDGE('',*,*,#7310,.T.);
#7310 = EDGE_CURVE('',#7311,#2674,#7313,.T.);
#7311 = VERTEX_POINT('',#7312);
#7312 = CARTESIAN_POINT('',(-25.6,-13.70763650494,-7.7));
#7313 = LINE('',#7314,#7315);
#7314 = CARTESIAN_POINT('',(-25.6,-13.70763650494,-5.2));
#7315 = VECTOR('',#7316,1.);
#7316 = DIRECTION('',(0.,0.,1.));
#7317 = ORIENTED_EDGE('',*,*,#2673,.F.);
#7318 = ORIENTED_EDGE('',*,*,#2626,.F.);
#7319 = ORIENTED_EDGE('',*,*,#2595,.T.);
#7320 = ORIENTED_EDGE('',*,*,#7269,.T.);
#7321 = ORIENTED_EDGE('',*,*,#7322,.T.);
#7322 = EDGE_CURVE('',#7270,#7311,#7323,.T.);
#7323 = CIRCLE('',#7324,3.);
#7324 = AXIS2_PLACEMENT_3D('',#7325,#7326,#7327);
#7325 = CARTESIAN_POINT('',(-23.14999999999,-11.97630753563,-7.7));
#7326 = DIRECTION('',(0.,-0.,1.));
#7327 = DIRECTION('',(1.,1.18E-15,0.));
#7328 = CYLINDRICAL_SURFACE('',#7329,3.);
#7329 = AXIS2_PLACEMENT_3D('',#7330,#7331,#7332);
#7330 = CARTESIAN_POINT('',(-23.14999999999,-11.97630753563,-5.2));
#7331 = DIRECTION('',(0.,0.,1.));
#7332 = DIRECTION('',(1.,-5.33262E-12,0.));
#7333 = ADVANCED_FACE('',(#7334),#7353,.F.);
#7334 = FACE_BOUND('',#7335,.F.);
#7335 = EDGE_LOOP('',(#7336,#7337,#7345,#7352));
#7336 = ORIENTED_EDGE('',*,*,#2705,.T.);
#7337 = ORIENTED_EDGE('',*,*,#7338,.T.);
#7338 = EDGE_CURVE('',#2698,#7339,#7341,.T.);
#7339 = VERTEX_POINT('',#7340);
#7340 = CARTESIAN_POINT('',(-25.05,-15.43896547426,-7.7));
#7341 = LINE('',#7342,#7343);
#7342 = CARTESIAN_POINT('',(-25.05,-15.43896547426,-5.2));
#7343 = VECTOR('',#7344,1.);
#7344 = DIRECTION('',(0.,0.,-1.));
#7345 = ORIENTED_EDGE('',*,*,#7346,.F.);
#7346 = EDGE_CURVE('',#7311,#7339,#7347,.T.);
#7347 = CIRCLE('',#7348,3.);
#7348 = AXIS2_PLACEMENT_3D('',#7349,#7350,#7351);
#7349 = CARTESIAN_POINT('',(-28.05,-15.43896547426,-7.7));
#7350 = DIRECTION('',(0.,-0.,-1.));
#7351 = DIRECTION('',(1.,-1.18E-15,0.));
#7352 = ORIENTED_EDGE('',*,*,#7310,.T.);
#7353 = CYLINDRICAL_SURFACE('',#7354,3.);
#7354 = AXIS2_PLACEMENT_3D('',#7355,#7356,#7357);
#7355 = CARTESIAN_POINT('',(-28.05,-15.43896547426,-5.2));
#7356 = DIRECTION('',(0.,0.,-1.));
#7357 = DIRECTION('',(1.,-1.18E-15,0.));
#7358 = ADVANCED_FACE('',(#7359),#7377,.T.);
#7359 = FACE_BOUND('',#7360,.T.);
#7360 = EDGE_LOOP('',(#7361,#7362,#7363,#7371));
#7361 = ORIENTED_EDGE('',*,*,#2723,.F.);
#7362 = ORIENTED_EDGE('',*,*,#7338,.T.);
#7363 = ORIENTED_EDGE('',*,*,#7364,.T.);
#7364 = EDGE_CURVE('',#7339,#7365,#7367,.T.);
#7365 = VERTEX_POINT('',#7366);
#7366 = CARTESIAN_POINT('',(-25.05,-35.36120304472,-7.7));
#7367 = LINE('',#7368,#7369);
#7368 = CARTESIAN_POINT('',(-25.05,-15.43896547426,-7.7));
#7369 = VECTOR('',#7370,1.);
#7370 = DIRECTION('',(0.,-1.,3.E-17));
#7371 = ORIENTED_EDGE('',*,*,#7372,.F.);
#7372 = EDGE_CURVE('',#2724,#7365,#7373,.T.);
#7373 = LINE('',#7374,#7375);
#7374 = CARTESIAN_POINT('',(-25.05,-35.36120304472,-5.2));
#7375 = VECTOR('',#7376,1.);
#7376 = DIRECTION('',(-4.E-17,-3.E-17,-1.));
#7377 = PLANE('',#7378);
#7378 = AXIS2_PLACEMENT_3D('',#7379,#7380,#7381);
#7379 = CARTESIAN_POINT('',(-25.05,-15.43896547426,-5.2));
#7380 = DIRECTION('',(-1.,0.,4.E-17));
#7381 = DIRECTION('',(-4.E-17,-3.E-17,-1.));
#7382 = ADVANCED_FACE('',(#7383),#7402,.F.);
#7383 = FACE_BOUND('',#7384,.F.);
#7384 = EDGE_LOOP('',(#7385,#7386,#7394,#7401));
#7385 = ORIENTED_EDGE('',*,*,#2754,.T.);
#7386 = ORIENTED_EDGE('',*,*,#7387,.T.);
#7387 = EDGE_CURVE('',#2747,#7388,#7390,.T.);
#7388 = VERTEX_POINT('',#7389);
#7389 = CARTESIAN_POINT('',(-25.61410256409,-37.11231802717,-7.7));
#7390 = LINE('',#7391,#7392);
#7391 = CARTESIAN_POINT('',(-25.61410256409,-37.11231802717,-5.2));
#7392 = VECTOR('',#7393,1.);
#7393 = DIRECTION('',(0.,0.,-1.));
#7394 = ORIENTED_EDGE('',*,*,#7395,.F.);
#7395 = EDGE_CURVE('',#7365,#7388,#7396,.T.);
#7396 = CIRCLE('',#7397,3.);
#7397 = AXIS2_PLACEMENT_3D('',#7398,#7399,#7400);
#7398 = CARTESIAN_POINT('',(-28.05,-35.36120304472,-7.7));
#7399 = DIRECTION('',(0.,0.,-1.));
#7400 = DIRECTION('',(1.,0.,0.));
#7401 = ORIENTED_EDGE('',*,*,#7372,.F.);
#7402 = CYLINDRICAL_SURFACE('',#7403,3.);
#7403 = AXIS2_PLACEMENT_3D('',#7404,#7405,#7406);
#7404 = CARTESIAN_POINT('',(-28.05,-35.36120304472,-5.2));
#7405 = DIRECTION('',(0.,0.,-1.));
#7406 = DIRECTION('',(1.,0.,0.));
#7407 = ADVANCED_FACE('',(#7408),#7427,.T.);
#7408 = FACE_BOUND('',#7409,.T.);
#7409 = EDGE_LOOP('',(#7410,#7411,#7412,#7421));
#7410 = ORIENTED_EDGE('',*,*,#2772,.F.);
#7411 = ORIENTED_EDGE('',*,*,#7387,.T.);
#7412 = ORIENTED_EDGE('',*,*,#7413,.T.);
#7413 = EDGE_CURVE('',#7388,#7414,#7416,.T.);
#7414 = VERTEX_POINT('',#7415);
#7415 = CARTESIAN_POINT('',(-23.34999999999,-41.62543863024,-7.7));
#7416 = CIRCLE('',#7417,2.85);
#7417 = AXIS2_PLACEMENT_3D('',#7418,#7419,#7420);
#7418 = CARTESIAN_POINT('',(-23.29999999998,-38.77587726049,-7.7));
#7419 = DIRECTION('',(0.,-0.,1.));
#7420 = DIRECTION('',(1.,2.49E-15,0.));
#7421 = ORIENTED_EDGE('',*,*,#7422,.T.);
#7422 = EDGE_CURVE('',#7414,#2773,#7423,.T.);
#7423 = LINE('',#7424,#7425);
#7424 = CARTESIAN_POINT('',(-23.34999999999,-41.62543863024,-5.2));
#7425 = VECTOR('',#7426,1.);
#7426 = DIRECTION('',(0.,0.,1.));
#7427 = CYLINDRICAL_SURFACE('',#7428,2.85);
#7428 = AXIS2_PLACEMENT_3D('',#7429,#7430,#7431);
#7429 = CARTESIAN_POINT('',(-23.29999999998,-38.77587726049,-5.2));
#7430 = DIRECTION('',(0.,0.,1.));
#7431 = DIRECTION('',(1.,2.49E-15,-0.));
#7432 = ADVANCED_FACE('',(#7433),#7452,.F.);
#7433 = FACE_BOUND('',#7434,.F.);
#7434 = EDGE_LOOP('',(#7435,#7436,#7444,#7451));
#7435 = ORIENTED_EDGE('',*,*,#2812,.T.);
#7436 = ORIENTED_EDGE('',*,*,#7437,.T.);
#7437 = EDGE_CURVE('',#2805,#7438,#7440,.T.);
#7438 = VERTEX_POINT('',#7439);
#7439 = CARTESIAN_POINT('',(-20.55043863024,-44.425,-7.7));
#7440 = LINE('',#7441,#7442);
#7441 = CARTESIAN_POINT('',(-20.55043863024,-44.425,-5.2));
#7442 = VECTOR('',#7443,1.);
#7443 = DIRECTION('',(0.,0.,-1.));
#7444 = ORIENTED_EDGE('',*,*,#7445,.F.);
#7445 = EDGE_CURVE('',#7414,#7438,#7446,.T.);
#7446 = CIRCLE('',#7447,2.85);
#7447 = AXIS2_PLACEMENT_3D('',#7448,#7449,#7450);
#7448 = CARTESIAN_POINT('',(-23.4,-44.475,-7.7));
#7449 = DIRECTION('',(0.,-0.,-1.));
#7450 = DIRECTION('',(1.,-2.49E-15,0.));
#7451 = ORIENTED_EDGE('',*,*,#7422,.T.);
#7452 = CYLINDRICAL_SURFACE('',#7453,2.85);
#7453 = AXIS2_PLACEMENT_3D('',#7454,#7455,#7456);
#7454 = CARTESIAN_POINT('',(-23.4,-44.475,-5.2));
#7455 = DIRECTION('',(0.,0.,-1.));
#7456 = DIRECTION('',(1.,-2.49E-15,0.));
#7457 = ADVANCED_FACE('',(#7458),#7499,.T.);
#7458 = FACE_BOUND('',#7459,.T.);
#7459 = EDGE_LOOP('',(#7460,#7468,#7476,#7484,#7492,#7498));
#7460 = ORIENTED_EDGE('',*,*,#7461,.T.);
#7461 = EDGE_CURVE('',#2805,#7462,#7464,.T.);
#7462 = VERTEX_POINT('',#7463);
#7463 = CARTESIAN_POINT('',(-20.65042323971,-44.42675438596,-1.7));
#7464 = LINE('',#7465,#7466);
#7465 = CARTESIAN_POINT('',(-20.55043863024,-44.425,-5.2));
#7466 = VECTOR('',#7467,1.);
#7467 = DIRECTION('',(-2.855537839689E-02,-5.010486648923E-04,
    0.999592086461));
#7468 = ORIENTED_EDGE('',*,*,#7469,.T.);
#7469 = EDGE_CURVE('',#7462,#7470,#7472,.T.);
#7470 = VERTEX_POINT('',#7471);
#7471 = CARTESIAN_POINT('',(-20.20049249711,-44.41885964912,-1.7));
#7472 = LINE('',#7473,#7474);
#7473 = CARTESIAN_POINT('',(-20.65042323971,-44.42675438596,-1.7));
#7474 = VECTOR('',#7475,1.);
#7475 = DIRECTION('',(0.999846094651,1.754385964912E-02,0.));
#7476 = ORIENTED_EDGE('',*,*,#7477,.T.);
#7477 = EDGE_CURVE('',#7470,#7478,#7480,.T.);
#7478 = VERTEX_POINT('',#7479);
#7479 = CARTESIAN_POINT('',(-19.75056175452,-44.41096491228,-2.15));
#7480 = LINE('',#7481,#7482);
#7481 = CARTESIAN_POINT('',(-20.20049249711,-44.41885964912,-1.7));
#7482 = VECTOR('',#7483,1.);
#7483 = DIRECTION('',(0.706997953671,1.240538212607E-02,-0.707106781187)
  );
#7484 = ORIENTED_EDGE('',*,*,#7485,.T.);
#7485 = EDGE_CURVE('',#7478,#7486,#7488,.T.);
#7486 = VERTEX_POINT('',#7487);
#7487 = CARTESIAN_POINT('',(-19.75056175452,-44.41096491228,-3.95));
#7488 = LINE('',#7489,#7490);
#7489 = CARTESIAN_POINT('',(-19.75056175452,-44.41096491228,-2.15));
#7490 = VECTOR('',#7491,1.);
#7491 = DIRECTION('',(0.,0.,-1.));
#7492 = ORIENTED_EDGE('',*,*,#7493,.T.);
#7493 = EDGE_CURVE('',#7486,#2797,#7494,.T.);
#7494 = LINE('',#7495,#7496);
#7495 = CARTESIAN_POINT('',(-19.75056175452,-44.41096491228,-3.95));
#7496 = VECTOR('',#7497,1.);
#7497 = DIRECTION('',(0.706997953671,1.240538212607E-02,-0.707106781187)
  );
#7498 = ORIENTED_EDGE('',*,*,#2804,.T.);
#7499 = PLANE('',#7500);
#7500 = AXIS2_PLACEMENT_3D('',#7501,#7502,#7503);
#7501 = CARTESIAN_POINT('',(-20.21693155046,-44.41914809796,
    -3.390008490503));
#7502 = DIRECTION('',(-1.754385964913E-02,0.999846094651,7.8E-16));
#7503 = DIRECTION('',(0.999846094651,1.754385964913E-02,
    -6.017833830343E-34));
#7504 = ADVANCED_FACE('',(#7505),#7524,.F.);
#7505 = FACE_BOUND('',#7506,.F.);
#7506 = EDGE_LOOP('',(#7507,#7516,#7517,#7518));
#7507 = ORIENTED_EDGE('',*,*,#7508,.F.);
#7508 = EDGE_CURVE('',#7486,#7509,#7511,.T.);
#7509 = VERTEX_POINT('',#7510);
#7510 = CARTESIAN_POINT('',(-17.70087726049,-46.425,-3.95));
#7511 = CIRCLE('',#7512,2.05);
#7512 = AXIS2_PLACEMENT_3D('',#7513,#7514,#7515);
#7513 = CARTESIAN_POINT('',(-17.70087726049,-44.375,-3.95));
#7514 = DIRECTION('',(0.,-0.,1.));
#7515 = DIRECTION('',(1.,3.47E-15,0.));
#7516 = ORIENTED_EDGE('',*,*,#7493,.T.);
#7517 = ORIENTED_EDGE('',*,*,#2830,.T.);
#7518 = ORIENTED_EDGE('',*,*,#7519,.F.);
#7519 = EDGE_CURVE('',#7509,#2831,#7520,.T.);
#7520 = LINE('',#7521,#7522);
#7521 = CARTESIAN_POINT('',(-17.70087726049,-46.425,-3.95));
#7522 = VECTOR('',#7523,1.);
#7523 = DIRECTION('',(1.07E-15,0.707106781187,-0.707106781187));
#7524 = CONICAL_SURFACE('',#7525,2.05,0.785398163397);
#7525 = AXIS2_PLACEMENT_3D('',#7526,#7527,#7528);
#7526 = CARTESIAN_POINT('',(-17.70087726049,-44.375,-3.95));
#7527 = DIRECTION('',(0.,0.,1.));
#7528 = DIRECTION('',(1.,3.47E-15,-0.));
#7529 = ADVANCED_FACE('',(#7530),#7564,.F.);
#7530 = FACE_BOUND('',#7531,.F.);
#7531 = EDGE_LOOP('',(#7532,#7540,#7548,#7556,#7562,#7563));
#7532 = ORIENTED_EDGE('',*,*,#7533,.T.);
#7533 = EDGE_CURVE('',#2856,#7534,#7536,.T.);
#7534 = VERTEX_POINT('',#7535);
#7535 = CARTESIAN_POINT('',(-17.70087726049,-47.325,-1.7));
#7536 = LINE('',#7537,#7538);
#7537 = CARTESIAN_POINT('',(-17.70087726049,-47.225,-5.2));
#7538 = VECTOR('',#7539,1.);
#7539 = DIRECTION('',(-4.E-17,-2.855977389887E-02,0.999592086461));
#7540 = ORIENTED_EDGE('',*,*,#7541,.T.);
#7541 = EDGE_CURVE('',#7534,#7542,#7544,.T.);
#7542 = VERTEX_POINT('',#7543);
#7543 = CARTESIAN_POINT('',(-17.70087726049,-46.875,-1.7));
#7544 = LINE('',#7545,#7546);
#7545 = CARTESIAN_POINT('',(-17.70087726049,-47.325,-1.7));
#7546 = VECTOR('',#7547,1.);
#7547 = DIRECTION('',(1.52E-15,1.,0.));
#7548 = ORIENTED_EDGE('',*,*,#7549,.T.);
#7549 = EDGE_CURVE('',#7542,#7550,#7552,.T.);
#7550 = VERTEX_POINT('',#7551);
#7551 = CARTESIAN_POINT('',(-17.70087726049,-46.425,-2.15));
#7552 = LINE('',#7553,#7554);
#7553 = CARTESIAN_POINT('',(-17.70087726049,-46.875,-1.7));
#7554 = VECTOR('',#7555,1.);
#7555 = DIRECTION('',(1.07E-15,0.707106781187,-0.707106781187));
#7556 = ORIENTED_EDGE('',*,*,#7557,.T.);
#7557 = EDGE_CURVE('',#7550,#7509,#7558,.T.);
#7558 = LINE('',#7559,#7560);
#7559 = CARTESIAN_POINT('',(-17.70087726049,-46.425,-2.15));
#7560 = VECTOR('',#7561,1.);
#7561 = DIRECTION('',(0.,0.,-1.));
#7562 = ORIENTED_EDGE('',*,*,#7519,.T.);
#7563 = ORIENTED_EDGE('',*,*,#2855,.F.);
#7564 = PLANE('',#7565);
#7565 = AXIS2_PLACEMENT_3D('',#7566,#7567,#7568);
#7566 = CARTESIAN_POINT('',(-17.70087726049,-46.89144158379,
    -3.390008490503));
#7567 = DIRECTION('',(-1.,-4.3E-16,3.E-16));
#7568 = DIRECTION('',(4.3E-16,-1.,0.));
#7569 = ADVANCED_FACE('',(#7570),#7595,.T.);
#7570 = FACE_BOUND('',#7571,.T.);
#7571 = EDGE_LOOP('',(#7572,#7573,#7581,#7589));
#7572 = ORIENTED_EDGE('',*,*,#2863,.F.);
#7573 = ORIENTED_EDGE('',*,*,#7574,.F.);
#7574 = EDGE_CURVE('',#7575,#2856,#7577,.T.);
#7575 = VERTEX_POINT('',#7576);
#7576 = CARTESIAN_POINT('',(-17.70087726049,-47.225,-7.7));
#7577 = LINE('',#7578,#7579);
#7578 = CARTESIAN_POINT('',(-17.70087726049,-47.225,-5.2));
#7579 = VECTOR('',#7580,1.);
#7580 = DIRECTION('',(0.,0.,1.));
#7581 = ORIENTED_EDGE('',*,*,#7582,.T.);
#7582 = EDGE_CURVE('',#7575,#7583,#7585,.T.);
#7583 = VERTEX_POINT('',#7584);
#7584 = CARTESIAN_POINT('',(17.70087726049,-47.225,-7.7));
#7585 = LINE('',#7586,#7587);
#7586 = CARTESIAN_POINT('',(17.70087726049,-47.225,-7.7));
#7587 = VECTOR('',#7588,1.);
#7588 = DIRECTION('',(1.,0.,3.E-17));
#7589 = ORIENTED_EDGE('',*,*,#7590,.F.);
#7590 = EDGE_CURVE('',#2864,#7583,#7591,.T.);
#7591 = LINE('',#7592,#7593);
#7592 = CARTESIAN_POINT('',(17.70087726049,-47.225,-5.2));
#7593 = VECTOR('',#7594,1.);
#7594 = DIRECTION('',(3.E-17,-4.E-17,-1.));
#7595 = PLANE('',#7596);
#7596 = AXIS2_PLACEMENT_3D('',#7597,#7598,#7599);
#7597 = CARTESIAN_POINT('',(17.70087726049,-47.225,-5.2));
#7598 = DIRECTION('',(0.,-1.,4.E-17));
#7599 = DIRECTION('',(3.E-17,-4.E-17,-1.));
#7600 = ADVANCED_FACE('',(#7601),#7642,.T.);
#7601 = FACE_BOUND('',#7602,.T.);
#7602 = EDGE_LOOP('',(#7603,#7611,#7619,#7627,#7635,#7641));
#7603 = ORIENTED_EDGE('',*,*,#7604,.T.);
#7604 = EDGE_CURVE('',#2864,#7605,#7607,.T.);
#7605 = VERTEX_POINT('',#7606);
#7606 = CARTESIAN_POINT('',(17.70087726049,-47.325,-1.7));
#7607 = LINE('',#7608,#7609);
#7608 = CARTESIAN_POINT('',(17.70087726049,-47.225,-5.2));
#7609 = VECTOR('',#7610,1.);
#7610 = DIRECTION('',(1.E-16,-2.855977389887E-02,0.999592086461));
#7611 = ORIENTED_EDGE('',*,*,#7612,.T.);
#7612 = EDGE_CURVE('',#7605,#7613,#7615,.T.);
#7613 = VERTEX_POINT('',#7614);
#7614 = CARTESIAN_POINT('',(17.70087726049,-46.875,-1.7));
#7615 = LINE('',#7616,#7617);
#7616 = CARTESIAN_POINT('',(17.70087726049,-47.325,-1.7));
#7617 = VECTOR('',#7618,1.);
#7618 = DIRECTION('',(2.2E-16,1.,1.1E-16));
#7619 = ORIENTED_EDGE('',*,*,#7620,.T.);
#7620 = EDGE_CURVE('',#7613,#7621,#7623,.T.);
#7621 = VERTEX_POINT('',#7622);
#7622 = CARTESIAN_POINT('',(17.70087726049,-46.425,-2.15));
#7623 = LINE('',#7624,#7625);
#7624 = CARTESIAN_POINT('',(17.70087726049,-46.875,-1.7));
#7625 = VECTOR('',#7626,1.);
#7626 = DIRECTION('',(8.E-17,0.707106781187,-0.707106781187));
#7627 = ORIENTED_EDGE('',*,*,#7628,.T.);
#7628 = EDGE_CURVE('',#7621,#7629,#7631,.T.);
#7629 = VERTEX_POINT('',#7630);
#7630 = CARTESIAN_POINT('',(17.70087726049,-46.425,-3.95));
#7631 = LINE('',#7632,#7633);
#7632 = CARTESIAN_POINT('',(17.70087726049,-46.425,-2.15));
#7633 = VECTOR('',#7634,1.);
#7634 = DIRECTION('',(-1.1E-16,1.1E-16,-1.));
#7635 = ORIENTED_EDGE('',*,*,#7636,.T.);
#7636 = EDGE_CURVE('',#7629,#2872,#7637,.T.);
#7637 = LINE('',#7638,#7639);
#7638 = CARTESIAN_POINT('',(17.70087726049,-46.425,-3.95));
#7639 = VECTOR('',#7640,1.);
#7640 = DIRECTION('',(8.E-17,0.707106781187,-0.707106781187));
#7641 = ORIENTED_EDGE('',*,*,#2871,.T.);
#7642 = PLANE('',#7643);
#7643 = AXIS2_PLACEMENT_3D('',#7644,#7645,#7646);
#7644 = CARTESIAN_POINT('',(17.70087726049,-46.89144158379,
    -3.390008490503));
#7645 = DIRECTION('',(-1.,-0.,0.));
#7646 = DIRECTION('',(0.,-1.,0.));
#7647 = ADVANCED_FACE('',(#7648),#7667,.F.);
#7648 = FACE_BOUND('',#7649,.F.);
#7649 = EDGE_LOOP('',(#7650,#7659,#7660,#7661));
#7650 = ORIENTED_EDGE('',*,*,#7651,.F.);
#7651 = EDGE_CURVE('',#7629,#7652,#7654,.T.);
#7652 = VERTEX_POINT('',#7653);
#7653 = CARTESIAN_POINT('',(19.750561754524,-44.41096491228,-3.95));
#7654 = CIRCLE('',#7655,2.05);
#7655 = AXIS2_PLACEMENT_3D('',#7656,#7657,#7658);
#7656 = CARTESIAN_POINT('',(17.70087726049,-44.375,-3.95));
#7657 = DIRECTION('',(0.,0.,1.));
#7658 = DIRECTION('',(1.,0.,-0.));
#7659 = ORIENTED_EDGE('',*,*,#7636,.T.);
#7660 = ORIENTED_EDGE('',*,*,#2895,.T.);
#7661 = ORIENTED_EDGE('',*,*,#7662,.F.);
#7662 = EDGE_CURVE('',#7652,#2896,#7663,.T.);
#7663 = LINE('',#7664,#7665);
#7664 = CARTESIAN_POINT('',(19.750561754524,-44.41096491228,-3.95));
#7665 = VECTOR('',#7666,1.);
#7666 = DIRECTION('',(-0.706997953671,1.240538212607E-02,-0.707106781187
    ));
#7667 = CONICAL_SURFACE('',#7668,2.05,0.785398163397);
#7668 = AXIS2_PLACEMENT_3D('',#7669,#7670,#7671);
#7669 = CARTESIAN_POINT('',(17.70087726049,-44.375,-3.95));
#7670 = DIRECTION('',(0.,0.,1.));
#7671 = DIRECTION('',(1.,0.,-0.));
#7672 = ADVANCED_FACE('',(#7673),#7707,.F.);
#7673 = FACE_BOUND('',#7674,.F.);
#7674 = EDGE_LOOP('',(#7675,#7683,#7691,#7699,#7705,#7706));
#7675 = ORIENTED_EDGE('',*,*,#7676,.T.);
#7676 = EDGE_CURVE('',#2928,#7677,#7679,.T.);
#7677 = VERTEX_POINT('',#7678);
#7678 = CARTESIAN_POINT('',(20.65042323971,-44.42675438596,-1.7));
#7679 = LINE('',#7680,#7681);
#7680 = CARTESIAN_POINT('',(20.550438630245,-44.425,-5.2));
#7681 = VECTOR('',#7682,1.);
#7682 = DIRECTION('',(2.855537839689E-02,-5.010486648923E-04,
    0.999592086461));
#7683 = ORIENTED_EDGE('',*,*,#7684,.T.);
#7684 = EDGE_CURVE('',#7677,#7685,#7687,.T.);
#7685 = VERTEX_POINT('',#7686);
#7686 = CARTESIAN_POINT('',(20.200492497117,-44.41885964912,-1.7));
#7687 = LINE('',#7688,#7689);
#7688 = CARTESIAN_POINT('',(20.65042323971,-44.42675438596,-1.7));
#7689 = VECTOR('',#7690,1.);
#7690 = DIRECTION('',(-0.999846094651,1.754385964912E-02,1.1E-16));
#7691 = ORIENTED_EDGE('',*,*,#7692,.T.);
#7692 = EDGE_CURVE('',#7685,#7693,#7695,.T.);
#7693 = VERTEX_POINT('',#7694);
#7694 = CARTESIAN_POINT('',(19.750561754524,-44.41096491228,-2.15));
#7695 = LINE('',#7696,#7697);
#7696 = CARTESIAN_POINT('',(20.200492497117,-44.41885964912,-1.7));
#7697 = VECTOR('',#7698,1.);
#7698 = DIRECTION('',(-0.706997953671,1.240538212607E-02,-0.707106781187
    ));
#7699 = ORIENTED_EDGE('',*,*,#7700,.T.);
#7700 = EDGE_CURVE('',#7693,#7652,#7701,.T.);
#7701 = LINE('',#7702,#7703);
#7702 = CARTESIAN_POINT('',(19.750561754524,-44.41096491228,-2.15));
#7703 = VECTOR('',#7704,1.);
#7704 = DIRECTION('',(-1.1E-16,-1.1E-16,-1.));
#7705 = ORIENTED_EDGE('',*,*,#7662,.T.);
#7706 = ORIENTED_EDGE('',*,*,#2936,.F.);
#7707 = PLANE('',#7708);
#7708 = AXIS2_PLACEMENT_3D('',#7709,#7710,#7711);
#7709 = CARTESIAN_POINT('',(20.216931550463,-44.41914809796,
    -3.390008490503));
#7710 = DIRECTION('',(-1.754385964913E-02,-0.999846094651,-4.9E-16));
#7711 = DIRECTION('',(-0.999846094651,1.754385964913E-02,
    -1.728891838227E-35));
#7712 = ADVANCED_FACE('',(#7713),#7739,.F.);
#7713 = FACE_BOUND('',#7714,.F.);
#7714 = EDGE_LOOP('',(#7715,#7716,#7724,#7733));
#7715 = ORIENTED_EDGE('',*,*,#2927,.T.);
#7716 = ORIENTED_EDGE('',*,*,#7717,.T.);
#7717 = EDGE_CURVE('',#2920,#7718,#7720,.T.);
#7718 = VERTEX_POINT('',#7719);
#7719 = CARTESIAN_POINT('',(23.35,-41.62543863024,-7.7));
#7720 = LINE('',#7721,#7722);
#7721 = CARTESIAN_POINT('',(23.35,-41.62543863024,-5.2));
#7722 = VECTOR('',#7723,1.);
#7723 = DIRECTION('',(0.,0.,-1.));
#7724 = ORIENTED_EDGE('',*,*,#7725,.F.);
#7725 = EDGE_CURVE('',#7726,#7718,#7728,.T.);
#7726 = VERTEX_POINT('',#7727);
#7727 = CARTESIAN_POINT('',(20.550438630245,-44.425,-7.7));
#7728 = CIRCLE('',#7729,2.85);
#7729 = AXIS2_PLACEMENT_3D('',#7730,#7731,#7732);
#7730 = CARTESIAN_POINT('',(23.4,-44.475,-7.7));
#7731 = DIRECTION('',(0.,0.,-1.));
#7732 = DIRECTION('',(1.,0.,0.));
#7733 = ORIENTED_EDGE('',*,*,#7734,.T.);
#7734 = EDGE_CURVE('',#7726,#2928,#7735,.T.);
#7735 = LINE('',#7736,#7737);
#7736 = CARTESIAN_POINT('',(20.550438630245,-44.425,-5.2));
#7737 = VECTOR('',#7738,1.);
#7738 = DIRECTION('',(0.,0.,1.));
#7739 = CYLINDRICAL_SURFACE('',#7740,2.85);
#7740 = AXIS2_PLACEMENT_3D('',#7741,#7742,#7743);
#7741 = CARTESIAN_POINT('',(23.4,-44.475,-5.2));
#7742 = DIRECTION('',(0.,0.,-1.));
#7743 = DIRECTION('',(1.,0.,0.));
#7744 = ADVANCED_FACE('',(#7745),#7764,.T.);
#7745 = FACE_BOUND('',#7746,.T.);
#7746 = EDGE_LOOP('',(#7747,#7748,#7749,#7758));
#7747 = ORIENTED_EDGE('',*,*,#2953,.F.);
#7748 = ORIENTED_EDGE('',*,*,#7717,.T.);
#7749 = ORIENTED_EDGE('',*,*,#7750,.T.);
#7750 = EDGE_CURVE('',#7718,#7751,#7753,.T.);
#7751 = VERTEX_POINT('',#7752);
#7752 = CARTESIAN_POINT('',(25.979487179487,-37.80487342169,-7.7));
#7753 = CIRCLE('',#7754,2.85);
#7754 = AXIS2_PLACEMENT_3D('',#7755,#7756,#7757);
#7755 = CARTESIAN_POINT('',(23.3,-38.77587726049,-7.7));
#7756 = DIRECTION('',(0.,0.,1.));
#7757 = DIRECTION('',(1.,0.,-0.));
#7758 = ORIENTED_EDGE('',*,*,#7759,.T.);
#7759 = EDGE_CURVE('',#7751,#2954,#7760,.T.);
#7760 = LINE('',#7761,#7762);
#7761 = CARTESIAN_POINT('',(25.979487179487,-37.80487342169,-5.2));
#7762 = VECTOR('',#7763,1.);
#7763 = DIRECTION('',(0.,0.,1.));
#7764 = CYLINDRICAL_SURFACE('',#7765,2.85);
#7765 = AXIS2_PLACEMENT_3D('',#7766,#7767,#7768);
#7766 = CARTESIAN_POINT('',(23.3,-38.77587726049,-5.2));
#7767 = DIRECTION('',(0.,0.,1.));
#7768 = DIRECTION('',(1.,0.,-0.));
#7769 = ADVANCED_FACE('',(#7770),#7789,.F.);
#7770 = FACE_BOUND('',#7771,.F.);
#7771 = EDGE_LOOP('',(#7772,#7773,#7781,#7788));
#7772 = ORIENTED_EDGE('',*,*,#2985,.T.);
#7773 = ORIENTED_EDGE('',*,*,#7774,.T.);
#7774 = EDGE_CURVE('',#2978,#7775,#7777,.T.);
#7775 = VERTEX_POINT('',#7776);
#7776 = CARTESIAN_POINT('',(25.8,-36.78276411769,-7.7));
#7777 = LINE('',#7778,#7779);
#7778 = CARTESIAN_POINT('',(25.8,-36.78276411769,-5.2));
#7779 = VECTOR('',#7780,1.);
#7780 = DIRECTION('',(0.,0.,-1.));
#7781 = ORIENTED_EDGE('',*,*,#7782,.F.);
#7782 = EDGE_CURVE('',#7751,#7775,#7783,.T.);
#7783 = CIRCLE('',#7784,3.);
#7784 = AXIS2_PLACEMENT_3D('',#7785,#7786,#7787);
#7785 = CARTESIAN_POINT('',(28.8,-36.78276411769,-7.7));
#7786 = DIRECTION('',(0.,0.,-1.));
#7787 = DIRECTION('',(1.,0.,0.));
#7788 = ORIENTED_EDGE('',*,*,#7759,.T.);
#7789 = CYLINDRICAL_SURFACE('',#7790,3.);
#7790 = AXIS2_PLACEMENT_3D('',#7791,#7792,#7793);
#7791 = CARTESIAN_POINT('',(28.8,-36.78276411769,-5.2));
#7792 = DIRECTION('',(0.,0.,-1.));
#7793 = DIRECTION('',(1.,0.,0.));
#7794 = ADVANCED_FACE('',(#7795),#7844,.T.);
#7795 = FACE_BOUND('',#7796,.T.);
#7796 = EDGE_LOOP('',(#7797,#7805,#7806,#7814,#7822,#7830,#7836,#7837,
    #7838));
#7797 = ORIENTED_EDGE('',*,*,#7798,.F.);
#7798 = EDGE_CURVE('',#5446,#7799,#7801,.T.);
#7799 = VERTEX_POINT('',#7800);
#7800 = CARTESIAN_POINT('',(25.8,-31.775,-7.7));
#7801 = LINE('',#7802,#7803);
#7802 = CARTESIAN_POINT('',(24.458189799097,-31.775,-9.041810200903));
#7803 = VECTOR('',#7804,1.);
#7804 = DIRECTION('',(0.707106781187,-0.,0.707106781187));
#7805 = ORIENTED_EDGE('',*,*,#5445,.T.);
#7806 = ORIENTED_EDGE('',*,*,#7807,.F.);
#7807 = EDGE_CURVE('',#7808,#5438,#7810,.T.);
#7808 = VERTEX_POINT('',#7809);
#7809 = CARTESIAN_POINT('',(23.1,-31.775,-9.2));
#7810 = LINE('',#7811,#7812);
#7811 = CARTESIAN_POINT('',(23.1,-31.775,-9.4));
#7812 = VECTOR('',#7813,1.);
#7813 = DIRECTION('',(4.E-17,-2.2E-16,-1.));
#7814 = ORIENTED_EDGE('',*,*,#7815,.F.);
#7815 = EDGE_CURVE('',#7816,#7808,#7818,.T.);
#7816 = VERTEX_POINT('',#7817);
#7817 = CARTESIAN_POINT('',(25.,-31.775,-7.3));
#7818 = LINE('',#7819,#7820);
#7819 = CARTESIAN_POINT('',(24.708189799097,-31.775,-7.591810200903));
#7820 = VECTOR('',#7821,1.);
#7821 = DIRECTION('',(-0.707106781187,0.,-0.707106781187));
#7822 = ORIENTED_EDGE('',*,*,#7823,.F.);
#7823 = EDGE_CURVE('',#7824,#7816,#7826,.T.);
#7824 = VERTEX_POINT('',#7825);
#7825 = CARTESIAN_POINT('',(25.,-31.775,-5.6));
#7826 = LINE('',#7827,#7828);
#7827 = CARTESIAN_POINT('',(25.,-31.775,-7.6));
#7828 = VECTOR('',#7829,1.);
#7829 = DIRECTION('',(4.E-17,-2.2E-16,-1.));
#7830 = ORIENTED_EDGE('',*,*,#7831,.F.);
#7831 = EDGE_CURVE('',#3036,#7824,#7832,.T.);
#7832 = LINE('',#7833,#7834);
#7833 = CARTESIAN_POINT('',(25.333189799097,-31.775,-5.933189799097));
#7834 = VECTOR('',#7835,1.);
#7835 = DIRECTION('',(0.707106781187,-3.1E-16,-0.707106781187));
#7836 = ORIENTED_EDGE('',*,*,#3035,.F.);
#7837 = ORIENTED_EDGE('',*,*,#3011,.F.);
#7838 = ORIENTED_EDGE('',*,*,#7839,.F.);
#7839 = EDGE_CURVE('',#7799,#3004,#7840,.T.);
#7840 = LINE('',#7841,#7842);
#7841 = CARTESIAN_POINT('',(25.8,-31.775,-7.4));
#7842 = VECTOR('',#7843,1.);
#7843 = DIRECTION('',(-4.E-17,2.2E-16,1.));
#7844 = PLANE('',#7845);
#7845 = AXIS2_PLACEMENT_3D('',#7846,#7847,#7848);
#7846 = CARTESIAN_POINT('',(26.132759196389,-31.775,-9.6));
#7847 = DIRECTION('',(2.2E-16,1.,-2.2E-16));
#7848 = DIRECTION('',(-2.2E-16,2.2E-16,1.));
#7849 = ADVANCED_FACE('',(#7850),#7861,.T.);
#7850 = FACE_BOUND('',#7851,.T.);
#7851 = EDGE_LOOP('',(#7852,#7853,#7854,#7860));
#7852 = ORIENTED_EDGE('',*,*,#3003,.F.);
#7853 = ORIENTED_EDGE('',*,*,#7774,.T.);
#7854 = ORIENTED_EDGE('',*,*,#7855,.T.);
#7855 = EDGE_CURVE('',#7775,#7799,#7856,.T.);
#7856 = LINE('',#7857,#7858);
#7857 = CARTESIAN_POINT('',(25.8,9.850378788789,-7.7));
#7858 = VECTOR('',#7859,1.);
#7859 = DIRECTION('',(-0.,1.,3.E-17));
#7860 = ORIENTED_EDGE('',*,*,#7839,.T.);
#7861 = PLANE('',#7862);
#7862 = AXIS2_PLACEMENT_3D('',#7863,#7864,#7865);
#7863 = CARTESIAN_POINT('',(25.8,9.850378788789,-5.2));
#7864 = DIRECTION('',(1.,0.,4.E-17));
#7865 = DIRECTION('',(4.E-17,3.E-17,-1.));
#7866 = ADVANCED_FACE('',(#7867),#7886,.T.);
#7867 = FACE_BOUND('',#7868,.T.);
#7868 = EDGE_LOOP('',(#7869,#7877,#7883,#7884,#7885));
#7869 = ORIENTED_EDGE('',*,*,#7870,.F.);
#7870 = EDGE_CURVE('',#7871,#7824,#7873,.T.);
#7871 = VERTEX_POINT('',#7872);
#7872 = CARTESIAN_POINT('',(25.,-36.78276411769,-5.6));
#7873 = LINE('',#7874,#7875);
#7874 = CARTESIAN_POINT('',(25.,9.850378788789,-5.6));
#7875 = VECTOR('',#7876,1.);
#7876 = DIRECTION('',(-0.,1.,3.E-17));
#7877 = ORIENTED_EDGE('',*,*,#7878,.F.);
#7878 = EDGE_CURVE('',#3069,#7871,#7879,.T.);
#7879 = LINE('',#7880,#7881);
#7880 = CARTESIAN_POINT('',(23.1,-36.78276411769,-3.7));
#7881 = VECTOR('',#7882,1.);
#7882 = DIRECTION('',(0.707106781187,-7.9E-16,-0.707106781187));
#7883 = ORIENTED_EDGE('',*,*,#3068,.T.);
#7884 = ORIENTED_EDGE('',*,*,#3043,.T.);
#7885 = ORIENTED_EDGE('',*,*,#7831,.T.);
#7886 = PLANE('',#7887);
#7887 = AXIS2_PLACEMENT_3D('',#7888,#7889,#7890);
#7888 = CARTESIAN_POINT('',(23.1,9.850378788789,-3.7));
#7889 = DIRECTION('',(-0.707106781187,0.,-0.707106781187));
#7890 = DIRECTION('',(-0.707106781187,5.E-16,0.707106781187));
#7891 = ADVANCED_FACE('',(#7892),#7911,.T.);
#7892 = FACE_BOUND('',#7893,.T.);
#7893 = EDGE_LOOP('',(#7894,#7903,#7909,#7910));
#7894 = ORIENTED_EDGE('',*,*,#7895,.F.);
#7895 = EDGE_CURVE('',#7896,#7871,#7898,.T.);
#7896 = VERTEX_POINT('',#7897);
#7897 = CARTESIAN_POINT('',(25.22735042735,-38.07743590275,-5.6));
#7898 = CIRCLE('',#7899,3.8);
#7899 = AXIS2_PLACEMENT_3D('',#7900,#7901,#7902);
#7900 = CARTESIAN_POINT('',(28.8,-36.78276411769,-5.6));
#7901 = DIRECTION('',(0.,0.,-1.));
#7902 = DIRECTION('',(1.,0.,0.));
#7903 = ORIENTED_EDGE('',*,*,#7904,.T.);
#7904 = EDGE_CURVE('',#7896,#3093,#7905,.T.);
#7905 = LINE('',#7906,#7907);
#7906 = CARTESIAN_POINT('',(23.441025641026,-38.72477179529,-3.7));
#7907 = VECTOR('',#7908,1.);
#7908 = DIRECTION('',(-0.664801247269,-0.240913473324,0.707106781187));
#7909 = ORIENTED_EDGE('',*,*,#3092,.T.);
#7910 = ORIENTED_EDGE('',*,*,#7878,.T.);
#7911 = CONICAL_SURFACE('',#7912,5.7,0.785398163397);
#7912 = AXIS2_PLACEMENT_3D('',#7913,#7914,#7915);
#7913 = CARTESIAN_POINT('',(28.8,-36.78276411769,-3.7));
#7914 = DIRECTION('',(0.,0.,1.));
#7915 = DIRECTION('',(1.,-1.25E-15,0.));
#7916 = ADVANCED_FACE('',(#7917),#7936,.F.);
#7917 = FACE_BOUND('',#7918,.F.);
#7918 = EDGE_LOOP('',(#7919,#7928,#7929,#7930));
#7919 = ORIENTED_EDGE('',*,*,#7920,.T.);
#7920 = EDGE_CURVE('',#7921,#7896,#7923,.T.);
#7921 = VERTEX_POINT('',#7922);
#7922 = CARTESIAN_POINT('',(23.335964912281,-40.82556175452,-5.6));
#7923 = CIRCLE('',#7924,2.05);
#7924 = AXIS2_PLACEMENT_3D('',#7925,#7926,#7927);
#7925 = CARTESIAN_POINT('',(23.3,-38.77587726049,-5.6));
#7926 = DIRECTION('',(0.,0.,1.));
#7927 = DIRECTION('',(1.,0.,-0.));
#7928 = ORIENTED_EDGE('',*,*,#7904,.T.);
#7929 = ORIENTED_EDGE('',*,*,#3117,.F.);
#7930 = ORIENTED_EDGE('',*,*,#7931,.T.);
#7931 = EDGE_CURVE('',#3118,#7921,#7932,.T.);
#7932 = LINE('',#7933,#7934);
#7933 = CARTESIAN_POINT('',(23.302631578947,-38.92585417468,-3.7));
#7934 = VECTOR('',#7935,1.);
#7935 = DIRECTION('',(1.240538212607E-02,-0.706997953671,-0.707106781187
    ));
#7936 = CONICAL_SURFACE('',#7937,0.15,0.785398163397);
#7937 = AXIS2_PLACEMENT_3D('',#7938,#7939,#7940);
#7938 = CARTESIAN_POINT('',(23.3,-38.77587726049,-3.7));
#7939 = DIRECTION('',(-0.,-0.,-1.));
#7940 = DIRECTION('',(1.,0.,0.));
#7941 = ADVANCED_FACE('',(#7942),#7961,.T.);
#7942 = FACE_BOUND('',#7943,.T.);
#7943 = EDGE_LOOP('',(#7944,#7953,#7959,#7960));
#7944 = ORIENTED_EDGE('',*,*,#7945,.F.);
#7945 = EDGE_CURVE('',#7946,#7921,#7948,.T.);
#7946 = VERTEX_POINT('',#7947);
#7947 = CARTESIAN_POINT('',(19.750561754524,-44.41096491228,-5.6));
#7948 = CIRCLE('',#7949,3.65);
#7949 = AXIS2_PLACEMENT_3D('',#7950,#7951,#7952);
#7950 = CARTESIAN_POINT('',(23.4,-44.475,-5.6));
#7951 = DIRECTION('',(0.,0.,-1.));
#7952 = DIRECTION('',(1.,0.,0.));
#7953 = ORIENTED_EDGE('',*,*,#7954,.T.);
#7954 = EDGE_CURVE('',#7946,#3143,#7955,.T.);
#7955 = LINE('',#7956,#7957);
#7956 = CARTESIAN_POINT('',(17.850854174688,-44.37763157894,-3.7));
#7957 = VECTOR('',#7958,1.);
#7958 = DIRECTION('',(-0.706997953671,1.240538212607E-02,0.707106781187)
  );
#7959 = ORIENTED_EDGE('',*,*,#3142,.T.);
#7960 = ORIENTED_EDGE('',*,*,#7931,.T.);
#7961 = CONICAL_SURFACE('',#7962,5.55,0.785398163397);
#7962 = AXIS2_PLACEMENT_3D('',#7963,#7964,#7965);
#7963 = CARTESIAN_POINT('',(23.4,-44.475,-3.7));
#7964 = DIRECTION('',(0.,0.,1.));
#7965 = DIRECTION('',(1.,0.,-0.));
#7966 = ADVANCED_FACE('',(#7967),#7986,.F.);
#7967 = FACE_BOUND('',#7968,.F.);
#7968 = EDGE_LOOP('',(#7969,#7978,#7979,#7980));
#7969 = ORIENTED_EDGE('',*,*,#7970,.T.);
#7970 = EDGE_CURVE('',#7971,#7946,#7973,.T.);
#7971 = VERTEX_POINT('',#7972);
#7972 = CARTESIAN_POINT('',(17.70087726049,-46.425,-5.6));
#7973 = CIRCLE('',#7974,2.05);
#7974 = AXIS2_PLACEMENT_3D('',#7975,#7976,#7977);
#7975 = CARTESIAN_POINT('',(17.70087726049,-44.375,-5.6));
#7976 = DIRECTION('',(0.,0.,1.));
#7977 = DIRECTION('',(1.,0.,-0.));
#7978 = ORIENTED_EDGE('',*,*,#7954,.T.);
#7979 = ORIENTED_EDGE('',*,*,#3167,.F.);
#7980 = ORIENTED_EDGE('',*,*,#7981,.F.);
#7981 = EDGE_CURVE('',#7971,#3168,#7982,.T.);
#7982 = LINE('',#7983,#7984);
#7983 = CARTESIAN_POINT('',(17.70087726049,-44.525,-3.7));
#7984 = VECTOR('',#7985,1.);
#7985 = DIRECTION('',(1.7E-16,0.707106781187,0.707106781187));
#7986 = CONICAL_SURFACE('',#7987,0.15,0.785398163397);
#7987 = AXIS2_PLACEMENT_3D('',#7988,#7989,#7990);
#7988 = CARTESIAN_POINT('',(17.70087726049,-44.375,-3.7));
#7989 = DIRECTION('',(-0.,-0.,-1.));
#7990 = DIRECTION('',(1.,0.,0.));
#7991 = ADVANCED_FACE('',(#7992),#8003,.T.);
#7992 = FACE_BOUND('',#7993,.T.);
#7993 = EDGE_LOOP('',(#7994,#8000,#8001,#8002));
#7994 = ORIENTED_EDGE('',*,*,#7995,.F.);
#7995 = EDGE_CURVE('',#3219,#7971,#7996,.T.);
#7996 = LINE('',#7997,#7998);
#7997 = CARTESIAN_POINT('',(17.70087726049,-46.425,-5.6));
#7998 = VECTOR('',#7999,1.);
#7999 = DIRECTION('',(1.,0.,3.E-17));
#8000 = ORIENTED_EDGE('',*,*,#3218,.F.);
#8001 = ORIENTED_EDGE('',*,*,#3192,.T.);
#8002 = ORIENTED_EDGE('',*,*,#7981,.F.);
#8003 = PLANE('',#8004);
#8004 = AXIS2_PLACEMENT_3D('',#8005,#8006,#8007);
#8005 = CARTESIAN_POINT('',(17.70087726049,-44.525,-3.7));
#8006 = DIRECTION('',(0.,0.707106781187,-0.707106781187));
#8007 = DIRECTION('',(1.7E-16,0.707106781187,0.707106781187));
#8008 = ADVANCED_FACE('',(#8009),#8027,.T.);
#8009 = FACE_BOUND('',#8010,.T.);
#8010 = EDGE_LOOP('',(#8011,#8019,#8020,#8021));
#8011 = ORIENTED_EDGE('',*,*,#8012,.F.);
#8012 = EDGE_CURVE('',#3227,#8013,#8015,.T.);
#8013 = VERTEX_POINT('',#8014);
#8014 = CARTESIAN_POINT('',(17.70087726049,-46.425,-7.3));
#8015 = LINE('',#8016,#8017);
#8016 = CARTESIAN_POINT('',(17.70087726049,-46.425,-7.3));
#8017 = VECTOR('',#8018,1.);
#8018 = DIRECTION('',(1.,-1.2E-16,1.2E-16));
#8019 = ORIENTED_EDGE('',*,*,#3226,.F.);
#8020 = ORIENTED_EDGE('',*,*,#7995,.T.);
#8021 = ORIENTED_EDGE('',*,*,#8022,.F.);
#8022 = EDGE_CURVE('',#8013,#7971,#8023,.T.);
#8023 = LINE('',#8024,#8025);
#8024 = CARTESIAN_POINT('',(17.70087726049,-46.425,-5.6));
#8025 = VECTOR('',#8026,1.);
#8026 = DIRECTION('',(-3.E-17,4.E-17,1.));
#8027 = PLANE('',#8028);
#8028 = AXIS2_PLACEMENT_3D('',#8029,#8030,#8031);
#8029 = CARTESIAN_POINT('',(17.70087726049,-46.425,-5.6));
#8030 = DIRECTION('',(0.,1.,-4.E-17));
#8031 = DIRECTION('',(-3.E-17,4.E-17,1.));
#8032 = ADVANCED_FACE('',(#8033),#8051,.T.);
#8033 = FACE_BOUND('',#8034,.T.);
#8034 = EDGE_LOOP('',(#8035,#8043,#8044,#8045));
#8035 = ORIENTED_EDGE('',*,*,#8036,.F.);
#8036 = EDGE_CURVE('',#3235,#8037,#8039,.T.);
#8037 = VERTEX_POINT('',#8038);
#8038 = CARTESIAN_POINT('',(17.70087726049,-44.525,-9.2));
#8039 = LINE('',#8040,#8041);
#8040 = CARTESIAN_POINT('',(17.70087726049,-44.525,-9.2));
#8041 = VECTOR('',#8042,1.);
#8042 = DIRECTION('',(1.,0.,3.E-17));
#8043 = ORIENTED_EDGE('',*,*,#3234,.F.);
#8044 = ORIENTED_EDGE('',*,*,#8012,.T.);
#8045 = ORIENTED_EDGE('',*,*,#8046,.F.);
#8046 = EDGE_CURVE('',#8037,#8013,#8047,.T.);
#8047 = LINE('',#8048,#8049);
#8048 = CARTESIAN_POINT('',(17.70087726049,-46.425,-7.3));
#8049 = VECTOR('',#8050,1.);
#8050 = DIRECTION('',(-1.7E-16,-0.707106781187,0.707106781187));
#8051 = PLANE('',#8052);
#8052 = AXIS2_PLACEMENT_3D('',#8053,#8054,#8055);
#8053 = CARTESIAN_POINT('',(17.70087726049,-46.425,-7.3));
#8054 = DIRECTION('',(0.,0.707106781187,0.707106781187));
#8055 = DIRECTION('',(-1.7E-16,-0.707106781187,0.707106781187));
#8056 = ADVANCED_FACE('',(#8057),#8068,.T.);
#8057 = FACE_BOUND('',#8058,.T.);
#8058 = EDGE_LOOP('',(#8059,#8060,#8061,#8062));
#8059 = ORIENTED_EDGE('',*,*,#5393,.F.);
#8060 = ORIENTED_EDGE('',*,*,#3242,.T.);
#8061 = ORIENTED_EDGE('',*,*,#8036,.T.);
#8062 = ORIENTED_EDGE('',*,*,#8063,.F.);
#8063 = EDGE_CURVE('',#5394,#8037,#8064,.T.);
#8064 = LINE('',#8065,#8066);
#8065 = CARTESIAN_POINT('',(17.70087726049,-44.525,-9.2));
#8066 = VECTOR('',#8067,1.);
#8067 = DIRECTION('',(-3.E-17,4.E-17,1.));
#8068 = PLANE('',#8069);
#8069 = AXIS2_PLACEMENT_3D('',#8070,#8071,#8072);
#8070 = CARTESIAN_POINT('',(17.70087726049,-44.525,-9.2));
#8071 = DIRECTION('',(0.,1.,-4.E-17));
#8072 = DIRECTION('',(-3.E-17,4.E-17,1.));
#8073 = ADVANCED_FACE('',(#8074),#8085,.T.);
#8074 = FACE_BOUND('',#8075,.T.);
#8075 = EDGE_LOOP('',(#8076,#8082,#8083,#8084));
#8076 = ORIENTED_EDGE('',*,*,#8077,.F.);
#8077 = EDGE_CURVE('',#3455,#3519,#8078,.T.);
#8078 = LINE('',#8079,#8080);
#8079 = CARTESIAN_POINT('',(-15.20087726049,-28.525,-8.6));
#8080 = VECTOR('',#8081,1.);
#8081 = DIRECTION('',(1.,0.,0.));
#8082 = ORIENTED_EDGE('',*,*,#3454,.T.);
#8083 = ORIENTED_EDGE('',*,*,#5378,.T.);
#8084 = ORIENTED_EDGE('',*,*,#3526,.T.);
#8085 = PLANE('',#8086);
#8086 = AXIS2_PLACEMENT_3D('',#8087,#8088,#8089);
#8087 = CARTESIAN_POINT('',(-15.20087726049,-27.725,-9.6));
#8088 = DIRECTION('',(0.,-0.780868809443,-0.624695047554));
#8089 = DIRECTION('',(0.,0.624695047554,-0.780868809443));
#8090 = ADVANCED_FACE('',(#8091),#8097,.T.);
#8091 = FACE_BOUND('',#8092,.T.);
#8092 = EDGE_LOOP('',(#8093,#8094,#8095,#8096));
#8093 = ORIENTED_EDGE('',*,*,#3486,.F.);
#8094 = ORIENTED_EDGE('',*,*,#3462,.F.);
#8095 = ORIENTED_EDGE('',*,*,#8077,.T.);
#8096 = ORIENTED_EDGE('',*,*,#3518,.F.);
#8097 = PLANE('',#8098);
#8098 = AXIS2_PLACEMENT_3D('',#8099,#8100,#8101);
#8099 = CARTESIAN_POINT('',(-15.20087726049,-28.525,-4.3));
#8100 = DIRECTION('',(0.,-1.,0.));
#8101 = DIRECTION('',(0.,0.,-1.));
#8102 = ADVANCED_FACE('',(#8103),#8114,.T.);
#8103 = FACE_BOUND('',#8104,.T.);
#8104 = EDGE_LOOP('',(#8105,#8111,#8112,#8113));
#8105 = ORIENTED_EDGE('',*,*,#8106,.F.);
#8106 = EDGE_CURVE('',#3655,#3559,#8107,.T.);
#8107 = LINE('',#8108,#8109);
#8108 = CARTESIAN_POINT('',(-15.20087726049,-27.725,-4.699993139504));
#8109 = VECTOR('',#8110,1.);
#8110 = DIRECTION('',(1.,0.,0.));
#8111 = ORIENTED_EDGE('',*,*,#3662,.F.);
#8112 = ORIENTED_EDGE('',*,*,#3580,.T.);
#8113 = ORIENTED_EDGE('',*,*,#3566,.T.);
#8114 = PLANE('',#8115);
#8115 = AXIS2_PLACEMENT_3D('',#8116,#8117,#8118);
#8116 = CARTESIAN_POINT('',(-15.20087726049,-26.925,-3.7));
#8117 = DIRECTION('',(0.,0.780866718836,-0.624697660804));
#8118 = DIRECTION('',(0.,0.624697660804,0.780866718836));
#8119 = ADVANCED_FACE('',(#8120),#8131,.T.);
#8120 = FACE_BOUND('',#8121,.T.);
#8121 = EDGE_LOOP('',(#8122,#8128,#8129,#8130));
#8122 = ORIENTED_EDGE('',*,*,#8123,.F.);
#8123 = EDGE_CURVE('',#3647,#3551,#8124,.T.);
#8124 = LINE('',#8125,#8126);
#8125 = CARTESIAN_POINT('',(-15.20087726049,-27.725,-8.200006860496));
#8126 = VECTOR('',#8127,1.);
#8127 = DIRECTION('',(1.,0.,0.));
#8128 = ORIENTED_EDGE('',*,*,#3654,.F.);
#8129 = ORIENTED_EDGE('',*,*,#8106,.T.);
#8130 = ORIENTED_EDGE('',*,*,#3558,.T.);
#8131 = PLANE('',#8132);
#8132 = AXIS2_PLACEMENT_3D('',#8133,#8134,#8135);
#8133 = CARTESIAN_POINT('',(-15.20087726049,-27.725,-4.699993139504));
#8134 = DIRECTION('',(0.,1.,0.));
#8135 = DIRECTION('',(0.,-0.,1.));
#8136 = ADVANCED_FACE('',(#8137),#8148,.T.);
#8137 = FACE_BOUND('',#8138,.T.);
#8138 = EDGE_LOOP('',(#8139,#8145,#8146,#8147));
#8139 = ORIENTED_EDGE('',*,*,#8140,.F.);
#8140 = EDGE_CURVE('',#3639,#3543,#8141,.T.);
#8141 = LINE('',#8142,#8143);
#8142 = CARTESIAN_POINT('',(-15.20087726049,-26.925,-9.2));
#8143 = VECTOR('',#8144,1.);
#8144 = DIRECTION('',(1.,0.,0.));
#8145 = ORIENTED_EDGE('',*,*,#3646,.F.);
#8146 = ORIENTED_EDGE('',*,*,#8123,.T.);
#8147 = ORIENTED_EDGE('',*,*,#3550,.T.);
#8148 = PLANE('',#8149);
#8149 = AXIS2_PLACEMENT_3D('',#8150,#8151,#8152);
#8150 = CARTESIAN_POINT('',(-15.20087726049,-27.725,-8.200006860496));
#8151 = DIRECTION('',(0.,0.780866718836,0.624697660804));
#8152 = DIRECTION('',(0.,-0.624697660804,0.780866718836));
#8153 = ADVANCED_FACE('',(#8154),#8160,.T.);
#8154 = FACE_BOUND('',#8155,.T.);
#8155 = EDGE_LOOP('',(#8156,#8157,#8158,#8159));
#8156 = ORIENTED_EDGE('',*,*,#5371,.F.);
#8157 = ORIENTED_EDGE('',*,*,#3638,.F.);
#8158 = ORIENTED_EDGE('',*,*,#8140,.T.);
#8159 = ORIENTED_EDGE('',*,*,#3542,.T.);
#8160 = PLANE('',#8161);
#8161 = AXIS2_PLACEMENT_3D('',#8162,#8163,#8164);
#8162 = CARTESIAN_POINT('',(-9.70087726049,-26.925,-6.45));
#8163 = DIRECTION('',(-3.E-17,1.,-0.));
#8164 = DIRECTION('',(1.,3.E-17,-0.));
#8165 = ADVANCED_FACE('',(#8166),#8177,.T.);
#8166 = FACE_BOUND('',#8167,.T.);
#8167 = EDGE_LOOP('',(#8168,#8174,#8175,#8176));
#8168 = ORIENTED_EDGE('',*,*,#8169,.F.);
#8169 = EDGE_CURVE('',#3615,#3703,#8170,.T.);
#8170 = LINE('',#8171,#8172);
#8171 = CARTESIAN_POINT('',(-15.20087726049,-28.525,-8.6));
#8172 = VECTOR('',#8173,1.);
#8173 = DIRECTION('',(1.,0.,0.));
#8174 = ORIENTED_EDGE('',*,*,#3622,.F.);
#8175 = ORIENTED_EDGE('',*,*,#5364,.T.);
#8176 = ORIENTED_EDGE('',*,*,#3710,.T.);
#8177 = PLANE('',#8178);
#8178 = AXIS2_PLACEMENT_3D('',#8179,#8180,#8181);
#8179 = CARTESIAN_POINT('',(-15.20087726049,-27.725,-9.6));
#8180 = DIRECTION('',(0.,-0.780868809443,-0.624695047554));
#8181 = DIRECTION('',(0.,0.624695047554,-0.780868809443));
#8182 = ADVANCED_FACE('',(#8183),#8189,.T.);
#8183 = FACE_BOUND('',#8184,.T.);
#8184 = EDGE_LOOP('',(#8185,#8186,#8187,#8188));
#8185 = ORIENTED_EDGE('',*,*,#3678,.F.);
#8186 = ORIENTED_EDGE('',*,*,#3614,.T.);
#8187 = ORIENTED_EDGE('',*,*,#8169,.T.);
#8188 = ORIENTED_EDGE('',*,*,#3702,.F.);
#8189 = PLANE('',#8190);
#8190 = AXIS2_PLACEMENT_3D('',#8191,#8192,#8193);
#8191 = CARTESIAN_POINT('',(-15.20087726049,-28.525,-4.3));
#8192 = DIRECTION('',(0.,-1.,0.));
#8193 = DIRECTION('',(0.,0.,-1.));
#8194 = ADVANCED_FACE('',(#8195),#8213,.T.);
#8195 = FACE_BOUND('',#8196,.T.);
#8196 = EDGE_LOOP('',(#8197,#8198,#8206,#8212));
#8197 = ORIENTED_EDGE('',*,*,#5348,.F.);
#8198 = ORIENTED_EDGE('',*,*,#8199,.T.);
#8199 = EDGE_CURVE('',#5340,#8200,#8202,.T.);
#8200 = VERTEX_POINT('',#8201);
#8201 = CARTESIAN_POINT('',(-17.70087726049,-44.525,-9.2));
#8202 = LINE('',#8203,#8204);
#8203 = CARTESIAN_POINT('',(-17.70087726049,-44.525,-9.2));
#8204 = VECTOR('',#8205,1.);
#8205 = DIRECTION('',(0.,0.,1.));
#8206 = ORIENTED_EDGE('',*,*,#8207,.T.);
#8207 = EDGE_CURVE('',#8200,#3931,#8208,.T.);
#8208 = LINE('',#8209,#8210);
#8209 = CARTESIAN_POINT('',(17.70087726049,-44.525,-9.2));
#8210 = VECTOR('',#8211,1.);
#8211 = DIRECTION('',(1.,0.,3.E-17));
#8212 = ORIENTED_EDGE('',*,*,#3930,.T.);
#8213 = PLANE('',#8214);
#8214 = AXIS2_PLACEMENT_3D('',#8215,#8216,#8217);
#8215 = CARTESIAN_POINT('',(17.70087726049,-44.525,-9.2));
#8216 = DIRECTION('',(0.,1.,-4.E-17));
#8217 = DIRECTION('',(-3.E-17,4.E-17,1.));
#8218 = ADVANCED_FACE('',(#8219),#8237,.T.);
#8219 = FACE_BOUND('',#8220,.T.);
#8220 = EDGE_LOOP('',(#8221,#8222,#8223,#8231));
#8221 = ORIENTED_EDGE('',*,*,#3938,.F.);
#8222 = ORIENTED_EDGE('',*,*,#8207,.F.);
#8223 = ORIENTED_EDGE('',*,*,#8224,.T.);
#8224 = EDGE_CURVE('',#8200,#8225,#8227,.T.);
#8225 = VERTEX_POINT('',#8226);
#8226 = CARTESIAN_POINT('',(-17.70087726049,-46.425,-7.3));
#8227 = LINE('',#8228,#8229);
#8228 = CARTESIAN_POINT('',(-17.70087726049,-46.425,-7.3));
#8229 = VECTOR('',#8230,1.);
#8230 = DIRECTION('',(-1.3E-16,-0.707106781187,0.707106781187));
#8231 = ORIENTED_EDGE('',*,*,#8232,.T.);
#8232 = EDGE_CURVE('',#8225,#3939,#8233,.T.);
#8233 = LINE('',#8234,#8235);
#8234 = CARTESIAN_POINT('',(17.70087726049,-46.425,-7.3));
#8235 = VECTOR('',#8236,1.);
#8236 = DIRECTION('',(1.,-1.2E-16,1.2E-16));
#8237 = PLANE('',#8238);
#8238 = AXIS2_PLACEMENT_3D('',#8239,#8240,#8241);
#8239 = CARTESIAN_POINT('',(17.70087726049,-46.425,-7.3));
#8240 = DIRECTION('',(0.,0.707106781187,0.707106781187));
#8241 = DIRECTION('',(-1.7E-16,-0.707106781187,0.707106781187));
#8242 = ADVANCED_FACE('',(#8243),#8261,.T.);
#8243 = FACE_BOUND('',#8244,.T.);
#8244 = EDGE_LOOP('',(#8245,#8246,#8254,#8260));
#8245 = ORIENTED_EDGE('',*,*,#8232,.F.);
#8246 = ORIENTED_EDGE('',*,*,#8247,.T.);
#8247 = EDGE_CURVE('',#8225,#8248,#8250,.T.);
#8248 = VERTEX_POINT('',#8249);
#8249 = CARTESIAN_POINT('',(-17.70087726049,-46.425,-5.6));
#8250 = LINE('',#8251,#8252);
#8251 = CARTESIAN_POINT('',(-17.70087726049,-46.425,-5.6));
#8252 = VECTOR('',#8253,1.);
#8253 = DIRECTION('',(0.,0.,1.));
#8254 = ORIENTED_EDGE('',*,*,#8255,.T.);
#8255 = EDGE_CURVE('',#8248,#3947,#8256,.T.);
#8256 = LINE('',#8257,#8258);
#8257 = CARTESIAN_POINT('',(17.70087726049,-46.425,-5.6));
#8258 = VECTOR('',#8259,1.);
#8259 = DIRECTION('',(1.,0.,3.E-17));
#8260 = ORIENTED_EDGE('',*,*,#3946,.F.);
#8261 = PLANE('',#8262);
#8262 = AXIS2_PLACEMENT_3D('',#8263,#8264,#8265);
#8263 = CARTESIAN_POINT('',(17.70087726049,-46.425,-5.6));
#8264 = DIRECTION('',(0.,1.,-4.E-17));
#8265 = DIRECTION('',(-3.E-17,4.E-17,1.));
#8266 = ADVANCED_FACE('',(#8267),#8278,.T.);
#8267 = FACE_BOUND('',#8268,.T.);
#8268 = EDGE_LOOP('',(#8269,#8270,#8276,#8277));
#8269 = ORIENTED_EDGE('',*,*,#8255,.F.);
#8270 = ORIENTED_EDGE('',*,*,#8271,.T.);
#8271 = EDGE_CURVE('',#8248,#3978,#8272,.T.);
#8272 = LINE('',#8273,#8274);
#8273 = CARTESIAN_POINT('',(-17.70087726049,-44.525,-3.7));
#8274 = VECTOR('',#8275,1.);
#8275 = DIRECTION('',(1.3E-16,0.707106781187,0.707106781187));
#8276 = ORIENTED_EDGE('',*,*,#3977,.T.);
#8277 = ORIENTED_EDGE('',*,*,#3954,.F.);
#8278 = PLANE('',#8279);
#8279 = AXIS2_PLACEMENT_3D('',#8280,#8281,#8282);
#8280 = CARTESIAN_POINT('',(17.70087726049,-44.525,-3.7));
#8281 = DIRECTION('',(0.,0.707106781187,-0.707106781187));
#8282 = DIRECTION('',(1.7E-16,0.707106781187,0.707106781187));
#8283 = ADVANCED_FACE('',(#8284),#8303,.F.);
#8284 = FACE_BOUND('',#8285,.F.);
#8285 = EDGE_LOOP('',(#8286,#8295,#8296,#8297));
#8286 = ORIENTED_EDGE('',*,*,#8287,.T.);
#8287 = EDGE_CURVE('',#8288,#8248,#8290,.T.);
#8288 = VERTEX_POINT('',#8289);
#8289 = CARTESIAN_POINT('',(-19.75056175452,-44.41096491228,-5.6));
#8290 = CIRCLE('',#8291,2.05);
#8291 = AXIS2_PLACEMENT_3D('',#8292,#8293,#8294);
#8292 = CARTESIAN_POINT('',(-17.70087726049,-44.375,-5.6));
#8293 = DIRECTION('',(0.,0.,1.));
#8294 = DIRECTION('',(1.,0.,-0.));
#8295 = ORIENTED_EDGE('',*,*,#8271,.T.);
#8296 = ORIENTED_EDGE('',*,*,#4000,.F.);
#8297 = ORIENTED_EDGE('',*,*,#8298,.T.);
#8298 = EDGE_CURVE('',#4001,#8288,#8299,.T.);
#8299 = LINE('',#8300,#8301);
#8300 = CARTESIAN_POINT('',(-17.85085417468,-44.37763157894,-3.7));
#8301 = VECTOR('',#8302,1.);
#8302 = DIRECTION('',(-0.706997953671,-1.240538212607E-02,
    -0.707106781187));
#8303 = CONICAL_SURFACE('',#8304,0.15,0.785398163397);
#8304 = AXIS2_PLACEMENT_3D('',#8305,#8306,#8307);
#8305 = CARTESIAN_POINT('',(-17.70087726049,-44.375,-3.7));
#8306 = DIRECTION('',(-0.,-0.,-1.));
#8307 = DIRECTION('',(1.,0.,0.));
#8308 = ADVANCED_FACE('',(#8309),#8328,.T.);
#8309 = FACE_BOUND('',#8310,.T.);
#8310 = EDGE_LOOP('',(#8311,#8320,#8326,#8327));
#8311 = ORIENTED_EDGE('',*,*,#8312,.F.);
#8312 = EDGE_CURVE('',#8313,#8288,#8315,.T.);
#8313 = VERTEX_POINT('',#8314);
#8314 = CARTESIAN_POINT('',(-23.33596491226,-40.82556175452,-5.6));
#8315 = CIRCLE('',#8316,3.65);
#8316 = AXIS2_PLACEMENT_3D('',#8317,#8318,#8319);
#8317 = CARTESIAN_POINT('',(-23.4,-44.475,-5.6));
#8318 = DIRECTION('',(0.,0.,-1.));
#8319 = DIRECTION('',(1.,0.,0.));
#8320 = ORIENTED_EDGE('',*,*,#8321,.T.);
#8321 = EDGE_CURVE('',#8313,#4026,#8322,.T.);
#8322 = LINE('',#8323,#8324);
#8323 = CARTESIAN_POINT('',(-23.30263157892,-38.92585417468,-3.7));
#8324 = VECTOR('',#8325,1.);
#8325 = DIRECTION('',(1.240538212857E-02,0.70699795367,0.707106781187));
#8326 = ORIENTED_EDGE('',*,*,#4025,.T.);
#8327 = ORIENTED_EDGE('',*,*,#8298,.T.);
#8328 = CONICAL_SURFACE('',#8329,5.55,0.785398163397);
#8329 = AXIS2_PLACEMENT_3D('',#8330,#8331,#8332);
#8330 = CARTESIAN_POINT('',(-23.4,-44.475,-3.7));
#8331 = DIRECTION('',(0.,0.,1.));
#8332 = DIRECTION('',(1.,0.,-0.));
#8333 = ADVANCED_FACE('',(#8334),#8353,.F.);
#8334 = FACE_BOUND('',#8335,.F.);
#8335 = EDGE_LOOP('',(#8336,#8345,#8346,#8347));
#8336 = ORIENTED_EDGE('',*,*,#8337,.T.);
#8337 = EDGE_CURVE('',#8338,#8313,#8340,.T.);
#8338 = VERTEX_POINT('',#8339);
#8339 = CARTESIAN_POINT('',(-24.96452991451,-37.57928202248,-5.6));
#8340 = CIRCLE('',#8341,2.05);
#8341 = AXIS2_PLACEMENT_3D('',#8342,#8343,#8344);
#8342 = CARTESIAN_POINT('',(-23.29999999998,-38.77587726049,-5.6));
#8343 = DIRECTION('',(0.,0.,1.));
#8344 = DIRECTION('',(1.,0.,-0.));
#8345 = ORIENTED_EDGE('',*,*,#8321,.T.);
#8346 = ORIENTED_EDGE('',*,*,#4050,.F.);
#8347 = ORIENTED_EDGE('',*,*,#8348,.T.);
#8348 = EDGE_CURVE('',#4051,#8338,#8349,.T.);
#8349 = LINE('',#8350,#8351);
#8350 = CARTESIAN_POINT('',(-23.42179487177,-38.68832151136,-3.7));
#8351 = VECTOR('',#8352,1.);
#8352 = DIRECTION('',(-0.574146531735,0.412741759574,-0.707106781187));
#8353 = CONICAL_SURFACE('',#8354,0.15,0.785398163397);
#8354 = AXIS2_PLACEMENT_3D('',#8355,#8356,#8357);
#8355 = CARTESIAN_POINT('',(-23.29999999998,-38.77587726049,-3.7));
#8356 = DIRECTION('',(-0.,-0.,-1.));
#8357 = DIRECTION('',(1.,4.737E-14,-0.));
#8358 = ADVANCED_FACE('',(#8359),#8378,.T.);
#8359 = FACE_BOUND('',#8360,.T.);
#8360 = EDGE_LOOP('',(#8361,#8370,#8376,#8377));
#8361 = ORIENTED_EDGE('',*,*,#8362,.F.);
#8362 = EDGE_CURVE('',#8363,#8338,#8365,.T.);
#8363 = VERTEX_POINT('',#8364);
#8364 = CARTESIAN_POINT('',(-24.25,-35.36120304472,-5.6));
#8365 = CIRCLE('',#8366,3.8);
#8366 = AXIS2_PLACEMENT_3D('',#8367,#8368,#8369);
#8367 = CARTESIAN_POINT('',(-28.05,-35.36120304472,-5.6));
#8368 = DIRECTION('',(0.,0.,-1.));
#8369 = DIRECTION('',(1.,0.,0.));
#8370 = ORIENTED_EDGE('',*,*,#8371,.T.);
#8371 = EDGE_CURVE('',#8363,#4076,#8372,.T.);
#8372 = LINE('',#8373,#8374);
#8373 = CARTESIAN_POINT('',(-22.35,-35.36120304472,-3.7));
#8374 = VECTOR('',#8375,1.);
#8375 = DIRECTION('',(0.707106781187,-9.E-17,0.707106781187));
#8376 = ORIENTED_EDGE('',*,*,#4075,.T.);
#8377 = ORIENTED_EDGE('',*,*,#8348,.T.);
#8378 = CONICAL_SURFACE('',#8379,5.7,0.785398163397);
#8379 = AXIS2_PLACEMENT_3D('',#8380,#8381,#8382);
#8380 = CARTESIAN_POINT('',(-28.05,-35.36120304472,-3.7));
#8381 = DIRECTION('',(0.,0.,1.));
#8382 = DIRECTION('',(1.,-1.25E-15,0.));
#8383 = ADVANCED_FACE('',(#8384),#8402,.T.);
#8384 = FACE_BOUND('',#8385,.T.);
#8385 = EDGE_LOOP('',(#8386,#8394,#8400,#8401));
#8386 = ORIENTED_EDGE('',*,*,#8387,.F.);
#8387 = EDGE_CURVE('',#8388,#8363,#8390,.T.);
#8388 = VERTEX_POINT('',#8389);
#8389 = CARTESIAN_POINT('',(-24.25,-15.43896547426,-5.6));
#8390 = LINE('',#8391,#8392);
#8391 = CARTESIAN_POINT('',(-24.25,-15.43896547426,-5.6));
#8392 = VECTOR('',#8393,1.);
#8393 = DIRECTION('',(0.,-1.,3.E-17));
#8394 = ORIENTED_EDGE('',*,*,#8395,.F.);
#8395 = EDGE_CURVE('',#4101,#8388,#8396,.T.);
#8396 = LINE('',#8397,#8398);
#8397 = CARTESIAN_POINT('',(-22.35,-15.43896547426,-3.7));
#8398 = VECTOR('',#8399,1.);
#8399 = DIRECTION('',(-0.707106781187,2.7E-16,-0.707106781187));
#8400 = ORIENTED_EDGE('',*,*,#4100,.T.);
#8401 = ORIENTED_EDGE('',*,*,#8371,.F.);
#8402 = PLANE('',#8403);
#8403 = AXIS2_PLACEMENT_3D('',#8404,#8405,#8406);
#8404 = CARTESIAN_POINT('',(-22.35,-15.43896547426,-3.7));
#8405 = DIRECTION('',(0.707106781187,0.,-0.707106781187));
#8406 = DIRECTION('',(0.707106781187,-9.E-17,0.707106781187));
#8407 = ADVANCED_FACE('',(#8408),#8427,.T.);
#8408 = FACE_BOUND('',#8409,.T.);
#8409 = EDGE_LOOP('',(#8410,#8419,#8425,#8426));
#8410 = ORIENTED_EDGE('',*,*,#8411,.F.);
#8411 = EDGE_CURVE('',#8412,#8388,#8414,.T.);
#8412 = VERTEX_POINT('',#8413);
#8413 = CARTESIAN_POINT('',(-24.94666666666,-13.24594877979,-5.6));
#8414 = CIRCLE('',#8415,3.8);
#8415 = AXIS2_PLACEMENT_3D('',#8416,#8417,#8418);
#8416 = CARTESIAN_POINT('',(-28.05,-15.43896547426,-5.6));
#8417 = DIRECTION('',(0.,0.,-1.));
#8418 = DIRECTION('',(1.,0.,0.));
#8419 = ORIENTED_EDGE('',*,*,#8420,.T.);
#8420 = EDGE_CURVE('',#8412,#4125,#8421,.T.);
#8421 = LINE('',#8422,#8423);
#8422 = CARTESIAN_POINT('',(-23.39499999999,-12.14944043256,-3.7));
#8423 = VECTOR('',#8424,1.);
#8424 = DIRECTION('',(0.577470537969,0.408078151556,0.707106781187));
#8425 = ORIENTED_EDGE('',*,*,#4124,.T.);
#8426 = ORIENTED_EDGE('',*,*,#8395,.T.);
#8427 = CONICAL_SURFACE('',#8428,5.7,0.785398163397);
#8428 = AXIS2_PLACEMENT_3D('',#8429,#8430,#8431);
#8429 = CARTESIAN_POINT('',(-28.05,-15.43896547426,-3.7));
#8430 = DIRECTION('',(0.,0.,1.));
#8431 = DIRECTION('',(1.,-6.2E-16,0.));
#8432 = ADVANCED_FACE('',(#8433),#8452,.F.);
#8433 = FACE_BOUND('',#8434,.F.);
#8434 = EDGE_LOOP('',(#8435,#8444,#8445,#8446));
#8435 = ORIENTED_EDGE('',*,*,#8436,.T.);
#8436 = EDGE_CURVE('',#8437,#8412,#8439,.T.);
#8437 = VERTEX_POINT('',#8438);
#8438 = CARTESIAN_POINT('',(-25.34999999994,-11.97632325366,-5.6));
#8439 = CIRCLE('',#8440,2.2);
#8440 = AXIS2_PLACEMENT_3D('',#8441,#8442,#8443);
#8441 = CARTESIAN_POINT('',(-23.14999999999,-11.97630753563,-5.6));
#8442 = DIRECTION('',(0.,0.,1.));
#8443 = DIRECTION('',(1.,0.,-0.));
#8444 = ORIENTED_EDGE('',*,*,#8420,.T.);
#8445 = ORIENTED_EDGE('',*,*,#4149,.F.);
#8446 = ORIENTED_EDGE('',*,*,#8447,.T.);
#8447 = EDGE_CURVE('',#4150,#8437,#8448,.T.);
#8448 = LINE('',#8449,#8450);
#8449 = CARTESIAN_POINT('',(-23.44999999999,-11.97630967899,-3.7));
#8450 = VECTOR('',#8451,1.);
#8451 = DIRECTION('',(-0.707106781169,-5.05196855785E-06,-0.707106781187
    ));
#8452 = CONICAL_SURFACE('',#8453,0.3,0.785398163397);
#8453 = AXIS2_PLACEMENT_3D('',#8454,#8455,#8456);
#8454 = CARTESIAN_POINT('',(-23.14999999999,-11.97630753563,-3.7));
#8455 = DIRECTION('',(-0.,-0.,-1.));
#8456 = DIRECTION('',(1.,1.184E-14,-0.));
#8457 = ADVANCED_FACE('',(#8458),#8482,.T.);
#8458 = FACE_BOUND('',#8459,.T.);
#8459 = EDGE_LOOP('',(#8460,#8475,#8480,#8481));
#8460 = ORIENTED_EDGE('',*,*,#8461,.F.);
#8461 = EDGE_CURVE('',#8462,#8437,#8464,.T.);
#8462 = VERTEX_POINT('',#8463);
#8463 = CARTESIAN_POINT('',(-21.93870973238,-10.10507337116,-5.2));
#8464 = B_SPLINE_CURVE_WITH_KNOTS('',9,(#8465,#8466,#8467,#8468,#8469,
    #8470,#8471,#8472,#8473,#8474),.UNSPECIFIED.,.F.,.F.,(10,10),(
    1.078963977376,3.141599798152),.PIECEWISE_BEZIER_KNOTS.);
#8465 = CARTESIAN_POINT('',(-21.93870973238,-10.10507337116,-5.2));
#8466 = CARTESIAN_POINT('',(-22.38671338103,-9.819912438959,
    -5.244444444444));
#8467 = CARTESIAN_POINT('',(-22.91018790276,-9.655197723461,
    -5.288888888889));
#8468 = CARTESIAN_POINT('',(-23.47218713142,-9.633742170329,
    -5.333333333333));
#8469 = CARTESIAN_POINT('',(-24.02772746387,-9.765153020228,
    -5.377777777778));
#8470 = CARTESIAN_POINT('',(-24.52942957161,-10.04245730593,
    -5.422222222222));
#8471 = CARTESIAN_POINT('',(-24.93499285284,-10.44165247034,
    -5.466666666667));
#8472 = CARTESIAN_POINT('',(-25.21423347687,-10.92579543537,
    -5.511111111111));
#8473 = CARTESIAN_POINT('',(-25.35238784852,-11.45167453788,
    -5.555555555556));
#8474 = CARTESIAN_POINT('',(-25.34999999994,-11.97632325366,-5.6));
#8475 = ORIENTED_EDGE('',*,*,#8476,.T.);
#8476 = EDGE_CURVE('',#8462,#4175,#8477,.T.);
#8477 = B_SPLINE_CURVE_WITH_KNOTS('',1,(#8478,#8479),.UNSPECIFIED.,.F.,
  .F.,(2,2),(8.,9.),.PIECEWISE_BEZIER_KNOTS.);
#8478 = CARTESIAN_POINT('',(-21.93870973238,-10.10507337116,-5.2));
#8479 = CARTESIAN_POINT('',(-21.93870973238,-10.10507337116,-3.7));
#8480 = ORIENTED_EDGE('',*,*,#4174,.T.);
#8481 = ORIENTED_EDGE('',*,*,#8447,.T.);
#8482 = B_SPLINE_SURFACE_WITH_KNOTS('',1,9,(
    (#8483,#8484,#8485,#8486,#8487,#8488,#8489,#8490,#8491,#8492)
    ,(#8493,#8494,#8495,#8496,#8497,#8498,#8499,#8500,#8501,#8502
  )),.UNSPECIFIED.,.F.,.F.,.F.,(2,2),(10,10),(8.,9.),(1.078963977376,
    3.141599798152),.PIECEWISE_BEZIER_KNOTS.);
#8483 = CARTESIAN_POINT('',(-21.93870973238,-10.10507337116,-5.2));
#8484 = CARTESIAN_POINT('',(-22.38671338103,-9.819912438959,
    -5.244444444444));
#8485 = CARTESIAN_POINT('',(-22.91018790276,-9.655197723461,
    -5.288888888889));
#8486 = CARTESIAN_POINT('',(-23.47218713142,-9.633742170329,
    -5.333333333333));
#8487 = CARTESIAN_POINT('',(-24.02772746387,-9.765153020228,
    -5.377777777778));
#8488 = CARTESIAN_POINT('',(-24.52942957161,-10.04245730593,
    -5.422222222222));
#8489 = CARTESIAN_POINT('',(-24.93499285284,-10.44165247034,
    -5.466666666667));
#8490 = CARTESIAN_POINT('',(-25.21423347687,-10.92579543537,
    -5.511111111111));
#8491 = CARTESIAN_POINT('',(-25.35238784852,-11.45167453788,
    -5.555555555556));
#8492 = CARTESIAN_POINT('',(-25.34999999994,-11.97632325366,-5.6));
#8493 = CARTESIAN_POINT('',(-21.93870973238,-10.10507337116,-3.7));
#8494 = CARTESIAN_POINT('',(-22.48640888044,-10.00600034461,-3.7));
#8495 = CARTESIAN_POINT('',(-23.01362100657,-10.07878241184,-3.7));
#8496 = CARTESIAN_POINT('',(-23.46067606409,-10.30381882646,-3.7));
#8497 = CARTESIAN_POINT('',(-23.77931985791,-10.63789569053,-3.7));
#8498 = CARTESIAN_POINT('',(-23.94365996874,-11.02079887542,-3.7));
#8499 = CARTESIAN_POINT('',(-23.9570140439,-11.38831440134,-3.7));
#8500 = CARTESIAN_POINT('',(-23.84872089928,-11.68781502429,-3.7));
#8501 = CARTESIAN_POINT('',(-23.66349584861,-11.88710781144,-3.7));
#8502 = CARTESIAN_POINT('',(-23.44999999999,-11.97630967899,-3.7));
#8503 = ADVANCED_FACE('',(#8504),#8520,.T.);
#8504 = FACE_BOUND('',#8505,.T.);
#8505 = EDGE_LOOP('',(#8506,#8517,#8518,#8519));
#8506 = ORIENTED_EDGE('',*,*,#8507,.F.);
#8507 = EDGE_CURVE('',#4270,#8462,#8508,.T.);
#8508 = B_SPLINE_CURVE_WITH_KNOTS('',7,(#8509,#8510,#8511,#8512,#8513,
    #8514,#8515,#8516),.UNSPECIFIED.,.F.,.F.,(8,8),(8.412630373932E-02,
    1.078963977376),.PIECEWISE_BEZIER_KNOTS.);
#8509 = CARTESIAN_POINT('',(-20.93032502665,-11.92671339109,-5.2));
#8510 = CARTESIAN_POINT('',(-20.93603312535,-11.61787226991,-5.2));
#8511 = CARTESIAN_POINT('',(-20.99185138684,-11.30975486791,-5.2));
#8512 = CARTESIAN_POINT('',(-21.09767986311,-11.0121129675,-5.2));
#8513 = CARTESIAN_POINT('',(-21.25104947899,-10.73468541838,-5.2));
#8514 = CARTESIAN_POINT('',(-21.44711388943,-10.48642624605,-5.2));
#8515 = CARTESIAN_POINT('',(-21.67905107811,-10.27474421861,-5.2));
#8516 = CARTESIAN_POINT('',(-21.93870973238,-10.10507337116,-5.2));
#8517 = ORIENTED_EDGE('',*,*,#4269,.T.);
#8518 = ORIENTED_EDGE('',*,*,#4220,.T.);
#8519 = ORIENTED_EDGE('',*,*,#8476,.F.);
#8520 = B_SPLINE_SURFACE_WITH_KNOTS('',1,7,(
    (#8521,#8522,#8523,#8524,#8525,#8526,#8527,#8528)
    ,(#8529,#8530,#8531,#8532,#8533,#8534,#8535,#8536
  )),.UNSPECIFIED.,.F.,.F.,.F.,(2,2),(8,8),(8.,9.),(8.412630373932E-02,
    1.078963977376),.PIECEWISE_BEZIER_KNOTS.);
#8521 = CARTESIAN_POINT('',(-20.93032502665,-11.92671339109,-5.2));
#8522 = CARTESIAN_POINT('',(-20.93603312535,-11.61787226991,-5.2));
#8523 = CARTESIAN_POINT('',(-20.99185138684,-11.30975486791,-5.2));
#8524 = CARTESIAN_POINT('',(-21.09767986311,-11.0121129675,-5.2));
#8525 = CARTESIAN_POINT('',(-21.25104947899,-10.73468541838,-5.2));
#8526 = CARTESIAN_POINT('',(-21.44711388943,-10.48642624605,-5.2));
#8527 = CARTESIAN_POINT('',(-21.67905107811,-10.27474421861,-5.2));
#8528 = CARTESIAN_POINT('',(-21.93870973238,-10.10507337116,-5.2));
#8529 = CARTESIAN_POINT('',(-20.93032502665,-11.92671339109,-3.7));
#8530 = CARTESIAN_POINT('',(-20.93603312535,-11.61787226991,-3.7));
#8531 = CARTESIAN_POINT('',(-20.99185138684,-11.30975486791,-3.7));
#8532 = CARTESIAN_POINT('',(-21.09767986311,-11.0121129675,-3.7));
#8533 = CARTESIAN_POINT('',(-21.25104947899,-10.73468541838,-3.7));
#8534 = CARTESIAN_POINT('',(-21.44711388943,-10.48642624605,-3.7));
#8535 = CARTESIAN_POINT('',(-21.67905107811,-10.27474421861,-3.7));
#8536 = CARTESIAN_POINT('',(-21.93870973238,-10.10507337116,-3.7));
#8537 = ADVANCED_FACE('',(#8538),#8560,.T.);
#8538 = FACE_BOUND('',#8539,.T.);
#8539 = EDGE_LOOP('',(#8540,#8553,#8554,#8555));
#8540 = ORIENTED_EDGE('',*,*,#8541,.F.);
#8541 = EDGE_CURVE('',#4277,#8542,#8544,.T.);
#8542 = VERTEX_POINT('',#8543);
#8543 = CARTESIAN_POINT('',(-21.93870973238,-10.10507337116,-7.7));
#8544 = B_SPLINE_CURVE_WITH_KNOTS('',7,(#8545,#8546,#8547,#8548,#8549,
    #8550,#8551,#8552),.UNSPECIFIED.,.F.,.F.,(8,8),(8.412630373932E-02,
    1.078963977376),.PIECEWISE_BEZIER_KNOTS.);
#8545 = CARTESIAN_POINT('',(-20.93032502665,-11.92671339109,-7.7));
#8546 = CARTESIAN_POINT('',(-20.93603312535,-11.61787226991,-7.7));
#8547 = CARTESIAN_POINT('',(-20.99185138684,-11.30975486791,-7.7));
#8548 = CARTESIAN_POINT('',(-21.09767986311,-11.0121129675,-7.7));
#8549 = CARTESIAN_POINT('',(-21.25104947899,-10.73468541838,-7.7));
#8550 = CARTESIAN_POINT('',(-21.44711388943,-10.48642624605,-7.7));
#8551 = CARTESIAN_POINT('',(-21.67905107811,-10.27474421861,-7.7));
#8552 = CARTESIAN_POINT('',(-21.93870973238,-10.10507337116,-7.7));
#8553 = ORIENTED_EDGE('',*,*,#4276,.T.);
#8554 = ORIENTED_EDGE('',*,*,#8507,.T.);
#8555 = ORIENTED_EDGE('',*,*,#8556,.F.);
#8556 = EDGE_CURVE('',#8542,#8462,#8557,.T.);
#8557 = B_SPLINE_CURVE_WITH_KNOTS('',1,(#8558,#8559),.UNSPECIFIED.,.F.,
  .F.,(2,2),(7.,8.),.PIECEWISE_BEZIER_KNOTS.);
#8558 = CARTESIAN_POINT('',(-21.93870973238,-10.10507337116,-7.7));
#8559 = CARTESIAN_POINT('',(-21.93870973238,-10.10507337116,-5.2));
#8560 = B_SPLINE_SURFACE_WITH_KNOTS('',1,7,(
    (#8561,#8562,#8563,#8564,#8565,#8566,#8567,#8568)
    ,(#8569,#8570,#8571,#8572,#8573,#8574,#8575,#8576
  )),.UNSPECIFIED.,.F.,.F.,.F.,(2,2),(8,8),(7.,8.),(8.412630373932E-02,
    1.078963977376),.PIECEWISE_BEZIER_KNOTS.);
#8561 = CARTESIAN_POINT('',(-20.93032502665,-11.92671339109,-7.7));
#8562 = CARTESIAN_POINT('',(-20.93603312535,-11.61787226991,-7.7));
#8563 = CARTESIAN_POINT('',(-20.99185138684,-11.30975486791,-7.7));
#8564 = CARTESIAN_POINT('',(-21.09767986311,-11.0121129675,-7.7));
#8565 = CARTESIAN_POINT('',(-21.25104947899,-10.73468541838,-7.7));
#8566 = CARTESIAN_POINT('',(-21.44711388943,-10.48642624605,-7.7));
#8567 = CARTESIAN_POINT('',(-21.67905107811,-10.27474421861,-7.7));
#8568 = CARTESIAN_POINT('',(-21.93870973238,-10.10507337116,-7.7));
#8569 = CARTESIAN_POINT('',(-20.93032502665,-11.92671339109,-5.2));
#8570 = CARTESIAN_POINT('',(-20.93603312535,-11.61787226991,-5.2));
#8571 = CARTESIAN_POINT('',(-20.99185138684,-11.30975486791,-5.2));
#8572 = CARTESIAN_POINT('',(-21.09767986311,-11.0121129675,-5.2));
#8573 = CARTESIAN_POINT('',(-21.25104947899,-10.73468541838,-5.2));
#8574 = CARTESIAN_POINT('',(-21.44711388943,-10.48642624605,-5.2));
#8575 = CARTESIAN_POINT('',(-21.67905107811,-10.27474421861,-5.2));
#8576 = CARTESIAN_POINT('',(-21.93870973238,-10.10507337116,-5.2));
#8577 = ADVANCED_FACE('',(#8578),#8600,.T.);
#8578 = FACE_BOUND('',#8579,.T.);
#8579 = EDGE_LOOP('',(#8580,#8593,#8594,#8595));
#8580 = ORIENTED_EDGE('',*,*,#8581,.F.);
#8581 = EDGE_CURVE('',#4284,#8582,#8584,.T.);
#8582 = VERTEX_POINT('',#8583);
#8583 = CARTESIAN_POINT('',(-21.93870973238,-10.10507337116,-9.2));
#8584 = B_SPLINE_CURVE_WITH_KNOTS('',7,(#8585,#8586,#8587,#8588,#8589,
    #8590,#8591,#8592),.UNSPECIFIED.,.F.,.F.,(8,8),(8.412630373932E-02,
    1.078963977376),.PIECEWISE_BEZIER_KNOTS.);
#8585 = CARTESIAN_POINT('',(-20.93032502665,-11.92671339109,-9.2));
#8586 = CARTESIAN_POINT('',(-20.93603312535,-11.61787226991,-9.2));
#8587 = CARTESIAN_POINT('',(-20.99185138684,-11.30975486791,-9.2));
#8588 = CARTESIAN_POINT('',(-21.09767986311,-11.0121129675,-9.2));
#8589 = CARTESIAN_POINT('',(-21.25104947899,-10.73468541838,-9.2));
#8590 = CARTESIAN_POINT('',(-21.44711388943,-10.48642624605,-9.2));
#8591 = CARTESIAN_POINT('',(-21.67905107811,-10.27474421861,-9.2));
#8592 = CARTESIAN_POINT('',(-21.93870973238,-10.10507337116,-9.2));
#8593 = ORIENTED_EDGE('',*,*,#4283,.T.);
#8594 = ORIENTED_EDGE('',*,*,#8541,.T.);
#8595 = ORIENTED_EDGE('',*,*,#8596,.F.);
#8596 = EDGE_CURVE('',#8582,#8542,#8597,.T.);
#8597 = B_SPLINE_CURVE_WITH_KNOTS('',1,(#8598,#8599),.UNSPECIFIED.,.F.,
  .F.,(2,2),(6.,7.),.PIECEWISE_BEZIER_KNOTS.);
#8598 = CARTESIAN_POINT('',(-21.93870973238,-10.10507337116,-9.2));
#8599 = CARTESIAN_POINT('',(-21.93870973238,-10.10507337116,-7.7));
#8600 = B_SPLINE_SURFACE_WITH_KNOTS('',1,7,(
    (#8601,#8602,#8603,#8604,#8605,#8606,#8607,#8608)
    ,(#8609,#8610,#8611,#8612,#8613,#8614,#8615,#8616
  )),.UNSPECIFIED.,.F.,.F.,.F.,(2,2),(8,8),(6.,7.),(8.412630373932E-02,
    1.078963977376),.PIECEWISE_BEZIER_KNOTS.);
#8601 = CARTESIAN_POINT('',(-20.93032502665,-11.92671339109,-9.2));
#8602 = CARTESIAN_POINT('',(-20.93603312535,-11.61787226991,-9.2));
#8603 = CARTESIAN_POINT('',(-20.99185138684,-11.30975486791,-9.2));
#8604 = CARTESIAN_POINT('',(-21.09767986311,-11.0121129675,-9.2));
#8605 = CARTESIAN_POINT('',(-21.25104947899,-10.73468541838,-9.2));
#8606 = CARTESIAN_POINT('',(-21.44711388943,-10.48642624605,-9.2));
#8607 = CARTESIAN_POINT('',(-21.67905107811,-10.27474421861,-9.2));
#8608 = CARTESIAN_POINT('',(-21.93870973238,-10.10507337116,-9.2));
#8609 = CARTESIAN_POINT('',(-20.93032502665,-11.92671339109,-7.7));
#8610 = CARTESIAN_POINT('',(-20.93603312535,-11.61787226991,-7.7));
#8611 = CARTESIAN_POINT('',(-20.99185138684,-11.30975486791,-7.7));
#8612 = CARTESIAN_POINT('',(-21.09767986311,-11.0121129675,-7.7));
#8613 = CARTESIAN_POINT('',(-21.25104947899,-10.73468541838,-7.7));
#8614 = CARTESIAN_POINT('',(-21.44711388943,-10.48642624605,-7.7));
#8615 = CARTESIAN_POINT('',(-21.67905107811,-10.27474421861,-7.7));
#8616 = CARTESIAN_POINT('',(-21.93870973238,-10.10507337116,-7.7));
#8617 = ADVANCED_FACE('',(#8618),#8628,.T.);
#8618 = FACE_BOUND('',#8619,.T.);
#8619 = EDGE_LOOP('',(#8620,#8621,#8622,#8623));
#8620 = ORIENTED_EDGE('',*,*,#5258,.F.);
#8621 = ORIENTED_EDGE('',*,*,#4290,.T.);
#8622 = ORIENTED_EDGE('',*,*,#8581,.T.);
#8623 = ORIENTED_EDGE('',*,*,#8624,.F.);
#8624 = EDGE_CURVE('',#5259,#8582,#8625,.T.);
#8625 = B_SPLINE_CURVE_WITH_KNOTS('',1,(#8626,#8627),.UNSPECIFIED.,.F.,
  .F.,(2,2),(5.,6.),.PIECEWISE_BEZIER_KNOTS.);
#8626 = CARTESIAN_POINT('',(-21.93870973238,-10.10507337116,-9.6));
#8627 = CARTESIAN_POINT('',(-21.93870973238,-10.10507337116,-9.2));
#8628 = B_SPLINE_SURFACE_WITH_KNOTS('',1,7,(
    (#8629,#8630,#8631,#8632,#8633,#8634,#8635,#8636)
    ,(#8637,#8638,#8639,#8640,#8641,#8642,#8643,#8644
  )),.UNSPECIFIED.,.F.,.F.,.F.,(2,2),(8,8),(5.,6.),(8.412630373932E-02,
    1.078963977376),.PIECEWISE_BEZIER_KNOTS.);
#8629 = CARTESIAN_POINT('',(-20.93032502665,-11.92671339109,-9.6));
#8630 = CARTESIAN_POINT('',(-20.93603312535,-11.61787226991,-9.6));
#8631 = CARTESIAN_POINT('',(-20.99185138684,-11.30975486791,-9.6));
#8632 = CARTESIAN_POINT('',(-21.09767986311,-11.0121129675,-9.6));
#8633 = CARTESIAN_POINT('',(-21.25104947899,-10.73468541838,-9.6));
#8634 = CARTESIAN_POINT('',(-21.44711388943,-10.48642624605,-9.6));
#8635 = CARTESIAN_POINT('',(-21.67905107811,-10.27474421861,-9.6));
#8636 = CARTESIAN_POINT('',(-21.93870973238,-10.10507337116,-9.6));
#8637 = CARTESIAN_POINT('',(-20.93032502665,-11.92671339109,-9.2));
#8638 = CARTESIAN_POINT('',(-20.93603312535,-11.61787226991,-9.2));
#8639 = CARTESIAN_POINT('',(-20.99185138684,-11.30975486791,-9.2));
#8640 = CARTESIAN_POINT('',(-21.09767986311,-11.0121129675,-9.2));
#8641 = CARTESIAN_POINT('',(-21.25104947899,-10.73468541838,-9.2));
#8642 = CARTESIAN_POINT('',(-21.44711388943,-10.48642624605,-9.2));
#8643 = CARTESIAN_POINT('',(-21.67905107811,-10.27474421861,-9.2));
#8644 = CARTESIAN_POINT('',(-21.93870973238,-10.10507337116,-9.2));
#8645 = ADVANCED_FACE('',(#8646),#8670,.T.);
#8646 = FACE_BOUND('',#8647,.T.);
#8647 = EDGE_LOOP('',(#8648,#8649,#8656,#8669));
#8648 = ORIENTED_EDGE('',*,*,#5244,.F.);
#8649 = ORIENTED_EDGE('',*,*,#8650,.T.);
#8650 = EDGE_CURVE('',#5232,#8651,#8653,.T.);
#8651 = VERTEX_POINT('',#8652);
#8652 = CARTESIAN_POINT('',(-18.42896851583,-20.53616333954,-9.2));
#8653 = B_SPLINE_CURVE_WITH_KNOTS('',1,(#8654,#8655),.UNSPECIFIED.,.F.,
  .F.,(2,2),(5.,6.),.PIECEWISE_BEZIER_KNOTS.);
#8654 = CARTESIAN_POINT('',(-18.42896851583,-20.53616333954,-9.6));
#8655 = CARTESIAN_POINT('',(-18.42896851583,-20.53616333954,-9.2));
#8656 = ORIENTED_EDGE('',*,*,#8657,.T.);
#8657 = EDGE_CURVE('',#8651,#4305,#8658,.T.);
#8658 = B_SPLINE_CURVE_WITH_KNOTS('',9,(#8659,#8660,#8661,#8662,#8663,
    #8664,#8665,#8666,#8667,#8668),.UNSPECIFIED.,.F.,.F.,(10,10),(
    0.977384381117,3.05746634985),.PIECEWISE_BEZIER_KNOTS.);
#8659 = CARTESIAN_POINT('',(-18.42896851583,-20.53616333954,-9.2));
#8660 = CARTESIAN_POINT('',(-18.65778608771,-20.69029814973,-9.2));
#8661 = CARTESIAN_POINT('',(-18.9264322051,-20.78522698112,-9.2));
#8662 = CARTESIAN_POINT('',(-19.21739931315,-20.80918809775,-9.2));
#8663 = CARTESIAN_POINT('',(-19.50912862139,-20.7564613796,-9.2));
#8664 = CARTESIAN_POINT('',(-19.77850705909,-20.62903365551,-9.2));
#8665 = CARTESIAN_POINT('',(-20.00424157602,-20.43700979612,-9.2));
#8666 = CARTESIAN_POINT('',(-20.17018359923,-20.19702955852,-9.2));
#8667 = CARTESIAN_POINT('',(-20.26713590349,-19.92939164278,-9.2));
#8668 = CARTESIAN_POINT('',(-20.29313485155,-19.65506946391,-9.2));
#8669 = ORIENTED_EDGE('',*,*,#4304,.F.);
#8670 = B_SPLINE_SURFACE_WITH_KNOTS('',1,9,(
    (#8671,#8672,#8673,#8674,#8675,#8676,#8677,#8678,#8679,#8680)
    ,(#8681,#8682,#8683,#8684,#8685,#8686,#8687,#8688,#8689,#8690
  )),.UNSPECIFIED.,.F.,.F.,.F.,(2,2),(10,10),(5.,6.),(0.977384381117,
    3.05746634985),.PIECEWISE_BEZIER_KNOTS.);
#8671 = CARTESIAN_POINT('',(-18.42896851583,-20.53616333954,-9.6));
#8672 = CARTESIAN_POINT('',(-18.65778608771,-20.69029814973,-9.6));
#8673 = CARTESIAN_POINT('',(-18.9264322051,-20.78522698112,-9.6));
#8674 = CARTESIAN_POINT('',(-19.21739931315,-20.80918809775,-9.6));
#8675 = CARTESIAN_POINT('',(-19.50912862139,-20.7564613796,-9.6));
#8676 = CARTESIAN_POINT('',(-19.77850705909,-20.62903365551,-9.6));
#8677 = CARTESIAN_POINT('',(-20.00424157602,-20.43700979612,-9.6));
#8678 = CARTESIAN_POINT('',(-20.17018359923,-20.19702955852,-9.6));
#8679 = CARTESIAN_POINT('',(-20.26713590349,-19.92939164278,-9.6));
#8680 = CARTESIAN_POINT('',(-20.29313485155,-19.65506946391,-9.6));
#8681 = CARTESIAN_POINT('',(-18.42896851583,-20.53616333954,-9.2));
#8682 = CARTESIAN_POINT('',(-18.65778608771,-20.69029814973,-9.2));
#8683 = CARTESIAN_POINT('',(-18.9264322051,-20.78522698112,-9.2));
#8684 = CARTESIAN_POINT('',(-19.21739931315,-20.80918809775,-9.2));
#8685 = CARTESIAN_POINT('',(-19.50912862139,-20.7564613796,-9.2));
#8686 = CARTESIAN_POINT('',(-19.77850705909,-20.62903365551,-9.2));
#8687 = CARTESIAN_POINT('',(-20.00424157602,-20.43700979612,-9.2));
#8688 = CARTESIAN_POINT('',(-20.17018359923,-20.19702955852,-9.2));
#8689 = CARTESIAN_POINT('',(-20.26713590349,-19.92939164278,-9.2));
#8690 = CARTESIAN_POINT('',(-20.29313485155,-19.65506946391,-9.2));
#8691 = ADVANCED_FACE('',(#8692),#8716,.T.);
#8692 = FACE_BOUND('',#8693,.T.);
#8693 = EDGE_LOOP('',(#8694,#8695,#8702,#8715));
#8694 = ORIENTED_EDGE('',*,*,#8657,.F.);
#8695 = ORIENTED_EDGE('',*,*,#8696,.T.);
#8696 = EDGE_CURVE('',#8651,#8697,#8699,.T.);
#8697 = VERTEX_POINT('',#8698);
#8698 = CARTESIAN_POINT('',(-18.42896851583,-20.53616333954,-7.7));
#8699 = B_SPLINE_CURVE_WITH_KNOTS('',1,(#8700,#8701),.UNSPECIFIED.,.F.,
  .F.,(2,2),(6.,7.),.PIECEWISE_BEZIER_KNOTS.);
#8700 = CARTESIAN_POINT('',(-18.42896851583,-20.53616333954,-9.2));
#8701 = CARTESIAN_POINT('',(-18.42896851583,-20.53616333954,-7.7));
#8702 = ORIENTED_EDGE('',*,*,#8703,.T.);
#8703 = EDGE_CURVE('',#8697,#4312,#8704,.T.);
#8704 = B_SPLINE_CURVE_WITH_KNOTS('',9,(#8705,#8706,#8707,#8708,#8709,
    #8710,#8711,#8712,#8713,#8714),.UNSPECIFIED.,.F.,.F.,(10,10),(
    0.977384381117,3.05746634985),.PIECEWISE_BEZIER_KNOTS.);
#8705 = CARTESIAN_POINT('',(-18.42896851583,-20.53616333954,-7.7));
#8706 = CARTESIAN_POINT('',(-18.65778608771,-20.69029814973,-7.7));
#8707 = CARTESIAN_POINT('',(-18.9264322051,-20.78522698112,-7.7));
#8708 = CARTESIAN_POINT('',(-19.21739931315,-20.80918809775,-7.7));
#8709 = CARTESIAN_POINT('',(-19.50912862139,-20.7564613796,-7.7));
#8710 = CARTESIAN_POINT('',(-19.77850705909,-20.62903365551,-7.7));
#8711 = CARTESIAN_POINT('',(-20.00424157602,-20.43700979612,-7.7));
#8712 = CARTESIAN_POINT('',(-20.17018359923,-20.19702955852,-7.7));
#8713 = CARTESIAN_POINT('',(-20.26713590349,-19.92939164278,-7.7));
#8714 = CARTESIAN_POINT('',(-20.29313485155,-19.65506946391,-7.7));
#8715 = ORIENTED_EDGE('',*,*,#4311,.F.);
#8716 = B_SPLINE_SURFACE_WITH_KNOTS('',1,9,(
    (#8717,#8718,#8719,#8720,#8721,#8722,#8723,#8724,#8725,#8726)
    ,(#8727,#8728,#8729,#8730,#8731,#8732,#8733,#8734,#8735,#8736
  )),.UNSPECIFIED.,.F.,.F.,.F.,(2,2),(10,10),(6.,7.),(0.977384381117,
    3.05746634985),.PIECEWISE_BEZIER_KNOTS.);
#8717 = CARTESIAN_POINT('',(-18.42896851583,-20.53616333954,-9.2));
#8718 = CARTESIAN_POINT('',(-18.65778608771,-20.69029814973,-9.2));
#8719 = CARTESIAN_POINT('',(-18.9264322051,-20.78522698112,-9.2));
#8720 = CARTESIAN_POINT('',(-19.21739931315,-20.80918809775,-9.2));
#8721 = CARTESIAN_POINT('',(-19.50912862139,-20.7564613796,-9.2));
#8722 = CARTESIAN_POINT('',(-19.77850705909,-20.62903365551,-9.2));
#8723 = CARTESIAN_POINT('',(-20.00424157602,-20.43700979612,-9.2));
#8724 = CARTESIAN_POINT('',(-20.17018359923,-20.19702955852,-9.2));
#8725 = CARTESIAN_POINT('',(-20.26713590349,-19.92939164278,-9.2));
#8726 = CARTESIAN_POINT('',(-20.29313485155,-19.65506946391,-9.2));
#8727 = CARTESIAN_POINT('',(-18.42896851583,-20.53616333954,-7.7));
#8728 = CARTESIAN_POINT('',(-18.65778608771,-20.69029814973,-7.7));
#8729 = CARTESIAN_POINT('',(-18.9264322051,-20.78522698112,-7.7));
#8730 = CARTESIAN_POINT('',(-19.21739931315,-20.80918809775,-7.7));
#8731 = CARTESIAN_POINT('',(-19.50912862139,-20.7564613796,-7.7));
#8732 = CARTESIAN_POINT('',(-19.77850705909,-20.62903365551,-7.7));
#8733 = CARTESIAN_POINT('',(-20.00424157602,-20.43700979612,-7.7));
#8734 = CARTESIAN_POINT('',(-20.17018359923,-20.19702955852,-7.7));
#8735 = CARTESIAN_POINT('',(-20.26713590349,-19.92939164278,-7.7));
#8736 = CARTESIAN_POINT('',(-20.29313485155,-19.65506946391,-7.7));
#8737 = ADVANCED_FACE('',(#8738),#8762,.T.);
#8738 = FACE_BOUND('',#8739,.T.);
#8739 = EDGE_LOOP('',(#8740,#8741,#8748,#8761));
#8740 = ORIENTED_EDGE('',*,*,#8703,.F.);
#8741 = ORIENTED_EDGE('',*,*,#8742,.T.);
#8742 = EDGE_CURVE('',#8697,#8743,#8745,.T.);
#8743 = VERTEX_POINT('',#8744);
#8744 = CARTESIAN_POINT('',(-18.42896851583,-20.53616333954,-5.2));
#8745 = B_SPLINE_CURVE_WITH_KNOTS('',1,(#8746,#8747),.UNSPECIFIED.,.F.,
  .F.,(2,2),(7.,8.),.PIECEWISE_BEZIER_KNOTS.);
#8746 = CARTESIAN_POINT('',(-18.42896851583,-20.53616333954,-7.7));
#8747 = CARTESIAN_POINT('',(-18.42896851583,-20.53616333954,-5.2));
#8748 = ORIENTED_EDGE('',*,*,#8749,.T.);
#8749 = EDGE_CURVE('',#8743,#4319,#8750,.T.);
#8750 = B_SPLINE_CURVE_WITH_KNOTS('',9,(#8751,#8752,#8753,#8754,#8755,
    #8756,#8757,#8758,#8759,#8760),.UNSPECIFIED.,.F.,.F.,(10,10),(
    0.977384381117,3.05746634985),.PIECEWISE_BEZIER_KNOTS.);
#8751 = CARTESIAN_POINT('',(-18.42896851583,-20.53616333954,-5.2));
#8752 = CARTESIAN_POINT('',(-18.65778608771,-20.69029814973,-5.2));
#8753 = CARTESIAN_POINT('',(-18.9264322051,-20.78522698112,-5.2));
#8754 = CARTESIAN_POINT('',(-19.21739931315,-20.80918809775,-5.2));
#8755 = CARTESIAN_POINT('',(-19.50912862139,-20.7564613796,
    -5.199999999999));
#8756 = CARTESIAN_POINT('',(-19.77850705909,-20.62903365551,
    -5.200000000001));
#8757 = CARTESIAN_POINT('',(-20.00424157602,-20.43700979612,-5.2));
#8758 = CARTESIAN_POINT('',(-20.17018359923,-20.19702955852,-5.2));
#8759 = CARTESIAN_POINT('',(-20.26713590349,-19.92939164278,-5.2));
#8760 = CARTESIAN_POINT('',(-20.29313485155,-19.65506946391,-5.2));
#8761 = ORIENTED_EDGE('',*,*,#4318,.F.);
#8762 = B_SPLINE_SURFACE_WITH_KNOTS('',1,9,(
    (#8763,#8764,#8765,#8766,#8767,#8768,#8769,#8770,#8771,#8772)
    ,(#8773,#8774,#8775,#8776,#8777,#8778,#8779,#8780,#8781,#8782
  )),.UNSPECIFIED.,.F.,.F.,.F.,(2,2),(10,10),(7.,8.),(0.977384381117,
    3.05746634985),.PIECEWISE_BEZIER_KNOTS.);
#8763 = CARTESIAN_POINT('',(-18.42896851583,-20.53616333954,-7.7));
#8764 = CARTESIAN_POINT('',(-18.65778608771,-20.69029814973,-7.7));
#8765 = CARTESIAN_POINT('',(-18.9264322051,-20.78522698112,-7.7));
#8766 = CARTESIAN_POINT('',(-19.21739931315,-20.80918809775,-7.7));
#8767 = CARTESIAN_POINT('',(-19.50912862139,-20.7564613796,-7.7));
#8768 = CARTESIAN_POINT('',(-19.77850705909,-20.62903365551,-7.7));
#8769 = CARTESIAN_POINT('',(-20.00424157602,-20.43700979612,-7.7));
#8770 = CARTESIAN_POINT('',(-20.17018359923,-20.19702955852,-7.7));
#8771 = CARTESIAN_POINT('',(-20.26713590349,-19.92939164278,-7.7));
#8772 = CARTESIAN_POINT('',(-20.29313485155,-19.65506946391,-7.7));
#8773 = CARTESIAN_POINT('',(-18.42896851583,-20.53616333954,-5.2));
#8774 = CARTESIAN_POINT('',(-18.65778608771,-20.69029814973,-5.2));
#8775 = CARTESIAN_POINT('',(-18.9264322051,-20.78522698112,-5.2));
#8776 = CARTESIAN_POINT('',(-19.21739931315,-20.80918809775,-5.2));
#8777 = CARTESIAN_POINT('',(-19.50912862139,-20.7564613796,
    -5.199999999999));
#8778 = CARTESIAN_POINT('',(-19.77850705909,-20.62903365551,
    -5.200000000001));
#8779 = CARTESIAN_POINT('',(-20.00424157602,-20.43700979612,-5.2));
#8780 = CARTESIAN_POINT('',(-20.17018359923,-20.19702955852,-5.2));
#8781 = CARTESIAN_POINT('',(-20.26713590349,-19.92939164278,-5.2));
#8782 = CARTESIAN_POINT('',(-20.29313485155,-19.65506946391,-5.2));
#8783 = ADVANCED_FACE('',(#8784),#8794,.T.);
#8784 = FACE_BOUND('',#8785,.T.);
#8785 = EDGE_LOOP('',(#8786,#8787,#8792,#8793));
#8786 = ORIENTED_EDGE('',*,*,#8749,.F.);
#8787 = ORIENTED_EDGE('',*,*,#8788,.T.);
#8788 = EDGE_CURVE('',#8743,#4339,#8789,.T.);
#8789 = B_SPLINE_CURVE_WITH_KNOTS('',1,(#8790,#8791),.UNSPECIFIED.,.F.,
  .F.,(2,2),(8.,9.),.PIECEWISE_BEZIER_KNOTS.);
#8790 = CARTESIAN_POINT('',(-18.42896851583,-20.53616333954,-5.2));
#8791 = CARTESIAN_POINT('',(-18.42896851583,-20.53616333954,-3.7));
#8792 = ORIENTED_EDGE('',*,*,#4338,.T.);
#8793 = ORIENTED_EDGE('',*,*,#4325,.F.);
#8794 = B_SPLINE_SURFACE_WITH_KNOTS('',1,9,(
    (#8795,#8796,#8797,#8798,#8799,#8800,#8801,#8802,#8803,#8804)
    ,(#8805,#8806,#8807,#8808,#8809,#8810,#8811,#8812,#8813,#8814
  )),.UNSPECIFIED.,.F.,.F.,.F.,(2,2),(10,10),(8.,9.),(0.977384381117,
    3.05746634985),.PIECEWISE_BEZIER_KNOTS.);
#8795 = CARTESIAN_POINT('',(-18.42896851583,-20.53616333954,-5.2));
#8796 = CARTESIAN_POINT('',(-18.65778608771,-20.69029814973,-5.2));
#8797 = CARTESIAN_POINT('',(-18.9264322051,-20.78522698112,-5.2));
#8798 = CARTESIAN_POINT('',(-19.21739931315,-20.80918809775,-5.2));
#8799 = CARTESIAN_POINT('',(-19.50912862139,-20.7564613796,
    -5.199999999999));
#8800 = CARTESIAN_POINT('',(-19.77850705909,-20.62903365551,
    -5.200000000001));
#8801 = CARTESIAN_POINT('',(-20.00424157602,-20.43700979612,-5.2));
#8802 = CARTESIAN_POINT('',(-20.17018359923,-20.19702955852,-5.2));
#8803 = CARTESIAN_POINT('',(-20.26713590349,-19.92939164278,-5.2));
#8804 = CARTESIAN_POINT('',(-20.29313485155,-19.65506946391,-5.2));
#8805 = CARTESIAN_POINT('',(-18.42896851583,-20.53616333954,-3.7));
#8806 = CARTESIAN_POINT('',(-18.65778608771,-20.69029814973,-3.7));
#8807 = CARTESIAN_POINT('',(-18.9264322051,-20.78522698112,-3.7));
#8808 = CARTESIAN_POINT('',(-19.21739931315,-20.80918809775,
    -3.700000000001));
#8809 = CARTESIAN_POINT('',(-19.50912862139,-20.7564613796,
    -3.699999999999));
#8810 = CARTESIAN_POINT('',(-19.77850705909,-20.62903365551,
    -3.700000000001));
#8811 = CARTESIAN_POINT('',(-20.00424157602,-20.43700979612,
    -3.699999999999));
#8812 = CARTESIAN_POINT('',(-20.17018359923,-20.19702955852,-3.7));
#8813 = CARTESIAN_POINT('',(-20.26713590349,-19.92939164278,-3.7));
#8814 = CARTESIAN_POINT('',(-20.29313485155,-19.65506946391,-3.7));
#8815 = ADVANCED_FACE('',(#8816),#8839,.T.);
#8816 = FACE_BOUND('',#8817,.T.);
#8817 = EDGE_LOOP('',(#8818,#8831,#8837,#8838));
#8818 = ORIENTED_EDGE('',*,*,#8819,.F.);
#8819 = EDGE_CURVE('',#8820,#8743,#8822,.T.);
#8820 = VERTEX_POINT('',#8821);
#8821 = CARTESIAN_POINT('',(-17.9,-19.54131825247,-4.7));
#8822 = B_SPLINE_CURVE_WITH_KNOTS('',7,(#8823,#8824,#8825,#8826,#8827,
    #8828,#8829,#8830),.UNSPECIFIED.,.F.,.F.,(8,8),(-4.44E-15,
    0.977384381117),.PIECEWISE_BEZIER_KNOTS.);
#8823 = CARTESIAN_POINT('',(-17.9,-19.54131825247,-4.7));
#8824 = CARTESIAN_POINT('',(-17.9,-19.70886986066,-4.771428571429));
#8825 = CARTESIAN_POINT('',(-17.92729372081,-19.87642146885,
    -4.842857142857));
#8826 = CARTESIAN_POINT('',(-17.98188101442,-20.03863785557,
    -4.914285714286));
#8827 = CARTESIAN_POINT('',(-18.06245916149,-20.19018330928,
    -4.985714285714));
#8828 = CARTESIAN_POINT('',(-18.16641781375,-20.32614847895,
    -5.057142857143));
#8829 = CARTESIAN_POINT('',(-18.2900619373,-20.44246966927,
    -5.128571428571));
#8830 = CARTESIAN_POINT('',(-18.42896851583,-20.53616333954,-5.2));
#8831 = ORIENTED_EDGE('',*,*,#8832,.F.);
#8832 = EDGE_CURVE('',#4385,#8820,#8833,.T.);
#8833 = LINE('',#8834,#8835);
#8834 = CARTESIAN_POINT('',(-17.1,-19.54131825247,-3.7));
#8835 = VECTOR('',#8836,1.);
#8836 = DIRECTION('',(-0.624695047554,-1.7E-16,-0.780868809443));
#8837 = ORIENTED_EDGE('',*,*,#4384,.T.);
#8838 = ORIENTED_EDGE('',*,*,#8788,.F.);
#8839 = B_SPLINE_SURFACE_WITH_KNOTS('',1,7,(
    (#8840,#8841,#8842,#8843,#8844,#8845,#8846,#8847)
    ,(#8848,#8849,#8850,#8851,#8852,#8853,#8854,#8855
  )),.UNSPECIFIED.,.F.,.F.,.F.,(2,2),(8,8),(8.,9.),(-4.44E-15,
    0.977384381117),.PIECEWISE_BEZIER_KNOTS.);
#8840 = CARTESIAN_POINT('',(-17.9,-19.54131825247,-4.7));
#8841 = CARTESIAN_POINT('',(-17.9,-19.70886986066,-4.771428571429));
#8842 = CARTESIAN_POINT('',(-17.92729372081,-19.87642146885,
    -4.842857142857));
#8843 = CARTESIAN_POINT('',(-17.98188101442,-20.03863785557,
    -4.914285714286));
#8844 = CARTESIAN_POINT('',(-18.06245916149,-20.19018330928,
    -4.985714285714));
#8845 = CARTESIAN_POINT('',(-18.16641781375,-20.32614847895,
    -5.057142857143));
#8846 = CARTESIAN_POINT('',(-18.2900619373,-20.44246966927,
    -5.128571428571));
#8847 = CARTESIAN_POINT('',(-18.42896851583,-20.53616333954,-5.2));
#8848 = CARTESIAN_POINT('',(-17.1,-19.54131825247,-3.7));
#8849 = CARTESIAN_POINT('',(-17.21428571428,-19.82057093279,-3.7));
#8850 = CARTESIAN_POINT('',(-17.37406096325,-20.0625899224,-3.7));
#8851 = CARTESIAN_POINT('',(-17.56840843643,-20.25848397023,-3.7));
#8852 = CARTESIAN_POINT('',(-17.78423688978,-20.40291209862,-3.7));
#8853 = CARTESIAN_POINT('',(-18.0077341644,-20.49482196564,-3.7));
#8854 = CARTESIAN_POINT('',(-18.2261541769,-20.53721682042,-3.7));
#8855 = CARTESIAN_POINT('',(-18.42896851583,-20.53616333954,-3.7));
#8856 = ADVANCED_FACE('',(#8857),#8874,.T.);
#8857 = FACE_BOUND('',#8858,.T.);
#8858 = EDGE_LOOP('',(#8859,#8867,#8872,#8873));
#8859 = ORIENTED_EDGE('',*,*,#8860,.F.);
#8860 = EDGE_CURVE('',#8861,#8820,#8863,.T.);
#8861 = VERTEX_POINT('',#8862);
#8862 = CARTESIAN_POINT('',(-17.9,24.808681747526,-4.7));
#8863 = LINE('',#8864,#8865);
#8864 = CARTESIAN_POINT('',(-17.9,24.808681747526,-4.7));
#8865 = VECTOR('',#8866,1.);
#8866 = DIRECTION('',(0.,-1.,2.2E-16));
#8867 = ORIENTED_EDGE('',*,*,#8868,.T.);
#8868 = EDGE_CURVE('',#8861,#4426,#8869,.T.);
#8869 = B_SPLINE_CURVE_WITH_KNOTS('',1,(#8870,#8871),.UNSPECIFIED.,.F.,
  .F.,(2,2),(8.,9.),.PIECEWISE_BEZIER_KNOTS.);
#8870 = CARTESIAN_POINT('',(-17.9,24.808681747526,-4.7));
#8871 = CARTESIAN_POINT('',(-17.1,24.808681747526,-3.7));
#8872 = ORIENTED_EDGE('',*,*,#4425,.T.);
#8873 = ORIENTED_EDGE('',*,*,#8832,.T.);
#8874 = PLANE('',#8875);
#8875 = AXIS2_PLACEMENT_3D('',#8876,#8877,#8878);
#8876 = CARTESIAN_POINT('',(-17.1,24.808681747526,-3.7));
#8877 = DIRECTION('',(0.780868809443,0.,-0.624695047554));
#8878 = DIRECTION('',(0.624695047554,1.7E-16,0.780868809443));
#8879 = ADVANCED_FACE('',(#8880),#8896,.T.);
#8880 = FACE_BOUND('',#8881,.T.);
#8881 = EDGE_LOOP('',(#8882,#8893,#8894,#8895));
#8882 = ORIENTED_EDGE('',*,*,#8883,.F.);
#8883 = EDGE_CURVE('',#4517,#8861,#8884,.T.);
#8884 = B_SPLINE_CURVE_WITH_KNOTS('',7,(#8885,#8886,#8887,#8888,#8889,
    #8890,#8891,#8892),.UNSPECIFIED.,.F.,.F.,(8,8),(5.305800926063,
    6.28318530718),.PIECEWISE_BEZIER_KNOTS.);
#8885 = CARTESIAN_POINT('',(-18.42896851583,25.803526834592,-5.2));
#8886 = CARTESIAN_POINT('',(-18.2900619373,25.709833164327,
    -5.128571428571));
#8887 = CARTESIAN_POINT('',(-18.16641781375,25.593511974011,
    -5.057142857143));
#8888 = CARTESIAN_POINT('',(-18.06245916149,25.457546804342,
    -4.985714285714));
#8889 = CARTESIAN_POINT('',(-17.98188101442,25.306001350627,
    -4.914285714286));
#8890 = CARTESIAN_POINT('',(-17.92729372081,25.14378496391,
    -4.842857142857));
#8891 = CARTESIAN_POINT('',(-17.9,24.976233355718,-4.771428571429));
#8892 = CARTESIAN_POINT('',(-17.9,24.808681747526,-4.7));
#8893 = ORIENTED_EDGE('',*,*,#4516,.F.);
#8894 = ORIENTED_EDGE('',*,*,#4448,.T.);
#8895 = ORIENTED_EDGE('',*,*,#8868,.F.);
#8896 = B_SPLINE_SURFACE_WITH_KNOTS('',1,7,(
    (#8897,#8898,#8899,#8900,#8901,#8902,#8903,#8904)
    ,(#8905,#8906,#8907,#8908,#8909,#8910,#8911,#8912
  )),.UNSPECIFIED.,.F.,.F.,.F.,(2,2),(8,8),(8.,9.),(5.305800926063,
    6.28318530718),.PIECEWISE_BEZIER_KNOTS.);
#8897 = CARTESIAN_POINT('',(-18.42896851583,25.803526834592,-5.2));
#8898 = CARTESIAN_POINT('',(-18.2900619373,25.709833164327,
    -5.128571428571));
#8899 = CARTESIAN_POINT('',(-18.16641781375,25.593511974011,
    -5.057142857143));
#8900 = CARTESIAN_POINT('',(-18.06245916149,25.457546804342,
    -4.985714285714));
#8901 = CARTESIAN_POINT('',(-17.98188101442,25.306001350627,
    -4.914285714286));
#8902 = CARTESIAN_POINT('',(-17.92729372081,25.14378496391,
    -4.842857142857));
#8903 = CARTESIAN_POINT('',(-17.9,24.976233355718,-4.771428571429));
#8904 = CARTESIAN_POINT('',(-17.9,24.808681747526,-4.7));
#8905 = CARTESIAN_POINT('',(-18.42896851583,25.803526834592,-3.7));
#8906 = CARTESIAN_POINT('',(-18.2261541769,25.804580315476,-3.7));
#8907 = CARTESIAN_POINT('',(-18.0077341644,25.762185460695,-3.7));
#8908 = CARTESIAN_POINT('',(-17.78423688978,25.670275593678,-3.7));
#8909 = CARTESIAN_POINT('',(-17.56840843643,25.52584746529,-3.7));
#8910 = CARTESIAN_POINT('',(-17.37406096326,25.329953417456,-3.7));
#8911 = CARTESIAN_POINT('',(-17.21428571428,25.087934427845,-3.7));
#8912 = CARTESIAN_POINT('',(-17.1,24.808681747526,-3.7));
#8913 = ADVANCED_FACE('',(#8914),#8936,.T.);
#8914 = FACE_BOUND('',#8915,.T.);
#8915 = EDGE_LOOP('',(#8916,#8917,#8918,#8931));
#8916 = ORIENTED_EDGE('',*,*,#5210,.F.);
#8917 = ORIENTED_EDGE('',*,*,#4489,.F.);
#8918 = ORIENTED_EDGE('',*,*,#8919,.T.);
#8919 = EDGE_CURVE('',#4490,#8920,#8922,.T.);
#8920 = VERTEX_POINT('',#8921);
#8921 = CARTESIAN_POINT('',(-17.1,24.808681747526,-9.2));
#8922 = B_SPLINE_CURVE_WITH_KNOTS('',7,(#8923,#8924,#8925,#8926,#8927,
    #8928,#8929,#8930),.UNSPECIFIED.,.F.,.F.,(8,8),(5.305800926063,
    6.28318530718),.PIECEWISE_BEZIER_KNOTS.);
#8923 = CARTESIAN_POINT('',(-18.42896851583,25.803526834592,-9.2));
#8924 = CARTESIAN_POINT('',(-18.2261541769,25.804580315476,-9.2));
#8925 = CARTESIAN_POINT('',(-18.0077341644,25.762185460695,-9.2));
#8926 = CARTESIAN_POINT('',(-17.78423688978,25.670275593678,-9.2));
#8927 = CARTESIAN_POINT('',(-17.56840843643,25.52584746529,-9.2));
#8928 = CARTESIAN_POINT('',(-17.37406096326,25.329953417456,-9.2));
#8929 = CARTESIAN_POINT('',(-17.21428571428,25.087934427845,-9.2));
#8930 = CARTESIAN_POINT('',(-17.1,24.808681747526,-9.2));
#8931 = ORIENTED_EDGE('',*,*,#8932,.F.);
#8932 = EDGE_CURVE('',#5211,#8920,#8933,.T.);
#8933 = B_SPLINE_CURVE_WITH_KNOTS('',1,(#8934,#8935),.UNSPECIFIED.,.F.,
  .F.,(2,2),(5.,6.),.PIECEWISE_BEZIER_KNOTS.);
#8934 = CARTESIAN_POINT('',(-17.1,24.808681747526,-9.6));
#8935 = CARTESIAN_POINT('',(-17.1,24.808681747526,-9.2));
#8936 = B_SPLINE_SURFACE_WITH_KNOTS('',1,7,(
    (#8937,#8938,#8939,#8940,#8941,#8942,#8943,#8944)
    ,(#8945,#8946,#8947,#8948,#8949,#8950,#8951,#8952
  )),.UNSPECIFIED.,.F.,.F.,.F.,(2,2),(8,8),(5.,6.),(5.305800926063,
    6.28318530718),.PIECEWISE_BEZIER_KNOTS.);
#8937 = CARTESIAN_POINT('',(-18.42896851583,25.803526834592,-9.6));
#8938 = CARTESIAN_POINT('',(-18.2261541769,25.804580315476,-9.6));
#8939 = CARTESIAN_POINT('',(-18.0077341644,25.762185460695,-9.6));
#8940 = CARTESIAN_POINT('',(-17.78423688978,25.670275593678,-9.6));
#8941 = CARTESIAN_POINT('',(-17.56840843643,25.52584746529,-9.6));
#8942 = CARTESIAN_POINT('',(-17.37406096326,25.329953417456,-9.6));
#8943 = CARTESIAN_POINT('',(-17.21428571428,25.087934427845,-9.6));
#8944 = CARTESIAN_POINT('',(-17.1,24.808681747526,-9.6));
#8945 = CARTESIAN_POINT('',(-18.42896851583,25.803526834592,-9.2));
#8946 = CARTESIAN_POINT('',(-18.2261541769,25.804580315476,-9.2));
#8947 = CARTESIAN_POINT('',(-18.0077341644,25.762185460695,-9.2));
#8948 = CARTESIAN_POINT('',(-17.78423688978,25.670275593678,-9.2));
#8949 = CARTESIAN_POINT('',(-17.56840843643,25.52584746529,-9.2));
#8950 = CARTESIAN_POINT('',(-17.37406096326,25.329953417456,-9.2));
#8951 = CARTESIAN_POINT('',(-17.21428571428,25.087934427845,-9.2));
#8952 = CARTESIAN_POINT('',(-17.1,24.808681747526,-9.2));
#8953 = ADVANCED_FACE('',(#8954),#8976,.T.);
#8954 = FACE_BOUND('',#8955,.T.);
#8955 = EDGE_LOOP('',(#8956,#8969,#8970,#8971));
#8956 = ORIENTED_EDGE('',*,*,#8957,.F.);
#8957 = EDGE_CURVE('',#4525,#8958,#8960,.T.);
#8958 = VERTEX_POINT('',#8959);
#8959 = CARTESIAN_POINT('',(-17.9,24.808681747526,-8.2));
#8960 = B_SPLINE_CURVE_WITH_KNOTS('',7,(#8961,#8962,#8963,#8964,#8965,
    #8966,#8967,#8968),.UNSPECIFIED.,.F.,.F.,(8,8),(5.305800926063,
    6.28318530718),.PIECEWISE_BEZIER_KNOTS.);
#8961 = CARTESIAN_POINT('',(-18.42896851583,25.803526834592,-7.7));
#8962 = CARTESIAN_POINT('',(-18.2900619373,25.709833164327,
    -7.771428571429));
#8963 = CARTESIAN_POINT('',(-18.16641781375,25.593511974012,
    -7.842857142857));
#8964 = CARTESIAN_POINT('',(-18.06245916149,25.457546804341,
    -7.914285714286));
#8965 = CARTESIAN_POINT('',(-17.98188101442,25.306001350628,
    -7.985714285714));
#8966 = CARTESIAN_POINT('',(-17.92729372081,25.14378496391,
    -8.057142857143));
#8967 = CARTESIAN_POINT('',(-17.9,24.976233355718,-8.128571428571));
#8968 = CARTESIAN_POINT('',(-17.9,24.808681747526,-8.2));
#8969 = ORIENTED_EDGE('',*,*,#4524,.F.);
#8970 = ORIENTED_EDGE('',*,*,#8883,.T.);
#8971 = ORIENTED_EDGE('',*,*,#8972,.F.);
#8972 = EDGE_CURVE('',#8958,#8861,#8973,.T.);
#8973 = B_SPLINE_CURVE_WITH_KNOTS('',1,(#8974,#8975),.UNSPECIFIED.,.F.,
  .F.,(2,2),(7.,8.),.PIECEWISE_BEZIER_KNOTS.);
#8974 = CARTESIAN_POINT('',(-17.9,24.808681747526,-8.2));
#8975 = CARTESIAN_POINT('',(-17.9,24.808681747526,-4.7));
#8976 = B_SPLINE_SURFACE_WITH_KNOTS('',1,7,(
    (#8977,#8978,#8979,#8980,#8981,#8982,#8983,#8984)
    ,(#8985,#8986,#8987,#8988,#8989,#8990,#8991,#8992
  )),.UNSPECIFIED.,.F.,.F.,.F.,(2,2),(8,8),(7.,8.),(5.305800926063,
    6.28318530718),.PIECEWISE_BEZIER_KNOTS.);
#8977 = CARTESIAN_POINT('',(-18.42896851583,25.803526834592,-7.7));
#8978 = CARTESIAN_POINT('',(-18.2900619373,25.709833164327,
    -7.771428571429));
#8979 = CARTESIAN_POINT('',(-18.16641781375,25.593511974012,
    -7.842857142857));
#8980 = CARTESIAN_POINT('',(-18.06245916149,25.457546804341,
    -7.914285714286));
#8981 = CARTESIAN_POINT('',(-17.98188101442,25.306001350628,
    -7.985714285714));
#8982 = CARTESIAN_POINT('',(-17.92729372081,25.14378496391,
    -8.057142857143));
#8983 = CARTESIAN_POINT('',(-17.9,24.976233355718,-8.128571428571));
#8984 = CARTESIAN_POINT('',(-17.9,24.808681747526,-8.2));
#8985 = CARTESIAN_POINT('',(-18.42896851583,25.803526834592,-5.2));
#8986 = CARTESIAN_POINT('',(-18.2900619373,25.709833164327,
    -5.128571428571));
#8987 = CARTESIAN_POINT('',(-18.16641781375,25.593511974011,
    -5.057142857143));
#8988 = CARTESIAN_POINT('',(-18.06245916149,25.457546804342,
    -4.985714285714));
#8989 = CARTESIAN_POINT('',(-17.98188101442,25.306001350627,
    -4.914285714286));
#8990 = CARTESIAN_POINT('',(-17.92729372081,25.14378496391,
    -4.842857142857));
#8991 = CARTESIAN_POINT('',(-17.9,24.976233355718,-4.771428571429));
#8992 = CARTESIAN_POINT('',(-17.9,24.808681747526,-4.7));
#8993 = ADVANCED_FACE('',(#8994),#9004,.T.);
#8994 = FACE_BOUND('',#8995,.T.);
#8995 = EDGE_LOOP('',(#8996,#8997,#8998,#8999));
#8996 = ORIENTED_EDGE('',*,*,#8919,.F.);
#8997 = ORIENTED_EDGE('',*,*,#4532,.F.);
#8998 = ORIENTED_EDGE('',*,*,#8957,.T.);
#8999 = ORIENTED_EDGE('',*,*,#9000,.F.);
#9000 = EDGE_CURVE('',#8920,#8958,#9001,.T.);
#9001 = B_SPLINE_CURVE_WITH_KNOTS('',1,(#9002,#9003),.UNSPECIFIED.,.F.,
  .F.,(2,2),(6.,7.),.PIECEWISE_BEZIER_KNOTS.);
#9002 = CARTESIAN_POINT('',(-17.1,24.808681747526,-9.2));
#9003 = CARTESIAN_POINT('',(-17.9,24.808681747526,-8.2));
#9004 = B_SPLINE_SURFACE_WITH_KNOTS('',1,7,(
    (#9005,#9006,#9007,#9008,#9009,#9010,#9011,#9012)
    ,(#9013,#9014,#9015,#9016,#9017,#9018,#9019,#9020
  )),.UNSPECIFIED.,.F.,.F.,.F.,(2,2),(8,8),(6.,7.),(5.305800926063,
    6.28318530718),.PIECEWISE_BEZIER_KNOTS.);
#9005 = CARTESIAN_POINT('',(-18.42896851583,25.803526834592,-9.2));
#9006 = CARTESIAN_POINT('',(-18.2261541769,25.804580315476,-9.2));
#9007 = CARTESIAN_POINT('',(-18.0077341644,25.762185460695,-9.2));
#9008 = CARTESIAN_POINT('',(-17.78423688978,25.670275593678,-9.2));
#9009 = CARTESIAN_POINT('',(-17.56840843643,25.52584746529,-9.2));
#9010 = CARTESIAN_POINT('',(-17.37406096326,25.329953417456,-9.2));
#9011 = CARTESIAN_POINT('',(-17.21428571428,25.087934427845,-9.2));
#9012 = CARTESIAN_POINT('',(-17.1,24.808681747526,-9.2));
#9013 = CARTESIAN_POINT('',(-18.42896851583,25.803526834592,-7.7));
#9014 = CARTESIAN_POINT('',(-18.2900619373,25.709833164327,
    -7.771428571429));
#9015 = CARTESIAN_POINT('',(-18.16641781375,25.593511974012,
    -7.842857142857));
#9016 = CARTESIAN_POINT('',(-18.06245916149,25.457546804341,
    -7.914285714286));
#9017 = CARTESIAN_POINT('',(-17.98188101442,25.306001350628,
    -7.985714285714));
#9018 = CARTESIAN_POINT('',(-17.92729372081,25.14378496391,
    -8.057142857143));
#9019 = CARTESIAN_POINT('',(-17.9,24.976233355718,-8.128571428571));
#9020 = CARTESIAN_POINT('',(-17.9,24.808681747526,-8.2));
#9021 = ADVANCED_FACE('',(#9022),#9047,.T.);
#9022 = FACE_BOUND('',#9023,.T.);
#9023 = EDGE_LOOP('',(#9024,#9039,#9045,#9046));
#9024 = ORIENTED_EDGE('',*,*,#9025,.F.);
#9025 = EDGE_CURVE('',#9026,#4579,#9028,.T.);
#9026 = VERTEX_POINT('',#9027);
#9027 = CARTESIAN_POINT('',(-25.34999999999,17.243671030683,-5.6));
#9028 = B_SPLINE_CURVE_WITH_KNOTS('',9,(#9029,#9030,#9031,#9032,#9033,
    #9034,#9035,#9036,#9037,#9038),.UNSPECIFIED.,.F.,.F.,(10,10),(
    3.14159265359,5.204221329804),.PIECEWISE_BEZIER_KNOTS.);
#9029 = CARTESIAN_POINT('',(-25.34999999999,17.243671030683,-5.6));
#9030 = CARTESIAN_POINT('',(-25.34999999999,16.73947290983,
    -5.555555555556));
#9031 = CARTESIAN_POINT('',(-25.22000331218,16.23527478898,
    -5.511111111111));
#9032 = CARTESIAN_POINT('',(-24.96000969261,15.769381998168,
    -5.466666666668));
#9033 = CARTESIAN_POINT('',(-24.58318917735,15.380096986483,
    -5.422222222221));
#9034 = CARTESIAN_POINT('',(-24.11587090593,15.100301526984,
    -5.37777777778));
#9035 = CARTESIAN_POINT('',(-23.59477781231,14.951982584048,
    -5.333333333333));
#9036 = CARTESIAN_POINT('',(-23.06132788229,14.942820329688,
    -5.28888888889));
#9037 = CARTESIAN_POINT('',(-22.55550298043,15.066335723754,
    -5.244444444445));
#9038 = CARTESIAN_POINT('',(-22.11106795353,15.304439171718,
    -5.200000000001));
#9039 = ORIENTED_EDGE('',*,*,#9040,.F.);
#9040 = EDGE_CURVE('',#4623,#9026,#9041,.T.);
#9041 = LINE('',#9042,#9043);
#9042 = CARTESIAN_POINT('',(-23.44999999999,17.243671030683,-3.7));
#9043 = VECTOR('',#9044,1.);
#9044 = DIRECTION('',(-0.707106781187,-7.E-17,-0.707106781187));
#9045 = ORIENTED_EDGE('',*,*,#4622,.T.);
#9046 = ORIENTED_EDGE('',*,*,#4578,.F.);
#9047 = B_SPLINE_SURFACE_WITH_KNOTS('',1,9,(
    (#9048,#9049,#9050,#9051,#9052,#9053,#9054,#9055,#9056,#9057)
    ,(#9058,#9059,#9060,#9061,#9062,#9063,#9064,#9065,#9066,#9067
  )),.UNSPECIFIED.,.F.,.F.,.F.,(2,2),(10,10),(8.,9.),(3.14159265359,
    5.204221329804),.PIECEWISE_BEZIER_KNOTS.);
#9048 = CARTESIAN_POINT('',(-25.34999999999,17.243671030683,-5.6));
#9049 = CARTESIAN_POINT('',(-25.34999999999,16.73947290983,
    -5.555555555556));
#9050 = CARTESIAN_POINT('',(-25.22000331218,16.23527478898,
    -5.511111111111));
#9051 = CARTESIAN_POINT('',(-24.96000969261,15.769381998168,
    -5.466666666668));
#9052 = CARTESIAN_POINT('',(-24.58318917735,15.380096986483,
    -5.422222222221));
#9053 = CARTESIAN_POINT('',(-24.11587090593,15.100301526984,
    -5.37777777778));
#9054 = CARTESIAN_POINT('',(-23.59477781231,14.951982584048,
    -5.333333333333));
#9055 = CARTESIAN_POINT('',(-23.06132788229,14.942820329688,
    -5.28888888889));
#9056 = CARTESIAN_POINT('',(-22.55550298043,15.066335723754,
    -5.244444444445));
#9057 = CARTESIAN_POINT('',(-22.11106795353,15.304439171718,
    -5.200000000001));
#9058 = CARTESIAN_POINT('',(-23.44999999999,17.243671030683,-3.7));
#9059 = CARTESIAN_POINT('',(-23.6611111111,17.174916741475,-3.7));
#9060 = CARTESIAN_POINT('',(-23.85449540115,16.997301494359,
    -3.699999999999));
#9061 = CARTESIAN_POINT('',(-23.98203564727,16.716047866513,
    -3.700000000002));
#9062 = CARTESIAN_POINT('',(-23.99742338842,16.358440116007,
    -3.699999999998));
#9063 = CARTESIAN_POINT('',(-23.86746572167,15.973044412226,
    -3.700000000002));
#9064 = CARTESIAN_POINT('',(-23.58326789957,15.622058999832,
    -3.699999999999));
#9065 = CARTESIAN_POINT('',(-23.16476131848,15.366404840001,
    -3.700000000001));
#9066 = CARTESIAN_POINT('',(-22.65519847984,15.252423629417,-3.7));
#9067 = CARTESIAN_POINT('',(-22.11106795353,15.304439171722,-3.7));
#9068 = ADVANCED_FACE('',(#9069),#9094,.T.);
#9069 = FACE_BOUND('',#9070,.T.);
#9070 = EDGE_LOOP('',(#9071,#9086,#9092,#9093));
#9071 = ORIENTED_EDGE('',*,*,#9072,.F.);
#9072 = EDGE_CURVE('',#9073,#4586,#9075,.T.);
#9073 = VERTEX_POINT('',#9074);
#9074 = CARTESIAN_POINT('',(-25.34999999999,17.243671030683,-7.3));
#9075 = B_SPLINE_CURVE_WITH_KNOTS('',9,(#9076,#9077,#9078,#9079,#9080,
    #9081,#9082,#9083,#9084,#9085),.UNSPECIFIED.,.F.,.F.,(10,10),(
    3.14159265359,5.204221329804),.PIECEWISE_BEZIER_KNOTS.);
#9076 = CARTESIAN_POINT('',(-25.34999999999,17.243671030683,-7.3));
#9077 = CARTESIAN_POINT('',(-25.34999999999,16.73947290983,
    -7.344444444444));
#9078 = CARTESIAN_POINT('',(-25.22000331218,16.23527478898,
    -7.388888888888));
#9079 = CARTESIAN_POINT('',(-24.96000969261,15.769381998168,
    -7.433333333334));
#9080 = CARTESIAN_POINT('',(-24.58318917735,15.380096986483,
    -7.477777777777));
#9081 = CARTESIAN_POINT('',(-24.11587090593,15.100301526984,
    -7.522222222222));
#9082 = CARTESIAN_POINT('',(-23.59477781231,14.951982584048,
    -7.566666666666));
#9083 = CARTESIAN_POINT('',(-23.06132788229,14.942820329688,
    -7.611111111111));
#9084 = CARTESIAN_POINT('',(-22.55550298043,15.066335723754,
    -7.655555555555));
#9085 = CARTESIAN_POINT('',(-22.11106795353,15.304439171718,
    -7.699999999999));
#9086 = ORIENTED_EDGE('',*,*,#9087,.F.);
#9087 = EDGE_CURVE('',#9026,#9073,#9088,.T.);
#9088 = LINE('',#9089,#9090);
#9089 = CARTESIAN_POINT('',(-25.34999999999,17.243671030683,-5.6));
#9090 = VECTOR('',#9091,1.);
#9091 = DIRECTION('',(-0.,-2.2E-16,-1.));
#9092 = ORIENTED_EDGE('',*,*,#9025,.T.);
#9093 = ORIENTED_EDGE('',*,*,#4585,.F.);
#9094 = B_SPLINE_SURFACE_WITH_KNOTS('',1,9,(
    (#9095,#9096,#9097,#9098,#9099,#9100,#9101,#9102,#9103,#9104)
    ,(#9105,#9106,#9107,#9108,#9109,#9110,#9111,#9112,#9113,#9114
  )),.UNSPECIFIED.,.F.,.F.,.F.,(2,2),(10,10),(7.,8.),(3.14159265359,
    5.204221329804),.PIECEWISE_BEZIER_KNOTS.);
#9095 = CARTESIAN_POINT('',(-25.34999999999,17.243671030683,-7.3));
#9096 = CARTESIAN_POINT('',(-25.34999999999,16.73947290983,
    -7.344444444444));
#9097 = CARTESIAN_POINT('',(-25.22000331218,16.23527478898,
    -7.388888888888));
#9098 = CARTESIAN_POINT('',(-24.96000969261,15.769381998168,
    -7.433333333334));
#9099 = CARTESIAN_POINT('',(-24.58318917735,15.380096986483,
    -7.477777777777));
#9100 = CARTESIAN_POINT('',(-24.11587090593,15.100301526984,
    -7.522222222222));
#9101 = CARTESIAN_POINT('',(-23.59477781231,14.951982584048,
    -7.566666666666));
#9102 = CARTESIAN_POINT('',(-23.06132788229,14.942820329688,
    -7.611111111111));
#9103 = CARTESIAN_POINT('',(-22.55550298043,15.066335723754,
    -7.655555555555));
#9104 = CARTESIAN_POINT('',(-22.11106795353,15.304439171718,
    -7.699999999999));
#9105 = CARTESIAN_POINT('',(-25.34999999999,17.243671030683,-5.6));
#9106 = CARTESIAN_POINT('',(-25.34999999999,16.73947290983,
    -5.555555555556));
#9107 = CARTESIAN_POINT('',(-25.22000331218,16.23527478898,
    -5.511111111111));
#9108 = CARTESIAN_POINT('',(-24.96000969261,15.769381998168,
    -5.466666666668));
#9109 = CARTESIAN_POINT('',(-24.58318917735,15.380096986483,
    -5.422222222221));
#9110 = CARTESIAN_POINT('',(-24.11587090593,15.100301526984,
    -5.37777777778));
#9111 = CARTESIAN_POINT('',(-23.59477781231,14.951982584048,
    -5.333333333333));
#9112 = CARTESIAN_POINT('',(-23.06132788229,14.942820329688,
    -5.28888888889));
#9113 = CARTESIAN_POINT('',(-22.55550298043,15.066335723754,
    -5.244444444445));
#9114 = CARTESIAN_POINT('',(-22.11106795353,15.304439171718,
    -5.200000000001));
#9115 = ADVANCED_FACE('',(#9116),#9141,.T.);
#9116 = FACE_BOUND('',#9117,.T.);
#9117 = EDGE_LOOP('',(#9118,#9133,#9139,#9140));
#9118 = ORIENTED_EDGE('',*,*,#9119,.F.);
#9119 = EDGE_CURVE('',#9120,#4593,#9122,.T.);
#9120 = VERTEX_POINT('',#9121);
#9121 = CARTESIAN_POINT('',(-23.44999999999,17.243671030683,-9.2));
#9122 = B_SPLINE_CURVE_WITH_KNOTS('',9,(#9123,#9124,#9125,#9126,#9127,
    #9128,#9129,#9130,#9131,#9132),.UNSPECIFIED.,.F.,.F.,(10,10),(
    3.14159265359,5.204221329804),.PIECEWISE_BEZIER_KNOTS.);
#9123 = CARTESIAN_POINT('',(-23.44999999999,17.243671030683,-9.2));
#9124 = CARTESIAN_POINT('',(-23.6611111111,17.174916741475,-9.2));
#9125 = CARTESIAN_POINT('',(-23.85449540115,16.997301494359,-9.2));
#9126 = CARTESIAN_POINT('',(-23.98203564727,16.716047866513,-9.2));
#9127 = CARTESIAN_POINT('',(-23.99742338842,16.358440116007,-9.2));
#9128 = CARTESIAN_POINT('',(-23.86746572167,15.973044412226,-9.2));
#9129 = CARTESIAN_POINT('',(-23.58326789957,15.622058999832,-9.2));
#9130 = CARTESIAN_POINT('',(-23.16476131848,15.366404840001,-9.2));
#9131 = CARTESIAN_POINT('',(-22.65519847984,15.252423629417,-9.2));
#9132 = CARTESIAN_POINT('',(-22.11106795353,15.304439171722,-9.2));
#9133 = ORIENTED_EDGE('',*,*,#9134,.F.);
#9134 = EDGE_CURVE('',#9073,#9120,#9135,.T.);
#9135 = LINE('',#9136,#9137);
#9136 = CARTESIAN_POINT('',(-25.34999999999,17.243671030683,-7.3));
#9137 = VECTOR('',#9138,1.);
#9138 = DIRECTION('',(0.707106781187,-2.4E-16,-0.707106781187));
#9139 = ORIENTED_EDGE('',*,*,#9072,.T.);
#9140 = ORIENTED_EDGE('',*,*,#4592,.F.);
#9141 = B_SPLINE_SURFACE_WITH_KNOTS('',1,9,(
    (#9142,#9143,#9144,#9145,#9146,#9147,#9148,#9149,#9150,#9151)
    ,(#9152,#9153,#9154,#9155,#9156,#9157,#9158,#9159,#9160,#9161
  )),.UNSPECIFIED.,.F.,.F.,.F.,(2,2),(10,10),(6.,7.),(3.14159265359,
    5.204221329804),.PIECEWISE_BEZIER_KNOTS.);
#9142 = CARTESIAN_POINT('',(-23.44999999999,17.243671030683,-9.2));
#9143 = CARTESIAN_POINT('',(-23.6611111111,17.174916741475,-9.2));
#9144 = CARTESIAN_POINT('',(-23.85449540115,16.997301494359,-9.2));
#9145 = CARTESIAN_POINT('',(-23.98203564727,16.716047866513,-9.2));
#9146 = CARTESIAN_POINT('',(-23.99742338842,16.358440116007,-9.2));
#9147 = CARTESIAN_POINT('',(-23.86746572167,15.973044412226,-9.2));
#9148 = CARTESIAN_POINT('',(-23.58326789957,15.622058999832,-9.2));
#9149 = CARTESIAN_POINT('',(-23.16476131848,15.366404840001,-9.2));
#9150 = CARTESIAN_POINT('',(-22.65519847984,15.252423629417,-9.2));
#9151 = CARTESIAN_POINT('',(-22.11106795353,15.304439171722,-9.2));
#9152 = CARTESIAN_POINT('',(-25.34999999999,17.243671030683,-7.3));
#9153 = CARTESIAN_POINT('',(-25.34999999999,16.73947290983,
    -7.344444444444));
#9154 = CARTESIAN_POINT('',(-25.22000331218,16.23527478898,
    -7.388888888888));
#9155 = CARTESIAN_POINT('',(-24.96000969261,15.769381998168,
    -7.433333333334));
#9156 = CARTESIAN_POINT('',(-24.58318917735,15.380096986483,
    -7.477777777777));
#9157 = CARTESIAN_POINT('',(-24.11587090593,15.100301526984,
    -7.522222222222));
#9158 = CARTESIAN_POINT('',(-23.59477781231,14.951982584048,
    -7.566666666666));
#9159 = CARTESIAN_POINT('',(-23.06132788229,14.942820329688,
    -7.611111111111));
#9160 = CARTESIAN_POINT('',(-22.55550298043,15.066335723754,
    -7.655555555555));
#9161 = CARTESIAN_POINT('',(-22.11106795353,15.304439171718,
    -7.699999999999));
#9162 = ADVANCED_FACE('',(#9163),#9174,.T.);
#9163 = FACE_BOUND('',#9164,.T.);
#9164 = EDGE_LOOP('',(#9165,#9166,#9172,#9173));
#9165 = ORIENTED_EDGE('',*,*,#5194,.F.);
#9166 = ORIENTED_EDGE('',*,*,#9167,.F.);
#9167 = EDGE_CURVE('',#9120,#5186,#9168,.T.);
#9168 = LINE('',#9169,#9170);
#9169 = CARTESIAN_POINT('',(-23.44999999999,17.243671030683,-9.2));
#9170 = VECTOR('',#9171,1.);
#9171 = DIRECTION('',(-0.,-2.2E-16,-1.));
#9172 = ORIENTED_EDGE('',*,*,#9119,.T.);
#9173 = ORIENTED_EDGE('',*,*,#4599,.F.);
#9174 = B_SPLINE_SURFACE_WITH_KNOTS('',1,9,(
    (#9175,#9176,#9177,#9178,#9179,#9180,#9181,#9182,#9183,#9184)
    ,(#9185,#9186,#9187,#9188,#9189,#9190,#9191,#9192,#9193,#9194
  )),.UNSPECIFIED.,.F.,.F.,.F.,(2,2),(10,10),(5.,6.),(3.14159265359,
    5.204221329804),.PIECEWISE_BEZIER_KNOTS.);
#9175 = CARTESIAN_POINT('',(-23.44999999999,17.243671030683,-9.6));
#9176 = CARTESIAN_POINT('',(-23.6611111111,17.174916741475,-9.6));
#9177 = CARTESIAN_POINT('',(-23.85449540115,16.997301494359,-9.6));
#9178 = CARTESIAN_POINT('',(-23.98203564727,16.716047866513,-9.6));
#9179 = CARTESIAN_POINT('',(-23.99742338842,16.358440116007,-9.6));
#9180 = CARTESIAN_POINT('',(-23.86746572167,15.973044412226,-9.6));
#9181 = CARTESIAN_POINT('',(-23.58326789957,15.622058999832,-9.6));
#9182 = CARTESIAN_POINT('',(-23.16476131848,15.366404840001,-9.6));
#9183 = CARTESIAN_POINT('',(-22.65519847984,15.252423629417,-9.6));
#9184 = CARTESIAN_POINT('',(-22.11106795353,15.304439171722,-9.6));
#9185 = CARTESIAN_POINT('',(-23.44999999999,17.243671030683,-9.2));
#9186 = CARTESIAN_POINT('',(-23.6611111111,17.174916741475,-9.2));
#9187 = CARTESIAN_POINT('',(-23.85449540115,16.997301494359,-9.2));
#9188 = CARTESIAN_POINT('',(-23.98203564727,16.716047866513,-9.2));
#9189 = CARTESIAN_POINT('',(-23.99742338842,16.358440116007,-9.2));
#9190 = CARTESIAN_POINT('',(-23.86746572167,15.973044412226,-9.2));
#9191 = CARTESIAN_POINT('',(-23.58326789957,15.622058999832,-9.2));
#9192 = CARTESIAN_POINT('',(-23.16476131848,15.366404840001,-9.2));
#9193 = CARTESIAN_POINT('',(-22.65519847984,15.252423629417,-9.2));
#9194 = CARTESIAN_POINT('',(-22.11106795353,15.304439171722,-9.2));
#9195 = ADVANCED_FACE('',(#9196),#9215,.F.);
#9196 = FACE_BOUND('',#9197,.F.);
#9197 = EDGE_LOOP('',(#9198,#9207,#9208,#9209));
#9198 = ORIENTED_EDGE('',*,*,#9199,.T.);
#9199 = EDGE_CURVE('',#9200,#9026,#9202,.T.);
#9200 = VERTEX_POINT('',#9201);
#9201 = CARTESIAN_POINT('',(-24.94666666666,18.513312274849,-5.6));
#9202 = CIRCLE('',#9203,2.2);
#9203 = AXIS2_PLACEMENT_3D('',#9204,#9205,#9206);
#9204 = CARTESIAN_POINT('',(-23.14999999999,17.243671030683,-5.6));
#9205 = DIRECTION('',(0.,-0.,1.));
#9206 = DIRECTION('',(1.,3.714E-14,0.));
#9207 = ORIENTED_EDGE('',*,*,#9040,.F.);
#9208 = ORIENTED_EDGE('',*,*,#4669,.F.);
#9209 = ORIENTED_EDGE('',*,*,#9210,.T.);
#9210 = EDGE_CURVE('',#4670,#9200,#9211,.T.);
#9211 = LINE('',#9212,#9213);
#9212 = CARTESIAN_POINT('',(-23.395,17.416803927614,-3.7));
#9213 = VECTOR('',#9214,1.);
#9214 = DIRECTION('',(-0.577470537969,0.408078151556,-0.707106781187));
#9215 = CONICAL_SURFACE('',#9216,0.3,0.785398163397);
#9216 = AXIS2_PLACEMENT_3D('',#9217,#9218,#9219);
#9217 = CARTESIAN_POINT('',(-23.14999999999,17.243671030683,-3.7));
#9218 = DIRECTION('',(-0.,-0.,-1.));
#9219 = DIRECTION('',(1.,9.3555E-13,-0.));
#9220 = ADVANCED_FACE('',(#9221),#9240,.T.);
#9221 = FACE_BOUND('',#9222,.T.);
#9222 = EDGE_LOOP('',(#9223,#9232,#9238,#9239));
#9223 = ORIENTED_EDGE('',*,*,#9224,.F.);
#9224 = EDGE_CURVE('',#9225,#9200,#9227,.T.);
#9225 = VERTEX_POINT('',#9226);
#9226 = CARTESIAN_POINT('',(-24.25,20.706328969317,-5.6));
#9227 = CIRCLE('',#9228,3.8);
#9228 = AXIS2_PLACEMENT_3D('',#9229,#9230,#9231);
#9229 = CARTESIAN_POINT('',(-28.05,20.706328969317,-5.6));
#9230 = DIRECTION('',(0.,-0.,-1.));
#9231 = DIRECTION('',(1.,-2.15E-14,0.));
#9232 = ORIENTED_EDGE('',*,*,#9233,.T.);
#9233 = EDGE_CURVE('',#9225,#4695,#9234,.T.);
#9234 = LINE('',#9235,#9236);
#9235 = CARTESIAN_POINT('',(-22.35,20.706328969317,-3.700000000001));
#9236 = VECTOR('',#9237,1.);
#9237 = DIRECTION('',(0.707106781187,-7.278E-14,0.707106781187));
#9238 = ORIENTED_EDGE('',*,*,#4694,.T.);
#9239 = ORIENTED_EDGE('',*,*,#9210,.T.);
#9240 = CONICAL_SURFACE('',#9241,5.7,0.785398163397);
#9241 = AXIS2_PLACEMENT_3D('',#9242,#9243,#9244);
#9242 = CARTESIAN_POINT('',(-28.05,20.706328969317,-3.7));
#9243 = DIRECTION('',(0.,0.,1.));
#9244 = DIRECTION('',(1.,-4.862E-14,0.));
#9245 = ADVANCED_FACE('',(#9246),#9264,.T.);
#9246 = FACE_BOUND('',#9247,.T.);
#9247 = EDGE_LOOP('',(#9248,#9256,#9257,#9258));
#9248 = ORIENTED_EDGE('',*,*,#9249,.T.);
#9249 = EDGE_CURVE('',#9250,#4720,#9252,.T.);
#9250 = VERTEX_POINT('',#9251);
#9251 = CARTESIAN_POINT('',(-24.25,38.902747313698,-5.6));
#9252 = LINE('',#9253,#9254);
#9253 = CARTESIAN_POINT('',(-22.35,38.902747313698,-3.7));
#9254 = VECTOR('',#9255,1.);
#9255 = DIRECTION('',(0.707106781187,1.30686E-12,0.707106781187));
#9256 = ORIENTED_EDGE('',*,*,#4719,.T.);
#9257 = ORIENTED_EDGE('',*,*,#9233,.F.);
#9258 = ORIENTED_EDGE('',*,*,#9259,.F.);
#9259 = EDGE_CURVE('',#9250,#9225,#9260,.T.);
#9260 = LINE('',#9261,#9262);
#9261 = CARTESIAN_POINT('',(-24.25,38.902747313698,-5.6));
#9262 = VECTOR('',#9263,1.);
#9263 = DIRECTION('',(0.,-1.,2.2E-16));
#9264 = PLANE('',#9265);
#9265 = AXIS2_PLACEMENT_3D('',#9266,#9267,#9268);
#9266 = CARTESIAN_POINT('',(-23.3,29.804538141507,-4.65));
#9267 = DIRECTION('',(0.707106781187,-5.E-17,-0.707106781187));
#9268 = DIRECTION('',(-0.707106781187,3.36766070474E-34,-0.707106781187)
  );
#9269 = ADVANCED_FACE('',(#9270),#9289,.F.);
#9270 = FACE_BOUND('',#9271,.F.);
#9271 = EDGE_LOOP('',(#9272,#9281,#9282,#9283));
#9272 = ORIENTED_EDGE('',*,*,#9273,.T.);
#9273 = EDGE_CURVE('',#9274,#9250,#9276,.T.);
#9274 = VERTEX_POINT('',#9275);
#9275 = CARTESIAN_POINT('',(-22.63157894736,40.906803104385,-5.6));
#9276 = CIRCLE('',#9277,2.05);
#9277 = AXIS2_PLACEMENT_3D('',#9278,#9279,#9280);
#9278 = CARTESIAN_POINT('',(-22.2,38.902747313698,-5.6));
#9279 = DIRECTION('',(0.,-0.,1.));
#9280 = DIRECTION('',(1.,3.813E-14,0.));
#9281 = ORIENTED_EDGE('',*,*,#9249,.T.);
#9282 = ORIENTED_EDGE('',*,*,#4743,.F.);
#9283 = ORIENTED_EDGE('',*,*,#9284,.T.);
#9284 = EDGE_CURVE('',#4744,#9274,#9285,.T.);
#9285 = LINE('',#9286,#9287);
#9286 = CARTESIAN_POINT('',(-22.23157894736,39.049385542285,-3.7));
#9287 = VECTOR('',#9288,1.);
#9288 = DIRECTION('',(-0.148864585513,0.691259238767,-0.707106781187));
#9289 = CONICAL_SURFACE('',#9290,0.15,0.785398163397);
#9290 = AXIS2_PLACEMENT_3D('',#9291,#9292,#9293);
#9291 = CARTESIAN_POINT('',(-22.2,38.902747313698,-3.7));
#9292 = DIRECTION('',(-0.,-0.,-1.));
#9293 = DIRECTION('',(1.,1.84741E-12,-0.));
#9294 = ADVANCED_FACE('',(#9295),#9314,.T.);
#9295 = FACE_BOUND('',#9296,.T.);
#9296 = EDGE_LOOP('',(#9297,#9306,#9312,#9313));
#9297 = ORIENTED_EDGE('',*,*,#9298,.F.);
#9298 = EDGE_CURVE('',#9299,#9274,#9301,.T.);
#9299 = VERTEX_POINT('',#9300);
#9300 = CARTESIAN_POINT('',(-19.75056175452,44.410964912281,-5.6));
#9301 = CIRCLE('',#9302,3.65);
#9302 = AXIS2_PLACEMENT_3D('',#9303,#9304,#9305);
#9303 = CARTESIAN_POINT('',(-23.4,44.475,-5.6));
#9304 = DIRECTION('',(0.,-0.,-1.));
#9305 = DIRECTION('',(1.,-2.336E-14,0.));
#9306 = ORIENTED_EDGE('',*,*,#9307,.T.);
#9307 = EDGE_CURVE('',#9299,#4769,#9308,.T.);
#9308 = LINE('',#9309,#9310);
#9309 = CARTESIAN_POINT('',(-17.85085417468,44.377631578947,-3.7));
#9310 = VECTOR('',#9311,1.);
#9311 = DIRECTION('',(0.706997953671,-1.240538212473E-02,0.707106781187)
  );
#9312 = ORIENTED_EDGE('',*,*,#4768,.T.);
#9313 = ORIENTED_EDGE('',*,*,#9284,.T.);
#9314 = CONICAL_SURFACE('',#9315,5.55,0.785398163397);
#9315 = AXIS2_PLACEMENT_3D('',#9316,#9317,#9318);
#9316 = CARTESIAN_POINT('',(-23.4,44.475,-3.7));
#9317 = DIRECTION('',(0.,0.,1.));
#9318 = DIRECTION('',(1.,-5.121E-14,0.));
#9319 = ADVANCED_FACE('',(#9320),#9339,.F.);
#9320 = FACE_BOUND('',#9321,.F.);
#9321 = EDGE_LOOP('',(#9322,#9331,#9332,#9333));
#9322 = ORIENTED_EDGE('',*,*,#9323,.T.);
#9323 = EDGE_CURVE('',#9324,#9299,#9326,.T.);
#9324 = VERTEX_POINT('',#9325);
#9325 = CARTESIAN_POINT('',(-17.70087726049,46.425,-5.6));
#9326 = CIRCLE('',#9327,2.05);
#9327 = AXIS2_PLACEMENT_3D('',#9328,#9329,#9330);
#9328 = CARTESIAN_POINT('',(-17.70087726049,44.375,-5.6));
#9329 = DIRECTION('',(0.,-0.,1.));
#9330 = DIRECTION('',(1.,4.159E-14,0.));
#9331 = ORIENTED_EDGE('',*,*,#9307,.T.);
#9332 = ORIENTED_EDGE('',*,*,#4793,.F.);
#9333 = ORIENTED_EDGE('',*,*,#9334,.F.);
#9334 = EDGE_CURVE('',#9324,#4794,#9335,.T.);
#9335 = LINE('',#9336,#9337);
#9336 = CARTESIAN_POINT('',(-17.70087726049,44.525,-3.7));
#9337 = VECTOR('',#9338,1.);
#9338 = DIRECTION('',(-7.494E-14,-0.707106781187,0.707106781187));
#9339 = CONICAL_SURFACE('',#9340,0.15,0.785398163397);
#9340 = AXIS2_PLACEMENT_3D('',#9341,#9342,#9343);
#9341 = CARTESIAN_POINT('',(-17.70087726049,44.375,-3.7));
#9342 = DIRECTION('',(-0.,-0.,-1.));
#9343 = DIRECTION('',(1.,1.89478E-12,-0.));
#9344 = ADVANCED_FACE('',(#9345),#9356,.T.);
#9345 = FACE_BOUND('',#9346,.T.);
#9346 = EDGE_LOOP('',(#9347,#9353,#9354,#9355));
#9347 = ORIENTED_EDGE('',*,*,#9348,.F.);
#9348 = EDGE_CURVE('',#5703,#9324,#9349,.T.);
#9349 = LINE('',#9350,#9351);
#9350 = CARTESIAN_POINT('',(-17.70087726049,46.425,-5.6));
#9351 = VECTOR('',#9352,1.);
#9352 = DIRECTION('',(-1.,-0.,2.2E-16));
#9353 = ORIENTED_EDGE('',*,*,#5711,.T.);
#9354 = ORIENTED_EDGE('',*,*,#4818,.T.);
#9355 = ORIENTED_EDGE('',*,*,#9334,.F.);
#9356 = PLANE('',#9357);
#9357 = AXIS2_PLACEMENT_3D('',#9358,#9359,#9360);
#9358 = CARTESIAN_POINT('',(-17.70087726049,44.525,-3.7));
#9359 = DIRECTION('',(-0.,-0.707106781187,-0.707106781187));
#9360 = DIRECTION('',(-7.494E-14,-0.707106781187,0.707106781187));
#9361 = ADVANCED_FACE('',(#9362),#9373,.T.);
#9362 = FACE_BOUND('',#9363,.T.);
#9363 = EDGE_LOOP('',(#9364,#9365,#9371,#9372));
#9364 = ORIENTED_EDGE('',*,*,#4844,.F.);
#9365 = ORIENTED_EDGE('',*,*,#9366,.T.);
#9366 = EDGE_CURVE('',#4837,#4903,#9367,.T.);
#9367 = LINE('',#9368,#9369);
#9368 = CARTESIAN_POINT('',(14.70087726049,45.325,-9.6));
#9369 = VECTOR('',#9370,1.);
#9370 = DIRECTION('',(-5.7E-16,-0.707106781187,-0.707106781187));
#9371 = ORIENTED_EDGE('',*,*,#4902,.T.);
#9372 = ORIENTED_EDGE('',*,*,#4861,.F.);
#9373 = CONICAL_SURFACE('',#9374,0.81,0.785398163397);
#9374 = AXIS2_PLACEMENT_3D('',#9375,#9376,#9377);
#9375 = CARTESIAN_POINT('',(14.70087726049,44.515,-9.6));
#9376 = DIRECTION('',(0.,0.,1.));
#9377 = DIRECTION('',(1.,0.,-0.));
#9378 = ADVANCED_FACE('',(#9379),#9390,.T.);
#9379 = FACE_BOUND('',#9380,.T.);
#9380 = EDGE_LOOP('',(#9381,#9382,#9383,#9384));
#9381 = ORIENTED_EDGE('',*,*,#6498,.F.);
#9382 = ORIENTED_EDGE('',*,*,#6482,.F.);
#9383 = ORIENTED_EDGE('',*,*,#4882,.T.);
#9384 = ORIENTED_EDGE('',*,*,#9385,.T.);
#9385 = EDGE_CURVE('',#4885,#6499,#9386,.T.);
#9386 = LINE('',#9387,#9388);
#9387 = CARTESIAN_POINT('',(-8.398274870397,45.325,-9.6));
#9388 = VECTOR('',#9389,1.);
#9389 = DIRECTION('',(-1.7221E-13,0.707106781187,0.707106781187));
#9390 = CONICAL_SURFACE('',#9391,0.81,0.785398163397);
#9391 = AXIS2_PLACEMENT_3D('',#9392,#9393,#9394);
#9392 = CARTESIAN_POINT('',(-8.398274870396,44.515,-9.6));
#9393 = DIRECTION('',(0.,0.,1.));
#9394 = DIRECTION('',(1.,2.4562E-13,-0.));
#9395 = ADVANCED_FACE('',(#9396),#9407,.T.);
#9396 = FACE_BOUND('',#9397,.T.);
#9397 = EDGE_LOOP('',(#9398,#9399,#9405,#9406));
#9398 = ORIENTED_EDGE('',*,*,#6441,.F.);
#9399 = ORIENTED_EDGE('',*,*,#9400,.F.);
#9400 = EDGE_CURVE('',#4912,#6417,#9401,.T.);
#9401 = LINE('',#9402,#9403);
#9402 = CARTESIAN_POINT('',(17.70087726049,45.325,-9.6));
#9403 = VECTOR('',#9404,1.);
#9404 = DIRECTION('',(-4.77E-15,0.707106781187,0.707106781187));
#9405 = ORIENTED_EDGE('',*,*,#4911,.T.);
#9406 = ORIENTED_EDGE('',*,*,#9366,.F.);
#9407 = PLANE('',#9408);
#9408 = AXIS2_PLACEMENT_3D('',#9409,#9410,#9411);
#9409 = CARTESIAN_POINT('',(14.70087726049,45.325,-9.6));
#9410 = DIRECTION('',(0.,0.707106781187,-0.707106781187));
#9411 = DIRECTION('',(-5.7E-16,-0.707106781187,-0.707106781187));
#9412 = ADVANCED_FACE('',(#9413),#9424,.T.);
#9413 = FACE_BOUND('',#9414,.T.);
#9414 = EDGE_LOOP('',(#9415,#9416,#9422,#9423));
#9415 = ORIENTED_EDGE('',*,*,#6416,.F.);
#9416 = ORIENTED_EDGE('',*,*,#9417,.T.);
#9417 = EDGE_CURVE('',#6384,#4920,#9418,.T.);
#9418 = LINE('',#9419,#9420);
#9419 = CARTESIAN_POINT('',(18.650731050408,44.391666666667,-9.6));
#9420 = VECTOR('',#9421,1.);
#9421 = DIRECTION('',(-0.706997953671,-1.240538212607E-02,
    -0.707106781187));
#9422 = ORIENTED_EDGE('',*,*,#4919,.T.);
#9423 = ORIENTED_EDGE('',*,*,#9400,.T.);
#9424 = CONICAL_SURFACE('',#9425,0.95,0.785398163397);
#9425 = AXIS2_PLACEMENT_3D('',#9426,#9427,#9428);
#9426 = CARTESIAN_POINT('',(17.70087726049,44.375,-9.6));
#9427 = DIRECTION('',(0.,0.,1.));
#9428 = DIRECTION('',(1.,7.48E-15,-0.));
#9429 = ADVANCED_FACE('',(#9430),#9441,.F.);
#9430 = FACE_BOUND('',#9431,.F.);
#9431 = EDGE_LOOP('',(#9432,#9433,#9434,#9435));
#9432 = ORIENTED_EDGE('',*,*,#6391,.T.);
#9433 = ORIENTED_EDGE('',*,*,#9417,.T.);
#9434 = ORIENTED_EDGE('',*,*,#4928,.F.);
#9435 = ORIENTED_EDGE('',*,*,#9436,.T.);
#9436 = EDGE_CURVE('',#4929,#6392,#9437,.T.);
#9437 = LINE('',#9438,#9439);
#9438 = CARTESIAN_POINT('',(23.025,39.739825768781,-9.6));
#9439 = VECTOR('',#9440,1.);
#9440 = DIRECTION('',(5.582421956733E-02,0.704899749262,0.707106781187)
  );
#9441 = CONICAL_SURFACE('',#9442,4.75,0.785398163397);
#9442 = AXIS2_PLACEMENT_3D('',#9443,#9444,#9445);
#9443 = CARTESIAN_POINT('',(23.4,44.475,-9.6));
#9444 = DIRECTION('',(0.,0.,-1.));
#9445 = DIRECTION('',(1.,-1.5E-15,0.));
#9446 = ADVANCED_FACE('',(#9447),#9464,.T.);
#9447 = FACE_BOUND('',#9448,.T.);
#9448 = EDGE_LOOP('',(#9449,#9456,#9462,#9463));
#9449 = ORIENTED_EDGE('',*,*,#9450,.F.);
#9450 = EDGE_CURVE('',#6249,#6392,#9451,.T.);
#9451 = CIRCLE('',#9452,2.85);
#9452 = AXIS2_PLACEMENT_3D('',#9453,#9454,#9455);
#9453 = CARTESIAN_POINT('',(22.95,38.792790922537,-7.7));
#9454 = DIRECTION('',(0.,-0.,1.));
#9455 = DIRECTION('',(1.,2.49E-15,0.));
#9456 = ORIENTED_EDGE('',*,*,#9457,.T.);
#9457 = EDGE_CURVE('',#6249,#4938,#9458,.T.);
#9458 = LINE('',#9459,#9460);
#9459 = CARTESIAN_POINT('',(23.9,38.792790922537,-9.6));
#9460 = VECTOR('',#9461,1.);
#9461 = DIRECTION('',(-0.707106781187,5.8E-16,-0.707106781187));
#9462 = ORIENTED_EDGE('',*,*,#4937,.T.);
#9463 = ORIENTED_EDGE('',*,*,#9436,.T.);
#9464 = CONICAL_SURFACE('',#9465,0.95,0.785398163397);
#9465 = AXIS2_PLACEMENT_3D('',#9466,#9467,#9468);
#9466 = CARTESIAN_POINT('',(22.95,38.792790922537,-9.6));
#9467 = DIRECTION('',(0.,0.,1.));
#9468 = DIRECTION('',(1.,7.48E-15,-0.));
#9469 = ADVANCED_FACE('',(#9470),#9481,.T.);
#9470 = FACE_BOUND('',#9471,.T.);
#9471 = EDGE_LOOP('',(#9472,#9473,#9479,#9480));
#9472 = ORIENTED_EDGE('',*,*,#6248,.F.);
#9473 = ORIENTED_EDGE('',*,*,#9474,.T.);
#9474 = EDGE_CURVE('',#6223,#4947,#9475,.T.);
#9475 = LINE('',#9476,#9477);
#9476 = CARTESIAN_POINT('',(23.9,13.888942890051,-9.6));
#9477 = VECTOR('',#9478,1.);
#9478 = DIRECTION('',(-0.707106781187,6.8E-16,-0.707106781187));
#9479 = ORIENTED_EDGE('',*,*,#4946,.T.);
#9480 = ORIENTED_EDGE('',*,*,#9457,.F.);
#9481 = PLANE('',#9482);
#9482 = AXIS2_PLACEMENT_3D('',#9483,#9484,#9485);
#9483 = CARTESIAN_POINT('',(23.9,38.792790922537,-9.6));
#9484 = DIRECTION('',(0.707106781187,0.,-0.707106781187));
#9485 = DIRECTION('',(-0.707106781187,5.8E-16,-0.707106781187));
#9486 = ADVANCED_FACE('',(#9487),#9498,.F.);
#9487 = FACE_BOUND('',#9488,.F.);
#9488 = EDGE_LOOP('',(#9489,#9490,#9491,#9492));
#9489 = ORIENTED_EDGE('',*,*,#6230,.T.);
#9490 = ORIENTED_EDGE('',*,*,#9474,.T.);
#9491 = ORIENTED_EDGE('',*,*,#4954,.F.);
#9492 = ORIENTED_EDGE('',*,*,#9493,.T.);
#9493 = EDGE_CURVE('',#4955,#6199,#9494,.T.);
#9494 = LINE('',#9495,#9496);
#9495 = CARTESIAN_POINT('',(24.185833333333,12.239862548702,-9.6));
#9496 = VECTOR('',#9497,1.);
#9497 = DIRECTION('',(0.665858885617,0.237974671855,0.707106781187));
#9498 = CONICAL_SURFACE('',#9499,4.9,0.785398163397);
#9499 = AXIS2_PLACEMENT_3D('',#9500,#9501,#9502);
#9500 = CARTESIAN_POINT('',(28.8,13.888942890051,-9.6));
#9501 = DIRECTION('',(0.,0.,-1.));
#9502 = DIRECTION('',(1.,-1.09E-15,0.));
#9503 = ADVANCED_FACE('',(#9504),#9515,.T.);
#9504 = FACE_BOUND('',#9505,.T.);
#9505 = EDGE_LOOP('',(#9506,#9507,#9513,#9514));
#9506 = ORIENTED_EDGE('',*,*,#6198,.F.);
#9507 = ORIENTED_EDGE('',*,*,#9508,.T.);
#9508 = EDGE_CURVE('',#6173,#4964,#9509,.T.);
#9509 = LINE('',#9510,#9511);
#9510 = CARTESIAN_POINT('',(24.185833333333,11.499459130138,-9.6));
#9511 = VECTOR('',#9512,1.);
#9512 = DIRECTION('',(-0.665858885617,0.237974671855,-0.707106781187));
#9513 = ORIENTED_EDGE('',*,*,#4963,.T.);
#9514 = ORIENTED_EDGE('',*,*,#9493,.T.);
#9515 = CONICAL_SURFACE('',#9516,1.1,0.785398163397);
#9516 = AXIS2_PLACEMENT_3D('',#9517,#9518,#9519);
#9517 = CARTESIAN_POINT('',(23.15,11.86966083942,-9.6));
#9518 = DIRECTION('',(0.,0.,1.));
#9519 = DIRECTION('',(1.,3.23E-15,-0.));
#9520 = ADVANCED_FACE('',(#9521),#9532,.F.);
#9521 = FACE_BOUND('',#9522,.F.);
#9522 = EDGE_LOOP('',(#9523,#9524,#9525,#9526));
#9523 = ORIENTED_EDGE('',*,*,#6180,.T.);
#9524 = ORIENTED_EDGE('',*,*,#9508,.T.);
#9525 = ORIENTED_EDGE('',*,*,#4972,.F.);
#9526 = ORIENTED_EDGE('',*,*,#9527,.F.);
#9527 = EDGE_CURVE('',#6150,#4973,#9528,.T.);
#9528 = LINE('',#9529,#9530);
#9529 = CARTESIAN_POINT('',(23.9,9.850378788789,-9.6));
#9530 = VECTOR('',#9531,1.);
#9531 = DIRECTION('',(-0.707106781187,5.1E-16,-0.707106781187));
#9532 = CONICAL_SURFACE('',#9533,4.9,0.785398163397);
#9533 = AXIS2_PLACEMENT_3D('',#9534,#9535,#9536);
#9534 = CARTESIAN_POINT('',(28.8,9.850378788789,-9.6));
#9535 = DIRECTION('',(0.,0.,-1.));
#9536 = DIRECTION('',(1.,-1.09E-15,0.));
#9537 = ADVANCED_FACE('',(#9538),#9550,.T.);
#9538 = FACE_BOUND('',#9539,.T.);
#9539 = EDGE_LOOP('',(#9540,#9541,#9542,#9548,#9549));
#9540 = ORIENTED_EDGE('',*,*,#6149,.F.);
#9541 = ORIENTED_EDGE('',*,*,#6133,.F.);
#9542 = ORIENTED_EDGE('',*,*,#9543,.F.);
#9543 = EDGE_CURVE('',#4982,#6099,#9544,.T.);
#9544 = LINE('',#9545,#9546);
#9545 = CARTESIAN_POINT('',(24.458189799097,-12.,-9.041810200903));
#9546 = VECTOR('',#9547,1.);
#9547 = DIRECTION('',(0.707106781187,-0.,0.707106781187));
#9548 = ORIENTED_EDGE('',*,*,#4981,.T.);
#9549 = ORIENTED_EDGE('',*,*,#9527,.F.);
#9550 = PLANE('',#9551);
#9551 = AXIS2_PLACEMENT_3D('',#9552,#9553,#9554);
#9552 = CARTESIAN_POINT('',(23.9,9.850378788789,-9.6));
#9553 = DIRECTION('',(0.707106781187,0.,-0.707106781187));
#9554 = DIRECTION('',(-0.707106781187,5.1E-16,-0.707106781187));
#9555 = ADVANCED_FACE('',(#9556),#9567,.F.);
#9556 = FACE_BOUND('',#9557,.F.);
#9557 = EDGE_LOOP('',(#9558,#9559,#9560,#9566));
#9558 = ORIENTED_EDGE('',*,*,#9543,.F.);
#9559 = ORIENTED_EDGE('',*,*,#4989,.T.);
#9560 = ORIENTED_EDGE('',*,*,#9561,.F.);
#9561 = EDGE_CURVE('',#6101,#4990,#9562,.T.);
#9562 = LINE('',#9563,#9564);
#9563 = CARTESIAN_POINT('',(23.1,-12.,-9.4));
#9564 = VECTOR('',#9565,1.);
#9565 = DIRECTION('',(4.E-17,-2.2E-16,-1.));
#9566 = ORIENTED_EDGE('',*,*,#6098,.F.);
#9567 = PLANE('',#9568);
#9568 = AXIS2_PLACEMENT_3D('',#9569,#9570,#9571);
#9569 = CARTESIAN_POINT('',(26.132759196389,-12.,-9.6));
#9570 = DIRECTION('',(2.2E-16,1.,-2.2E-16));
#9571 = DIRECTION('',(-2.2E-16,2.2E-16,1.));
#9572 = ADVANCED_FACE('',(#9573),#9591,.T.);
#9573 = FACE_BOUND('',#9574,.T.);
#9574 = EDGE_LOOP('',(#9575,#9576,#9577,#9585));
#9575 = ORIENTED_EDGE('',*,*,#4997,.F.);
#9576 = ORIENTED_EDGE('',*,*,#9561,.F.);
#9577 = ORIENTED_EDGE('',*,*,#9578,.T.);
#9578 = EDGE_CURVE('',#6101,#9579,#9581,.T.);
#9579 = VERTEX_POINT('',#9580);
#9580 = CARTESIAN_POINT('',(23.1,9.850378788789,-9.2));
#9581 = LINE('',#9582,#9583);
#9582 = CARTESIAN_POINT('',(23.1,9.850378788789,-9.2));
#9583 = VECTOR('',#9584,1.);
#9584 = DIRECTION('',(-0.,1.,3.E-17));
#9585 = ORIENTED_EDGE('',*,*,#9586,.F.);
#9586 = EDGE_CURVE('',#4998,#9579,#9587,.T.);
#9587 = LINE('',#9588,#9589);
#9588 = CARTESIAN_POINT('',(23.1,9.850378788789,-9.2));
#9589 = VECTOR('',#9590,1.);
#9590 = DIRECTION('',(-4.E-17,-3.E-17,1.));
#9591 = PLANE('',#9592);
#9592 = AXIS2_PLACEMENT_3D('',#9593,#9594,#9595);
#9593 = CARTESIAN_POINT('',(23.1,9.850378788789,-9.2));
#9594 = DIRECTION('',(-1.,0.,-4.E-17));
#9595 = DIRECTION('',(-4.E-17,-3.E-17,1.));
#9596 = ADVANCED_FACE('',(#9597),#9616,.T.);
#9597 = FACE_BOUND('',#9598,.T.);
#9598 = EDGE_LOOP('',(#9599,#9600,#9601,#9610));
#9599 = ORIENTED_EDGE('',*,*,#5005,.F.);
#9600 = ORIENTED_EDGE('',*,*,#9586,.T.);
#9601 = ORIENTED_EDGE('',*,*,#9602,.T.);
#9602 = EDGE_CURVE('',#9579,#9603,#9605,.T.);
#9603 = VERTEX_POINT('',#9604);
#9604 = CARTESIAN_POINT('',(23.4325,11.768696736888,-9.2));
#9605 = CIRCLE('',#9606,5.7);
#9606 = AXIS2_PLACEMENT_3D('',#9607,#9608,#9609);
#9607 = CARTESIAN_POINT('',(28.8,9.850378788789,-9.2));
#9608 = DIRECTION('',(0.,-0.,-1.));
#9609 = DIRECTION('',(1.,-9.3E-16,0.));
#9610 = ORIENTED_EDGE('',*,*,#9611,.T.);
#9611 = EDGE_CURVE('',#9603,#5006,#9612,.T.);
#9612 = LINE('',#9613,#9614);
#9613 = CARTESIAN_POINT('',(23.4325,11.768696736888,-9.2));
#9614 = VECTOR('',#9615,1.);
#9615 = DIRECTION('',(0.,0.,-1.));
#9616 = CYLINDRICAL_SURFACE('',#9617,5.7);
#9617 = AXIS2_PLACEMENT_3D('',#9618,#9619,#9620);
#9618 = CARTESIAN_POINT('',(28.8,9.850378788789,-9.2));
#9619 = DIRECTION('',(0.,0.,-1.));
#9620 = DIRECTION('',(1.,-9.3E-16,0.));
#9621 = ADVANCED_FACE('',(#9622),#9641,.F.);
#9622 = FACE_BOUND('',#9623,.F.);
#9623 = EDGE_LOOP('',(#9624,#9625,#9633,#9640));
#9624 = ORIENTED_EDGE('',*,*,#5014,.T.);
#9625 = ORIENTED_EDGE('',*,*,#9626,.T.);
#9626 = EDGE_CURVE('',#5015,#9627,#9629,.T.);
#9627 = VERTEX_POINT('',#9628);
#9628 = CARTESIAN_POINT('',(23.4325,11.970624941952,-9.2));
#9629 = LINE('',#9630,#9631);
#9630 = CARTESIAN_POINT('',(23.4325,11.970624941952,-9.2));
#9631 = VECTOR('',#9632,1.);
#9632 = DIRECTION('',(0.,0.,1.));
#9633 = ORIENTED_EDGE('',*,*,#9634,.F.);
#9634 = EDGE_CURVE('',#9603,#9627,#9635,.T.);
#9635 = CIRCLE('',#9636,0.3);
#9636 = AXIS2_PLACEMENT_3D('',#9637,#9638,#9639);
#9637 = CARTESIAN_POINT('',(23.15,11.86966083942,-9.2));
#9638 = DIRECTION('',(0.,-0.,1.));
#9639 = DIRECTION('',(1.,1.184E-14,0.));
#9640 = ORIENTED_EDGE('',*,*,#9611,.T.);
#9641 = CYLINDRICAL_SURFACE('',#9642,0.3);
#9642 = AXIS2_PLACEMENT_3D('',#9643,#9644,#9645);
#9643 = CARTESIAN_POINT('',(23.15,11.86966083942,-9.2));
#9644 = DIRECTION('',(0.,0.,1.));
#9645 = DIRECTION('',(1.,1.184E-14,-0.));
#9646 = ADVANCED_FACE('',(#9647),#9666,.T.);
#9647 = FACE_BOUND('',#9648,.T.);
#9648 = EDGE_LOOP('',(#9649,#9650,#9651,#9660));
#9649 = ORIENTED_EDGE('',*,*,#5023,.F.);
#9650 = ORIENTED_EDGE('',*,*,#9626,.T.);
#9651 = ORIENTED_EDGE('',*,*,#9652,.T.);
#9652 = EDGE_CURVE('',#9627,#9653,#9655,.T.);
#9653 = VERTEX_POINT('',#9654);
#9654 = CARTESIAN_POINT('',(23.1,13.888942890051,-9.2));
#9655 = CIRCLE('',#9656,5.7);
#9656 = AXIS2_PLACEMENT_3D('',#9657,#9658,#9659);
#9657 = CARTESIAN_POINT('',(28.8,13.888942890051,-9.2));
#9658 = DIRECTION('',(0.,-0.,-1.));
#9659 = DIRECTION('',(1.,-9.3E-16,0.));
#9660 = ORIENTED_EDGE('',*,*,#9661,.T.);
#9661 = EDGE_CURVE('',#9653,#5024,#9662,.T.);
#9662 = LINE('',#9663,#9664);
#9663 = CARTESIAN_POINT('',(23.1,13.888942890051,-9.2));
#9664 = VECTOR('',#9665,1.);
#9665 = DIRECTION('',(0.,0.,-1.));
#9666 = CYLINDRICAL_SURFACE('',#9667,5.7);
#9667 = AXIS2_PLACEMENT_3D('',#9668,#9669,#9670);
#9668 = CARTESIAN_POINT('',(28.8,13.888942890051,-9.2));
#9669 = DIRECTION('',(0.,0.,-1.));
#9670 = DIRECTION('',(1.,-9.3E-16,0.));
#9671 = ADVANCED_FACE('',(#9672),#9690,.T.);
#9672 = FACE_BOUND('',#9673,.T.);
#9673 = EDGE_LOOP('',(#9674,#9675,#9676,#9684));
#9674 = ORIENTED_EDGE('',*,*,#5032,.F.);
#9675 = ORIENTED_EDGE('',*,*,#9661,.F.);
#9676 = ORIENTED_EDGE('',*,*,#9677,.T.);
#9677 = EDGE_CURVE('',#9653,#9678,#9680,.T.);
#9678 = VERTEX_POINT('',#9679);
#9679 = CARTESIAN_POINT('',(23.1,38.792790922537,-9.2));
#9680 = LINE('',#9681,#9682);
#9681 = CARTESIAN_POINT('',(23.1,38.792790922537,-9.2));
#9682 = VECTOR('',#9683,1.);
#9683 = DIRECTION('',(-0.,1.,3.E-17));
#9684 = ORIENTED_EDGE('',*,*,#9685,.F.);
#9685 = EDGE_CURVE('',#5033,#9678,#9686,.T.);
#9686 = LINE('',#9687,#9688);
#9687 = CARTESIAN_POINT('',(23.1,38.792790922537,-9.2));
#9688 = VECTOR('',#9689,1.);
#9689 = DIRECTION('',(-4.E-17,-3.E-17,1.));
#9690 = PLANE('',#9691);
#9691 = AXIS2_PLACEMENT_3D('',#9692,#9693,#9694);
#9692 = CARTESIAN_POINT('',(23.1,38.792790922537,-9.2));
#9693 = DIRECTION('',(-1.,0.,-4.E-17));
#9694 = DIRECTION('',(-4.E-17,-3.E-17,1.));
#9695 = ADVANCED_FACE('',(#9696),#9715,.F.);
#9696 = FACE_BOUND('',#9697,.F.);
#9697 = EDGE_LOOP('',(#9698,#9699,#9707,#9714));
#9698 = ORIENTED_EDGE('',*,*,#5040,.T.);
#9699 = ORIENTED_EDGE('',*,*,#9700,.T.);
#9700 = EDGE_CURVE('',#5041,#9701,#9703,.T.);
#9701 = VERTEX_POINT('',#9702);
#9702 = CARTESIAN_POINT('',(22.961842105263,38.942322740365,-9.2));
#9703 = LINE('',#9704,#9705);
#9704 = CARTESIAN_POINT('',(22.961842105263,38.942322740365,-9.2));
#9705 = VECTOR('',#9706,1.);
#9706 = DIRECTION('',(0.,0.,1.));
#9707 = ORIENTED_EDGE('',*,*,#9708,.F.);
#9708 = EDGE_CURVE('',#9678,#9701,#9709,.T.);
#9709 = CIRCLE('',#9710,0.15);
#9710 = AXIS2_PLACEMENT_3D('',#9711,#9712,#9713);
#9711 = CARTESIAN_POINT('',(22.95,38.792790922537,-9.2));
#9712 = DIRECTION('',(0.,-0.,1.));
#9713 = DIRECTION('',(1.,4.737E-14,0.));
#9714 = ORIENTED_EDGE('',*,*,#9685,.F.);
#9715 = CYLINDRICAL_SURFACE('',#9716,0.15);
#9716 = AXIS2_PLACEMENT_3D('',#9717,#9718,#9719);
#9717 = CARTESIAN_POINT('',(22.95,38.792790922537,-9.2));
#9718 = DIRECTION('',(0.,0.,1.));
#9719 = DIRECTION('',(1.,4.737E-14,-0.));
#9720 = ADVANCED_FACE('',(#9721),#9740,.T.);
#9721 = FACE_BOUND('',#9722,.T.);
#9722 = EDGE_LOOP('',(#9723,#9724,#9725,#9734));
#9723 = ORIENTED_EDGE('',*,*,#5049,.F.);
#9724 = ORIENTED_EDGE('',*,*,#9700,.T.);
#9725 = ORIENTED_EDGE('',*,*,#9726,.T.);
#9726 = EDGE_CURVE('',#9701,#9727,#9729,.T.);
#9727 = VERTEX_POINT('',#9728);
#9728 = CARTESIAN_POINT('',(17.850854174688,44.377631578947,-9.2));
#9729 = CIRCLE('',#9730,5.55);
#9730 = AXIS2_PLACEMENT_3D('',#9731,#9732,#9733);
#9731 = CARTESIAN_POINT('',(23.4,44.475,-9.2));
#9732 = DIRECTION('',(0.,-0.,-1.));
#9733 = DIRECTION('',(1.,-1.28E-15,0.));
#9734 = ORIENTED_EDGE('',*,*,#9735,.T.);
#9735 = EDGE_CURVE('',#9727,#5050,#9736,.T.);
#9736 = LINE('',#9737,#9738);
#9737 = CARTESIAN_POINT('',(17.850854174688,44.377631578947,-9.2));
#9738 = VECTOR('',#9739,1.);
#9739 = DIRECTION('',(0.,0.,-1.));
#9740 = CYLINDRICAL_SURFACE('',#9741,5.55);
#9741 = AXIS2_PLACEMENT_3D('',#9742,#9743,#9744);
#9742 = CARTESIAN_POINT('',(23.4,44.475,-9.2));
#9743 = DIRECTION('',(0.,0.,-1.));
#9744 = DIRECTION('',(1.,-1.28E-15,0.));
#9745 = ADVANCED_FACE('',(#9746),#9765,.F.);
#9746 = FACE_BOUND('',#9747,.F.);
#9747 = EDGE_LOOP('',(#9748,#9749,#9757,#9764));
#9748 = ORIENTED_EDGE('',*,*,#5058,.T.);
#9749 = ORIENTED_EDGE('',*,*,#9750,.T.);
#9750 = EDGE_CURVE('',#5059,#9751,#9753,.T.);
#9751 = VERTEX_POINT('',#9752);
#9752 = CARTESIAN_POINT('',(17.70087726049,44.525,-9.2));
#9753 = LINE('',#9754,#9755);
#9754 = CARTESIAN_POINT('',(17.70087726049,44.525,-9.2));
#9755 = VECTOR('',#9756,1.);
#9756 = DIRECTION('',(0.,0.,1.));
#9757 = ORIENTED_EDGE('',*,*,#9758,.F.);
#9758 = EDGE_CURVE('',#9727,#9751,#9759,.T.);
#9759 = CIRCLE('',#9760,0.15);
#9760 = AXIS2_PLACEMENT_3D('',#9761,#9762,#9763);
#9761 = CARTESIAN_POINT('',(17.70087726049,44.375,-9.2));
#9762 = DIRECTION('',(0.,-0.,1.));
#9763 = DIRECTION('',(1.,4.737E-14,0.));
#9764 = ORIENTED_EDGE('',*,*,#9735,.T.);
#9765 = CYLINDRICAL_SURFACE('',#9766,0.15);
#9766 = AXIS2_PLACEMENT_3D('',#9767,#9768,#9769);
#9767 = CARTESIAN_POINT('',(17.70087726049,44.375,-9.2));
#9768 = DIRECTION('',(0.,0.,1.));
#9769 = DIRECTION('',(1.,4.737E-14,-0.));
#9770 = ADVANCED_FACE('',(#9771),#9789,.T.);
#9771 = FACE_BOUND('',#9772,.T.);
#9772 = EDGE_LOOP('',(#9773,#9774,#9775,#9783));
#9773 = ORIENTED_EDGE('',*,*,#5067,.F.);
#9774 = ORIENTED_EDGE('',*,*,#9750,.T.);
#9775 = ORIENTED_EDGE('',*,*,#9776,.T.);
#9776 = EDGE_CURVE('',#9751,#9777,#9779,.T.);
#9777 = VERTEX_POINT('',#9778);
#9778 = CARTESIAN_POINT('',(14.70087726049,44.525,-9.2));
#9779 = LINE('',#9780,#9781);
#9780 = CARTESIAN_POINT('',(14.70087726049,44.525,-9.2));
#9781 = VECTOR('',#9782,1.);
#9782 = DIRECTION('',(-1.,-0.,3.E-17));
#9783 = ORIENTED_EDGE('',*,*,#9784,.F.);
#9784 = EDGE_CURVE('',#5068,#9777,#9785,.T.);
#9785 = LINE('',#9786,#9787);
#9786 = CARTESIAN_POINT('',(14.70087726049,44.525,-9.2));
#9787 = VECTOR('',#9788,1.);
#9788 = DIRECTION('',(3.E-17,-4.E-17,1.));
#9789 = PLANE('',#9790);
#9790 = AXIS2_PLACEMENT_3D('',#9791,#9792,#9793);
#9791 = CARTESIAN_POINT('',(14.70087726049,44.525,-9.2));
#9792 = DIRECTION('',(-0.,-1.,-4.E-17));
#9793 = DIRECTION('',(3.E-17,-4.E-17,1.));
#9794 = ADVANCED_FACE('',(#9795),#9813,.F.);
#9795 = FACE_BOUND('',#9796,.F.);
#9796 = EDGE_LOOP('',(#9797,#9798,#9805,#9812));
#9797 = ORIENTED_EDGE('',*,*,#5075,.T.);
#9798 = ORIENTED_EDGE('',*,*,#9799,.T.);
#9799 = EDGE_CURVE('',#5076,#9800,#9802,.T.);
#9800 = VERTEX_POINT('',#9801);
#9801 = CARTESIAN_POINT('',(14.694057276889,44.507686462984,-9.2));
#9802 = B_SPLINE_CURVE_WITH_KNOTS('',1,(#9803,#9804),.UNSPECIFIED.,.F.,
  .F.,(2,2),(5.,6.),.PIECEWISE_BEZIER_KNOTS.);
#9803 = CARTESIAN_POINT('',(14.694057276889,44.507686462984,-9.6));
#9804 = CARTESIAN_POINT('',(14.694057276889,44.507686462984,-9.2));
#9805 = ORIENTED_EDGE('',*,*,#9806,.F.);
#9806 = EDGE_CURVE('',#9777,#9800,#9807,.T.);
#9807 = CIRCLE('',#9808,9.999999999998E-03);
#9808 = AXIS2_PLACEMENT_3D('',#9809,#9810,#9811);
#9809 = CARTESIAN_POINT('',(14.70087726049,44.515,-9.2));
#9810 = DIRECTION('',(0.,0.,1.));
#9811 = DIRECTION('',(1.,0.,-0.));
#9812 = ORIENTED_EDGE('',*,*,#9784,.F.);
#9813 = CYLINDRICAL_SURFACE('',#9814,9.999999999998E-03);
#9814 = AXIS2_PLACEMENT_3D('',#9815,#9816,#9817);
#9815 = CARTESIAN_POINT('',(14.70087726049,44.515,-9.2));
#9816 = DIRECTION('',(0.,0.,1.));
#9817 = DIRECTION('',(1.,0.,-0.));
#9818 = ADVANCED_FACE('',(#9819),#9836,.T.);
#9819 = FACE_BOUND('',#9820,.T.);
#9820 = EDGE_LOOP('',(#9821,#9822,#9823,#9830));
#9821 = ORIENTED_EDGE('',*,*,#5084,.F.);
#9822 = ORIENTED_EDGE('',*,*,#9799,.T.);
#9823 = ORIENTED_EDGE('',*,*,#9824,.T.);
#9824 = EDGE_CURVE('',#9800,#9825,#9827,.T.);
#9825 = VERTEX_POINT('',#9826);
#9826 = CARTESIAN_POINT('',(14.696899883097,41.907113513724,
    -7.200000000001));
#9827 = B_SPLINE_CURVE_WITH_KNOTS('',1,(#9828,#9829),.UNSPECIFIED.,.F.,
  .F.,(2,2),(0.,1.77566543719),.PIECEWISE_BEZIER_KNOTS.);
#9828 = CARTESIAN_POINT('',(14.694057276889,44.507686462984,-9.2));
#9829 = CARTESIAN_POINT('',(14.696899883097,41.907113513724,
    -7.200000000001));
#9830 = ORIENTED_EDGE('',*,*,#9831,.T.);
#9831 = EDGE_CURVE('',#9825,#5085,#9832,.T.);
#9832 = LINE('',#9833,#9834);
#9833 = CARTESIAN_POINT('',(14.696899883097,41.907113513724,
    -7.200000000001));
#9834 = VECTOR('',#9835,1.);
#9835 = DIRECTION('',(1.8E-16,-1.E-16,-1.));
#9836 = PLANE('',#9837);
#9837 = AXIS2_PLACEMENT_3D('',#9838,#9839,#9840);
#9838 = CARTESIAN_POINT('',(14.695478579993,43.207399988354,-8.9));
#9839 = DIRECTION('',(0.9999994026,1.09306855248E-03,1.44E-15));
#9840 = DIRECTION('',(-5.603452398286E-04,0.512634732566,0.858606613636)
  );
#9841 = ADVANCED_FACE('',(#9842),#9861,.T.);
#9842 = FACE_BOUND('',#9843,.T.);
#9843 = EDGE_LOOP('',(#9844,#9845,#9846,#9855));
#9844 = ORIENTED_EDGE('',*,*,#5091,.F.);
#9845 = ORIENTED_EDGE('',*,*,#9831,.F.);
#9846 = ORIENTED_EDGE('',*,*,#9847,.T.);
#9847 = EDGE_CURVE('',#9825,#9848,#9850,.T.);
#9848 = VERTEX_POINT('',#9849);
#9849 = CARTESIAN_POINT('',(13.128303654953,37.925,-7.200000000001));
#9850 = CIRCLE('',#9851,2.3);
#9851 = AXIS2_PLACEMENT_3D('',#9852,#9853,#9854);
#9852 = CARTESIAN_POINT('',(13.128303654953,40.225,-7.200000000001));
#9853 = DIRECTION('',(0.,0.,-1.));
#9854 = DIRECTION('',(1.,0.,0.));
#9855 = ORIENTED_EDGE('',*,*,#9856,.T.);
#9856 = EDGE_CURVE('',#9848,#5092,#9857,.T.);
#9857 = LINE('',#9858,#9859);
#9858 = CARTESIAN_POINT('',(13.128303654953,37.925,-7.200000000001));
#9859 = VECTOR('',#9860,1.);
#9860 = DIRECTION('',(0.,0.,-1.));
#9861 = CYLINDRICAL_SURFACE('',#9862,2.3);
#9862 = AXIS2_PLACEMENT_3D('',#9863,#9864,#9865);
#9863 = CARTESIAN_POINT('',(13.128303654953,40.225,-7.200000000001));
#9864 = DIRECTION('',(0.,0.,-1.));
#9865 = DIRECTION('',(1.,0.,0.));
#9866 = ADVANCED_FACE('',(#9867),#9885,.T.);
#9867 = FACE_BOUND('',#9868,.T.);
#9868 = EDGE_LOOP('',(#9869,#9870,#9871,#9879));
#9869 = ORIENTED_EDGE('',*,*,#5100,.F.);
#9870 = ORIENTED_EDGE('',*,*,#9856,.F.);
#9871 = ORIENTED_EDGE('',*,*,#9872,.T.);
#9872 = EDGE_CURVE('',#9848,#9873,#9875,.T.);
#9873 = VERTEX_POINT('',#9874);
#9874 = CARTESIAN_POINT('',(-6.825701264859,37.925,-7.200000000001));
#9875 = LINE('',#9876,#9877);
#9876 = CARTESIAN_POINT('',(13.128303654953,37.925,-7.200000000001));
#9877 = VECTOR('',#9878,1.);
#9878 = DIRECTION('',(-1.,0.,2.E-16));
#9879 = ORIENTED_EDGE('',*,*,#9880,.F.);
#9880 = EDGE_CURVE('',#5101,#9873,#9881,.T.);
#9881 = LINE('',#9882,#9883);
#9882 = CARTESIAN_POINT('',(-6.825701264859,37.925,-7.200000000001));
#9883 = VECTOR('',#9884,1.);
#9884 = DIRECTION('',(2.E-16,5.E-17,1.));
#9885 = PLANE('',#9886);
#9886 = AXIS2_PLACEMENT_3D('',#9887,#9888,#9889);
#9887 = CARTESIAN_POINT('',(13.128303654953,37.925,-7.200000000001));
#9888 = DIRECTION('',(0.,-1.,5.E-17));
#9889 = DIRECTION('',(2.E-16,5.E-17,1.));
#9890 = ADVANCED_FACE('',(#9891),#9909,.T.);
#9891 = FACE_BOUND('',#9892,.T.);
#9892 = EDGE_LOOP('',(#9893,#9894,#9895,#9904));
#9893 = ORIENTED_EDGE('',*,*,#5108,.F.);
#9894 = ORIENTED_EDGE('',*,*,#9880,.T.);
#9895 = ORIENTED_EDGE('',*,*,#9896,.T.);
#9896 = EDGE_CURVE('',#9873,#9897,#9899,.T.);
#9897 = VERTEX_POINT('',#9898);
#9898 = CARTESIAN_POINT('',(-8.394297493003,41.907113513724,
    -7.200000000001));
#9899 = CIRCLE('',#9900,2.3);
#9900 = AXIS2_PLACEMENT_3D('',#9901,#9902,#9903);
#9901 = CARTESIAN_POINT('',(-6.825701264859,40.225,-7.200000000001));
#9902 = DIRECTION('',(0.,0.,-1.));
#9903 = DIRECTION('',(1.,0.,0.));
#9904 = ORIENTED_EDGE('',*,*,#9905,.F.);
#9905 = EDGE_CURVE('',#5109,#9897,#9906,.T.);
#9906 = B_SPLINE_CURVE_WITH_KNOTS('',1,(#9907,#9908),.UNSPECIFIED.,.F.,
  .F.,(2,2),(5.,6.),.PIECEWISE_BEZIER_KNOTS.);
#9907 = CARTESIAN_POINT('',(-8.394297493003,41.907113513724,-9.6));
#9908 = CARTESIAN_POINT('',(-8.394297493003,41.907113513724,
    -7.200000000001));
#9909 = CYLINDRICAL_SURFACE('',#9910,2.3);
#9910 = AXIS2_PLACEMENT_3D('',#9911,#9912,#9913);
#9911 = CARTESIAN_POINT('',(-6.825701264859,40.225,-7.200000000001));
#9912 = DIRECTION('',(0.,0.,-1.));
#9913 = DIRECTION('',(1.,0.,0.));
#9914 = ADVANCED_FACE('',(#9915),#9932,.T.);
#9915 = FACE_BOUND('',#9916,.T.);
#9916 = EDGE_LOOP('',(#9917,#9918,#9919,#9926));
#9917 = ORIENTED_EDGE('',*,*,#5117,.F.);
#9918 = ORIENTED_EDGE('',*,*,#9905,.T.);
#9919 = ORIENTED_EDGE('',*,*,#9920,.T.);
#9920 = EDGE_CURVE('',#9897,#9921,#9923,.T.);
#9921 = VERTEX_POINT('',#9922);
#9922 = CARTESIAN_POINT('',(-8.391454886796,44.507686462984,-9.2));
#9923 = B_SPLINE_CURVE_WITH_KNOTS('',1,(#9924,#9925),.UNSPECIFIED.,.F.,
  .F.,(2,2),(0.,1.77566543719),.PIECEWISE_BEZIER_KNOTS.);
#9924 = CARTESIAN_POINT('',(-8.394297493003,41.907113513724,
    -7.200000000001));
#9925 = CARTESIAN_POINT('',(-8.391454886796,44.507686462984,-9.2));
#9926 = ORIENTED_EDGE('',*,*,#9927,.T.);
#9927 = EDGE_CURVE('',#9921,#5118,#9928,.T.);
#9928 = LINE('',#9929,#9930);
#9929 = CARTESIAN_POINT('',(-8.391454886796,44.507686462984,-9.2));
#9930 = VECTOR('',#9931,1.);
#9931 = DIRECTION('',(1.6E-16,1.5E-16,-1.));
#9932 = PLANE('',#9933);
#9933 = AXIS2_PLACEMENT_3D('',#9934,#9935,#9936);
#9934 = CARTESIAN_POINT('',(-8.392876189899,43.207399988354,-8.9));
#9935 = DIRECTION('',(-0.9999994026,1.093068552481E-03,-1.2E-15));
#9936 = DIRECTION('',(5.603452398268E-04,0.512634732566,0.858606613636)
  );
#9937 = ADVANCED_FACE('',(#9938),#9957,.F.);
#9938 = FACE_BOUND('',#9939,.F.);
#9939 = EDGE_LOOP('',(#9940,#9941,#9949,#9956));
#9940 = ORIENTED_EDGE('',*,*,#5124,.T.);
#9941 = ORIENTED_EDGE('',*,*,#9942,.T.);
#9942 = EDGE_CURVE('',#5125,#9943,#9945,.T.);
#9943 = VERTEX_POINT('',#9944);
#9944 = CARTESIAN_POINT('',(-8.398274870397,44.525,-9.2));
#9945 = LINE('',#9946,#9947);
#9946 = CARTESIAN_POINT('',(-8.398274870397,44.525,-9.2));
#9947 = VECTOR('',#9948,1.);
#9948 = DIRECTION('',(0.,0.,1.));
#9949 = ORIENTED_EDGE('',*,*,#9950,.F.);
#9950 = EDGE_CURVE('',#9921,#9943,#9951,.T.);
#9951 = CIRCLE('',#9952,1.E-02);
#9952 = AXIS2_PLACEMENT_3D('',#9953,#9954,#9955);
#9953 = CARTESIAN_POINT('',(-8.398274870396,44.515,-9.2));
#9954 = DIRECTION('',(0.,-0.,1.));
#9955 = DIRECTION('',(1.,2.842171E-11,0.));
#9956 = ORIENTED_EDGE('',*,*,#9927,.T.);
#9957 = CYLINDRICAL_SURFACE('',#9958,1.E-02);
#9958 = AXIS2_PLACEMENT_3D('',#9959,#9960,#9961);
#9959 = CARTESIAN_POINT('',(-8.398274870396,44.515,-9.2));
#9960 = DIRECTION('',(0.,0.,1.));
#9961 = DIRECTION('',(1.,2.842171E-11,-0.));
#9962 = ADVANCED_FACE('',(#9963),#9981,.T.);
#9963 = FACE_BOUND('',#9964,.T.);
#9964 = EDGE_LOOP('',(#9965,#9966,#9967,#9975));
#9965 = ORIENTED_EDGE('',*,*,#5133,.F.);
#9966 = ORIENTED_EDGE('',*,*,#9942,.T.);
#9967 = ORIENTED_EDGE('',*,*,#9968,.T.);
#9968 = EDGE_CURVE('',#9943,#9969,#9971,.T.);
#9969 = VERTEX_POINT('',#9970);
#9970 = CARTESIAN_POINT('',(-17.70087726049,44.525,-9.2));
#9971 = LINE('',#9972,#9973);
#9972 = CARTESIAN_POINT('',(-17.70087726049,44.525,-9.2));
#9973 = VECTOR('',#9974,1.);
#9974 = DIRECTION('',(-1.,-0.,2.2E-16));
#9975 = ORIENTED_EDGE('',*,*,#9976,.F.);
#9976 = EDGE_CURVE('',#5134,#9969,#9977,.T.);
#9977 = LINE('',#9978,#9979);
#9978 = CARTESIAN_POINT('',(-17.70087726049,44.525,-9.2));
#9979 = VECTOR('',#9980,1.);
#9980 = DIRECTION('',(2.2E-16,-0.,1.));
#9981 = PLANE('',#9982);
#9982 = AXIS2_PLACEMENT_3D('',#9983,#9984,#9985);
#9983 = CARTESIAN_POINT('',(-17.70087726049,44.525,-9.2));
#9984 = DIRECTION('',(-0.,-1.,-0.));
#9985 = DIRECTION('',(2.2E-16,-0.,1.));
#9986 = ADVANCED_FACE('',(#9987),#10006,.F.);
#9987 = FACE_BOUND('',#9988,.F.);
#9988 = EDGE_LOOP('',(#9989,#9990,#9998,#10005));
#9989 = ORIENTED_EDGE('',*,*,#5141,.T.);
#9990 = ORIENTED_EDGE('',*,*,#9991,.T.);
#9991 = EDGE_CURVE('',#5142,#9992,#9994,.T.);
#9992 = VERTEX_POINT('',#9993);
#9993 = CARTESIAN_POINT('',(-17.85085417468,44.377631578947,-9.2));
#9994 = LINE('',#9995,#9996);
#9995 = CARTESIAN_POINT('',(-17.85085417468,44.377631578947,-9.2));
#9996 = VECTOR('',#9997,1.);
#9997 = DIRECTION('',(0.,0.,1.));
#9998 = ORIENTED_EDGE('',*,*,#9999,.F.);
#9999 = EDGE_CURVE('',#9969,#9992,#10000,.T.);
#10000 = CIRCLE('',#10001,0.15);
#10001 = AXIS2_PLACEMENT_3D('',#10002,#10003,#10004);
#10002 = CARTESIAN_POINT('',(-17.70087726049,44.375,-9.2));
#10003 = DIRECTION('',(0.,-0.,1.));
#10004 = DIRECTION('',(1.,1.89478E-12,0.));
#10005 = ORIENTED_EDGE('',*,*,#9976,.F.);
#10006 = CYLINDRICAL_SURFACE('',#10007,0.15);
#10007 = AXIS2_PLACEMENT_3D('',#10008,#10009,#10010);
#10008 = CARTESIAN_POINT('',(-17.70087726049,44.375,-9.2));
#10009 = DIRECTION('',(0.,0.,1.));
#10010 = DIRECTION('',(1.,1.89478E-12,-0.));
#10011 = ADVANCED_FACE('',(#10012),#10031,.T.);
#10012 = FACE_BOUND('',#10013,.T.);
#10013 = EDGE_LOOP('',(#10014,#10015,#10016,#10025));
#10014 = ORIENTED_EDGE('',*,*,#5150,.F.);
#10015 = ORIENTED_EDGE('',*,*,#9991,.T.);
#10016 = ORIENTED_EDGE('',*,*,#10017,.T.);
#10017 = EDGE_CURVE('',#9992,#10018,#10020,.T.);
#10018 = VERTEX_POINT('',#10019);
#10019 = CARTESIAN_POINT('',(-22.23157894736,39.049385542285,-9.2));
#10020 = CIRCLE('',#10021,5.55);
#10021 = AXIS2_PLACEMENT_3D('',#10022,#10023,#10024);
#10022 = CARTESIAN_POINT('',(-23.4,44.475,-9.2));
#10023 = DIRECTION('',(0.,-0.,-1.));
#10024 = DIRECTION('',(1.,-5.121E-14,0.));
#10025 = ORIENTED_EDGE('',*,*,#10026,.T.);
#10026 = EDGE_CURVE('',#10018,#5151,#10027,.T.);
#10027 = LINE('',#10028,#10029);
#10028 = CARTESIAN_POINT('',(-22.23157894736,39.049385542285,-9.2));
#10029 = VECTOR('',#10030,1.);
#10030 = DIRECTION('',(0.,0.,-1.));
#10031 = CYLINDRICAL_SURFACE('',#10032,5.55);
#10032 = AXIS2_PLACEMENT_3D('',#10033,#10034,#10035);
#10033 = CARTESIAN_POINT('',(-23.4,44.475,-9.2));
#10034 = DIRECTION('',(0.,0.,-1.));
#10035 = DIRECTION('',(1.,-5.121E-14,0.));
#10036 = ADVANCED_FACE('',(#10037),#10056,.F.);
#10037 = FACE_BOUND('',#10038,.F.);
#10038 = EDGE_LOOP('',(#10039,#10040,#10048,#10055));
#10039 = ORIENTED_EDGE('',*,*,#5159,.T.);
#10040 = ORIENTED_EDGE('',*,*,#10041,.T.);
#10041 = EDGE_CURVE('',#5160,#10042,#10044,.T.);
#10042 = VERTEX_POINT('',#10043);
#10043 = CARTESIAN_POINT('',(-22.35,38.902747313698,-9.2));
#10044 = LINE('',#10045,#10046);
#10045 = CARTESIAN_POINT('',(-22.35,38.902747313698,-9.2));
#10046 = VECTOR('',#10047,1.);
#10047 = DIRECTION('',(0.,0.,1.));
#10048 = ORIENTED_EDGE('',*,*,#10049,.F.);
#10049 = EDGE_CURVE('',#10018,#10042,#10050,.T.);
#10050 = CIRCLE('',#10051,0.15);
#10051 = AXIS2_PLACEMENT_3D('',#10052,#10053,#10054);
#10052 = CARTESIAN_POINT('',(-22.2,38.902747313698,-9.2));
#10053 = DIRECTION('',(0.,-0.,1.));
#10054 = DIRECTION('',(1.,1.84741E-12,0.));
#10055 = ORIENTED_EDGE('',*,*,#10026,.T.);
#10056 = CYLINDRICAL_SURFACE('',#10057,0.15);
#10057 = AXIS2_PLACEMENT_3D('',#10058,#10059,#10060);
#10058 = CARTESIAN_POINT('',(-22.2,38.902747313698,-9.2));
#10059 = DIRECTION('',(0.,0.,1.));
#10060 = DIRECTION('',(1.,1.84741E-12,-0.));
#10061 = ADVANCED_FACE('',(#10062),#10080,.T.);
#10062 = FACE_BOUND('',#10063,.T.);
#10063 = EDGE_LOOP('',(#10064,#10065,#10066,#10074));
#10064 = ORIENTED_EDGE('',*,*,#5168,.F.);
#10065 = ORIENTED_EDGE('',*,*,#10041,.T.);
#10066 = ORIENTED_EDGE('',*,*,#10067,.T.);
#10067 = EDGE_CURVE('',#10042,#10068,#10070,.T.);
#10068 = VERTEX_POINT('',#10069);
#10069 = CARTESIAN_POINT('',(-22.35,20.706328969317,-9.2));
#10070 = LINE('',#10071,#10072);
#10071 = CARTESIAN_POINT('',(-22.35,38.902747313698,-9.2));
#10072 = VECTOR('',#10073,1.);
#10073 = DIRECTION('',(0.,-1.,2.2E-16));
#10074 = ORIENTED_EDGE('',*,*,#10075,.F.);
#10075 = EDGE_CURVE('',#5169,#10068,#10076,.T.);
#10076 = LINE('',#10077,#10078);
#10077 = CARTESIAN_POINT('',(-22.35,20.706328969317,-9.2));
#10078 = VECTOR('',#10079,1.);
#10079 = DIRECTION('',(0.,2.2E-16,1.));
#10080 = PLANE('',#10081);
#10081 = AXIS2_PLACEMENT_3D('',#10082,#10083,#10084);
#10082 = CARTESIAN_POINT('',(-22.35,38.902747313698,-9.2));
#10083 = DIRECTION('',(1.,0.,-0.));
#10084 = DIRECTION('',(0.,2.2E-16,1.));
#10085 = ADVANCED_FACE('',(#10086),#10105,.T.);
#10086 = FACE_BOUND('',#10087,.T.);
#10087 = EDGE_LOOP('',(#10088,#10089,#10090,#10099));
#10088 = ORIENTED_EDGE('',*,*,#5176,.F.);
#10089 = ORIENTED_EDGE('',*,*,#10075,.T.);
#10090 = ORIENTED_EDGE('',*,*,#10091,.T.);
#10091 = EDGE_CURVE('',#10068,#10092,#10094,.T.);
#10092 = VERTEX_POINT('',#10093);
#10093 = CARTESIAN_POINT('',(-23.395,17.416803927614,-9.2));
#10094 = CIRCLE('',#10095,5.7);
#10095 = AXIS2_PLACEMENT_3D('',#10096,#10097,#10098);
#10096 = CARTESIAN_POINT('',(-28.05,20.706328969317,-9.2));
#10097 = DIRECTION('',(0.,-0.,-1.));
#10098 = DIRECTION('',(1.,-4.862E-14,0.));
#10099 = ORIENTED_EDGE('',*,*,#10100,.T.);
#10100 = EDGE_CURVE('',#10092,#5177,#10101,.T.);
#10101 = LINE('',#10102,#10103);
#10102 = CARTESIAN_POINT('',(-23.395,17.416803927614,-9.2));
#10103 = VECTOR('',#10104,1.);
#10104 = DIRECTION('',(0.,0.,-1.));
#10105 = CYLINDRICAL_SURFACE('',#10106,5.7);
#10106 = AXIS2_PLACEMENT_3D('',#10107,#10108,#10109);
#10107 = CARTESIAN_POINT('',(-28.05,20.706328969317,-9.2));
#10108 = DIRECTION('',(0.,0.,-1.));
#10109 = DIRECTION('',(1.,-4.862E-14,0.));
#10110 = ADVANCED_FACE('',(#10111),#10123,.F.);
#10111 = FACE_BOUND('',#10112,.F.);
#10112 = EDGE_LOOP('',(#10113,#10114,#10115,#10122));
#10113 = ORIENTED_EDGE('',*,*,#5185,.T.);
#10114 = ORIENTED_EDGE('',*,*,#9167,.F.);
#10115 = ORIENTED_EDGE('',*,*,#10116,.F.);
#10116 = EDGE_CURVE('',#10092,#9120,#10117,.T.);
#10117 = CIRCLE('',#10118,0.3);
#10118 = AXIS2_PLACEMENT_3D('',#10119,#10120,#10121);
#10119 = CARTESIAN_POINT('',(-23.14999999999,17.243671030683,-9.2));
#10120 = DIRECTION('',(0.,-0.,1.));
#10121 = DIRECTION('',(1.,9.3555E-13,0.));
#10122 = ORIENTED_EDGE('',*,*,#10100,.T.);
#10123 = CYLINDRICAL_SURFACE('',#10124,0.3);
#10124 = AXIS2_PLACEMENT_3D('',#10125,#10126,#10127);
#10125 = CARTESIAN_POINT('',(-23.14999999999,17.243671030683,-9.2));
#10126 = DIRECTION('',(0.,0.,1.));
#10127 = DIRECTION('',(1.,9.3555E-13,-0.));
#10128 = ADVANCED_FACE('',(#10129),#10147,.T.);
#10129 = FACE_BOUND('',#10130,.T.);
#10130 = EDGE_LOOP('',(#10131,#10132,#10133,#10141));
#10131 = ORIENTED_EDGE('',*,*,#5223,.F.);
#10132 = ORIENTED_EDGE('',*,*,#8932,.T.);
#10133 = ORIENTED_EDGE('',*,*,#10134,.T.);
#10134 = EDGE_CURVE('',#8920,#10135,#10137,.T.);
#10135 = VERTEX_POINT('',#10136);
#10136 = CARTESIAN_POINT('',(-17.1,-19.54131825247,-9.2));
#10137 = LINE('',#10138,#10139);
#10138 = CARTESIAN_POINT('',(-17.1,24.808681747526,-9.2));
#10139 = VECTOR('',#10140,1.);
#10140 = DIRECTION('',(0.,-1.,2.2E-16));
#10141 = ORIENTED_EDGE('',*,*,#10142,.T.);
#10142 = EDGE_CURVE('',#10135,#5224,#10143,.T.);
#10143 = LINE('',#10144,#10145);
#10144 = CARTESIAN_POINT('',(-17.1,-19.54131825247,-9.2));
#10145 = VECTOR('',#10146,1.);
#10146 = DIRECTION('',(0.,-2.2E-16,-1.));
#10147 = PLANE('',#10148);
#10148 = AXIS2_PLACEMENT_3D('',#10149,#10150,#10151);
#10149 = CARTESIAN_POINT('',(-17.1,24.808681747526,-9.2));
#10150 = DIRECTION('',(1.,0.,0.));
#10151 = DIRECTION('',(-0.,2.2E-16,1.));
#10152 = ADVANCED_FACE('',(#10153),#10169,.T.);
#10153 = FACE_BOUND('',#10154,.T.);
#10154 = EDGE_LOOP('',(#10155,#10156,#10157,#10168));
#10155 = ORIENTED_EDGE('',*,*,#5231,.F.);
#10156 = ORIENTED_EDGE('',*,*,#10142,.F.);
#10157 = ORIENTED_EDGE('',*,*,#10158,.T.);
#10158 = EDGE_CURVE('',#10135,#8651,#10159,.T.);
#10159 = B_SPLINE_CURVE_WITH_KNOTS('',7,(#10160,#10161,#10162,#10163,
    #10164,#10165,#10166,#10167),.UNSPECIFIED.,.F.,.F.,(8,8),(-4.44E-15,
    0.977384381117),.PIECEWISE_BEZIER_KNOTS.);
#10160 = CARTESIAN_POINT('',(-17.1,-19.54131825247,-9.2));
#10161 = CARTESIAN_POINT('',(-17.21428571428,-19.82057093279,-9.2));
#10162 = CARTESIAN_POINT('',(-17.37406096326,-20.0625899224,-9.2));
#10163 = CARTESIAN_POINT('',(-17.56840843643,-20.25848397023,-9.2));
#10164 = CARTESIAN_POINT('',(-17.78423688978,-20.40291209862,-9.2));
#10165 = CARTESIAN_POINT('',(-18.0077341644,-20.49482196564,-9.2));
#10166 = CARTESIAN_POINT('',(-18.2261541769,-20.53721682042,-9.2));
#10167 = CARTESIAN_POINT('',(-18.42896851583,-20.53616333954,-9.2));
#10168 = ORIENTED_EDGE('',*,*,#8650,.F.);
#10169 = B_SPLINE_SURFACE_WITH_KNOTS('',1,7,(
    (#10170,#10171,#10172,#10173,#10174,#10175,#10176,#10177)
    ,(#10178,#10179,#10180,#10181,#10182,#10183,#10184,#10185
  )),.UNSPECIFIED.,.F.,.F.,.F.,(2,2),(8,8),(5.,6.),(-4.44E-15,
    0.977384381117),.PIECEWISE_BEZIER_KNOTS.);
#10170 = CARTESIAN_POINT('',(-17.1,-19.54131825247,-9.6));
#10171 = CARTESIAN_POINT('',(-17.21428571428,-19.82057093279,-9.6));
#10172 = CARTESIAN_POINT('',(-17.37406096325,-20.0625899224,-9.6));
#10173 = CARTESIAN_POINT('',(-17.56840843643,-20.25848397023,-9.6));
#10174 = CARTESIAN_POINT('',(-17.78423688978,-20.40291209862,-9.6));
#10175 = CARTESIAN_POINT('',(-18.0077341644,-20.49482196564,-9.6));
#10176 = CARTESIAN_POINT('',(-18.2261541769,-20.53721682042,-9.6));
#10177 = CARTESIAN_POINT('',(-18.42896851583,-20.53616333954,-9.6));
#10178 = CARTESIAN_POINT('',(-17.1,-19.54131825247,-9.2));
#10179 = CARTESIAN_POINT('',(-17.21428571428,-19.82057093279,-9.2));
#10180 = CARTESIAN_POINT('',(-17.37406096326,-20.0625899224,-9.2));
#10181 = CARTESIAN_POINT('',(-17.56840843643,-20.25848397023,-9.2));
#10182 = CARTESIAN_POINT('',(-17.78423688978,-20.40291209862,-9.2));
#10183 = CARTESIAN_POINT('',(-18.0077341644,-20.49482196564,-9.2));
#10184 = CARTESIAN_POINT('',(-18.2261541769,-20.53721682042,-9.2));
#10185 = CARTESIAN_POINT('',(-18.42896851583,-20.53616333954,-9.2));
#10186 = ADVANCED_FACE('',(#10187),#10212,.T.);
#10187 = FACE_BOUND('',#10188,.T.);
#10188 = EDGE_LOOP('',(#10189,#10190,#10191,#10206));
#10189 = ORIENTED_EDGE('',*,*,#5271,.F.);
#10190 = ORIENTED_EDGE('',*,*,#8624,.T.);
#10191 = ORIENTED_EDGE('',*,*,#10192,.T.);
#10192 = EDGE_CURVE('',#8582,#10193,#10195,.T.);
#10193 = VERTEX_POINT('',#10194);
#10194 = CARTESIAN_POINT('',(-23.44999999999,-11.97630967899,-9.2));
#10195 = B_SPLINE_CURVE_WITH_KNOTS('',9,(#10196,#10197,#10198,#10199,
    #10200,#10201,#10202,#10203,#10204,#10205),.UNSPECIFIED.,.F.,.F.,(10
    ,10),(1.078963977376,3.141599798152),.PIECEWISE_BEZIER_KNOTS.);
#10196 = CARTESIAN_POINT('',(-21.93870973238,-10.10507337116,-9.2));
#10197 = CARTESIAN_POINT('',(-22.48640888044,-10.00600034461,-9.2));
#10198 = CARTESIAN_POINT('',(-23.01362100657,-10.07878241184,-9.2));
#10199 = CARTESIAN_POINT('',(-23.46067606409,-10.30381882646,-9.2));
#10200 = CARTESIAN_POINT('',(-23.77931985791,-10.63789569053,-9.2));
#10201 = CARTESIAN_POINT('',(-23.94365996874,-11.02079887542,-9.2));
#10202 = CARTESIAN_POINT('',(-23.9570140439,-11.38831440134,-9.2));
#10203 = CARTESIAN_POINT('',(-23.84872089928,-11.68781502429,-9.2));
#10204 = CARTESIAN_POINT('',(-23.66349584861,-11.88710781144,-9.2));
#10205 = CARTESIAN_POINT('',(-23.44999999999,-11.97630967899,-9.2));
#10206 = ORIENTED_EDGE('',*,*,#10207,.T.);
#10207 = EDGE_CURVE('',#10193,#5272,#10208,.T.);
#10208 = LINE('',#10209,#10210);
#10209 = CARTESIAN_POINT('',(-23.44999999999,-11.97630967899,-9.2));
#10210 = VECTOR('',#10211,1.);
#10211 = DIRECTION('',(-4.E-17,-3.E-17,-1.));
#10212 = B_SPLINE_SURFACE_WITH_KNOTS('',1,9,(
    (#10213,#10214,#10215,#10216,#10217,#10218,#10219,#10220,#10221
      ,#10222)
    ,(#10223,#10224,#10225,#10226,#10227,#10228,#10229,#10230,#10231
      ,#10232
    )),.UNSPECIFIED.,.F.,.F.,.F.,(2,2),(10,10),(5.,6.),(1.078963977376,
    3.141599798152),.PIECEWISE_BEZIER_KNOTS.);
#10213 = CARTESIAN_POINT('',(-21.93870973238,-10.10507337116,-9.6));
#10214 = CARTESIAN_POINT('',(-22.48640888044,-10.00600034461,-9.6));
#10215 = CARTESIAN_POINT('',(-23.01362100657,-10.07878241184,-9.6));
#10216 = CARTESIAN_POINT('',(-23.46067606409,-10.30381882646,-9.6));
#10217 = CARTESIAN_POINT('',(-23.77931985791,-10.63789569053,-9.6));
#10218 = CARTESIAN_POINT('',(-23.94365996874,-11.02079887542,-9.6));
#10219 = CARTESIAN_POINT('',(-23.9570140439,-11.38831440134,-9.6));
#10220 = CARTESIAN_POINT('',(-23.84872089928,-11.68781502429,-9.6));
#10221 = CARTESIAN_POINT('',(-23.66349584861,-11.88710781144,-9.6));
#10222 = CARTESIAN_POINT('',(-23.44999999999,-11.97630967899,-9.6));
#10223 = CARTESIAN_POINT('',(-21.93870973238,-10.10507337116,-9.2));
#10224 = CARTESIAN_POINT('',(-22.48640888044,-10.00600034461,-9.2));
#10225 = CARTESIAN_POINT('',(-23.01362100657,-10.07878241184,-9.2));
#10226 = CARTESIAN_POINT('',(-23.46067606409,-10.30381882646,-9.2));
#10227 = CARTESIAN_POINT('',(-23.77931985791,-10.63789569053,-9.2));
#10228 = CARTESIAN_POINT('',(-23.94365996874,-11.02079887542,-9.2));
#10229 = CARTESIAN_POINT('',(-23.9570140439,-11.38831440134,-9.2));
#10230 = CARTESIAN_POINT('',(-23.84872089928,-11.68781502429,-9.2));
#10231 = CARTESIAN_POINT('',(-23.66349584861,-11.88710781144,-9.2));
#10232 = CARTESIAN_POINT('',(-23.44999999999,-11.97630967899,-9.2));
#10233 = ADVANCED_FACE('',(#10234),#10253,.F.);
#10234 = FACE_BOUND('',#10235,.F.);
#10235 = EDGE_LOOP('',(#10236,#10237,#10245,#10252));
#10236 = ORIENTED_EDGE('',*,*,#5286,.T.);
#10237 = ORIENTED_EDGE('',*,*,#10238,.T.);
#10238 = EDGE_CURVE('',#5287,#10239,#10241,.T.);
#10239 = VERTEX_POINT('',#10240);
#10240 = CARTESIAN_POINT('',(-23.39499999999,-12.14944043256,-9.2));
#10241 = LINE('',#10242,#10243);
#10242 = CARTESIAN_POINT('',(-23.39499999999,-12.14944043256,-9.2));
#10243 = VECTOR('',#10244,1.);
#10244 = DIRECTION('',(0.,0.,1.));
#10245 = ORIENTED_EDGE('',*,*,#10246,.F.);
#10246 = EDGE_CURVE('',#10193,#10239,#10247,.T.);
#10247 = CIRCLE('',#10248,0.3);
#10248 = AXIS2_PLACEMENT_3D('',#10249,#10250,#10251);
#10249 = CARTESIAN_POINT('',(-23.14999999999,-11.97630753563,-9.2));
#10250 = DIRECTION('',(0.,-0.,1.));
#10251 = DIRECTION('',(1.,1.184E-14,0.));
#10252 = ORIENTED_EDGE('',*,*,#10207,.T.);
#10253 = CYLINDRICAL_SURFACE('',#10254,0.3);
#10254 = AXIS2_PLACEMENT_3D('',#10255,#10256,#10257);
#10255 = CARTESIAN_POINT('',(-23.14999999999,-11.97630753563,-9.2));
#10256 = DIRECTION('',(0.,0.,1.));
#10257 = DIRECTION('',(1.,1.184E-14,-0.));
#10258 = ADVANCED_FACE('',(#10259),#10278,.T.);
#10259 = FACE_BOUND('',#10260,.T.);
#10260 = EDGE_LOOP('',(#10261,#10262,#10263,#10272));
#10261 = ORIENTED_EDGE('',*,*,#5295,.F.);
#10262 = ORIENTED_EDGE('',*,*,#10238,.T.);
#10263 = ORIENTED_EDGE('',*,*,#10264,.T.);
#10264 = EDGE_CURVE('',#10239,#10265,#10267,.T.);
#10265 = VERTEX_POINT('',#10266);
#10266 = CARTESIAN_POINT('',(-22.35,-15.43896547426,-9.2));
#10267 = CIRCLE('',#10268,5.7);
#10268 = AXIS2_PLACEMENT_3D('',#10269,#10270,#10271);
#10269 = CARTESIAN_POINT('',(-28.05,-15.43896547426,-9.2));
#10270 = DIRECTION('',(0.,-0.,-1.));
#10271 = DIRECTION('',(1.,-6.2E-16,0.));
#10272 = ORIENTED_EDGE('',*,*,#10273,.T.);
#10273 = EDGE_CURVE('',#10265,#5296,#10274,.T.);
#10274 = LINE('',#10275,#10276);
#10275 = CARTESIAN_POINT('',(-22.35,-15.43896547426,-9.2));
#10276 = VECTOR('',#10277,1.);
#10277 = DIRECTION('',(0.,0.,-1.));
#10278 = CYLINDRICAL_SURFACE('',#10279,5.7);
#10279 = AXIS2_PLACEMENT_3D('',#10280,#10281,#10282);
#10280 = CARTESIAN_POINT('',(-28.05,-15.43896547426,-9.2));
#10281 = DIRECTION('',(0.,0.,-1.));
#10282 = DIRECTION('',(1.,-6.2E-16,0.));
#10283 = ADVANCED_FACE('',(#10284),#10302,.T.);
#10284 = FACE_BOUND('',#10285,.T.);
#10285 = EDGE_LOOP('',(#10286,#10287,#10288,#10296));
#10286 = ORIENTED_EDGE('',*,*,#5304,.F.);
#10287 = ORIENTED_EDGE('',*,*,#10273,.F.);
#10288 = ORIENTED_EDGE('',*,*,#10289,.T.);
#10289 = EDGE_CURVE('',#10265,#10290,#10292,.T.);
#10290 = VERTEX_POINT('',#10291);
#10291 = CARTESIAN_POINT('',(-22.35,-35.36120304472,-9.2));
#10292 = LINE('',#10293,#10294);
#10293 = CARTESIAN_POINT('',(-22.35,-15.43896547426,-9.2));
#10294 = VECTOR('',#10295,1.);
#10295 = DIRECTION('',(0.,-1.,3.E-17));
#10296 = ORIENTED_EDGE('',*,*,#10297,.F.);
#10297 = EDGE_CURVE('',#5305,#10290,#10298,.T.);
#10298 = LINE('',#10299,#10300);
#10299 = CARTESIAN_POINT('',(-22.35,-35.36120304472,-9.2));
#10300 = VECTOR('',#10301,1.);
#10301 = DIRECTION('',(4.E-17,3.E-17,1.));
#10302 = PLANE('',#10303);
#10303 = AXIS2_PLACEMENT_3D('',#10304,#10305,#10306);
#10304 = CARTESIAN_POINT('',(-22.35,-15.43896547426,-9.2));
#10305 = DIRECTION('',(1.,0.,-4.E-17));
#10306 = DIRECTION('',(4.E-17,3.E-17,1.));
#10307 = ADVANCED_FACE('',(#10308),#10327,.T.);
#10308 = FACE_BOUND('',#10309,.T.);
#10309 = EDGE_LOOP('',(#10310,#10311,#10312,#10321));
#10310 = ORIENTED_EDGE('',*,*,#5312,.F.);
#10311 = ORIENTED_EDGE('',*,*,#10297,.T.);
#10312 = ORIENTED_EDGE('',*,*,#10313,.T.);
#10313 = EDGE_CURVE('',#10290,#10314,#10316,.T.);
#10314 = VERTEX_POINT('',#10315);
#10315 = CARTESIAN_POINT('',(-23.42179487177,-38.68832151136,-9.2));
#10316 = CIRCLE('',#10317,5.7);
#10317 = AXIS2_PLACEMENT_3D('',#10318,#10319,#10320);
#10318 = CARTESIAN_POINT('',(-28.05,-35.36120304472,-9.2));
#10319 = DIRECTION('',(0.,-0.,-1.));
#10320 = DIRECTION('',(1.,-1.25E-15,0.));
#10321 = ORIENTED_EDGE('',*,*,#10322,.T.);
#10322 = EDGE_CURVE('',#10314,#5313,#10323,.T.);
#10323 = LINE('',#10324,#10325);
#10324 = CARTESIAN_POINT('',(-23.42179487177,-38.68832151136,-9.2));
#10325 = VECTOR('',#10326,1.);
#10326 = DIRECTION('',(0.,0.,-1.));
#10327 = CYLINDRICAL_SURFACE('',#10328,5.7);
#10328 = AXIS2_PLACEMENT_3D('',#10329,#10330,#10331);
#10329 = CARTESIAN_POINT('',(-28.05,-35.36120304472,-9.2));
#10330 = DIRECTION('',(0.,0.,-1.));
#10331 = DIRECTION('',(1.,-1.25E-15,0.));
#10332 = ADVANCED_FACE('',(#10333),#10352,.F.);
#10333 = FACE_BOUND('',#10334,.F.);
#10334 = EDGE_LOOP('',(#10335,#10336,#10344,#10351));
#10335 = ORIENTED_EDGE('',*,*,#5321,.T.);
#10336 = ORIENTED_EDGE('',*,*,#10337,.T.);
#10337 = EDGE_CURVE('',#5322,#10338,#10340,.T.);
#10338 = VERTEX_POINT('',#10339);
#10339 = CARTESIAN_POINT('',(-23.30263157892,-38.92585417468,-9.2));
#10340 = LINE('',#10341,#10342);
#10341 = CARTESIAN_POINT('',(-23.30263157892,-38.92585417468,-9.2));
#10342 = VECTOR('',#10343,1.);
#10343 = DIRECTION('',(0.,0.,1.));
#10344 = ORIENTED_EDGE('',*,*,#10345,.F.);
#10345 = EDGE_CURVE('',#10314,#10338,#10346,.T.);
#10346 = CIRCLE('',#10347,0.15);
#10347 = AXIS2_PLACEMENT_3D('',#10348,#10349,#10350);
#10348 = CARTESIAN_POINT('',(-23.29999999998,-38.77587726049,-9.2));
#10349 = DIRECTION('',(0.,-0.,1.));
#10350 = DIRECTION('',(1.,4.737E-14,0.));
#10351 = ORIENTED_EDGE('',*,*,#10322,.T.);
#10352 = CYLINDRICAL_SURFACE('',#10353,0.15);
#10353 = AXIS2_PLACEMENT_3D('',#10354,#10355,#10356);
#10354 = CARTESIAN_POINT('',(-23.29999999998,-38.77587726049,-9.2));
#10355 = DIRECTION('',(0.,0.,1.));
#10356 = DIRECTION('',(1.,4.737E-14,-0.));
#10357 = ADVANCED_FACE('',(#10358),#10377,.T.);
#10358 = FACE_BOUND('',#10359,.T.);
#10359 = EDGE_LOOP('',(#10360,#10361,#10362,#10371));
#10360 = ORIENTED_EDGE('',*,*,#5330,.F.);
#10361 = ORIENTED_EDGE('',*,*,#10337,.T.);
#10362 = ORIENTED_EDGE('',*,*,#10363,.T.);
#10363 = EDGE_CURVE('',#10338,#10364,#10366,.T.);
#10364 = VERTEX_POINT('',#10365);
#10365 = CARTESIAN_POINT('',(-17.85085417468,-44.37763157894,-9.2));
#10366 = CIRCLE('',#10367,5.55);
#10367 = AXIS2_PLACEMENT_3D('',#10368,#10369,#10370);
#10368 = CARTESIAN_POINT('',(-23.4,-44.475,-9.2));
#10369 = DIRECTION('',(0.,0.,-1.));
#10370 = DIRECTION('',(1.,0.,0.));
#10371 = ORIENTED_EDGE('',*,*,#10372,.T.);
#10372 = EDGE_CURVE('',#10364,#5331,#10373,.T.);
#10373 = LINE('',#10374,#10375);
#10374 = CARTESIAN_POINT('',(-17.85085417468,-44.37763157894,-9.2));
#10375 = VECTOR('',#10376,1.);
#10376 = DIRECTION('',(0.,0.,-1.));
#10377 = CYLINDRICAL_SURFACE('',#10378,5.55);
#10378 = AXIS2_PLACEMENT_3D('',#10379,#10380,#10381);
#10379 = CARTESIAN_POINT('',(-23.4,-44.475,-9.2));
#10380 = DIRECTION('',(0.,0.,-1.));
#10381 = DIRECTION('',(1.,0.,0.));
#10382 = ADVANCED_FACE('',(#10383),#10395,.F.);
#10383 = FACE_BOUND('',#10384,.F.);
#10384 = EDGE_LOOP('',(#10385,#10386,#10387,#10394));
#10385 = ORIENTED_EDGE('',*,*,#5339,.T.);
#10386 = ORIENTED_EDGE('',*,*,#8199,.T.);
#10387 = ORIENTED_EDGE('',*,*,#10388,.F.);
#10388 = EDGE_CURVE('',#10364,#8200,#10389,.T.);
#10389 = CIRCLE('',#10390,0.15);
#10390 = AXIS2_PLACEMENT_3D('',#10391,#10392,#10393);
#10391 = CARTESIAN_POINT('',(-17.70087726049,-44.375,-9.2));
#10392 = DIRECTION('',(0.,0.,1.));
#10393 = DIRECTION('',(1.,0.,-0.));
#10394 = ORIENTED_EDGE('',*,*,#10372,.T.);
#10395 = CYLINDRICAL_SURFACE('',#10396,0.15);
#10396 = AXIS2_PLACEMENT_3D('',#10397,#10398,#10399);
#10397 = CARTESIAN_POINT('',(-17.70087726049,-44.375,-9.2));
#10398 = DIRECTION('',(0.,0.,1.));
#10399 = DIRECTION('',(1.,0.,-0.));
#10400 = ADVANCED_FACE('',(#10401),#10420,.F.);
#10401 = FACE_BOUND('',#10402,.F.);
#10402 = EDGE_LOOP('',(#10403,#10404,#10412,#10419));
#10403 = ORIENTED_EDGE('',*,*,#5401,.T.);
#10404 = ORIENTED_EDGE('',*,*,#10405,.T.);
#10405 = EDGE_CURVE('',#5402,#10406,#10408,.T.);
#10406 = VERTEX_POINT('',#10407);
#10407 = CARTESIAN_POINT('',(17.850854174688,-44.37763157894,-9.2));
#10408 = LINE('',#10409,#10410);
#10409 = CARTESIAN_POINT('',(17.850854174688,-44.37763157894,-9.2));
#10410 = VECTOR('',#10411,1.);
#10411 = DIRECTION('',(0.,0.,1.));
#10412 = ORIENTED_EDGE('',*,*,#10413,.F.);
#10413 = EDGE_CURVE('',#8037,#10406,#10414,.T.);
#10414 = CIRCLE('',#10415,0.15);
#10415 = AXIS2_PLACEMENT_3D('',#10416,#10417,#10418);
#10416 = CARTESIAN_POINT('',(17.70087726049,-44.375,-9.2));
#10417 = DIRECTION('',(0.,0.,1.));
#10418 = DIRECTION('',(1.,0.,-0.));
#10419 = ORIENTED_EDGE('',*,*,#8063,.F.);
#10420 = CYLINDRICAL_SURFACE('',#10421,0.15);
#10421 = AXIS2_PLACEMENT_3D('',#10422,#10423,#10424);
#10422 = CARTESIAN_POINT('',(17.70087726049,-44.375,-9.2));
#10423 = DIRECTION('',(0.,0.,1.));
#10424 = DIRECTION('',(1.,0.,-0.));
#10425 = ADVANCED_FACE('',(#10426),#10445,.T.);
#10426 = FACE_BOUND('',#10427,.T.);
#10427 = EDGE_LOOP('',(#10428,#10429,#10430,#10439));
#10428 = ORIENTED_EDGE('',*,*,#5410,.F.);
#10429 = ORIENTED_EDGE('',*,*,#10405,.T.);
#10430 = ORIENTED_EDGE('',*,*,#10431,.T.);
#10431 = EDGE_CURVE('',#10406,#10432,#10434,.T.);
#10432 = VERTEX_POINT('',#10433);
#10433 = CARTESIAN_POINT('',(23.302631578947,-38.92585417468,-9.2));
#10434 = CIRCLE('',#10435,5.55);
#10435 = AXIS2_PLACEMENT_3D('',#10436,#10437,#10438);
#10436 = CARTESIAN_POINT('',(23.4,-44.475,-9.2));
#10437 = DIRECTION('',(0.,0.,-1.));
#10438 = DIRECTION('',(1.,0.,0.));
#10439 = ORIENTED_EDGE('',*,*,#10440,.T.);
#10440 = EDGE_CURVE('',#10432,#5411,#10441,.T.);
#10441 = LINE('',#10442,#10443);
#10442 = CARTESIAN_POINT('',(23.302631578947,-38.92585417468,-9.2));
#10443 = VECTOR('',#10444,1.);
#10444 = DIRECTION('',(0.,0.,-1.));
#10445 = CYLINDRICAL_SURFACE('',#10446,5.55);
#10446 = AXIS2_PLACEMENT_3D('',#10447,#10448,#10449);
#10447 = CARTESIAN_POINT('',(23.4,-44.475,-9.2));
#10448 = DIRECTION('',(0.,0.,-1.));
#10449 = DIRECTION('',(1.,0.,0.));
#10450 = ADVANCED_FACE('',(#10451),#10470,.F.);
#10451 = FACE_BOUND('',#10452,.F.);
#10452 = EDGE_LOOP('',(#10453,#10454,#10462,#10469));
#10453 = ORIENTED_EDGE('',*,*,#5419,.T.);
#10454 = ORIENTED_EDGE('',*,*,#10455,.T.);
#10455 = EDGE_CURVE('',#5420,#10456,#10458,.T.);
#10456 = VERTEX_POINT('',#10457);
#10457 = CARTESIAN_POINT('',(23.441025641026,-38.72477179529,-9.2));
#10458 = LINE('',#10459,#10460);
#10459 = CARTESIAN_POINT('',(23.441025641026,-38.72477179529,-9.2));
#10460 = VECTOR('',#10461,1.);
#10461 = DIRECTION('',(0.,0.,1.));
#10462 = ORIENTED_EDGE('',*,*,#10463,.F.);
#10463 = EDGE_CURVE('',#10432,#10456,#10464,.T.);
#10464 = CIRCLE('',#10465,0.15);
#10465 = AXIS2_PLACEMENT_3D('',#10466,#10467,#10468);
#10466 = CARTESIAN_POINT('',(23.3,-38.77587726049,-9.2));
#10467 = DIRECTION('',(0.,0.,1.));
#10468 = DIRECTION('',(1.,0.,-0.));
#10469 = ORIENTED_EDGE('',*,*,#10440,.T.);
#10470 = CYLINDRICAL_SURFACE('',#10471,0.15);
#10471 = AXIS2_PLACEMENT_3D('',#10472,#10473,#10474);
#10472 = CARTESIAN_POINT('',(23.3,-38.77587726049,-9.2));
#10473 = DIRECTION('',(0.,0.,1.));
#10474 = DIRECTION('',(1.,0.,-0.));
#10475 = ADVANCED_FACE('',(#10476),#10495,.T.);
#10476 = FACE_BOUND('',#10477,.T.);
#10477 = EDGE_LOOP('',(#10478,#10479,#10480,#10489));
#10478 = ORIENTED_EDGE('',*,*,#5428,.F.);
#10479 = ORIENTED_EDGE('',*,*,#10455,.T.);
#10480 = ORIENTED_EDGE('',*,*,#10481,.T.);
#10481 = EDGE_CURVE('',#10456,#10482,#10484,.T.);
#10482 = VERTEX_POINT('',#10483);
#10483 = CARTESIAN_POINT('',(23.1,-36.78276411769,-9.2));
#10484 = CIRCLE('',#10485,5.7);
#10485 = AXIS2_PLACEMENT_3D('',#10486,#10487,#10488);
#10486 = CARTESIAN_POINT('',(28.8,-36.78276411769,-9.2));
#10487 = DIRECTION('',(0.,-0.,-1.));
#10488 = DIRECTION('',(1.,-1.25E-15,0.));
#10489 = ORIENTED_EDGE('',*,*,#10490,.T.);
#10490 = EDGE_CURVE('',#10482,#5429,#10491,.T.);
#10491 = LINE('',#10492,#10493);
#10492 = CARTESIAN_POINT('',(23.1,-36.78276411769,-9.2));
#10493 = VECTOR('',#10494,1.);
#10494 = DIRECTION('',(0.,0.,-1.));
#10495 = CYLINDRICAL_SURFACE('',#10496,5.7);
#10496 = AXIS2_PLACEMENT_3D('',#10497,#10498,#10499);
#10497 = CARTESIAN_POINT('',(28.8,-36.78276411769,-9.2));
#10498 = DIRECTION('',(0.,0.,-1.));
#10499 = DIRECTION('',(1.,-1.25E-15,0.));
#10500 = ADVANCED_FACE('',(#10501),#10512,.T.);
#10501 = FACE_BOUND('',#10502,.T.);
#10502 = EDGE_LOOP('',(#10503,#10504,#10505,#10511));
#10503 = ORIENTED_EDGE('',*,*,#5437,.F.);
#10504 = ORIENTED_EDGE('',*,*,#10490,.F.);
#10505 = ORIENTED_EDGE('',*,*,#10506,.T.);
#10506 = EDGE_CURVE('',#10482,#7808,#10507,.T.);
#10507 = LINE('',#10508,#10509);
#10508 = CARTESIAN_POINT('',(23.1,9.850378788789,-9.2));
#10509 = VECTOR('',#10510,1.);
#10510 = DIRECTION('',(-0.,1.,3.E-17));
#10511 = ORIENTED_EDGE('',*,*,#7807,.T.);
#10512 = PLANE('',#10513);
#10513 = AXIS2_PLACEMENT_3D('',#10514,#10515,#10516);
#10514 = CARTESIAN_POINT('',(23.1,9.850378788789,-9.2));
#10515 = DIRECTION('',(-1.,0.,-4.E-17));
#10516 = DIRECTION('',(-4.E-17,-3.E-17,1.));
#10517 = ADVANCED_FACE('',(#10518),#10529,.T.);
#10518 = FACE_BOUND('',#10519,.T.);
#10519 = EDGE_LOOP('',(#10520,#10521,#10527,#10528));
#10520 = ORIENTED_EDGE('',*,*,#7855,.F.);
#10521 = ORIENTED_EDGE('',*,*,#10522,.T.);
#10522 = EDGE_CURVE('',#7775,#5454,#10523,.T.);
#10523 = LINE('',#10524,#10525);
#10524 = CARTESIAN_POINT('',(23.9,-36.78276411769,-9.6));
#10525 = VECTOR('',#10526,1.);
#10526 = DIRECTION('',(-0.707106781187,9.4E-16,-0.707106781187));
#10527 = ORIENTED_EDGE('',*,*,#5453,.T.);
#10528 = ORIENTED_EDGE('',*,*,#7798,.T.);
#10529 = PLANE('',#10530);
#10530 = AXIS2_PLACEMENT_3D('',#10531,#10532,#10533);
#10531 = CARTESIAN_POINT('',(23.9,9.850378788789,-9.6));
#10532 = DIRECTION('',(0.707106781187,0.,-0.707106781187));
#10533 = DIRECTION('',(-0.707106781187,5.1E-16,-0.707106781187));
#10534 = ADVANCED_FACE('',(#10535),#10546,.F.);
#10535 = FACE_BOUND('',#10536,.F.);
#10536 = EDGE_LOOP('',(#10537,#10538,#10539,#10540));
#10537 = ORIENTED_EDGE('',*,*,#7782,.T.);
#10538 = ORIENTED_EDGE('',*,*,#10522,.T.);
#10539 = ORIENTED_EDGE('',*,*,#5461,.F.);
#10540 = ORIENTED_EDGE('',*,*,#10541,.T.);
#10541 = EDGE_CURVE('',#5462,#7751,#10542,.T.);
#10542 = LINE('',#10543,#10544);
#10543 = CARTESIAN_POINT('',(24.193162393162,-38.45220931422,-9.6));
#10544 = VECTOR('',#10545,1.);
#10545 = DIRECTION('',(0.664801247269,0.240913473324,0.707106781187));
#10546 = CONICAL_SURFACE('',#10547,4.9,0.785398163397);
#10547 = AXIS2_PLACEMENT_3D('',#10548,#10549,#10550);
#10548 = CARTESIAN_POINT('',(28.8,-36.78276411769,-9.6));
#10549 = DIRECTION('',(0.,0.,-1.));
#10550 = DIRECTION('',(1.,-1.45E-15,0.));
#10551 = ADVANCED_FACE('',(#10552),#10563,.T.);
#10552 = FACE_BOUND('',#10553,.T.);
#10553 = EDGE_LOOP('',(#10554,#10555,#10561,#10562));
#10554 = ORIENTED_EDGE('',*,*,#7750,.F.);
#10555 = ORIENTED_EDGE('',*,*,#10556,.T.);
#10556 = EDGE_CURVE('',#7718,#5471,#10557,.T.);
#10557 = LINE('',#10558,#10559);
#10558 = CARTESIAN_POINT('',(23.316666666667,-39.7257310504,-9.6));
#10559 = VECTOR('',#10560,1.);
#10560 = DIRECTION('',(-1.240538212607E-02,0.706997953671,
    -0.707106781187));
#10561 = ORIENTED_EDGE('',*,*,#5470,.T.);
#10562 = ORIENTED_EDGE('',*,*,#10541,.T.);
#10563 = CONICAL_SURFACE('',#10564,0.95,0.785398163397);
#10564 = AXIS2_PLACEMENT_3D('',#10565,#10566,#10567);
#10565 = CARTESIAN_POINT('',(23.3,-38.77587726049,-9.6));
#10566 = DIRECTION('',(0.,0.,1.));
#10567 = DIRECTION('',(1.,0.,-0.));
#10568 = ADVANCED_FACE('',(#10569),#10580,.F.);
#10569 = FACE_BOUND('',#10570,.F.);
#10570 = EDGE_LOOP('',(#10571,#10572,#10573,#10574));
#10571 = ORIENTED_EDGE('',*,*,#7725,.T.);
#10572 = ORIENTED_EDGE('',*,*,#10556,.T.);
#10573 = ORIENTED_EDGE('',*,*,#5479,.F.);
#10574 = ORIENTED_EDGE('',*,*,#10575,.T.);
#10575 = EDGE_CURVE('',#5480,#7726,#10576,.T.);
#10576 = LINE('',#10577,#10578);
#10577 = CARTESIAN_POINT('',(18.650731050408,-44.39166666666,-9.6));
#10578 = VECTOR('',#10579,1.);
#10579 = DIRECTION('',(0.706997953671,-1.240538212607E-02,0.707106781187
    ));
#10580 = CONICAL_SURFACE('',#10581,4.75,0.785398163397);
#10581 = AXIS2_PLACEMENT_3D('',#10582,#10583,#10584);
#10582 = CARTESIAN_POINT('',(23.4,-44.475,-9.6));
#10583 = DIRECTION('',(0.,0.,-1.));
#10584 = DIRECTION('',(1.,0.,0.));
#10585 = ADVANCED_FACE('',(#10586),#10603,.T.);
#10586 = FACE_BOUND('',#10587,.T.);
#10587 = EDGE_LOOP('',(#10588,#10595,#10601,#10602));
#10588 = ORIENTED_EDGE('',*,*,#10589,.F.);
#10589 = EDGE_CURVE('',#7583,#7726,#10590,.T.);
#10590 = CIRCLE('',#10591,2.85);
#10591 = AXIS2_PLACEMENT_3D('',#10592,#10593,#10594);
#10592 = CARTESIAN_POINT('',(17.70087726049,-44.375,-7.7));
#10593 = DIRECTION('',(0.,0.,1.));
#10594 = DIRECTION('',(1.,0.,-0.));
#10595 = ORIENTED_EDGE('',*,*,#10596,.T.);
#10596 = EDGE_CURVE('',#7583,#5489,#10597,.T.);
#10597 = LINE('',#10598,#10599);
#10598 = CARTESIAN_POINT('',(17.70087726049,-45.325,-9.6));
#10599 = VECTOR('',#10600,1.);
#10600 = DIRECTION('',(1.9E-16,0.707106781187,-0.707106781187));
#10601 = ORIENTED_EDGE('',*,*,#5488,.T.);
#10602 = ORIENTED_EDGE('',*,*,#10575,.T.);
#10603 = CONICAL_SURFACE('',#10604,0.95,0.785398163397);
#10604 = AXIS2_PLACEMENT_3D('',#10605,#10606,#10607);
#10605 = CARTESIAN_POINT('',(17.70087726049,-44.375,-9.6));
#10606 = DIRECTION('',(0.,0.,1.));
#10607 = DIRECTION('',(1.,0.,-0.));
#10608 = ADVANCED_FACE('',(#10609),#10620,.T.);
#10609 = FACE_BOUND('',#10610,.T.);
#10610 = EDGE_LOOP('',(#10611,#10612,#10618,#10619));
#10611 = ORIENTED_EDGE('',*,*,#7582,.F.);
#10612 = ORIENTED_EDGE('',*,*,#10613,.F.);
#10613 = EDGE_CURVE('',#5498,#7575,#10614,.T.);
#10614 = LINE('',#10615,#10616);
#10615 = CARTESIAN_POINT('',(-17.70087726049,-45.325,-9.6));
#10616 = VECTOR('',#10617,1.);
#10617 = DIRECTION('',(-1.3E-16,-0.707106781187,0.707106781187));
#10618 = ORIENTED_EDGE('',*,*,#5497,.T.);
#10619 = ORIENTED_EDGE('',*,*,#10596,.F.);
#10620 = PLANE('',#10621);
#10621 = AXIS2_PLACEMENT_3D('',#10622,#10623,#10624);
#10622 = CARTESIAN_POINT('',(17.70087726049,-45.325,-9.6));
#10623 = DIRECTION('',(0.,-0.707106781187,-0.707106781187));
#10624 = DIRECTION('',(1.9E-16,0.707106781187,-0.707106781187));
#10625 = ADVANCED_FACE('',(#10626),#10643,.T.);
#10626 = FACE_BOUND('',#10627,.T.);
#10627 = EDGE_LOOP('',(#10628,#10635,#10641,#10642));
#10628 = ORIENTED_EDGE('',*,*,#10629,.F.);
#10629 = EDGE_CURVE('',#7438,#7575,#10630,.T.);
#10630 = CIRCLE('',#10631,2.85);
#10631 = AXIS2_PLACEMENT_3D('',#10632,#10633,#10634);
#10632 = CARTESIAN_POINT('',(-17.70087726049,-44.375,-7.7));
#10633 = DIRECTION('',(0.,0.,1.));
#10634 = DIRECTION('',(1.,0.,-0.));
#10635 = ORIENTED_EDGE('',*,*,#10636,.T.);
#10636 = EDGE_CURVE('',#7438,#5506,#10637,.T.);
#10637 = LINE('',#10638,#10639);
#10638 = CARTESIAN_POINT('',(-18.6507310504,-44.39166666666,-9.6));
#10639 = VECTOR('',#10640,1.);
#10640 = DIRECTION('',(0.706997953671,1.240538212607E-02,-0.707106781187
    ));
#10641 = ORIENTED_EDGE('',*,*,#5505,.T.);
#10642 = ORIENTED_EDGE('',*,*,#10613,.T.);
#10643 = CONICAL_SURFACE('',#10644,0.95,0.785398163397);
#10644 = AXIS2_PLACEMENT_3D('',#10645,#10646,#10647);
#10645 = CARTESIAN_POINT('',(-17.70087726049,-44.375,-9.6));
#10646 = DIRECTION('',(0.,0.,1.));
#10647 = DIRECTION('',(1.,0.,-0.));
#10648 = ADVANCED_FACE('',(#10649),#10660,.F.);
#10649 = FACE_BOUND('',#10650,.F.);
#10650 = EDGE_LOOP('',(#10651,#10652,#10653,#10654));
#10651 = ORIENTED_EDGE('',*,*,#7445,.T.);
#10652 = ORIENTED_EDGE('',*,*,#10636,.T.);
#10653 = ORIENTED_EDGE('',*,*,#5514,.F.);
#10654 = ORIENTED_EDGE('',*,*,#10655,.T.);
#10655 = EDGE_CURVE('',#5515,#7414,#10656,.T.);
#10656 = LINE('',#10657,#10658);
#10657 = CARTESIAN_POINT('',(-23.31666666665,-39.7257310504,-9.6));
#10658 = VECTOR('',#10659,1.);
#10659 = DIRECTION('',(-1.24053821286E-02,-0.70699795367,0.707106781187)
  );
#10660 = CONICAL_SURFACE('',#10661,4.75,0.785398163397);
#10661 = AXIS2_PLACEMENT_3D('',#10662,#10663,#10664);
#10662 = CARTESIAN_POINT('',(-23.4,-44.475,-9.6));
#10663 = DIRECTION('',(0.,0.,-1.));
#10664 = DIRECTION('',(1.,0.,0.));
#10665 = ADVANCED_FACE('',(#10666),#10677,.T.);
#10666 = FACE_BOUND('',#10667,.T.);
#10667 = EDGE_LOOP('',(#10668,#10669,#10675,#10676));
#10668 = ORIENTED_EDGE('',*,*,#7413,.F.);
#10669 = ORIENTED_EDGE('',*,*,#10670,.T.);
#10670 = EDGE_CURVE('',#7388,#5524,#10671,.T.);
#10671 = LINE('',#10672,#10673);
#10672 = CARTESIAN_POINT('',(-24.07136752135,-38.22135751605,-9.6));
#10673 = VECTOR('',#10674,1.);
#10674 = DIRECTION('',(0.574146531735,-0.412741759574,-0.707106781187));
#10675 = ORIENTED_EDGE('',*,*,#5523,.T.);
#10676 = ORIENTED_EDGE('',*,*,#10655,.T.);
#10677 = CONICAL_SURFACE('',#10678,0.95,0.785398163397);
#10678 = AXIS2_PLACEMENT_3D('',#10679,#10680,#10681);
#10679 = CARTESIAN_POINT('',(-23.29999999998,-38.77587726049,-9.6));
#10680 = DIRECTION('',(0.,0.,1.));
#10681 = DIRECTION('',(1.,7.48E-15,-0.));
#10682 = ADVANCED_FACE('',(#10683),#10694,.F.);
#10683 = FACE_BOUND('',#10684,.F.);
#10684 = EDGE_LOOP('',(#10685,#10686,#10687,#10688));
#10685 = ORIENTED_EDGE('',*,*,#7395,.T.);
#10686 = ORIENTED_EDGE('',*,*,#10670,.T.);
#10687 = ORIENTED_EDGE('',*,*,#5532,.F.);
#10688 = ORIENTED_EDGE('',*,*,#10689,.F.);
#10689 = EDGE_CURVE('',#7365,#5533,#10690,.T.);
#10690 = LINE('',#10691,#10692);
#10691 = CARTESIAN_POINT('',(-23.15,-35.36120304472,-9.6));
#10692 = VECTOR('',#10693,1.);
#10693 = DIRECTION('',(0.707106781187,-1.E-16,-0.707106781187));
#10694 = CONICAL_SURFACE('',#10695,4.9,0.785398163397);
#10695 = AXIS2_PLACEMENT_3D('',#10696,#10697,#10698);
#10696 = CARTESIAN_POINT('',(-28.05,-35.36120304472,-9.6));
#10697 = DIRECTION('',(0.,0.,-1.));
#10698 = DIRECTION('',(1.,-1.45E-15,0.));
#10699 = ADVANCED_FACE('',(#10700),#10711,.T.);
#10700 = FACE_BOUND('',#10701,.T.);
#10701 = EDGE_LOOP('',(#10702,#10703,#10709,#10710));
#10702 = ORIENTED_EDGE('',*,*,#7364,.F.);
#10703 = ORIENTED_EDGE('',*,*,#10704,.T.);
#10704 = EDGE_CURVE('',#7339,#5542,#10705,.T.);
#10705 = LINE('',#10706,#10707);
#10706 = CARTESIAN_POINT('',(-23.15,-15.43896547426,-9.6));
#10707 = VECTOR('',#10708,1.);
#10708 = DIRECTION('',(0.707106781187,-3.4E-16,-0.707106781187));
#10709 = ORIENTED_EDGE('',*,*,#5541,.T.);
#10710 = ORIENTED_EDGE('',*,*,#10689,.F.);
#10711 = PLANE('',#10712);
#10712 = AXIS2_PLACEMENT_3D('',#10713,#10714,#10715);
#10713 = CARTESIAN_POINT('',(-23.15,-15.43896547426,-9.6));
#10714 = DIRECTION('',(-0.707106781187,-0.,-0.707106781187));
#10715 = DIRECTION('',(0.707106781187,-1.E-16,-0.707106781187));
#10716 = ADVANCED_FACE('',(#10717),#10728,.F.);
#10717 = FACE_BOUND('',#10718,.F.);
#10718 = EDGE_LOOP('',(#10719,#10720,#10721,#10722));
#10719 = ORIENTED_EDGE('',*,*,#7346,.T.);
#10720 = ORIENTED_EDGE('',*,*,#10704,.T.);
#10721 = ORIENTED_EDGE('',*,*,#5549,.F.);
#10722 = ORIENTED_EDGE('',*,*,#10723,.T.);
#10723 = EDGE_CURVE('',#5550,#7311,#10724,.T.);
#10724 = LINE('',#10725,#10726);
#10725 = CARTESIAN_POINT('',(-24.04833333333,-12.61112815771,-9.6));
#10726 = VECTOR('',#10727,1.);
#10727 = DIRECTION('',(-0.577470537969,-0.408078151556,0.707106781187));
#10728 = CONICAL_SURFACE('',#10729,4.9,0.785398163397);
#10729 = AXIS2_PLACEMENT_3D('',#10730,#10731,#10732);
#10730 = CARTESIAN_POINT('',(-28.05,-15.43896547426,-9.6));
#10731 = DIRECTION('',(0.,0.,-1.));
#10732 = DIRECTION('',(1.,-7.3E-16,0.));
#10733 = ADVANCED_FACE('',(#10734),#10740,.T.);
#10734 = FACE_BOUND('',#10735,.T.);
#10735 = EDGE_LOOP('',(#10736,#10737,#10738,#10739));
#10736 = ORIENTED_EDGE('',*,*,#7322,.F.);
#10737 = ORIENTED_EDGE('',*,*,#7280,.F.);
#10738 = ORIENTED_EDGE('',*,*,#5558,.T.);
#10739 = ORIENTED_EDGE('',*,*,#10723,.T.);
#10740 = CONICAL_SURFACE('',#10741,1.1,0.785398163397);
#10741 = AXIS2_PLACEMENT_3D('',#10742,#10743,#10744);
#10742 = CARTESIAN_POINT('',(-23.14999999999,-11.97630753563,-9.6));
#10743 = DIRECTION('',(0.,0.,1.));
#10744 = DIRECTION('',(1.,3.23E-15,-0.));
#10745 = ADVANCED_FACE('',(#10746),#10752,.T.);
#10746 = FACE_BOUND('',#10747,.T.);
#10747 = EDGE_LOOP('',(#10748,#10749,#10750,#10751));
#10748 = ORIENTED_EDGE('',*,*,#7184,.F.);
#10749 = ORIENTED_EDGE('',*,*,#7157,.T.);
#10750 = ORIENTED_EDGE('',*,*,#5596,.T.);
#10751 = ORIENTED_EDGE('',*,*,#7241,.T.);
#10752 = PLANE('',#10753);
#10753 = AXIS2_PLACEMENT_3D('',#10754,#10755,#10756);
#10754 = CARTESIAN_POINT('',(-17.9,24.808681747526,-9.6));
#10755 = DIRECTION('',(-0.780868809443,-0.,-0.624695047554));
#10756 = DIRECTION('',(0.624695047554,-1.7E-16,-0.780868809443));
#10757 = ADVANCED_FACE('',(#10758),#10769,.T.);
#10758 = FACE_BOUND('',#10759,.T.);
#10759 = EDGE_LOOP('',(#10760,#10761,#10767,#10768));
#10760 = ORIENTED_EDGE('',*,*,#7057,.F.);
#10761 = ORIENTED_EDGE('',*,*,#10762,.T.);
#10762 = EDGE_CURVE('',#7030,#5634,#10763,.T.);
#10763 = LINE('',#10764,#10765);
#10764 = CARTESIAN_POINT('',(-24.04833333333,17.878491652766,-9.6));
#10765 = VECTOR('',#10766,1.);
#10766 = DIRECTION('',(0.577470537969,-0.408078151556,-0.707106781187));
#10767 = ORIENTED_EDGE('',*,*,#5633,.T.);
#10768 = ORIENTED_EDGE('',*,*,#7082,.T.);
#10769 = CONICAL_SURFACE('',#10770,1.1,0.785398163397);
#10770 = AXIS2_PLACEMENT_3D('',#10771,#10772,#10773);
#10771 = CARTESIAN_POINT('',(-23.14999999999,17.243671030683,-9.6));
#10772 = DIRECTION('',(0.,0.,1.));
#10773 = DIRECTION('',(1.,1.8087E-13,-0.));
#10774 = ADVANCED_FACE('',(#10775),#10786,.F.);
#10775 = FACE_BOUND('',#10776,.F.);
#10776 = EDGE_LOOP('',(#10777,#10778,#10779,#10780));
#10777 = ORIENTED_EDGE('',*,*,#7037,.T.);
#10778 = ORIENTED_EDGE('',*,*,#10762,.T.);
#10779 = ORIENTED_EDGE('',*,*,#5642,.F.);
#10780 = ORIENTED_EDGE('',*,*,#10781,.F.);
#10781 = EDGE_CURVE('',#6717,#5643,#10782,.T.);
#10782 = LINE('',#10783,#10784);
#10783 = CARTESIAN_POINT('',(-23.15,20.706328969317,-9.599999999999));
#10784 = VECTOR('',#10785,1.);
#10785 = DIRECTION('',(0.707106781187,-7.31E-14,-0.707106781187));
#10786 = CONICAL_SURFACE('',#10787,4.9,0.785398163397);
#10787 = AXIS2_PLACEMENT_3D('',#10788,#10789,#10790);
#10788 = CARTESIAN_POINT('',(-28.05,20.706328969317,-9.6));
#10789 = DIRECTION('',(0.,0.,-1.));
#10790 = DIRECTION('',(1.,-4.06E-14,0.));
#10791 = ADVANCED_FACE('',(#10792),#10803,.T.);
#10792 = FACE_BOUND('',#10793,.T.);
#10793 = EDGE_LOOP('',(#10794,#10795,#10801,#10802));
#10794 = ORIENTED_EDGE('',*,*,#6716,.F.);
#10795 = ORIENTED_EDGE('',*,*,#10796,.F.);
#10796 = EDGE_CURVE('',#5652,#6692,#10797,.T.);
#10797 = LINE('',#10798,#10799);
#10798 = CARTESIAN_POINT('',(-23.15,38.902747313698,-9.6));
#10799 = VECTOR('',#10800,1.);
#10800 = DIRECTION('',(-0.707106781187,-1.4863E-13,0.707106781187));
#10801 = ORIENTED_EDGE('',*,*,#5651,.T.);
#10802 = ORIENTED_EDGE('',*,*,#10781,.F.);
#10803 = PLANE('',#10804);
#10804 = AXIS2_PLACEMENT_3D('',#10805,#10806,#10807);
#10805 = CARTESIAN_POINT('',(-23.15,38.902747313698,-9.6));
#10806 = DIRECTION('',(-0.707106781187,-0.,-0.707106781187));
#10807 = DIRECTION('',(0.707106781187,-7.31E-14,-0.707106781187));
#10808 = ADVANCED_FACE('',(#10809),#10820,.T.);
#10809 = FACE_BOUND('',#10810,.T.);
#10810 = EDGE_LOOP('',(#10811,#10812,#10818,#10819));
#10811 = ORIENTED_EDGE('',*,*,#6691,.F.);
#10812 = ORIENTED_EDGE('',*,*,#10813,.T.);
#10813 = EDGE_CURVE('',#6659,#5660,#10814,.T.);
#10814 = LINE('',#10815,#10816);
#10815 = CARTESIAN_POINT('',(-22.4,39.831456094748,-9.6));
#10816 = VECTOR('',#10817,1.);
#10817 = DIRECTION('',(0.148864585513,-0.691259238767,-0.707106781187));
#10818 = ORIENTED_EDGE('',*,*,#5659,.T.);
#10819 = ORIENTED_EDGE('',*,*,#10796,.T.);
#10820 = CONICAL_SURFACE('',#10821,0.95,0.785398163397);
#10821 = AXIS2_PLACEMENT_3D('',#10822,#10823,#10824);
#10822 = CARTESIAN_POINT('',(-22.2,38.902747313698,-9.6));
#10823 = DIRECTION('',(0.,0.,1.));
#10824 = DIRECTION('',(1.,2.0942E-13,-0.));
#10825 = ADVANCED_FACE('',(#10826),#10837,.F.);
#10826 = FACE_BOUND('',#10827,.F.);
#10827 = EDGE_LOOP('',(#10828,#10829,#10830,#10831));
#10828 = ORIENTED_EDGE('',*,*,#6666,.T.);
#10829 = ORIENTED_EDGE('',*,*,#10813,.T.);
#10830 = ORIENTED_EDGE('',*,*,#5668,.F.);
#10831 = ORIENTED_EDGE('',*,*,#10832,.T.);
#10832 = EDGE_CURVE('',#5669,#6667,#10833,.T.);
#10833 = LINE('',#10834,#10835);
#10834 = CARTESIAN_POINT('',(-18.6507310504,44.391666666666,-9.6));
#10835 = VECTOR('',#10836,1.);
#10836 = DIRECTION('',(-0.706997953671,1.240538212592E-02,0.707106781187
    ));
#10837 = CONICAL_SURFACE('',#10838,4.75,0.785398163397);
#10838 = AXIS2_PLACEMENT_3D('',#10839,#10840,#10841);
#10839 = CARTESIAN_POINT('',(-23.4,44.475,-9.6));
#10840 = DIRECTION('',(0.,0.,-1.));
#10841 = DIRECTION('',(1.,-4.188E-14,0.));
#10842 = ADVANCED_FACE('',(#10843),#10860,.T.);
#10843 = FACE_BOUND('',#10844,.T.);
#10844 = EDGE_LOOP('',(#10845,#10852,#10858,#10859));
#10845 = ORIENTED_EDGE('',*,*,#10846,.F.);
#10846 = EDGE_CURVE('',#6524,#6667,#10847,.T.);
#10847 = CIRCLE('',#10848,2.85);
#10848 = AXIS2_PLACEMENT_3D('',#10849,#10850,#10851);
#10849 = CARTESIAN_POINT('',(-17.70087726049,44.375,-7.7));
#10850 = DIRECTION('',(0.,0.,1.));
#10851 = DIRECTION('',(1.,0.,-0.));
#10852 = ORIENTED_EDGE('',*,*,#10853,.T.);
#10853 = EDGE_CURVE('',#6524,#5678,#10854,.T.);
#10854 = LINE('',#10855,#10856);
#10855 = CARTESIAN_POINT('',(-17.70087726049,45.325,-9.6));
#10856 = VECTOR('',#10857,1.);
#10857 = DIRECTION('',(-7.526E-14,-0.707106781187,-0.707106781187));
#10858 = ORIENTED_EDGE('',*,*,#5677,.T.);
#10859 = ORIENTED_EDGE('',*,*,#10832,.T.);
#10860 = CONICAL_SURFACE('',#10861,0.95,0.785398163397);
#10861 = AXIS2_PLACEMENT_3D('',#10862,#10863,#10864);
#10862 = CARTESIAN_POINT('',(-17.70087726049,44.375,-9.6));
#10863 = DIRECTION('',(0.,0.,1.));
#10864 = DIRECTION('',(1.,2.0942E-13,-0.));
#10865 = ADVANCED_FACE('',(#10866),#10872,.T.);
#10866 = FACE_BOUND('',#10867,.T.);
#10867 = EDGE_LOOP('',(#10868,#10869,#10870,#10871));
#10868 = ORIENTED_EDGE('',*,*,#6523,.F.);
#10869 = ORIENTED_EDGE('',*,*,#9385,.F.);
#10870 = ORIENTED_EDGE('',*,*,#5686,.T.);
#10871 = ORIENTED_EDGE('',*,*,#10853,.F.);
#10872 = PLANE('',#10873);
#10873 = AXIS2_PLACEMENT_3D('',#10874,#10875,#10876);
#10874 = CARTESIAN_POINT('',(-17.70087726049,45.325,-9.6));
#10875 = DIRECTION('',(0.,0.707106781187,-0.707106781187));
#10876 = DIRECTION('',(-7.526E-14,-0.707106781187,-0.707106781187));
#10877 = ADVANCED_FACE('',(#10878),#10904,.F.);
#10878 = FACE_BOUND('',#10879,.F.);
#10879 = EDGE_LOOP('',(#10880,#10891,#10897,#10898));
#10880 = ORIENTED_EDGE('',*,*,#10881,.T.);
#10881 = EDGE_CURVE('',#10882,#10884,#10886,.T.);
#10882 = VERTEX_POINT('',#10883);
#10883 = CARTESIAN_POINT('',(-7.095658002677,43.118114429907,-7.3));
#10884 = VERTEX_POINT('',#10885);
#10885 = CARTESIAN_POINT('',(-8.398274870396,46.425,-7.3));
#10886 = CIRCLE('',#10887,1.91);
#10887 = AXIS2_PLACEMENT_3D('',#10888,#10889,#10890);
#10888 = CARTESIAN_POINT('',(-8.398274870396,44.515,-7.3));
#10889 = DIRECTION('',(0.,-0.,1.));
#10890 = DIRECTION('',(1.,4.464E-14,0.));
#10891 = ORIENTED_EDGE('',*,*,#10892,.T.);
#10892 = EDGE_CURVE('',#10884,#5703,#10893,.T.);
#10893 = LINE('',#10894,#10895);
#10894 = CARTESIAN_POINT('',(-8.398274870396,46.425,-5.6));
#10895 = VECTOR('',#10896,1.);
#10896 = DIRECTION('',(0.,0.,1.));
#10897 = ORIENTED_EDGE('',*,*,#5700,.F.);
#10898 = ORIENTED_EDGE('',*,*,#10899,.T.);
#10899 = EDGE_CURVE('',#5701,#10882,#10900,.T.);
#10900 = LINE('',#10901,#10902);
#10901 = CARTESIAN_POINT('',(-7.095658002677,43.118114429907,-5.6));
#10902 = VECTOR('',#10903,1.);
#10903 = DIRECTION('',(1.6E-16,1.5E-16,-1.));
#10904 = CYLINDRICAL_SURFACE('',#10905,1.91);
#10905 = AXIS2_PLACEMENT_3D('',#10906,#10907,#10908);
#10906 = CARTESIAN_POINT('',(-8.398274870396,44.515,-5.6));
#10907 = DIRECTION('',(0.,0.,1.));
#10908 = DIRECTION('',(1.,4.464E-14,-0.));
#10909 = ADVANCED_FACE('',(#10910),#10926,.T.);
#10910 = FACE_BOUND('',#10911,.T.);
#10911 = EDGE_LOOP('',(#10912,#10919,#10924,#10925));
#10912 = ORIENTED_EDGE('',*,*,#10913,.F.);
#10913 = EDGE_CURVE('',#10914,#10882,#10916,.T.);
#10914 = VERTEX_POINT('',#10915);
#10915 = CARTESIAN_POINT('',(-8.803496509041,42.345925734696,
    -6.600000000001));
#10916 = B_SPLINE_CURVE_WITH_KNOTS('',1,(#10917,#10918),.UNSPECIFIED.,
  .F.,.F.,(2,2),(0.,1.77566543719),.PIECEWISE_BEZIER_KNOTS.);
#10917 = CARTESIAN_POINT('',(-8.803496509041,42.345925734696,
    -6.600000000001));
#10918 = CARTESIAN_POINT('',(-7.095658002677,43.118114429907,-7.3));
#10919 = ORIENTED_EDGE('',*,*,#10920,.T.);
#10920 = EDGE_CURVE('',#10914,#5733,#10921,.T.);
#10921 = B_SPLINE_CURVE_WITH_KNOTS('',1,(#10922,#10923),.UNSPECIFIED.,
  .F.,.F.,(2,2),(7.,8.),.PIECEWISE_BEZIER_KNOTS.);
#10922 = CARTESIAN_POINT('',(-8.803496509041,42.345925734696,
    -6.600000000001));
#10923 = CARTESIAN_POINT('',(-8.803496509041,42.345925734696,
    -6.300000000001));
#10924 = ORIENTED_EDGE('',*,*,#5732,.T.);
#10925 = ORIENTED_EDGE('',*,*,#10899,.T.);
#10926 = PLANE('',#10927);
#10927 = AXIS2_PLACEMENT_3D('',#10928,#10929,#10930);
#10928 = CARTESIAN_POINT('',(-7.949577255859,42.732020082301,-6.45));
#10929 = DIRECTION('',(-0.411988526899,0.911189032915,-4.84E-15));
#10930 = DIRECTION('',(-4.963704102563E-13,-2.191190926421E-13,1.));
#10931 = ADVANCED_FACE('',(#10932),#10951,.T.);
#10932 = FACE_BOUND('',#10933,.T.);
#10933 = EDGE_LOOP('',(#10934,#10943,#10949,#10950));
#10934 = ORIENTED_EDGE('',*,*,#10935,.F.);
#10935 = EDGE_CURVE('',#10936,#10914,#10938,.T.);
#10936 = VERTEX_POINT('',#10937);
#10937 = CARTESIAN_POINT('',(-6.825701264859,37.325,-6.600000000001));
#10938 = CIRCLE('',#10939,2.9);
#10939 = AXIS2_PLACEMENT_3D('',#10940,#10941,#10942);
#10940 = CARTESIAN_POINT('',(-6.825701264859,40.225,-6.600000000001));
#10941 = DIRECTION('',(0.,0.,-1.));
#10942 = DIRECTION('',(1.,0.,0.));
#10943 = ORIENTED_EDGE('',*,*,#10944,.T.);
#10944 = EDGE_CURVE('',#10936,#5755,#10945,.T.);
#10945 = LINE('',#10946,#10947);
#10946 = CARTESIAN_POINT('',(-6.825701264859,37.325,-6.300000000001));
#10947 = VECTOR('',#10948,1.);
#10948 = DIRECTION('',(2.E-16,5.E-17,1.));
#10949 = ORIENTED_EDGE('',*,*,#5754,.T.);
#10950 = ORIENTED_EDGE('',*,*,#10920,.F.);
#10951 = CYLINDRICAL_SURFACE('',#10952,2.9);
#10952 = AXIS2_PLACEMENT_3D('',#10953,#10954,#10955);
#10953 = CARTESIAN_POINT('',(-6.825701264859,40.225,-6.300000000001));
#10954 = DIRECTION('',(0.,0.,-1.));
#10955 = DIRECTION('',(1.,0.,0.));
#10956 = ADVANCED_FACE('',(#10957),#10975,.T.);
#10957 = FACE_BOUND('',#10958,.T.);
#10958 = EDGE_LOOP('',(#10959,#10967,#10973,#10974));
#10959 = ORIENTED_EDGE('',*,*,#10960,.F.);
#10960 = EDGE_CURVE('',#10961,#10936,#10963,.T.);
#10961 = VERTEX_POINT('',#10962);
#10962 = CARTESIAN_POINT('',(13.128303654953,37.325,-6.600000000001));
#10963 = LINE('',#10964,#10965);
#10964 = CARTESIAN_POINT('',(13.128303654953,37.325,-6.600000000001));
#10965 = VECTOR('',#10966,1.);
#10966 = DIRECTION('',(-1.,-7.7E-16,7.7E-16));
#10967 = ORIENTED_EDGE('',*,*,#10968,.F.);
#10968 = EDGE_CURVE('',#5780,#10961,#10969,.T.);
#10969 = LINE('',#10970,#10971);
#10970 = CARTESIAN_POINT('',(13.128303654953,37.325,-6.300000000001));
#10971 = VECTOR('',#10972,1.);
#10972 = DIRECTION('',(0.,0.,-1.));
#10973 = ORIENTED_EDGE('',*,*,#5779,.T.);
#10974 = ORIENTED_EDGE('',*,*,#10944,.F.);
#10975 = PLANE('',#10976);
#10976 = AXIS2_PLACEMENT_3D('',#10977,#10978,#10979);
#10977 = CARTESIAN_POINT('',(13.128303654953,37.325,-6.300000000001));
#10978 = DIRECTION('',(0.,-1.,5.E-17));
#10979 = DIRECTION('',(2.E-16,5.E-17,1.));
#10980 = ADVANCED_FACE('',(#10981),#11000,.T.);
#10981 = FACE_BOUND('',#10982,.T.);
#10982 = EDGE_LOOP('',(#10983,#10992,#10998,#10999));
#10983 = ORIENTED_EDGE('',*,*,#10984,.F.);
#10984 = EDGE_CURVE('',#10985,#10961,#10987,.T.);
#10985 = VERTEX_POINT('',#10986);
#10986 = CARTESIAN_POINT('',(15.106098899134,42.345925734696,
    -6.600000000001));
#10987 = CIRCLE('',#10988,2.9);
#10988 = AXIS2_PLACEMENT_3D('',#10989,#10990,#10991);
#10989 = CARTESIAN_POINT('',(13.128303654953,40.225,-6.600000000001));
#10990 = DIRECTION('',(0.,0.,-1.));
#10991 = DIRECTION('',(1.,0.,0.));
#10992 = ORIENTED_EDGE('',*,*,#10993,.F.);
#10993 = EDGE_CURVE('',#5804,#10985,#10994,.T.);
#10994 = LINE('',#10995,#10996);
#10995 = CARTESIAN_POINT('',(15.106098899134,42.345925734696,
    -6.300000000001));
#10996 = VECTOR('',#10997,1.);
#10997 = DIRECTION('',(1.8E-16,-1.E-16,-1.));
#10998 = ORIENTED_EDGE('',*,*,#5803,.T.);
#10999 = ORIENTED_EDGE('',*,*,#10968,.T.);
#11000 = CYLINDRICAL_SURFACE('',#11001,2.9);
#11001 = AXIS2_PLACEMENT_3D('',#11002,#11003,#11004);
#11002 = CARTESIAN_POINT('',(13.128303654953,40.225,-6.300000000001));
#11003 = DIRECTION('',(0.,0.,-1.));
#11004 = DIRECTION('',(1.,0.,0.));
#11005 = ADVANCED_FACE('',(#11006),#11022,.T.);
#11006 = FACE_BOUND('',#11007,.T.);
#11007 = EDGE_LOOP('',(#11008,#11015,#11020,#11021));
#11008 = ORIENTED_EDGE('',*,*,#11009,.F.);
#11009 = EDGE_CURVE('',#11010,#10985,#11012,.T.);
#11010 = VERTEX_POINT('',#11011);
#11011 = CARTESIAN_POINT('',(13.398260392771,43.118114429907,-7.3));
#11012 = B_SPLINE_CURVE_WITH_KNOTS('',1,(#11013,#11014),.UNSPECIFIED.,
  .F.,.F.,(2,2),(0.,1.77566543719),.PIECEWISE_BEZIER_KNOTS.);
#11013 = CARTESIAN_POINT('',(13.398260392771,43.118114429907,-7.3));
#11014 = CARTESIAN_POINT('',(15.106098899134,42.345925734696,
    -6.600000000001));
#11015 = ORIENTED_EDGE('',*,*,#11016,.T.);
#11016 = EDGE_CURVE('',#11010,#5829,#11017,.T.);
#11017 = B_SPLINE_CURVE_WITH_KNOTS('',1,(#11018,#11019),.UNSPECIFIED.,
  .F.,.F.,(2,2),(7.,8.),.PIECEWISE_BEZIER_KNOTS.);
#11018 = CARTESIAN_POINT('',(13.398260392771,43.118114429907,-7.3));
#11019 = CARTESIAN_POINT('',(13.398260392771,43.118114429907,-5.6));
#11020 = ORIENTED_EDGE('',*,*,#5828,.T.);
#11021 = ORIENTED_EDGE('',*,*,#10993,.T.);
#11022 = PLANE('',#11023);
#11023 = AXIS2_PLACEMENT_3D('',#11024,#11025,#11026);
#11024 = CARTESIAN_POINT('',(14.252179645953,42.732020082301,-6.45));
#11025 = DIRECTION('',(0.411988526899,0.911189032915,2.22E-15));
#11026 = DIRECTION('',(4.931292195905E-13,-2.254017260204E-13,1.));
#11027 = ADVANCED_FACE('',(#11028),#11047,.F.);
#11028 = FACE_BOUND('',#11029,.F.);
#11029 = EDGE_LOOP('',(#11030,#11039,#11040,#11041));
#11030 = ORIENTED_EDGE('',*,*,#11031,.T.);
#11031 = EDGE_CURVE('',#11032,#11010,#11034,.T.);
#11032 = VERTEX_POINT('',#11033);
#11033 = CARTESIAN_POINT('',(14.70087726049,46.425,-7.3));
#11034 = CIRCLE('',#11035,1.91);
#11035 = AXIS2_PLACEMENT_3D('',#11036,#11037,#11038);
#11036 = CARTESIAN_POINT('',(14.70087726049,44.515,-7.3));
#11037 = DIRECTION('',(0.,0.,1.));
#11038 = DIRECTION('',(1.,0.,-0.));
#11039 = ORIENTED_EDGE('',*,*,#11016,.T.);
#11040 = ORIENTED_EDGE('',*,*,#5850,.F.);
#11041 = ORIENTED_EDGE('',*,*,#11042,.F.);
#11042 = EDGE_CURVE('',#11032,#5851,#11043,.T.);
#11043 = LINE('',#11044,#11045);
#11044 = CARTESIAN_POINT('',(14.70087726049,46.425,-5.6));
#11045 = VECTOR('',#11046,1.);
#11046 = DIRECTION('',(3.E-17,-4.E-17,1.));
#11047 = CYLINDRICAL_SURFACE('',#11048,1.91);
#11048 = AXIS2_PLACEMENT_3D('',#11049,#11050,#11051);
#11049 = CARTESIAN_POINT('',(14.70087726049,44.515,-5.6));
#11050 = DIRECTION('',(0.,0.,1.));
#11051 = DIRECTION('',(1.,0.,-0.));
#11052 = ADVANCED_FACE('',(#11053),#11071,.T.);
#11053 = FACE_BOUND('',#11054,.T.);
#11054 = EDGE_LOOP('',(#11055,#11063,#11069,#11070));
#11055 = ORIENTED_EDGE('',*,*,#11056,.F.);
#11056 = EDGE_CURVE('',#11057,#11032,#11059,.T.);
#11057 = VERTEX_POINT('',#11058);
#11058 = CARTESIAN_POINT('',(17.70087726049,46.425,-7.3));
#11059 = LINE('',#11060,#11061);
#11060 = CARTESIAN_POINT('',(14.70087726049,46.425,-7.3));
#11061 = VECTOR('',#11062,1.);
#11062 = DIRECTION('',(-1.,3.9E-16,3.9E-16));
#11063 = ORIENTED_EDGE('',*,*,#11064,.T.);
#11064 = EDGE_CURVE('',#11057,#5876,#11065,.T.);
#11065 = LINE('',#11066,#11067);
#11066 = CARTESIAN_POINT('',(17.70087726049,46.425,-5.6));
#11067 = VECTOR('',#11068,1.);
#11068 = DIRECTION('',(0.,0.,1.));
#11069 = ORIENTED_EDGE('',*,*,#5875,.T.);
#11070 = ORIENTED_EDGE('',*,*,#11042,.F.);
#11071 = PLANE('',#11072);
#11072 = AXIS2_PLACEMENT_3D('',#11073,#11074,#11075);
#11073 = CARTESIAN_POINT('',(14.70087726049,46.425,-5.6));
#11074 = DIRECTION('',(-0.,-1.,-4.E-17));
#11075 = DIRECTION('',(3.E-17,-4.E-17,1.));
#11076 = ADVANCED_FACE('',(#11077),#11096,.F.);
#11077 = FACE_BOUND('',#11078,.F.);
#11078 = EDGE_LOOP('',(#11079,#11088,#11089,#11090));
#11079 = ORIENTED_EDGE('',*,*,#11080,.T.);
#11080 = EDGE_CURVE('',#11081,#11057,#11083,.T.);
#11081 = VERTEX_POINT('',#11082);
#11082 = CARTESIAN_POINT('',(19.750561754524,44.410964912281,-7.3));
#11083 = CIRCLE('',#11084,2.05);
#11084 = AXIS2_PLACEMENT_3D('',#11085,#11086,#11087);
#11085 = CARTESIAN_POINT('',(17.70087726049,44.375,-7.3));
#11086 = DIRECTION('',(0.,0.,1.));
#11087 = DIRECTION('',(1.,0.,-0.));
#11088 = ORIENTED_EDGE('',*,*,#11064,.T.);
#11089 = ORIENTED_EDGE('',*,*,#5899,.F.);
#11090 = ORIENTED_EDGE('',*,*,#11091,.T.);
#11091 = EDGE_CURVE('',#5900,#11081,#11092,.T.);
#11092 = LINE('',#11093,#11094);
#11093 = CARTESIAN_POINT('',(19.750561754524,44.410964912281,-5.6));
#11094 = VECTOR('',#11095,1.);
#11095 = DIRECTION('',(0.,0.,-1.));
#11096 = CYLINDRICAL_SURFACE('',#11097,2.05);
#11097 = AXIS2_PLACEMENT_3D('',#11098,#11099,#11100);
#11098 = CARTESIAN_POINT('',(17.70087726049,44.375,-5.6));
#11099 = DIRECTION('',(0.,0.,1.));
#11100 = DIRECTION('',(1.,0.,-0.));
#11101 = ADVANCED_FACE('',(#11102),#11121,.T.);
#11102 = FACE_BOUND('',#11103,.T.);
#11103 = EDGE_LOOP('',(#11104,#11113,#11119,#11120));
#11104 = ORIENTED_EDGE('',*,*,#11105,.F.);
#11105 = EDGE_CURVE('',#11106,#11081,#11108,.T.);
#11106 = VERTEX_POINT('',#11107);
#11107 = CARTESIAN_POINT('',(23.111842105263,40.836392432853,-7.3));
#11108 = CIRCLE('',#11109,3.65);
#11109 = AXIS2_PLACEMENT_3D('',#11110,#11111,#11112);
#11110 = CARTESIAN_POINT('',(23.4,44.475,-7.3));
#11111 = DIRECTION('',(0.,0.,-1.));
#11112 = DIRECTION('',(1.,0.,0.));
#11113 = ORIENTED_EDGE('',*,*,#11114,.T.);
#11114 = EDGE_CURVE('',#11106,#5925,#11115,.T.);
#11115 = LINE('',#11116,#11117);
#11116 = CARTESIAN_POINT('',(23.111842105263,40.836392432853,-5.6));
#11117 = VECTOR('',#11118,1.);
#11118 = DIRECTION('',(0.,0.,1.));
#11119 = ORIENTED_EDGE('',*,*,#5924,.T.);
#11120 = ORIENTED_EDGE('',*,*,#11091,.T.);
#11121 = CYLINDRICAL_SURFACE('',#11122,3.65);
#11122 = AXIS2_PLACEMENT_3D('',#11123,#11124,#11125);
#11123 = CARTESIAN_POINT('',(23.4,44.475,-5.6));
#11124 = DIRECTION('',(0.,0.,-1.));
#11125 = DIRECTION('',(1.,0.,0.));
#11126 = ADVANCED_FACE('',(#11127),#11146,.F.);
#11127 = FACE_BOUND('',#11128,.F.);
#11128 = EDGE_LOOP('',(#11129,#11138,#11139,#11140));
#11129 = ORIENTED_EDGE('',*,*,#11130,.T.);
#11130 = EDGE_CURVE('',#11131,#11106,#11133,.T.);
#11131 = VERTEX_POINT('',#11132);
#11132 = CARTESIAN_POINT('',(25.,38.792790922537,-7.3));
#11133 = CIRCLE('',#11134,2.05);
#11134 = AXIS2_PLACEMENT_3D('',#11135,#11136,#11137);
#11135 = CARTESIAN_POINT('',(22.95,38.792790922537,-7.3));
#11136 = DIRECTION('',(0.,0.,1.));
#11137 = DIRECTION('',(1.,0.,-0.));
#11138 = ORIENTED_EDGE('',*,*,#11114,.T.);
#11139 = ORIENTED_EDGE('',*,*,#5949,.F.);
#11140 = ORIENTED_EDGE('',*,*,#11141,.F.);
#11141 = EDGE_CURVE('',#11131,#5950,#11142,.T.);
#11142 = LINE('',#11143,#11144);
#11143 = CARTESIAN_POINT('',(25.,38.792790922537,-5.6));
#11144 = VECTOR('',#11145,1.);
#11145 = DIRECTION('',(-4.E-17,-3.E-17,1.));
#11146 = CYLINDRICAL_SURFACE('',#11147,2.05);
#11147 = AXIS2_PLACEMENT_3D('',#11148,#11149,#11150);
#11148 = CARTESIAN_POINT('',(22.95,38.792790922537,-5.6));
#11149 = DIRECTION('',(0.,0.,1.));
#11150 = DIRECTION('',(1.,0.,-0.));
#11151 = ADVANCED_FACE('',(#11152),#11170,.T.);
#11152 = FACE_BOUND('',#11153,.T.);
#11153 = EDGE_LOOP('',(#11154,#11162,#11168,#11169));
#11154 = ORIENTED_EDGE('',*,*,#11155,.F.);
#11155 = EDGE_CURVE('',#11156,#11131,#11158,.T.);
#11156 = VERTEX_POINT('',#11157);
#11157 = CARTESIAN_POINT('',(25.,13.888942890051,-7.3));
#11158 = LINE('',#11159,#11160);
#11159 = CARTESIAN_POINT('',(25.,38.792790922537,-7.3));
#11160 = VECTOR('',#11161,1.);
#11161 = DIRECTION('',(4.E-16,1.,4.E-16));
#11162 = ORIENTED_EDGE('',*,*,#11163,.F.);
#11163 = EDGE_CURVE('',#5975,#11156,#11164,.T.);
#11164 = LINE('',#11165,#11166);
#11165 = CARTESIAN_POINT('',(25.,13.888942890051,-5.6));
#11166 = VECTOR('',#11167,1.);
#11167 = DIRECTION('',(0.,0.,-1.));
#11168 = ORIENTED_EDGE('',*,*,#5974,.T.);
#11169 = ORIENTED_EDGE('',*,*,#11141,.F.);
#11170 = PLANE('',#11171);
#11171 = AXIS2_PLACEMENT_3D('',#11172,#11173,#11174);
#11172 = CARTESIAN_POINT('',(25.,38.792790922537,-5.6));
#11173 = DIRECTION('',(-1.,0.,-4.E-17));
#11174 = DIRECTION('',(-4.E-17,-3.E-17,1.));
#11175 = ADVANCED_FACE('',(#11176),#11195,.T.);
#11176 = FACE_BOUND('',#11177,.T.);
#11177 = EDGE_LOOP('',(#11178,#11187,#11193,#11194));
#11178 = ORIENTED_EDGE('',*,*,#11179,.F.);
#11179 = EDGE_CURVE('',#11180,#11156,#11182,.T.);
#11180 = VERTEX_POINT('',#11181);
#11181 = CARTESIAN_POINT('',(25.221666666667,12.610064257985,-7.3));
#11182 = CIRCLE('',#11183,3.8);
#11183 = AXIS2_PLACEMENT_3D('',#11184,#11185,#11186);
#11184 = CARTESIAN_POINT('',(28.8,13.888942890051,-7.3));
#11185 = DIRECTION('',(0.,0.,-1.));
#11186 = DIRECTION('',(1.,0.,0.));
#11187 = ORIENTED_EDGE('',*,*,#11188,.T.);
#11188 = EDGE_CURVE('',#11180,#5999,#11189,.T.);
#11189 = LINE('',#11190,#11191);
#11190 = CARTESIAN_POINT('',(25.221666666667,12.610064257985,-5.6));
#11191 = VECTOR('',#11192,1.);
#11192 = DIRECTION('',(0.,0.,1.));
#11193 = ORIENTED_EDGE('',*,*,#5998,.T.);
#11194 = ORIENTED_EDGE('',*,*,#11163,.T.);
#11195 = CYLINDRICAL_SURFACE('',#11196,3.8);
#11196 = AXIS2_PLACEMENT_3D('',#11197,#11198,#11199);
#11197 = CARTESIAN_POINT('',(28.8,13.888942890051,-5.6));
#11198 = DIRECTION('',(0.,0.,-1.));
#11199 = DIRECTION('',(1.,0.,0.));
#11200 = ADVANCED_FACE('',(#11201),#11220,.F.);
#11201 = FACE_BOUND('',#11202,.F.);
#11202 = EDGE_LOOP('',(#11203,#11212,#11213,#11214));
#11203 = ORIENTED_EDGE('',*,*,#11204,.T.);
#11204 = EDGE_CURVE('',#11205,#11180,#11207,.T.);
#11205 = VERTEX_POINT('',#11206);
#11206 = CARTESIAN_POINT('',(25.221666666667,11.129257420855,-7.3));
#11207 = CIRCLE('',#11208,2.2);
#11208 = AXIS2_PLACEMENT_3D('',#11209,#11210,#11211);
#11209 = CARTESIAN_POINT('',(23.15,11.86966083942,-7.3));
#11210 = DIRECTION('',(0.,0.,1.));
#11211 = DIRECTION('',(1.,0.,-0.));
#11212 = ORIENTED_EDGE('',*,*,#11188,.T.);
#11213 = ORIENTED_EDGE('',*,*,#6023,.F.);
#11214 = ORIENTED_EDGE('',*,*,#11215,.T.);
#11215 = EDGE_CURVE('',#6024,#11205,#11216,.T.);
#11216 = LINE('',#11217,#11218);
#11217 = CARTESIAN_POINT('',(25.221666666667,11.129257420855,-5.6));
#11218 = VECTOR('',#11219,1.);
#11219 = DIRECTION('',(0.,0.,-1.));
#11220 = CYLINDRICAL_SURFACE('',#11221,2.2);
#11221 = AXIS2_PLACEMENT_3D('',#11222,#11223,#11224);
#11222 = CARTESIAN_POINT('',(23.15,11.86966083942,-5.6));
#11223 = DIRECTION('',(0.,0.,1.));
#11224 = DIRECTION('',(1.,0.,-0.));
#11225 = ADVANCED_FACE('',(#11226),#11245,.T.);
#11226 = FACE_BOUND('',#11227,.T.);
#11227 = EDGE_LOOP('',(#11228,#11237,#11243,#11244));
#11228 = ORIENTED_EDGE('',*,*,#11229,.F.);
#11229 = EDGE_CURVE('',#11230,#11205,#11232,.T.);
#11230 = VERTEX_POINT('',#11231);
#11231 = CARTESIAN_POINT('',(25.,9.850378788789,-7.3));
#11232 = CIRCLE('',#11233,3.8);
#11233 = AXIS2_PLACEMENT_3D('',#11234,#11235,#11236);
#11234 = CARTESIAN_POINT('',(28.8,9.850378788789,-7.3));
#11235 = DIRECTION('',(0.,0.,-1.));
#11236 = DIRECTION('',(1.,0.,0.));
#11237 = ORIENTED_EDGE('',*,*,#11238,.T.);
#11238 = EDGE_CURVE('',#11230,#6049,#11239,.T.);
#11239 = LINE('',#11240,#11241);
#11240 = CARTESIAN_POINT('',(25.,9.850378788789,-5.6));
#11241 = VECTOR('',#11242,1.);
#11242 = DIRECTION('',(-4.E-17,-3.E-17,1.));
#11243 = ORIENTED_EDGE('',*,*,#6048,.T.);
#11244 = ORIENTED_EDGE('',*,*,#11215,.T.);
#11245 = CYLINDRICAL_SURFACE('',#11246,3.8);
#11246 = AXIS2_PLACEMENT_3D('',#11247,#11248,#11249);
#11247 = CARTESIAN_POINT('',(28.8,9.850378788789,-5.6));
#11248 = DIRECTION('',(0.,0.,-1.));
#11249 = DIRECTION('',(1.,0.,0.));
#11250 = ADVANCED_FACE('',(#11251),#11262,.T.);
#11251 = FACE_BOUND('',#11252,.T.);
#11252 = EDGE_LOOP('',(#11253,#11259,#11260,#11261));
#11253 = ORIENTED_EDGE('',*,*,#11254,.F.);
#11254 = EDGE_CURVE('',#6109,#11230,#11255,.T.);
#11255 = LINE('',#11256,#11257);
#11256 = CARTESIAN_POINT('',(25.,9.850378788789,-7.3));
#11257 = VECTOR('',#11258,1.);
#11258 = DIRECTION('',(3.5E-16,1.,3.5E-16));
#11259 = ORIENTED_EDGE('',*,*,#6116,.F.);
#11260 = ORIENTED_EDGE('',*,*,#6073,.T.);
#11261 = ORIENTED_EDGE('',*,*,#11238,.F.);
#11262 = PLANE('',#11263);
#11263 = AXIS2_PLACEMENT_3D('',#11264,#11265,#11266);
#11264 = CARTESIAN_POINT('',(25.,9.850378788789,-5.6));
#11265 = DIRECTION('',(-1.,0.,-4.E-17));
#11266 = DIRECTION('',(-4.E-17,-3.E-17,1.));
#11267 = ADVANCED_FACE('',(#11268),#11279,.T.);
#11268 = FACE_BOUND('',#11269,.T.);
#11269 = EDGE_LOOP('',(#11270,#11271,#11272,#11273));
#11270 = ORIENTED_EDGE('',*,*,#9578,.F.);
#11271 = ORIENTED_EDGE('',*,*,#6108,.F.);
#11272 = ORIENTED_EDGE('',*,*,#11254,.T.);
#11273 = ORIENTED_EDGE('',*,*,#11274,.F.);
#11274 = EDGE_CURVE('',#9579,#11230,#11275,.T.);
#11275 = LINE('',#11276,#11277);
#11276 = CARTESIAN_POINT('',(25.,9.850378788789,-7.3));
#11277 = VECTOR('',#11278,1.);
#11278 = DIRECTION('',(0.707106781187,-5.E-16,0.707106781187));
#11279 = PLANE('',#11280);
#11280 = AXIS2_PLACEMENT_3D('',#11281,#11282,#11283);
#11281 = CARTESIAN_POINT('',(25.,9.850378788789,-7.3));
#11282 = DIRECTION('',(-0.707106781187,0.,0.707106781187));
#11283 = DIRECTION('',(0.707106781187,-5.E-16,0.707106781187));
#11284 = ADVANCED_FACE('',(#11285),#11297,.T.);
#11285 = FACE_BOUND('',#11286,.T.);
#11286 = EDGE_LOOP('',(#11287,#11294,#11295,#11296));
#11287 = ORIENTED_EDGE('',*,*,#11288,.F.);
#11288 = EDGE_CURVE('',#1776,#1840,#11289,.T.);
#11289 = CIRCLE('',#11290,2.85);
#11290 = AXIS2_PLACEMENT_3D('',#11291,#11292,#11293);
#11291 = CARTESIAN_POINT('',(22.95,38.792790922537,-5.2));
#11292 = DIRECTION('',(0.,-0.,1.));
#11293 = DIRECTION('',(1.,7.48E-15,0.));
#11294 = ORIENTED_EDGE('',*,*,#6256,.T.);
#11295 = ORIENTED_EDGE('',*,*,#9450,.T.);
#11296 = ORIENTED_EDGE('',*,*,#6400,.T.);
#11297 = CYLINDRICAL_SURFACE('',#11298,2.85);
#11298 = AXIS2_PLACEMENT_3D('',#11299,#11300,#11301);
#11299 = CARTESIAN_POINT('',(22.95,38.792790922537,-5.2));
#11300 = DIRECTION('',(0.,0.,1.));
#11301 = DIRECTION('',(1.,2.49E-15,-0.));
#11302 = ADVANCED_FACE('',(#11303),#11315,.T.);
#11303 = FACE_BOUND('',#11304,.T.);
#11304 = EDGE_LOOP('',(#11305,#11306,#11307,#11314));
#11305 = ORIENTED_EDGE('',*,*,#11288,.T.);
#11306 = ORIENTED_EDGE('',*,*,#6342,.T.);
#11307 = ORIENTED_EDGE('',*,*,#11308,.F.);
#11308 = EDGE_CURVE('',#6271,#6343,#11309,.T.);
#11309 = CIRCLE('',#11310,2.95);
#11310 = AXIS2_PLACEMENT_3D('',#11311,#11312,#11313);
#11311 = CARTESIAN_POINT('',(22.95,38.792790922537,-1.7));
#11312 = DIRECTION('',(0.,0.,1.));
#11313 = DIRECTION('',(1.,0.,-0.));
#11314 = ORIENTED_EDGE('',*,*,#6270,.F.);
#11315 = CONICAL_SURFACE('',#11316,2.85,2.856365783876E-02);
#11316 = AXIS2_PLACEMENT_3D('',#11317,#11318,#11319);
#11317 = CARTESIAN_POINT('',(22.95,38.792790922537,-5.2));
#11318 = DIRECTION('',(0.,0.,1.));
#11319 = DIRECTION('',(1.,0.,-0.));
#11320 = ADVANCED_FACE('',(#11321),#11333,.T.);
#11321 = FACE_BOUND('',#11322,.T.);
#11322 = EDGE_LOOP('',(#11323,#11324,#11325,#11332));
#11323 = ORIENTED_EDGE('',*,*,#11308,.T.);
#11324 = ORIENTED_EDGE('',*,*,#6350,.T.);
#11325 = ORIENTED_EDGE('',*,*,#11326,.F.);
#11326 = EDGE_CURVE('',#6279,#6351,#11327,.T.);
#11327 = CIRCLE('',#11328,2.5);
#11328 = AXIS2_PLACEMENT_3D('',#11329,#11330,#11331);
#11329 = CARTESIAN_POINT('',(22.95,38.792790922537,-1.7));
#11330 = DIRECTION('',(0.,-0.,1.));
#11331 = DIRECTION('',(1.,2.84E-15,0.));
#11332 = ORIENTED_EDGE('',*,*,#6278,.F.);
#11333 = PLANE('',#11334);
#11334 = AXIS2_PLACEMENT_3D('',#11335,#11336,#11337);
#11335 = CARTESIAN_POINT('',(24.951481770168,40.642032854704,-1.7));
#11336 = DIRECTION('',(0.,0.,1.));
#11337 = DIRECTION('',(-0.678620892538,0.734488722998,0.));
#11338 = ADVANCED_FACE('',(#11339),#11351,.F.);
#11339 = FACE_BOUND('',#11340,.F.);
#11340 = EDGE_LOOP('',(#11341,#11342,#11343,#11350));
#11341 = ORIENTED_EDGE('',*,*,#11326,.F.);
#11342 = ORIENTED_EDGE('',*,*,#6286,.T.);
#11343 = ORIENTED_EDGE('',*,*,#11344,.T.);
#11344 = EDGE_CURVE('',#6287,#6359,#11345,.T.);
#11345 = CIRCLE('',#11346,2.05);
#11346 = AXIS2_PLACEMENT_3D('',#11347,#11348,#11349);
#11347 = CARTESIAN_POINT('',(22.95,38.792790922537,-2.15));
#11348 = DIRECTION('',(0.,-0.,1.));
#11349 = DIRECTION('',(1.,2.84E-15,0.));
#11350 = ORIENTED_EDGE('',*,*,#6358,.F.);
#11351 = CONICAL_SURFACE('',#11352,2.5,0.785398163397);
#11352 = AXIS2_PLACEMENT_3D('',#11353,#11354,#11355);
#11353 = CARTESIAN_POINT('',(22.95,38.792790922537,-1.7));
#11354 = DIRECTION('',(0.,0.,1.));
#11355 = DIRECTION('',(1.,2.84E-15,-0.));
#11356 = ADVANCED_FACE('',(#11357),#11363,.F.);
#11357 = FACE_BOUND('',#11358,.F.);
#11358 = EDGE_LOOP('',(#11359,#11360,#11361,#11362));
#11359 = ORIENTED_EDGE('',*,*,#11344,.F.);
#11360 = ORIENTED_EDGE('',*,*,#6294,.T.);
#11361 = ORIENTED_EDGE('',*,*,#6317,.T.);
#11362 = ORIENTED_EDGE('',*,*,#6366,.F.);
#11363 = CYLINDRICAL_SURFACE('',#11364,2.05);
#11364 = AXIS2_PLACEMENT_3D('',#11365,#11366,#11367);
#11365 = CARTESIAN_POINT('',(22.95,38.792790922537,-2.15));
#11366 = DIRECTION('',(0.,0.,1.));
#11367 = DIRECTION('',(1.,1.04E-14,-0.));
#11368 = ADVANCED_FACE('',(#11369),#11381,.T.);
#11369 = FACE_BOUND('',#11370,.T.);
#11370 = EDGE_LOOP('',(#11371,#11378,#11379,#11380));
#11371 = ORIENTED_EDGE('',*,*,#11372,.F.);
#11372 = EDGE_CURVE('',#2018,#2082,#11373,.T.);
#11373 = CIRCLE('',#11374,2.85);
#11374 = AXIS2_PLACEMENT_3D('',#11375,#11376,#11377);
#11375 = CARTESIAN_POINT('',(-17.70087726049,44.375,-5.2));
#11376 = DIRECTION('',(0.,-0.,1.));
#11377 = DIRECTION('',(1.,2.0942E-13,0.));
#11378 = ORIENTED_EDGE('',*,*,#6531,.T.);
#11379 = ORIENTED_EDGE('',*,*,#10846,.T.);
#11380 = ORIENTED_EDGE('',*,*,#6675,.T.);
#11381 = CYLINDRICAL_SURFACE('',#11382,2.85);
#11382 = AXIS2_PLACEMENT_3D('',#11383,#11384,#11385);
#11383 = CARTESIAN_POINT('',(-17.70087726049,44.375,-5.2));
#11384 = DIRECTION('',(0.,0.,1.));
#11385 = DIRECTION('',(1.,0.,-0.));
#11386 = ADVANCED_FACE('',(#11387),#11399,.T.);
#11387 = FACE_BOUND('',#11388,.T.);
#11388 = EDGE_LOOP('',(#11389,#11390,#11391,#11398));
#11389 = ORIENTED_EDGE('',*,*,#11372,.T.);
#11390 = ORIENTED_EDGE('',*,*,#6617,.T.);
#11391 = ORIENTED_EDGE('',*,*,#11392,.F.);
#11392 = EDGE_CURVE('',#6546,#6618,#11393,.T.);
#11393 = CIRCLE('',#11394,2.95);
#11394 = AXIS2_PLACEMENT_3D('',#11395,#11396,#11397);
#11395 = CARTESIAN_POINT('',(-17.70087726049,44.375,-1.7));
#11396 = DIRECTION('',(0.,0.,1.));
#11397 = DIRECTION('',(1.,0.,-0.));
#11398 = ORIENTED_EDGE('',*,*,#6545,.F.);
#11399 = CONICAL_SURFACE('',#11400,2.85,2.856365783876E-02);
#11400 = AXIS2_PLACEMENT_3D('',#11401,#11402,#11403);
#11401 = CARTESIAN_POINT('',(-17.70087726049,44.375,-5.2));
#11402 = DIRECTION('',(0.,0.,1.));
#11403 = DIRECTION('',(1.,0.,-0.));
#11404 = ADVANCED_FACE('',(#11405),#11417,.T.);
#11405 = FACE_BOUND('',#11406,.T.);
#11406 = EDGE_LOOP('',(#11407,#11408,#11409,#11416));
#11407 = ORIENTED_EDGE('',*,*,#11392,.T.);
#11408 = ORIENTED_EDGE('',*,*,#6625,.T.);
#11409 = ORIENTED_EDGE('',*,*,#11410,.F.);
#11410 = EDGE_CURVE('',#6554,#6626,#11411,.T.);
#11411 = CIRCLE('',#11412,2.5);
#11412 = AXIS2_PLACEMENT_3D('',#11413,#11414,#11415);
#11413 = CARTESIAN_POINT('',(-17.70087726049,44.375,-1.7));
#11414 = DIRECTION('',(0.,0.,1.));
#11415 = DIRECTION('',(1.,0.,-0.));
#11416 = ORIENTED_EDGE('',*,*,#6553,.F.);
#11417 = PLANE('',#11418);
#11418 = AXIS2_PLACEMENT_3D('',#11419,#11420,#11421);
#11419 = CARTESIAN_POINT('',(-19.61076611552,46.318694822086,-1.7));
#11420 = DIRECTION('',(0.,0.,1.));
#11421 = DIRECTION('',(-0.713282503518,-0.70087664405,0.));
#11422 = ADVANCED_FACE('',(#11423),#11435,.F.);
#11423 = FACE_BOUND('',#11424,.F.);
#11424 = EDGE_LOOP('',(#11425,#11426,#11427,#11434));
#11425 = ORIENTED_EDGE('',*,*,#11410,.F.);
#11426 = ORIENTED_EDGE('',*,*,#6561,.T.);
#11427 = ORIENTED_EDGE('',*,*,#11428,.T.);
#11428 = EDGE_CURVE('',#6562,#6634,#11429,.T.);
#11429 = CIRCLE('',#11430,2.05);
#11430 = AXIS2_PLACEMENT_3D('',#11431,#11432,#11433);
#11431 = CARTESIAN_POINT('',(-17.70087726049,44.375,-2.15));
#11432 = DIRECTION('',(0.,0.,1.));
#11433 = DIRECTION('',(1.,0.,-0.));
#11434 = ORIENTED_EDGE('',*,*,#6633,.F.);
#11435 = CONICAL_SURFACE('',#11436,2.5,0.785398163397);
#11436 = AXIS2_PLACEMENT_3D('',#11437,#11438,#11439);
#11437 = CARTESIAN_POINT('',(-17.70087726049,44.375,-1.7));
#11438 = DIRECTION('',(0.,0.,1.));
#11439 = DIRECTION('',(1.,0.,-0.));
#11440 = ADVANCED_FACE('',(#11441),#11447,.F.);
#11441 = FACE_BOUND('',#11442,.F.);
#11442 = EDGE_LOOP('',(#11443,#11444,#11445,#11446));
#11443 = ORIENTED_EDGE('',*,*,#11428,.F.);
#11444 = ORIENTED_EDGE('',*,*,#6569,.T.);
#11445 = ORIENTED_EDGE('',*,*,#6592,.T.);
#11446 = ORIENTED_EDGE('',*,*,#6641,.F.);
#11447 = CYLINDRICAL_SURFACE('',#11448,2.05);
#11448 = AXIS2_PLACEMENT_3D('',#11449,#11450,#11451);
#11449 = CARTESIAN_POINT('',(-17.70087726049,44.375,-2.15));
#11450 = DIRECTION('',(0.,0.,1.));
#11451 = DIRECTION('',(1.,0.,-0.));
#11452 = ADVANCED_FACE('',(#11453),#11473,.T.);
#11453 = FACE_BOUND('',#11454,.T.);
#11454 = EDGE_LOOP('',(#11455,#11456,#11464,#11471,#11472));
#11455 = ORIENTED_EDGE('',*,*,#6784,.T.);
#11456 = ORIENTED_EDGE('',*,*,#11457,.T.);
#11457 = EDGE_CURVE('',#6785,#11458,#11460,.T.);
#11458 = VERTEX_POINT('',#11459);
#11459 = CARTESIAN_POINT('',(-27.2,27.338942890051,-4.9));
#11460 = LINE('',#11461,#11462);
#11461 = CARTESIAN_POINT('',(-27.2,25.,-4.9));
#11462 = VECTOR('',#11463,1.);
#11463 = DIRECTION('',(0.,1.,2.2E-16));
#11464 = ORIENTED_EDGE('',*,*,#11465,.T.);
#11465 = EDGE_CURVE('',#11458,#6882,#11466,.T.);
#11466 = ELLIPSE('',#11467,2.319471718647,1.9);
#11467 = AXIS2_PLACEMENT_3D('',#11468,#11469,#11470);
#11468 = CARTESIAN_POINT('',(-25.3,27.338942890051,-6.230394322598));
#11469 = DIRECTION('',(-0.573576436351,1.8E-16,-0.819152044289));
#11470 = DIRECTION('',(0.819152044289,-2.6E-16,-0.573576436351));
#11471 = ORIENTED_EDGE('',*,*,#6881,.T.);
#11472 = ORIENTED_EDGE('',*,*,#6739,.F.);
#11473 = PLANE('',#11474);
#11474 = AXIS2_PLACEMENT_3D('',#11475,#11476,#11477);
#11475 = CARTESIAN_POINT('',(-27.2,25.,-4.9));
#11476 = DIRECTION('',(-0.573576436351,1.8E-16,-0.819152044289));
#11477 = DIRECTION('',(0.819152044289,1.3E-16,-0.573576436351));
#11478 = ADVANCED_FACE('',(#11479),#11499,.T.);
#11479 = FACE_BOUND('',#11480,.T.);
#11480 = EDGE_LOOP('',(#11481,#11490,#11496,#11497,#11498));
#11481 = ORIENTED_EDGE('',*,*,#11482,.T.);
#11482 = EDGE_CURVE('',#6907,#11483,#11485,.T.);
#11483 = VERTEX_POINT('',#11484);
#11484 = CARTESIAN_POINT('',(-27.2,33.311057109949,-4.9));
#11485 = ELLIPSE('',#11486,2.319471718647,1.9);
#11486 = AXIS2_PLACEMENT_3D('',#11487,#11488,#11489);
#11487 = CARTESIAN_POINT('',(-25.3,33.311057109949,-6.230394322598));
#11488 = DIRECTION('',(-0.573576436351,1.8E-16,-0.819152044289));
#11489 = DIRECTION('',(0.819152044289,-2.6E-16,-0.573576436351));
#11490 = ORIENTED_EDGE('',*,*,#11491,.T.);
#11491 = EDGE_CURVE('',#11483,#6988,#11492,.T.);
#11492 = LINE('',#11493,#11494);
#11493 = CARTESIAN_POINT('',(-27.2,25.,-4.9));
#11494 = VECTOR('',#11495,1.);
#11495 = DIRECTION('',(0.,1.,2.2E-16));
#11496 = ORIENTED_EDGE('',*,*,#6987,.F.);
#11497 = ORIENTED_EDGE('',*,*,#6762,.F.);
#11498 = ORIENTED_EDGE('',*,*,#6906,.F.);
#11499 = PLANE('',#11500);
#11500 = AXIS2_PLACEMENT_3D('',#11501,#11502,#11503);
#11501 = CARTESIAN_POINT('',(-27.2,25.,-4.9));
#11502 = DIRECTION('',(-0.573576436351,1.8E-16,-0.819152044289));
#11503 = DIRECTION('',(0.819152044289,1.3E-16,-0.573576436351));
#11504 = ADVANCED_FACE('',(#11505),#11516,.F.);
#11505 = FACE_BOUND('',#11506,.F.);
#11506 = EDGE_LOOP('',(#11507,#11508,#11515));
#11507 = ORIENTED_EDGE('',*,*,#6808,.T.);
#11508 = ORIENTED_EDGE('',*,*,#11509,.T.);
#11509 = EDGE_CURVE('',#6801,#6860,#11510,.T.);
#11510 = CIRCLE('',#11511,1.975);
#11511 = AXIS2_PLACEMENT_3D('',#11512,#11513,#11514);
#11512 = CARTESIAN_POINT('',(-25.1,27.248942890051,-6.01));
#11513 = DIRECTION('',(-1.,4.4E-16,-2.8E-16));
#11514 = DIRECTION('',(-4.4E-16,-1.,2.2E-16));
#11515 = ORIENTED_EDGE('',*,*,#6867,.F.);
#11516 = PLANE('',#11517);
#11517 = AXIS2_PLACEMENT_3D('',#11518,#11519,#11520);
#11518 = CARTESIAN_POINT('',(-25.1,30.325,-4.113106240332));
#11519 = DIRECTION('',(1.,-3.3E-16,1.21E-15));
#11520 = DIRECTION('',(-1.21E-15,-1.267304007699E-47,1.));
#11521 = ADVANCED_FACE('',(#11522),#11534,.T.);
#11522 = FACE_BOUND('',#11523,.T.);
#11523 = EDGE_LOOP('',(#11524,#11531,#11532,#11533));
#11524 = ORIENTED_EDGE('',*,*,#11525,.F.);
#11525 = EDGE_CURVE('',#6793,#6852,#11526,.T.);
#11526 = CIRCLE('',#11527,1.975);
#11527 = AXIS2_PLACEMENT_3D('',#11528,#11529,#11530);
#11528 = CARTESIAN_POINT('',(-27.2,27.248942890051,-6.01));
#11529 = DIRECTION('',(-1.,4.4E-16,-2.8E-16));
#11530 = DIRECTION('',(-4.4E-16,-1.,2.2E-16));
#11531 = ORIENTED_EDGE('',*,*,#6800,.F.);
#11532 = ORIENTED_EDGE('',*,*,#11509,.T.);
#11533 = ORIENTED_EDGE('',*,*,#6859,.T.);
#11534 = CYLINDRICAL_SURFACE('',#11535,1.975);
#11535 = AXIS2_PLACEMENT_3D('',#11536,#11537,#11538);
#11536 = CARTESIAN_POINT('',(-27.2,27.248942890051,-6.01));
#11537 = DIRECTION('',(-1.,4.4E-16,-2.8E-16));
#11538 = DIRECTION('',(-4.4E-16,-1.,2.2E-16));
#11539 = ADVANCED_FACE('',(#11540),#11552,.F.);
#11540 = FACE_BOUND('',#11541,.F.);
#11541 = EDGE_LOOP('',(#11542,#11543,#11549,#11550,#11551));
#11542 = ORIENTED_EDGE('',*,*,#11457,.T.);
#11543 = ORIENTED_EDGE('',*,*,#11544,.T.);
#11544 = EDGE_CURVE('',#11458,#6843,#11545,.T.);
#11545 = LINE('',#11546,#11547);
#11546 = CARTESIAN_POINT('',(-27.2,27.338942890051,-7.3));
#11547 = VECTOR('',#11548,1.);
#11548 = DIRECTION('',(0.,0.,1.));
#11549 = ORIENTED_EDGE('',*,*,#6851,.T.);
#11550 = ORIENTED_EDGE('',*,*,#11525,.F.);
#11551 = ORIENTED_EDGE('',*,*,#6792,.F.);
#11552 = PLANE('',#11553);
#11553 = AXIS2_PLACEMENT_3D('',#11554,#11555,#11556);
#11554 = CARTESIAN_POINT('',(-27.2,27.338942890051,-7.3));
#11555 = DIRECTION('',(1.,0.,0.));
#11556 = DIRECTION('',(0.,-1.,0.));
#11557 = ADVANCED_FACE('',(#11558),#11564,.T.);
#11558 = FACE_BOUND('',#11559,.T.);
#11559 = EDGE_LOOP('',(#11560,#11561,#11562,#11563));
#11560 = ORIENTED_EDGE('',*,*,#11544,.T.);
#11561 = ORIENTED_EDGE('',*,*,#6842,.F.);
#11562 = ORIENTED_EDGE('',*,*,#6892,.F.);
#11563 = ORIENTED_EDGE('',*,*,#11465,.F.);
#11564 = CYLINDRICAL_SURFACE('',#11565,1.9);
#11565 = AXIS2_PLACEMENT_3D('',#11566,#11567,#11568);
#11566 = CARTESIAN_POINT('',(-25.3,27.338942890051,-7.3));
#11567 = DIRECTION('',(-0.,-0.,-1.));
#11568 = DIRECTION('',(1.,0.,0.));
#11569 = ADVANCED_FACE('',(#11570),#11581,.T.);
#11570 = FACE_BOUND('',#11571,.T.);
#11571 = EDGE_LOOP('',(#11572,#11573,#11574,#11580));
#11572 = ORIENTED_EDGE('',*,*,#6924,.T.);
#11573 = ORIENTED_EDGE('',*,*,#6948,.F.);
#11574 = ORIENTED_EDGE('',*,*,#11575,.F.);
#11575 = EDGE_CURVE('',#11483,#6939,#11576,.T.);
#11576 = LINE('',#11577,#11578);
#11577 = CARTESIAN_POINT('',(-27.2,33.311057109949,-7.3));
#11578 = VECTOR('',#11579,1.);
#11579 = DIRECTION('',(0.,0.,1.));
#11580 = ORIENTED_EDGE('',*,*,#11482,.F.);
#11581 = CYLINDRICAL_SURFACE('',#11582,1.9);
#11582 = AXIS2_PLACEMENT_3D('',#11583,#11584,#11585);
#11583 = CARTESIAN_POINT('',(-25.3,33.311057109949,-7.3));
#11584 = DIRECTION('',(-0.,-0.,-1.));
#11585 = DIRECTION('',(1.,0.,0.));
#11586 = ADVANCED_FACE('',(#11587),#11600,.T.);
#11587 = FACE_BOUND('',#11588,.T.);
#11588 = EDGE_LOOP('',(#11589,#11590,#11591,#11592,#11599));
#11589 = ORIENTED_EDGE('',*,*,#11491,.F.);
#11590 = ORIENTED_EDGE('',*,*,#11575,.T.);
#11591 = ORIENTED_EDGE('',*,*,#6938,.T.);
#11592 = ORIENTED_EDGE('',*,*,#11593,.T.);
#11593 = EDGE_CURVE('',#6941,#6996,#11594,.T.);
#11594 = CIRCLE('',#11595,1.975);
#11595 = AXIS2_PLACEMENT_3D('',#11596,#11597,#11598);
#11596 = CARTESIAN_POINT('',(-27.2,33.401057109949,-6.01));
#11597 = DIRECTION('',(-1.,4.4E-16,-2.8E-16));
#11598 = DIRECTION('',(-4.4E-16,-1.,2.2E-16));
#11599 = ORIENTED_EDGE('',*,*,#6995,.F.);
#11600 = PLANE('',#11601);
#11601 = AXIS2_PLACEMENT_3D('',#11602,#11603,#11604);
#11602 = CARTESIAN_POINT('',(-27.2,33.311057109949,-7.3));
#11603 = DIRECTION('',(-1.,0.,0.));
#11604 = DIRECTION('',(0.,1.,0.));
#11605 = ADVANCED_FACE('',(#11606),#11618,.T.);
#11606 = FACE_BOUND('',#11607,.T.);
#11607 = EDGE_LOOP('',(#11608,#11609,#11610,#11617));
#11608 = ORIENTED_EDGE('',*,*,#11593,.F.);
#11609 = ORIENTED_EDGE('',*,*,#6973,.F.);
#11610 = ORIENTED_EDGE('',*,*,#11611,.T.);
#11611 = EDGE_CURVE('',#6966,#7004,#11612,.T.);
#11612 = CIRCLE('',#11613,1.975);
#11613 = AXIS2_PLACEMENT_3D('',#11614,#11615,#11616);
#11614 = CARTESIAN_POINT('',(-25.1,33.401057109949,-6.01));
#11615 = DIRECTION('',(-1.,4.4E-16,-2.8E-16));
#11616 = DIRECTION('',(-4.4E-16,-1.,2.2E-16));
#11617 = ORIENTED_EDGE('',*,*,#7003,.T.);
#11618 = CYLINDRICAL_SURFACE('',#11619,1.975);
#11619 = AXIS2_PLACEMENT_3D('',#11620,#11621,#11622);
#11620 = CARTESIAN_POINT('',(-27.2,33.401057109949,-6.01));
#11621 = DIRECTION('',(-1.,4.4E-16,-2.8E-16));
#11622 = DIRECTION('',(-4.4E-16,-1.,2.2E-16));
#11623 = ADVANCED_FACE('',(#11624),#11629,.F.);
#11624 = FACE_BOUND('',#11625,.F.);
#11625 = EDGE_LOOP('',(#11626,#11627,#11628));
#11626 = ORIENTED_EDGE('',*,*,#6965,.F.);
#11627 = ORIENTED_EDGE('',*,*,#11611,.T.);
#11628 = ORIENTED_EDGE('',*,*,#7011,.F.);
#11629 = PLANE('',#11630);
#11630 = AXIS2_PLACEMENT_3D('',#11631,#11632,#11633);
#11631 = CARTESIAN_POINT('',(-25.1,30.325,-4.113106240332));
#11632 = DIRECTION('',(1.,-3.3E-16,1.21E-15));
#11633 = DIRECTION('',(-1.21E-15,-1.267304007699E-47,1.));
#11634 = ADVANCED_FACE('',(#11635),#11647,.T.);
#11635 = FACE_BOUND('',#11636,.T.);
#11636 = EDGE_LOOP('',(#11637,#11644,#11645,#11646));
#11637 = ORIENTED_EDGE('',*,*,#11638,.F.);
#11638 = EDGE_CURVE('',#2805,#2856,#11639,.T.);
#11639 = CIRCLE('',#11640,2.85);
#11640 = AXIS2_PLACEMENT_3D('',#11641,#11642,#11643);
#11641 = CARTESIAN_POINT('',(-17.70087726049,-44.375,-5.2));
#11642 = DIRECTION('',(0.,0.,1.));
#11643 = DIRECTION('',(1.,0.,-0.));
#11644 = ORIENTED_EDGE('',*,*,#7437,.T.);
#11645 = ORIENTED_EDGE('',*,*,#10629,.T.);
#11646 = ORIENTED_EDGE('',*,*,#7574,.T.);
#11647 = CYLINDRICAL_SURFACE('',#11648,2.85);
#11648 = AXIS2_PLACEMENT_3D('',#11649,#11650,#11651);
#11649 = CARTESIAN_POINT('',(-17.70087726049,-44.375,-5.2));
#11650 = DIRECTION('',(0.,0.,1.));
#11651 = DIRECTION('',(1.,0.,-0.));
#11652 = ADVANCED_FACE('',(#11653),#11665,.T.);
#11653 = FACE_BOUND('',#11654,.T.);
#11654 = EDGE_LOOP('',(#11655,#11656,#11657,#11664));
#11655 = ORIENTED_EDGE('',*,*,#11638,.T.);
#11656 = ORIENTED_EDGE('',*,*,#7533,.T.);
#11657 = ORIENTED_EDGE('',*,*,#11658,.F.);
#11658 = EDGE_CURVE('',#7462,#7534,#11659,.T.);
#11659 = CIRCLE('',#11660,2.95);
#11660 = AXIS2_PLACEMENT_3D('',#11661,#11662,#11663);
#11661 = CARTESIAN_POINT('',(-17.70087726049,-44.375,-1.7));
#11662 = DIRECTION('',(0.,-0.,1.));
#11663 = DIRECTION('',(1.,2.49E-15,0.));
#11664 = ORIENTED_EDGE('',*,*,#7461,.F.);
#11665 = CONICAL_SURFACE('',#11666,2.85,2.856365783876E-02);
#11666 = AXIS2_PLACEMENT_3D('',#11667,#11668,#11669);
#11667 = CARTESIAN_POINT('',(-17.70087726049,-44.375,-5.2));
#11668 = DIRECTION('',(0.,0.,1.));
#11669 = DIRECTION('',(1.,2.49E-15,-0.));
#11670 = ADVANCED_FACE('',(#11671),#11683,.T.);
#11671 = FACE_BOUND('',#11672,.T.);
#11672 = EDGE_LOOP('',(#11673,#11674,#11675,#11682));
#11673 = ORIENTED_EDGE('',*,*,#11658,.T.);
#11674 = ORIENTED_EDGE('',*,*,#7541,.T.);
#11675 = ORIENTED_EDGE('',*,*,#11676,.F.);
#11676 = EDGE_CURVE('',#7470,#7542,#11677,.T.);
#11677 = CIRCLE('',#11678,2.5);
#11678 = AXIS2_PLACEMENT_3D('',#11679,#11680,#11681);
#11679 = CARTESIAN_POINT('',(-17.70087726049,-44.375,-1.7));
#11680 = DIRECTION('',(0.,-0.,1.));
#11681 = DIRECTION('',(1.,5.68E-15,0.));
#11682 = ORIENTED_EDGE('',*,*,#7469,.F.);
#11683 = PLANE('',#11684);
#11684 = AXIS2_PLACEMENT_3D('',#11685,#11686,#11687);
#11685 = CARTESIAN_POINT('',(-19.61076611552,-46.31869482208,-1.7));
#11686 = DIRECTION('',(0.,0.,1.));
#11687 = DIRECTION('',(0.713282503518,-0.70087664405,0.));
#11688 = ADVANCED_FACE('',(#11689),#11701,.F.);
#11689 = FACE_BOUND('',#11690,.F.);
#11690 = EDGE_LOOP('',(#11691,#11692,#11693,#11700));
#11691 = ORIENTED_EDGE('',*,*,#11676,.F.);
#11692 = ORIENTED_EDGE('',*,*,#7477,.T.);
#11693 = ORIENTED_EDGE('',*,*,#11694,.T.);
#11694 = EDGE_CURVE('',#7478,#7550,#11695,.T.);
#11695 = CIRCLE('',#11696,2.05);
#11696 = AXIS2_PLACEMENT_3D('',#11697,#11698,#11699);
#11697 = CARTESIAN_POINT('',(-17.70087726049,-44.375,-2.15));
#11698 = DIRECTION('',(0.,-0.,1.));
#11699 = DIRECTION('',(1.,2.84E-15,0.));
#11700 = ORIENTED_EDGE('',*,*,#7549,.F.);
#11701 = CONICAL_SURFACE('',#11702,2.5,0.785398163397);
#11702 = AXIS2_PLACEMENT_3D('',#11703,#11704,#11705);
#11703 = CARTESIAN_POINT('',(-17.70087726049,-44.375,-1.7));
#11704 = DIRECTION('',(0.,0.,1.));
#11705 = DIRECTION('',(1.,2.84E-15,-0.));
#11706 = ADVANCED_FACE('',(#11707),#11713,.F.);
#11707 = FACE_BOUND('',#11708,.F.);
#11708 = EDGE_LOOP('',(#11709,#11710,#11711,#11712));
#11709 = ORIENTED_EDGE('',*,*,#11694,.F.);
#11710 = ORIENTED_EDGE('',*,*,#7485,.T.);
#11711 = ORIENTED_EDGE('',*,*,#7508,.T.);
#11712 = ORIENTED_EDGE('',*,*,#7557,.F.);
#11713 = CYLINDRICAL_SURFACE('',#11714,2.05);
#11714 = AXIS2_PLACEMENT_3D('',#11715,#11716,#11717);
#11715 = CARTESIAN_POINT('',(-17.70087726049,-44.375,-2.15));
#11716 = DIRECTION('',(0.,0.,1.));
#11717 = DIRECTION('',(1.,3.47E-15,-0.));
#11718 = ADVANCED_FACE('',(#11719),#11731,.T.);
#11719 = FACE_BOUND('',#11720,.T.);
#11720 = EDGE_LOOP('',(#11721,#11728,#11729,#11730));
#11721 = ORIENTED_EDGE('',*,*,#11722,.F.);
#11722 = EDGE_CURVE('',#2864,#2928,#11723,.T.);
#11723 = CIRCLE('',#11724,2.85);
#11724 = AXIS2_PLACEMENT_3D('',#11725,#11726,#11727);
#11725 = CARTESIAN_POINT('',(17.70087726049,-44.375,-5.2));
#11726 = DIRECTION('',(0.,0.,1.));
#11727 = DIRECTION('',(1.,0.,-0.));
#11728 = ORIENTED_EDGE('',*,*,#7590,.T.);
#11729 = ORIENTED_EDGE('',*,*,#10589,.T.);
#11730 = ORIENTED_EDGE('',*,*,#7734,.T.);
#11731 = CYLINDRICAL_SURFACE('',#11732,2.85);
#11732 = AXIS2_PLACEMENT_3D('',#11733,#11734,#11735);
#11733 = CARTESIAN_POINT('',(17.70087726049,-44.375,-5.2));
#11734 = DIRECTION('',(0.,0.,1.));
#11735 = DIRECTION('',(1.,0.,-0.));
#11736 = ADVANCED_FACE('',(#11737),#11749,.T.);
#11737 = FACE_BOUND('',#11738,.T.);
#11738 = EDGE_LOOP('',(#11739,#11740,#11741,#11748));
#11739 = ORIENTED_EDGE('',*,*,#11722,.T.);
#11740 = ORIENTED_EDGE('',*,*,#7676,.T.);
#11741 = ORIENTED_EDGE('',*,*,#11742,.F.);
#11742 = EDGE_CURVE('',#7605,#7677,#11743,.T.);
#11743 = CIRCLE('',#11744,2.95);
#11744 = AXIS2_PLACEMENT_3D('',#11745,#11746,#11747);
#11745 = CARTESIAN_POINT('',(17.70087726049,-44.375,-1.7));
#11746 = DIRECTION('',(0.,0.,1.));
#11747 = DIRECTION('',(1.,0.,-0.));
#11748 = ORIENTED_EDGE('',*,*,#7604,.F.);
#11749 = CONICAL_SURFACE('',#11750,2.85,2.856365783876E-02);
#11750 = AXIS2_PLACEMENT_3D('',#11751,#11752,#11753);
#11751 = CARTESIAN_POINT('',(17.70087726049,-44.375,-5.2));
#11752 = DIRECTION('',(0.,0.,1.));
#11753 = DIRECTION('',(1.,0.,-0.));
#11754 = ADVANCED_FACE('',(#11755),#11767,.T.);
#11755 = FACE_BOUND('',#11756,.T.);
#11756 = EDGE_LOOP('',(#11757,#11758,#11759,#11766));
#11757 = ORIENTED_EDGE('',*,*,#11742,.T.);
#11758 = ORIENTED_EDGE('',*,*,#7684,.T.);
#11759 = ORIENTED_EDGE('',*,*,#11760,.F.);
#11760 = EDGE_CURVE('',#7613,#7685,#11761,.T.);
#11761 = CIRCLE('',#11762,2.5);
#11762 = AXIS2_PLACEMENT_3D('',#11763,#11764,#11765);
#11763 = CARTESIAN_POINT('',(17.70087726049,-44.375,-1.7));
#11764 = DIRECTION('',(0.,0.,1.));
#11765 = DIRECTION('',(1.,0.,-0.));
#11766 = ORIENTED_EDGE('',*,*,#7612,.F.);
#11767 = PLANE('',#11768);
#11768 = AXIS2_PLACEMENT_3D('',#11769,#11770,#11771);
#11769 = CARTESIAN_POINT('',(19.610766115528,-46.31869482208,-1.7));
#11770 = DIRECTION('',(0.,0.,1.));
#11771 = DIRECTION('',(0.713282503518,0.70087664405,-0.));
#11772 = ADVANCED_FACE('',(#11773),#11785,.F.);
#11773 = FACE_BOUND('',#11774,.F.);
#11774 = EDGE_LOOP('',(#11775,#11776,#11777,#11784));
#11775 = ORIENTED_EDGE('',*,*,#11760,.F.);
#11776 = ORIENTED_EDGE('',*,*,#7620,.T.);
#11777 = ORIENTED_EDGE('',*,*,#11778,.T.);
#11778 = EDGE_CURVE('',#7621,#7693,#11779,.T.);
#11779 = CIRCLE('',#11780,2.05);
#11780 = AXIS2_PLACEMENT_3D('',#11781,#11782,#11783);
#11781 = CARTESIAN_POINT('',(17.70087726049,-44.375,-2.15));
#11782 = DIRECTION('',(0.,0.,1.));
#11783 = DIRECTION('',(1.,0.,-0.));
#11784 = ORIENTED_EDGE('',*,*,#7692,.F.);
#11785 = CONICAL_SURFACE('',#11786,2.5,0.785398163397);
#11786 = AXIS2_PLACEMENT_3D('',#11787,#11788,#11789);
#11787 = CARTESIAN_POINT('',(17.70087726049,-44.375,-1.7));
#11788 = DIRECTION('',(0.,0.,1.));
#11789 = DIRECTION('',(1.,0.,-0.));
#11790 = ADVANCED_FACE('',(#11791),#11797,.F.);
#11791 = FACE_BOUND('',#11792,.F.);
#11792 = EDGE_LOOP('',(#11793,#11794,#11795,#11796));
#11793 = ORIENTED_EDGE('',*,*,#11778,.F.);
#11794 = ORIENTED_EDGE('',*,*,#7628,.T.);
#11795 = ORIENTED_EDGE('',*,*,#7651,.T.);
#11796 = ORIENTED_EDGE('',*,*,#7700,.F.);
#11797 = CYLINDRICAL_SURFACE('',#11798,2.05);
#11798 = AXIS2_PLACEMENT_3D('',#11799,#11800,#11801);
#11799 = CARTESIAN_POINT('',(17.70087726049,-44.375,-2.15));
#11800 = DIRECTION('',(0.,0.,1.));
#11801 = DIRECTION('',(1.,0.,-0.));
#11802 = ADVANCED_FACE('',(#11803),#11821,.T.);
#11803 = FACE_BOUND('',#11804,.T.);
#11804 = EDGE_LOOP('',(#11805,#11813,#11819,#11820));
#11805 = ORIENTED_EDGE('',*,*,#11806,.F.);
#11806 = EDGE_CURVE('',#11807,#7816,#11809,.T.);
#11807 = VERTEX_POINT('',#11808);
#11808 = CARTESIAN_POINT('',(25.,-36.78276411769,-7.3));
#11809 = LINE('',#11810,#11811);
#11810 = CARTESIAN_POINT('',(25.,9.850378788789,-7.3));
#11811 = VECTOR('',#11812,1.);
#11812 = DIRECTION('',(3.5E-16,1.,3.5E-16));
#11813 = ORIENTED_EDGE('',*,*,#11814,.F.);
#11814 = EDGE_CURVE('',#7871,#11807,#11815,.T.);
#11815 = LINE('',#11816,#11817);
#11816 = CARTESIAN_POINT('',(25.,-36.78276411769,-5.6));
#11817 = VECTOR('',#11818,1.);
#11818 = DIRECTION('',(0.,0.,-1.));
#11819 = ORIENTED_EDGE('',*,*,#7870,.T.);
#11820 = ORIENTED_EDGE('',*,*,#7823,.T.);
#11821 = PLANE('',#11822);
#11822 = AXIS2_PLACEMENT_3D('',#11823,#11824,#11825);
#11823 = CARTESIAN_POINT('',(25.,9.850378788789,-5.6));
#11824 = DIRECTION('',(-1.,0.,-4.E-17));
#11825 = DIRECTION('',(-4.E-17,-3.E-17,1.));
#11826 = ADVANCED_FACE('',(#11827),#11838,.T.);
#11827 = FACE_BOUND('',#11828,.T.);
#11828 = EDGE_LOOP('',(#11829,#11830,#11831,#11837));
#11829 = ORIENTED_EDGE('',*,*,#7815,.T.);
#11830 = ORIENTED_EDGE('',*,*,#10506,.F.);
#11831 = ORIENTED_EDGE('',*,*,#11832,.F.);
#11832 = EDGE_CURVE('',#11807,#10482,#11833,.T.);
#11833 = LINE('',#11834,#11835);
#11834 = CARTESIAN_POINT('',(25.,-36.78276411769,-7.3));
#11835 = VECTOR('',#11836,1.);
#11836 = DIRECTION('',(-0.707106781187,-9.E-17,-0.707106781187));
#11837 = ORIENTED_EDGE('',*,*,#11806,.T.);
#11838 = PLANE('',#11839);
#11839 = AXIS2_PLACEMENT_3D('',#11840,#11841,#11842);
#11840 = CARTESIAN_POINT('',(25.,9.850378788789,-7.3));
#11841 = DIRECTION('',(-0.707106781187,0.,0.707106781187));
#11842 = DIRECTION('',(0.707106781187,-5.E-16,0.707106781187));
#11843 = ADVANCED_FACE('',(#11844),#11863,.T.);
#11844 = FACE_BOUND('',#11845,.T.);
#11845 = EDGE_LOOP('',(#11846,#11855,#11861,#11862));
#11846 = ORIENTED_EDGE('',*,*,#11847,.F.);
#11847 = EDGE_CURVE('',#11848,#11807,#11850,.T.);
#11848 = VERTEX_POINT('',#11849);
#11849 = CARTESIAN_POINT('',(25.22735042735,-38.07743590275,-7.3));
#11850 = CIRCLE('',#11851,3.8);
#11851 = AXIS2_PLACEMENT_3D('',#11852,#11853,#11854);
#11852 = CARTESIAN_POINT('',(28.8,-36.78276411769,-7.3));
#11853 = DIRECTION('',(0.,0.,-1.));
#11854 = DIRECTION('',(1.,0.,0.));
#11855 = ORIENTED_EDGE('',*,*,#11856,.T.);
#11856 = EDGE_CURVE('',#11848,#7896,#11857,.T.);
#11857 = LINE('',#11858,#11859);
#11858 = CARTESIAN_POINT('',(25.22735042735,-38.07743590275,-5.6));
#11859 = VECTOR('',#11860,1.);
#11860 = DIRECTION('',(0.,0.,1.));
#11861 = ORIENTED_EDGE('',*,*,#7895,.T.);
#11862 = ORIENTED_EDGE('',*,*,#11814,.T.);
#11863 = CYLINDRICAL_SURFACE('',#11864,3.8);
#11864 = AXIS2_PLACEMENT_3D('',#11865,#11866,#11867);
#11865 = CARTESIAN_POINT('',(28.8,-36.78276411769,-5.6));
#11866 = DIRECTION('',(0.,0.,-1.));
#11867 = DIRECTION('',(1.,0.,0.));
#11868 = ADVANCED_FACE('',(#11869),#11888,.F.);
#11869 = FACE_BOUND('',#11870,.F.);
#11870 = EDGE_LOOP('',(#11871,#11880,#11881,#11882));
#11871 = ORIENTED_EDGE('',*,*,#11872,.T.);
#11872 = EDGE_CURVE('',#11873,#11848,#11875,.T.);
#11873 = VERTEX_POINT('',#11874);
#11874 = CARTESIAN_POINT('',(23.335964912281,-40.82556175452,-7.3));
#11875 = CIRCLE('',#11876,2.05);
#11876 = AXIS2_PLACEMENT_3D('',#11877,#11878,#11879);
#11877 = CARTESIAN_POINT('',(23.3,-38.77587726049,-7.3));
#11878 = DIRECTION('',(0.,0.,1.));
#11879 = DIRECTION('',(1.,0.,-0.));
#11880 = ORIENTED_EDGE('',*,*,#11856,.T.);
#11881 = ORIENTED_EDGE('',*,*,#7920,.F.);
#11882 = ORIENTED_EDGE('',*,*,#11883,.T.);
#11883 = EDGE_CURVE('',#7921,#11873,#11884,.T.);
#11884 = LINE('',#11885,#11886);
#11885 = CARTESIAN_POINT('',(23.335964912281,-40.82556175452,-5.6));
#11886 = VECTOR('',#11887,1.);
#11887 = DIRECTION('',(0.,0.,-1.));
#11888 = CYLINDRICAL_SURFACE('',#11889,2.05);
#11889 = AXIS2_PLACEMENT_3D('',#11890,#11891,#11892);
#11890 = CARTESIAN_POINT('',(23.3,-38.77587726049,-5.6));
#11891 = DIRECTION('',(0.,0.,1.));
#11892 = DIRECTION('',(1.,0.,-0.));
#11893 = ADVANCED_FACE('',(#11894),#11913,.T.);
#11894 = FACE_BOUND('',#11895,.T.);
#11895 = EDGE_LOOP('',(#11896,#11905,#11911,#11912));
#11896 = ORIENTED_EDGE('',*,*,#11897,.F.);
#11897 = EDGE_CURVE('',#11898,#11873,#11900,.T.);
#11898 = VERTEX_POINT('',#11899);
#11899 = CARTESIAN_POINT('',(19.750561754524,-44.41096491228,-7.3));
#11900 = CIRCLE('',#11901,3.65);
#11901 = AXIS2_PLACEMENT_3D('',#11902,#11903,#11904);
#11902 = CARTESIAN_POINT('',(23.4,-44.475,-7.3));
#11903 = DIRECTION('',(0.,0.,-1.));
#11904 = DIRECTION('',(1.,0.,0.));
#11905 = ORIENTED_EDGE('',*,*,#11906,.T.);
#11906 = EDGE_CURVE('',#11898,#7946,#11907,.T.);
#11907 = LINE('',#11908,#11909);
#11908 = CARTESIAN_POINT('',(19.750561754524,-44.41096491228,-5.6));
#11909 = VECTOR('',#11910,1.);
#11910 = DIRECTION('',(0.,0.,1.));
#11911 = ORIENTED_EDGE('',*,*,#7945,.T.);
#11912 = ORIENTED_EDGE('',*,*,#11883,.T.);
#11913 = CYLINDRICAL_SURFACE('',#11914,3.65);
#11914 = AXIS2_PLACEMENT_3D('',#11915,#11916,#11917);
#11915 = CARTESIAN_POINT('',(23.4,-44.475,-5.6));
#11916 = DIRECTION('',(0.,0.,-1.));
#11917 = DIRECTION('',(1.,0.,0.));
#11918 = ADVANCED_FACE('',(#11919),#11931,.F.);
#11919 = FACE_BOUND('',#11920,.F.);
#11920 = EDGE_LOOP('',(#11921,#11928,#11929,#11930));
#11921 = ORIENTED_EDGE('',*,*,#11922,.T.);
#11922 = EDGE_CURVE('',#8013,#11898,#11923,.T.);
#11923 = CIRCLE('',#11924,2.05);
#11924 = AXIS2_PLACEMENT_3D('',#11925,#11926,#11927);
#11925 = CARTESIAN_POINT('',(17.70087726049,-44.375,-7.3));
#11926 = DIRECTION('',(0.,0.,1.));
#11927 = DIRECTION('',(1.,0.,-0.));
#11928 = ORIENTED_EDGE('',*,*,#11906,.T.);
#11929 = ORIENTED_EDGE('',*,*,#7970,.F.);
#11930 = ORIENTED_EDGE('',*,*,#8022,.F.);
#11931 = CYLINDRICAL_SURFACE('',#11932,2.05);
#11932 = AXIS2_PLACEMENT_3D('',#11933,#11934,#11935);
#11933 = CARTESIAN_POINT('',(17.70087726049,-44.375,-5.6));
#11934 = DIRECTION('',(0.,0.,1.));
#11935 = DIRECTION('',(1.,0.,-0.));
#11936 = ADVANCED_FACE('',(#11937),#11948,.F.);
#11937 = FACE_BOUND('',#11938,.F.);
#11938 = EDGE_LOOP('',(#11939,#11940,#11946,#11947));
#11939 = ORIENTED_EDGE('',*,*,#10413,.T.);
#11940 = ORIENTED_EDGE('',*,*,#11941,.T.);
#11941 = EDGE_CURVE('',#10406,#11898,#11942,.T.);
#11942 = LINE('',#11943,#11944);
#11943 = CARTESIAN_POINT('',(19.750561754524,-44.41096491228,-7.3));
#11944 = VECTOR('',#11945,1.);
#11945 = DIRECTION('',(0.706997953671,-1.240538212607E-02,0.707106781187
    ));
#11946 = ORIENTED_EDGE('',*,*,#11922,.F.);
#11947 = ORIENTED_EDGE('',*,*,#8046,.F.);
#11948 = CONICAL_SURFACE('',#11949,2.05,0.785398163397);
#11949 = AXIS2_PLACEMENT_3D('',#11950,#11951,#11952);
#11950 = CARTESIAN_POINT('',(17.70087726049,-44.375,-7.3));
#11951 = DIRECTION('',(0.,0.,1.));
#11952 = DIRECTION('',(1.,0.,-0.));
#11953 = ADVANCED_FACE('',(#11954),#11973,.F.);
#11954 = FACE_BOUND('',#11955,.F.);
#11955 = EDGE_LOOP('',(#11956,#11957,#11958,#11967));
#11956 = ORIENTED_EDGE('',*,*,#10388,.T.);
#11957 = ORIENTED_EDGE('',*,*,#8224,.T.);
#11958 = ORIENTED_EDGE('',*,*,#11959,.F.);
#11959 = EDGE_CURVE('',#11960,#8225,#11962,.T.);
#11960 = VERTEX_POINT('',#11961);
#11961 = CARTESIAN_POINT('',(-19.75056175452,-44.41096491228,-7.3));
#11962 = CIRCLE('',#11963,2.05);
#11963 = AXIS2_PLACEMENT_3D('',#11964,#11965,#11966);
#11964 = CARTESIAN_POINT('',(-17.70087726049,-44.375,-7.3));
#11965 = DIRECTION('',(0.,0.,1.));
#11966 = DIRECTION('',(1.,0.,-0.));
#11967 = ORIENTED_EDGE('',*,*,#11968,.T.);
#11968 = EDGE_CURVE('',#11960,#10364,#11969,.T.);
#11969 = LINE('',#11970,#11971);
#11970 = CARTESIAN_POINT('',(-19.75056175452,-44.41096491228,-7.3));
#11971 = VECTOR('',#11972,1.);
#11972 = DIRECTION('',(0.706997953671,1.240538212607E-02,-0.707106781187
    ));
#11973 = CONICAL_SURFACE('',#11974,2.05,0.785398163397);
#11974 = AXIS2_PLACEMENT_3D('',#11975,#11976,#11977);
#11975 = CARTESIAN_POINT('',(-17.70087726049,-44.375,-7.3));
#11976 = DIRECTION('',(0.,0.,1.));
#11977 = DIRECTION('',(1.,0.,-0.));
#11978 = ADVANCED_FACE('',(#11979),#11990,.F.);
#11979 = FACE_BOUND('',#11980,.F.);
#11980 = EDGE_LOOP('',(#11981,#11982,#11983,#11984));
#11981 = ORIENTED_EDGE('',*,*,#11959,.T.);
#11982 = ORIENTED_EDGE('',*,*,#8247,.T.);
#11983 = ORIENTED_EDGE('',*,*,#8287,.F.);
#11984 = ORIENTED_EDGE('',*,*,#11985,.T.);
#11985 = EDGE_CURVE('',#8288,#11960,#11986,.T.);
#11986 = LINE('',#11987,#11988);
#11987 = CARTESIAN_POINT('',(-19.75056175452,-44.41096491228,-5.6));
#11988 = VECTOR('',#11989,1.);
#11989 = DIRECTION('',(0.,0.,-1.));
#11990 = CYLINDRICAL_SURFACE('',#11991,2.05);
#11991 = AXIS2_PLACEMENT_3D('',#11992,#11993,#11994);
#11992 = CARTESIAN_POINT('',(-17.70087726049,-44.375,-5.6));
#11993 = DIRECTION('',(0.,0.,1.));
#11994 = DIRECTION('',(1.,0.,-0.));
#11995 = ADVANCED_FACE('',(#11996),#12015,.T.);
#11996 = FACE_BOUND('',#11997,.T.);
#11997 = EDGE_LOOP('',(#11998,#12007,#12013,#12014));
#11998 = ORIENTED_EDGE('',*,*,#11999,.F.);
#11999 = EDGE_CURVE('',#12000,#11960,#12002,.T.);
#12000 = VERTEX_POINT('',#12001);
#12001 = CARTESIAN_POINT('',(-23.33596491226,-40.82556175452,-7.3));
#12002 = CIRCLE('',#12003,3.65);
#12003 = AXIS2_PLACEMENT_3D('',#12004,#12005,#12006);
#12004 = CARTESIAN_POINT('',(-23.4,-44.475,-7.3));
#12005 = DIRECTION('',(0.,0.,-1.));
#12006 = DIRECTION('',(1.,0.,0.));
#12007 = ORIENTED_EDGE('',*,*,#12008,.T.);
#12008 = EDGE_CURVE('',#12000,#8313,#12009,.T.);
#12009 = LINE('',#12010,#12011);
#12010 = CARTESIAN_POINT('',(-23.33596491226,-40.82556175452,-5.6));
#12011 = VECTOR('',#12012,1.);
#12012 = DIRECTION('',(0.,0.,1.));
#12013 = ORIENTED_EDGE('',*,*,#8312,.T.);
#12014 = ORIENTED_EDGE('',*,*,#11985,.T.);
#12015 = CYLINDRICAL_SURFACE('',#12016,3.65);
#12016 = AXIS2_PLACEMENT_3D('',#12017,#12018,#12019);
#12017 = CARTESIAN_POINT('',(-23.4,-44.475,-5.6));
#12018 = DIRECTION('',(0.,0.,-1.));
#12019 = DIRECTION('',(1.,0.,0.));
#12020 = ADVANCED_FACE('',(#12021),#12040,.F.);
#12021 = FACE_BOUND('',#12022,.F.);
#12022 = EDGE_LOOP('',(#12023,#12032,#12033,#12034));
#12023 = ORIENTED_EDGE('',*,*,#12024,.T.);
#12024 = EDGE_CURVE('',#12025,#12000,#12027,.T.);
#12025 = VERTEX_POINT('',#12026);
#12026 = CARTESIAN_POINT('',(-24.96452991451,-37.57928202248,-7.3));
#12027 = CIRCLE('',#12028,2.05);
#12028 = AXIS2_PLACEMENT_3D('',#12029,#12030,#12031);
#12029 = CARTESIAN_POINT('',(-23.29999999998,-38.77587726049,-7.3));
#12030 = DIRECTION('',(0.,0.,1.));
#12031 = DIRECTION('',(1.,0.,-0.));
#12032 = ORIENTED_EDGE('',*,*,#12008,.T.);
#12033 = ORIENTED_EDGE('',*,*,#8337,.F.);
#12034 = ORIENTED_EDGE('',*,*,#12035,.T.);
#12035 = EDGE_CURVE('',#8338,#12025,#12036,.T.);
#12036 = LINE('',#12037,#12038);
#12037 = CARTESIAN_POINT('',(-24.96452991451,-37.57928202248,-5.6));
#12038 = VECTOR('',#12039,1.);
#12039 = DIRECTION('',(0.,0.,-1.));
#12040 = CYLINDRICAL_SURFACE('',#12041,2.05);
#12041 = AXIS2_PLACEMENT_3D('',#12042,#12043,#12044);
#12042 = CARTESIAN_POINT('',(-23.29999999998,-38.77587726049,-5.6));
#12043 = DIRECTION('',(0.,0.,1.));
#12044 = DIRECTION('',(1.,0.,-0.));
#12045 = ADVANCED_FACE('',(#12046),#12065,.T.);
#12046 = FACE_BOUND('',#12047,.T.);
#12047 = EDGE_LOOP('',(#12048,#12057,#12063,#12064));
#12048 = ORIENTED_EDGE('',*,*,#12049,.F.);
#12049 = EDGE_CURVE('',#12050,#12025,#12052,.T.);
#12050 = VERTEX_POINT('',#12051);
#12051 = CARTESIAN_POINT('',(-24.25,-35.36120304472,-7.3));
#12052 = CIRCLE('',#12053,3.8);
#12053 = AXIS2_PLACEMENT_3D('',#12054,#12055,#12056);
#12054 = CARTESIAN_POINT('',(-28.05,-35.36120304472,-7.3));
#12055 = DIRECTION('',(0.,0.,-1.));
#12056 = DIRECTION('',(1.,0.,0.));
#12057 = ORIENTED_EDGE('',*,*,#12058,.T.);
#12058 = EDGE_CURVE('',#12050,#8363,#12059,.T.);
#12059 = LINE('',#12060,#12061);
#12060 = CARTESIAN_POINT('',(-24.25,-35.36120304472,-5.6));
#12061 = VECTOR('',#12062,1.);
#12062 = DIRECTION('',(4.E-17,3.E-17,1.));
#12063 = ORIENTED_EDGE('',*,*,#8362,.T.);
#12064 = ORIENTED_EDGE('',*,*,#12035,.T.);
#12065 = CYLINDRICAL_SURFACE('',#12066,3.8);
#12066 = AXIS2_PLACEMENT_3D('',#12067,#12068,#12069);
#12067 = CARTESIAN_POINT('',(-28.05,-35.36120304472,-5.6));
#12068 = DIRECTION('',(0.,0.,-1.));
#12069 = DIRECTION('',(1.,0.,0.));
#12070 = ADVANCED_FACE('',(#12071),#12089,.T.);
#12071 = FACE_BOUND('',#12072,.T.);
#12072 = EDGE_LOOP('',(#12073,#12081,#12087,#12088));
#12073 = ORIENTED_EDGE('',*,*,#12074,.F.);
#12074 = EDGE_CURVE('',#12075,#12050,#12077,.T.);
#12075 = VERTEX_POINT('',#12076);
#12076 = CARTESIAN_POINT('',(-24.25,-15.43896547426,-7.3));
#12077 = LINE('',#12078,#12079);
#12078 = CARTESIAN_POINT('',(-24.25,-15.43896547426,-7.3));
#12079 = VECTOR('',#12080,1.);
#12080 = DIRECTION('',(-6.E-17,-1.,6.E-17));
#12081 = ORIENTED_EDGE('',*,*,#12082,.F.);
#12082 = EDGE_CURVE('',#8388,#12075,#12083,.T.);
#12083 = LINE('',#12084,#12085);
#12084 = CARTESIAN_POINT('',(-24.25,-15.43896547426,-5.6));
#12085 = VECTOR('',#12086,1.);
#12086 = DIRECTION('',(0.,0.,-1.));
#12087 = ORIENTED_EDGE('',*,*,#8387,.T.);
#12088 = ORIENTED_EDGE('',*,*,#12058,.F.);
#12089 = PLANE('',#12090);
#12090 = AXIS2_PLACEMENT_3D('',#12091,#12092,#12093);
#12091 = CARTESIAN_POINT('',(-24.25,-15.43896547426,-5.6));
#12092 = DIRECTION('',(1.,0.,-4.E-17));
#12093 = DIRECTION('',(4.E-17,3.E-17,1.));
#12094 = ADVANCED_FACE('',(#12095),#12114,.T.);
#12095 = FACE_BOUND('',#12096,.T.);
#12096 = EDGE_LOOP('',(#12097,#12106,#12112,#12113));
#12097 = ORIENTED_EDGE('',*,*,#12098,.F.);
#12098 = EDGE_CURVE('',#12099,#12075,#12101,.T.);
#12099 = VERTEX_POINT('',#12100);
#12100 = CARTESIAN_POINT('',(-24.94666666666,-13.24594877979,-7.3));
#12101 = CIRCLE('',#12102,3.8);
#12102 = AXIS2_PLACEMENT_3D('',#12103,#12104,#12105);
#12103 = CARTESIAN_POINT('',(-28.05,-15.43896547426,-7.3));
#12104 = DIRECTION('',(0.,0.,-1.));
#12105 = DIRECTION('',(1.,0.,0.));
#12106 = ORIENTED_EDGE('',*,*,#12107,.T.);
#12107 = EDGE_CURVE('',#12099,#8412,#12108,.T.);
#12108 = LINE('',#12109,#12110);
#12109 = CARTESIAN_POINT('',(-24.94666666666,-13.24594877979,-5.6));
#12110 = VECTOR('',#12111,1.);
#12111 = DIRECTION('',(0.,0.,1.));
#12112 = ORIENTED_EDGE('',*,*,#8411,.T.);
#12113 = ORIENTED_EDGE('',*,*,#12082,.T.);
#12114 = CYLINDRICAL_SURFACE('',#12115,3.8);
#12115 = AXIS2_PLACEMENT_3D('',#12116,#12117,#12118);
#12116 = CARTESIAN_POINT('',(-28.05,-15.43896547426,-5.6));
#12117 = DIRECTION('',(0.,0.,-1.));
#12118 = DIRECTION('',(1.,0.,0.));
#12119 = ADVANCED_FACE('',(#12120),#12139,.F.);
#12120 = FACE_BOUND('',#12121,.F.);
#12121 = EDGE_LOOP('',(#12122,#12131,#12132,#12133));
#12122 = ORIENTED_EDGE('',*,*,#12123,.T.);
#12123 = EDGE_CURVE('',#12124,#12099,#12126,.T.);
#12124 = VERTEX_POINT('',#12125);
#12125 = CARTESIAN_POINT('',(-25.34999999994,-11.97632325366,-7.3));
#12126 = CIRCLE('',#12127,2.2);
#12127 = AXIS2_PLACEMENT_3D('',#12128,#12129,#12130);
#12128 = CARTESIAN_POINT('',(-23.14999999999,-11.97630753563,-7.3));
#12129 = DIRECTION('',(0.,0.,1.));
#12130 = DIRECTION('',(1.,0.,-0.));
#12131 = ORIENTED_EDGE('',*,*,#12107,.T.);
#12132 = ORIENTED_EDGE('',*,*,#8436,.F.);
#12133 = ORIENTED_EDGE('',*,*,#12134,.T.);
#12134 = EDGE_CURVE('',#8437,#12124,#12135,.T.);
#12135 = LINE('',#12136,#12137);
#12136 = CARTESIAN_POINT('',(-25.34999999994,-11.97632325366,-5.6));
#12137 = VECTOR('',#12138,1.);
#12138 = DIRECTION('',(-4.E-17,-3.E-17,-1.));
#12139 = CYLINDRICAL_SURFACE('',#12140,2.2);
#12140 = AXIS2_PLACEMENT_3D('',#12141,#12142,#12143);
#12141 = CARTESIAN_POINT('',(-23.14999999999,-11.97630753563,-5.6));
#12142 = DIRECTION('',(0.,0.,1.));
#12143 = DIRECTION('',(1.,0.,-0.));
#12144 = ADVANCED_FACE('',(#12145),#12163,.T.);
#12145 = FACE_BOUND('',#12146,.T.);
#12146 = EDGE_LOOP('',(#12147,#12160,#12161,#12162));
#12147 = ORIENTED_EDGE('',*,*,#12148,.F.);
#12148 = EDGE_CURVE('',#8542,#12124,#12149,.T.);
#12149 = B_SPLINE_CURVE_WITH_KNOTS('',9,(#12150,#12151,#12152,#12153,
    #12154,#12155,#12156,#12157,#12158,#12159),.UNSPECIFIED.,.F.,.F.,(10
    ,10),(1.078963977376,3.141599798152),.PIECEWISE_BEZIER_KNOTS.);
#12150 = CARTESIAN_POINT('',(-21.93870973238,-10.10507337116,-7.7));
#12151 = CARTESIAN_POINT('',(-22.38671338103,-9.819912438959,
    -7.655555555556));
#12152 = CARTESIAN_POINT('',(-22.91018790276,-9.655197723461,
    -7.611111111111));
#12153 = CARTESIAN_POINT('',(-23.47218713142,-9.633742170328,
    -7.566666666667));
#12154 = CARTESIAN_POINT('',(-24.02772746387,-9.765153020228,
    -7.522222222222));
#12155 = CARTESIAN_POINT('',(-24.52942957161,-10.04245730593,
    -7.477777777778));
#12156 = CARTESIAN_POINT('',(-24.93499285284,-10.44165247034,
    -7.433333333333));
#12157 = CARTESIAN_POINT('',(-25.21423347687,-10.92579543537,
    -7.388888888889));
#12158 = CARTESIAN_POINT('',(-25.35238784852,-11.45167453788,
    -7.344444444444));
#12159 = CARTESIAN_POINT('',(-25.34999999994,-11.97632325366,-7.3));
#12160 = ORIENTED_EDGE('',*,*,#8556,.T.);
#12161 = ORIENTED_EDGE('',*,*,#8461,.T.);
#12162 = ORIENTED_EDGE('',*,*,#12134,.T.);
#12163 = B_SPLINE_SURFACE_WITH_KNOTS('',1,9,(
    (#12164,#12165,#12166,#12167,#12168,#12169,#12170,#12171,#12172
      ,#12173)
    ,(#12174,#12175,#12176,#12177,#12178,#12179,#12180,#12181,#12182
      ,#12183
    )),.UNSPECIFIED.,.F.,.F.,.F.,(2,2),(10,10),(7.,8.),(1.078963977376,
    3.141599798152),.PIECEWISE_BEZIER_KNOTS.);
#12164 = CARTESIAN_POINT('',(-21.93870973238,-10.10507337116,-7.7));
#12165 = CARTESIAN_POINT('',(-22.38671338103,-9.819912438959,
    -7.655555555556));
#12166 = CARTESIAN_POINT('',(-22.91018790276,-9.655197723461,
    -7.611111111111));
#12167 = CARTESIAN_POINT('',(-23.47218713142,-9.633742170328,
    -7.566666666667));
#12168 = CARTESIAN_POINT('',(-24.02772746387,-9.765153020228,
    -7.522222222222));
#12169 = CARTESIAN_POINT('',(-24.52942957161,-10.04245730593,
    -7.477777777778));
#12170 = CARTESIAN_POINT('',(-24.93499285284,-10.44165247034,
    -7.433333333333));
#12171 = CARTESIAN_POINT('',(-25.21423347687,-10.92579543537,
    -7.388888888889));
#12172 = CARTESIAN_POINT('',(-25.35238784852,-11.45167453788,
    -7.344444444444));
#12173 = CARTESIAN_POINT('',(-25.34999999994,-11.97632325366,-7.3));
#12174 = CARTESIAN_POINT('',(-21.93870973238,-10.10507337116,-5.2));
#12175 = CARTESIAN_POINT('',(-22.38671338103,-9.819912438959,
    -5.244444444444));
#12176 = CARTESIAN_POINT('',(-22.91018790276,-9.655197723461,
    -5.288888888889));
#12177 = CARTESIAN_POINT('',(-23.47218713142,-9.633742170329,
    -5.333333333333));
#12178 = CARTESIAN_POINT('',(-24.02772746387,-9.765153020228,
    -5.377777777778));
#12179 = CARTESIAN_POINT('',(-24.52942957161,-10.04245730593,
    -5.422222222222));
#12180 = CARTESIAN_POINT('',(-24.93499285284,-10.44165247034,
    -5.466666666667));
#12181 = CARTESIAN_POINT('',(-25.21423347687,-10.92579543537,
    -5.511111111111));
#12182 = CARTESIAN_POINT('',(-25.35238784852,-11.45167453788,
    -5.555555555556));
#12183 = CARTESIAN_POINT('',(-25.34999999994,-11.97632325366,-5.6));
#12184 = ADVANCED_FACE('',(#12185),#12196,.T.);
#12185 = FACE_BOUND('',#12186,.T.);
#12186 = EDGE_LOOP('',(#12187,#12188,#12189,#12190));
#12187 = ORIENTED_EDGE('',*,*,#10192,.F.);
#12188 = ORIENTED_EDGE('',*,*,#8596,.T.);
#12189 = ORIENTED_EDGE('',*,*,#12148,.T.);
#12190 = ORIENTED_EDGE('',*,*,#12191,.T.);
#12191 = EDGE_CURVE('',#12124,#10193,#12192,.T.);
#12192 = LINE('',#12193,#12194);
#12193 = CARTESIAN_POINT('',(-25.34999999994,-11.97632325366,-7.3));
#12194 = VECTOR('',#12195,1.);
#12195 = DIRECTION('',(0.707106781169,5.05196855785E-06,-0.707106781187)
  );
#12196 = B_SPLINE_SURFACE_WITH_KNOTS('',1,9,(
    (#12197,#12198,#12199,#12200,#12201,#12202,#12203,#12204,#12205
      ,#12206)
    ,(#12207,#12208,#12209,#12210,#12211,#12212,#12213,#12214,#12215
      ,#12216
    )),.UNSPECIFIED.,.F.,.F.,.F.,(2,2),(10,10),(6.,7.),(1.078963977376,
    3.141599798152),.PIECEWISE_BEZIER_KNOTS.);
#12197 = CARTESIAN_POINT('',(-21.93870973238,-10.10507337116,-9.2));
#12198 = CARTESIAN_POINT('',(-22.48640888044,-10.00600034461,-9.2));
#12199 = CARTESIAN_POINT('',(-23.01362100657,-10.07878241184,-9.2));
#12200 = CARTESIAN_POINT('',(-23.46067606409,-10.30381882646,-9.2));
#12201 = CARTESIAN_POINT('',(-23.77931985791,-10.63789569053,-9.2));
#12202 = CARTESIAN_POINT('',(-23.94365996874,-11.02079887542,-9.2));
#12203 = CARTESIAN_POINT('',(-23.9570140439,-11.38831440134,-9.2));
#12204 = CARTESIAN_POINT('',(-23.84872089928,-11.68781502429,-9.2));
#12205 = CARTESIAN_POINT('',(-23.66349584861,-11.88710781144,-9.2));
#12206 = CARTESIAN_POINT('',(-23.44999999999,-11.97630967899,-9.2));
#12207 = CARTESIAN_POINT('',(-21.93870973238,-10.10507337116,-7.7));
#12208 = CARTESIAN_POINT('',(-22.38671338103,-9.819912438959,
    -7.655555555556));
#12209 = CARTESIAN_POINT('',(-22.91018790276,-9.655197723461,
    -7.611111111111));
#12210 = CARTESIAN_POINT('',(-23.47218713142,-9.633742170328,
    -7.566666666667));
#12211 = CARTESIAN_POINT('',(-24.02772746387,-9.765153020228,
    -7.522222222222));
#12212 = CARTESIAN_POINT('',(-24.52942957161,-10.04245730593,
    -7.477777777778));
#12213 = CARTESIAN_POINT('',(-24.93499285284,-10.44165247034,
    -7.433333333333));
#12214 = CARTESIAN_POINT('',(-25.21423347687,-10.92579543537,
    -7.388888888889));
#12215 = CARTESIAN_POINT('',(-25.35238784852,-11.45167453788,
    -7.344444444444));
#12216 = CARTESIAN_POINT('',(-25.34999999994,-11.97632325366,-7.3));
#12217 = ADVANCED_FACE('',(#12218),#12241,.T.);
#12218 = FACE_BOUND('',#12219,.T.);
#12219 = EDGE_LOOP('',(#12220,#12221,#12229,#12240));
#12220 = ORIENTED_EDGE('',*,*,#10158,.F.);
#12221 = ORIENTED_EDGE('',*,*,#12222,.F.);
#12222 = EDGE_CURVE('',#12223,#10135,#12225,.T.);
#12223 = VERTEX_POINT('',#12224);
#12224 = CARTESIAN_POINT('',(-17.9,-19.54131825247,-8.2));
#12225 = LINE('',#12226,#12227);
#12226 = CARTESIAN_POINT('',(-17.9,-19.54131825247,-8.2));
#12227 = VECTOR('',#12228,1.);
#12228 = DIRECTION('',(0.624695047554,-1.7E-16,-0.780868809443));
#12229 = ORIENTED_EDGE('',*,*,#12230,.T.);
#12230 = EDGE_CURVE('',#12223,#8697,#12231,.T.);
#12231 = B_SPLINE_CURVE_WITH_KNOTS('',7,(#12232,#12233,#12234,#12235,
    #12236,#12237,#12238,#12239),.UNSPECIFIED.,.F.,.F.,(8,8),(-4.44E-15,
    0.977384381117),.PIECEWISE_BEZIER_KNOTS.);
#12232 = CARTESIAN_POINT('',(-17.9,-19.54131825247,-8.2));
#12233 = CARTESIAN_POINT('',(-17.9,-19.70886986066,-8.128571428571));
#12234 = CARTESIAN_POINT('',(-17.92729372081,-19.87642146885,
    -8.057142857143));
#12235 = CARTESIAN_POINT('',(-17.98188101442,-20.03863785557,
    -7.985714285714));
#12236 = CARTESIAN_POINT('',(-18.06245916149,-20.19018330928,
    -7.914285714286));
#12237 = CARTESIAN_POINT('',(-18.16641781375,-20.32614847896,
    -7.842857142857));
#12238 = CARTESIAN_POINT('',(-18.2900619373,-20.44246966927,
    -7.771428571429));
#12239 = CARTESIAN_POINT('',(-18.42896851583,-20.53616333954,-7.7));
#12240 = ORIENTED_EDGE('',*,*,#8696,.F.);
#12241 = B_SPLINE_SURFACE_WITH_KNOTS('',1,7,(
    (#12242,#12243,#12244,#12245,#12246,#12247,#12248,#12249)
    ,(#12250,#12251,#12252,#12253,#12254,#12255,#12256,#12257
  )),.UNSPECIFIED.,.F.,.F.,.F.,(2,2),(8,8),(6.,7.),(-4.44E-15,
    0.977384381117),.PIECEWISE_BEZIER_KNOTS.);
#12242 = CARTESIAN_POINT('',(-17.1,-19.54131825247,-9.2));
#12243 = CARTESIAN_POINT('',(-17.21428571428,-19.82057093279,-9.2));
#12244 = CARTESIAN_POINT('',(-17.37406096326,-20.0625899224,-9.2));
#12245 = CARTESIAN_POINT('',(-17.56840843643,-20.25848397023,-9.2));
#12246 = CARTESIAN_POINT('',(-17.78423688978,-20.40291209862,-9.2));
#12247 = CARTESIAN_POINT('',(-18.0077341644,-20.49482196564,-9.2));
#12248 = CARTESIAN_POINT('',(-18.2261541769,-20.53721682042,-9.2));
#12249 = CARTESIAN_POINT('',(-18.42896851583,-20.53616333954,-9.2));
#12250 = CARTESIAN_POINT('',(-17.9,-19.54131825247,-8.2));
#12251 = CARTESIAN_POINT('',(-17.9,-19.70886986066,-8.128571428571));
#12252 = CARTESIAN_POINT('',(-17.92729372081,-19.87642146885,
    -8.057142857143));
#12253 = CARTESIAN_POINT('',(-17.98188101442,-20.03863785557,
    -7.985714285714));
#12254 = CARTESIAN_POINT('',(-18.06245916149,-20.19018330928,
    -7.914285714286));
#12255 = CARTESIAN_POINT('',(-18.16641781375,-20.32614847896,
    -7.842857142857));
#12256 = CARTESIAN_POINT('',(-18.2900619373,-20.44246966927,
    -7.771428571429));
#12257 = CARTESIAN_POINT('',(-18.42896851583,-20.53616333954,-7.7));
#12258 = ADVANCED_FACE('',(#12259),#12270,.T.);
#12259 = FACE_BOUND('',#12260,.T.);
#12260 = EDGE_LOOP('',(#12261,#12262,#12268,#12269));
#12261 = ORIENTED_EDGE('',*,*,#12230,.F.);
#12262 = ORIENTED_EDGE('',*,*,#12263,.F.);
#12263 = EDGE_CURVE('',#8820,#12223,#12264,.T.);
#12264 = LINE('',#12265,#12266);
#12265 = CARTESIAN_POINT('',(-17.9,-19.54131825247,-4.7));
#12266 = VECTOR('',#12267,1.);
#12267 = DIRECTION('',(0.,-2.2E-16,-1.));
#12268 = ORIENTED_EDGE('',*,*,#8819,.T.);
#12269 = ORIENTED_EDGE('',*,*,#8742,.F.);
#12270 = B_SPLINE_SURFACE_WITH_KNOTS('',1,7,(
    (#12271,#12272,#12273,#12274,#12275,#12276,#12277,#12278)
    ,(#12279,#12280,#12281,#12282,#12283,#12284,#12285,#12286
  )),.UNSPECIFIED.,.F.,.F.,.F.,(2,2),(8,8),(7.,8.),(-4.44E-15,
    0.977384381117),.PIECEWISE_BEZIER_KNOTS.);
#12271 = CARTESIAN_POINT('',(-17.9,-19.54131825247,-8.2));
#12272 = CARTESIAN_POINT('',(-17.9,-19.70886986066,-8.128571428571));
#12273 = CARTESIAN_POINT('',(-17.92729372081,-19.87642146885,
    -8.057142857143));
#12274 = CARTESIAN_POINT('',(-17.98188101442,-20.03863785557,
    -7.985714285714));
#12275 = CARTESIAN_POINT('',(-18.06245916149,-20.19018330928,
    -7.914285714286));
#12276 = CARTESIAN_POINT('',(-18.16641781375,-20.32614847896,
    -7.842857142857));
#12277 = CARTESIAN_POINT('',(-18.2900619373,-20.44246966927,
    -7.771428571429));
#12278 = CARTESIAN_POINT('',(-18.42896851583,-20.53616333954,-7.7));
#12279 = CARTESIAN_POINT('',(-17.9,-19.54131825247,-4.7));
#12280 = CARTESIAN_POINT('',(-17.9,-19.70886986066,-4.771428571429));
#12281 = CARTESIAN_POINT('',(-17.92729372081,-19.87642146885,
    -4.842857142857));
#12282 = CARTESIAN_POINT('',(-17.98188101442,-20.03863785557,
    -4.914285714286));
#12283 = CARTESIAN_POINT('',(-18.06245916149,-20.19018330928,
    -4.985714285714));
#12284 = CARTESIAN_POINT('',(-18.16641781375,-20.32614847895,
    -5.057142857143));
#12285 = CARTESIAN_POINT('',(-18.2900619373,-20.44246966927,
    -5.128571428571));
#12286 = CARTESIAN_POINT('',(-18.42896851583,-20.53616333954,-5.2));
#12287 = ADVANCED_FACE('',(#12288),#12299,.T.);
#12288 = FACE_BOUND('',#12289,.T.);
#12289 = EDGE_LOOP('',(#12290,#12296,#12297,#12298));
#12290 = ORIENTED_EDGE('',*,*,#12291,.F.);
#12291 = EDGE_CURVE('',#8958,#12223,#12292,.T.);
#12292 = LINE('',#12293,#12294);
#12293 = CARTESIAN_POINT('',(-17.9,24.808681747526,-8.2));
#12294 = VECTOR('',#12295,1.);
#12295 = DIRECTION('',(-1.1E-16,-1.,1.4E-16));
#12296 = ORIENTED_EDGE('',*,*,#8972,.T.);
#12297 = ORIENTED_EDGE('',*,*,#8860,.T.);
#12298 = ORIENTED_EDGE('',*,*,#12263,.T.);
#12299 = PLANE('',#12300);
#12300 = AXIS2_PLACEMENT_3D('',#12301,#12302,#12303);
#12301 = CARTESIAN_POINT('',(-17.9,24.808681747526,-4.7));
#12302 = DIRECTION('',(1.,0.,0.));
#12303 = DIRECTION('',(-0.,2.2E-16,1.));
#12304 = ADVANCED_FACE('',(#12305),#12311,.T.);
#12305 = FACE_BOUND('',#12306,.T.);
#12306 = EDGE_LOOP('',(#12307,#12308,#12309,#12310));
#12307 = ORIENTED_EDGE('',*,*,#10134,.F.);
#12308 = ORIENTED_EDGE('',*,*,#9000,.T.);
#12309 = ORIENTED_EDGE('',*,*,#12291,.T.);
#12310 = ORIENTED_EDGE('',*,*,#12222,.T.);
#12311 = PLANE('',#12312);
#12312 = AXIS2_PLACEMENT_3D('',#12313,#12314,#12315);
#12313 = CARTESIAN_POINT('',(-17.9,24.808681747526,-8.2));
#12314 = DIRECTION('',(0.780868809443,0.,0.624695047554));
#12315 = DIRECTION('',(-0.624695047554,1.7E-16,0.780868809443));
#12316 = ADVANCED_FACE('',(#12317),#12336,.F.);
#12317 = FACE_BOUND('',#12318,.F.);
#12318 = EDGE_LOOP('',(#12319,#12328,#12329,#12330));
#12319 = ORIENTED_EDGE('',*,*,#12320,.T.);
#12320 = EDGE_CURVE('',#12321,#9073,#12323,.T.);
#12321 = VERTEX_POINT('',#12322);
#12322 = CARTESIAN_POINT('',(-24.94666666666,18.513312274849,-7.3));
#12323 = CIRCLE('',#12324,2.2);
#12324 = AXIS2_PLACEMENT_3D('',#12325,#12326,#12327);
#12325 = CARTESIAN_POINT('',(-23.14999999999,17.243671030683,-7.3));
#12326 = DIRECTION('',(0.,-0.,1.));
#12327 = DIRECTION('',(1.,3.714E-14,0.));
#12328 = ORIENTED_EDGE('',*,*,#9087,.F.);
#12329 = ORIENTED_EDGE('',*,*,#9199,.F.);
#12330 = ORIENTED_EDGE('',*,*,#12331,.T.);
#12331 = EDGE_CURVE('',#9200,#12321,#12332,.T.);
#12332 = LINE('',#12333,#12334);
#12333 = CARTESIAN_POINT('',(-24.94666666666,18.513312274849,-5.6));
#12334 = VECTOR('',#12335,1.);
#12335 = DIRECTION('',(0.,0.,-1.));
#12336 = CYLINDRICAL_SURFACE('',#12337,2.2);
#12337 = AXIS2_PLACEMENT_3D('',#12338,#12339,#12340);
#12338 = CARTESIAN_POINT('',(-23.14999999999,17.243671030683,-5.6));
#12339 = DIRECTION('',(0.,0.,1.));
#12340 = DIRECTION('',(1.,3.714E-14,-0.));
#12341 = ADVANCED_FACE('',(#12342),#12353,.F.);
#12342 = FACE_BOUND('',#12343,.F.);
#12343 = EDGE_LOOP('',(#12344,#12345,#12346,#12347));
#12344 = ORIENTED_EDGE('',*,*,#10116,.T.);
#12345 = ORIENTED_EDGE('',*,*,#9134,.F.);
#12346 = ORIENTED_EDGE('',*,*,#12320,.F.);
#12347 = ORIENTED_EDGE('',*,*,#12348,.T.);
#12348 = EDGE_CURVE('',#12321,#10092,#12349,.T.);
#12349 = LINE('',#12350,#12351);
#12350 = CARTESIAN_POINT('',(-24.94666666666,18.513312274849,-7.3));
#12351 = VECTOR('',#12352,1.);
#12352 = DIRECTION('',(0.577470537969,-0.408078151556,-0.707106781187));
#12353 = CONICAL_SURFACE('',#12354,2.2,0.785398163397);
#12354 = AXIS2_PLACEMENT_3D('',#12355,#12356,#12357);
#12355 = CARTESIAN_POINT('',(-23.14999999999,17.243671030683,-7.3));
#12356 = DIRECTION('',(0.,0.,1.));
#12357 = DIRECTION('',(1.,3.714E-14,-0.));
#12358 = ADVANCED_FACE('',(#12359),#12378,.T.);
#12359 = FACE_BOUND('',#12360,.T.);
#12360 = EDGE_LOOP('',(#12361,#12370,#12376,#12377));
#12361 = ORIENTED_EDGE('',*,*,#12362,.F.);
#12362 = EDGE_CURVE('',#12363,#12321,#12365,.T.);
#12363 = VERTEX_POINT('',#12364);
#12364 = CARTESIAN_POINT('',(-24.25,20.706328969317,-7.3));
#12365 = CIRCLE('',#12366,3.8);
#12366 = AXIS2_PLACEMENT_3D('',#12367,#12368,#12369);
#12367 = CARTESIAN_POINT('',(-28.05,20.706328969317,-7.3));
#12368 = DIRECTION('',(0.,-0.,-1.));
#12369 = DIRECTION('',(1.,-2.15E-14,0.));
#12370 = ORIENTED_EDGE('',*,*,#12371,.T.);
#12371 = EDGE_CURVE('',#12363,#9225,#12372,.T.);
#12372 = LINE('',#12373,#12374);
#12373 = CARTESIAN_POINT('',(-24.25,20.706328969317,-5.6));
#12374 = VECTOR('',#12375,1.);
#12375 = DIRECTION('',(0.,2.2E-16,1.));
#12376 = ORIENTED_EDGE('',*,*,#9224,.T.);
#12377 = ORIENTED_EDGE('',*,*,#12331,.T.);
#12378 = CYLINDRICAL_SURFACE('',#12379,3.8);
#12379 = AXIS2_PLACEMENT_3D('',#12380,#12381,#12382);
#12380 = CARTESIAN_POINT('',(-28.05,20.706328969317,-5.6));
#12381 = DIRECTION('',(0.,0.,-1.));
#12382 = DIRECTION('',(1.,-2.15E-14,0.));
#12383 = ADVANCED_FACE('',(#12384),#12402,.T.);
#12384 = FACE_BOUND('',#12385,.T.);
#12385 = EDGE_LOOP('',(#12386,#12394,#12395,#12396));
#12386 = ORIENTED_EDGE('',*,*,#12387,.T.);
#12387 = EDGE_CURVE('',#12388,#9250,#12390,.T.);
#12388 = VERTEX_POINT('',#12389);
#12389 = CARTESIAN_POINT('',(-24.25,38.902747313698,-7.3));
#12390 = LINE('',#12391,#12392);
#12391 = CARTESIAN_POINT('',(-24.25,38.902747313698,-5.6));
#12392 = VECTOR('',#12393,1.);
#12393 = DIRECTION('',(0.,0.,1.));
#12394 = ORIENTED_EDGE('',*,*,#9259,.T.);
#12395 = ORIENTED_EDGE('',*,*,#12371,.F.);
#12396 = ORIENTED_EDGE('',*,*,#12397,.F.);
#12397 = EDGE_CURVE('',#12388,#12363,#12398,.T.);
#12398 = LINE('',#12399,#12400);
#12399 = CARTESIAN_POINT('',(-24.25,38.902747313698,-7.3));
#12400 = VECTOR('',#12401,1.);
#12401 = DIRECTION('',(-5.169E-14,-1.,5.169E-14));
#12402 = PLANE('',#12403);
#12403 = AXIS2_PLACEMENT_3D('',#12404,#12405,#12406);
#12404 = CARTESIAN_POINT('',(-24.25,29.804538141508,-6.45));
#12405 = DIRECTION('',(1.,-2.034E-14,-2.4489E-13));
#12406 = DIRECTION('',(2.4489E-13,1.328876940737E-43,1.));
#12407 = ADVANCED_FACE('',(#12408),#12427,.F.);
#12408 = FACE_BOUND('',#12409,.F.);
#12409 = EDGE_LOOP('',(#12410,#12419,#12420,#12421));
#12410 = ORIENTED_EDGE('',*,*,#12411,.T.);
#12411 = EDGE_CURVE('',#12412,#12388,#12414,.T.);
#12412 = VERTEX_POINT('',#12413);
#12413 = CARTESIAN_POINT('',(-22.63157894736,40.906803104385,-7.3));
#12414 = CIRCLE('',#12415,2.05);
#12415 = AXIS2_PLACEMENT_3D('',#12416,#12417,#12418);
#12416 = CARTESIAN_POINT('',(-22.2,38.902747313698,-7.3));
#12417 = DIRECTION('',(0.,-0.,1.));
#12418 = DIRECTION('',(1.,3.813E-14,0.));
#12419 = ORIENTED_EDGE('',*,*,#12387,.T.);
#12420 = ORIENTED_EDGE('',*,*,#9273,.F.);
#12421 = ORIENTED_EDGE('',*,*,#12422,.T.);
#12422 = EDGE_CURVE('',#9274,#12412,#12423,.T.);
#12423 = LINE('',#12424,#12425);
#12424 = CARTESIAN_POINT('',(-22.63157894736,40.906803104385,-5.6));
#12425 = VECTOR('',#12426,1.);
#12426 = DIRECTION('',(0.,0.,-1.));
#12427 = CYLINDRICAL_SURFACE('',#12428,2.05);
#12428 = AXIS2_PLACEMENT_3D('',#12429,#12430,#12431);
#12429 = CARTESIAN_POINT('',(-22.2,38.902747313698,-5.6));
#12430 = DIRECTION('',(0.,0.,1.));
#12431 = DIRECTION('',(1.,3.813E-14,-0.));
#12432 = ADVANCED_FACE('',(#12433),#12452,.T.);
#12433 = FACE_BOUND('',#12434,.T.);
#12434 = EDGE_LOOP('',(#12435,#12444,#12450,#12451));
#12435 = ORIENTED_EDGE('',*,*,#12436,.F.);
#12436 = EDGE_CURVE('',#12437,#12412,#12439,.T.);
#12437 = VERTEX_POINT('',#12438);
#12438 = CARTESIAN_POINT('',(-19.75056175452,44.410964912281,-7.3));
#12439 = CIRCLE('',#12440,3.65);
#12440 = AXIS2_PLACEMENT_3D('',#12441,#12442,#12443);
#12441 = CARTESIAN_POINT('',(-23.4,44.475,-7.3));
#12442 = DIRECTION('',(0.,-0.,-1.));
#12443 = DIRECTION('',(1.,-2.336E-14,0.));
#12444 = ORIENTED_EDGE('',*,*,#12445,.T.);
#12445 = EDGE_CURVE('',#12437,#9299,#12446,.T.);
#12446 = LINE('',#12447,#12448);
#12447 = CARTESIAN_POINT('',(-19.75056175452,44.410964912281,-5.6));
#12448 = VECTOR('',#12449,1.);
#12449 = DIRECTION('',(0.,0.,1.));
#12450 = ORIENTED_EDGE('',*,*,#9298,.T.);
#12451 = ORIENTED_EDGE('',*,*,#12422,.T.);
#12452 = CYLINDRICAL_SURFACE('',#12453,3.65);
#12453 = AXIS2_PLACEMENT_3D('',#12454,#12455,#12456);
#12454 = CARTESIAN_POINT('',(-23.4,44.475,-5.6));
#12455 = DIRECTION('',(0.,0.,-1.));
#12456 = DIRECTION('',(1.,-2.336E-14,0.));
#12457 = ADVANCED_FACE('',(#12458),#12477,.F.);
#12458 = FACE_BOUND('',#12459,.F.);
#12459 = EDGE_LOOP('',(#12460,#12469,#12470,#12471));
#12460 = ORIENTED_EDGE('',*,*,#12461,.T.);
#12461 = EDGE_CURVE('',#12462,#12437,#12464,.T.);
#12462 = VERTEX_POINT('',#12463);
#12463 = CARTESIAN_POINT('',(-17.70087726049,46.425,-7.3));
#12464 = CIRCLE('',#12465,2.05);
#12465 = AXIS2_PLACEMENT_3D('',#12466,#12467,#12468);
#12466 = CARTESIAN_POINT('',(-17.70087726049,44.375,-7.3));
#12467 = DIRECTION('',(0.,-0.,1.));
#12468 = DIRECTION('',(1.,4.159E-14,0.));
#12469 = ORIENTED_EDGE('',*,*,#12445,.T.);
#12470 = ORIENTED_EDGE('',*,*,#9323,.F.);
#12471 = ORIENTED_EDGE('',*,*,#12472,.F.);
#12472 = EDGE_CURVE('',#12462,#9324,#12473,.T.);
#12473 = LINE('',#12474,#12475);
#12474 = CARTESIAN_POINT('',(-17.70087726049,46.425,-5.6));
#12475 = VECTOR('',#12476,1.);
#12476 = DIRECTION('',(2.2E-16,-0.,1.));
#12477 = CYLINDRICAL_SURFACE('',#12478,2.05);
#12478 = AXIS2_PLACEMENT_3D('',#12479,#12480,#12481);
#12479 = CARTESIAN_POINT('',(-17.70087726049,44.375,-5.6));
#12480 = DIRECTION('',(0.,0.,1.));
#12481 = DIRECTION('',(1.,4.159E-14,-0.));
#12482 = ADVANCED_FACE('',(#12483),#12494,.T.);
#12483 = FACE_BOUND('',#12484,.T.);
#12484 = EDGE_LOOP('',(#12485,#12491,#12492,#12493));
#12485 = ORIENTED_EDGE('',*,*,#12486,.F.);
#12486 = EDGE_CURVE('',#10884,#12462,#12487,.T.);
#12487 = LINE('',#12488,#12489);
#12488 = CARTESIAN_POINT('',(-17.70087726049,46.425,-7.3));
#12489 = VECTOR('',#12490,1.);
#12490 = DIRECTION('',(-1.,5.322E-14,5.322E-14));
#12491 = ORIENTED_EDGE('',*,*,#10892,.T.);
#12492 = ORIENTED_EDGE('',*,*,#9348,.T.);
#12493 = ORIENTED_EDGE('',*,*,#12472,.F.);
#12494 = PLANE('',#12495);
#12495 = AXIS2_PLACEMENT_3D('',#12496,#12497,#12498);
#12496 = CARTESIAN_POINT('',(-17.70087726049,46.425,-5.6));
#12497 = DIRECTION('',(-0.,-1.,-0.));
#12498 = DIRECTION('',(2.2E-16,-0.,1.));
#12499 = ADVANCED_FACE('',(#12500),#12511,.T.);
#12500 = FACE_BOUND('',#12501,.T.);
#12501 = EDGE_LOOP('',(#12502,#12503,#12504,#12505));
#12502 = ORIENTED_EDGE('',*,*,#9602,.F.);
#12503 = ORIENTED_EDGE('',*,*,#11274,.T.);
#12504 = ORIENTED_EDGE('',*,*,#11229,.T.);
#12505 = ORIENTED_EDGE('',*,*,#12506,.T.);
#12506 = EDGE_CURVE('',#11205,#9603,#12507,.T.);
#12507 = LINE('',#12508,#12509);
#12508 = CARTESIAN_POINT('',(25.221666666667,11.129257420855,-7.3));
#12509 = VECTOR('',#12510,1.);
#12510 = DIRECTION('',(-0.665858885617,0.237974671855,-0.707106781187));
#12511 = CONICAL_SURFACE('',#12512,3.8,0.785398163397);
#12512 = AXIS2_PLACEMENT_3D('',#12513,#12514,#12515);
#12513 = CARTESIAN_POINT('',(28.8,9.850378788789,-7.3));
#12514 = DIRECTION('',(0.,0.,-1.));
#12515 = DIRECTION('',(1.,0.,0.));
#12516 = ADVANCED_FACE('',(#12517),#12528,.F.);
#12517 = FACE_BOUND('',#12518,.F.);
#12518 = EDGE_LOOP('',(#12519,#12520,#12526,#12527));
#12519 = ORIENTED_EDGE('',*,*,#9634,.T.);
#12520 = ORIENTED_EDGE('',*,*,#12521,.T.);
#12521 = EDGE_CURVE('',#9627,#11180,#12522,.T.);
#12522 = LINE('',#12523,#12524);
#12523 = CARTESIAN_POINT('',(25.221666666667,12.610064257985,-7.3));
#12524 = VECTOR('',#12525,1.);
#12525 = DIRECTION('',(0.665858885617,0.237974671855,0.707106781187));
#12526 = ORIENTED_EDGE('',*,*,#11204,.F.);
#12527 = ORIENTED_EDGE('',*,*,#12506,.T.);
#12528 = CONICAL_SURFACE('',#12529,2.2,0.785398163397);
#12529 = AXIS2_PLACEMENT_3D('',#12530,#12531,#12532);
#12530 = CARTESIAN_POINT('',(23.15,11.86966083942,-7.3));
#12531 = DIRECTION('',(0.,0.,1.));
#12532 = DIRECTION('',(1.,0.,-0.));
#12533 = ADVANCED_FACE('',(#12534),#12545,.T.);
#12534 = FACE_BOUND('',#12535,.T.);
#12535 = EDGE_LOOP('',(#12536,#12537,#12538,#12539));
#12536 = ORIENTED_EDGE('',*,*,#9652,.F.);
#12537 = ORIENTED_EDGE('',*,*,#12521,.T.);
#12538 = ORIENTED_EDGE('',*,*,#11179,.T.);
#12539 = ORIENTED_EDGE('',*,*,#12540,.T.);
#12540 = EDGE_CURVE('',#11156,#9653,#12541,.T.);
#12541 = LINE('',#12542,#12543);
#12542 = CARTESIAN_POINT('',(25.,13.888942890051,-7.3));
#12543 = VECTOR('',#12544,1.);
#12544 = DIRECTION('',(-0.707106781187,-9.E-17,-0.707106781187));
#12545 = CONICAL_SURFACE('',#12546,3.8,0.785398163397);
#12546 = AXIS2_PLACEMENT_3D('',#12547,#12548,#12549);
#12547 = CARTESIAN_POINT('',(28.8,13.888942890051,-7.3));
#12548 = DIRECTION('',(0.,0.,-1.));
#12549 = DIRECTION('',(1.,0.,0.));
#12550 = ADVANCED_FACE('',(#12551),#12562,.T.);
#12551 = FACE_BOUND('',#12552,.T.);
#12552 = EDGE_LOOP('',(#12553,#12554,#12555,#12556));
#12553 = ORIENTED_EDGE('',*,*,#9677,.F.);
#12554 = ORIENTED_EDGE('',*,*,#12540,.F.);
#12555 = ORIENTED_EDGE('',*,*,#11155,.T.);
#12556 = ORIENTED_EDGE('',*,*,#12557,.F.);
#12557 = EDGE_CURVE('',#9678,#11131,#12558,.T.);
#12558 = LINE('',#12559,#12560);
#12559 = CARTESIAN_POINT('',(25.,38.792790922537,-7.3));
#12560 = VECTOR('',#12561,1.);
#12561 = DIRECTION('',(0.707106781187,-5.6E-16,0.707106781187));
#12562 = PLANE('',#12563);
#12563 = AXIS2_PLACEMENT_3D('',#12564,#12565,#12566);
#12564 = CARTESIAN_POINT('',(25.,38.792790922537,-7.3));
#12565 = DIRECTION('',(-0.707106781187,0.,0.707106781187));
#12566 = DIRECTION('',(0.707106781187,-5.6E-16,0.707106781187));
#12567 = ADVANCED_FACE('',(#12568),#12579,.F.);
#12568 = FACE_BOUND('',#12569,.F.);
#12569 = EDGE_LOOP('',(#12570,#12571,#12577,#12578));
#12570 = ORIENTED_EDGE('',*,*,#9708,.T.);
#12571 = ORIENTED_EDGE('',*,*,#12572,.T.);
#12572 = EDGE_CURVE('',#9701,#11106,#12573,.T.);
#12573 = LINE('',#12574,#12575);
#12574 = CARTESIAN_POINT('',(23.111842105263,40.836392432853,-7.3));
#12575 = VECTOR('',#12576,1.);
#12576 = DIRECTION('',(5.582421956734E-02,0.704899749262,0.707106781187)
  );
#12577 = ORIENTED_EDGE('',*,*,#11130,.F.);
#12578 = ORIENTED_EDGE('',*,*,#12557,.F.);
#12579 = CONICAL_SURFACE('',#12580,2.05,0.785398163397);
#12580 = AXIS2_PLACEMENT_3D('',#12581,#12582,#12583);
#12581 = CARTESIAN_POINT('',(22.95,38.792790922537,-7.3));
#12582 = DIRECTION('',(0.,0.,1.));
#12583 = DIRECTION('',(1.,0.,-0.));
#12584 = ADVANCED_FACE('',(#12585),#12596,.T.);
#12585 = FACE_BOUND('',#12586,.T.);
#12586 = EDGE_LOOP('',(#12587,#12588,#12589,#12590));
#12587 = ORIENTED_EDGE('',*,*,#9726,.F.);
#12588 = ORIENTED_EDGE('',*,*,#12572,.T.);
#12589 = ORIENTED_EDGE('',*,*,#11105,.T.);
#12590 = ORIENTED_EDGE('',*,*,#12591,.T.);
#12591 = EDGE_CURVE('',#11081,#9727,#12592,.T.);
#12592 = LINE('',#12593,#12594);
#12593 = CARTESIAN_POINT('',(19.750561754524,44.410964912281,-7.3));
#12594 = VECTOR('',#12595,1.);
#12595 = DIRECTION('',(-0.706997953671,-1.240538212607E-02,
    -0.707106781187));
#12596 = CONICAL_SURFACE('',#12597,3.65,0.785398163397);
#12597 = AXIS2_PLACEMENT_3D('',#12598,#12599,#12600);
#12598 = CARTESIAN_POINT('',(23.4,44.475,-7.3));
#12599 = DIRECTION('',(0.,0.,-1.));
#12600 = DIRECTION('',(1.,0.,0.));
#12601 = ADVANCED_FACE('',(#12602),#12613,.F.);
#12602 = FACE_BOUND('',#12603,.F.);
#12603 = EDGE_LOOP('',(#12604,#12605,#12611,#12612));
#12604 = ORIENTED_EDGE('',*,*,#9758,.T.);
#12605 = ORIENTED_EDGE('',*,*,#12606,.T.);
#12606 = EDGE_CURVE('',#9751,#11057,#12607,.T.);
#12607 = LINE('',#12608,#12609);
#12608 = CARTESIAN_POINT('',(17.70087726049,46.425,-7.3));
#12609 = VECTOR('',#12610,1.);
#12610 = DIRECTION('',(5.1E-16,0.707106781187,0.707106781187));
#12611 = ORIENTED_EDGE('',*,*,#11080,.F.);
#12612 = ORIENTED_EDGE('',*,*,#12591,.T.);
#12613 = CONICAL_SURFACE('',#12614,2.05,0.785398163397);
#12614 = AXIS2_PLACEMENT_3D('',#12615,#12616,#12617);
#12615 = CARTESIAN_POINT('',(17.70087726049,44.375,-7.3));
#12616 = DIRECTION('',(0.,0.,1.));
#12617 = DIRECTION('',(1.,0.,-0.));
#12618 = ADVANCED_FACE('',(#12619),#12630,.T.);
#12619 = FACE_BOUND('',#12620,.T.);
#12620 = EDGE_LOOP('',(#12621,#12622,#12623,#12624));
#12621 = ORIENTED_EDGE('',*,*,#9776,.F.);
#12622 = ORIENTED_EDGE('',*,*,#12606,.T.);
#12623 = ORIENTED_EDGE('',*,*,#11056,.T.);
#12624 = ORIENTED_EDGE('',*,*,#12625,.F.);
#12625 = EDGE_CURVE('',#9777,#11032,#12626,.T.);
#12626 = LINE('',#12627,#12628);
#12627 = CARTESIAN_POINT('',(14.70087726049,46.425,-7.3));
#12628 = VECTOR('',#12629,1.);
#12629 = DIRECTION('',(5.5E-16,0.707106781187,0.707106781187));
#12630 = PLANE('',#12631);
#12631 = AXIS2_PLACEMENT_3D('',#12632,#12633,#12634);
#12632 = CARTESIAN_POINT('',(14.70087726049,46.425,-7.3));
#12633 = DIRECTION('',(0.,-0.707106781187,0.707106781187));
#12634 = DIRECTION('',(5.5E-16,0.707106781187,0.707106781187));
#12635 = ADVANCED_FACE('',(#12636),#12646,.F.);
#12636 = FACE_BOUND('',#12637,.F.);
#12637 = EDGE_LOOP('',(#12638,#12639,#12644,#12645));
#12638 = ORIENTED_EDGE('',*,*,#9806,.T.);
#12639 = ORIENTED_EDGE('',*,*,#12640,.T.);
#12640 = EDGE_CURVE('',#9800,#11010,#12641,.T.);
#12641 = B_SPLINE_CURVE_WITH_KNOTS('',1,(#12642,#12643),.UNSPECIFIED.,
  .F.,.F.,(2,2),(6.,7.),.PIECEWISE_BEZIER_KNOTS.);
#12642 = CARTESIAN_POINT('',(14.694057276889,44.507686462984,-9.2));
#12643 = CARTESIAN_POINT('',(13.398260392771,43.118114429907,-7.3));
#12644 = ORIENTED_EDGE('',*,*,#11031,.F.);
#12645 = ORIENTED_EDGE('',*,*,#12625,.F.);
#12646 = CONICAL_SURFACE('',#12647,1.91,0.785398163397);
#12647 = AXIS2_PLACEMENT_3D('',#12648,#12649,#12650);
#12648 = CARTESIAN_POINT('',(14.70087726049,44.515,-7.3));
#12649 = DIRECTION('',(0.,0.,1.));
#12650 = DIRECTION('',(1.,0.,-0.));
#12651 = ADVANCED_FACE('',(#12652),#12663,.T.);
#12652 = FACE_BOUND('',#12653,.T.);
#12653 = EDGE_LOOP('',(#12654,#12655,#12656,#12657));
#12654 = ORIENTED_EDGE('',*,*,#9824,.F.);
#12655 = ORIENTED_EDGE('',*,*,#12640,.T.);
#12656 = ORIENTED_EDGE('',*,*,#11009,.T.);
#12657 = ORIENTED_EDGE('',*,*,#12658,.T.);
#12658 = EDGE_CURVE('',#10985,#9825,#12659,.T.);
#12659 = LINE('',#12660,#12661);
#12660 = CARTESIAN_POINT('',(15.106098899134,42.345925734696,
    -6.600000000001));
#12661 = VECTOR('',#12662,1.);
#12662 = DIRECTION('',(-0.482245665158,-0.517145161861,-0.707106781187)
  );
#12663 = B_SPLINE_SURFACE_WITH_KNOTS('',1,1,(
    (#12664,#12665)
    ,(#12666,#12667
    )),.UNSPECIFIED.,.F.,.F.,.F.,(2,2),(2,2),(6.,7.),(0.,1.77566543719),
  .PIECEWISE_BEZIER_KNOTS.);
#12664 = CARTESIAN_POINT('',(14.694057276889,44.507686462984,-9.2));
#12665 = CARTESIAN_POINT('',(14.696899883097,41.907113513724,
    -7.200000000001));
#12666 = CARTESIAN_POINT('',(13.398260392771,43.118114429907,-7.3));
#12667 = CARTESIAN_POINT('',(15.106098899134,42.345925734696,
    -6.600000000001));
#12668 = ADVANCED_FACE('',(#12669),#12680,.T.);
#12669 = FACE_BOUND('',#12670,.T.);
#12670 = EDGE_LOOP('',(#12671,#12672,#12673,#12674));
#12671 = ORIENTED_EDGE('',*,*,#9847,.F.);
#12672 = ORIENTED_EDGE('',*,*,#12658,.F.);
#12673 = ORIENTED_EDGE('',*,*,#10984,.T.);
#12674 = ORIENTED_EDGE('',*,*,#12675,.T.);
#12675 = EDGE_CURVE('',#10961,#9848,#12676,.T.);
#12676 = LINE('',#12677,#12678);
#12677 = CARTESIAN_POINT('',(13.128303654953,37.325,-6.600000000001));
#12678 = VECTOR('',#12679,1.);
#12679 = DIRECTION('',(-2.2E-16,0.707106781187,-0.707106781187));
#12680 = CONICAL_SURFACE('',#12681,2.9,0.785398163397);
#12681 = AXIS2_PLACEMENT_3D('',#12682,#12683,#12684);
#12682 = CARTESIAN_POINT('',(13.128303654953,40.225,-6.600000000001));
#12683 = DIRECTION('',(0.,0.,1.));
#12684 = DIRECTION('',(1.,0.,-0.));
#12685 = ADVANCED_FACE('',(#12686),#12697,.T.);
#12686 = FACE_BOUND('',#12687,.T.);
#12687 = EDGE_LOOP('',(#12688,#12689,#12690,#12691));
#12688 = ORIENTED_EDGE('',*,*,#9872,.F.);
#12689 = ORIENTED_EDGE('',*,*,#12675,.F.);
#12690 = ORIENTED_EDGE('',*,*,#10960,.T.);
#12691 = ORIENTED_EDGE('',*,*,#12692,.F.);
#12692 = EDGE_CURVE('',#9873,#10936,#12693,.T.);
#12693 = LINE('',#12694,#12695);
#12694 = CARTESIAN_POINT('',(-6.825701264859,37.325,-6.600000000001));
#12695 = VECTOR('',#12696,1.);
#12696 = DIRECTION('',(1.09E-15,-0.707106781187,0.707106781187));
#12697 = PLANE('',#12698);
#12698 = AXIS2_PLACEMENT_3D('',#12699,#12700,#12701);
#12699 = CARTESIAN_POINT('',(13.128303654953,37.325,-6.600000000001));
#12700 = DIRECTION('',(-0.,-0.707106781187,-0.707106781187));
#12701 = DIRECTION('',(1.09E-15,-0.707106781187,0.707106781187));
#12702 = ADVANCED_FACE('',(#12703),#12713,.T.);
#12703 = FACE_BOUND('',#12704,.T.);
#12704 = EDGE_LOOP('',(#12705,#12706,#12707,#12708));
#12705 = ORIENTED_EDGE('',*,*,#9896,.F.);
#12706 = ORIENTED_EDGE('',*,*,#12692,.T.);
#12707 = ORIENTED_EDGE('',*,*,#10935,.T.);
#12708 = ORIENTED_EDGE('',*,*,#12709,.F.);
#12709 = EDGE_CURVE('',#9897,#10914,#12710,.T.);
#12710 = B_SPLINE_CURVE_WITH_KNOTS('',1,(#12711,#12712),.UNSPECIFIED.,
  .F.,.F.,(2,2),(6.,7.),.PIECEWISE_BEZIER_KNOTS.);
#12711 = CARTESIAN_POINT('',(-8.394297493003,41.907113513724,
    -7.200000000001));
#12712 = CARTESIAN_POINT('',(-8.803496509041,42.345925734696,
    -6.600000000001));
#12713 = CONICAL_SURFACE('',#12714,2.9,0.785398163397);
#12714 = AXIS2_PLACEMENT_3D('',#12715,#12716,#12717);
#12715 = CARTESIAN_POINT('',(-6.825701264859,40.225,-6.600000000001));
#12716 = DIRECTION('',(0.,0.,1.));
#12717 = DIRECTION('',(1.,0.,-0.));
#12718 = ADVANCED_FACE('',(#12719),#12730,.T.);
#12719 = FACE_BOUND('',#12720,.T.);
#12720 = EDGE_LOOP('',(#12721,#12722,#12723,#12724));
#12721 = ORIENTED_EDGE('',*,*,#9920,.F.);
#12722 = ORIENTED_EDGE('',*,*,#12709,.T.);
#12723 = ORIENTED_EDGE('',*,*,#10913,.T.);
#12724 = ORIENTED_EDGE('',*,*,#12725,.T.);
#12725 = EDGE_CURVE('',#10882,#9921,#12726,.T.);
#12726 = LINE('',#12727,#12728);
#12727 = CARTESIAN_POINT('',(-7.095658002677,43.118114429907,-7.3));
#12728 = VECTOR('',#12729,1.);
#12729 = DIRECTION('',(-0.482245665158,0.517145161861,-0.707106781187));
#12730 = B_SPLINE_SURFACE_WITH_KNOTS('',1,1,(
    (#12731,#12732)
    ,(#12733,#12734
    )),.UNSPECIFIED.,.F.,.F.,.F.,(2,2),(2,2),(6.,7.),(0.,1.77566543719),
  .PIECEWISE_BEZIER_KNOTS.);
#12731 = CARTESIAN_POINT('',(-8.394297493003,41.907113513724,
    -7.200000000001));
#12732 = CARTESIAN_POINT('',(-8.391454886796,44.507686462984,-9.2));
#12733 = CARTESIAN_POINT('',(-8.803496509041,42.345925734696,
    -6.600000000001));
#12734 = CARTESIAN_POINT('',(-7.095658002677,43.118114429907,-7.3));
#12735 = ADVANCED_FACE('',(#12736),#12747,.F.);
#12736 = FACE_BOUND('',#12737,.F.);
#12737 = EDGE_LOOP('',(#12738,#12739,#12745,#12746));
#12738 = ORIENTED_EDGE('',*,*,#9950,.T.);
#12739 = ORIENTED_EDGE('',*,*,#12740,.T.);
#12740 = EDGE_CURVE('',#9943,#10884,#12741,.T.);
#12741 = LINE('',#12742,#12743);
#12742 = CARTESIAN_POINT('',(-8.398274870396,46.425,-7.3));
#12743 = VECTOR('',#12744,1.);
#12744 = DIRECTION('',(-3.009E-14,0.707106781187,0.707106781187));
#12745 = ORIENTED_EDGE('',*,*,#10881,.F.);
#12746 = ORIENTED_EDGE('',*,*,#12725,.T.);
#12747 = CONICAL_SURFACE('',#12748,1.91,0.785398163397);
#12748 = AXIS2_PLACEMENT_3D('',#12749,#12750,#12751);
#12749 = CARTESIAN_POINT('',(-8.398274870396,44.515,-7.3));
#12750 = DIRECTION('',(0.,0.,1.));
#12751 = DIRECTION('',(1.,4.464E-14,-0.));
#12752 = ADVANCED_FACE('',(#12753),#12764,.T.);
#12753 = FACE_BOUND('',#12754,.T.);
#12754 = EDGE_LOOP('',(#12755,#12756,#12757,#12758));
#12755 = ORIENTED_EDGE('',*,*,#9968,.F.);
#12756 = ORIENTED_EDGE('',*,*,#12740,.T.);
#12757 = ORIENTED_EDGE('',*,*,#12486,.T.);
#12758 = ORIENTED_EDGE('',*,*,#12759,.F.);
#12759 = EDGE_CURVE('',#9969,#12462,#12760,.T.);
#12760 = LINE('',#12761,#12762);
#12761 = CARTESIAN_POINT('',(-17.70087726049,46.425,-7.3));
#12762 = VECTOR('',#12763,1.);
#12763 = DIRECTION('',(7.526E-14,0.707106781187,0.707106781187));
#12764 = PLANE('',#12765);
#12765 = AXIS2_PLACEMENT_3D('',#12766,#12767,#12768);
#12766 = CARTESIAN_POINT('',(-17.70087726049,46.425,-7.3));
#12767 = DIRECTION('',(0.,-0.707106781187,0.707106781187));
#12768 = DIRECTION('',(7.526E-14,0.707106781187,0.707106781187));
#12769 = ADVANCED_FACE('',(#12770),#12781,.F.);
#12770 = FACE_BOUND('',#12771,.F.);
#12771 = EDGE_LOOP('',(#12772,#12773,#12779,#12780));
#12772 = ORIENTED_EDGE('',*,*,#9999,.T.);
#12773 = ORIENTED_EDGE('',*,*,#12774,.T.);
#12774 = EDGE_CURVE('',#9992,#12437,#12775,.T.);
#12775 = LINE('',#12776,#12777);
#12776 = CARTESIAN_POINT('',(-19.75056175452,44.410964912281,-7.3));
#12777 = VECTOR('',#12778,1.);
#12778 = DIRECTION('',(-0.706997953671,1.240538212604E-02,0.707106781187
    ));
#12779 = ORIENTED_EDGE('',*,*,#12461,.F.);
#12780 = ORIENTED_EDGE('',*,*,#12759,.F.);
#12781 = CONICAL_SURFACE('',#12782,2.05,0.785398163397);
#12782 = AXIS2_PLACEMENT_3D('',#12783,#12784,#12785);
#12783 = CARTESIAN_POINT('',(-17.70087726049,44.375,-7.3));
#12784 = DIRECTION('',(0.,0.,1.));
#12785 = DIRECTION('',(1.,4.159E-14,-0.));
#12786 = ADVANCED_FACE('',(#12787),#12798,.T.);
#12787 = FACE_BOUND('',#12788,.T.);
#12788 = EDGE_LOOP('',(#12789,#12790,#12791,#12792));
#12789 = ORIENTED_EDGE('',*,*,#10017,.F.);
#12790 = ORIENTED_EDGE('',*,*,#12774,.T.);
#12791 = ORIENTED_EDGE('',*,*,#12436,.T.);
#12792 = ORIENTED_EDGE('',*,*,#12793,.T.);
#12793 = EDGE_CURVE('',#12412,#10018,#12794,.T.);
#12794 = LINE('',#12795,#12796);
#12795 = CARTESIAN_POINT('',(-22.63157894736,40.906803104385,-7.3));
#12796 = VECTOR('',#12797,1.);
#12797 = DIRECTION('',(0.148864585513,-0.691259238767,-0.707106781187));
#12798 = CONICAL_SURFACE('',#12799,3.65,0.785398163397);
#12799 = AXIS2_PLACEMENT_3D('',#12800,#12801,#12802);
#12800 = CARTESIAN_POINT('',(-23.4,44.475,-7.3));
#12801 = DIRECTION('',(0.,0.,-1.));
#12802 = DIRECTION('',(1.,-2.336E-14,0.));
#12803 = ADVANCED_FACE('',(#12804),#12815,.F.);
#12804 = FACE_BOUND('',#12805,.F.);
#12805 = EDGE_LOOP('',(#12806,#12807,#12813,#12814));
#12806 = ORIENTED_EDGE('',*,*,#10049,.T.);
#12807 = ORIENTED_EDGE('',*,*,#12808,.T.);
#12808 = EDGE_CURVE('',#10042,#12388,#12809,.T.);
#12809 = LINE('',#12810,#12811);
#12810 = CARTESIAN_POINT('',(-24.25,38.902747313698,-7.3));
#12811 = VECTOR('',#12812,1.);
#12812 = DIRECTION('',(-0.707106781187,-2.75E-14,0.707106781187));
#12813 = ORIENTED_EDGE('',*,*,#12411,.F.);
#12814 = ORIENTED_EDGE('',*,*,#12793,.T.);
#12815 = CONICAL_SURFACE('',#12816,2.05,0.785398163397);
#12816 = AXIS2_PLACEMENT_3D('',#12817,#12818,#12819);
#12817 = CARTESIAN_POINT('',(-22.2,38.902747313698,-7.3));
#12818 = DIRECTION('',(0.,0.,1.));
#12819 = DIRECTION('',(1.,3.813E-14,-0.));
#12820 = ADVANCED_FACE('',(#12821),#12832,.T.);
#12821 = FACE_BOUND('',#12822,.T.);
#12822 = EDGE_LOOP('',(#12823,#12824,#12825,#12826));
#12823 = ORIENTED_EDGE('',*,*,#10067,.F.);
#12824 = ORIENTED_EDGE('',*,*,#12808,.T.);
#12825 = ORIENTED_EDGE('',*,*,#12397,.T.);
#12826 = ORIENTED_EDGE('',*,*,#12827,.F.);
#12827 = EDGE_CURVE('',#10068,#12363,#12828,.T.);
#12828 = LINE('',#12829,#12830);
#12829 = CARTESIAN_POINT('',(-24.25,20.706328969317,-7.299999999999));
#12830 = VECTOR('',#12831,1.);
#12831 = DIRECTION('',(-0.707106781187,7.31E-14,0.707106781187));
#12832 = PLANE('',#12833);
#12833 = AXIS2_PLACEMENT_3D('',#12834,#12835,#12836);
#12834 = CARTESIAN_POINT('',(-24.25,38.902747313698,-7.3));
#12835 = DIRECTION('',(0.707106781187,0.,0.707106781187));
#12836 = DIRECTION('',(-0.707106781187,7.31E-14,0.707106781187));
#12837 = ADVANCED_FACE('',(#12838),#12844,.T.);
#12838 = FACE_BOUND('',#12839,.T.);
#12839 = EDGE_LOOP('',(#12840,#12841,#12842,#12843));
#12840 = ORIENTED_EDGE('',*,*,#10091,.F.);
#12841 = ORIENTED_EDGE('',*,*,#12827,.T.);
#12842 = ORIENTED_EDGE('',*,*,#12362,.T.);
#12843 = ORIENTED_EDGE('',*,*,#12348,.T.);
#12844 = CONICAL_SURFACE('',#12845,3.8,0.785398163397);
#12845 = AXIS2_PLACEMENT_3D('',#12846,#12847,#12848);
#12846 = CARTESIAN_POINT('',(-28.05,20.706328969317,-7.3));
#12847 = DIRECTION('',(0.,0.,-1.));
#12848 = DIRECTION('',(1.,-2.15E-14,0.));
#12849 = ADVANCED_FACE('',(#12850),#12861,.F.);
#12850 = FACE_BOUND('',#12851,.F.);
#12851 = EDGE_LOOP('',(#12852,#12853,#12859,#12860));
#12852 = ORIENTED_EDGE('',*,*,#10246,.T.);
#12853 = ORIENTED_EDGE('',*,*,#12854,.T.);
#12854 = EDGE_CURVE('',#10239,#12099,#12855,.T.);
#12855 = LINE('',#12856,#12857);
#12856 = CARTESIAN_POINT('',(-24.94666666666,-13.24594877979,-7.3));
#12857 = VECTOR('',#12858,1.);
#12858 = DIRECTION('',(-0.577470537969,-0.408078151556,0.707106781187));
#12859 = ORIENTED_EDGE('',*,*,#12123,.F.);
#12860 = ORIENTED_EDGE('',*,*,#12191,.T.);
#12861 = CONICAL_SURFACE('',#12862,2.2,0.785398163397);
#12862 = AXIS2_PLACEMENT_3D('',#12863,#12864,#12865);
#12863 = CARTESIAN_POINT('',(-23.14999999999,-11.97630753563,-7.3));
#12864 = DIRECTION('',(0.,0.,1.));
#12865 = DIRECTION('',(1.,0.,-0.));
#12866 = ADVANCED_FACE('',(#12867),#12878,.T.);
#12867 = FACE_BOUND('',#12868,.T.);
#12868 = EDGE_LOOP('',(#12869,#12870,#12871,#12872));
#12869 = ORIENTED_EDGE('',*,*,#10264,.F.);
#12870 = ORIENTED_EDGE('',*,*,#12854,.T.);
#12871 = ORIENTED_EDGE('',*,*,#12098,.T.);
#12872 = ORIENTED_EDGE('',*,*,#12873,.T.);
#12873 = EDGE_CURVE('',#12075,#10265,#12874,.T.);
#12874 = LINE('',#12875,#12876);
#12875 = CARTESIAN_POINT('',(-24.25,-15.43896547426,-7.3));
#12876 = VECTOR('',#12877,1.);
#12877 = DIRECTION('',(0.707106781187,1.7E-16,-0.707106781187));
#12878 = CONICAL_SURFACE('',#12879,3.8,0.785398163397);
#12879 = AXIS2_PLACEMENT_3D('',#12880,#12881,#12882);
#12880 = CARTESIAN_POINT('',(-28.05,-15.43896547426,-7.3));
#12881 = DIRECTION('',(0.,0.,-1.));
#12882 = DIRECTION('',(1.,0.,0.));
#12883 = ADVANCED_FACE('',(#12884),#12895,.T.);
#12884 = FACE_BOUND('',#12885,.T.);
#12885 = EDGE_LOOP('',(#12886,#12887,#12888,#12889));
#12886 = ORIENTED_EDGE('',*,*,#10289,.F.);
#12887 = ORIENTED_EDGE('',*,*,#12873,.F.);
#12888 = ORIENTED_EDGE('',*,*,#12074,.T.);
#12889 = ORIENTED_EDGE('',*,*,#12890,.F.);
#12890 = EDGE_CURVE('',#10290,#12050,#12891,.T.);
#12891 = LINE('',#12892,#12893);
#12892 = CARTESIAN_POINT('',(-24.25,-35.36120304472,-7.3));
#12893 = VECTOR('',#12894,1.);
#12894 = DIRECTION('',(-0.707106781187,9.E-17,0.707106781187));
#12895 = PLANE('',#12896);
#12896 = AXIS2_PLACEMENT_3D('',#12897,#12898,#12899);
#12897 = CARTESIAN_POINT('',(-24.25,-15.43896547426,-7.3));
#12898 = DIRECTION('',(0.707106781187,0.,0.707106781187));
#12899 = DIRECTION('',(-0.707106781187,9.E-17,0.707106781187));
#12900 = ADVANCED_FACE('',(#12901),#12912,.T.);
#12901 = FACE_BOUND('',#12902,.T.);
#12902 = EDGE_LOOP('',(#12903,#12904,#12905,#12906));
#12903 = ORIENTED_EDGE('',*,*,#10313,.F.);
#12904 = ORIENTED_EDGE('',*,*,#12890,.T.);
#12905 = ORIENTED_EDGE('',*,*,#12049,.T.);
#12906 = ORIENTED_EDGE('',*,*,#12907,.T.);
#12907 = EDGE_CURVE('',#12025,#10314,#12908,.T.);
#12908 = LINE('',#12909,#12910);
#12909 = CARTESIAN_POINT('',(-24.96452991451,-37.57928202248,-7.3));
#12910 = VECTOR('',#12911,1.);
#12911 = DIRECTION('',(0.574146531735,-0.412741759574,-0.707106781187));
#12912 = CONICAL_SURFACE('',#12913,3.8,0.785398163397);
#12913 = AXIS2_PLACEMENT_3D('',#12914,#12915,#12916);
#12914 = CARTESIAN_POINT('',(-28.05,-35.36120304472,-7.3));
#12915 = DIRECTION('',(0.,0.,-1.));
#12916 = DIRECTION('',(1.,0.,0.));
#12917 = ADVANCED_FACE('',(#12918),#12929,.F.);
#12918 = FACE_BOUND('',#12919,.F.);
#12919 = EDGE_LOOP('',(#12920,#12921,#12927,#12928));
#12920 = ORIENTED_EDGE('',*,*,#10345,.T.);
#12921 = ORIENTED_EDGE('',*,*,#12922,.T.);
#12922 = EDGE_CURVE('',#10338,#12000,#12923,.T.);
#12923 = LINE('',#12924,#12925);
#12924 = CARTESIAN_POINT('',(-23.33596491226,-40.82556175452,-7.3));
#12925 = VECTOR('',#12926,1.);
#12926 = DIRECTION('',(-1.24053821286E-02,-0.70699795367,0.707106781187)
  );
#12927 = ORIENTED_EDGE('',*,*,#12024,.F.);
#12928 = ORIENTED_EDGE('',*,*,#12907,.T.);
#12929 = CONICAL_SURFACE('',#12930,2.05,0.785398163397);
#12930 = AXIS2_PLACEMENT_3D('',#12931,#12932,#12933);
#12931 = CARTESIAN_POINT('',(-23.29999999998,-38.77587726049,-7.3));
#12932 = DIRECTION('',(0.,0.,1.));
#12933 = DIRECTION('',(1.,0.,-0.));
#12934 = ADVANCED_FACE('',(#12935),#12941,.T.);
#12935 = FACE_BOUND('',#12936,.T.);
#12936 = EDGE_LOOP('',(#12937,#12938,#12939,#12940));
#12937 = ORIENTED_EDGE('',*,*,#10363,.F.);
#12938 = ORIENTED_EDGE('',*,*,#12922,.T.);
#12939 = ORIENTED_EDGE('',*,*,#11999,.T.);
#12940 = ORIENTED_EDGE('',*,*,#11968,.T.);
#12941 = CONICAL_SURFACE('',#12942,3.65,0.785398163397);
#12942 = AXIS2_PLACEMENT_3D('',#12943,#12944,#12945);
#12943 = CARTESIAN_POINT('',(-23.4,-44.475,-7.3));
#12944 = DIRECTION('',(0.,0.,-1.));
#12945 = DIRECTION('',(1.,0.,0.));
#12946 = ADVANCED_FACE('',(#12947),#12958,.T.);
#12947 = FACE_BOUND('',#12948,.T.);
#12948 = EDGE_LOOP('',(#12949,#12950,#12951,#12952));
#12949 = ORIENTED_EDGE('',*,*,#10431,.F.);
#12950 = ORIENTED_EDGE('',*,*,#11941,.T.);
#12951 = ORIENTED_EDGE('',*,*,#11897,.T.);
#12952 = ORIENTED_EDGE('',*,*,#12953,.T.);
#12953 = EDGE_CURVE('',#11873,#10432,#12954,.T.);
#12954 = LINE('',#12955,#12956);
#12955 = CARTESIAN_POINT('',(23.335964912281,-40.82556175452,-7.3));
#12956 = VECTOR('',#12957,1.);
#12957 = DIRECTION('',(-1.240538212607E-02,0.706997953671,
    -0.707106781187));
#12958 = CONICAL_SURFACE('',#12959,3.65,0.785398163397);
#12959 = AXIS2_PLACEMENT_3D('',#12960,#12961,#12962);
#12960 = CARTESIAN_POINT('',(23.4,-44.475,-7.3));
#12961 = DIRECTION('',(0.,0.,-1.));
#12962 = DIRECTION('',(1.,0.,0.));
#12963 = ADVANCED_FACE('',(#12964),#12975,.F.);
#12964 = FACE_BOUND('',#12965,.F.);
#12965 = EDGE_LOOP('',(#12966,#12967,#12973,#12974));
#12966 = ORIENTED_EDGE('',*,*,#10463,.T.);
#12967 = ORIENTED_EDGE('',*,*,#12968,.T.);
#12968 = EDGE_CURVE('',#10456,#11848,#12969,.T.);
#12969 = LINE('',#12970,#12971);
#12970 = CARTESIAN_POINT('',(25.22735042735,-38.07743590275,-7.3));
#12971 = VECTOR('',#12972,1.);
#12972 = DIRECTION('',(0.664801247269,0.240913473324,0.707106781187));
#12973 = ORIENTED_EDGE('',*,*,#11872,.F.);
#12974 = ORIENTED_EDGE('',*,*,#12953,.T.);
#12975 = CONICAL_SURFACE('',#12976,2.05,0.785398163397);
#12976 = AXIS2_PLACEMENT_3D('',#12977,#12978,#12979);
#12977 = CARTESIAN_POINT('',(23.3,-38.77587726049,-7.3));
#12978 = DIRECTION('',(0.,0.,1.));
#12979 = DIRECTION('',(1.,0.,-0.));
#12980 = ADVANCED_FACE('',(#12981),#12987,.T.);
#12981 = FACE_BOUND('',#12982,.T.);
#12982 = EDGE_LOOP('',(#12983,#12984,#12985,#12986));
#12983 = ORIENTED_EDGE('',*,*,#10481,.F.);
#12984 = ORIENTED_EDGE('',*,*,#12968,.T.);
#12985 = ORIENTED_EDGE('',*,*,#11847,.T.);
#12986 = ORIENTED_EDGE('',*,*,#11832,.T.);
#12987 = CONICAL_SURFACE('',#12988,3.8,0.785398163397);
#12988 = AXIS2_PLACEMENT_3D('',#12989,#12990,#12991);
#12989 = CARTESIAN_POINT('',(28.8,-36.78276411769,-7.3));
#12990 = DIRECTION('',(0.,0.,-1.));
#12991 = DIRECTION('',(1.,0.,0.));
#12992 = ( GEOMETRIC_REPRESENTATION_CONTEXT(3) 
GLOBAL_UNCERTAINTY_ASSIGNED_CONTEXT((#12996)) 
GLOBAL_UNIT_ASSIGNED_CONTEXT((#12993,#12994,#12995)) 
REPRESENTATION_CONTEXT('Context #1',
  '3D Context with UNIT and UNCERTAINTY') );
#12993 = ( LENGTH_UNIT() NAMED_UNIT(*) SI_UNIT(.MILLI.,.METRE.) );
#12994 = ( NAMED_UNIT(*) PLANE_ANGLE_UNIT() SI_UNIT($,.RADIAN.) );
#12995 = ( NAMED_UNIT(*) SI_UNIT($,.STERADIAN.) SOLID_ANGLE_UNIT() );
#12996 = UNCERTAINTY_MEASURE_WITH_UNIT(LENGTH_MEASURE(1.E-07),#12993,
  'distance_accuracy_value','confusion accuracy');
#12997 = PRODUCT_RELATED_PRODUCT_CATEGORY('part',$,(#7));
#12998 = MECHANICAL_DESIGN_GEOMETRIC_PRESENTATION_REPRESENTATION('',(
    #12999),#12992);
#12999 = STYLED_ITEM('color',(#13000),#15);
#13000 = PRESENTATION_STYLE_ASSIGNMENT((#13001,#13007));
#13001 = SURFACE_STYLE_USAGE(.BOTH.,#13002);
#13002 = SURFACE_SIDE_STYLE('',(#13003));
#13003 = SURFACE_STYLE_FILL_AREA(#13004);
#13004 = FILL_AREA_STYLE('',(#13005));
#13005 = FILL_AREA_STYLE_COLOUR('',#13006);
#13006 = DRAUGHTING_PRE_DEFINED_COLOUR('cyan');
#13007 = CURVE_STYLE('',#13008,POSITIVE_LENGTH_MEASURE(0.1),#13009);
#13008 = DRAUGHTING_PRE_DEFINED_CURVE_FONT('continuous');
#13009 = COLOUR_RGB('',9.803921802644E-02,9.803921802644E-02,
  9.803921802644E-02);
ENDSEC;
END-ISO-10303-21;
