ISO-10303-21;
HEADER;
FILE_DESCRIPTION(('FreeCAD Model'),'2;1');
FILE_NAME('Open CASCADE Shape Model','2024-12-02T13:55:47',(''),(''),
  'Open CASCADE STEP processor 7.6','FreeCAD','Unknown');
FILE_SCHEMA(('AUTOMOTIVE_DESIGN { 1 0 10303 214 1 1 1 1 }'));
ENDSEC;
DATA;
#1 = APPLICATION_PROTOCOL_DEFINITION('international standard',
  'automotive_design',2000,#2);
#2 = APPLICATION_CONTEXT(
  'core data for automotive mechanical design processes');
#3 = SHAPE_DEFINITION_REPRESENTATION(#4,#10);
#4 = PRODUCT_DEFINITION_SHAPE('','',#5);
#5 = PRODUCT_DEFINITION('design','',#6,#9);
#6 = PRODUCT_DEFINITION_FORMATION('','',#7);
#7 = PRODUCT('Face','Face','',(#8));
#8 = PRODUCT_CONTEXT('',#2,'mechanical');
#9 = PRODUCT_DEFINITION_CONTEXT('part definition',#2,'design');
#10 = ADVANCED_BREP_SHAPE_REPRESENTATION('',(#11,#15),#5874);
#11 = AXIS2_PLACEMENT_3D('',#12,#13,#14);
#12 = CARTESIAN_POINT('',(0.,0.,0.));
#13 = DIRECTION('',(0.,0.,1.));
#14 = DIRECTION('',(1.,0.,-0.));
#15 = MANIFOLD_SOLID_BREP('',#16);
#16 = CLOSED_SHELL('',(#17,#307,#332,#363,#387,#418,#444,#496,#520,#575,
    #601,#626,#651,#756,#789,#814,#855,#1113,#1138,#1163,#1226,#1348,
    #1366,#1391,#1416,#1445,#1469,#1492,#1516,#1539,#1557,#1582,#1607,
    #1641,#1658,#1683,#1707,#1751,#1776,#1802,#1827,#1860,#1885,#1909,
    #2033,#2058,#2096,#2121,#2138,#2155,#2179,#2204,#2228,#2337,#2362,
    #2400,#2442,#2459,#2476,#2518,#2544,#2569,#2600,#2640,#2664,#2697,
    #2722,#2759,#2824,#2849,#2876,#2893,#2917,#2942,#2966,#2991,#3015,
    #3115,#3140,#3186,#3240,#3265,#3389,#3408,#3425,#3449,#3474,#3498,
    #3523,#3540,#3557,#3582,#3607,#3632,#3657,#3682,#3713,#3738,#3764,
    #3789,#3831,#3843,#3867,#3900,#3948,#3973,#4021,#4045,#4063,#4080,
    #4092,#4109,#4134,#4151,#4177,#4194,#4227,#4253,#4270,#4282,#4299,
    #4324,#4394,#4411,#4497,#4515,#4533,#4550,#4567,#4599,#4618,#4637,
    #4649,#4666,#4691,#4756,#4780,#4798,#4815,#4832,#4844,#4861,#4878,
    #4890,#4915,#4940,#4957,#4975,#4992,#5025,#5050,#5075,#5244,#5278,
    #5295,#5307,#5329,#5346,#5363,#5375,#5387,#5404,#5416,#5433,#5464,
    #5489,#5513,#5538,#5562,#5587,#5611,#5629,#5646,#5663,#5680,#5697,
    #5709,#5721,#5743,#5760,#5777,#5794,#5811,#5828,#5845,#5857));
#17 = ADVANCED_FACE('',(#18,#205,#216,#227,#280,#291),#302,.F.);
#18 = FACE_BOUND('',#19,.F.);
#19 = EDGE_LOOP('',(#20,#30,#38,#46,#55,#63,#72,#80,#89,#97,#106,#114,
    #123,#131,#140,#148,#157,#165,#174,#182,#191,#199));
#20 = ORIENTED_EDGE('',*,*,#21,.F.);
#21 = EDGE_CURVE('',#22,#24,#26,.T.);
#22 = VERTEX_POINT('',#23);
#23 = CARTESIAN_POINT('',(20.7,42.472949192417,7.6));
#24 = VERTEX_POINT('',#25);
#25 = CARTESIAN_POINT('',(20.7,42.455,7.6));
#26 = LINE('',#27,#28);
#27 = CARTESIAN_POINT('',(20.7,42.472949192417,7.6));
#28 = VECTOR('',#29,1.);
#29 = DIRECTION('',(-6.663627328211E-15,-1.,0.));
#30 = ORIENTED_EDGE('',*,*,#31,.F.);
#31 = EDGE_CURVE('',#32,#22,#34,.T.);
#32 = VERTEX_POINT('',#33);
#33 = CARTESIAN_POINT('',(24.300000000011,42.472949192423,7.6));
#34 = LINE('',#35,#36);
#35 = CARTESIAN_POINT('',(25.300000000011,42.472949192417,7.6));
#36 = VECTOR('',#37,1.);
#37 = DIRECTION('',(-1.,0.,0.));
#38 = ORIENTED_EDGE('',*,*,#39,.F.);
#39 = EDGE_CURVE('',#40,#32,#42,.T.);
#40 = VERTEX_POINT('',#41);
#41 = CARTESIAN_POINT('',(25.300000000011,42.472949192419,7.6));
#42 = LINE('',#43,#44);
#43 = CARTESIAN_POINT('',(25.300000000011,42.472949192417,7.6));
#44 = VECTOR('',#45,1.);
#45 = DIRECTION('',(-1.,0.,0.));
#46 = ORIENTED_EDGE('',*,*,#47,.F.);
#47 = EDGE_CURVE('',#48,#40,#50,.T.);
#48 = VERTEX_POINT('',#49);
#49 = CARTESIAN_POINT('',(26.3,42.204999999986,7.6));
#50 = CIRCLE('',#51,2.);
#51 = AXIS2_PLACEMENT_3D('',#52,#53,#54);
#52 = CARTESIAN_POINT('',(25.3,40.472949192417,7.6));
#53 = DIRECTION('',(0.,0.,1.));
#54 = DIRECTION('',(1.,0.,0.));
#55 = ORIENTED_EDGE('',*,*,#56,.F.);
#56 = EDGE_CURVE('',#57,#48,#59,.T.);
#57 = VERTEX_POINT('',#58);
#58 = CARTESIAN_POINT('',(26.3,44.575,7.6));
#59 = LINE('',#60,#61);
#60 = CARTESIAN_POINT('',(26.3,44.575,7.6));
#61 = VECTOR('',#62,1.);
#62 = DIRECTION('',(0.,-1.,0.));
#63 = ORIENTED_EDGE('',*,*,#64,.T.);
#64 = EDGE_CURVE('',#57,#65,#67,.T.);
#65 = VERTEX_POINT('',#66);
#66 = CARTESIAN_POINT('',(23.5,47.375,7.6));
#67 = CIRCLE('',#68,2.8);
#68 = AXIS2_PLACEMENT_3D('',#69,#70,#71);
#69 = CARTESIAN_POINT('',(23.5,44.575,7.6));
#70 = DIRECTION('',(0.,0.,1.));
#71 = DIRECTION('',(1.,0.,0.));
#72 = ORIENTED_EDGE('',*,*,#73,.F.);
#73 = EDGE_CURVE('',#74,#65,#76,.T.);
#74 = VERTEX_POINT('',#75);
#75 = CARTESIAN_POINT('',(-23.5,47.375,7.6));
#76 = LINE('',#77,#78);
#77 = CARTESIAN_POINT('',(-23.5,47.375,7.6));
#78 = VECTOR('',#79,1.);
#79 = DIRECTION('',(1.,0.,0.));
#80 = ORIENTED_EDGE('',*,*,#81,.T.);
#81 = EDGE_CURVE('',#74,#82,#84,.T.);
#82 = VERTEX_POINT('',#83);
#83 = CARTESIAN_POINT('',(-26.3,44.575,7.6));
#84 = CIRCLE('',#85,2.8);
#85 = AXIS2_PLACEMENT_3D('',#86,#87,#88);
#86 = CARTESIAN_POINT('',(-23.5,44.575,7.6));
#87 = DIRECTION('',(0.,0.,1.));
#88 = DIRECTION('',(1.,0.,0.));
#89 = ORIENTED_EDGE('',*,*,#90,.F.);
#90 = EDGE_CURVE('',#91,#82,#93,.T.);
#91 = VERTEX_POINT('',#92);
#92 = CARTESIAN_POINT('',(-26.3,-44.575,7.6));
#93 = LINE('',#94,#95);
#94 = CARTESIAN_POINT('',(-26.3,-44.575,7.6));
#95 = VECTOR('',#96,1.);
#96 = DIRECTION('',(0.,1.,0.));
#97 = ORIENTED_EDGE('',*,*,#98,.T.);
#98 = EDGE_CURVE('',#91,#99,#101,.T.);
#99 = VERTEX_POINT('',#100);
#100 = CARTESIAN_POINT('',(-23.5,-47.375,7.6));
#101 = CIRCLE('',#102,2.8);
#102 = AXIS2_PLACEMENT_3D('',#103,#104,#105);
#103 = CARTESIAN_POINT('',(-23.5,-44.575,7.6));
#104 = DIRECTION('',(0.,0.,1.));
#105 = DIRECTION('',(1.,0.,0.));
#106 = ORIENTED_EDGE('',*,*,#107,.F.);
#107 = EDGE_CURVE('',#108,#99,#110,.T.);
#108 = VERTEX_POINT('',#109);
#109 = CARTESIAN_POINT('',(23.5,-47.375,7.6));
#110 = LINE('',#111,#112);
#111 = CARTESIAN_POINT('',(23.5,-47.375,7.6));
#112 = VECTOR('',#113,1.);
#113 = DIRECTION('',(-1.,0.,0.));
#114 = ORIENTED_EDGE('',*,*,#115,.T.);
#115 = EDGE_CURVE('',#108,#116,#118,.T.);
#116 = VERTEX_POINT('',#117);
#117 = CARTESIAN_POINT('',(26.3,-44.575,7.6));
#118 = CIRCLE('',#119,2.8);
#119 = AXIS2_PLACEMENT_3D('',#120,#121,#122);
#120 = CARTESIAN_POINT('',(23.5,-44.575,7.6));
#121 = DIRECTION('',(0.,0.,1.));
#122 = DIRECTION('',(1.,0.,0.));
#123 = ORIENTED_EDGE('',*,*,#124,.F.);
#124 = EDGE_CURVE('',#125,#116,#127,.T.);
#125 = VERTEX_POINT('',#126);
#126 = CARTESIAN_POINT('',(26.3,7.105,7.6));
#127 = LINE('',#128,#129);
#128 = CARTESIAN_POINT('',(26.3,44.575,7.6));
#129 = VECTOR('',#130,1.);
#130 = DIRECTION('',(0.,-1.,0.));
#131 = ORIENTED_EDGE('',*,*,#132,.T.);
#132 = EDGE_CURVE('',#125,#133,#135,.T.);
#133 = VERTEX_POINT('',#134);
#134 = CARTESIAN_POINT('',(24.3,5.105,7.6));
#135 = CIRCLE('',#136,2.);
#136 = AXIS2_PLACEMENT_3D('',#137,#138,#139);
#137 = CARTESIAN_POINT('',(24.3,7.105,7.6));
#138 = DIRECTION('',(0.,0.,-1.));
#139 = DIRECTION('',(-1.,0.,0.));
#140 = ORIENTED_EDGE('',*,*,#141,.T.);
#141 = EDGE_CURVE('',#133,#142,#144,.T.);
#142 = VERTEX_POINT('',#143);
#143 = CARTESIAN_POINT('',(17.3,5.105,7.6));
#144 = LINE('',#145,#146);
#145 = CARTESIAN_POINT('',(24.3,5.105,7.6));
#146 = VECTOR('',#147,1.);
#147 = DIRECTION('',(-1.,0.,0.));
#148 = ORIENTED_EDGE('',*,*,#149,.T.);
#149 = EDGE_CURVE('',#142,#150,#152,.T.);
#150 = VERTEX_POINT('',#151);
#151 = CARTESIAN_POINT('',(15.315686516702,6.855,7.6));
#152 = CIRCLE('',#153,2.);
#153 = AXIS2_PLACEMENT_3D('',#154,#155,#156);
#154 = CARTESIAN_POINT('',(17.3,7.105,7.6));
#155 = DIRECTION('',(0.,0.,-1.));
#156 = DIRECTION('',(-1.,0.,0.));
#157 = ORIENTED_EDGE('',*,*,#158,.T.);
#158 = EDGE_CURVE('',#150,#159,#161,.T.);
#159 = VERTEX_POINT('',#160);
#160 = CARTESIAN_POINT('',(-16.5639320225,6.855,7.6));
#161 = LINE('',#162,#163);
#162 = CARTESIAN_POINT('',(15.3,6.855,7.6));
#163 = VECTOR('',#164,1.);
#164 = DIRECTION('',(-1.,0.,0.));
#165 = ORIENTED_EDGE('',*,*,#166,.F.);
#166 = EDGE_CURVE('',#167,#159,#169,.T.);
#167 = VERTEX_POINT('',#168);
#168 = CARTESIAN_POINT('',(-21.05,7.105,7.6));
#169 = CIRCLE('',#170,2.25);
#170 = AXIS2_PLACEMENT_3D('',#171,#172,#173);
#171 = CARTESIAN_POINT('',(-18.8,7.105,7.6));
#172 = DIRECTION('',(-7.548369822181E-34,9.336947708948E-34,1.));
#173 = DIRECTION('',(-1.,-4.440892098501E-16,-7.548369822181E-34));
#174 = ORIENTED_EDGE('',*,*,#175,.F.);
#175 = EDGE_CURVE('',#176,#167,#178,.T.);
#176 = VERTEX_POINT('',#177);
#177 = CARTESIAN_POINT('',(-21.05,37.9689320225,7.6));
#178 = LINE('',#179,#180);
#179 = CARTESIAN_POINT('',(-21.05,38.205,7.6));
#180 = VECTOR('',#181,1.);
#181 = DIRECTION('',(3.427054995627E-15,-1.,0.));
#182 = ORIENTED_EDGE('',*,*,#183,.F.);
#183 = EDGE_CURVE('',#184,#176,#186,.T.);
#184 = VERTEX_POINT('',#185);
#185 = CARTESIAN_POINT('',(-20.8,42.455,7.6));
#186 = CIRCLE('',#187,2.25);
#187 = AXIS2_PLACEMENT_3D('',#188,#189,#190);
#188 = CARTESIAN_POINT('',(-20.8,40.205,7.6));
#189 = DIRECTION('',(-7.548369822181E-34,9.336947708948E-34,1.));
#190 = DIRECTION('',(-6.704299179977E-49,1.,-9.336947708948E-34));
#191 = ORIENTED_EDGE('',*,*,#192,.F.);
#192 = EDGE_CURVE('',#193,#184,#195,.T.);
#193 = VERTEX_POINT('',#194);
#194 = CARTESIAN_POINT('',(19.3,42.455,7.6));
#195 = LINE('',#196,#197);
#196 = CARTESIAN_POINT('',(19.3,42.455,7.6));
#197 = VECTOR('',#198,1.);
#198 = DIRECTION('',(-1.,0.,0.));
#199 = ORIENTED_EDGE('',*,*,#200,.F.);
#200 = EDGE_CURVE('',#24,#193,#201,.T.);
#201 = LINE('',#202,#203);
#202 = CARTESIAN_POINT('',(20.7,42.455,7.6));
#203 = VECTOR('',#204,1.);
#204 = DIRECTION('',(-1.,-0.,-0.));
#205 = FACE_BOUND('',#206,.F.);
#206 = EDGE_LOOP('',(#207));
#207 = ORIENTED_EDGE('',*,*,#208,.T.);
#208 = EDGE_CURVE('',#209,#209,#211,.T.);
#209 = VERTEX_POINT('',#210);
#210 = CARTESIAN_POINT('',(24.6,-44.475,7.6));
#211 = CIRCLE('',#212,1.2);
#212 = AXIS2_PLACEMENT_3D('',#213,#214,#215);
#213 = CARTESIAN_POINT('',(23.4,-44.475,7.6));
#214 = DIRECTION('',(0.,0.,-1.));
#215 = DIRECTION('',(1.,0.,0.));
#216 = FACE_BOUND('',#217,.F.);
#217 = EDGE_LOOP('',(#218));
#218 = ORIENTED_EDGE('',*,*,#219,.T.);
#219 = EDGE_CURVE('',#220,#220,#222,.T.);
#220 = VERTEX_POINT('',#221);
#221 = CARTESIAN_POINT('',(24.6,44.475,7.6));
#222 = CIRCLE('',#223,1.2);
#223 = AXIS2_PLACEMENT_3D('',#224,#225,#226);
#224 = CARTESIAN_POINT('',(23.4,44.475,7.6));
#225 = DIRECTION('',(0.,0.,-1.));
#226 = DIRECTION('',(1.,0.,0.));
#227 = FACE_BOUND('',#228,.F.);
#228 = EDGE_LOOP('',(#229,#239,#248,#256,#265,#273));
#229 = ORIENTED_EDGE('',*,*,#230,.F.);
#230 = EDGE_CURVE('',#231,#233,#235,.T.);
#231 = VERTEX_POINT('',#232);
#232 = CARTESIAN_POINT('',(20.,-1.387778780781E-17,7.6));
#233 = VERTEX_POINT('',#234);
#234 = CARTESIAN_POINT('',(-20.,-1.387778780781E-17,7.6));
#235 = LINE('',#236,#237);
#236 = CARTESIAN_POINT('',(20.,-2.775557561563E-17,7.6));
#237 = VECTOR('',#238,1.);
#238 = DIRECTION('',(-1.,0.,0.));
#239 = ORIENTED_EDGE('',*,*,#240,.T.);
#240 = EDGE_CURVE('',#231,#241,#243,.T.);
#241 = VERTEX_POINT('',#242);
#242 = CARTESIAN_POINT('',(22.1,-2.1,7.6));
#243 = CIRCLE('',#244,2.1);
#244 = AXIS2_PLACEMENT_3D('',#245,#246,#247);
#245 = CARTESIAN_POINT('',(20.,-2.1,7.6));
#246 = DIRECTION('',(0.,0.,-1.));
#247 = DIRECTION('',(-1.,0.,0.));
#248 = ORIENTED_EDGE('',*,*,#249,.F.);
#249 = EDGE_CURVE('',#250,#241,#252,.T.);
#250 = VERTEX_POINT('',#251);
#251 = CARTESIAN_POINT('',(22.1,-22.1,7.6));
#252 = LINE('',#253,#254);
#253 = CARTESIAN_POINT('',(22.1,-22.1,7.6));
#254 = VECTOR('',#255,1.);
#255 = DIRECTION('',(0.,1.,0.));
#256 = ORIENTED_EDGE('',*,*,#257,.T.);
#257 = EDGE_CURVE('',#250,#258,#260,.T.);
#258 = VERTEX_POINT('',#259);
#259 = CARTESIAN_POINT('',(-22.1,-22.1,7.6));
#260 = CIRCLE('',#261,22.1);
#261 = AXIS2_PLACEMENT_3D('',#262,#263,#264);
#262 = CARTESIAN_POINT('',(0.,-22.1,7.6));
#263 = DIRECTION('',(0.,0.,-1.));
#264 = DIRECTION('',(-1.,0.,0.));
#265 = ORIENTED_EDGE('',*,*,#266,.F.);
#266 = EDGE_CURVE('',#267,#258,#269,.T.);
#267 = VERTEX_POINT('',#268);
#268 = CARTESIAN_POINT('',(-22.1,-2.1,7.6));
#269 = LINE('',#270,#271);
#270 = CARTESIAN_POINT('',(-22.1,-2.1,7.6));
#271 = VECTOR('',#272,1.);
#272 = DIRECTION('',(0.,-1.,0.));
#273 = ORIENTED_EDGE('',*,*,#274,.T.);
#274 = EDGE_CURVE('',#267,#233,#275,.T.);
#275 = CIRCLE('',#276,2.1);
#276 = AXIS2_PLACEMENT_3D('',#277,#278,#279);
#277 = CARTESIAN_POINT('',(-20.,-2.1,7.6));
#278 = DIRECTION('',(0.,0.,-1.));
#279 = DIRECTION('',(-1.,0.,0.));
#280 = FACE_BOUND('',#281,.F.);
#281 = EDGE_LOOP('',(#282));
#282 = ORIENTED_EDGE('',*,*,#283,.T.);
#283 = EDGE_CURVE('',#284,#284,#286,.T.);
#284 = VERTEX_POINT('',#285);
#285 = CARTESIAN_POINT('',(-22.2,-44.475,7.6));
#286 = CIRCLE('',#287,1.2);
#287 = AXIS2_PLACEMENT_3D('',#288,#289,#290);
#288 = CARTESIAN_POINT('',(-23.4,-44.475,7.6));
#289 = DIRECTION('',(0.,0.,-1.));
#290 = DIRECTION('',(1.,0.,0.));
#291 = FACE_BOUND('',#292,.F.);
#292 = EDGE_LOOP('',(#293));
#293 = ORIENTED_EDGE('',*,*,#294,.T.);
#294 = EDGE_CURVE('',#295,#295,#297,.T.);
#295 = VERTEX_POINT('',#296);
#296 = CARTESIAN_POINT('',(-22.2,44.475,7.6));
#297 = CIRCLE('',#298,1.2);
#298 = AXIS2_PLACEMENT_3D('',#299,#300,#301);
#299 = CARTESIAN_POINT('',(-23.4,44.475,7.6));
#300 = DIRECTION('',(0.,0.,-1.));
#301 = DIRECTION('',(1.,0.,0.));
#302 = PLANE('',#303);
#303 = AXIS2_PLACEMENT_3D('',#304,#305,#306);
#304 = CARTESIAN_POINT('',(-7.848790206612E-16,-1.569758041322E-15,7.6)
  );
#305 = DIRECTION('',(-7.548369822181E-34,9.336947708948E-34,1.));
#306 = DIRECTION('',(8.078153760531E-85,1.,-9.336947708948E-34));
#307 = ADVANCED_FACE('',(#308),#327,.F.);
#308 = FACE_BOUND('',#309,.F.);
#309 = EDGE_LOOP('',(#310,#319,#320,#321));
#310 = ORIENTED_EDGE('',*,*,#311,.T.);
#311 = EDGE_CURVE('',#312,#32,#314,.T.);
#312 = VERTEX_POINT('',#313);
#313 = CARTESIAN_POINT('',(24.03265266753,42.455,7.6));
#314 = CIRCLE('',#315,2.);
#315 = AXIS2_PLACEMENT_3D('',#316,#317,#318);
#316 = CARTESIAN_POINT('',(24.300000000011,40.472949192423,7.6));
#317 = DIRECTION('',(0.,0.,-1.));
#318 = DIRECTION('',(-1.,0.,0.));
#319 = ORIENTED_EDGE('',*,*,#31,.T.);
#320 = ORIENTED_EDGE('',*,*,#21,.T.);
#321 = ORIENTED_EDGE('',*,*,#322,.F.);
#322 = EDGE_CURVE('',#312,#24,#323,.T.);
#323 = LINE('',#324,#325);
#324 = CARTESIAN_POINT('',(23.300000000011,42.455,7.6));
#325 = VECTOR('',#326,1.);
#326 = DIRECTION('',(-1.,-0.,-0.));
#327 = PLANE('',#328);
#328 = AXIS2_PLACEMENT_3D('',#329,#330,#331);
#329 = CARTESIAN_POINT('',(-7.848790206612E-16,-1.569758041322E-15,7.6)
  );
#330 = DIRECTION('',(-7.548369822181E-34,9.336947708948E-34,1.));
#331 = DIRECTION('',(8.078153760531E-85,1.,-9.336947708948E-34));
#332 = ADVANCED_FACE('',(#333),#358,.T.);
#333 = FACE_BOUND('',#334,.F.);
#334 = EDGE_LOOP('',(#335,#343,#344,#352));
#335 = ORIENTED_EDGE('',*,*,#336,.F.);
#336 = EDGE_CURVE('',#24,#337,#339,.T.);
#337 = VERTEX_POINT('',#338);
#338 = CARTESIAN_POINT('',(20.7,42.205,7.85));
#339 = LINE('',#340,#341);
#340 = CARTESIAN_POINT('',(20.7,42.33,7.725));
#341 = VECTOR('',#342,1.);
#342 = DIRECTION('',(2.231959162036E-35,-0.707106781187,0.707106781187)
  );
#343 = ORIENTED_EDGE('',*,*,#200,.T.);
#344 = ORIENTED_EDGE('',*,*,#345,.T.);
#345 = EDGE_CURVE('',#193,#346,#348,.T.);
#346 = VERTEX_POINT('',#347);
#347 = CARTESIAN_POINT('',(19.3,42.205,7.85));
#348 = LINE('',#349,#350);
#349 = CARTESIAN_POINT('',(19.3,42.33,7.725));
#350 = VECTOR('',#351,1.);
#351 = DIRECTION('',(2.231959162036E-35,-0.707106781187,0.707106781187)
  );
#352 = ORIENTED_EDGE('',*,*,#353,.F.);
#353 = EDGE_CURVE('',#337,#346,#354,.T.);
#354 = LINE('',#355,#356);
#355 = CARTESIAN_POINT('',(20.7,42.205,7.85));
#356 = VECTOR('',#357,1.);
#357 = DIRECTION('',(-1.,-0.,-0.));
#358 = PLANE('',#359);
#359 = AXIS2_PLACEMENT_3D('',#360,#361,#362);
#360 = CARTESIAN_POINT('',(20.7,42.33,7.725));
#361 = DIRECTION('',(-5.827188984665E-19,-0.707106781187,-0.707106781187
    ));
#362 = DIRECTION('',(1.,-4.120444846312E-19,-4.120444846312E-19));
#363 = ADVANCED_FACE('',(#364),#382,.F.);
#364 = FACE_BOUND('',#365,.F.);
#365 = EDGE_LOOP('',(#366,#367,#368,#376));
#366 = ORIENTED_EDGE('',*,*,#345,.F.);
#367 = ORIENTED_EDGE('',*,*,#192,.T.);
#368 = ORIENTED_EDGE('',*,*,#369,.T.);
#369 = EDGE_CURVE('',#184,#370,#372,.T.);
#370 = VERTEX_POINT('',#371);
#371 = CARTESIAN_POINT('',(-20.8,42.205,7.85));
#372 = LINE('',#373,#374);
#373 = CARTESIAN_POINT('',(-20.8,42.33,7.725));
#374 = VECTOR('',#375,1.);
#375 = DIRECTION('',(1.759449642267E-35,-0.707106781187,0.707106781187)
  );
#376 = ORIENTED_EDGE('',*,*,#377,.F.);
#377 = EDGE_CURVE('',#346,#370,#378,.T.);
#378 = LINE('',#379,#380);
#379 = CARTESIAN_POINT('',(19.3,42.205,7.85));
#380 = VECTOR('',#381,1.);
#381 = DIRECTION('',(-1.,0.,0.));
#382 = PLANE('',#383);
#383 = AXIS2_PLACEMENT_3D('',#384,#385,#386);
#384 = CARTESIAN_POINT('',(19.3,42.33,7.725));
#385 = DIRECTION('',(1.450905897214E-18,0.707106781187,0.707106781187));
#386 = DIRECTION('',(-1.,1.025945398784E-18,1.025945398784E-18));
#387 = ADVANCED_FACE('',(#388),#413,.T.);
#388 = FACE_BOUND('',#389,.T.);
#389 = EDGE_LOOP('',(#390,#398,#406,#412));
#390 = ORIENTED_EDGE('',*,*,#391,.T.);
#391 = EDGE_CURVE('',#40,#392,#394,.T.);
#392 = VERTEX_POINT('',#393);
#393 = CARTESIAN_POINT('',(25.300000000011,42.47294919242,9.85));
#394 = LINE('',#395,#396);
#395 = CARTESIAN_POINT('',(25.300000000011,42.47294919242,7.6));
#396 = VECTOR('',#397,1.);
#397 = DIRECTION('',(9.807229393616E-35,-6.935504534283E-33,1.));
#398 = ORIENTED_EDGE('',*,*,#399,.T.);
#399 = EDGE_CURVE('',#392,#400,#402,.T.);
#400 = VERTEX_POINT('',#401);
#401 = CARTESIAN_POINT('',(24.300000000011,42.472949192423,9.85));
#402 = LINE('',#403,#404);
#403 = CARTESIAN_POINT('',(25.300000000011,42.472949192423,9.85));
#404 = VECTOR('',#405,1.);
#405 = DIRECTION('',(-1.,0.,0.));
#406 = ORIENTED_EDGE('',*,*,#407,.F.);
#407 = EDGE_CURVE('',#32,#400,#408,.T.);
#408 = LINE('',#409,#410);
#409 = CARTESIAN_POINT('',(24.300000000011,42.472949192423,7.6));
#410 = VECTOR('',#411,1.);
#411 = DIRECTION('',(9.807229393616E-35,-6.935504534283E-33,1.));
#412 = ORIENTED_EDGE('',*,*,#39,.F.);
#413 = PLANE('',#414);
#414 = AXIS2_PLACEMENT_3D('',#415,#416,#417);
#415 = CARTESIAN_POINT('',(25.300000000011,42.472949192423,7.6));
#416 = DIRECTION('',(-0.,-1.,-6.935504534283E-33));
#417 = DIRECTION('',(-1.,0.,0.));
#418 = ADVANCED_FACE('',(#419),#439,.F.);
#419 = FACE_BOUND('',#420,.F.);
#420 = EDGE_LOOP('',(#421,#422,#423,#432));
#421 = ORIENTED_EDGE('',*,*,#369,.F.);
#422 = ORIENTED_EDGE('',*,*,#183,.T.);
#423 = ORIENTED_EDGE('',*,*,#424,.T.);
#424 = EDGE_CURVE('',#176,#425,#427,.T.);
#425 = VERTEX_POINT('',#426);
#426 = CARTESIAN_POINT('',(-20.8,38.205,7.85));
#427 = PARABOLA('',#428,0.707106781187);
#428 = AXIS2_PLACEMENT_3D('',#429,#430,#431);
#429 = CARTESIAN_POINT('',(-19.8,40.205,8.85));
#430 = DIRECTION('',(0.707106781187,2.511696827223E-15,-0.707106781187)
  );
#431 = DIRECTION('',(-0.707106781187,-2.511696827223E-15,-0.707106781187
    ));
#432 = ORIENTED_EDGE('',*,*,#433,.F.);
#433 = EDGE_CURVE('',#370,#425,#434,.T.);
#434 = CIRCLE('',#435,2.);
#435 = AXIS2_PLACEMENT_3D('',#436,#437,#438);
#436 = CARTESIAN_POINT('',(-20.8,40.205,7.85));
#437 = DIRECTION('',(-7.548369822181E-34,9.336947708948E-34,1.));
#438 = DIRECTION('',(-6.704299179977E-49,1.,-9.336947708948E-34));
#439 = CONICAL_SURFACE('',#440,2.,0.785398163397);
#440 = AXIS2_PLACEMENT_3D('',#441,#442,#443);
#441 = CARTESIAN_POINT('',(-20.8,40.205,7.85));
#442 = DIRECTION('',(7.548369822181E-34,-9.336947708948E-34,-1.));
#443 = DIRECTION('',(-6.704299179977E-49,1.,-9.336947708948E-34));
#444 = ADVANCED_FACE('',(#445),#491,.F.);
#445 = FACE_BOUND('',#446,.F.);
#446 = EDGE_LOOP('',(#447,#457,#466,#475,#482,#483,#484));
#447 = ORIENTED_EDGE('',*,*,#448,.F.);
#448 = EDGE_CURVE('',#449,#451,#453,.T.);
#449 = VERTEX_POINT('',#450);
#450 = CARTESIAN_POINT('',(26.3,38.740898384843,7.85));
#451 = VERTEX_POINT('',#452);
#452 = CARTESIAN_POINT('',(26.299999999998,38.740898384843,9.85));
#453 = LINE('',#454,#455);
#454 = CARTESIAN_POINT('',(26.299999999998,38.740898384843,7.6));
#455 = VECTOR('',#456,1.);
#456 = DIRECTION('',(9.807229393616E-35,-6.935504534283E-33,1.));
#457 = ORIENTED_EDGE('',*,*,#458,.F.);
#458 = EDGE_CURVE('',#459,#449,#461,.T.);
#459 = VERTEX_POINT('',#460);
#460 = CARTESIAN_POINT('',(26.55,38.911699692818,7.6));
#461 = ELLIPSE('',#462,2.828427124746,2.);
#462 = AXIS2_PLACEMENT_3D('',#463,#464,#465);
#463 = CARTESIAN_POINT('',(25.3,40.472949192417,8.85));
#464 = DIRECTION('',(-0.707106781187,-3.060666772763E-19,-0.707106781187
    ));
#465 = DIRECTION('',(0.707106781187,3.060666772763E-19,-0.707106781187)
  );
#466 = ORIENTED_EDGE('',*,*,#467,.F.);
#467 = EDGE_CURVE('',#468,#459,#470,.T.);
#468 = VERTEX_POINT('',#469);
#469 = CARTESIAN_POINT('',(27.299983743691,40.481012998831,7.6));
#470 = CIRCLE('',#471,2.);
#471 = AXIS2_PLACEMENT_3D('',#472,#473,#474);
#472 = CARTESIAN_POINT('',(25.3,40.472949192417,7.6));
#473 = DIRECTION('',(0.,0.,-1.));
#474 = DIRECTION('',(-1.,0.,0.));
#475 = ORIENTED_EDGE('',*,*,#476,.T.);
#476 = EDGE_CURVE('',#468,#48,#477,.T.);
#477 = CIRCLE('',#478,2.);
#478 = AXIS2_PLACEMENT_3D('',#479,#480,#481);
#479 = CARTESIAN_POINT('',(25.3,40.472949192417,7.6));
#480 = DIRECTION('',(0.,0.,1.));
#481 = DIRECTION('',(1.,0.,0.));
#482 = ORIENTED_EDGE('',*,*,#47,.T.);
#483 = ORIENTED_EDGE('',*,*,#391,.T.);
#484 = ORIENTED_EDGE('',*,*,#485,.T.);
#485 = EDGE_CURVE('',#392,#451,#486,.T.);
#486 = CIRCLE('',#487,2.);
#487 = AXIS2_PLACEMENT_3D('',#488,#489,#490);
#488 = CARTESIAN_POINT('',(25.3,40.472949192417,9.85));
#489 = DIRECTION('',(0.,0.,-1.));
#490 = DIRECTION('',(-1.,0.,0.));
#491 = CYLINDRICAL_SURFACE('',#492,2.);
#492 = AXIS2_PLACEMENT_3D('',#493,#494,#495);
#493 = CARTESIAN_POINT('',(25.3,40.472949192417,7.6));
#494 = DIRECTION('',(0.,0.,-1.));
#495 = DIRECTION('',(-1.,0.,0.));
#496 = ADVANCED_FACE('',(#497),#515,.F.);
#497 = FACE_BOUND('',#498,.F.);
#498 = EDGE_LOOP('',(#499,#500,#501,#509));
#499 = ORIENTED_EDGE('',*,*,#424,.F.);
#500 = ORIENTED_EDGE('',*,*,#175,.T.);
#501 = ORIENTED_EDGE('',*,*,#502,.T.);
#502 = EDGE_CURVE('',#167,#503,#505,.T.);
#503 = VERTEX_POINT('',#504);
#504 = CARTESIAN_POINT('',(-20.8,7.105,7.85));
#505 = LINE('',#506,#507);
#506 = CARTESIAN_POINT('',(-20.925,7.105,7.725));
#507 = VECTOR('',#508,1.);
#508 = DIRECTION('',(0.707106781187,2.423293826907E-15,0.707106781187));
#509 = ORIENTED_EDGE('',*,*,#510,.F.);
#510 = EDGE_CURVE('',#425,#503,#511,.T.);
#511 = LINE('',#512,#513);
#512 = CARTESIAN_POINT('',(-20.8,38.205,7.85));
#513 = VECTOR('',#514,1.);
#514 = DIRECTION('',(3.427054995627E-15,-1.,0.));
#515 = PLANE('',#516);
#516 = AXIS2_PLACEMENT_3D('',#517,#518,#519);
#517 = CARTESIAN_POINT('',(-20.925,38.205,7.725));
#518 = DIRECTION('',(-0.707106781187,-2.511696827223E-15,0.707106781187)
  );
#519 = DIRECTION('',(3.489565356628E-15,-1.,-6.251036100063E-17));
#520 = ADVANCED_FACE('',(#521),#570,.T.);
#521 = FACE_BOUND('',#522,.T.);
#522 = EDGE_LOOP('',(#523,#531,#532,#540,#548,#556,#564));
#523 = ORIENTED_EDGE('',*,*,#524,.F.);
#524 = EDGE_CURVE('',#48,#525,#527,.T.);
#525 = VERTEX_POINT('',#526);
#526 = CARTESIAN_POINT('',(26.3,42.204999999986,5.329070518201E-15));
#527 = LINE('',#528,#529);
#528 = CARTESIAN_POINT('',(26.3,42.204999999986,0.));
#529 = VECTOR('',#530,1.);
#530 = DIRECTION('',(-0.,-0.,-1.));
#531 = ORIENTED_EDGE('',*,*,#56,.F.);
#532 = ORIENTED_EDGE('',*,*,#533,.F.);
#533 = EDGE_CURVE('',#534,#57,#536,.T.);
#534 = VERTEX_POINT('',#535);
#535 = CARTESIAN_POINT('',(26.3,44.575,1.2));
#536 = LINE('',#537,#538);
#537 = CARTESIAN_POINT('',(26.3,44.575,11.6));
#538 = VECTOR('',#539,1.);
#539 = DIRECTION('',(-2.244078477742E-31,-2.22044604925E-16,1.));
#540 = ORIENTED_EDGE('',*,*,#541,.T.);
#541 = EDGE_CURVE('',#534,#542,#544,.T.);
#542 = VERTEX_POINT('',#543);
#543 = CARTESIAN_POINT('',(26.3,43.614999999986,1.2));
#544 = LINE('',#545,#546);
#545 = CARTESIAN_POINT('',(26.3,44.575,1.2));
#546 = VECTOR('',#547,1.);
#547 = DIRECTION('',(3.700743415364E-15,-1.,0.));
#548 = ORIENTED_EDGE('',*,*,#549,.F.);
#549 = EDGE_CURVE('',#550,#542,#552,.T.);
#550 = VERTEX_POINT('',#551);
#551 = CARTESIAN_POINT('',(26.3,43.398105142482,1.2));
#552 = LINE('',#553,#554);
#553 = CARTESIAN_POINT('',(26.3,43.398105142482,1.2));
#554 = VECTOR('',#555,1.);
#555 = DIRECTION('',(0.,1.,0.));
#556 = ORIENTED_EDGE('',*,*,#557,.F.);
#557 = EDGE_CURVE('',#558,#550,#560,.T.);
#558 = VERTEX_POINT('',#559);
#559 = CARTESIAN_POINT('',(26.3,43.398105142482,0.));
#560 = LINE('',#561,#562);
#561 = CARTESIAN_POINT('',(26.3,43.398105142482,0.));
#562 = VECTOR('',#563,1.);
#563 = DIRECTION('',(0.,0.,1.));
#564 = ORIENTED_EDGE('',*,*,#565,.F.);
#565 = EDGE_CURVE('',#525,#558,#566,.T.);
#566 = LINE('',#567,#568);
#567 = CARTESIAN_POINT('',(26.3,44.575,9.769962616701E-15));
#568 = VECTOR('',#569,1.);
#569 = DIRECTION('',(1.010643099615E-15,1.,3.590525564387E-31));
#570 = PLANE('',#571);
#571 = AXIS2_PLACEMENT_3D('',#572,#573,#574);
#572 = CARTESIAN_POINT('',(26.3,44.575,11.6));
#573 = DIRECTION('',(-1.,0.,-2.244078477742E-31));
#574 = DIRECTION('',(-2.244078477742E-31,-2.22044604925E-16,1.));
#575 = ADVANCED_FACE('',(#576),#596,.F.);
#576 = FACE_BOUND('',#577,.F.);
#577 = EDGE_LOOP('',(#578,#579,#580,#589));
#578 = ORIENTED_EDGE('',*,*,#502,.F.);
#579 = ORIENTED_EDGE('',*,*,#166,.T.);
#580 = ORIENTED_EDGE('',*,*,#581,.T.);
#581 = EDGE_CURVE('',#159,#582,#584,.T.);
#582 = VERTEX_POINT('',#583);
#583 = CARTESIAN_POINT('',(-16.8,7.105,7.85));
#584 = PARABOLA('',#585,0.707106781187);
#585 = AXIS2_PLACEMENT_3D('',#586,#587,#588);
#586 = CARTESIAN_POINT('',(-18.8,8.105,8.85));
#587 = DIRECTION('',(-1.450905897214E-18,0.707106781187,-0.707106781187)
  );
#588 = DIRECTION('',(1.450905897214E-18,-0.707106781187,-0.707106781187)
  );
#589 = ORIENTED_EDGE('',*,*,#590,.F.);
#590 = EDGE_CURVE('',#503,#582,#591,.T.);
#591 = CIRCLE('',#592,2.);
#592 = AXIS2_PLACEMENT_3D('',#593,#594,#595);
#593 = CARTESIAN_POINT('',(-18.8,7.105,7.85));
#594 = DIRECTION('',(-7.548369822181E-34,9.336947708948E-34,1.));
#595 = DIRECTION('',(-1.,-4.440892098501E-16,-7.548369822181E-34));
#596 = CONICAL_SURFACE('',#597,2.,0.785398163397);
#597 = AXIS2_PLACEMENT_3D('',#598,#599,#600);
#598 = CARTESIAN_POINT('',(-18.8,7.105,7.85));
#599 = DIRECTION('',(7.548369822181E-34,-9.336947708948E-34,-1.));
#600 = DIRECTION('',(-1.,-4.440892098501E-16,-7.548369822181E-34));
#601 = ADVANCED_FACE('',(#602),#621,.F.);
#602 = FACE_BOUND('',#603,.F.);
#603 = EDGE_LOOP('',(#604,#605,#614,#620));
#604 = ORIENTED_EDGE('',*,*,#533,.F.);
#605 = ORIENTED_EDGE('',*,*,#606,.T.);
#606 = EDGE_CURVE('',#534,#607,#609,.T.);
#607 = VERTEX_POINT('',#608);
#608 = CARTESIAN_POINT('',(23.5,47.375,1.2));
#609 = CIRCLE('',#610,2.8);
#610 = AXIS2_PLACEMENT_3D('',#611,#612,#613);
#611 = CARTESIAN_POINT('',(23.5,44.575,1.2));
#612 = DIRECTION('',(0.,0.,1.));
#613 = DIRECTION('',(1.,0.,0.));
#614 = ORIENTED_EDGE('',*,*,#615,.T.);
#615 = EDGE_CURVE('',#607,#65,#616,.T.);
#616 = LINE('',#617,#618);
#617 = CARTESIAN_POINT('',(23.5,47.375,11.6));
#618 = VECTOR('',#619,1.);
#619 = DIRECTION('',(0.,0.,1.));
#620 = ORIENTED_EDGE('',*,*,#64,.F.);
#621 = CYLINDRICAL_SURFACE('',#622,2.8);
#622 = AXIS2_PLACEMENT_3D('',#623,#624,#625);
#623 = CARTESIAN_POINT('',(23.5,44.575,11.6));
#624 = DIRECTION('',(0.,0.,1.));
#625 = DIRECTION('',(1.,0.,0.));
#626 = ADVANCED_FACE('',(#627),#646,.T.);
#627 = FACE_BOUND('',#628,.T.);
#628 = EDGE_LOOP('',(#629,#638,#639,#640));
#629 = ORIENTED_EDGE('',*,*,#630,.F.);
#630 = EDGE_CURVE('',#150,#631,#633,.T.);
#631 = VERTEX_POINT('',#632);
#632 = CARTESIAN_POINT('',(15.3,7.105,7.85));
#633 = ELLIPSE('',#634,2.828427124746,2.);
#634 = AXIS2_PLACEMENT_3D('',#635,#636,#637);
#635 = CARTESIAN_POINT('',(17.3,7.105,7.85));
#636 = DIRECTION('',(-1.450905897214E-18,0.707106781187,-0.707106781187)
  );
#637 = DIRECTION('',(1.450905897214E-18,-0.707106781187,-0.707106781187)
  );
#638 = ORIENTED_EDGE('',*,*,#158,.T.);
#639 = ORIENTED_EDGE('',*,*,#581,.T.);
#640 = ORIENTED_EDGE('',*,*,#641,.F.);
#641 = EDGE_CURVE('',#631,#582,#642,.T.);
#642 = LINE('',#643,#644);
#643 = CARTESIAN_POINT('',(15.3,7.105,7.85));
#644 = VECTOR('',#645,1.);
#645 = DIRECTION('',(-1.,0.,0.));
#646 = PLANE('',#647);
#647 = AXIS2_PLACEMENT_3D('',#648,#649,#650);
#648 = CARTESIAN_POINT('',(15.3,6.98,7.725));
#649 = DIRECTION('',(-1.450905897214E-18,0.707106781187,-0.707106781187)
  );
#650 = DIRECTION('',(-1.,-1.025945398784E-18,1.025945398784E-18));
#651 = ADVANCED_FACE('',(#652),#751,.T.);
#652 = FACE_BOUND('',#653,.T.);
#653 = EDGE_LOOP('',(#654,#662,#663,#664,#672,#680,#688,#696,#704,#712,
    #721,#729,#737,#745));
#654 = ORIENTED_EDGE('',*,*,#655,.T.);
#655 = EDGE_CURVE('',#656,#607,#658,.T.);
#656 = VERTEX_POINT('',#657);
#657 = CARTESIAN_POINT('',(19.13,47.375,1.2));
#658 = LINE('',#659,#660);
#659 = CARTESIAN_POINT('',(19.13,47.375,1.2));
#660 = VECTOR('',#661,1.);
#661 = DIRECTION('',(1.,0.,0.));
#662 = ORIENTED_EDGE('',*,*,#615,.T.);
#663 = ORIENTED_EDGE('',*,*,#73,.F.);
#664 = ORIENTED_EDGE('',*,*,#665,.F.);
#665 = EDGE_CURVE('',#666,#74,#668,.T.);
#666 = VERTEX_POINT('',#667);
#667 = CARTESIAN_POINT('',(-23.5,47.375,1.2));
#668 = LINE('',#669,#670);
#669 = CARTESIAN_POINT('',(-23.5,47.375,11.6));
#670 = VECTOR('',#671,1.);
#671 = DIRECTION('',(0.,0.,1.));
#672 = ORIENTED_EDGE('',*,*,#673,.T.);
#673 = EDGE_CURVE('',#666,#674,#676,.T.);
#674 = VERTEX_POINT('',#675);
#675 = CARTESIAN_POINT('',(7.529465017706,47.375,1.2));
#676 = LINE('',#677,#678);
#677 = CARTESIAN_POINT('',(-23.5,47.375,1.2));
#678 = VECTOR('',#679,1.);
#679 = DIRECTION('',(1.,2.289896829851E-16,0.));
#680 = ORIENTED_EDGE('',*,*,#681,.T.);
#681 = EDGE_CURVE('',#674,#682,#684,.T.);
#682 = VERTEX_POINT('',#683);
#683 = CARTESIAN_POINT('',(7.74635987521,47.375,1.2));
#684 = LINE('',#685,#686);
#685 = CARTESIAN_POINT('',(7.529465017706,47.375,1.2));
#686 = VECTOR('',#687,1.);
#687 = DIRECTION('',(1.,0.,0.));
#688 = ORIENTED_EDGE('',*,*,#689,.F.);
#689 = EDGE_CURVE('',#690,#682,#692,.T.);
#690 = VERTEX_POINT('',#691);
#691 = CARTESIAN_POINT('',(7.74635987521,47.375,0.));
#692 = LINE('',#693,#694);
#693 = CARTESIAN_POINT('',(7.74635987521,47.375,0.));
#694 = VECTOR('',#695,1.);
#695 = DIRECTION('',(0.,0.,1.));
#696 = ORIENTED_EDGE('',*,*,#697,.F.);
#697 = EDGE_CURVE('',#698,#690,#700,.T.);
#698 = VERTEX_POINT('',#699);
#699 = CARTESIAN_POINT('',(10.23,47.375,-1.06581410364E-14));
#700 = LINE('',#701,#702);
#701 = CARTESIAN_POINT('',(-23.5,47.375,9.769962616701E-15));
#702 = VECTOR('',#703,1.);
#703 = DIRECTION('',(-1.,1.271035289593E-15,4.515624459575E-31));
#704 = ORIENTED_EDGE('',*,*,#705,.T.);
#705 = EDGE_CURVE('',#698,#706,#708,.T.);
#706 = VERTEX_POINT('',#707);
#707 = CARTESIAN_POINT('',(10.23,47.375,0.23));
#708 = LINE('',#709,#710);
#709 = CARTESIAN_POINT('',(10.23,47.375,-1.06581410364E-14));
#710 = VECTOR('',#711,1.);
#711 = DIRECTION('',(0.,2.22044604925E-16,1.));
#712 = ORIENTED_EDGE('',*,*,#713,.T.);
#713 = EDGE_CURVE('',#706,#714,#716,.T.);
#714 = VERTEX_POINT('',#715);
#715 = CARTESIAN_POINT('',(16.43,47.375,0.23));
#716 = CIRCLE('',#717,3.1);
#717 = AXIS2_PLACEMENT_3D('',#718,#719,#720);
#718 = CARTESIAN_POINT('',(13.33,47.375,0.23));
#719 = DIRECTION('',(0.,1.,-2.22044604925E-16));
#720 = DIRECTION('',(-1.,0.,0.));
#721 = ORIENTED_EDGE('',*,*,#722,.T.);
#722 = EDGE_CURVE('',#714,#723,#725,.T.);
#723 = VERTEX_POINT('',#724);
#724 = CARTESIAN_POINT('',(16.43,47.375,-1.06581410364E-14));
#725 = LINE('',#726,#727);
#726 = CARTESIAN_POINT('',(16.43,47.375,0.23));
#727 = VECTOR('',#728,1.);
#728 = DIRECTION('',(0.,-2.22044604925E-16,-1.));
#729 = ORIENTED_EDGE('',*,*,#730,.F.);
#730 = EDGE_CURVE('',#731,#723,#733,.T.);
#731 = VERTEX_POINT('',#732);
#732 = CARTESIAN_POINT('',(18.913105142496,47.375,0.));
#733 = LINE('',#734,#735);
#734 = CARTESIAN_POINT('',(-23.5,47.375,9.769962616701E-15));
#735 = VECTOR('',#736,1.);
#736 = DIRECTION('',(-1.,1.271035289593E-15,4.515624459575E-31));
#737 = ORIENTED_EDGE('',*,*,#738,.T.);
#738 = EDGE_CURVE('',#731,#739,#741,.T.);
#739 = VERTEX_POINT('',#740);
#740 = CARTESIAN_POINT('',(18.913105142496,47.375,1.2));
#741 = LINE('',#742,#743);
#742 = CARTESIAN_POINT('',(18.913105142496,47.375,0.));
#743 = VECTOR('',#744,1.);
#744 = DIRECTION('',(0.,0.,1.));
#745 = ORIENTED_EDGE('',*,*,#746,.F.);
#746 = EDGE_CURVE('',#656,#739,#747,.T.);
#747 = LINE('',#748,#749);
#748 = CARTESIAN_POINT('',(19.13,47.375,1.2));
#749 = VECTOR('',#750,1.);
#750 = DIRECTION('',(-1.,0.,0.));
#751 = PLANE('',#752);
#752 = AXIS2_PLACEMENT_3D('',#753,#754,#755);
#753 = CARTESIAN_POINT('',(-23.5,47.375,11.6));
#754 = DIRECTION('',(-0.,-1.,-2.822265287234E-31));
#755 = DIRECTION('',(2.22044604925E-16,-2.822265287234E-31,1.));
#756 = ADVANCED_FACE('',(#757),#784,.F.);
#757 = FACE_BOUND('',#758,.F.);
#758 = EDGE_LOOP('',(#759,#760,#768,#777,#783));
#759 = ORIENTED_EDGE('',*,*,#149,.F.);
#760 = ORIENTED_EDGE('',*,*,#761,.T.);
#761 = EDGE_CURVE('',#142,#762,#764,.T.);
#762 = VERTEX_POINT('',#763);
#763 = CARTESIAN_POINT('',(17.3,5.105,9.85));
#764 = LINE('',#765,#766);
#765 = CARTESIAN_POINT('',(17.3,5.105,7.6));
#766 = VECTOR('',#767,1.);
#767 = DIRECTION('',(9.807229393616E-35,-6.935504534283E-33,1.));
#768 = ORIENTED_EDGE('',*,*,#769,.T.);
#769 = EDGE_CURVE('',#762,#770,#772,.T.);
#770 = VERTEX_POINT('',#771);
#771 = CARTESIAN_POINT('',(15.3,7.105,9.85));
#772 = CIRCLE('',#773,2.);
#773 = AXIS2_PLACEMENT_3D('',#774,#775,#776);
#774 = CARTESIAN_POINT('',(17.3,7.105,9.85));
#775 = DIRECTION('',(0.,0.,-1.));
#776 = DIRECTION('',(-1.,0.,0.));
#777 = ORIENTED_EDGE('',*,*,#778,.F.);
#778 = EDGE_CURVE('',#631,#770,#779,.T.);
#779 = LINE('',#780,#781);
#780 = CARTESIAN_POINT('',(15.3,7.105,7.6));
#781 = VECTOR('',#782,1.);
#782 = DIRECTION('',(4.30889522856E-33,7.792208940003E-33,1.));
#783 = ORIENTED_EDGE('',*,*,#630,.F.);
#784 = CYLINDRICAL_SURFACE('',#785,2.);
#785 = AXIS2_PLACEMENT_3D('',#786,#787,#788);
#786 = CARTESIAN_POINT('',(17.3,7.105,7.6));
#787 = DIRECTION('',(0.,0.,-1.));
#788 = DIRECTION('',(-1.,0.,0.));
#789 = ADVANCED_FACE('',(#790),#809,.F.);
#790 = FACE_BOUND('',#791,.F.);
#791 = EDGE_LOOP('',(#792,#793,#802,#808));
#792 = ORIENTED_EDGE('',*,*,#665,.F.);
#793 = ORIENTED_EDGE('',*,*,#794,.T.);
#794 = EDGE_CURVE('',#666,#795,#797,.T.);
#795 = VERTEX_POINT('',#796);
#796 = CARTESIAN_POINT('',(-26.3,44.575,1.2));
#797 = CIRCLE('',#798,2.8);
#798 = AXIS2_PLACEMENT_3D('',#799,#800,#801);
#799 = CARTESIAN_POINT('',(-23.5,44.575,1.2));
#800 = DIRECTION('',(0.,0.,1.));
#801 = DIRECTION('',(1.,0.,0.));
#802 = ORIENTED_EDGE('',*,*,#803,.T.);
#803 = EDGE_CURVE('',#795,#82,#804,.T.);
#804 = LINE('',#805,#806);
#805 = CARTESIAN_POINT('',(-26.3,44.575,11.6));
#806 = VECTOR('',#807,1.);
#807 = DIRECTION('',(0.,0.,1.));
#808 = ORIENTED_EDGE('',*,*,#81,.F.);
#809 = CYLINDRICAL_SURFACE('',#810,2.8);
#810 = AXIS2_PLACEMENT_3D('',#811,#812,#813);
#811 = CARTESIAN_POINT('',(-23.5,44.575,11.6));
#812 = DIRECTION('',(0.,0.,1.));
#813 = DIRECTION('',(1.,0.,0.));
#814 = ADVANCED_FACE('',(#815),#850,.F.);
#815 = FACE_BOUND('',#816,.F.);
#816 = EDGE_LOOP('',(#817,#827,#836,#842,#843,#844));
#817 = ORIENTED_EDGE('',*,*,#818,.T.);
#818 = EDGE_CURVE('',#819,#821,#823,.T.);
#819 = VERTEX_POINT('',#820);
#820 = CARTESIAN_POINT('',(24.3,5.105,9.85));
#821 = VERTEX_POINT('',#822);
#822 = CARTESIAN_POINT('',(18.330776406404,5.105,9.85));
#823 = LINE('',#824,#825);
#824 = CARTESIAN_POINT('',(24.3,5.105,9.85));
#825 = VECTOR('',#826,1.);
#826 = DIRECTION('',(-1.,0.,0.));
#827 = ORIENTED_EDGE('',*,*,#828,.T.);
#828 = EDGE_CURVE('',#821,#829,#831,.T.);
#829 = VERTEX_POINT('',#830);
#830 = CARTESIAN_POINT('',(17.300000059605,5.105,10.1));
#831 = HYPERBOLA('',#832,2.,2.);
#832 = AXIS2_PLACEMENT_3D('',#833,#834,#835);
#833 = CARTESIAN_POINT('',(17.3,5.105,12.1));
#834 = DIRECTION('',(-4.930187531719E-83,1.,6.935504534283E-33));
#835 = DIRECTION('',(-9.807229393616E-35,6.935504534283E-33,-1.));
#836 = ORIENTED_EDGE('',*,*,#837,.F.);
#837 = EDGE_CURVE('',#762,#829,#838,.T.);
#838 = LINE('',#839,#840);
#839 = CARTESIAN_POINT('',(17.3,5.105,7.6));
#840 = VECTOR('',#841,1.);
#841 = DIRECTION('',(0.,0.,1.));
#842 = ORIENTED_EDGE('',*,*,#761,.F.);
#843 = ORIENTED_EDGE('',*,*,#141,.F.);
#844 = ORIENTED_EDGE('',*,*,#845,.T.);
#845 = EDGE_CURVE('',#133,#819,#846,.T.);
#846 = LINE('',#847,#848);
#847 = CARTESIAN_POINT('',(24.3,5.105,7.6));
#848 = VECTOR('',#849,1.);
#849 = DIRECTION('',(9.807229393616E-35,-6.935504534283E-33,1.));
#850 = PLANE('',#851);
#851 = AXIS2_PLACEMENT_3D('',#852,#853,#854);
#852 = CARTESIAN_POINT('',(24.3,5.105,7.6));
#853 = DIRECTION('',(-0.,-1.,-6.935504534283E-33));
#854 = DIRECTION('',(-1.,0.,0.));
#855 = ADVANCED_FACE('',(#856),#1108,.T.);
#856 = FACE_BOUND('',#857,.T.);
#857 = EDGE_LOOP('',(#858,#866,#867,#868,#876,#884,#892,#900,#908,#916,
    #925,#933,#942,#950,#958,#966,#974,#982,#990,#998,#1006,#1014,#1022,
    #1030,#1038,#1046,#1054,#1062,#1070,#1078,#1086,#1094,#1102));
#858 = ORIENTED_EDGE('',*,*,#859,.T.);
#859 = EDGE_CURVE('',#860,#795,#862,.T.);
#860 = VERTEX_POINT('',#861);
#861 = CARTESIAN_POINT('',(-26.3,42.961057109949,1.2));
#862 = LINE('',#863,#864);
#863 = CARTESIAN_POINT('',(-26.3,42.961057109949,1.2));
#864 = VECTOR('',#865,1.);
#865 = DIRECTION('',(0.,1.,0.));
#866 = ORIENTED_EDGE('',*,*,#803,.T.);
#867 = ORIENTED_EDGE('',*,*,#90,.F.);
#868 = ORIENTED_EDGE('',*,*,#869,.F.);
#869 = EDGE_CURVE('',#870,#91,#872,.T.);
#870 = VERTEX_POINT('',#871);
#871 = CARTESIAN_POINT('',(-26.3,-44.575,1.2));
#872 = LINE('',#873,#874);
#873 = CARTESIAN_POINT('',(-26.3,-44.575,11.6));
#874 = VECTOR('',#875,1.);
#875 = DIRECTION('',(0.,2.22044604925E-16,1.));
#876 = ORIENTED_EDGE('',*,*,#877,.T.);
#877 = EDGE_CURVE('',#870,#878,#880,.T.);
#878 = VERTEX_POINT('',#879);
#879 = CARTESIAN_POINT('',(-26.3,-35.55,1.2));
#880 = LINE('',#881,#882);
#881 = CARTESIAN_POINT('',(-26.3,-44.575,1.2));
#882 = VECTOR('',#883,1.);
#883 = DIRECTION('',(3.936524851857E-16,1.,0.));
#884 = ORIENTED_EDGE('',*,*,#885,.T.);
#885 = EDGE_CURVE('',#878,#886,#888,.T.);
#886 = VERTEX_POINT('',#887);
#887 = CARTESIAN_POINT('',(-26.3,-35.33310514249,1.2));
#888 = LINE('',#889,#890);
#889 = CARTESIAN_POINT('',(-26.3,-35.55,1.2));
#890 = VECTOR('',#891,1.);
#891 = DIRECTION('',(0.,1.,0.));
#892 = ORIENTED_EDGE('',*,*,#893,.F.);
#893 = EDGE_CURVE('',#894,#886,#896,.T.);
#894 = VERTEX_POINT('',#895);
#895 = CARTESIAN_POINT('',(-26.3,-35.33310514249,0.));
#896 = LINE('',#897,#898);
#897 = CARTESIAN_POINT('',(-26.3,-35.33310514249,0.));
#898 = VECTOR('',#899,1.);
#899 = DIRECTION('',(0.,0.,1.));
#900 = ORIENTED_EDGE('',*,*,#901,.F.);
#901 = EDGE_CURVE('',#902,#894,#904,.T.);
#902 = VERTEX_POINT('',#903);
#903 = CARTESIAN_POINT('',(-26.3,-34.15,0.));
#904 = LINE('',#905,#906);
#905 = CARTESIAN_POINT('',(-26.3,-44.575,9.769962616701E-15));
#906 = VECTOR('',#907,1.);
#907 = DIRECTION('',(-9.860761315263E-32,-1.,3.503246160812E-47));
#908 = ORIENTED_EDGE('',*,*,#909,.T.);
#909 = EDGE_CURVE('',#902,#910,#912,.T.);
#910 = VERTEX_POINT('',#911);
#911 = CARTESIAN_POINT('',(-26.3,-34.15,2.1));
#912 = LINE('',#913,#914);
#913 = CARTESIAN_POINT('',(-26.3,-34.15,0.));
#914 = VECTOR('',#915,1.);
#915 = DIRECTION('',(0.,0.,1.));
#916 = ORIENTED_EDGE('',*,*,#917,.T.);
#917 = EDGE_CURVE('',#910,#918,#920,.T.);
#918 = VERTEX_POINT('',#919);
#919 = CARTESIAN_POINT('',(-26.3,-32.45,3.8));
#920 = CIRCLE('',#921,1.7);
#921 = AXIS2_PLACEMENT_3D('',#922,#923,#924);
#922 = CARTESIAN_POINT('',(-26.3,-32.45,2.1));
#923 = DIRECTION('',(-1.,0.,0.));
#924 = DIRECTION('',(0.,-1.,0.));
#925 = ORIENTED_EDGE('',*,*,#926,.F.);
#926 = EDGE_CURVE('',#927,#918,#929,.T.);
#927 = VERTEX_POINT('',#928);
#928 = CARTESIAN_POINT('',(-26.3,-8.45,3.8));
#929 = LINE('',#930,#931);
#930 = CARTESIAN_POINT('',(-26.3,-8.45,3.8));
#931 = VECTOR('',#932,1.);
#932 = DIRECTION('',(0.,-1.,-7.586524001605E-16));
#933 = ORIENTED_EDGE('',*,*,#934,.T.);
#934 = EDGE_CURVE('',#927,#935,#937,.T.);
#935 = VERTEX_POINT('',#936);
#936 = CARTESIAN_POINT('',(-26.3,-6.75,2.1));
#937 = CIRCLE('',#938,1.7);
#938 = AXIS2_PLACEMENT_3D('',#939,#940,#941);
#939 = CARTESIAN_POINT('',(-26.3,-8.45,2.1));
#940 = DIRECTION('',(-1.,0.,0.));
#941 = DIRECTION('',(0.,-1.,0.));
#942 = ORIENTED_EDGE('',*,*,#943,.T.);
#943 = EDGE_CURVE('',#935,#944,#946,.T.);
#944 = VERTEX_POINT('',#945);
#945 = CARTESIAN_POINT('',(-26.3,-6.75,0.));
#946 = LINE('',#947,#948);
#947 = CARTESIAN_POINT('',(-26.3,-6.75,2.1));
#948 = VECTOR('',#949,1.);
#949 = DIRECTION('',(0.,0.,-1.));
#950 = ORIENTED_EDGE('',*,*,#951,.F.);
#951 = EDGE_CURVE('',#952,#944,#954,.T.);
#952 = VERTEX_POINT('',#953);
#953 = CARTESIAN_POINT('',(-26.3,-5.566894857504,0.));
#954 = LINE('',#955,#956);
#955 = CARTESIAN_POINT('',(-26.3,-44.575,9.769962616701E-15));
#956 = VECTOR('',#957,1.);
#957 = DIRECTION('',(-9.860761315263E-32,-1.,3.503246160812E-47));
#958 = ORIENTED_EDGE('',*,*,#959,.T.);
#959 = EDGE_CURVE('',#952,#960,#962,.T.);
#960 = VERTEX_POINT('',#961);
#961 = CARTESIAN_POINT('',(-26.3,-5.566894857504,1.2));
#962 = LINE('',#963,#964);
#963 = CARTESIAN_POINT('',(-26.3,-5.566894857504,0.));
#964 = VECTOR('',#965,1.);
#965 = DIRECTION('',(0.,0.,1.));
#966 = ORIENTED_EDGE('',*,*,#967,.T.);
#967 = EDGE_CURVE('',#960,#968,#970,.T.);
#968 = VERTEX_POINT('',#969);
#969 = CARTESIAN_POINT('',(-26.3,-5.35,1.2));
#970 = LINE('',#971,#972);
#971 = CARTESIAN_POINT('',(-26.3,-5.566894857504,1.2));
#972 = VECTOR('',#973,1.);
#973 = DIRECTION('',(0.,1.,0.));
#974 = ORIENTED_EDGE('',*,*,#975,.T.);
#975 = EDGE_CURVE('',#968,#976,#978,.T.);
#976 = VERTEX_POINT('',#977);
#977 = CARTESIAN_POINT('',(-26.3,17.465,1.2));
#978 = LINE('',#979,#980);
#979 = CARTESIAN_POINT('',(-26.3,-5.35,1.2));
#980 = VECTOR('',#981,1.);
#981 = DIRECTION('',(0.,1.,0.));
#982 = ORIENTED_EDGE('',*,*,#983,.T.);
#983 = EDGE_CURVE('',#976,#984,#986,.T.);
#984 = VERTEX_POINT('',#985);
#985 = CARTESIAN_POINT('',(-26.3,17.681894857504,1.2));
#986 = LINE('',#987,#988);
#987 = CARTESIAN_POINT('',(-26.3,17.465,1.2));
#988 = VECTOR('',#989,1.);
#989 = DIRECTION('',(0.,1.,0.));
#990 = ORIENTED_EDGE('',*,*,#991,.F.);
#991 = EDGE_CURVE('',#992,#984,#994,.T.);
#992 = VERTEX_POINT('',#993);
#993 = CARTESIAN_POINT('',(-26.3,17.681894857504,0.));
#994 = LINE('',#995,#996);
#995 = CARTESIAN_POINT('',(-26.3,17.681894857504,0.));
#996 = VECTOR('',#997,1.);
#997 = DIRECTION('',(0.,0.,1.));
#998 = ORIENTED_EDGE('',*,*,#999,.F.);
#999 = EDGE_CURVE('',#1000,#992,#1002,.T.);
#1000 = VERTEX_POINT('',#1001);
#1001 = CARTESIAN_POINT('',(-26.3,18.875,0.));
#1002 = LINE('',#1003,#1004);
#1003 = CARTESIAN_POINT('',(-26.3,-44.575,9.769962616701E-15));
#1004 = VECTOR('',#1005,1.);
#1005 = DIRECTION('',(-9.860761315263E-32,-1.,3.503246160812E-47));
#1006 = ORIENTED_EDGE('',*,*,#1007,.T.);
#1007 = EDGE_CURVE('',#1000,#1008,#1010,.T.);
#1008 = VERTEX_POINT('',#1009);
#1009 = CARTESIAN_POINT('',(-26.3,18.875,5.7));
#1010 = LINE('',#1011,#1012);
#1011 = CARTESIAN_POINT('',(-26.3,18.875,0.));
#1012 = VECTOR('',#1013,1.);
#1013 = DIRECTION('',(0.,0.,1.));
#1014 = ORIENTED_EDGE('',*,*,#1015,.T.);
#1015 = EDGE_CURVE('',#1008,#1016,#1018,.T.);
#1016 = VERTEX_POINT('',#1017);
#1017 = CARTESIAN_POINT('',(-26.3,29.125,5.7));
#1018 = LINE('',#1019,#1020);
#1019 = CARTESIAN_POINT('',(-26.3,18.875,5.7));
#1020 = VECTOR('',#1021,1.);
#1021 = DIRECTION('',(0.,1.,0.));
#1022 = ORIENTED_EDGE('',*,*,#1023,.F.);
#1023 = EDGE_CURVE('',#1024,#1016,#1026,.T.);
#1024 = VERTEX_POINT('',#1025);
#1025 = CARTESIAN_POINT('',(-26.3,29.125,4.1));
#1026 = LINE('',#1027,#1028);
#1027 = CARTESIAN_POINT('',(-26.3,29.125,0.));
#1028 = VECTOR('',#1029,1.);
#1029 = DIRECTION('',(0.,0.,1.));
#1030 = ORIENTED_EDGE('',*,*,#1031,.T.);
#1031 = EDGE_CURVE('',#1024,#1032,#1034,.T.);
#1032 = VERTEX_POINT('',#1033);
#1033 = CARTESIAN_POINT('',(-26.3,29.125,9.769962616701E-15));
#1034 = LINE('',#1035,#1036);
#1035 = CARTESIAN_POINT('',(-26.3,29.125,4.1));
#1036 = VECTOR('',#1037,1.);
#1037 = DIRECTION('',(0.,0.,-1.));
#1038 = ORIENTED_EDGE('',*,*,#1039,.F.);
#1039 = EDGE_CURVE('',#1040,#1032,#1042,.T.);
#1040 = VERTEX_POINT('',#1041);
#1041 = CARTESIAN_POINT('',(-26.3,31.525,9.769962616701E-15));
#1042 = LINE('',#1043,#1044);
#1043 = CARTESIAN_POINT('',(-26.3,-44.575,9.769962616701E-15));
#1044 = VECTOR('',#1045,1.);
#1045 = DIRECTION('',(-9.860761315263E-32,-1.,3.503246160812E-47));
#1046 = ORIENTED_EDGE('',*,*,#1047,.F.);
#1047 = EDGE_CURVE('',#1048,#1040,#1050,.T.);
#1048 = VERTEX_POINT('',#1049);
#1049 = CARTESIAN_POINT('',(-26.3,31.525,4.1));
#1050 = LINE('',#1051,#1052);
#1051 = CARTESIAN_POINT('',(-26.3,31.525,4.1));
#1052 = VECTOR('',#1053,1.);
#1053 = DIRECTION('',(0.,0.,-1.));
#1054 = ORIENTED_EDGE('',*,*,#1055,.T.);
#1055 = EDGE_CURVE('',#1048,#1056,#1058,.T.);
#1056 = VERTEX_POINT('',#1057);
#1057 = CARTESIAN_POINT('',(-26.3,31.525,5.7));
#1058 = LINE('',#1059,#1060);
#1059 = CARTESIAN_POINT('',(-26.3,31.525,0.));
#1060 = VECTOR('',#1061,1.);
#1061 = DIRECTION('',(0.,0.,1.));
#1062 = ORIENTED_EDGE('',*,*,#1063,.F.);
#1063 = EDGE_CURVE('',#1064,#1056,#1066,.T.);
#1064 = VERTEX_POINT('',#1065);
#1065 = CARTESIAN_POINT('',(-26.3,39.775,5.7));
#1066 = LINE('',#1067,#1068);
#1067 = CARTESIAN_POINT('',(-26.3,39.775,5.7));
#1068 = VECTOR('',#1069,1.);
#1069 = DIRECTION('',(-4.306319610667E-16,-1.,0.));
#1070 = ORIENTED_EDGE('',*,*,#1071,.F.);
#1071 = EDGE_CURVE('',#1072,#1064,#1074,.T.);
#1072 = VERTEX_POINT('',#1073);
#1073 = CARTESIAN_POINT('',(-26.3,41.561057109949,5.7));
#1074 = LINE('',#1075,#1076);
#1075 = CARTESIAN_POINT('',(-26.3,-6.702007631582,5.7));
#1076 = VECTOR('',#1077,1.);
#1077 = DIRECTION('',(0.,-1.,0.));
#1078 = ORIENTED_EDGE('',*,*,#1079,.T.);
#1079 = EDGE_CURVE('',#1072,#1080,#1082,.T.);
#1080 = VERTEX_POINT('',#1081);
#1081 = CARTESIAN_POINT('',(-26.3,41.561057109949,5.329070518201E-15));
#1082 = LINE('',#1083,#1084);
#1083 = CARTESIAN_POINT('',(-26.3,41.561057109949,0.));
#1084 = VECTOR('',#1085,1.);
#1085 = DIRECTION('',(-0.,-0.,-1.));
#1086 = ORIENTED_EDGE('',*,*,#1087,.F.);
#1087 = EDGE_CURVE('',#1088,#1080,#1090,.T.);
#1088 = VERTEX_POINT('',#1089);
#1089 = CARTESIAN_POINT('',(-26.3,42.744162252445,0.));
#1090 = LINE('',#1091,#1092);
#1091 = CARTESIAN_POINT('',(-26.3,-44.575,9.769962616701E-15));
#1092 = VECTOR('',#1093,1.);
#1093 = DIRECTION('',(-9.860761315263E-32,-1.,3.503246160812E-47));
#1094 = ORIENTED_EDGE('',*,*,#1095,.T.);
#1095 = EDGE_CURVE('',#1088,#1096,#1098,.T.);
#1096 = VERTEX_POINT('',#1097);
#1097 = CARTESIAN_POINT('',(-26.3,42.744162252445,1.2));
#1098 = LINE('',#1099,#1100);
#1099 = CARTESIAN_POINT('',(-26.3,42.744162252445,0.));
#1100 = VECTOR('',#1101,1.);
#1101 = DIRECTION('',(0.,0.,1.));
#1102 = ORIENTED_EDGE('',*,*,#1103,.T.);
#1103 = EDGE_CURVE('',#1096,#860,#1104,.T.);
#1104 = LINE('',#1105,#1106);
#1105 = CARTESIAN_POINT('',(-26.3,42.744162252445,1.2));
#1106 = VECTOR('',#1107,1.);
#1107 = DIRECTION('',(0.,1.,0.));
#1108 = PLANE('',#1109);
#1109 = AXIS2_PLACEMENT_3D('',#1110,#1111,#1112);
#1110 = CARTESIAN_POINT('',(-26.3,-44.575,11.6));
#1111 = DIRECTION('',(1.,0.,0.));
#1112 = DIRECTION('',(0.,2.22044604925E-16,1.));
#1113 = ADVANCED_FACE('',(#1114),#1133,.F.);
#1114 = FACE_BOUND('',#1115,.F.);
#1115 = EDGE_LOOP('',(#1116,#1124,#1131,#1132));
#1116 = ORIENTED_EDGE('',*,*,#1117,.T.);
#1117 = EDGE_CURVE('',#125,#1118,#1120,.T.);
#1118 = VERTEX_POINT('',#1119);
#1119 = CARTESIAN_POINT('',(26.3,7.105,9.85));
#1120 = LINE('',#1121,#1122);
#1121 = CARTESIAN_POINT('',(26.3,7.105,7.6));
#1122 = VECTOR('',#1123,1.);
#1123 = DIRECTION('',(9.807229393616E-35,-6.935504534283E-33,1.));
#1124 = ORIENTED_EDGE('',*,*,#1125,.T.);
#1125 = EDGE_CURVE('',#1118,#819,#1126,.T.);
#1126 = CIRCLE('',#1127,2.);
#1127 = AXIS2_PLACEMENT_3D('',#1128,#1129,#1130);
#1128 = CARTESIAN_POINT('',(24.3,7.105,9.85));
#1129 = DIRECTION('',(0.,0.,-1.));
#1130 = DIRECTION('',(-1.,0.,0.));
#1131 = ORIENTED_EDGE('',*,*,#845,.F.);
#1132 = ORIENTED_EDGE('',*,*,#132,.F.);
#1133 = CYLINDRICAL_SURFACE('',#1134,2.);
#1134 = AXIS2_PLACEMENT_3D('',#1135,#1136,#1137);
#1135 = CARTESIAN_POINT('',(24.3,7.105,7.6));
#1136 = DIRECTION('',(0.,0.,-1.));
#1137 = DIRECTION('',(-1.,0.,0.));
#1138 = ADVANCED_FACE('',(#1139),#1158,.F.);
#1139 = FACE_BOUND('',#1140,.F.);
#1140 = EDGE_LOOP('',(#1141,#1142,#1151,#1157));
#1141 = ORIENTED_EDGE('',*,*,#869,.F.);
#1142 = ORIENTED_EDGE('',*,*,#1143,.T.);
#1143 = EDGE_CURVE('',#870,#1144,#1146,.T.);
#1144 = VERTEX_POINT('',#1145);
#1145 = CARTESIAN_POINT('',(-23.5,-47.375,1.2));
#1146 = CIRCLE('',#1147,2.8);
#1147 = AXIS2_PLACEMENT_3D('',#1148,#1149,#1150);
#1148 = CARTESIAN_POINT('',(-23.5,-44.575,1.2));
#1149 = DIRECTION('',(0.,0.,1.));
#1150 = DIRECTION('',(1.,0.,0.));
#1151 = ORIENTED_EDGE('',*,*,#1152,.T.);
#1152 = EDGE_CURVE('',#1144,#99,#1153,.T.);
#1153 = LINE('',#1154,#1155);
#1154 = CARTESIAN_POINT('',(-23.5,-47.375,11.6));
#1155 = VECTOR('',#1156,1.);
#1156 = DIRECTION('',(0.,0.,1.));
#1157 = ORIENTED_EDGE('',*,*,#98,.F.);
#1158 = CYLINDRICAL_SURFACE('',#1159,2.8);
#1159 = AXIS2_PLACEMENT_3D('',#1160,#1161,#1162);
#1160 = CARTESIAN_POINT('',(-23.5,-44.575,11.6));
#1161 = DIRECTION('',(0.,0.,1.));
#1162 = DIRECTION('',(1.,0.,0.));
#1163 = ADVANCED_FACE('',(#1164),#1221,.T.);
#1164 = FACE_BOUND('',#1165,.T.);
#1165 = EDGE_LOOP('',(#1166,#1176,#1182,#1183,#1191,#1199,#1207,#1215));
#1166 = ORIENTED_EDGE('',*,*,#1167,.T.);
#1167 = EDGE_CURVE('',#1168,#1170,#1172,.T.);
#1168 = VERTEX_POINT('',#1169);
#1169 = CARTESIAN_POINT('',(26.3,12.48194289005,1.2));
#1170 = VERTEX_POINT('',#1171);
#1171 = CARTESIAN_POINT('',(26.3,-44.575,1.2));
#1172 = LINE('',#1173,#1174);
#1173 = CARTESIAN_POINT('',(26.3,12.48194289005,1.2));
#1174 = VECTOR('',#1175,1.);
#1175 = DIRECTION('',(0.,-1.,0.));
#1176 = ORIENTED_EDGE('',*,*,#1177,.T.);
#1177 = EDGE_CURVE('',#1170,#116,#1178,.T.);
#1178 = LINE('',#1179,#1180);
#1179 = CARTESIAN_POINT('',(26.3,-44.575,11.6));
#1180 = VECTOR('',#1181,1.);
#1181 = DIRECTION('',(0.,0.,1.));
#1182 = ORIENTED_EDGE('',*,*,#124,.F.);
#1183 = ORIENTED_EDGE('',*,*,#1184,.F.);
#1184 = EDGE_CURVE('',#1185,#125,#1187,.T.);
#1185 = VERTEX_POINT('',#1186);
#1186 = CARTESIAN_POINT('',(26.300000000001,13.88894289005,7.6));
#1187 = LINE('',#1188,#1189);
#1188 = CARTESIAN_POINT('',(26.3,44.575,7.6));
#1189 = VECTOR('',#1190,1.);
#1190 = DIRECTION('',(0.,-1.,0.));
#1191 = ORIENTED_EDGE('',*,*,#1192,.F.);
#1192 = EDGE_CURVE('',#1193,#1185,#1195,.T.);
#1193 = VERTEX_POINT('',#1194);
#1194 = CARTESIAN_POINT('',(26.300000000001,13.88894289005,0.));
#1195 = LINE('',#1196,#1197);
#1196 = CARTESIAN_POINT('',(26.300000000001,13.88894289005,0.));
#1197 = VECTOR('',#1198,1.);
#1198 = DIRECTION('',(0.,0.,1.));
#1199 = ORIENTED_EDGE('',*,*,#1200,.F.);
#1200 = EDGE_CURVE('',#1201,#1193,#1203,.T.);
#1201 = VERTEX_POINT('',#1202);
#1202 = CARTESIAN_POINT('',(26.3,12.698837747554,0.));
#1203 = LINE('',#1204,#1205);
#1204 = CARTESIAN_POINT('',(26.3,44.575,9.769962616701E-15));
#1205 = VECTOR('',#1206,1.);
#1206 = DIRECTION('',(1.010643099615E-15,1.,3.590525564387E-31));
#1207 = ORIENTED_EDGE('',*,*,#1208,.T.);
#1208 = EDGE_CURVE('',#1201,#1209,#1211,.T.);
#1209 = VERTEX_POINT('',#1210);
#1210 = CARTESIAN_POINT('',(26.3,12.698837747554,1.2));
#1211 = LINE('',#1212,#1213);
#1212 = CARTESIAN_POINT('',(26.3,12.698837747554,0.));
#1213 = VECTOR('',#1214,1.);
#1214 = DIRECTION('',(0.,0.,1.));
#1215 = ORIENTED_EDGE('',*,*,#1216,.F.);
#1216 = EDGE_CURVE('',#1168,#1209,#1217,.T.);
#1217 = LINE('',#1218,#1219);
#1218 = CARTESIAN_POINT('',(26.3,12.48194289005,1.2));
#1219 = VECTOR('',#1220,1.);
#1220 = DIRECTION('',(0.,1.,0.));
#1221 = PLANE('',#1222);
#1222 = AXIS2_PLACEMENT_3D('',#1223,#1224,#1225);
#1223 = CARTESIAN_POINT('',(26.3,44.575,11.6));
#1224 = DIRECTION('',(-1.,0.,-2.244078477742E-31));
#1225 = DIRECTION('',(-2.244078477742E-31,-2.22044604925E-16,1.));
#1226 = ADVANCED_FACE('',(#1227),#1343,.T.);
#1227 = FACE_BOUND('',#1228,.T.);
#1228 = EDGE_LOOP('',(#1229,#1237,#1238,#1239,#1247,#1255,#1263,#1271,
    #1279,#1287,#1296,#1304,#1313,#1321,#1329,#1337));
#1229 = ORIENTED_EDGE('',*,*,#1230,.T.);
#1230 = EDGE_CURVE('',#1231,#1144,#1233,.T.);
#1231 = VERTEX_POINT('',#1232);
#1232 = CARTESIAN_POINT('',(-7.87,-47.375,1.2));
#1233 = LINE('',#1234,#1235);
#1234 = CARTESIAN_POINT('',(-7.87,-47.375,1.2));
#1235 = VECTOR('',#1236,1.);
#1236 = DIRECTION('',(-1.,0.,0.));
#1237 = ORIENTED_EDGE('',*,*,#1152,.T.);
#1238 = ORIENTED_EDGE('',*,*,#107,.F.);
#1239 = ORIENTED_EDGE('',*,*,#1240,.F.);
#1240 = EDGE_CURVE('',#1241,#108,#1243,.T.);
#1241 = VERTEX_POINT('',#1242);
#1242 = CARTESIAN_POINT('',(23.5,-47.375,1.2));
#1243 = LINE('',#1244,#1245);
#1244 = CARTESIAN_POINT('',(23.5,-47.375,11.6));
#1245 = VECTOR('',#1246,1.);
#1246 = DIRECTION('',(-2.22044604925E-16,2.108115370397E-31,1.));
#1247 = ORIENTED_EDGE('',*,*,#1248,.F.);
#1248 = EDGE_CURVE('',#1249,#1241,#1251,.T.);
#1249 = VERTEX_POINT('',#1250);
#1250 = CARTESIAN_POINT('',(8.07,-47.375,1.2));
#1251 = LINE('',#1252,#1253);
#1252 = CARTESIAN_POINT('',(8.07,-47.375,1.2));
#1253 = VECTOR('',#1254,1.);
#1254 = DIRECTION('',(1.,-2.76296592E-15,0.));
#1255 = ORIENTED_EDGE('',*,*,#1256,.T.);
#1256 = EDGE_CURVE('',#1249,#1257,#1259,.T.);
#1257 = VERTEX_POINT('',#1258);
#1258 = CARTESIAN_POINT('',(7.853105142496,-47.375,1.2));
#1259 = LINE('',#1260,#1261);
#1260 = CARTESIAN_POINT('',(8.07,-47.375,1.2));
#1261 = VECTOR('',#1262,1.);
#1262 = DIRECTION('',(-1.,0.,0.));
#1263 = ORIENTED_EDGE('',*,*,#1264,.F.);
#1264 = EDGE_CURVE('',#1265,#1257,#1267,.T.);
#1265 = VERTEX_POINT('',#1266);
#1266 = CARTESIAN_POINT('',(7.853105142496,-47.375,0.));
#1267 = LINE('',#1268,#1269);
#1268 = CARTESIAN_POINT('',(7.853105142496,-47.375,0.));
#1269 = VECTOR('',#1270,1.);
#1270 = DIRECTION('',(0.,0.,1.));
#1271 = ORIENTED_EDGE('',*,*,#1272,.F.);
#1272 = EDGE_CURVE('',#1273,#1265,#1275,.T.);
#1273 = VERTEX_POINT('',#1274);
#1274 = CARTESIAN_POINT('',(4.67,-47.375,9.769962616701E-15));
#1275 = LINE('',#1276,#1277);
#1276 = CARTESIAN_POINT('',(23.5,-47.375,9.769962616701E-15));
#1277 = VECTOR('',#1278,1.);
#1278 = DIRECTION('',(1.,-9.494107596575E-16,3.372984592636E-31));
#1279 = ORIENTED_EDGE('',*,*,#1280,.F.);
#1280 = EDGE_CURVE('',#1281,#1273,#1283,.T.);
#1281 = VERTEX_POINT('',#1282);
#1282 = CARTESIAN_POINT('',(4.67,-47.375,0.235));
#1283 = LINE('',#1284,#1285);
#1284 = CARTESIAN_POINT('',(4.67,-47.375,0.235));
#1285 = VECTOR('',#1286,1.);
#1286 = DIRECTION('',(0.,-2.22044604925E-16,-1.));
#1287 = ORIENTED_EDGE('',*,*,#1288,.T.);
#1288 = EDGE_CURVE('',#1281,#1289,#1291,.T.);
#1289 = VERTEX_POINT('',#1290);
#1290 = CARTESIAN_POINT('',(3.29,-47.375,1.615));
#1291 = CIRCLE('',#1292,1.38);
#1292 = AXIS2_PLACEMENT_3D('',#1293,#1294,#1295);
#1293 = CARTESIAN_POINT('',(3.29,-47.375,0.235));
#1294 = DIRECTION('',(0.,-1.,2.22044604925E-16));
#1295 = DIRECTION('',(1.,0.,0.));
#1296 = ORIENTED_EDGE('',*,*,#1297,.F.);
#1297 = EDGE_CURVE('',#1298,#1289,#1300,.T.);
#1298 = VERTEX_POINT('',#1299);
#1299 = CARTESIAN_POINT('',(-3.09,-47.375,1.615));
#1300 = LINE('',#1301,#1302);
#1301 = CARTESIAN_POINT('',(-3.09,-47.375,1.615));
#1302 = VECTOR('',#1303,1.);
#1303 = DIRECTION('',(1.,0.,0.));
#1304 = ORIENTED_EDGE('',*,*,#1305,.T.);
#1305 = EDGE_CURVE('',#1298,#1306,#1308,.T.);
#1306 = VERTEX_POINT('',#1307);
#1307 = CARTESIAN_POINT('',(-4.47,-47.375,0.235));
#1308 = CIRCLE('',#1309,1.38);
#1309 = AXIS2_PLACEMENT_3D('',#1310,#1311,#1312);
#1310 = CARTESIAN_POINT('',(-3.09,-47.375,0.235));
#1311 = DIRECTION('',(0.,-1.,2.22044604925E-16));
#1312 = DIRECTION('',(1.,0.,0.));
#1313 = ORIENTED_EDGE('',*,*,#1314,.F.);
#1314 = EDGE_CURVE('',#1315,#1306,#1317,.T.);
#1315 = VERTEX_POINT('',#1316);
#1316 = CARTESIAN_POINT('',(-4.47,-47.375,9.769962616701E-15));
#1317 = LINE('',#1318,#1319);
#1318 = CARTESIAN_POINT('',(-4.47,-47.375,-0.365));
#1319 = VECTOR('',#1320,1.);
#1320 = DIRECTION('',(0.,2.22044604925E-16,1.));
#1321 = ORIENTED_EDGE('',*,*,#1322,.F.);
#1322 = EDGE_CURVE('',#1323,#1315,#1325,.T.);
#1323 = VERTEX_POINT('',#1324);
#1324 = CARTESIAN_POINT('',(-7.653105142496,-47.375,0.));
#1325 = LINE('',#1326,#1327);
#1326 = CARTESIAN_POINT('',(23.5,-47.375,9.769962616701E-15));
#1327 = VECTOR('',#1328,1.);
#1328 = DIRECTION('',(1.,-9.494107596575E-16,3.372984592636E-31));
#1329 = ORIENTED_EDGE('',*,*,#1330,.T.);
#1330 = EDGE_CURVE('',#1323,#1331,#1333,.T.);
#1331 = VERTEX_POINT('',#1332);
#1332 = CARTESIAN_POINT('',(-7.653105142496,-47.375,1.2));
#1333 = LINE('',#1334,#1335);
#1334 = CARTESIAN_POINT('',(-7.653105142496,-47.375,0.));
#1335 = VECTOR('',#1336,1.);
#1336 = DIRECTION('',(0.,0.,1.));
#1337 = ORIENTED_EDGE('',*,*,#1338,.F.);
#1338 = EDGE_CURVE('',#1231,#1331,#1339,.T.);
#1339 = LINE('',#1340,#1341);
#1340 = CARTESIAN_POINT('',(-7.87,-47.375,1.2));
#1341 = VECTOR('',#1342,1.);
#1342 = DIRECTION('',(1.,0.,0.));
#1343 = PLANE('',#1344);
#1344 = AXIS2_PLACEMENT_3D('',#1345,#1346,#1347);
#1345 = CARTESIAN_POINT('',(23.5,-47.375,11.6));
#1346 = DIRECTION('',(0.,1.,-2.108115370397E-31));
#1347 = DIRECTION('',(-2.22044604925E-16,2.108115370397E-31,1.));
#1348 = ADVANCED_FACE('',(#1349),#1361,.F.);
#1349 = FACE_BOUND('',#1350,.F.);
#1350 = EDGE_LOOP('',(#1351,#1352,#1359,#1360));
#1351 = ORIENTED_EDGE('',*,*,#1240,.F.);
#1352 = ORIENTED_EDGE('',*,*,#1353,.T.);
#1353 = EDGE_CURVE('',#1241,#1170,#1354,.T.);
#1354 = CIRCLE('',#1355,2.8);
#1355 = AXIS2_PLACEMENT_3D('',#1356,#1357,#1358);
#1356 = CARTESIAN_POINT('',(23.5,-44.575,1.2));
#1357 = DIRECTION('',(0.,0.,1.));
#1358 = DIRECTION('',(1.,0.,0.));
#1359 = ORIENTED_EDGE('',*,*,#1177,.T.);
#1360 = ORIENTED_EDGE('',*,*,#115,.F.);
#1361 = CYLINDRICAL_SURFACE('',#1362,2.8);
#1362 = AXIS2_PLACEMENT_3D('',#1363,#1364,#1365);
#1363 = CARTESIAN_POINT('',(23.5,-44.575,11.6));
#1364 = DIRECTION('',(0.,0.,1.));
#1365 = DIRECTION('',(1.,0.,0.));
#1366 = ADVANCED_FACE('',(#1367),#1386,.F.);
#1367 = FACE_BOUND('',#1368,.T.);
#1368 = EDGE_LOOP('',(#1369,#1377,#1384,#1385));
#1369 = ORIENTED_EDGE('',*,*,#1370,.F.);
#1370 = EDGE_CURVE('',#1371,#209,#1373,.T.);
#1371 = VERTEX_POINT('',#1372);
#1372 = CARTESIAN_POINT('',(24.6,-44.475,10.9));
#1373 = LINE('',#1374,#1375);
#1374 = CARTESIAN_POINT('',(24.6,-44.475,10.9));
#1375 = VECTOR('',#1376,1.);
#1376 = DIRECTION('',(-5.650237412944E-17,0.,-1.));
#1377 = ORIENTED_EDGE('',*,*,#1378,.T.);
#1378 = EDGE_CURVE('',#1371,#1371,#1379,.T.);
#1379 = CIRCLE('',#1380,1.2);
#1380 = AXIS2_PLACEMENT_3D('',#1381,#1382,#1383);
#1381 = CARTESIAN_POINT('',(23.4,-44.475,10.9));
#1382 = DIRECTION('',(0.,0.,1.));
#1383 = DIRECTION('',(1.,0.,0.));
#1384 = ORIENTED_EDGE('',*,*,#1370,.T.);
#1385 = ORIENTED_EDGE('',*,*,#208,.T.);
#1386 = CYLINDRICAL_SURFACE('',#1387,1.2);
#1387 = AXIS2_PLACEMENT_3D('',#1388,#1389,#1390);
#1388 = CARTESIAN_POINT('',(23.4,-44.475,10.9));
#1389 = DIRECTION('',(-0.,-0.,-1.));
#1390 = DIRECTION('',(1.,0.,0.));
#1391 = ADVANCED_FACE('',(#1392),#1411,.F.);
#1392 = FACE_BOUND('',#1393,.T.);
#1393 = EDGE_LOOP('',(#1394,#1402,#1409,#1410));
#1394 = ORIENTED_EDGE('',*,*,#1395,.F.);
#1395 = EDGE_CURVE('',#1396,#220,#1398,.T.);
#1396 = VERTEX_POINT('',#1397);
#1397 = CARTESIAN_POINT('',(24.6,44.475,10.9));
#1398 = LINE('',#1399,#1400);
#1399 = CARTESIAN_POINT('',(24.6,44.475,10.9));
#1400 = VECTOR('',#1401,1.);
#1401 = DIRECTION('',(-5.650237412944E-17,0.,-1.));
#1402 = ORIENTED_EDGE('',*,*,#1403,.T.);
#1403 = EDGE_CURVE('',#1396,#1396,#1404,.T.);
#1404 = CIRCLE('',#1405,1.2);
#1405 = AXIS2_PLACEMENT_3D('',#1406,#1407,#1408);
#1406 = CARTESIAN_POINT('',(23.4,44.475,10.9));
#1407 = DIRECTION('',(0.,0.,1.));
#1408 = DIRECTION('',(1.,0.,0.));
#1409 = ORIENTED_EDGE('',*,*,#1395,.T.);
#1410 = ORIENTED_EDGE('',*,*,#219,.T.);
#1411 = CYLINDRICAL_SURFACE('',#1412,1.2);
#1412 = AXIS2_PLACEMENT_3D('',#1413,#1414,#1415);
#1413 = CARTESIAN_POINT('',(23.4,44.475,10.9));
#1414 = DIRECTION('',(-0.,-0.,-1.));
#1415 = DIRECTION('',(1.,0.,0.));
#1416 = ADVANCED_FACE('',(#1417),#1440,.F.);
#1417 = FACE_BOUND('',#1418,.F.);
#1418 = EDGE_LOOP('',(#1419,#1420,#1427,#1435));
#1419 = ORIENTED_EDGE('',*,*,#230,.T.);
#1420 = ORIENTED_EDGE('',*,*,#1421,.T.);
#1421 = EDGE_CURVE('',#233,#1422,#1424,.T.);
#1422 = VERTEX_POINT('',#1423);
#1423 = CARTESIAN_POINT('',(-20.,-0.230940107676,8.));
#1424 = B_SPLINE_CURVE_WITH_KNOTS('',1,(#1425,#1426),.UNSPECIFIED.,.F.,
  .F.,(2,2),(0.,1.),.PIECEWISE_BEZIER_KNOTS.);
#1425 = CARTESIAN_POINT('',(-20.,-1.387778780781E-17,7.6));
#1426 = CARTESIAN_POINT('',(-20.,-0.230940107676,8.));
#1427 = ORIENTED_EDGE('',*,*,#1428,.F.);
#1428 = EDGE_CURVE('',#1429,#1422,#1431,.T.);
#1429 = VERTEX_POINT('',#1430);
#1430 = CARTESIAN_POINT('',(20.,-0.230940107676,8.));
#1431 = LINE('',#1432,#1433);
#1432 = CARTESIAN_POINT('',(20.,-0.230940107676,8.));
#1433 = VECTOR('',#1434,1.);
#1434 = DIRECTION('',(-1.,0.,0.));
#1435 = ORIENTED_EDGE('',*,*,#1436,.F.);
#1436 = EDGE_CURVE('',#231,#1429,#1437,.T.);
#1437 = B_SPLINE_CURVE_WITH_KNOTS('',1,(#1438,#1439),.UNSPECIFIED.,.F.,
  .F.,(2,2),(0.,1.),.PIECEWISE_BEZIER_KNOTS.);
#1438 = CARTESIAN_POINT('',(20.,-1.387778780781E-17,7.6));
#1439 = CARTESIAN_POINT('',(20.,-0.230940107676,8.));
#1440 = PLANE('',#1441);
#1441 = AXIS2_PLACEMENT_3D('',#1442,#1443,#1444);
#1442 = CARTESIAN_POINT('',(20.,-0.230940107676,8.));
#1443 = DIRECTION('',(0.,0.866025403784,0.5));
#1444 = DIRECTION('',(-1.,0.,0.));
#1445 = ADVANCED_FACE('',(#1446),#1464,.F.);
#1446 = FACE_BOUND('',#1447,.F.);
#1447 = EDGE_LOOP('',(#1448,#1449,#1456,#1463));
#1448 = ORIENTED_EDGE('',*,*,#274,.F.);
#1449 = ORIENTED_EDGE('',*,*,#1450,.T.);
#1450 = EDGE_CURVE('',#267,#1451,#1453,.T.);
#1451 = VERTEX_POINT('',#1452);
#1452 = CARTESIAN_POINT('',(-21.86905989232,-2.1,8.));
#1453 = B_SPLINE_CURVE_WITH_KNOTS('',1,(#1454,#1455),.UNSPECIFIED.,.F.,
  .F.,(2,2),(0.,1.),.PIECEWISE_BEZIER_KNOTS.);
#1454 = CARTESIAN_POINT('',(-22.1,-2.1,7.6));
#1455 = CARTESIAN_POINT('',(-21.86905989232,-2.1,8.));
#1456 = ORIENTED_EDGE('',*,*,#1457,.T.);
#1457 = EDGE_CURVE('',#1451,#1422,#1458,.T.);
#1458 = CIRCLE('',#1459,1.869059892324);
#1459 = AXIS2_PLACEMENT_3D('',#1460,#1461,#1462);
#1460 = CARTESIAN_POINT('',(-20.,-2.1,8.));
#1461 = DIRECTION('',(0.,0.,-1.));
#1462 = DIRECTION('',(-1.,0.,0.));
#1463 = ORIENTED_EDGE('',*,*,#1421,.F.);
#1464 = CONICAL_SURFACE('',#1465,2.1,0.523598775598);
#1465 = AXIS2_PLACEMENT_3D('',#1466,#1467,#1468);
#1466 = CARTESIAN_POINT('',(-20.,-2.1,7.6));
#1467 = DIRECTION('',(-0.,-0.,-1.));
#1468 = DIRECTION('',(-1.,0.,0.));
#1469 = ADVANCED_FACE('',(#1470),#1487,.F.);
#1470 = FACE_BOUND('',#1471,.F.);
#1471 = EDGE_LOOP('',(#1472,#1473,#1480,#1486));
#1472 = ORIENTED_EDGE('',*,*,#266,.T.);
#1473 = ORIENTED_EDGE('',*,*,#1474,.T.);
#1474 = EDGE_CURVE('',#258,#1475,#1477,.T.);
#1475 = VERTEX_POINT('',#1476);
#1476 = CARTESIAN_POINT('',(-21.86905989232,-22.1,8.));
#1477 = B_SPLINE_CURVE_WITH_KNOTS('',1,(#1478,#1479),.UNSPECIFIED.,.F.,
  .F.,(2,2),(0.,1.),.PIECEWISE_BEZIER_KNOTS.);
#1478 = CARTESIAN_POINT('',(-22.1,-22.1,7.6));
#1479 = CARTESIAN_POINT('',(-21.86905989232,-22.1,8.));
#1480 = ORIENTED_EDGE('',*,*,#1481,.F.);
#1481 = EDGE_CURVE('',#1451,#1475,#1482,.T.);
#1482 = LINE('',#1483,#1484);
#1483 = CARTESIAN_POINT('',(-21.86905989232,-2.1,8.));
#1484 = VECTOR('',#1485,1.);
#1485 = DIRECTION('',(0.,-1.,0.));
#1486 = ORIENTED_EDGE('',*,*,#1450,.F.);
#1487 = PLANE('',#1488);
#1488 = AXIS2_PLACEMENT_3D('',#1489,#1490,#1491);
#1489 = CARTESIAN_POINT('',(-21.86905989232,-2.1,8.));
#1490 = DIRECTION('',(-0.866025403784,0.,0.5));
#1491 = DIRECTION('',(0.,-1.,0.));
#1492 = ADVANCED_FACE('',(#1493),#1511,.F.);
#1493 = FACE_BOUND('',#1494,.F.);
#1494 = EDGE_LOOP('',(#1495,#1496,#1503,#1510));
#1495 = ORIENTED_EDGE('',*,*,#257,.F.);
#1496 = ORIENTED_EDGE('',*,*,#1497,.T.);
#1497 = EDGE_CURVE('',#250,#1498,#1500,.T.);
#1498 = VERTEX_POINT('',#1499);
#1499 = CARTESIAN_POINT('',(21.869059892324,-22.1,8.));
#1500 = B_SPLINE_CURVE_WITH_KNOTS('',1,(#1501,#1502),.UNSPECIFIED.,.F.,
  .F.,(2,2),(0.,1.),.PIECEWISE_BEZIER_KNOTS.);
#1501 = CARTESIAN_POINT('',(22.1,-22.1,7.6));
#1502 = CARTESIAN_POINT('',(21.869059892324,-22.1,8.));
#1503 = ORIENTED_EDGE('',*,*,#1504,.T.);
#1504 = EDGE_CURVE('',#1498,#1475,#1505,.T.);
#1505 = CIRCLE('',#1506,21.869059892324);
#1506 = AXIS2_PLACEMENT_3D('',#1507,#1508,#1509);
#1507 = CARTESIAN_POINT('',(0.,-22.1,8.));
#1508 = DIRECTION('',(0.,0.,-1.));
#1509 = DIRECTION('',(-1.,0.,0.));
#1510 = ORIENTED_EDGE('',*,*,#1474,.F.);
#1511 = CONICAL_SURFACE('',#1512,22.1,0.523598775598);
#1512 = AXIS2_PLACEMENT_3D('',#1513,#1514,#1515);
#1513 = CARTESIAN_POINT('',(0.,-22.1,7.6));
#1514 = DIRECTION('',(-0.,-0.,-1.));
#1515 = DIRECTION('',(-1.,0.,0.));
#1516 = ADVANCED_FACE('',(#1517),#1534,.F.);
#1517 = FACE_BOUND('',#1518,.F.);
#1518 = EDGE_LOOP('',(#1519,#1520,#1527,#1533));
#1519 = ORIENTED_EDGE('',*,*,#249,.T.);
#1520 = ORIENTED_EDGE('',*,*,#1521,.T.);
#1521 = EDGE_CURVE('',#241,#1522,#1524,.T.);
#1522 = VERTEX_POINT('',#1523);
#1523 = CARTESIAN_POINT('',(21.869059892324,-2.1,8.));
#1524 = B_SPLINE_CURVE_WITH_KNOTS('',1,(#1525,#1526),.UNSPECIFIED.,.F.,
  .F.,(2,2),(0.,1.),.PIECEWISE_BEZIER_KNOTS.);
#1525 = CARTESIAN_POINT('',(22.1,-2.1,7.6));
#1526 = CARTESIAN_POINT('',(21.869059892324,-2.1,8.));
#1527 = ORIENTED_EDGE('',*,*,#1528,.F.);
#1528 = EDGE_CURVE('',#1498,#1522,#1529,.T.);
#1529 = LINE('',#1530,#1531);
#1530 = CARTESIAN_POINT('',(21.869059892324,-22.1,8.));
#1531 = VECTOR('',#1532,1.);
#1532 = DIRECTION('',(0.,1.,0.));
#1533 = ORIENTED_EDGE('',*,*,#1497,.F.);
#1534 = PLANE('',#1535);
#1535 = AXIS2_PLACEMENT_3D('',#1536,#1537,#1538);
#1536 = CARTESIAN_POINT('',(21.869059892324,-22.1,8.));
#1537 = DIRECTION('',(0.866025403784,0.,0.5));
#1538 = DIRECTION('',(0.,1.,0.));
#1539 = ADVANCED_FACE('',(#1540),#1552,.F.);
#1540 = FACE_BOUND('',#1541,.F.);
#1541 = EDGE_LOOP('',(#1542,#1543,#1544,#1551));
#1542 = ORIENTED_EDGE('',*,*,#240,.F.);
#1543 = ORIENTED_EDGE('',*,*,#1436,.T.);
#1544 = ORIENTED_EDGE('',*,*,#1545,.T.);
#1545 = EDGE_CURVE('',#1429,#1522,#1546,.T.);
#1546 = CIRCLE('',#1547,1.869059892324);
#1547 = AXIS2_PLACEMENT_3D('',#1548,#1549,#1550);
#1548 = CARTESIAN_POINT('',(20.,-2.1,8.));
#1549 = DIRECTION('',(0.,0.,-1.));
#1550 = DIRECTION('',(-1.,0.,0.));
#1551 = ORIENTED_EDGE('',*,*,#1521,.F.);
#1552 = CONICAL_SURFACE('',#1553,2.1,0.523598775598);
#1553 = AXIS2_PLACEMENT_3D('',#1554,#1555,#1556);
#1554 = CARTESIAN_POINT('',(20.,-2.1,7.6));
#1555 = DIRECTION('',(-0.,-0.,-1.));
#1556 = DIRECTION('',(-1.,0.,0.));
#1557 = ADVANCED_FACE('',(#1558),#1577,.F.);
#1558 = FACE_BOUND('',#1559,.T.);
#1559 = EDGE_LOOP('',(#1560,#1568,#1575,#1576));
#1560 = ORIENTED_EDGE('',*,*,#1561,.F.);
#1561 = EDGE_CURVE('',#1562,#284,#1564,.T.);
#1562 = VERTEX_POINT('',#1563);
#1563 = CARTESIAN_POINT('',(-22.2,-44.475,10.9));
#1564 = LINE('',#1565,#1566);
#1565 = CARTESIAN_POINT('',(-22.2,-44.475,10.9));
#1566 = VECTOR('',#1567,1.);
#1567 = DIRECTION('',(-5.650237412944E-17,0.,-1.));
#1568 = ORIENTED_EDGE('',*,*,#1569,.T.);
#1569 = EDGE_CURVE('',#1562,#1562,#1570,.T.);
#1570 = CIRCLE('',#1571,1.2);
#1571 = AXIS2_PLACEMENT_3D('',#1572,#1573,#1574);
#1572 = CARTESIAN_POINT('',(-23.4,-44.475,10.9));
#1573 = DIRECTION('',(0.,0.,1.));
#1574 = DIRECTION('',(1.,0.,0.));
#1575 = ORIENTED_EDGE('',*,*,#1561,.T.);
#1576 = ORIENTED_EDGE('',*,*,#283,.T.);
#1577 = CYLINDRICAL_SURFACE('',#1578,1.2);
#1578 = AXIS2_PLACEMENT_3D('',#1579,#1580,#1581);
#1579 = CARTESIAN_POINT('',(-23.4,-44.475,10.9));
#1580 = DIRECTION('',(-0.,-0.,-1.));
#1581 = DIRECTION('',(1.,0.,0.));
#1582 = ADVANCED_FACE('',(#1583),#1602,.F.);
#1583 = FACE_BOUND('',#1584,.T.);
#1584 = EDGE_LOOP('',(#1585,#1593,#1600,#1601));
#1585 = ORIENTED_EDGE('',*,*,#1586,.F.);
#1586 = EDGE_CURVE('',#1587,#295,#1589,.T.);
#1587 = VERTEX_POINT('',#1588);
#1588 = CARTESIAN_POINT('',(-22.2,44.475,10.9));
#1589 = LINE('',#1590,#1591);
#1590 = CARTESIAN_POINT('',(-22.2,44.475,10.9));
#1591 = VECTOR('',#1592,1.);
#1592 = DIRECTION('',(-5.650237412944E-17,0.,-1.));
#1593 = ORIENTED_EDGE('',*,*,#1594,.T.);
#1594 = EDGE_CURVE('',#1587,#1587,#1595,.T.);
#1595 = CIRCLE('',#1596,1.2);
#1596 = AXIS2_PLACEMENT_3D('',#1597,#1598,#1599);
#1597 = CARTESIAN_POINT('',(-23.4,44.475,10.9));
#1598 = DIRECTION('',(0.,0.,1.));
#1599 = DIRECTION('',(1.,0.,0.));
#1600 = ORIENTED_EDGE('',*,*,#1586,.T.);
#1601 = ORIENTED_EDGE('',*,*,#294,.T.);
#1602 = CYLINDRICAL_SURFACE('',#1603,1.2);
#1603 = AXIS2_PLACEMENT_3D('',#1604,#1605,#1606);
#1604 = CARTESIAN_POINT('',(-23.4,44.475,10.9));
#1605 = DIRECTION('',(-0.,-0.,-1.));
#1606 = DIRECTION('',(1.,0.,0.));
#1607 = ADVANCED_FACE('',(#1608),#1636,.F.);
#1608 = FACE_BOUND('',#1609,.F.);
#1609 = EDGE_LOOP('',(#1610,#1620,#1627,#1628,#1629));
#1610 = ORIENTED_EDGE('',*,*,#1611,.T.);
#1611 = EDGE_CURVE('',#1612,#1614,#1616,.T.);
#1612 = VERTEX_POINT('',#1613);
#1613 = CARTESIAN_POINT('',(23.300000000013,42.205,7.85));
#1614 = VERTEX_POINT('',#1615);
#1615 = CARTESIAN_POINT('',(23.300000000013,42.204999999997,9.85));
#1616 = LINE('',#1617,#1618);
#1617 = CARTESIAN_POINT('',(23.300000000013,42.204999999997,7.6));
#1618 = VECTOR('',#1619,1.);
#1619 = DIRECTION('',(9.807229393616E-35,-6.935504534283E-33,1.));
#1620 = ORIENTED_EDGE('',*,*,#1621,.T.);
#1621 = EDGE_CURVE('',#1614,#400,#1622,.T.);
#1622 = CIRCLE('',#1623,2.);
#1623 = AXIS2_PLACEMENT_3D('',#1624,#1625,#1626);
#1624 = CARTESIAN_POINT('',(24.300000000011,40.472949192423,9.85));
#1625 = DIRECTION('',(0.,0.,-1.));
#1626 = DIRECTION('',(-1.,0.,0.));
#1627 = ORIENTED_EDGE('',*,*,#407,.F.);
#1628 = ORIENTED_EDGE('',*,*,#311,.F.);
#1629 = ORIENTED_EDGE('',*,*,#1630,.T.);
#1630 = EDGE_CURVE('',#312,#1612,#1631,.T.);
#1631 = ELLIPSE('',#1632,2.828427124746,2.);
#1632 = AXIS2_PLACEMENT_3D('',#1633,#1634,#1635);
#1633 = CARTESIAN_POINT('',(24.300000000011,40.472949192423,
    9.582050807577));
#1634 = DIRECTION('',(5.827188984665E-19,0.707106781187,0.707106781187)
  );
#1635 = DIRECTION('',(5.827188984665E-19,0.707106781187,-0.707106781187)
  );
#1636 = CYLINDRICAL_SURFACE('',#1637,2.);
#1637 = AXIS2_PLACEMENT_3D('',#1638,#1639,#1640);
#1638 = CARTESIAN_POINT('',(24.300000000011,40.472949192423,7.6));
#1639 = DIRECTION('',(0.,0.,-1.));
#1640 = DIRECTION('',(-1.,0.,0.));
#1641 = ADVANCED_FACE('',(#1642),#1653,.T.);
#1642 = FACE_BOUND('',#1643,.F.);
#1643 = EDGE_LOOP('',(#1644,#1645,#1646,#1647));
#1644 = ORIENTED_EDGE('',*,*,#1630,.F.);
#1645 = ORIENTED_EDGE('',*,*,#322,.T.);
#1646 = ORIENTED_EDGE('',*,*,#336,.T.);
#1647 = ORIENTED_EDGE('',*,*,#1648,.F.);
#1648 = EDGE_CURVE('',#1612,#337,#1649,.T.);
#1649 = LINE('',#1650,#1651);
#1650 = CARTESIAN_POINT('',(23.300000000011,42.205,7.85));
#1651 = VECTOR('',#1652,1.);
#1652 = DIRECTION('',(-1.,-0.,-0.));
#1653 = PLANE('',#1654);
#1654 = AXIS2_PLACEMENT_3D('',#1655,#1656,#1657);
#1655 = CARTESIAN_POINT('',(23.300000000011,42.33,7.725));
#1656 = DIRECTION('',(-5.827188984665E-19,-0.707106781187,
    -0.707106781187));
#1657 = DIRECTION('',(1.,-4.120444846312E-19,-4.120444846312E-19));
#1658 = ADVANCED_FACE('',(#1659),#1678,.F.);
#1659 = FACE_BOUND('',#1660,.F.);
#1660 = EDGE_LOOP('',(#1661,#1662,#1663,#1664,#1672));
#1661 = ORIENTED_EDGE('',*,*,#1611,.F.);
#1662 = ORIENTED_EDGE('',*,*,#1648,.T.);
#1663 = ORIENTED_EDGE('',*,*,#353,.T.);
#1664 = ORIENTED_EDGE('',*,*,#1665,.T.);
#1665 = EDGE_CURVE('',#346,#1666,#1668,.T.);
#1666 = VERTEX_POINT('',#1667);
#1667 = CARTESIAN_POINT('',(19.3,42.205,9.85));
#1668 = LINE('',#1669,#1670);
#1669 = CARTESIAN_POINT('',(19.3,42.205,7.6));
#1670 = VECTOR('',#1671,1.);
#1671 = DIRECTION('',(4.30889522856E-33,7.792208940003E-33,1.));
#1672 = ORIENTED_EDGE('',*,*,#1673,.T.);
#1673 = EDGE_CURVE('',#1666,#1614,#1674,.T.);
#1674 = LINE('',#1675,#1676);
#1675 = CARTESIAN_POINT('',(-20.8,42.205,9.85));
#1676 = VECTOR('',#1677,1.);
#1677 = DIRECTION('',(1.,0.,0.));
#1678 = PLANE('',#1679);
#1679 = AXIS2_PLACEMENT_3D('',#1680,#1681,#1682);
#1680 = CARTESIAN_POINT('',(-20.8,42.205,7.6));
#1681 = DIRECTION('',(0.,1.,6.935504534283E-33));
#1682 = DIRECTION('',(1.,0.,0.));
#1683 = ADVANCED_FACE('',(#1684),#1702,.T.);
#1684 = FACE_BOUND('',#1685,.T.);
#1685 = EDGE_LOOP('',(#1686,#1694,#1695,#1696));
#1686 = ORIENTED_EDGE('',*,*,#1687,.F.);
#1687 = EDGE_CURVE('',#370,#1688,#1690,.T.);
#1688 = VERTEX_POINT('',#1689);
#1689 = CARTESIAN_POINT('',(-20.8,42.205,9.85));
#1690 = LINE('',#1691,#1692);
#1691 = CARTESIAN_POINT('',(-20.8,42.205,7.6));
#1692 = VECTOR('',#1693,1.);
#1693 = DIRECTION('',(4.30889522856E-33,7.792208940003E-33,1.));
#1694 = ORIENTED_EDGE('',*,*,#377,.F.);
#1695 = ORIENTED_EDGE('',*,*,#1665,.T.);
#1696 = ORIENTED_EDGE('',*,*,#1697,.F.);
#1697 = EDGE_CURVE('',#1688,#1666,#1698,.T.);
#1698 = LINE('',#1699,#1700);
#1699 = CARTESIAN_POINT('',(-20.8,42.205,9.85));
#1700 = VECTOR('',#1701,1.);
#1701 = DIRECTION('',(1.,0.,0.));
#1702 = PLANE('',#1703);
#1703 = AXIS2_PLACEMENT_3D('',#1704,#1705,#1706);
#1704 = CARTESIAN_POINT('',(19.3,42.205,7.6));
#1705 = DIRECTION('',(0.,-1.,7.792208940003E-33));
#1706 = DIRECTION('',(-1.,0.,0.));
#1707 = ADVANCED_FACE('',(#1708),#1746,.F.);
#1708 = FACE_BOUND('',#1709,.F.);
#1709 = EDGE_LOOP('',(#1710,#1711,#1712,#1718,#1719,#1720,#1721,#1722,
    #1731,#1739));
#1710 = ORIENTED_EDGE('',*,*,#818,.F.);
#1711 = ORIENTED_EDGE('',*,*,#1125,.F.);
#1712 = ORIENTED_EDGE('',*,*,#1713,.F.);
#1713 = EDGE_CURVE('',#451,#1118,#1714,.T.);
#1714 = LINE('',#1715,#1716);
#1715 = CARTESIAN_POINT('',(26.3,38.74089838484,9.85));
#1716 = VECTOR('',#1717,1.);
#1717 = DIRECTION('',(0.,-1.,0.));
#1718 = ORIENTED_EDGE('',*,*,#485,.F.);
#1719 = ORIENTED_EDGE('',*,*,#399,.T.);
#1720 = ORIENTED_EDGE('',*,*,#1621,.F.);
#1721 = ORIENTED_EDGE('',*,*,#1673,.F.);
#1722 = ORIENTED_EDGE('',*,*,#1723,.T.);
#1723 = EDGE_CURVE('',#1666,#1724,#1726,.T.);
#1724 = VERTEX_POINT('',#1725);
#1725 = CARTESIAN_POINT('',(19.55,38.220686516702,9.85));
#1726 = CIRCLE('',#1727,2.);
#1727 = AXIS2_PLACEMENT_3D('',#1728,#1729,#1730);
#1728 = CARTESIAN_POINT('',(19.3,40.205,9.85));
#1729 = DIRECTION('',(0.,0.,-1.));
#1730 = DIRECTION('',(-1.,0.,0.));
#1731 = ORIENTED_EDGE('',*,*,#1732,.F.);
#1732 = EDGE_CURVE('',#1733,#1724,#1735,.T.);
#1733 = VERTEX_POINT('',#1734);
#1734 = CARTESIAN_POINT('',(19.55,7.105,9.85));
#1735 = LINE('',#1736,#1737);
#1736 = CARTESIAN_POINT('',(19.55,7.105,9.85));
#1737 = VECTOR('',#1738,1.);
#1738 = DIRECTION('',(2.988436239543E-65,1.,6.935504534283E-33));
#1739 = ORIENTED_EDGE('',*,*,#1740,.F.);
#1740 = EDGE_CURVE('',#821,#1733,#1741,.T.);
#1741 = CIRCLE('',#1742,2.25);
#1742 = AXIS2_PLACEMENT_3D('',#1743,#1744,#1745);
#1743 = CARTESIAN_POINT('',(17.3,7.105,9.85));
#1744 = DIRECTION('',(9.807229393616E-35,-6.935504534283E-33,1.));
#1745 = DIRECTION('',(-6.801808392818E-67,-1.,-6.935504534283E-33));
#1746 = PLANE('',#1747);
#1747 = AXIS2_PLACEMENT_3D('',#1748,#1749,#1750);
#1748 = CARTESIAN_POINT('',(2.517859566958,24.301575047481,9.85));
#1749 = DIRECTION('',(9.807229393616E-35,-6.935504534283E-33,1.));
#1750 = DIRECTION('',(-4.930187531719E-83,1.,6.935504534283E-33));
#1751 = ADVANCED_FACE('',(#1752),#1771,.F.);
#1752 = FACE_BOUND('',#1753,.F.);
#1753 = EDGE_LOOP('',(#1754,#1755,#1756,#1764));
#1754 = ORIENTED_EDGE('',*,*,#1687,.F.);
#1755 = ORIENTED_EDGE('',*,*,#433,.T.);
#1756 = ORIENTED_EDGE('',*,*,#1757,.T.);
#1757 = EDGE_CURVE('',#425,#1758,#1760,.T.);
#1758 = VERTEX_POINT('',#1759);
#1759 = CARTESIAN_POINT('',(-20.8,38.205,9.85));
#1760 = LINE('',#1761,#1762);
#1761 = CARTESIAN_POINT('',(-20.8,38.205,7.6));
#1762 = VECTOR('',#1763,1.);
#1763 = DIRECTION('',(4.30889522856E-33,7.792208940003E-33,1.));
#1764 = ORIENTED_EDGE('',*,*,#1765,.T.);
#1765 = EDGE_CURVE('',#1758,#1688,#1766,.T.);
#1766 = CIRCLE('',#1767,2.);
#1767 = AXIS2_PLACEMENT_3D('',#1768,#1769,#1770);
#1768 = CARTESIAN_POINT('',(-20.8,40.205,9.85));
#1769 = DIRECTION('',(0.,0.,-1.));
#1770 = DIRECTION('',(-1.,0.,0.));
#1771 = CYLINDRICAL_SURFACE('',#1772,2.);
#1772 = AXIS2_PLACEMENT_3D('',#1773,#1774,#1775);
#1773 = CARTESIAN_POINT('',(-20.8,40.205,7.6));
#1774 = DIRECTION('',(0.,0.,-1.));
#1775 = DIRECTION('',(-1.,0.,0.));
#1776 = ADVANCED_FACE('',(#1777),#1797,.F.);
#1777 = FACE_BOUND('',#1778,.F.);
#1778 = EDGE_LOOP('',(#1779,#1780,#1781,#1782,#1783,#1791));
#1779 = ORIENTED_EDGE('',*,*,#448,.T.);
#1780 = ORIENTED_EDGE('',*,*,#1713,.T.);
#1781 = ORIENTED_EDGE('',*,*,#1117,.F.);
#1782 = ORIENTED_EDGE('',*,*,#1184,.F.);
#1783 = ORIENTED_EDGE('',*,*,#1784,.T.);
#1784 = EDGE_CURVE('',#1185,#1785,#1787,.T.);
#1785 = VERTEX_POINT('',#1786);
#1786 = CARTESIAN_POINT('',(26.300000000005,13.888942890052,7.85));
#1787 = LINE('',#1788,#1789);
#1788 = CARTESIAN_POINT('',(26.3,13.88894289005,0.));
#1789 = VECTOR('',#1790,1.);
#1790 = DIRECTION('',(0.,0.,1.));
#1791 = ORIENTED_EDGE('',*,*,#1792,.F.);
#1792 = EDGE_CURVE('',#449,#1785,#1793,.T.);
#1793 = LINE('',#1794,#1795);
#1794 = CARTESIAN_POINT('',(26.3,38.740898384846,7.85));
#1795 = VECTOR('',#1796,1.);
#1796 = DIRECTION('',(1.816959267733E-13,-1.,0.));
#1797 = PLANE('',#1798);
#1798 = AXIS2_PLACEMENT_3D('',#1799,#1800,#1801);
#1799 = CARTESIAN_POINT('',(26.3,38.74089838484,7.6));
#1800 = DIRECTION('',(1.,0.,-9.807229393616E-35));
#1801 = DIRECTION('',(0.,-1.,0.));
#1802 = ADVANCED_FACE('',(#1803),#1822,.T.);
#1803 = FACE_BOUND('',#1804,.T.);
#1804 = EDGE_LOOP('',(#1805,#1806,#1814,#1821));
#1805 = ORIENTED_EDGE('',*,*,#458,.F.);
#1806 = ORIENTED_EDGE('',*,*,#1807,.T.);
#1807 = EDGE_CURVE('',#459,#1808,#1810,.T.);
#1808 = VERTEX_POINT('',#1809);
#1809 = CARTESIAN_POINT('',(26.550000000002,14.037433271903,
    7.599999999998));
#1810 = LINE('',#1811,#1812);
#1811 = CARTESIAN_POINT('',(26.55,38.740898384846,7.6));
#1812 = VECTOR('',#1813,1.);
#1813 = DIRECTION('',(1.816959267733E-13,-1.,0.));
#1814 = ORIENTED_EDGE('',*,*,#1815,.T.);
#1815 = EDGE_CURVE('',#1808,#1785,#1816,.T.);
#1816 = ELLIPSE('',#1817,2.810053796407,1.987008094938);
#1817 = AXIS2_PLACEMENT_3D('',#1818,#1819,#1820);
#1818 = CARTESIAN_POINT('',(25.413008055771,15.66698857569,
    8.736991944229));
#1819 = DIRECTION('',(-0.707106781187,-3.060666772763E-19,
    -0.707106781187));
#1820 = DIRECTION('',(0.707106781187,3.060666772763E-19,-0.707106781187)
  );
#1821 = ORIENTED_EDGE('',*,*,#1792,.F.);
#1822 = PLANE('',#1823);
#1823 = AXIS2_PLACEMENT_3D('',#1824,#1825,#1826);
#1824 = CARTESIAN_POINT('',(26.425,38.740898384846,7.725));
#1825 = DIRECTION('',(-0.707106781187,-3.060666772763E-19,
    -0.707106781187));
#1826 = DIRECTION('',(9.084817980847E-14,-1.,-9.084774696482E-14));
#1827 = ADVANCED_FACE('',(#1828),#1855,.F.);
#1828 = FACE_BOUND('',#1829,.F.);
#1829 = EDGE_LOOP('',(#1830,#1839,#1847,#1853,#1854));
#1830 = ORIENTED_EDGE('',*,*,#1831,.T.);
#1831 = EDGE_CURVE('',#1808,#1832,#1834,.T.);
#1832 = VERTEX_POINT('',#1833);
#1833 = CARTESIAN_POINT('',(27.4,15.675,7.6));
#1834 = CIRCLE('',#1835,1.987008094938);
#1835 = AXIS2_PLACEMENT_3D('',#1836,#1837,#1838);
#1836 = CARTESIAN_POINT('',(25.413008055771,15.66698857569,7.6));
#1837 = DIRECTION('',(0.,0.,1.));
#1838 = DIRECTION('',(1.,0.,0.));
#1839 = ORIENTED_EDGE('',*,*,#1840,.F.);
#1840 = EDGE_CURVE('',#1841,#1832,#1843,.T.);
#1841 = VERTEX_POINT('',#1842);
#1842 = CARTESIAN_POINT('',(27.302830342902,39.774999999994,7.6));
#1843 = LINE('',#1844,#1845);
#1844 = CARTESIAN_POINT('',(27.302830342902,39.774999999994,7.6));
#1845 = VECTOR('',#1846,1.);
#1846 = DIRECTION('',(4.03190320696E-03,-0.999991871845,0.));
#1847 = ORIENTED_EDGE('',*,*,#1848,.T.);
#1848 = EDGE_CURVE('',#1841,#468,#1849,.T.);
#1849 = LINE('',#1850,#1851);
#1850 = CARTESIAN_POINT('',(27.302830342902,39.774999999994,7.6));
#1851 = VECTOR('',#1852,1.);
#1852 = DIRECTION('',(-4.031903206963E-03,0.999991871845,0.));
#1853 = ORIENTED_EDGE('',*,*,#467,.T.);
#1854 = ORIENTED_EDGE('',*,*,#1807,.T.);
#1855 = PLANE('',#1856);
#1856 = AXIS2_PLACEMENT_3D('',#1857,#1858,#1859);
#1857 = CARTESIAN_POINT('',(25.95997021398,30.135324058548,7.6));
#1858 = DIRECTION('',(0.,0.,1.));
#1859 = DIRECTION('',(1.,0.,0.));
#1860 = ADVANCED_FACE('',(#1861),#1880,.F.);
#1861 = FACE_BOUND('',#1862,.T.);
#1862 = EDGE_LOOP('',(#1863,#1872,#1878,#1879));
#1863 = ORIENTED_EDGE('',*,*,#1864,.F.);
#1864 = EDGE_CURVE('',#1865,#525,#1867,.T.);
#1865 = VERTEX_POINT('',#1866);
#1866 = CARTESIAN_POINT('',(27.299983743691,40.481012998831,0.));
#1867 = CIRCLE('',#1868,2.);
#1868 = AXIS2_PLACEMENT_3D('',#1869,#1870,#1871);
#1869 = CARTESIAN_POINT('',(25.3,40.472949192417,0.));
#1870 = DIRECTION('',(0.,0.,1.));
#1871 = DIRECTION('',(1.,0.,0.));
#1872 = ORIENTED_EDGE('',*,*,#1873,.T.);
#1873 = EDGE_CURVE('',#1865,#468,#1874,.T.);
#1874 = LINE('',#1875,#1876);
#1875 = CARTESIAN_POINT('',(27.299983743691,40.481012998831,0.));
#1876 = VECTOR('',#1877,1.);
#1877 = DIRECTION('',(0.,0.,1.));
#1878 = ORIENTED_EDGE('',*,*,#476,.T.);
#1879 = ORIENTED_EDGE('',*,*,#524,.T.);
#1880 = CYLINDRICAL_SURFACE('',#1881,2.);
#1881 = AXIS2_PLACEMENT_3D('',#1882,#1883,#1884);
#1882 = CARTESIAN_POINT('',(25.3,40.472949192417,0.));
#1883 = DIRECTION('',(-0.,-0.,-1.));
#1884 = DIRECTION('',(1.,0.,0.));
#1885 = ADVANCED_FACE('',(#1886),#1904,.T.);
#1886 = FACE_BOUND('',#1887,.T.);
#1887 = EDGE_LOOP('',(#1888,#1896,#1897,#1898));
#1888 = ORIENTED_EDGE('',*,*,#1889,.F.);
#1889 = EDGE_CURVE('',#503,#1890,#1892,.T.);
#1890 = VERTEX_POINT('',#1891);
#1891 = CARTESIAN_POINT('',(-20.8,7.105,9.85));
#1892 = LINE('',#1893,#1894);
#1893 = CARTESIAN_POINT('',(-20.8,7.105,7.6));
#1894 = VECTOR('',#1895,1.);
#1895 = DIRECTION('',(4.30889522856E-33,7.792208940003E-33,1.));
#1896 = ORIENTED_EDGE('',*,*,#510,.F.);
#1897 = ORIENTED_EDGE('',*,*,#1757,.T.);
#1898 = ORIENTED_EDGE('',*,*,#1899,.F.);
#1899 = EDGE_CURVE('',#1890,#1758,#1900,.T.);
#1900 = LINE('',#1901,#1902);
#1901 = CARTESIAN_POINT('',(-20.8,7.105,9.85));
#1902 = VECTOR('',#1903,1.);
#1903 = DIRECTION('',(0.,1.,0.));
#1904 = PLANE('',#1905);
#1905 = AXIS2_PLACEMENT_3D('',#1906,#1907,#1908);
#1906 = CARTESIAN_POINT('',(-20.8,38.205,7.6));
#1907 = DIRECTION('',(1.,3.427054995627E-15,-4.30889522856E-33));
#1908 = DIRECTION('',(3.427054995627E-15,-1.,0.));
#1909 = ADVANCED_FACE('',(#1910),#2028,.T.);
#1910 = FACE_BOUND('',#1911,.T.);
#1911 = EDGE_LOOP('',(#1912,#1922,#1930,#1938,#1944,#1945,#1946,#1955,
    #1964,#1972,#1979,#1980,#1988,#1997,#2005,#2013,#2022));
#1912 = ORIENTED_EDGE('',*,*,#1913,.F.);
#1913 = EDGE_CURVE('',#1914,#1916,#1918,.T.);
#1914 = VERTEX_POINT('',#1915);
#1915 = CARTESIAN_POINT('',(28.55,36.575,6.217248937901E-15));
#1916 = VERTEX_POINT('',#1917);
#1917 = CARTESIAN_POINT('',(28.8,36.825,9.148237722911E-14));
#1918 = LINE('',#1919,#1920);
#1919 = CARTESIAN_POINT('',(24.45,32.475,0.));
#1920 = VECTOR('',#1921,1.);
#1921 = DIRECTION('',(0.707106781187,0.707106781187,4.369499185074E-33)
  );
#1922 = ORIENTED_EDGE('',*,*,#1923,.T.);
#1923 = EDGE_CURVE('',#1914,#1924,#1926,.T.);
#1924 = VERTEX_POINT('',#1925);
#1925 = CARTESIAN_POINT('',(27.315732538036,36.575,1.7763568394E-15));
#1926 = LINE('',#1927,#1928);
#1927 = CARTESIAN_POINT('',(26.3,36.575,2.6645352591E-15));
#1928 = VECTOR('',#1929,1.);
#1929 = DIRECTION('',(-1.,-0.,-0.));
#1930 = ORIENTED_EDGE('',*,*,#1931,.F.);
#1931 = EDGE_CURVE('',#1932,#1924,#1934,.T.);
#1932 = VERTEX_POINT('',#1933);
#1933 = CARTESIAN_POINT('',(27.302830342902,39.774999999994,0.));
#1934 = LINE('',#1935,#1936);
#1935 = CARTESIAN_POINT('',(27.302830342902,39.774999999994,0.));
#1936 = VECTOR('',#1937,1.);
#1937 = DIRECTION('',(4.03190320696E-03,-0.999991871845,0.));
#1938 = ORIENTED_EDGE('',*,*,#1939,.T.);
#1939 = EDGE_CURVE('',#1932,#1865,#1940,.T.);
#1940 = LINE('',#1941,#1942);
#1941 = CARTESIAN_POINT('',(27.302830342902,39.774999999994,0.));
#1942 = VECTOR('',#1943,1.);
#1943 = DIRECTION('',(-4.031903206963E-03,0.999991871845,0.));
#1944 = ORIENTED_EDGE('',*,*,#1864,.T.);
#1945 = ORIENTED_EDGE('',*,*,#565,.T.);
#1946 = ORIENTED_EDGE('',*,*,#1947,.T.);
#1947 = EDGE_CURVE('',#558,#1948,#1950,.T.);
#1948 = VERTEX_POINT('',#1949);
#1949 = CARTESIAN_POINT('',(27.349356139741,46.236295416418,0.));
#1950 = CIRCLE('',#1951,2.192546380325);
#1951 = AXIS2_PLACEMENT_3D('',#1952,#1953,#1954);
#1952 = CARTESIAN_POINT('',(25.336285536544,45.367499481563,0.));
#1953 = DIRECTION('',(0.,0.,1.));
#1954 = DIRECTION('',(1.,0.,0.));
#1955 = ORIENTED_EDGE('',*,*,#1956,.T.);
#1956 = EDGE_CURVE('',#1948,#1957,#1959,.T.);
#1957 = VERTEX_POINT('',#1958);
#1958 = CARTESIAN_POINT('',(23.513125100161,48.767525835689,0.));
#1959 = CIRCLE('',#1960,4.192546380325);
#1960 = AXIS2_PLACEMENT_3D('',#1961,#1962,#1963);
#1961 = CARTESIAN_POINT('',(23.5,44.575,0.));
#1962 = DIRECTION('',(0.,0.,1.));
#1963 = DIRECTION('',(1.,0.,0.));
#1964 = ORIENTED_EDGE('',*,*,#1965,.F.);
#1965 = EDGE_CURVE('',#1966,#1957,#1968,.T.);
#1966 = VERTEX_POINT('',#1967);
#1967 = CARTESIAN_POINT('',(20.969919113273,48.775487583479,0.));
#1968 = LINE('',#1969,#1970);
#1969 = CARTESIAN_POINT('',(20.969919113273,48.775487583479,0.));
#1970 = VECTOR('',#1971,1.);
#1971 = DIRECTION('',(0.999995099724,-3.130579597703E-03,0.));
#1972 = ORIENTED_EDGE('',*,*,#1973,.T.);
#1973 = EDGE_CURVE('',#1966,#731,#1974,.T.);
#1974 = CIRCLE('',#1975,2.200498366529);
#1975 = AXIS2_PLACEMENT_3D('',#1976,#1977,#1978);
#1976 = CARTESIAN_POINT('',(20.963030277982,46.575,0.));
#1977 = DIRECTION('',(0.,0.,1.));
#1978 = DIRECTION('',(1.,0.,0.));
#1979 = ORIENTED_EDGE('',*,*,#730,.T.);
#1980 = ORIENTED_EDGE('',*,*,#1981,.F.);
#1981 = EDGE_CURVE('',#1982,#723,#1984,.T.);
#1982 = VERTEX_POINT('',#1983);
#1983 = CARTESIAN_POINT('',(16.43,49.375000000001,-9.769962616701E-15));
#1984 = LINE('',#1985,#1986);
#1985 = CARTESIAN_POINT('',(16.43,49.875,-9.769962616701E-15));
#1986 = VECTOR('',#1987,1.);
#1987 = DIRECTION('',(2.169333098256E-30,-1.,-1.856544502378E-31));
#1988 = ORIENTED_EDGE('',*,*,#1989,.F.);
#1989 = EDGE_CURVE('',#1990,#1982,#1992,.T.);
#1990 = VERTEX_POINT('',#1991);
#1991 = CARTESIAN_POINT('',(17.43,49.765808929721,2.6645352591E-15));
#1992 = CIRCLE('',#1993,2.);
#1993 = AXIS2_PLACEMENT_3D('',#1994,#1995,#1996);
#1994 = CARTESIAN_POINT('',(16.2287164379,51.364845453203,
    2.6645352591E-15));
#1995 = DIRECTION('',(0.,0.,-1.));
#1996 = DIRECTION('',(-1.,-8.182339021477E-31,-0.));
#1997 = ORIENTED_EDGE('',*,*,#1998,.T.);
#1998 = EDGE_CURVE('',#1990,#1999,#2001,.T.);
#1999 = VERTEX_POINT('',#2000);
#2000 = CARTESIAN_POINT('',(17.73,49.875,1.7763568394E-15));
#2001 = LINE('',#2002,#2003);
#2002 = CARTESIAN_POINT('',(1.737249997621,44.054115035107,
    2.6645352591E-15));
#2003 = VECTOR('',#2004,1.);
#2004 = DIRECTION('',(0.939692620787,0.342020143324,2.332121760691E-34)
  );
#2005 = ORIENTED_EDGE('',*,*,#2006,.F.);
#2006 = EDGE_CURVE('',#2007,#1999,#2009,.T.);
#2007 = VERTEX_POINT('',#2008);
#2008 = CARTESIAN_POINT('',(23.5,49.875,1.06581410364E-14));
#2009 = LINE('',#2010,#2011);
#2010 = CARTESIAN_POINT('',(-23.5,49.875,1.06581410364E-14));
#2011 = VECTOR('',#2012,1.);
#2012 = DIRECTION('',(-1.,-6.266687806975E-47,2.22044604925E-16));
#2013 = ORIENTED_EDGE('',*,*,#2014,.F.);
#2014 = EDGE_CURVE('',#2015,#2007,#2017,.T.);
#2015 = VERTEX_POINT('',#2016);
#2016 = CARTESIAN_POINT('',(28.8,44.575,1.06581410364E-14));
#2017 = CIRCLE('',#2018,5.3);
#2018 = AXIS2_PLACEMENT_3D('',#2019,#2020,#2021);
#2019 = CARTESIAN_POINT('',(23.5,44.575,1.06581410364E-14));
#2020 = DIRECTION('',(0.,0.,1.));
#2021 = DIRECTION('',(1.,0.,0.));
#2022 = ORIENTED_EDGE('',*,*,#2023,.F.);
#2023 = EDGE_CURVE('',#1916,#2015,#2024,.T.);
#2024 = LINE('',#2025,#2026);
#2025 = CARTESIAN_POINT('',(28.8,44.575,1.06581410364E-14));
#2026 = VECTOR('',#2027,1.);
#2027 = DIRECTION('',(-4.98285519011E-47,1.,2.22044604925E-16));
#2028 = PLANE('',#2029);
#2029 = AXIS2_PLACEMENT_3D('',#2030,#2031,#2032);
#2030 = CARTESIAN_POINT('',(1.489891537578E-15,7.449457687891E-16,
    2.6645352591E-15));
#2031 = DIRECTION('',(-3.145985270247E-33,9.325390278557E-33,-1.));
#2032 = DIRECTION('',(-2.086767836727E-81,-1.,-9.325390278557E-33));
#2033 = ADVANCED_FACE('',(#2034),#2053,.F.);
#2034 = FACE_BOUND('',#2035,.T.);
#2035 = EDGE_LOOP('',(#2036,#2037,#2046,#2052));
#2036 = ORIENTED_EDGE('',*,*,#557,.T.);
#2037 = ORIENTED_EDGE('',*,*,#2038,.T.);
#2038 = EDGE_CURVE('',#550,#2039,#2041,.T.);
#2039 = VERTEX_POINT('',#2040);
#2040 = CARTESIAN_POINT('',(27.349356139741,46.236295416418,1.2));
#2041 = CIRCLE('',#2042,2.192546380325);
#2042 = AXIS2_PLACEMENT_3D('',#2043,#2044,#2045);
#2043 = CARTESIAN_POINT('',(25.336285536544,45.367499481563,1.2));
#2044 = DIRECTION('',(0.,0.,1.));
#2045 = DIRECTION('',(1.,0.,0.));
#2046 = ORIENTED_EDGE('',*,*,#2047,.F.);
#2047 = EDGE_CURVE('',#1948,#2039,#2048,.T.);
#2048 = LINE('',#2049,#2050);
#2049 = CARTESIAN_POINT('',(27.349356139741,46.236295416418,0.));
#2050 = VECTOR('',#2051,1.);
#2051 = DIRECTION('',(0.,0.,1.));
#2052 = ORIENTED_EDGE('',*,*,#1947,.F.);
#2053 = CYLINDRICAL_SURFACE('',#2054,2.192546380325);
#2054 = AXIS2_PLACEMENT_3D('',#2055,#2056,#2057);
#2055 = CARTESIAN_POINT('',(25.336285536544,45.367499481563,0.));
#2056 = DIRECTION('',(-0.,-0.,-1.));
#2057 = DIRECTION('',(1.,0.,0.));
#2058 = ADVANCED_FACE('',(#2059),#2091,.F.);
#2059 = FACE_BOUND('',#2060,.F.);
#2060 = EDGE_LOOP('',(#2061,#2070,#2071,#2072,#2073,#2074,#2075,#2076,
    #2085));
#2061 = ORIENTED_EDGE('',*,*,#2062,.T.);
#2062 = EDGE_CURVE('',#2063,#739,#2065,.T.);
#2063 = VERTEX_POINT('',#2064);
#2064 = CARTESIAN_POINT('',(20.969919113273,48.775487583479,1.2));
#2065 = CIRCLE('',#2066,2.200498366529);
#2066 = AXIS2_PLACEMENT_3D('',#2067,#2068,#2069);
#2067 = CARTESIAN_POINT('',(20.963030277982,46.575,1.2));
#2068 = DIRECTION('',(0.,0.,1.));
#2069 = DIRECTION('',(1.,0.,0.));
#2070 = ORIENTED_EDGE('',*,*,#746,.F.);
#2071 = ORIENTED_EDGE('',*,*,#655,.T.);
#2072 = ORIENTED_EDGE('',*,*,#606,.F.);
#2073 = ORIENTED_EDGE('',*,*,#541,.T.);
#2074 = ORIENTED_EDGE('',*,*,#549,.F.);
#2075 = ORIENTED_EDGE('',*,*,#2038,.T.);
#2076 = ORIENTED_EDGE('',*,*,#2077,.T.);
#2077 = EDGE_CURVE('',#2039,#2078,#2080,.T.);
#2078 = VERTEX_POINT('',#2079);
#2079 = CARTESIAN_POINT('',(23.513125100161,48.767525835689,1.2));
#2080 = CIRCLE('',#2081,4.192546380325);
#2081 = AXIS2_PLACEMENT_3D('',#2082,#2083,#2084);
#2082 = CARTESIAN_POINT('',(23.5,44.575,1.2));
#2083 = DIRECTION('',(0.,0.,1.));
#2084 = DIRECTION('',(1.,0.,0.));
#2085 = ORIENTED_EDGE('',*,*,#2086,.F.);
#2086 = EDGE_CURVE('',#2063,#2078,#2087,.T.);
#2087 = LINE('',#2088,#2089);
#2088 = CARTESIAN_POINT('',(20.969919113273,48.775487583479,1.2));
#2089 = VECTOR('',#2090,1.);
#2090 = DIRECTION('',(0.999995099724,-3.130579597703E-03,0.));
#2091 = PLANE('',#2092);
#2092 = AXIS2_PLACEMENT_3D('',#2093,#2094,#2095);
#2093 = CARTESIAN_POINT('',(2.668015629259,-4.234568114159,1.2));
#2094 = DIRECTION('',(0.,0.,1.));
#2095 = DIRECTION('',(1.,0.,0.));
#2096 = ADVANCED_FACE('',(#2097),#2116,.F.);
#2097 = FACE_BOUND('',#2098,.F.);
#2098 = EDGE_LOOP('',(#2099,#2100,#2101,#2109));
#2099 = ORIENTED_EDGE('',*,*,#1889,.F.);
#2100 = ORIENTED_EDGE('',*,*,#590,.T.);
#2101 = ORIENTED_EDGE('',*,*,#2102,.T.);
#2102 = EDGE_CURVE('',#582,#2103,#2105,.T.);
#2103 = VERTEX_POINT('',#2104);
#2104 = CARTESIAN_POINT('',(-16.8,7.105,9.85));
#2105 = LINE('',#2106,#2107);
#2106 = CARTESIAN_POINT('',(-16.8,7.105,7.6));
#2107 = VECTOR('',#2108,1.);
#2108 = DIRECTION('',(4.30889522856E-33,7.792208940003E-33,1.));
#2109 = ORIENTED_EDGE('',*,*,#2110,.T.);
#2110 = EDGE_CURVE('',#2103,#1890,#2111,.T.);
#2111 = CIRCLE('',#2112,2.);
#2112 = AXIS2_PLACEMENT_3D('',#2113,#2114,#2115);
#2113 = CARTESIAN_POINT('',(-18.8,7.105,9.85));
#2114 = DIRECTION('',(0.,0.,-1.));
#2115 = DIRECTION('',(-1.,0.,0.));
#2116 = CYLINDRICAL_SURFACE('',#2117,2.);
#2117 = AXIS2_PLACEMENT_3D('',#2118,#2119,#2120);
#2118 = CARTESIAN_POINT('',(-18.8,7.105,7.6));
#2119 = DIRECTION('',(0.,0.,-1.));
#2120 = DIRECTION('',(-1.,0.,0.));
#2121 = ADVANCED_FACE('',(#2122),#2133,.F.);
#2122 = FACE_BOUND('',#2123,.F.);
#2123 = EDGE_LOOP('',(#2124,#2125,#2126,#2127));
#2124 = ORIENTED_EDGE('',*,*,#2102,.F.);
#2125 = ORIENTED_EDGE('',*,*,#641,.F.);
#2126 = ORIENTED_EDGE('',*,*,#778,.T.);
#2127 = ORIENTED_EDGE('',*,*,#2128,.T.);
#2128 = EDGE_CURVE('',#770,#2103,#2129,.T.);
#2129 = LINE('',#2130,#2131);
#2130 = CARTESIAN_POINT('',(15.3,7.105,9.85));
#2131 = VECTOR('',#2132,1.);
#2132 = DIRECTION('',(-1.,0.,0.));
#2133 = PLANE('',#2134);
#2134 = AXIS2_PLACEMENT_3D('',#2135,#2136,#2137);
#2135 = CARTESIAN_POINT('',(15.3,7.105,7.6));
#2136 = DIRECTION('',(0.,-1.,7.792208940003E-33));
#2137 = DIRECTION('',(-1.,0.,0.));
#2138 = ADVANCED_FACE('',(#2139),#2150,.F.);
#2139 = FACE_BOUND('',#2140,.T.);
#2140 = EDGE_LOOP('',(#2141,#2147,#2148,#2149));
#2141 = ORIENTED_EDGE('',*,*,#2142,.T.);
#2142 = EDGE_CURVE('',#1966,#2063,#2143,.T.);
#2143 = LINE('',#2144,#2145);
#2144 = CARTESIAN_POINT('',(20.969919113273,48.775487583479,0.));
#2145 = VECTOR('',#2146,1.);
#2146 = DIRECTION('',(0.,0.,1.));
#2147 = ORIENTED_EDGE('',*,*,#2062,.T.);
#2148 = ORIENTED_EDGE('',*,*,#738,.F.);
#2149 = ORIENTED_EDGE('',*,*,#1973,.F.);
#2150 = CYLINDRICAL_SURFACE('',#2151,2.200498366529);
#2151 = AXIS2_PLACEMENT_3D('',#2152,#2153,#2154);
#2152 = CARTESIAN_POINT('',(20.963030277982,46.575,0.));
#2153 = DIRECTION('',(-0.,-0.,-1.));
#2154 = DIRECTION('',(1.,0.,0.));
#2155 = ADVANCED_FACE('',(#2156),#2174,.F.);
#2156 = FACE_BOUND('',#2157,.F.);
#2157 = EDGE_LOOP('',(#2158,#2166,#2172,#2173));
#2158 = ORIENTED_EDGE('',*,*,#2159,.F.);
#2159 = EDGE_CURVE('',#2160,#1982,#2162,.T.);
#2160 = VERTEX_POINT('',#2161);
#2161 = CARTESIAN_POINT('',(16.43,49.375000000001,0.23));
#2162 = LINE('',#2163,#2164);
#2163 = CARTESIAN_POINT('',(16.43,49.375000000001,0.23));
#2164 = VECTOR('',#2165,1.);
#2165 = DIRECTION('',(-3.350193656857E-29,-2.220446049245E-16,-1.));
#2166 = ORIENTED_EDGE('',*,*,#2167,.T.);
#2167 = EDGE_CURVE('',#2160,#714,#2168,.T.);
#2168 = LINE('',#2169,#2170);
#2169 = CARTESIAN_POINT('',(16.43,49.875,0.23));
#2170 = VECTOR('',#2171,1.);
#2171 = DIRECTION('',(2.169333098256E-30,-1.,-1.856544502378E-31));
#2172 = ORIENTED_EDGE('',*,*,#722,.T.);
#2173 = ORIENTED_EDGE('',*,*,#1981,.F.);
#2174 = PLANE('',#2175);
#2175 = AXIS2_PLACEMENT_3D('',#2176,#2177,#2178);
#2176 = CARTESIAN_POINT('',(16.43,49.875,0.23));
#2177 = DIRECTION('',(1.,2.169333098256E-30,-4.81688710753E-46));
#2178 = DIRECTION('',(0.,-2.22044604925E-16,-1.));
#2179 = ADVANCED_FACE('',(#2180),#2199,.F.);
#2180 = FACE_BOUND('',#2181,.F.);
#2181 = EDGE_LOOP('',(#2182,#2191,#2197,#2198));
#2182 = ORIENTED_EDGE('',*,*,#2183,.F.);
#2183 = EDGE_CURVE('',#2184,#2160,#2186,.T.);
#2184 = VERTEX_POINT('',#2185);
#2185 = CARTESIAN_POINT('',(10.23,49.375000000001,0.23));
#2186 = CIRCLE('',#2187,3.1);
#2187 = AXIS2_PLACEMENT_3D('',#2188,#2189,#2190);
#2188 = CARTESIAN_POINT('',(13.33,49.375000000001,0.23));
#2189 = DIRECTION('',(0.,1.,-0.));
#2190 = DIRECTION('',(-1.,0.,0.));
#2191 = ORIENTED_EDGE('',*,*,#2192,.T.);
#2192 = EDGE_CURVE('',#2184,#706,#2193,.T.);
#2193 = LINE('',#2194,#2195);
#2194 = CARTESIAN_POINT('',(10.23,49.875,0.23));
#2195 = VECTOR('',#2196,1.);
#2196 = DIRECTION('',(2.169333098256E-30,-1.,-1.856544502378E-31));
#2197 = ORIENTED_EDGE('',*,*,#713,.T.);
#2198 = ORIENTED_EDGE('',*,*,#2167,.F.);
#2199 = CYLINDRICAL_SURFACE('',#2200,3.1);
#2200 = AXIS2_PLACEMENT_3D('',#2201,#2202,#2203);
#2201 = CARTESIAN_POINT('',(13.33,49.875,0.23));
#2202 = DIRECTION('',(0.,1.,-2.22044604925E-16));
#2203 = DIRECTION('',(-1.,0.,0.));
#2204 = ADVANCED_FACE('',(#2205),#2223,.F.);
#2205 = FACE_BOUND('',#2206,.F.);
#2206 = EDGE_LOOP('',(#2207,#2215,#2221,#2222));
#2207 = ORIENTED_EDGE('',*,*,#2208,.F.);
#2208 = EDGE_CURVE('',#2209,#2184,#2211,.T.);
#2209 = VERTEX_POINT('',#2210);
#2210 = CARTESIAN_POINT('',(10.23,49.375000000001,-1.06581410364E-14));
#2211 = LINE('',#2212,#2213);
#2212 = CARTESIAN_POINT('',(10.23,49.375000000001,0.23));
#2213 = VECTOR('',#2214,1.);
#2214 = DIRECTION('',(-3.350193656865E-29,2.22044604925E-16,1.));
#2215 = ORIENTED_EDGE('',*,*,#2216,.T.);
#2216 = EDGE_CURVE('',#2209,#698,#2217,.T.);
#2217 = LINE('',#2218,#2219);
#2218 = CARTESIAN_POINT('',(10.23,49.875,-1.06581410364E-14));
#2219 = VECTOR('',#2220,1.);
#2220 = DIRECTION('',(2.169333098256E-30,-1.,-1.856544502378E-31));
#2221 = ORIENTED_EDGE('',*,*,#705,.T.);
#2222 = ORIENTED_EDGE('',*,*,#2192,.F.);
#2223 = PLANE('',#2224);
#2224 = AXIS2_PLACEMENT_3D('',#2225,#2226,#2227);
#2225 = CARTESIAN_POINT('',(10.23,49.875,-1.06581410364E-14));
#2226 = DIRECTION('',(-1.,-2.169333098256E-30,4.81688710753E-46));
#2227 = DIRECTION('',(0.,2.22044604925E-16,1.));
#2228 = ADVANCED_FACE('',(#2229),#2332,.T.);
#2229 = FACE_BOUND('',#2230,.T.);
#2230 = EDGE_LOOP('',(#2231,#2241,#2249,#2258,#2266,#2274,#2281,#2282,
    #2283,#2292,#2300,#2309,#2316,#2317,#2326));
#2231 = ORIENTED_EDGE('',*,*,#2232,.F.);
#2232 = EDGE_CURVE('',#2233,#2235,#2237,.T.);
#2233 = VERTEX_POINT('',#2234);
#2234 = CARTESIAN_POINT('',(-28.8,40.425,0.));
#2235 = VERTEX_POINT('',#2236);
#2236 = CARTESIAN_POINT('',(-28.55,40.175,1.7763568394E-15));
#2237 = LINE('',#2238,#2239);
#2238 = CARTESIAN_POINT('',(-24.45,36.075,0.));
#2239 = VECTOR('',#2240,1.);
#2240 = DIRECTION('',(0.707106781187,-0.707106781187,-8.818594221283E-33
    ));
#2241 = ORIENTED_EDGE('',*,*,#2242,.F.);
#2242 = EDGE_CURVE('',#2243,#2233,#2245,.T.);
#2243 = VERTEX_POINT('',#2244);
#2244 = CARTESIAN_POINT('',(-28.8,44.575,1.06581410364E-14));
#2245 = LINE('',#2246,#2247);
#2246 = CARTESIAN_POINT('',(-28.8,-44.575,1.06581410364E-14));
#2247 = VECTOR('',#2248,1.);
#2248 = DIRECTION('',(0.,-1.,2.22044604925E-16));
#2249 = ORIENTED_EDGE('',*,*,#2250,.F.);
#2250 = EDGE_CURVE('',#2251,#2243,#2253,.T.);
#2251 = VERTEX_POINT('',#2252);
#2252 = CARTESIAN_POINT('',(-23.5,49.875,1.06581410364E-14));
#2253 = CIRCLE('',#2254,5.3);
#2254 = AXIS2_PLACEMENT_3D('',#2255,#2256,#2257);
#2255 = CARTESIAN_POINT('',(-23.5,44.575,1.06581410364E-14));
#2256 = DIRECTION('',(0.,0.,1.));
#2257 = DIRECTION('',(1.,0.,0.));
#2258 = ORIENTED_EDGE('',*,*,#2259,.F.);
#2259 = EDGE_CURVE('',#2260,#2251,#2262,.T.);
#2260 = VERTEX_POINT('',#2261);
#2261 = CARTESIAN_POINT('',(8.93,49.875,3.552713678801E-15));
#2262 = LINE('',#2263,#2264);
#2263 = CARTESIAN_POINT('',(-23.5,49.875,1.06581410364E-14));
#2264 = VECTOR('',#2265,1.);
#2265 = DIRECTION('',(-1.,-6.266687806975E-47,2.22044604925E-16));
#2266 = ORIENTED_EDGE('',*,*,#2267,.T.);
#2267 = EDGE_CURVE('',#2260,#2268,#2270,.T.);
#2268 = VERTEX_POINT('',#2269);
#2269 = CARTESIAN_POINT('',(9.23,49.765808929721,2.6645352591E-15));
#2270 = LINE('',#2271,#2272);
#2271 = CARTESIAN_POINT('',(13.152063788975,48.338294453649,
    2.6645352591E-15));
#2272 = VECTOR('',#2273,1.);
#2273 = DIRECTION('',(0.939692620787,-0.342020143324,-6.145730463178E-33
    ));
#2274 = ORIENTED_EDGE('',*,*,#2275,.T.);
#2275 = EDGE_CURVE('',#2268,#2209,#2276,.T.);
#2276 = CIRCLE('',#2277,2.);
#2277 = AXIS2_PLACEMENT_3D('',#2278,#2279,#2280);
#2278 = CARTESIAN_POINT('',(10.4312835621,51.364845453203,
    2.6645352591E-15));
#2279 = DIRECTION('',(0.,0.,1.));
#2280 = DIRECTION('',(1.,0.,0.));
#2281 = ORIENTED_EDGE('',*,*,#2216,.T.);
#2282 = ORIENTED_EDGE('',*,*,#697,.T.);
#2283 = ORIENTED_EDGE('',*,*,#2284,.T.);
#2284 = EDGE_CURVE('',#690,#2285,#2287,.T.);
#2285 = VERTEX_POINT('',#2286);
#2286 = CARTESIAN_POINT('',(5.696969722018,48.775,0.));
#2287 = CIRCLE('',#2288,2.2);
#2288 = AXIS2_PLACEMENT_3D('',#2289,#2290,#2291);
#2289 = CARTESIAN_POINT('',(5.696969722018,46.575,0.));
#2290 = DIRECTION('',(0.,0.,1.));
#2291 = DIRECTION('',(1.,0.,0.));
#2292 = ORIENTED_EDGE('',*,*,#2293,.F.);
#2293 = EDGE_CURVE('',#2294,#2285,#2296,.T.);
#2294 = VERTEX_POINT('',#2295);
#2295 = CARTESIAN_POINT('',(-23.5,48.775,0.));
#2296 = LINE('',#2297,#2298);
#2297 = CARTESIAN_POINT('',(-23.5,48.775,0.));
#2298 = VECTOR('',#2299,1.);
#2299 = DIRECTION('',(1.,0.,0.));
#2300 = ORIENTED_EDGE('',*,*,#2301,.T.);
#2301 = EDGE_CURVE('',#2294,#2302,#2304,.T.);
#2302 = VERTEX_POINT('',#2303);
#2303 = CARTESIAN_POINT('',(-27.67588069867,45.0244667846,0.));
#2304 = CIRCLE('',#2305,4.2);
#2305 = AXIS2_PLACEMENT_3D('',#2306,#2307,#2308);
#2306 = CARTESIAN_POINT('',(-23.5,44.575,0.));
#2307 = DIRECTION('',(0.,0.,1.));
#2308 = DIRECTION('',(1.,0.,0.));
#2309 = ORIENTED_EDGE('',*,*,#2310,.T.);
#2310 = EDGE_CURVE('',#2302,#1088,#2311,.T.);
#2311 = CIRCLE('',#2312,2.2);
#2312 = AXIS2_PLACEMENT_3D('',#2313,#2314,#2315);
#2313 = CARTESIAN_POINT('',(-25.48851461841,44.78903180219,0.));
#2314 = DIRECTION('',(0.,0.,1.));
#2315 = DIRECTION('',(1.,0.,0.));
#2316 = ORIENTED_EDGE('',*,*,#1087,.T.);
#2317 = ORIENTED_EDGE('',*,*,#2318,.T.);
#2318 = EDGE_CURVE('',#1080,#2319,#2321,.T.);
#2319 = VERTEX_POINT('',#2320);
#2320 = CARTESIAN_POINT('',(-27.35959179422,40.175,1.7763568394E-15));
#2321 = CIRCLE('',#2322,2.);
#2322 = AXIS2_PLACEMENT_3D('',#2323,#2324,#2325);
#2323 = CARTESIAN_POINT('',(-25.4,39.775,0.));
#2324 = DIRECTION('',(0.,0.,1.));
#2325 = DIRECTION('',(1.,0.,0.));
#2326 = ORIENTED_EDGE('',*,*,#2327,.F.);
#2327 = EDGE_CURVE('',#2235,#2319,#2328,.T.);
#2328 = LINE('',#2329,#2330);
#2329 = CARTESIAN_POINT('',(-26.3,40.175,2.6645352591E-15));
#2330 = VECTOR('',#2331,1.);
#2331 = DIRECTION('',(1.,0.,0.));
#2332 = PLANE('',#2333);
#2333 = AXIS2_PLACEMENT_3D('',#2334,#2335,#2336);
#2334 = CARTESIAN_POINT('',(1.489891537578E-15,7.449457687891E-16,
    2.6645352591E-15));
#2335 = DIRECTION('',(-3.145985270247E-33,9.325390278557E-33,-1.));
#2336 = DIRECTION('',(-2.086767836727E-81,-1.,-9.325390278557E-33));
#2337 = ADVANCED_FACE('',(#2338),#2357,.F.);
#2338 = FACE_BOUND('',#2339,.T.);
#2339 = EDGE_LOOP('',(#2340,#2341,#2350,#2356));
#2340 = ORIENTED_EDGE('',*,*,#689,.T.);
#2341 = ORIENTED_EDGE('',*,*,#2342,.T.);
#2342 = EDGE_CURVE('',#682,#2343,#2345,.T.);
#2343 = VERTEX_POINT('',#2344);
#2344 = CARTESIAN_POINT('',(5.696969722018,48.775,1.2));
#2345 = CIRCLE('',#2346,2.2);
#2346 = AXIS2_PLACEMENT_3D('',#2347,#2348,#2349);
#2347 = CARTESIAN_POINT('',(5.696969722018,46.575,1.2));
#2348 = DIRECTION('',(0.,0.,1.));
#2349 = DIRECTION('',(1.,0.,0.));
#2350 = ORIENTED_EDGE('',*,*,#2351,.F.);
#2351 = EDGE_CURVE('',#2285,#2343,#2352,.T.);
#2352 = LINE('',#2353,#2354);
#2353 = CARTESIAN_POINT('',(5.696969722018,48.775,0.));
#2354 = VECTOR('',#2355,1.);
#2355 = DIRECTION('',(0.,0.,1.));
#2356 = ORIENTED_EDGE('',*,*,#2284,.F.);
#2357 = CYLINDRICAL_SURFACE('',#2358,2.2);
#2358 = AXIS2_PLACEMENT_3D('',#2359,#2360,#2361);
#2359 = CARTESIAN_POINT('',(5.696969722018,46.575,0.));
#2360 = DIRECTION('',(-0.,-0.,-1.));
#2361 = DIRECTION('',(1.,0.,0.));
#2362 = ADVANCED_FACE('',(#2363),#2395,.F.);
#2363 = FACE_BOUND('',#2364,.T.);
#2364 = EDGE_LOOP('',(#2365,#2366,#2367,#2368,#2369,#2370,#2379,#2388,
    #2394));
#2365 = ORIENTED_EDGE('',*,*,#681,.F.);
#2366 = ORIENTED_EDGE('',*,*,#673,.F.);
#2367 = ORIENTED_EDGE('',*,*,#794,.T.);
#2368 = ORIENTED_EDGE('',*,*,#859,.F.);
#2369 = ORIENTED_EDGE('',*,*,#1103,.F.);
#2370 = ORIENTED_EDGE('',*,*,#2371,.F.);
#2371 = EDGE_CURVE('',#2372,#1096,#2374,.T.);
#2372 = VERTEX_POINT('',#2373);
#2373 = CARTESIAN_POINT('',(-27.67588069867,45.0244667846,1.2));
#2374 = CIRCLE('',#2375,2.2);
#2375 = AXIS2_PLACEMENT_3D('',#2376,#2377,#2378);
#2376 = CARTESIAN_POINT('',(-25.48851461841,44.78903180219,1.2));
#2377 = DIRECTION('',(0.,0.,1.));
#2378 = DIRECTION('',(1.,0.,0.));
#2379 = ORIENTED_EDGE('',*,*,#2380,.F.);
#2380 = EDGE_CURVE('',#2381,#2372,#2383,.T.);
#2381 = VERTEX_POINT('',#2382);
#2382 = CARTESIAN_POINT('',(-23.5,48.775,1.2));
#2383 = CIRCLE('',#2384,4.2);
#2384 = AXIS2_PLACEMENT_3D('',#2385,#2386,#2387);
#2385 = CARTESIAN_POINT('',(-23.5,44.575,1.2));
#2386 = DIRECTION('',(0.,0.,1.));
#2387 = DIRECTION('',(1.,0.,0.));
#2388 = ORIENTED_EDGE('',*,*,#2389,.T.);
#2389 = EDGE_CURVE('',#2381,#2343,#2390,.T.);
#2390 = LINE('',#2391,#2392);
#2391 = CARTESIAN_POINT('',(-23.5,48.775,1.2));
#2392 = VECTOR('',#2393,1.);
#2393 = DIRECTION('',(1.,0.,0.));
#2394 = ORIENTED_EDGE('',*,*,#2342,.F.);
#2395 = PLANE('',#2396);
#2396 = AXIS2_PLACEMENT_3D('',#2397,#2398,#2399);
#2397 = CARTESIAN_POINT('',(2.668015629259,-4.234568114159,1.2));
#2398 = DIRECTION('',(0.,0.,1.));
#2399 = DIRECTION('',(1.,0.,0.));
#2400 = ADVANCED_FACE('',(#2401),#2437,.F.);
#2401 = FACE_BOUND('',#2402,.F.);
#2402 = EDGE_LOOP('',(#2403,#2413,#2422,#2428,#2429,#2430));
#2403 = ORIENTED_EDGE('',*,*,#2404,.T.);
#2404 = EDGE_CURVE('',#2405,#2407,#2409,.T.);
#2405 = VERTEX_POINT('',#2406);
#2406 = CARTESIAN_POINT('',(19.3,7.105,10.1));
#2407 = VERTEX_POINT('',#2408);
#2408 = CARTESIAN_POINT('',(19.3,7.105,10.6));
#2409 = LINE('',#2410,#2411);
#2410 = CARTESIAN_POINT('',(19.3,7.105,7.6));
#2411 = VECTOR('',#2412,1.);
#2412 = DIRECTION('',(4.30889522856E-33,7.792208940003E-33,1.));
#2413 = ORIENTED_EDGE('',*,*,#2414,.T.);
#2414 = EDGE_CURVE('',#2407,#2415,#2417,.T.);
#2415 = VERTEX_POINT('',#2416);
#2416 = CARTESIAN_POINT('',(15.3,7.105,10.6));
#2417 = CIRCLE('',#2418,2.);
#2418 = AXIS2_PLACEMENT_3D('',#2419,#2420,#2421);
#2419 = CARTESIAN_POINT('',(17.3,7.105,10.6));
#2420 = DIRECTION('',(0.,0.,-1.));
#2421 = DIRECTION('',(-1.,0.,0.));
#2422 = ORIENTED_EDGE('',*,*,#2423,.F.);
#2423 = EDGE_CURVE('',#770,#2415,#2424,.T.);
#2424 = LINE('',#2425,#2426);
#2425 = CARTESIAN_POINT('',(15.3,7.105,7.6));
#2426 = VECTOR('',#2427,1.);
#2427 = DIRECTION('',(4.30889522856E-33,7.792208940003E-33,1.));
#2428 = ORIENTED_EDGE('',*,*,#769,.F.);
#2429 = ORIENTED_EDGE('',*,*,#837,.T.);
#2430 = ORIENTED_EDGE('',*,*,#2431,.T.);
#2431 = EDGE_CURVE('',#829,#2405,#2432,.T.);
#2432 = CIRCLE('',#2433,2.);
#2433 = AXIS2_PLACEMENT_3D('',#2434,#2435,#2436);
#2434 = CARTESIAN_POINT('',(17.3,7.105,10.1));
#2435 = DIRECTION('',(9.807229393616E-35,-6.935504534283E-33,1.));
#2436 = DIRECTION('',(-6.801808392818E-67,-1.,-6.935504534283E-33));
#2437 = CYLINDRICAL_SURFACE('',#2438,2.);
#2438 = AXIS2_PLACEMENT_3D('',#2439,#2440,#2441);
#2439 = CARTESIAN_POINT('',(17.3,7.105,7.6));
#2440 = DIRECTION('',(0.,0.,-1.));
#2441 = DIRECTION('',(-1.,0.,0.));
#2442 = ADVANCED_FACE('',(#2443),#2454,.F.);
#2443 = FACE_BOUND('',#2444,.F.);
#2444 = EDGE_LOOP('',(#2445,#2446,#2447,#2453));
#2445 = ORIENTED_EDGE('',*,*,#828,.F.);
#2446 = ORIENTED_EDGE('',*,*,#1740,.T.);
#2447 = ORIENTED_EDGE('',*,*,#2448,.T.);
#2448 = EDGE_CURVE('',#1733,#2405,#2449,.T.);
#2449 = LINE('',#2450,#2451);
#2450 = CARTESIAN_POINT('',(19.3,7.105,10.1));
#2451 = VECTOR('',#2452,1.);
#2452 = DIRECTION('',(-0.707106781187,4.329780281177E-17,0.707106781187)
  );
#2453 = ORIENTED_EDGE('',*,*,#2431,.F.);
#2454 = CONICAL_SURFACE('',#2455,2.,0.785398163397);
#2455 = AXIS2_PLACEMENT_3D('',#2456,#2457,#2458);
#2456 = CARTESIAN_POINT('',(17.3,7.105,10.1));
#2457 = DIRECTION('',(-9.807229393616E-35,6.935504534283E-33,-1.));
#2458 = DIRECTION('',(-6.801808392818E-67,-1.,-6.935504534283E-33));
#2459 = ADVANCED_FACE('',(#2460),#2471,.F.);
#2460 = FACE_BOUND('',#2461,.T.);
#2461 = EDGE_LOOP('',(#2462,#2468,#2469,#2470));
#2462 = ORIENTED_EDGE('',*,*,#2463,.T.);
#2463 = EDGE_CURVE('',#2302,#2372,#2464,.T.);
#2464 = LINE('',#2465,#2466);
#2465 = CARTESIAN_POINT('',(-27.67588069867,45.0244667846,0.));
#2466 = VECTOR('',#2467,1.);
#2467 = DIRECTION('',(0.,0.,1.));
#2468 = ORIENTED_EDGE('',*,*,#2371,.T.);
#2469 = ORIENTED_EDGE('',*,*,#1095,.F.);
#2470 = ORIENTED_EDGE('',*,*,#2310,.F.);
#2471 = CYLINDRICAL_SURFACE('',#2472,2.2);
#2472 = AXIS2_PLACEMENT_3D('',#2473,#2474,#2475);
#2473 = CARTESIAN_POINT('',(-25.48851461841,44.78903180219,0.));
#2474 = DIRECTION('',(-0.,-0.,-1.));
#2475 = DIRECTION('',(1.,0.,0.));
#2476 = ADVANCED_FACE('',(#2477),#2513,.F.);
#2477 = FACE_BOUND('',#2478,.T.);
#2478 = EDGE_LOOP('',(#2479,#2480,#2481,#2490,#2498));
#2479 = ORIENTED_EDGE('',*,*,#2318,.F.);
#2480 = ORIENTED_EDGE('',*,*,#1079,.F.);
#2481 = ORIENTED_EDGE('',*,*,#2482,.T.);
#2482 = EDGE_CURVE('',#1072,#2483,#2485,.T.);
#2483 = VERTEX_POINT('',#2484);
#2484 = CARTESIAN_POINT('',(-27.4,39.775,5.7));
#2485 = CIRCLE('',#2486,2.);
#2486 = AXIS2_PLACEMENT_3D('',#2487,#2488,#2489);
#2487 = CARTESIAN_POINT('',(-25.4,39.775,5.7));
#2488 = DIRECTION('',(0.,0.,1.));
#2489 = DIRECTION('',(1.,0.,0.));
#2490 = ORIENTED_EDGE('',*,*,#2491,.F.);
#2491 = EDGE_CURVE('',#2492,#2483,#2494,.T.);
#2492 = VERTEX_POINT('',#2493);
#2493 = CARTESIAN_POINT('',(-27.4,39.775,1.766352173266));
#2494 = LINE('',#2495,#2496);
#2495 = CARTESIAN_POINT('',(-27.4,39.775,0.));
#2496 = VECTOR('',#2497,1.);
#2497 = DIRECTION('',(0.,0.,1.));
#2498 = ORIENTED_EDGE('',*,*,#2499,.T.);
#2499 = EDGE_CURVE('',#2492,#2319,#2500,.T.);
#2500 = B_SPLINE_CURVE_WITH_KNOTS('',6,(#2501,#2502,#2503,#2504,#2505,
    #2506,#2507,#2508,#2509,#2510,#2511,#2512),.UNSPECIFIED.,.F.,.F.,(7,
    5,7),(0.,0.573931706905,1.),.UNSPECIFIED.);
#2501 = CARTESIAN_POINT('',(-27.4,39.775,1.766352173266));
#2502 = CARTESIAN_POINT('',(-27.4,39.852043651714,1.60496787196));
#2503 = CARTESIAN_POINT('',(-27.3964387406,39.920025499712,
    1.440838793041));
#2504 = CARTESIAN_POINT('',(-27.39088582408,39.978997913253,
    1.274506073418));
#2505 = CARTESIAN_POINT('',(-27.38454510213,40.029062140705,
    1.106401791059));
#2506 = CARTESIAN_POINT('',(-27.37835267363,40.070302750153,
    0.936873866951));
#2507 = CARTESIAN_POINT('',(-27.36895560569,40.126867422614,
    0.639531909908));
#2508 = CARTESIAN_POINT('',(-27.36539245234,40.146129930089,
    0.512229572547));
#2509 = CARTESIAN_POINT('',(-27.36253809063,40.160566876869,
    0.38447491401));
#2510 = CARTESIAN_POINT('',(-27.36057388229,40.170188407504,
    0.256422062839));
#2511 = CARTESIAN_POINT('',(-27.35959179422,40.175,0.128217446858));
#2512 = CARTESIAN_POINT('',(-27.35959179422,40.175,8.881784197001E-16));
#2513 = CYLINDRICAL_SURFACE('',#2514,2.);
#2514 = AXIS2_PLACEMENT_3D('',#2515,#2516,#2517);
#2515 = CARTESIAN_POINT('',(-25.4,39.775,0.));
#2516 = DIRECTION('',(-0.,-0.,-1.));
#2517 = DIRECTION('',(1.,0.,0.));
#2518 = ADVANCED_FACE('',(#2519),#2539,.F.);
#2519 = FACE_BOUND('',#2520,.F.);
#2520 = EDGE_LOOP('',(#2521,#2522,#2523,#2531,#2538));
#2521 = ORIENTED_EDGE('',*,*,#1071,.F.);
#2522 = ORIENTED_EDGE('',*,*,#2482,.T.);
#2523 = ORIENTED_EDGE('',*,*,#2524,.F.);
#2524 = EDGE_CURVE('',#2525,#2483,#2527,.T.);
#2525 = VERTEX_POINT('',#2526);
#2526 = CARTESIAN_POINT('',(-27.4,33.311057109949,5.7));
#2527 = LINE('',#2528,#2529);
#2528 = CARTESIAN_POINT('',(-27.4,33.311057109949,5.7));
#2529 = VECTOR('',#2530,1.);
#2530 = DIRECTION('',(-5.496202146632E-16,1.,0.));
#2531 = ORIENTED_EDGE('',*,*,#2532,.T.);
#2532 = EDGE_CURVE('',#2525,#1056,#2533,.T.);
#2533 = CIRCLE('',#2534,2.);
#2534 = AXIS2_PLACEMENT_3D('',#2535,#2536,#2537);
#2535 = CARTESIAN_POINT('',(-25.4,33.311057109949,5.7));
#2536 = DIRECTION('',(0.,0.,1.));
#2537 = DIRECTION('',(1.,0.,0.));
#2538 = ORIENTED_EDGE('',*,*,#1063,.F.);
#2539 = PLANE('',#2540);
#2540 = AXIS2_PLACEMENT_3D('',#2541,#2542,#2543);
#2541 = CARTESIAN_POINT('',(-26.56998713265,31.170984736837,5.7));
#2542 = DIRECTION('',(0.,0.,1.));
#2543 = DIRECTION('',(1.,0.,0.));
#2544 = ADVANCED_FACE('',(#2545),#2564,.F.);
#2545 = FACE_BOUND('',#2546,.T.);
#2546 = EDGE_LOOP('',(#2547,#2556,#2562,#2563));
#2547 = ORIENTED_EDGE('',*,*,#2548,.T.);
#2548 = EDGE_CURVE('',#1048,#2549,#2551,.T.);
#2549 = VERTEX_POINT('',#2550);
#2550 = CARTESIAN_POINT('',(-27.4,33.311057109949,4.1));
#2551 = CIRCLE('',#2552,2.);
#2552 = AXIS2_PLACEMENT_3D('',#2553,#2554,#2555);
#2553 = CARTESIAN_POINT('',(-25.4,33.311057109949,4.1));
#2554 = DIRECTION('',(0.,0.,-1.));
#2555 = DIRECTION('',(1.,0.,0.));
#2556 = ORIENTED_EDGE('',*,*,#2557,.T.);
#2557 = EDGE_CURVE('',#2549,#2525,#2558,.T.);
#2558 = LINE('',#2559,#2560);
#2559 = CARTESIAN_POINT('',(-27.4,33.311057109949,0.));
#2560 = VECTOR('',#2561,1.);
#2561 = DIRECTION('',(0.,0.,1.));
#2562 = ORIENTED_EDGE('',*,*,#2532,.T.);
#2563 = ORIENTED_EDGE('',*,*,#1055,.F.);
#2564 = CYLINDRICAL_SURFACE('',#2565,2.);
#2565 = AXIS2_PLACEMENT_3D('',#2566,#2567,#2568);
#2566 = CARTESIAN_POINT('',(-25.4,33.311057109949,0.));
#2567 = DIRECTION('',(-0.,-0.,-1.));
#2568 = DIRECTION('',(1.,0.,0.));
#2569 = ADVANCED_FACE('',(#2570),#2595,.F.);
#2570 = FACE_BOUND('',#2571,.F.);
#2571 = EDGE_LOOP('',(#2572,#2580,#2581,#2589));
#2572 = ORIENTED_EDGE('',*,*,#2573,.F.);
#2573 = EDGE_CURVE('',#1040,#2574,#2576,.T.);
#2574 = VERTEX_POINT('',#2575);
#2575 = CARTESIAN_POINT('',(-28.55,31.525,2.6645352591E-15));
#2576 = LINE('',#2577,#2578);
#2577 = CARTESIAN_POINT('',(-13.15,31.525,2.6645352591E-15));
#2578 = VECTOR('',#2579,1.);
#2579 = DIRECTION('',(-1.,1.008857463847E-30,3.145985270247E-33));
#2580 = ORIENTED_EDGE('',*,*,#1047,.F.);
#2581 = ORIENTED_EDGE('',*,*,#2582,.T.);
#2582 = EDGE_CURVE('',#1048,#2583,#2585,.T.);
#2583 = VERTEX_POINT('',#2584);
#2584 = CARTESIAN_POINT('',(-28.55,31.525,4.1));
#2585 = LINE('',#2586,#2587);
#2586 = CARTESIAN_POINT('',(-26.3,31.525,4.1));
#2587 = VECTOR('',#2588,1.);
#2588 = DIRECTION('',(-1.,1.008857463847E-30,5.640874432778E-32));
#2589 = ORIENTED_EDGE('',*,*,#2590,.T.);
#2590 = EDGE_CURVE('',#2583,#2574,#2591,.T.);
#2591 = LINE('',#2592,#2593);
#2592 = CARTESIAN_POINT('',(-28.55,31.525,4.1));
#2593 = VECTOR('',#2594,1.);
#2594 = DIRECTION('',(0.,0.,-1.));
#2595 = PLANE('',#2596);
#2596 = AXIS2_PLACEMENT_3D('',#2597,#2598,#2599);
#2597 = CARTESIAN_POINT('',(-26.3,31.525,4.1));
#2598 = DIRECTION('',(-1.008857463847E-30,-1.,-0.));
#2599 = DIRECTION('',(0.,0.,-1.));
#2600 = ADVANCED_FACE('',(#2601),#2635,.T.);
#2601 = FACE_BOUND('',#2602,.T.);
#2602 = EDGE_LOOP('',(#2603,#2613,#2619,#2620,#2621,#2629));
#2603 = ORIENTED_EDGE('',*,*,#2604,.F.);
#2604 = EDGE_CURVE('',#2605,#2607,#2609,.T.);
#2605 = VERTEX_POINT('',#2606);
#2606 = CARTESIAN_POINT('',(-28.8,31.275,-7.105427357601E-15));
#2607 = VERTEX_POINT('',#2608);
#2608 = CARTESIAN_POINT('',(-28.8,29.375,-6.217248937901E-15));
#2609 = LINE('',#2610,#2611);
#2610 = CARTESIAN_POINT('',(-28.8,-44.575,1.06581410364E-14));
#2611 = VECTOR('',#2612,1.);
#2612 = DIRECTION('',(0.,-1.,2.22044604925E-16));
#2613 = ORIENTED_EDGE('',*,*,#2614,.T.);
#2614 = EDGE_CURVE('',#2605,#2574,#2615,.T.);
#2615 = LINE('',#2616,#2617);
#2616 = CARTESIAN_POINT('',(-29.35625,30.71875,1.7763568394E-15));
#2617 = VECTOR('',#2618,1.);
#2618 = DIRECTION('',(0.707106781187,0.707106781187,4.369499185074E-33)
  );
#2619 = ORIENTED_EDGE('',*,*,#2573,.F.);
#2620 = ORIENTED_EDGE('',*,*,#1039,.T.);
#2621 = ORIENTED_EDGE('',*,*,#2622,.T.);
#2622 = EDGE_CURVE('',#1032,#2623,#2625,.T.);
#2623 = VERTEX_POINT('',#2624);
#2624 = CARTESIAN_POINT('',(-28.55,29.125,2.6645352591E-15));
#2625 = LINE('',#2626,#2627);
#2626 = CARTESIAN_POINT('',(-13.15,29.125,2.6645352591E-15));
#2627 = VECTOR('',#2628,1.);
#2628 = DIRECTION('',(-1.,1.008857463847E-30,3.145985270247E-33));
#2629 = ORIENTED_EDGE('',*,*,#2630,.F.);
#2630 = EDGE_CURVE('',#2607,#2623,#2631,.T.);
#2631 = LINE('',#2632,#2633);
#2632 = CARTESIAN_POINT('',(-14.19375,14.76875,1.7763568394E-15));
#2633 = VECTOR('',#2634,1.);
#2634 = DIRECTION('',(0.707106781187,-0.707106781187,-8.818594221283E-33
    ));
#2635 = PLANE('',#2636);
#2636 = AXIS2_PLACEMENT_3D('',#2637,#2638,#2639);
#2637 = CARTESIAN_POINT('',(1.489891537578E-15,7.449457687891E-16,
    2.6645352591E-15));
#2638 = DIRECTION('',(-3.145985270247E-33,9.325390278557E-33,-1.));
#2639 = DIRECTION('',(-2.086767836727E-81,-1.,-9.325390278557E-33));
#2640 = ADVANCED_FACE('',(#2641),#2659,.T.);
#2641 = FACE_BOUND('',#2642,.T.);
#2642 = EDGE_LOOP('',(#2643,#2644,#2645,#2653));
#2643 = ORIENTED_EDGE('',*,*,#2622,.F.);
#2644 = ORIENTED_EDGE('',*,*,#1031,.F.);
#2645 = ORIENTED_EDGE('',*,*,#2646,.T.);
#2646 = EDGE_CURVE('',#1024,#2647,#2649,.T.);
#2647 = VERTEX_POINT('',#2648);
#2648 = CARTESIAN_POINT('',(-28.55,29.125,4.1));
#2649 = LINE('',#2650,#2651);
#2650 = CARTESIAN_POINT('',(-26.3,29.125,4.1));
#2651 = VECTOR('',#2652,1.);
#2652 = DIRECTION('',(-1.,1.008857463847E-30,5.640874432778E-32));
#2653 = ORIENTED_EDGE('',*,*,#2654,.T.);
#2654 = EDGE_CURVE('',#2647,#2623,#2655,.T.);
#2655 = LINE('',#2656,#2657);
#2656 = CARTESIAN_POINT('',(-28.55,29.125,4.1));
#2657 = VECTOR('',#2658,1.);
#2658 = DIRECTION('',(0.,0.,-1.));
#2659 = PLANE('',#2660);
#2660 = AXIS2_PLACEMENT_3D('',#2661,#2662,#2663);
#2661 = CARTESIAN_POINT('',(-26.3,29.125,4.1));
#2662 = DIRECTION('',(-1.008857463847E-30,-1.,-0.));
#2663 = DIRECTION('',(0.,0.,-1.));
#2664 = ADVANCED_FACE('',(#2665),#2692,.F.);
#2665 = FACE_BOUND('',#2666,.T.);
#2666 = EDGE_LOOP('',(#2667,#2676,#2677,#2686));
#2667 = ORIENTED_EDGE('',*,*,#2668,.T.);
#2668 = EDGE_CURVE('',#2669,#1024,#2671,.T.);
#2669 = VERTEX_POINT('',#2670);
#2670 = CARTESIAN_POINT('',(-27.4,27.338942890051,4.1));
#2671 = CIRCLE('',#2672,2.);
#2672 = AXIS2_PLACEMENT_3D('',#2673,#2674,#2675);
#2673 = CARTESIAN_POINT('',(-25.4,27.338942890051,4.1));
#2674 = DIRECTION('',(0.,0.,-1.));
#2675 = DIRECTION('',(1.,0.,0.));
#2676 = ORIENTED_EDGE('',*,*,#1023,.T.);
#2677 = ORIENTED_EDGE('',*,*,#2678,.T.);
#2678 = EDGE_CURVE('',#1016,#2679,#2681,.T.);
#2679 = VERTEX_POINT('',#2680);
#2680 = CARTESIAN_POINT('',(-27.4,27.338942890051,5.7));
#2681 = CIRCLE('',#2682,2.);
#2682 = AXIS2_PLACEMENT_3D('',#2683,#2684,#2685);
#2683 = CARTESIAN_POINT('',(-25.4,27.338942890051,5.7));
#2684 = DIRECTION('',(0.,0.,1.));
#2685 = DIRECTION('',(1.,0.,0.));
#2686 = ORIENTED_EDGE('',*,*,#2687,.F.);
#2687 = EDGE_CURVE('',#2669,#2679,#2688,.T.);
#2688 = LINE('',#2689,#2690);
#2689 = CARTESIAN_POINT('',(-27.4,27.338942890051,0.));
#2690 = VECTOR('',#2691,1.);
#2691 = DIRECTION('',(0.,0.,1.));
#2692 = CYLINDRICAL_SURFACE('',#2693,2.);
#2693 = AXIS2_PLACEMENT_3D('',#2694,#2695,#2696);
#2694 = CARTESIAN_POINT('',(-25.4,27.338942890051,0.));
#2695 = DIRECTION('',(-0.,-0.,-1.));
#2696 = DIRECTION('',(1.,0.,0.));
#2697 = ADVANCED_FACE('',(#2698),#2717,.F.);
#2698 = FACE_BOUND('',#2699,.F.);
#2699 = EDGE_LOOP('',(#2700,#2701,#2709,#2716));
#2700 = ORIENTED_EDGE('',*,*,#2678,.T.);
#2701 = ORIENTED_EDGE('',*,*,#2702,.T.);
#2702 = EDGE_CURVE('',#2679,#2703,#2705,.T.);
#2703 = VERTEX_POINT('',#2704);
#2704 = CARTESIAN_POINT('',(-27.4,20.661057109949,5.7));
#2705 = LINE('',#2706,#2707);
#2706 = CARTESIAN_POINT('',(-27.4,27.338942890051,5.7));
#2707 = VECTOR('',#2708,1.);
#2708 = DIRECTION('',(0.,-1.,0.));
#2709 = ORIENTED_EDGE('',*,*,#2710,.T.);
#2710 = EDGE_CURVE('',#2703,#1008,#2711,.T.);
#2711 = CIRCLE('',#2712,2.);
#2712 = AXIS2_PLACEMENT_3D('',#2713,#2714,#2715);
#2713 = CARTESIAN_POINT('',(-25.4,20.661057109949,5.7));
#2714 = DIRECTION('',(0.,0.,1.));
#2715 = DIRECTION('',(1.,0.,0.));
#2716 = ORIENTED_EDGE('',*,*,#1015,.T.);
#2717 = PLANE('',#2718);
#2718 = AXIS2_PLACEMENT_3D('',#2719,#2720,#2721);
#2719 = CARTESIAN_POINT('',(-26.56998713265,31.170984736837,5.7));
#2720 = DIRECTION('',(0.,0.,1.));
#2721 = DIRECTION('',(1.,0.,0.));
#2722 = ADVANCED_FACE('',(#2723),#2754,.F.);
#2723 = FACE_BOUND('',#2724,.T.);
#2724 = EDGE_LOOP('',(#2725,#2739,#2745,#2746,#2747));
#2725 = ORIENTED_EDGE('',*,*,#2726,.T.);
#2726 = EDGE_CURVE('',#2727,#2729,#2731,.T.);
#2727 = VERTEX_POINT('',#2728);
#2728 = CARTESIAN_POINT('',(-27.39132688221,20.475,1.7763568394E-15));
#2729 = VERTEX_POINT('',#2730);
#2730 = CARTESIAN_POINT('',(-27.4,20.661057109949,1.221086013932));
#2731 = B_SPLINE_CURVE_WITH_KNOTS('',6,(#2732,#2733,#2734,#2735,#2736,
    #2737,#2738),.UNSPECIFIED.,.F.,.F.,(7,7),(0.,1.),
  .PIECEWISE_BEZIER_KNOTS.);
#2732 = CARTESIAN_POINT('',(-27.39132688221,20.475,-3.730349362741E-14)
  );
#2733 = CARTESIAN_POINT('',(-27.39132688221,20.475,0.205545495399));
#2734 = CARTESIAN_POINT('',(-27.39248195048,20.487365506092,
    0.411044722237));
#2735 = CARTESIAN_POINT('',(-27.39479303283,20.512086349694,
    0.615949342919));
#2736 = CARTESIAN_POINT('',(-27.39767769606,20.549211007111,
    0.819696935801));
#2737 = CARTESIAN_POINT('',(-27.4,20.598838863706,1.021658078687));
#2738 = CARTESIAN_POINT('',(-27.4,20.661057109949,1.221086013932));
#2739 = ORIENTED_EDGE('',*,*,#2740,.T.);
#2740 = EDGE_CURVE('',#2729,#2703,#2741,.T.);
#2741 = LINE('',#2742,#2743);
#2742 = CARTESIAN_POINT('',(-27.4,20.661057109949,0.));
#2743 = VECTOR('',#2744,1.);
#2744 = DIRECTION('',(0.,0.,1.));
#2745 = ORIENTED_EDGE('',*,*,#2710,.T.);
#2746 = ORIENTED_EDGE('',*,*,#1007,.F.);
#2747 = ORIENTED_EDGE('',*,*,#2748,.F.);
#2748 = EDGE_CURVE('',#2727,#1000,#2749,.T.);
#2749 = CIRCLE('',#2750,2.);
#2750 = AXIS2_PLACEMENT_3D('',#2751,#2752,#2753);
#2751 = CARTESIAN_POINT('',(-25.4,20.661057109949,0.));
#2752 = DIRECTION('',(0.,0.,1.));
#2753 = DIRECTION('',(1.,0.,0.));
#2754 = CYLINDRICAL_SURFACE('',#2755,2.);
#2755 = AXIS2_PLACEMENT_3D('',#2756,#2757,#2758);
#2756 = CARTESIAN_POINT('',(-25.4,20.661057109949,0.));
#2757 = DIRECTION('',(-0.,-0.,-1.));
#2758 = DIRECTION('',(1.,0.,0.));
#2759 = ADVANCED_FACE('',(#2760),#2819,.T.);
#2760 = FACE_BOUND('',#2761,.T.);
#2761 = EDGE_LOOP('',(#2762,#2772,#2780,#2786,#2787,#2788,#2797,#2805,
    #2812,#2813));
#2762 = ORIENTED_EDGE('',*,*,#2763,.F.);
#2763 = EDGE_CURVE('',#2764,#2766,#2768,.T.);
#2764 = VERTEX_POINT('',#2765);
#2765 = CARTESIAN_POINT('',(-28.8,20.225,7.993605777301E-14));
#2766 = VERTEX_POINT('',#2767);
#2767 = CARTESIAN_POINT('',(-28.8,-6.75,0.));
#2768 = LINE('',#2769,#2770);
#2769 = CARTESIAN_POINT('',(-28.8,-44.575,1.06581410364E-14));
#2770 = VECTOR('',#2771,1.);
#2771 = DIRECTION('',(0.,-1.,2.22044604925E-16));
#2772 = ORIENTED_EDGE('',*,*,#2773,.T.);
#2773 = EDGE_CURVE('',#2764,#2774,#2776,.T.);
#2774 = VERTEX_POINT('',#2775);
#2775 = CARTESIAN_POINT('',(-28.55,20.475,6.217248937901E-15));
#2776 = LINE('',#2777,#2778);
#2777 = CARTESIAN_POINT('',(-24.45,24.575,0.));
#2778 = VECTOR('',#2779,1.);
#2779 = DIRECTION('',(0.707106781187,0.707106781187,4.369499185074E-33)
  );
#2780 = ORIENTED_EDGE('',*,*,#2781,.T.);
#2781 = EDGE_CURVE('',#2774,#2727,#2782,.T.);
#2782 = LINE('',#2783,#2784);
#2783 = CARTESIAN_POINT('',(-26.3,20.475,2.6645352591E-15));
#2784 = VECTOR('',#2785,1.);
#2785 = DIRECTION('',(1.,0.,0.));
#2786 = ORIENTED_EDGE('',*,*,#2748,.T.);
#2787 = ORIENTED_EDGE('',*,*,#999,.T.);
#2788 = ORIENTED_EDGE('',*,*,#2789,.T.);
#2789 = EDGE_CURVE('',#992,#2790,#2792,.T.);
#2790 = VERTEX_POINT('',#2791);
#2791 = CARTESIAN_POINT('',(-27.70049836652,15.631969722018,0.));
#2792 = CIRCLE('',#2793,2.200498366529);
#2793 = AXIS2_PLACEMENT_3D('',#2794,#2795,#2796);
#2794 = CARTESIAN_POINT('',(-25.5,15.631969722018,0.));
#2795 = DIRECTION('',(0.,0.,1.));
#2796 = DIRECTION('',(1.,0.,0.));
#2797 = ORIENTED_EDGE('',*,*,#2798,.T.);
#2798 = EDGE_CURVE('',#2790,#2799,#2801,.T.);
#2799 = VERTEX_POINT('',#2800);
#2800 = CARTESIAN_POINT('',(-27.70049836652,-3.516969722018,0.));
#2801 = LINE('',#2802,#2803);
#2802 = CARTESIAN_POINT('',(-27.70049836652,15.631969722018,0.));
#2803 = VECTOR('',#2804,1.);
#2804 = DIRECTION('',(-1.855305715068E-16,-1.,0.));
#2805 = ORIENTED_EDGE('',*,*,#2806,.T.);
#2806 = EDGE_CURVE('',#2799,#952,#2807,.T.);
#2807 = CIRCLE('',#2808,2.200498366529);
#2808 = AXIS2_PLACEMENT_3D('',#2809,#2810,#2811);
#2809 = CARTESIAN_POINT('',(-25.5,-3.516969722018,0.));
#2810 = DIRECTION('',(0.,0.,1.));
#2811 = DIRECTION('',(1.,0.,0.));
#2812 = ORIENTED_EDGE('',*,*,#951,.T.);
#2813 = ORIENTED_EDGE('',*,*,#2814,.T.);
#2814 = EDGE_CURVE('',#944,#2766,#2815,.T.);
#2815 = LINE('',#2816,#2817);
#2816 = CARTESIAN_POINT('',(-26.3,-6.75,0.));
#2817 = VECTOR('',#2818,1.);
#2818 = DIRECTION('',(-1.,1.693234063867E-31,-1.415486489741E-32));
#2819 = PLANE('',#2820);
#2820 = AXIS2_PLACEMENT_3D('',#2821,#2822,#2823);
#2821 = CARTESIAN_POINT('',(1.489891537578E-15,7.449457687891E-16,
    2.6645352591E-15));
#2822 = DIRECTION('',(-3.145985270247E-33,9.325390278557E-33,-1.));
#2823 = DIRECTION('',(-2.086767836727E-81,-1.,-9.325390278557E-33));
#2824 = ADVANCED_FACE('',(#2825),#2844,.F.);
#2825 = FACE_BOUND('',#2826,.T.);
#2826 = EDGE_LOOP('',(#2827,#2828,#2837,#2843));
#2827 = ORIENTED_EDGE('',*,*,#991,.T.);
#2828 = ORIENTED_EDGE('',*,*,#2829,.T.);
#2829 = EDGE_CURVE('',#984,#2830,#2832,.T.);
#2830 = VERTEX_POINT('',#2831);
#2831 = CARTESIAN_POINT('',(-27.70049836652,15.631969722018,1.2));
#2832 = CIRCLE('',#2833,2.200498366529);
#2833 = AXIS2_PLACEMENT_3D('',#2834,#2835,#2836);
#2834 = CARTESIAN_POINT('',(-25.5,15.631969722018,1.2));
#2835 = DIRECTION('',(0.,0.,1.));
#2836 = DIRECTION('',(1.,0.,0.));
#2837 = ORIENTED_EDGE('',*,*,#2838,.F.);
#2838 = EDGE_CURVE('',#2790,#2830,#2839,.T.);
#2839 = LINE('',#2840,#2841);
#2840 = CARTESIAN_POINT('',(-27.70049836652,15.631969722018,0.));
#2841 = VECTOR('',#2842,1.);
#2842 = DIRECTION('',(0.,0.,1.));
#2843 = ORIENTED_EDGE('',*,*,#2789,.F.);
#2844 = CYLINDRICAL_SURFACE('',#2845,2.200498366529);
#2845 = AXIS2_PLACEMENT_3D('',#2846,#2847,#2848);
#2846 = CARTESIAN_POINT('',(-25.5,15.631969722018,0.));
#2847 = DIRECTION('',(-0.,-0.,-1.));
#2848 = DIRECTION('',(1.,0.,0.));
#2849 = ADVANCED_FACE('',(#2850),#2871,.F.);
#2850 = FACE_BOUND('',#2851,.F.);
#2851 = EDGE_LOOP('',(#2852,#2861,#2862,#2863,#2864,#2865));
#2852 = ORIENTED_EDGE('',*,*,#2853,.T.);
#2853 = EDGE_CURVE('',#2854,#960,#2856,.T.);
#2854 = VERTEX_POINT('',#2855);
#2855 = CARTESIAN_POINT('',(-27.70049836652,-3.516969722018,1.2));
#2856 = CIRCLE('',#2857,2.200498366529);
#2857 = AXIS2_PLACEMENT_3D('',#2858,#2859,#2860);
#2858 = CARTESIAN_POINT('',(-25.5,-3.516969722018,1.2));
#2859 = DIRECTION('',(0.,0.,1.));
#2860 = DIRECTION('',(1.,0.,0.));
#2861 = ORIENTED_EDGE('',*,*,#967,.T.);
#2862 = ORIENTED_EDGE('',*,*,#975,.T.);
#2863 = ORIENTED_EDGE('',*,*,#983,.T.);
#2864 = ORIENTED_EDGE('',*,*,#2829,.T.);
#2865 = ORIENTED_EDGE('',*,*,#2866,.T.);
#2866 = EDGE_CURVE('',#2830,#2854,#2867,.T.);
#2867 = LINE('',#2868,#2869);
#2868 = CARTESIAN_POINT('',(-27.70049836652,15.631969722018,1.2));
#2869 = VECTOR('',#2870,1.);
#2870 = DIRECTION('',(-1.855305715068E-16,-1.,0.));
#2871 = PLANE('',#2872);
#2872 = AXIS2_PLACEMENT_3D('',#2873,#2874,#2875);
#2873 = CARTESIAN_POINT('',(2.668015629259,-4.234568114159,1.2));
#2874 = DIRECTION('',(0.,0.,1.));
#2875 = DIRECTION('',(1.,0.,0.));
#2876 = ADVANCED_FACE('',(#2877),#2888,.F.);
#2877 = FACE_BOUND('',#2878,.T.);
#2878 = EDGE_LOOP('',(#2879,#2885,#2886,#2887));
#2879 = ORIENTED_EDGE('',*,*,#2880,.T.);
#2880 = EDGE_CURVE('',#2799,#2854,#2881,.T.);
#2881 = LINE('',#2882,#2883);
#2882 = CARTESIAN_POINT('',(-27.70049836652,-3.516969722018,0.));
#2883 = VECTOR('',#2884,1.);
#2884 = DIRECTION('',(0.,0.,1.));
#2885 = ORIENTED_EDGE('',*,*,#2853,.T.);
#2886 = ORIENTED_EDGE('',*,*,#959,.F.);
#2887 = ORIENTED_EDGE('',*,*,#2806,.F.);
#2888 = CYLINDRICAL_SURFACE('',#2889,2.200498366529);
#2889 = AXIS2_PLACEMENT_3D('',#2890,#2891,#2892);
#2890 = CARTESIAN_POINT('',(-25.5,-3.516969722018,0.));
#2891 = DIRECTION('',(-0.,-0.,-1.));
#2892 = DIRECTION('',(1.,0.,0.));
#2893 = ADVANCED_FACE('',(#2894),#2912,.T.);
#2894 = FACE_BOUND('',#2895,.T.);
#2895 = EDGE_LOOP('',(#2896,#2904,#2910,#2911));
#2896 = ORIENTED_EDGE('',*,*,#2897,.T.);
#2897 = EDGE_CURVE('',#935,#2898,#2900,.T.);
#2898 = VERTEX_POINT('',#2899);
#2899 = CARTESIAN_POINT('',(-28.8,-6.75,2.1));
#2900 = LINE('',#2901,#2902);
#2901 = CARTESIAN_POINT('',(-26.3,-6.75,2.1));
#2902 = VECTOR('',#2903,1.);
#2903 = DIRECTION('',(-1.,1.693234063867E-31,-1.415486489741E-32));
#2904 = ORIENTED_EDGE('',*,*,#2905,.T.);
#2905 = EDGE_CURVE('',#2898,#2766,#2906,.T.);
#2906 = LINE('',#2907,#2908);
#2907 = CARTESIAN_POINT('',(-28.8,-6.75,2.1));
#2908 = VECTOR('',#2909,1.);
#2909 = DIRECTION('',(0.,0.,-1.));
#2910 = ORIENTED_EDGE('',*,*,#2814,.F.);
#2911 = ORIENTED_EDGE('',*,*,#943,.F.);
#2912 = PLANE('',#2913);
#2913 = AXIS2_PLACEMENT_3D('',#2914,#2915,#2916);
#2914 = CARTESIAN_POINT('',(-26.3,-6.75,2.1));
#2915 = DIRECTION('',(-1.693234063867E-31,-1.,-0.));
#2916 = DIRECTION('',(0.,0.,-1.));
#2917 = ADVANCED_FACE('',(#2918),#2937,.F.);
#2918 = FACE_BOUND('',#2919,.T.);
#2919 = EDGE_LOOP('',(#2920,#2928,#2935,#2936));
#2920 = ORIENTED_EDGE('',*,*,#2921,.T.);
#2921 = EDGE_CURVE('',#927,#2922,#2924,.T.);
#2922 = VERTEX_POINT('',#2923);
#2923 = CARTESIAN_POINT('',(-28.8,-8.45,3.8));
#2924 = LINE('',#2925,#2926);
#2925 = CARTESIAN_POINT('',(-26.3,-8.45,3.8));
#2926 = VECTOR('',#2927,1.);
#2927 = DIRECTION('',(-1.,1.693234063867E-31,-1.415486489741E-32));
#2928 = ORIENTED_EDGE('',*,*,#2929,.T.);
#2929 = EDGE_CURVE('',#2922,#2898,#2930,.T.);
#2930 = CIRCLE('',#2931,1.7);
#2931 = AXIS2_PLACEMENT_3D('',#2932,#2933,#2934);
#2932 = CARTESIAN_POINT('',(-28.8,-8.45,2.1));
#2933 = DIRECTION('',(-1.,0.,0.));
#2934 = DIRECTION('',(0.,-1.,0.));
#2935 = ORIENTED_EDGE('',*,*,#2897,.F.);
#2936 = ORIENTED_EDGE('',*,*,#934,.F.);
#2937 = CYLINDRICAL_SURFACE('',#2938,1.7);
#2938 = AXIS2_PLACEMENT_3D('',#2939,#2940,#2941);
#2939 = CARTESIAN_POINT('',(-26.3,-8.45,2.1));
#2940 = DIRECTION('',(1.,0.,0.));
#2941 = DIRECTION('',(0.,-1.,0.));
#2942 = ADVANCED_FACE('',(#2943),#2961,.F.);
#2943 = FACE_BOUND('',#2944,.F.);
#2944 = EDGE_LOOP('',(#2945,#2946,#2954,#2960));
#2945 = ORIENTED_EDGE('',*,*,#2921,.T.);
#2946 = ORIENTED_EDGE('',*,*,#2947,.T.);
#2947 = EDGE_CURVE('',#2922,#2948,#2950,.T.);
#2948 = VERTEX_POINT('',#2949);
#2949 = CARTESIAN_POINT('',(-28.8,-32.45,3.8));
#2950 = LINE('',#2951,#2952);
#2951 = CARTESIAN_POINT('',(-28.8,-8.45,3.8));
#2952 = VECTOR('',#2953,1.);
#2953 = DIRECTION('',(0.,-1.,-7.586524001605E-16));
#2954 = ORIENTED_EDGE('',*,*,#2955,.F.);
#2955 = EDGE_CURVE('',#918,#2948,#2956,.T.);
#2956 = LINE('',#2957,#2958);
#2957 = CARTESIAN_POINT('',(-26.3,-32.45,3.8));
#2958 = VECTOR('',#2959,1.);
#2959 = DIRECTION('',(-1.,1.693234063867E-31,-1.415486489741E-32));
#2960 = ORIENTED_EDGE('',*,*,#926,.F.);
#2961 = PLANE('',#2962);
#2962 = AXIS2_PLACEMENT_3D('',#2963,#2964,#2965);
#2963 = CARTESIAN_POINT('',(-26.3,-8.45,3.8));
#2964 = DIRECTION('',(-1.415486489741E-32,-7.586524001605E-16,1.));
#2965 = DIRECTION('',(1.362688430787E-64,-1.,-7.586524001605E-16));
#2966 = ADVANCED_FACE('',(#2967),#2986,.F.);
#2967 = FACE_BOUND('',#2968,.T.);
#2968 = EDGE_LOOP('',(#2969,#2977,#2984,#2985));
#2969 = ORIENTED_EDGE('',*,*,#2970,.T.);
#2970 = EDGE_CURVE('',#910,#2971,#2973,.T.);
#2971 = VERTEX_POINT('',#2972);
#2972 = CARTESIAN_POINT('',(-28.8,-34.15,2.1));
#2973 = LINE('',#2974,#2975);
#2974 = CARTESIAN_POINT('',(-26.3,-34.15,2.1));
#2975 = VECTOR('',#2976,1.);
#2976 = DIRECTION('',(-1.,1.693234063867E-31,-1.415486489741E-32));
#2977 = ORIENTED_EDGE('',*,*,#2978,.T.);
#2978 = EDGE_CURVE('',#2971,#2948,#2979,.T.);
#2979 = CIRCLE('',#2980,1.7);
#2980 = AXIS2_PLACEMENT_3D('',#2981,#2982,#2983);
#2981 = CARTESIAN_POINT('',(-28.8,-32.45,2.1));
#2982 = DIRECTION('',(-1.,0.,0.));
#2983 = DIRECTION('',(0.,-1.,0.));
#2984 = ORIENTED_EDGE('',*,*,#2955,.F.);
#2985 = ORIENTED_EDGE('',*,*,#917,.F.);
#2986 = CYLINDRICAL_SURFACE('',#2987,1.7);
#2987 = AXIS2_PLACEMENT_3D('',#2988,#2989,#2990);
#2988 = CARTESIAN_POINT('',(-26.3,-32.45,2.1));
#2989 = DIRECTION('',(1.,0.,0.));
#2990 = DIRECTION('',(0.,-1.,0.));
#2991 = ADVANCED_FACE('',(#2992),#3010,.T.);
#2992 = FACE_BOUND('',#2993,.T.);
#2993 = EDGE_LOOP('',(#2994,#3002,#3008,#3009));
#2994 = ORIENTED_EDGE('',*,*,#2995,.T.);
#2995 = EDGE_CURVE('',#902,#2996,#2998,.T.);
#2996 = VERTEX_POINT('',#2997);
#2997 = CARTESIAN_POINT('',(-28.8,-34.15,0.));
#2998 = LINE('',#2999,#3000);
#2999 = CARTESIAN_POINT('',(-26.3,-34.15,0.));
#3000 = VECTOR('',#3001,1.);
#3001 = DIRECTION('',(-1.,1.693234063867E-31,-1.415486489741E-32));
#3002 = ORIENTED_EDGE('',*,*,#3003,.T.);
#3003 = EDGE_CURVE('',#2996,#2971,#3004,.T.);
#3004 = LINE('',#3005,#3006);
#3005 = CARTESIAN_POINT('',(-28.8,-34.15,0.));
#3006 = VECTOR('',#3007,1.);
#3007 = DIRECTION('',(0.,0.,1.));
#3008 = ORIENTED_EDGE('',*,*,#2970,.F.);
#3009 = ORIENTED_EDGE('',*,*,#909,.F.);
#3010 = PLANE('',#3011);
#3011 = AXIS2_PLACEMENT_3D('',#3012,#3013,#3014);
#3012 = CARTESIAN_POINT('',(-26.3,-34.15,0.));
#3013 = DIRECTION('',(1.693234063867E-31,1.,0.));
#3014 = DIRECTION('',(0.,0.,1.));
#3015 = ADVANCED_FACE('',(#3016),#3110,.T.);
#3016 = FACE_BOUND('',#3017,.T.);
#3017 = EDGE_LOOP('',(#3018,#3026,#3027,#3028,#3037,#3045,#3054,#3062,
    #3069,#3070,#3078,#3087,#3095,#3103));
#3018 = ORIENTED_EDGE('',*,*,#3019,.F.);
#3019 = EDGE_CURVE('',#2996,#3020,#3022,.T.);
#3020 = VERTEX_POINT('',#3021);
#3021 = CARTESIAN_POINT('',(-28.8,-44.575,1.06581410364E-14));
#3022 = LINE('',#3023,#3024);
#3023 = CARTESIAN_POINT('',(-28.8,-44.575,1.06581410364E-14));
#3024 = VECTOR('',#3025,1.);
#3025 = DIRECTION('',(0.,-1.,2.22044604925E-16));
#3026 = ORIENTED_EDGE('',*,*,#2995,.F.);
#3027 = ORIENTED_EDGE('',*,*,#901,.T.);
#3028 = ORIENTED_EDGE('',*,*,#3029,.T.);
#3029 = EDGE_CURVE('',#894,#3030,#3032,.T.);
#3030 = VERTEX_POINT('',#3031);
#3031 = CARTESIAN_POINT('',(-27.70049836652,-37.38303027798,0.));
#3032 = CIRCLE('',#3033,2.200498366529);
#3033 = AXIS2_PLACEMENT_3D('',#3034,#3035,#3036);
#3034 = CARTESIAN_POINT('',(-25.5,-37.38303027798,0.));
#3035 = DIRECTION('',(0.,0.,1.));
#3036 = DIRECTION('',(1.,0.,0.));
#3037 = ORIENTED_EDGE('',*,*,#3038,.T.);
#3038 = EDGE_CURVE('',#3030,#3039,#3041,.T.);
#3039 = VERTEX_POINT('',#3040);
#3040 = CARTESIAN_POINT('',(-27.70049836652,-44.575,0.));
#3041 = LINE('',#3042,#3043);
#3042 = CARTESIAN_POINT('',(-27.70049836652,-37.38303027798,0.));
#3043 = VECTOR('',#3044,1.);
#3044 = DIRECTION('',(0.,-1.,0.));
#3045 = ORIENTED_EDGE('',*,*,#3046,.T.);
#3046 = EDGE_CURVE('',#3039,#3047,#3049,.T.);
#3047 = VERTEX_POINT('',#3048);
#3048 = CARTESIAN_POINT('',(-23.5,-48.77549836652,0.));
#3049 = CIRCLE('',#3050,4.200498366529);
#3050 = AXIS2_PLACEMENT_3D('',#3051,#3052,#3053);
#3051 = CARTESIAN_POINT('',(-23.5,-44.575,0.));
#3052 = DIRECTION('',(0.,0.,1.));
#3053 = DIRECTION('',(1.,0.,0.));
#3054 = ORIENTED_EDGE('',*,*,#3055,.F.);
#3055 = EDGE_CURVE('',#3056,#3047,#3058,.T.);
#3056 = VERTEX_POINT('',#3057);
#3057 = CARTESIAN_POINT('',(-9.703030277982,-48.77549836652,0.));
#3058 = LINE('',#3059,#3060);
#3059 = CARTESIAN_POINT('',(-9.703030277982,-48.77549836652,0.));
#3060 = VECTOR('',#3061,1.);
#3061 = DIRECTION('',(-1.,0.,0.));
#3062 = ORIENTED_EDGE('',*,*,#3063,.T.);
#3063 = EDGE_CURVE('',#3056,#1323,#3064,.T.);
#3064 = CIRCLE('',#3065,2.200498366529);
#3065 = AXIS2_PLACEMENT_3D('',#3066,#3067,#3068);
#3066 = CARTESIAN_POINT('',(-9.703030277982,-46.575,0.));
#3067 = DIRECTION('',(0.,0.,1.));
#3068 = DIRECTION('',(1.,0.,0.));
#3069 = ORIENTED_EDGE('',*,*,#1322,.T.);
#3070 = ORIENTED_EDGE('',*,*,#3071,.T.);
#3071 = EDGE_CURVE('',#1315,#3072,#3074,.T.);
#3072 = VERTEX_POINT('',#3073);
#3073 = CARTESIAN_POINT('',(-4.47,-48.375,2.6645352591E-15));
#3074 = LINE('',#3075,#3076);
#3075 = CARTESIAN_POINT('',(-4.47,-24.9375,2.6645352591E-15));
#3076 = VECTOR('',#3077,1.);
#3077 = DIRECTION('',(-6.772751925858E-32,-1.,-9.325390278557E-33));
#3078 = ORIENTED_EDGE('',*,*,#3079,.F.);
#3079 = EDGE_CURVE('',#3080,#3072,#3082,.T.);
#3080 = VERTEX_POINT('',#3081);
#3081 = CARTESIAN_POINT('',(-6.17,-49.575,2.6645352591E-15));
#3082 = CIRCLE('',#3083,2.);
#3083 = AXIS2_PLACEMENT_3D('',#3084,#3085,#3086);
#3084 = CARTESIAN_POINT('',(-4.334985258196,-50.37043755088,
    2.6645352591E-15));
#3085 = DIRECTION('',(0.,0.,-1.));
#3086 = DIRECTION('',(2.22044604925E-16,-1.,0.));
#3087 = ORIENTED_EDGE('',*,*,#3088,.T.);
#3088 = EDGE_CURVE('',#3080,#3089,#3091,.T.);
#3089 = VERTEX_POINT('',#3090);
#3090 = CARTESIAN_POINT('',(-6.47,-49.875,3.552713678801E-15));
#3091 = LINE('',#3092,#3093);
#3092 = CARTESIAN_POINT('',(7.76625,-35.63875,2.6645352591E-15));
#3093 = VECTOR('',#3094,1.);
#3094 = DIRECTION('',(-0.707106781187,-0.707106781187,
    -4.369499185074E-33));
#3095 = ORIENTED_EDGE('',*,*,#3096,.F.);
#3096 = EDGE_CURVE('',#3097,#3089,#3099,.T.);
#3097 = VERTEX_POINT('',#3098);
#3098 = CARTESIAN_POINT('',(-23.5,-49.875,1.06581410364E-14));
#3099 = LINE('',#3100,#3101);
#3100 = CARTESIAN_POINT('',(23.5,-49.875,1.06581410364E-14));
#3101 = VECTOR('',#3102,1.);
#3102 = DIRECTION('',(1.,4.680956445562E-47,2.22044604925E-16));
#3103 = ORIENTED_EDGE('',*,*,#3104,.F.);
#3104 = EDGE_CURVE('',#3020,#3097,#3105,.T.);
#3105 = CIRCLE('',#3106,5.3);
#3106 = AXIS2_PLACEMENT_3D('',#3107,#3108,#3109);
#3107 = CARTESIAN_POINT('',(-23.5,-44.575,1.06581410364E-14));
#3108 = DIRECTION('',(0.,0.,1.));
#3109 = DIRECTION('',(1.,0.,0.));
#3110 = PLANE('',#3111);
#3111 = AXIS2_PLACEMENT_3D('',#3112,#3113,#3114);
#3112 = CARTESIAN_POINT('',(1.489891537578E-15,7.449457687891E-16,
    2.6645352591E-15));
#3113 = DIRECTION('',(-3.145985270247E-33,9.325390278557E-33,-1.));
#3114 = DIRECTION('',(-2.086767836727E-81,-1.,-9.325390278557E-33));
#3115 = ADVANCED_FACE('',(#3116),#3135,.F.);
#3116 = FACE_BOUND('',#3117,.T.);
#3117 = EDGE_LOOP('',(#3118,#3119,#3128,#3134));
#3118 = ORIENTED_EDGE('',*,*,#893,.T.);
#3119 = ORIENTED_EDGE('',*,*,#3120,.T.);
#3120 = EDGE_CURVE('',#886,#3121,#3123,.T.);
#3121 = VERTEX_POINT('',#3122);
#3122 = CARTESIAN_POINT('',(-27.70049836652,-37.38303027798,1.2));
#3123 = CIRCLE('',#3124,2.200498366529);
#3124 = AXIS2_PLACEMENT_3D('',#3125,#3126,#3127);
#3125 = CARTESIAN_POINT('',(-25.5,-37.38303027798,1.2));
#3126 = DIRECTION('',(0.,0.,1.));
#3127 = DIRECTION('',(1.,0.,0.));
#3128 = ORIENTED_EDGE('',*,*,#3129,.F.);
#3129 = EDGE_CURVE('',#3030,#3121,#3130,.T.);
#3130 = LINE('',#3131,#3132);
#3131 = CARTESIAN_POINT('',(-27.70049836652,-37.38303027798,0.));
#3132 = VECTOR('',#3133,1.);
#3133 = DIRECTION('',(0.,0.,1.));
#3134 = ORIENTED_EDGE('',*,*,#3029,.F.);
#3135 = CYLINDRICAL_SURFACE('',#3136,2.200498366529);
#3136 = AXIS2_PLACEMENT_3D('',#3137,#3138,#3139);
#3137 = CARTESIAN_POINT('',(-25.5,-37.38303027798,0.));
#3138 = DIRECTION('',(-0.,-0.,-1.));
#3139 = DIRECTION('',(1.,0.,0.));
#3140 = ADVANCED_FACE('',(#3141),#3181,.F.);
#3141 = FACE_BOUND('',#3142,.F.);
#3142 = EDGE_LOOP('',(#3143,#3144,#3145,#3146,#3154,#3163,#3171,#3178,
    #3179,#3180));
#3143 = ORIENTED_EDGE('',*,*,#877,.T.);
#3144 = ORIENTED_EDGE('',*,*,#885,.T.);
#3145 = ORIENTED_EDGE('',*,*,#3120,.T.);
#3146 = ORIENTED_EDGE('',*,*,#3147,.T.);
#3147 = EDGE_CURVE('',#3121,#3148,#3150,.T.);
#3148 = VERTEX_POINT('',#3149);
#3149 = CARTESIAN_POINT('',(-27.70049836652,-44.575,1.2));
#3150 = LINE('',#3151,#3152);
#3151 = CARTESIAN_POINT('',(-27.70049836652,-37.38303027798,1.2));
#3152 = VECTOR('',#3153,1.);
#3153 = DIRECTION('',(0.,-1.,0.));
#3154 = ORIENTED_EDGE('',*,*,#3155,.T.);
#3155 = EDGE_CURVE('',#3148,#3156,#3158,.T.);
#3156 = VERTEX_POINT('',#3157);
#3157 = CARTESIAN_POINT('',(-23.5,-48.77549836652,1.2));
#3158 = CIRCLE('',#3159,4.200498366529);
#3159 = AXIS2_PLACEMENT_3D('',#3160,#3161,#3162);
#3160 = CARTESIAN_POINT('',(-23.5,-44.575,1.2));
#3161 = DIRECTION('',(0.,0.,1.));
#3162 = DIRECTION('',(1.,0.,0.));
#3163 = ORIENTED_EDGE('',*,*,#3164,.F.);
#3164 = EDGE_CURVE('',#3165,#3156,#3167,.T.);
#3165 = VERTEX_POINT('',#3166);
#3166 = CARTESIAN_POINT('',(-9.703030277982,-48.77549836652,1.2));
#3167 = LINE('',#3168,#3169);
#3168 = CARTESIAN_POINT('',(-9.703030277982,-48.77549836652,1.2));
#3169 = VECTOR('',#3170,1.);
#3170 = DIRECTION('',(-1.,0.,0.));
#3171 = ORIENTED_EDGE('',*,*,#3172,.T.);
#3172 = EDGE_CURVE('',#3165,#1331,#3173,.T.);
#3173 = CIRCLE('',#3174,2.200498366529);
#3174 = AXIS2_PLACEMENT_3D('',#3175,#3176,#3177);
#3175 = CARTESIAN_POINT('',(-9.703030277982,-46.575,1.2));
#3176 = DIRECTION('',(0.,0.,1.));
#3177 = DIRECTION('',(1.,0.,0.));
#3178 = ORIENTED_EDGE('',*,*,#1338,.F.);
#3179 = ORIENTED_EDGE('',*,*,#1230,.T.);
#3180 = ORIENTED_EDGE('',*,*,#1143,.F.);
#3181 = PLANE('',#3182);
#3182 = AXIS2_PLACEMENT_3D('',#3183,#3184,#3185);
#3183 = CARTESIAN_POINT('',(2.668015629259,-4.234568114159,1.2));
#3184 = DIRECTION('',(0.,0.,1.));
#3185 = DIRECTION('',(1.,0.,0.));
#3186 = ADVANCED_FACE('',(#3187),#3235,.F.);
#3187 = FACE_BOUND('',#3188,.F.);
#3188 = EDGE_LOOP('',(#3189,#3198,#3199,#3200,#3201,#3202,#3203,#3212,
    #3220,#3229));
#3189 = ORIENTED_EDGE('',*,*,#3190,.T.);
#3190 = EDGE_CURVE('',#3191,#1209,#3193,.T.);
#3191 = VERTEX_POINT('',#3192);
#3192 = CARTESIAN_POINT('',(27.700498366529,10.648912612068,1.2));
#3193 = CIRCLE('',#3194,2.200498366529);
#3194 = AXIS2_PLACEMENT_3D('',#3195,#3196,#3197);
#3195 = CARTESIAN_POINT('',(25.5,10.648912612068,1.2));
#3196 = DIRECTION('',(0.,0.,1.));
#3197 = DIRECTION('',(1.,0.,0.));
#3198 = ORIENTED_EDGE('',*,*,#1216,.F.);
#3199 = ORIENTED_EDGE('',*,*,#1167,.T.);
#3200 = ORIENTED_EDGE('',*,*,#1353,.F.);
#3201 = ORIENTED_EDGE('',*,*,#1248,.F.);
#3202 = ORIENTED_EDGE('',*,*,#1256,.T.);
#3203 = ORIENTED_EDGE('',*,*,#3204,.T.);
#3204 = EDGE_CURVE('',#1257,#3205,#3207,.T.);
#3205 = VERTEX_POINT('',#3206);
#3206 = CARTESIAN_POINT('',(9.903030277982,-48.77549836652,1.2));
#3207 = CIRCLE('',#3208,2.200498366529);
#3208 = AXIS2_PLACEMENT_3D('',#3209,#3210,#3211);
#3209 = CARTESIAN_POINT('',(9.903030277982,-46.575,1.2));
#3210 = DIRECTION('',(0.,0.,1.));
#3211 = DIRECTION('',(1.,0.,0.));
#3212 = ORIENTED_EDGE('',*,*,#3213,.T.);
#3213 = EDGE_CURVE('',#3205,#3214,#3216,.T.);
#3214 = VERTEX_POINT('',#3215);
#3215 = CARTESIAN_POINT('',(23.5,-48.77549836652,1.2));
#3216 = LINE('',#3217,#3218);
#3217 = CARTESIAN_POINT('',(9.903030277982,-48.77549836652,1.2));
#3218 = VECTOR('',#3219,1.);
#3219 = DIRECTION('',(1.,-2.612871655548E-15,0.));
#3220 = ORIENTED_EDGE('',*,*,#3221,.T.);
#3221 = EDGE_CURVE('',#3214,#3222,#3224,.T.);
#3222 = VERTEX_POINT('',#3223);
#3223 = CARTESIAN_POINT('',(27.700498366529,-44.575,1.2));
#3224 = CIRCLE('',#3225,4.200498366529);
#3225 = AXIS2_PLACEMENT_3D('',#3226,#3227,#3228);
#3226 = CARTESIAN_POINT('',(23.5,-44.575,1.2));
#3227 = DIRECTION('',(0.,0.,1.));
#3228 = DIRECTION('',(1.,0.,0.));
#3229 = ORIENTED_EDGE('',*,*,#3230,.F.);
#3230 = EDGE_CURVE('',#3191,#3222,#3231,.T.);
#3231 = LINE('',#3232,#3233);
#3232 = CARTESIAN_POINT('',(27.700498366529,10.648912612068,1.2));
#3233 = VECTOR('',#3234,1.);
#3234 = DIRECTION('',(7.076617468474E-16,-1.,0.));
#3235 = PLANE('',#3236);
#3236 = AXIS2_PLACEMENT_3D('',#3237,#3238,#3239);
#3237 = CARTESIAN_POINT('',(2.668015629259,-4.234568114159,1.2));
#3238 = DIRECTION('',(0.,0.,1.));
#3239 = DIRECTION('',(1.,0.,0.));
#3240 = ADVANCED_FACE('',(#3241),#3260,.F.);
#3241 = FACE_BOUND('',#3242,.T.);
#3242 = EDGE_LOOP('',(#3243,#3251,#3252,#3253));
#3243 = ORIENTED_EDGE('',*,*,#3244,.T.);
#3244 = EDGE_CURVE('',#3245,#3191,#3247,.T.);
#3245 = VERTEX_POINT('',#3246);
#3246 = CARTESIAN_POINT('',(27.700498366529,10.648912612068,0.));
#3247 = LINE('',#3248,#3249);
#3248 = CARTESIAN_POINT('',(27.700498366529,10.648912612068,0.));
#3249 = VECTOR('',#3250,1.);
#3250 = DIRECTION('',(0.,0.,1.));
#3251 = ORIENTED_EDGE('',*,*,#3190,.T.);
#3252 = ORIENTED_EDGE('',*,*,#1208,.F.);
#3253 = ORIENTED_EDGE('',*,*,#3254,.F.);
#3254 = EDGE_CURVE('',#3245,#1201,#3255,.T.);
#3255 = CIRCLE('',#3256,2.200498366529);
#3256 = AXIS2_PLACEMENT_3D('',#3257,#3258,#3259);
#3257 = CARTESIAN_POINT('',(25.5,10.648912612068,0.));
#3258 = DIRECTION('',(0.,0.,1.));
#3259 = DIRECTION('',(1.,0.,0.));
#3260 = CYLINDRICAL_SURFACE('',#3261,2.200498366529);
#3261 = AXIS2_PLACEMENT_3D('',#3262,#3263,#3264);
#3262 = CARTESIAN_POINT('',(25.5,10.648912612068,0.));
#3263 = DIRECTION('',(-0.,-0.,-1.));
#3264 = DIRECTION('',(1.,0.,0.));
#3265 = ADVANCED_FACE('',(#3266),#3384,.T.);
#3266 = FACE_BOUND('',#3267,.T.);
#3267 = EDGE_LOOP('',(#3268,#3278,#3286,#3294,#3303,#3311,#3319,#3328,
    #3334,#3335,#3344,#3352,#3361,#3367,#3368,#3369,#3378));
#3268 = ORIENTED_EDGE('',*,*,#3269,.F.);
#3269 = EDGE_CURVE('',#3270,#3272,#3274,.T.);
#3270 = VERTEX_POINT('',#3271);
#3271 = CARTESIAN_POINT('',(28.55,18.875,-8.881784197001E-16));
#3272 = VERTEX_POINT('',#3273);
#3273 = CARTESIAN_POINT('',(27.387097804867,18.875,1.7763568394E-15));
#3274 = LINE('',#3275,#3276);
#3275 = CARTESIAN_POINT('',(26.3,18.875,2.6645352591E-15));
#3276 = VECTOR('',#3277,1.);
#3277 = DIRECTION('',(-1.,-0.,-0.));
#3278 = ORIENTED_EDGE('',*,*,#3279,.T.);
#3279 = EDGE_CURVE('',#3270,#3280,#3282,.T.);
#3280 = VERTEX_POINT('',#3281);
#3281 = CARTESIAN_POINT('',(28.8,18.625,8.881784197001E-16));
#3282 = LINE('',#3283,#3284);
#3283 = CARTESIAN_POINT('',(24.45,22.975,0.));
#3284 = VECTOR('',#3285,1.);
#3285 = DIRECTION('',(0.707106781187,-0.707106781187,-8.818594221283E-33
    ));
#3286 = ORIENTED_EDGE('',*,*,#3287,.F.);
#3287 = EDGE_CURVE('',#3288,#3280,#3290,.T.);
#3288 = VERTEX_POINT('',#3289);
#3289 = CARTESIAN_POINT('',(28.8,-44.575,1.06581410364E-14));
#3290 = LINE('',#3291,#3292);
#3291 = CARTESIAN_POINT('',(28.8,44.575,1.06581410364E-14));
#3292 = VECTOR('',#3293,1.);
#3293 = DIRECTION('',(-4.98285519011E-47,1.,2.22044604925E-16));
#3294 = ORIENTED_EDGE('',*,*,#3295,.F.);
#3295 = EDGE_CURVE('',#3296,#3288,#3298,.T.);
#3296 = VERTEX_POINT('',#3297);
#3297 = CARTESIAN_POINT('',(23.5,-49.875,1.06581410364E-14));
#3298 = CIRCLE('',#3299,5.3);
#3299 = AXIS2_PLACEMENT_3D('',#3300,#3301,#3302);
#3300 = CARTESIAN_POINT('',(23.5,-44.575,1.06581410364E-14));
#3301 = DIRECTION('',(0.,0.,1.));
#3302 = DIRECTION('',(1.,0.,0.));
#3303 = ORIENTED_EDGE('',*,*,#3304,.F.);
#3304 = EDGE_CURVE('',#3305,#3296,#3307,.T.);
#3305 = VERTEX_POINT('',#3306);
#3306 = CARTESIAN_POINT('',(6.67,-49.875,7.105427357601E-15));
#3307 = LINE('',#3308,#3309);
#3308 = CARTESIAN_POINT('',(23.5,-49.875,1.06581410364E-14));
#3309 = VECTOR('',#3310,1.);
#3310 = DIRECTION('',(1.,4.680956445562E-47,2.22044604925E-16));
#3311 = ORIENTED_EDGE('',*,*,#3312,.T.);
#3312 = EDGE_CURVE('',#3305,#3313,#3315,.T.);
#3313 = VERTEX_POINT('',#3314);
#3314 = CARTESIAN_POINT('',(6.37,-49.575,2.6645352591E-15));
#3315 = LINE('',#3316,#3317);
#3316 = CARTESIAN_POINT('',(-7.61625,-35.58875,2.6645352591E-15));
#3317 = VECTOR('',#3318,1.);
#3318 = DIRECTION('',(-0.707106781187,0.707106781187,8.818594221283E-33)
  );
#3319 = ORIENTED_EDGE('',*,*,#3320,.T.);
#3320 = EDGE_CURVE('',#3313,#3321,#3323,.T.);
#3321 = VERTEX_POINT('',#3322);
#3322 = CARTESIAN_POINT('',(4.67,-48.375,2.6645352591E-15));
#3323 = CIRCLE('',#3324,2.);
#3324 = AXIS2_PLACEMENT_3D('',#3325,#3326,#3327);
#3325 = CARTESIAN_POINT('',(4.534985258196,-50.37043755088,
    2.6645352591E-15));
#3326 = DIRECTION('',(0.,0.,1.));
#3327 = DIRECTION('',(-2.22044604925E-16,-1.,0.));
#3328 = ORIENTED_EDGE('',*,*,#3329,.T.);
#3329 = EDGE_CURVE('',#3321,#1273,#3330,.T.);
#3330 = LINE('',#3331,#3332);
#3331 = CARTESIAN_POINT('',(4.67,-24.9375,2.6645352591E-15));
#3332 = VECTOR('',#3333,1.);
#3333 = DIRECTION('',(6.772751925858E-32,1.,9.325390278557E-33));
#3334 = ORIENTED_EDGE('',*,*,#1272,.T.);
#3335 = ORIENTED_EDGE('',*,*,#3336,.T.);
#3336 = EDGE_CURVE('',#1265,#3337,#3339,.T.);
#3337 = VERTEX_POINT('',#3338);
#3338 = CARTESIAN_POINT('',(9.903030277982,-48.77549836652,0.));
#3339 = CIRCLE('',#3340,2.200498366529);
#3340 = AXIS2_PLACEMENT_3D('',#3341,#3342,#3343);
#3341 = CARTESIAN_POINT('',(9.903030277982,-46.575,0.));
#3342 = DIRECTION('',(0.,0.,1.));
#3343 = DIRECTION('',(1.,0.,0.));
#3344 = ORIENTED_EDGE('',*,*,#3345,.T.);
#3345 = EDGE_CURVE('',#3337,#3346,#3348,.T.);
#3346 = VERTEX_POINT('',#3347);
#3347 = CARTESIAN_POINT('',(23.5,-48.77549836652,0.));
#3348 = LINE('',#3349,#3350);
#3349 = CARTESIAN_POINT('',(9.903030277982,-48.77549836652,0.));
#3350 = VECTOR('',#3351,1.);
#3351 = DIRECTION('',(1.,-2.612871655548E-15,0.));
#3352 = ORIENTED_EDGE('',*,*,#3353,.T.);
#3353 = EDGE_CURVE('',#3346,#3354,#3356,.T.);
#3354 = VERTEX_POINT('',#3355);
#3355 = CARTESIAN_POINT('',(27.700498366529,-44.575,0.));
#3356 = CIRCLE('',#3357,4.200498366529);
#3357 = AXIS2_PLACEMENT_3D('',#3358,#3359,#3360);
#3358 = CARTESIAN_POINT('',(23.5,-44.575,0.));
#3359 = DIRECTION('',(0.,0.,1.));
#3360 = DIRECTION('',(1.,0.,0.));
#3361 = ORIENTED_EDGE('',*,*,#3362,.F.);
#3362 = EDGE_CURVE('',#3245,#3354,#3363,.T.);
#3363 = LINE('',#3364,#3365);
#3364 = CARTESIAN_POINT('',(27.700498366529,10.648912612068,0.));
#3365 = VECTOR('',#3366,1.);
#3366 = DIRECTION('',(7.076617468474E-16,-1.,0.));
#3367 = ORIENTED_EDGE('',*,*,#3254,.T.);
#3368 = ORIENTED_EDGE('',*,*,#1200,.T.);
#3369 = ORIENTED_EDGE('',*,*,#3370,.T.);
#3370 = EDGE_CURVE('',#1193,#3371,#3373,.T.);
#3371 = VERTEX_POINT('',#3372);
#3372 = CARTESIAN_POINT('',(27.4,15.675,0.));
#3373 = CIRCLE('',#3374,1.987008094938);
#3374 = AXIS2_PLACEMENT_3D('',#3375,#3376,#3377);
#3375 = CARTESIAN_POINT('',(25.413008055771,15.66698857569,0.));
#3376 = DIRECTION('',(0.,0.,1.));
#3377 = DIRECTION('',(1.,0.,0.));
#3378 = ORIENTED_EDGE('',*,*,#3379,.F.);
#3379 = EDGE_CURVE('',#3272,#3371,#3380,.T.);
#3380 = LINE('',#3381,#3382);
#3381 = CARTESIAN_POINT('',(27.302830342902,39.774999999994,0.));
#3382 = VECTOR('',#3383,1.);
#3383 = DIRECTION('',(4.03190320696E-03,-0.999991871845,0.));
#3384 = PLANE('',#3385);
#3385 = AXIS2_PLACEMENT_3D('',#3386,#3387,#3388);
#3386 = CARTESIAN_POINT('',(1.489891537578E-15,7.449457687891E-16,
    2.6645352591E-15));
#3387 = DIRECTION('',(-3.145985270247E-33,9.325390278557E-33,-1.));
#3388 = DIRECTION('',(-2.086767836727E-81,-1.,-9.325390278557E-33));
#3389 = ADVANCED_FACE('',(#3390),#3403,.F.);
#3390 = FACE_BOUND('',#3391,.T.);
#3391 = EDGE_LOOP('',(#3392,#3393,#3399,#3400,#3401,#3402));
#3392 = ORIENTED_EDGE('',*,*,#1831,.T.);
#3393 = ORIENTED_EDGE('',*,*,#3394,.F.);
#3394 = EDGE_CURVE('',#3371,#1832,#3395,.T.);
#3395 = LINE('',#3396,#3397);
#3396 = CARTESIAN_POINT('',(27.4,15.675,0.));
#3397 = VECTOR('',#3398,1.);
#3398 = DIRECTION('',(0.,0.,1.));
#3399 = ORIENTED_EDGE('',*,*,#3370,.F.);
#3400 = ORIENTED_EDGE('',*,*,#1192,.T.);
#3401 = ORIENTED_EDGE('',*,*,#1784,.T.);
#3402 = ORIENTED_EDGE('',*,*,#1815,.F.);
#3403 = CYLINDRICAL_SURFACE('',#3404,1.987008094938);
#3404 = AXIS2_PLACEMENT_3D('',#3405,#3406,#3407);
#3405 = CARTESIAN_POINT('',(25.413008055771,15.66698857569,0.));
#3406 = DIRECTION('',(-0.,-0.,-1.));
#3407 = DIRECTION('',(1.,0.,0.));
#3408 = ADVANCED_FACE('',(#3409),#3420,.F.);
#3409 = FACE_BOUND('',#3410,.T.);
#3410 = EDGE_LOOP('',(#3411,#3417,#3418,#3419));
#3411 = ORIENTED_EDGE('',*,*,#3412,.T.);
#3412 = EDGE_CURVE('',#3056,#3165,#3413,.T.);
#3413 = LINE('',#3414,#3415);
#3414 = CARTESIAN_POINT('',(-9.703030277982,-48.77549836652,0.));
#3415 = VECTOR('',#3416,1.);
#3416 = DIRECTION('',(0.,0.,1.));
#3417 = ORIENTED_EDGE('',*,*,#3172,.T.);
#3418 = ORIENTED_EDGE('',*,*,#1330,.F.);
#3419 = ORIENTED_EDGE('',*,*,#3063,.F.);
#3420 = CYLINDRICAL_SURFACE('',#3421,2.200498366529);
#3421 = AXIS2_PLACEMENT_3D('',#3422,#3423,#3424);
#3422 = CARTESIAN_POINT('',(-9.703030277982,-46.575,0.));
#3423 = DIRECTION('',(-0.,-0.,-1.));
#3424 = DIRECTION('',(1.,0.,0.));
#3425 = ADVANCED_FACE('',(#3426),#3444,.T.);
#3426 = FACE_BOUND('',#3427,.T.);
#3427 = EDGE_LOOP('',(#3428,#3436,#3437,#3438));
#3428 = ORIENTED_EDGE('',*,*,#3429,.T.);
#3429 = EDGE_CURVE('',#3430,#3072,#3432,.T.);
#3430 = VERTEX_POINT('',#3431);
#3431 = CARTESIAN_POINT('',(-4.47,-48.375,0.235));
#3432 = LINE('',#3433,#3434);
#3433 = CARTESIAN_POINT('',(-4.47,-48.375,-0.365));
#3434 = VECTOR('',#3435,1.);
#3435 = DIRECTION('',(4.314083075427E-32,-3.330669073875E-16,-1.));
#3436 = ORIENTED_EDGE('',*,*,#3071,.F.);
#3437 = ORIENTED_EDGE('',*,*,#1314,.T.);
#3438 = ORIENTED_EDGE('',*,*,#3439,.F.);
#3439 = EDGE_CURVE('',#3430,#1306,#3440,.T.);
#3440 = LINE('',#3441,#3442);
#3441 = CARTESIAN_POINT('',(-4.47,-49.875,0.235));
#3442 = VECTOR('',#3443,1.);
#3443 = DIRECTION('',(6.772751925858E-32,1.,4.069443519729E-31));
#3444 = PLANE('',#3445);
#3445 = AXIS2_PLACEMENT_3D('',#3446,#3447,#3448);
#3446 = CARTESIAN_POINT('',(-4.47,-49.875,-0.365));
#3447 = DIRECTION('',(1.,-6.772751925858E-32,1.503853025632E-47));
#3448 = DIRECTION('',(0.,2.22044604925E-16,1.));
#3449 = ADVANCED_FACE('',(#3450),#3469,.F.);
#3450 = FACE_BOUND('',#3451,.F.);
#3451 = EDGE_LOOP('',(#3452,#3461,#3467,#3468));
#3452 = ORIENTED_EDGE('',*,*,#3453,.F.);
#3453 = EDGE_CURVE('',#3454,#3430,#3456,.T.);
#3454 = VERTEX_POINT('',#3455);
#3455 = CARTESIAN_POINT('',(-3.09,-48.375,1.615));
#3456 = CIRCLE('',#3457,1.38);
#3457 = AXIS2_PLACEMENT_3D('',#3458,#3459,#3460);
#3458 = CARTESIAN_POINT('',(-3.09,-48.375,0.235));
#3459 = DIRECTION('',(0.,-1.,0.));
#3460 = DIRECTION('',(1.,0.,-1.930822651522E-15));
#3461 = ORIENTED_EDGE('',*,*,#3462,.T.);
#3462 = EDGE_CURVE('',#3454,#1298,#3463,.T.);
#3463 = LINE('',#3464,#3465);
#3464 = CARTESIAN_POINT('',(-3.09,-49.875,1.615));
#3465 = VECTOR('',#3466,1.);
#3466 = DIRECTION('',(6.772751925858E-32,1.,4.069443519729E-31));
#3467 = ORIENTED_EDGE('',*,*,#1305,.T.);
#3468 = ORIENTED_EDGE('',*,*,#3439,.F.);
#3469 = CYLINDRICAL_SURFACE('',#3470,1.38);
#3470 = AXIS2_PLACEMENT_3D('',#3471,#3472,#3473);
#3471 = CARTESIAN_POINT('',(-3.09,-49.875,0.235));
#3472 = DIRECTION('',(0.,-1.,2.22044604925E-16));
#3473 = DIRECTION('',(1.,0.,0.));
#3474 = ADVANCED_FACE('',(#3475),#3493,.T.);
#3475 = FACE_BOUND('',#3476,.T.);
#3476 = EDGE_LOOP('',(#3477,#3485,#3486,#3487));
#3477 = ORIENTED_EDGE('',*,*,#3478,.T.);
#3478 = EDGE_CURVE('',#3479,#3454,#3481,.T.);
#3479 = VERTEX_POINT('',#3480);
#3480 = CARTESIAN_POINT('',(3.29,-48.375,1.615));
#3481 = LINE('',#3482,#3483);
#3482 = CARTESIAN_POINT('',(-3.09,-48.375,1.615));
#3483 = VECTOR('',#3484,1.);
#3484 = DIRECTION('',(-1.,-1.110223024625E-16,-1.438027691809E-32));
#3485 = ORIENTED_EDGE('',*,*,#3462,.T.);
#3486 = ORIENTED_EDGE('',*,*,#1297,.T.);
#3487 = ORIENTED_EDGE('',*,*,#3488,.F.);
#3488 = EDGE_CURVE('',#3479,#1289,#3489,.T.);
#3489 = LINE('',#3490,#3491);
#3490 = CARTESIAN_POINT('',(3.29,-49.875,1.615));
#3491 = VECTOR('',#3492,1.);
#3492 = DIRECTION('',(6.772751925858E-32,1.,4.069443519729E-31));
#3493 = PLANE('',#3494);
#3494 = AXIS2_PLACEMENT_3D('',#3495,#3496,#3497);
#3495 = CARTESIAN_POINT('',(-3.09,-49.875,1.615));
#3496 = DIRECTION('',(0.,4.069443519729E-31,-1.));
#3497 = DIRECTION('',(1.,0.,0.));
#3498 = ADVANCED_FACE('',(#3499),#3518,.F.);
#3499 = FACE_BOUND('',#3500,.F.);
#3500 = EDGE_LOOP('',(#3501,#3510,#3516,#3517));
#3501 = ORIENTED_EDGE('',*,*,#3502,.F.);
#3502 = EDGE_CURVE('',#3503,#3479,#3505,.T.);
#3503 = VERTEX_POINT('',#3504);
#3504 = CARTESIAN_POINT('',(4.67,-48.375,0.235));
#3505 = CIRCLE('',#3506,1.38);
#3506 = AXIS2_PLACEMENT_3D('',#3507,#3508,#3509);
#3507 = CARTESIAN_POINT('',(3.29,-48.375,0.235));
#3508 = DIRECTION('',(0.,-1.,0.));
#3509 = DIRECTION('',(1.,0.,-1.930822651522E-15));
#3510 = ORIENTED_EDGE('',*,*,#3511,.T.);
#3511 = EDGE_CURVE('',#3503,#1281,#3512,.T.);
#3512 = LINE('',#3513,#3514);
#3513 = CARTESIAN_POINT('',(4.67,-49.875,0.235));
#3514 = VECTOR('',#3515,1.);
#3515 = DIRECTION('',(6.772751925858E-32,1.,4.069443519729E-31));
#3516 = ORIENTED_EDGE('',*,*,#1288,.T.);
#3517 = ORIENTED_EDGE('',*,*,#3488,.F.);
#3518 = CYLINDRICAL_SURFACE('',#3519,1.38);
#3519 = AXIS2_PLACEMENT_3D('',#3520,#3521,#3522);
#3520 = CARTESIAN_POINT('',(3.29,-49.875,0.235));
#3521 = DIRECTION('',(0.,-1.,2.22044604925E-16));
#3522 = DIRECTION('',(1.,0.,0.));
#3523 = ADVANCED_FACE('',(#3524),#3535,.T.);
#3524 = FACE_BOUND('',#3525,.T.);
#3525 = EDGE_LOOP('',(#3526,#3532,#3533,#3534));
#3526 = ORIENTED_EDGE('',*,*,#3527,.T.);
#3527 = EDGE_CURVE('',#3321,#3503,#3528,.T.);
#3528 = LINE('',#3529,#3530);
#3529 = CARTESIAN_POINT('',(4.67,-48.375,0.235));
#3530 = VECTOR('',#3531,1.);
#3531 = DIRECTION('',(1.438027691809E-32,1.110223024625E-16,1.));
#3532 = ORIENTED_EDGE('',*,*,#3511,.T.);
#3533 = ORIENTED_EDGE('',*,*,#1280,.T.);
#3534 = ORIENTED_EDGE('',*,*,#3329,.F.);
#3535 = PLANE('',#3536);
#3536 = AXIS2_PLACEMENT_3D('',#3537,#3538,#3539);
#3537 = CARTESIAN_POINT('',(4.67,-49.875,0.235));
#3538 = DIRECTION('',(-1.,6.772751925858E-32,-1.503853025632E-47));
#3539 = DIRECTION('',(0.,-2.22044604925E-16,-1.));
#3540 = ADVANCED_FACE('',(#3541),#3552,.F.);
#3541 = FACE_BOUND('',#3542,.T.);
#3542 = EDGE_LOOP('',(#3543,#3544,#3545,#3551));
#3543 = ORIENTED_EDGE('',*,*,#1264,.T.);
#3544 = ORIENTED_EDGE('',*,*,#3204,.T.);
#3545 = ORIENTED_EDGE('',*,*,#3546,.F.);
#3546 = EDGE_CURVE('',#3337,#3205,#3547,.T.);
#3547 = LINE('',#3548,#3549);
#3548 = CARTESIAN_POINT('',(9.903030277982,-48.77549836652,0.));
#3549 = VECTOR('',#3550,1.);
#3550 = DIRECTION('',(0.,0.,1.));
#3551 = ORIENTED_EDGE('',*,*,#3336,.F.);
#3552 = CYLINDRICAL_SURFACE('',#3553,2.200498366529);
#3553 = AXIS2_PLACEMENT_3D('',#3554,#3555,#3556);
#3554 = CARTESIAN_POINT('',(9.903030277982,-46.575,0.));
#3555 = DIRECTION('',(-0.,-0.,-1.));
#3556 = DIRECTION('',(1.,0.,0.));
#3557 = ADVANCED_FACE('',(#3558),#3577,.F.);
#3558 = FACE_BOUND('',#3559,.T.);
#3559 = EDGE_LOOP('',(#3560,#3569,#3575,#3576));
#3560 = ORIENTED_EDGE('',*,*,#3561,.T.);
#3561 = EDGE_CURVE('',#3562,#3562,#3564,.T.);
#3562 = VERTEX_POINT('',#3563);
#3563 = CARTESIAN_POINT('',(25.3,-44.475,11.6));
#3564 = CIRCLE('',#3565,1.9);
#3565 = AXIS2_PLACEMENT_3D('',#3566,#3567,#3568);
#3566 = CARTESIAN_POINT('',(23.4,-44.475,11.6));
#3567 = DIRECTION('',(0.,0.,1.));
#3568 = DIRECTION('',(1.,0.,0.));
#3569 = ORIENTED_EDGE('',*,*,#3570,.T.);
#3570 = EDGE_CURVE('',#3562,#1371,#3571,.T.);
#3571 = LINE('',#3572,#3573);
#3572 = CARTESIAN_POINT('',(25.3,-44.475,11.6));
#3573 = VECTOR('',#3574,1.);
#3574 = DIRECTION('',(-0.707106781187,0.,-0.707106781187));
#3575 = ORIENTED_EDGE('',*,*,#1378,.F.);
#3576 = ORIENTED_EDGE('',*,*,#3570,.F.);
#3577 = CONICAL_SURFACE('',#3578,1.9,0.785398163397);
#3578 = AXIS2_PLACEMENT_3D('',#3579,#3580,#3581);
#3579 = CARTESIAN_POINT('',(23.4,-44.475,11.6));
#3580 = DIRECTION('',(0.,0.,1.));
#3581 = DIRECTION('',(1.,0.,0.));
#3582 = ADVANCED_FACE('',(#3583),#3602,.F.);
#3583 = FACE_BOUND('',#3584,.T.);
#3584 = EDGE_LOOP('',(#3585,#3594,#3600,#3601));
#3585 = ORIENTED_EDGE('',*,*,#3586,.T.);
#3586 = EDGE_CURVE('',#3587,#3587,#3589,.T.);
#3587 = VERTEX_POINT('',#3588);
#3588 = CARTESIAN_POINT('',(25.3,44.475,11.6));
#3589 = CIRCLE('',#3590,1.9);
#3590 = AXIS2_PLACEMENT_3D('',#3591,#3592,#3593);
#3591 = CARTESIAN_POINT('',(23.4,44.475,11.6));
#3592 = DIRECTION('',(0.,0.,1.));
#3593 = DIRECTION('',(1.,0.,0.));
#3594 = ORIENTED_EDGE('',*,*,#3595,.T.);
#3595 = EDGE_CURVE('',#3587,#1396,#3596,.T.);
#3596 = LINE('',#3597,#3598);
#3597 = CARTESIAN_POINT('',(25.3,44.475,11.6));
#3598 = VECTOR('',#3599,1.);
#3599 = DIRECTION('',(-0.707106781187,0.,-0.707106781187));
#3600 = ORIENTED_EDGE('',*,*,#1403,.F.);
#3601 = ORIENTED_EDGE('',*,*,#3595,.F.);
#3602 = CONICAL_SURFACE('',#3603,1.9,0.785398163397);
#3603 = AXIS2_PLACEMENT_3D('',#3604,#3605,#3606);
#3604 = CARTESIAN_POINT('',(23.4,44.475,11.6));
#3605 = DIRECTION('',(0.,0.,1.));
#3606 = DIRECTION('',(1.,0.,0.));
#3607 = ADVANCED_FACE('',(#3608,#3616),#3627,.T.);
#3608 = FACE_BOUND('',#3609,.T.);
#3609 = EDGE_LOOP('',(#3610,#3611,#3612,#3613,#3614,#3615));
#3610 = ORIENTED_EDGE('',*,*,#1428,.F.);
#3611 = ORIENTED_EDGE('',*,*,#1545,.T.);
#3612 = ORIENTED_EDGE('',*,*,#1528,.F.);
#3613 = ORIENTED_EDGE('',*,*,#1504,.T.);
#3614 = ORIENTED_EDGE('',*,*,#1481,.F.);
#3615 = ORIENTED_EDGE('',*,*,#1457,.T.);
#3616 = FACE_BOUND('',#3617,.T.);
#3617 = EDGE_LOOP('',(#3618));
#3618 = ORIENTED_EDGE('',*,*,#3619,.F.);
#3619 = EDGE_CURVE('',#3620,#3620,#3622,.T.);
#3620 = VERTEX_POINT('',#3621);
#3621 = CARTESIAN_POINT('',(-20.,-22.1,8.));
#3622 = CIRCLE('',#3623,20.);
#3623 = AXIS2_PLACEMENT_3D('',#3624,#3625,#3626);
#3624 = CARTESIAN_POINT('',(0.,-22.1,8.));
#3625 = DIRECTION('',(0.,0.,-1.));
#3626 = DIRECTION('',(-1.,0.,0.));
#3627 = PLANE('',#3628);
#3628 = AXIS2_PLACEMENT_3D('',#3629,#3630,#3631);
#3629 = CARTESIAN_POINT('',(-20.,-2.1,8.));
#3630 = DIRECTION('',(0.,0.,-1.));
#3631 = DIRECTION('',(-1.,0.,0.));
#3632 = ADVANCED_FACE('',(#3633),#3652,.F.);
#3633 = FACE_BOUND('',#3634,.T.);
#3634 = EDGE_LOOP('',(#3635,#3644,#3650,#3651));
#3635 = ORIENTED_EDGE('',*,*,#3636,.T.);
#3636 = EDGE_CURVE('',#3637,#3637,#3639,.T.);
#3637 = VERTEX_POINT('',#3638);
#3638 = CARTESIAN_POINT('',(-21.5,-44.475,11.6));
#3639 = CIRCLE('',#3640,1.9);
#3640 = AXIS2_PLACEMENT_3D('',#3641,#3642,#3643);
#3641 = CARTESIAN_POINT('',(-23.4,-44.475,11.6));
#3642 = DIRECTION('',(0.,0.,1.));
#3643 = DIRECTION('',(1.,0.,0.));
#3644 = ORIENTED_EDGE('',*,*,#3645,.T.);
#3645 = EDGE_CURVE('',#3637,#1562,#3646,.T.);
#3646 = LINE('',#3647,#3648);
#3647 = CARTESIAN_POINT('',(-21.5,-44.475,11.6));
#3648 = VECTOR('',#3649,1.);
#3649 = DIRECTION('',(-0.707106781187,0.,-0.707106781187));
#3650 = ORIENTED_EDGE('',*,*,#1569,.F.);
#3651 = ORIENTED_EDGE('',*,*,#3645,.F.);
#3652 = CONICAL_SURFACE('',#3653,1.9,0.785398163397);
#3653 = AXIS2_PLACEMENT_3D('',#3654,#3655,#3656);
#3654 = CARTESIAN_POINT('',(-23.4,-44.475,11.6));
#3655 = DIRECTION('',(0.,0.,1.));
#3656 = DIRECTION('',(1.,0.,0.));
#3657 = ADVANCED_FACE('',(#3658),#3677,.F.);
#3658 = FACE_BOUND('',#3659,.T.);
#3659 = EDGE_LOOP('',(#3660,#3669,#3675,#3676));
#3660 = ORIENTED_EDGE('',*,*,#3661,.T.);
#3661 = EDGE_CURVE('',#3662,#3662,#3664,.T.);
#3662 = VERTEX_POINT('',#3663);
#3663 = CARTESIAN_POINT('',(-21.5,44.475,11.6));
#3664 = CIRCLE('',#3665,1.9);
#3665 = AXIS2_PLACEMENT_3D('',#3666,#3667,#3668);
#3666 = CARTESIAN_POINT('',(-23.4,44.475,11.6));
#3667 = DIRECTION('',(0.,0.,1.));
#3668 = DIRECTION('',(1.,0.,0.));
#3669 = ORIENTED_EDGE('',*,*,#3670,.T.);
#3670 = EDGE_CURVE('',#3662,#1587,#3671,.T.);
#3671 = LINE('',#3672,#3673);
#3672 = CARTESIAN_POINT('',(-21.5,44.475,11.6));
#3673 = VECTOR('',#3674,1.);
#3674 = DIRECTION('',(-0.707106781187,0.,-0.707106781187));
#3675 = ORIENTED_EDGE('',*,*,#1594,.F.);
#3676 = ORIENTED_EDGE('',*,*,#3670,.F.);
#3677 = CONICAL_SURFACE('',#3678,1.9,0.785398163397);
#3678 = AXIS2_PLACEMENT_3D('',#3679,#3680,#3681);
#3679 = CARTESIAN_POINT('',(-23.4,44.475,11.6));
#3680 = DIRECTION('',(0.,0.,1.));
#3681 = DIRECTION('',(1.,0.,0.));
#3682 = ADVANCED_FACE('',(#3683),#3708,.T.);
#3683 = FACE_BOUND('',#3684,.T.);
#3684 = EDGE_LOOP('',(#3685,#3686,#3694,#3702));
#3685 = ORIENTED_EDGE('',*,*,#1697,.T.);
#3686 = ORIENTED_EDGE('',*,*,#3687,.T.);
#3687 = EDGE_CURVE('',#1666,#3688,#3690,.T.);
#3688 = VERTEX_POINT('',#3689);
#3689 = CARTESIAN_POINT('',(19.3,42.205,10.6));
#3690 = LINE('',#3691,#3692);
#3691 = CARTESIAN_POINT('',(19.3,42.205,7.6));
#3692 = VECTOR('',#3693,1.);
#3693 = DIRECTION('',(4.30889522856E-33,7.792208940003E-33,1.));
#3694 = ORIENTED_EDGE('',*,*,#3695,.T.);
#3695 = EDGE_CURVE('',#3688,#3696,#3698,.T.);
#3696 = VERTEX_POINT('',#3697);
#3697 = CARTESIAN_POINT('',(-20.8,42.205,10.6));
#3698 = LINE('',#3699,#3700);
#3699 = CARTESIAN_POINT('',(19.3,42.205,10.6));
#3700 = VECTOR('',#3701,1.);
#3701 = DIRECTION('',(-1.,0.,0.));
#3702 = ORIENTED_EDGE('',*,*,#3703,.F.);
#3703 = EDGE_CURVE('',#1688,#3696,#3704,.T.);
#3704 = LINE('',#3705,#3706);
#3705 = CARTESIAN_POINT('',(-20.8,42.205,7.6));
#3706 = VECTOR('',#3707,1.);
#3707 = DIRECTION('',(4.30889522856E-33,7.792208940003E-33,1.));
#3708 = PLANE('',#3709);
#3709 = AXIS2_PLACEMENT_3D('',#3710,#3711,#3712);
#3710 = CARTESIAN_POINT('',(19.3,42.205,7.6));
#3711 = DIRECTION('',(0.,-1.,7.792208940003E-33));
#3712 = DIRECTION('',(-1.,0.,0.));
#3713 = ADVANCED_FACE('',(#3714),#3733,.F.);
#3714 = FACE_BOUND('',#3715,.F.);
#3715 = EDGE_LOOP('',(#3716,#3717,#3718,#3727));
#3716 = ORIENTED_EDGE('',*,*,#2448,.F.);
#3717 = ORIENTED_EDGE('',*,*,#1732,.T.);
#3718 = ORIENTED_EDGE('',*,*,#3719,.T.);
#3719 = EDGE_CURVE('',#1724,#3720,#3722,.T.);
#3720 = VERTEX_POINT('',#3721);
#3721 = CARTESIAN_POINT('',(19.3,38.205,10.1));
#3722 = ELLIPSE('',#3723,2.828427124746,2.);
#3723 = AXIS2_PLACEMENT_3D('',#3724,#3725,#3726);
#3724 = CARTESIAN_POINT('',(19.3,40.205,10.1));
#3725 = DIRECTION('',(-0.707106781187,5.827188984665E-19,-0.707106781187
    ));
#3726 = DIRECTION('',(0.707106781187,-5.827188984665E-19,-0.707106781187
    ));
#3727 = ORIENTED_EDGE('',*,*,#3728,.F.);
#3728 = EDGE_CURVE('',#2405,#3720,#3729,.T.);
#3729 = LINE('',#3730,#3731);
#3730 = CARTESIAN_POINT('',(19.3,7.105,10.1));
#3731 = VECTOR('',#3732,1.);
#3732 = DIRECTION('',(2.988436239543E-65,1.,6.935504534283E-33));
#3733 = PLANE('',#3734);
#3734 = AXIS2_PLACEMENT_3D('',#3735,#3736,#3737);
#3735 = CARTESIAN_POINT('',(19.425,7.105,9.975));
#3736 = DIRECTION('',(0.707106781187,-5.827188984665E-19,0.707106781187)
  );
#3737 = DIRECTION('',(4.120444846312E-19,1.,4.120444846312E-19));
#3738 = ADVANCED_FACE('',(#3739),#3759,.F.);
#3739 = FACE_BOUND('',#3740,.F.);
#3740 = EDGE_LOOP('',(#3741,#3742,#3743,#3752,#3758));
#3741 = ORIENTED_EDGE('',*,*,#1723,.F.);
#3742 = ORIENTED_EDGE('',*,*,#3687,.T.);
#3743 = ORIENTED_EDGE('',*,*,#3744,.T.);
#3744 = EDGE_CURVE('',#3688,#3745,#3747,.T.);
#3745 = VERTEX_POINT('',#3746);
#3746 = CARTESIAN_POINT('',(19.3,38.205,10.6));
#3747 = CIRCLE('',#3748,2.);
#3748 = AXIS2_PLACEMENT_3D('',#3749,#3750,#3751);
#3749 = CARTESIAN_POINT('',(19.3,40.205,10.6));
#3750 = DIRECTION('',(0.,0.,-1.));
#3751 = DIRECTION('',(-1.,0.,0.));
#3752 = ORIENTED_EDGE('',*,*,#3753,.F.);
#3753 = EDGE_CURVE('',#3720,#3745,#3754,.T.);
#3754 = LINE('',#3755,#3756);
#3755 = CARTESIAN_POINT('',(19.3,38.205,7.6));
#3756 = VECTOR('',#3757,1.);
#3757 = DIRECTION('',(4.30889522856E-33,7.792208940003E-33,1.));
#3758 = ORIENTED_EDGE('',*,*,#3719,.F.);
#3759 = CYLINDRICAL_SURFACE('',#3760,2.);
#3760 = AXIS2_PLACEMENT_3D('',#3761,#3762,#3763);
#3761 = CARTESIAN_POINT('',(19.3,40.205,7.6));
#3762 = DIRECTION('',(0.,0.,-1.));
#3763 = DIRECTION('',(-1.,0.,0.));
#3764 = ADVANCED_FACE('',(#3765),#3784,.F.);
#3765 = FACE_BOUND('',#3766,.F.);
#3766 = EDGE_LOOP('',(#3767,#3768,#3776,#3783));
#3767 = ORIENTED_EDGE('',*,*,#1765,.F.);
#3768 = ORIENTED_EDGE('',*,*,#3769,.T.);
#3769 = EDGE_CURVE('',#1758,#3770,#3772,.T.);
#3770 = VERTEX_POINT('',#3771);
#3771 = CARTESIAN_POINT('',(-20.8,38.205,10.6));
#3772 = LINE('',#3773,#3774);
#3773 = CARTESIAN_POINT('',(-20.8,38.205,7.6));
#3774 = VECTOR('',#3775,1.);
#3775 = DIRECTION('',(4.30889522856E-33,7.792208940003E-33,1.));
#3776 = ORIENTED_EDGE('',*,*,#3777,.T.);
#3777 = EDGE_CURVE('',#3770,#3696,#3778,.T.);
#3778 = CIRCLE('',#3779,2.);
#3779 = AXIS2_PLACEMENT_3D('',#3780,#3781,#3782);
#3780 = CARTESIAN_POINT('',(-20.8,40.205,10.6));
#3781 = DIRECTION('',(0.,0.,-1.));
#3782 = DIRECTION('',(-1.,0.,0.));
#3783 = ORIENTED_EDGE('',*,*,#3703,.F.);
#3784 = CYLINDRICAL_SURFACE('',#3785,2.);
#3785 = AXIS2_PLACEMENT_3D('',#3786,#3787,#3788);
#3786 = CARTESIAN_POINT('',(-20.8,40.205,7.6));
#3787 = DIRECTION('',(0.,0.,-1.));
#3788 = DIRECTION('',(-1.,0.,0.));
#3789 = ADVANCED_FACE('',(#3790),#3826,.F.);
#3790 = FACE_BOUND('',#3791,.F.);
#3791 = EDGE_LOOP('',(#3792,#3793,#3799,#3800,#3801,#3802,#3811,#3819));
#3792 = ORIENTED_EDGE('',*,*,#1931,.F.);
#3793 = ORIENTED_EDGE('',*,*,#3794,.T.);
#3794 = EDGE_CURVE('',#1932,#1841,#3795,.T.);
#3795 = LINE('',#3796,#3797);
#3796 = CARTESIAN_POINT('',(27.302830342902,39.774999999994,0.));
#3797 = VECTOR('',#3798,1.);
#3798 = DIRECTION('',(0.,0.,1.));
#3799 = ORIENTED_EDGE('',*,*,#1840,.T.);
#3800 = ORIENTED_EDGE('',*,*,#3394,.F.);
#3801 = ORIENTED_EDGE('',*,*,#3379,.F.);
#3802 = ORIENTED_EDGE('',*,*,#3803,.F.);
#3803 = EDGE_CURVE('',#3804,#3272,#3806,.T.);
#3804 = VERTEX_POINT('',#3805);
#3805 = CARTESIAN_POINT('',(27.370566867352,22.975,4.1));
#3806 = ELLIPSE('',#3807,4.100033325705,4.1);
#3807 = AXIS2_PLACEMENT_3D('',#3808,#3809,#3810);
#3808 = CARTESIAN_POINT('',(27.370566867352,22.975,0.));
#3809 = DIRECTION('',(0.999991871845,4.03190320696E-03,-0.));
#3810 = DIRECTION('',(-4.03190320696E-03,0.999991871845,0.));
#3811 = ORIENTED_EDGE('',*,*,#3812,.F.);
#3812 = EDGE_CURVE('',#3813,#3804,#3815,.T.);
#3813 = VERTEX_POINT('',#3814);
#3814 = CARTESIAN_POINT('',(27.33226347555,32.475,4.1));
#3815 = LINE('',#3816,#3817);
#3816 = CARTESIAN_POINT('',(27.317538518863,36.127080976291,4.1));
#3817 = VECTOR('',#3818,1.);
#3818 = DIRECTION('',(4.03190320696E-03,-0.999991871845,0.));
#3819 = ORIENTED_EDGE('',*,*,#3820,.F.);
#3820 = EDGE_CURVE('',#1924,#3813,#3821,.T.);
#3821 = ELLIPSE('',#3822,4.100033325705,4.1);
#3822 = AXIS2_PLACEMENT_3D('',#3823,#3824,#3825);
#3823 = CARTESIAN_POINT('',(27.33226347555,32.475,0.));
#3824 = DIRECTION('',(0.999991871845,4.03190320696E-03,-0.));
#3825 = DIRECTION('',(-4.03190320696E-03,0.999991871845,0.));
#3826 = PLANE('',#3827);
#3827 = AXIS2_PLACEMENT_3D('',#3828,#3829,#3830);
#3828 = CARTESIAN_POINT('',(27.302830342902,39.774999999994,0.));
#3829 = DIRECTION('',(0.999991871845,4.03190320696E-03,0.));
#3830 = DIRECTION('',(4.03190320696E-03,-0.999991871845,0.));
#3831 = ADVANCED_FACE('',(#3832),#3838,.T.);
#3832 = FACE_BOUND('',#3833,.T.);
#3833 = EDGE_LOOP('',(#3834,#3835,#3836,#3837));
#3834 = ORIENTED_EDGE('',*,*,#3794,.T.);
#3835 = ORIENTED_EDGE('',*,*,#1848,.T.);
#3836 = ORIENTED_EDGE('',*,*,#1873,.F.);
#3837 = ORIENTED_EDGE('',*,*,#1939,.F.);
#3838 = PLANE('',#3839);
#3839 = AXIS2_PLACEMENT_3D('',#3840,#3841,#3842);
#3840 = CARTESIAN_POINT('',(27.302830342902,39.774999999994,0.));
#3841 = DIRECTION('',(-0.999991871845,-4.031903206963E-03,0.));
#3842 = DIRECTION('',(-4.031903206963E-03,0.999991871845,0.));
#3843 = ADVANCED_FACE('',(#3844),#3862,.T.);
#3844 = FACE_BOUND('',#3845,.T.);
#3845 = EDGE_LOOP('',(#3846,#3847,#3848,#3856));
#3846 = ORIENTED_EDGE('',*,*,#1899,.T.);
#3847 = ORIENTED_EDGE('',*,*,#3769,.T.);
#3848 = ORIENTED_EDGE('',*,*,#3849,.T.);
#3849 = EDGE_CURVE('',#3770,#3850,#3852,.T.);
#3850 = VERTEX_POINT('',#3851);
#3851 = CARTESIAN_POINT('',(-20.8,7.105,10.6));
#3852 = LINE('',#3853,#3854);
#3853 = CARTESIAN_POINT('',(-20.8,38.205,10.6));
#3854 = VECTOR('',#3855,1.);
#3855 = DIRECTION('',(3.427054995627E-15,-1.,-0.));
#3856 = ORIENTED_EDGE('',*,*,#3857,.F.);
#3857 = EDGE_CURVE('',#1890,#3850,#3858,.T.);
#3858 = LINE('',#3859,#3860);
#3859 = CARTESIAN_POINT('',(-20.8,7.105,7.6));
#3860 = VECTOR('',#3861,1.);
#3861 = DIRECTION('',(4.30889522856E-33,7.792208940003E-33,1.));
#3862 = PLANE('',#3863);
#3863 = AXIS2_PLACEMENT_3D('',#3864,#3865,#3866);
#3864 = CARTESIAN_POINT('',(-20.8,38.205,7.6));
#3865 = DIRECTION('',(1.,3.427054995627E-15,-4.30889522856E-33));
#3866 = DIRECTION('',(3.427054995627E-15,-1.,0.));
#3867 = ADVANCED_FACE('',(#3868),#3895,.F.);
#3868 = FACE_BOUND('',#3869,.F.);
#3869 = EDGE_LOOP('',(#3870,#3871,#3880,#3888));
#3870 = ORIENTED_EDGE('',*,*,#1913,.F.);
#3871 = ORIENTED_EDGE('',*,*,#3872,.T.);
#3872 = EDGE_CURVE('',#1914,#3873,#3875,.T.);
#3873 = VERTEX_POINT('',#3874);
#3874 = CARTESIAN_POINT('',(28.55,32.475,4.1));
#3875 = CIRCLE('',#3876,4.1);
#3876 = AXIS2_PLACEMENT_3D('',#3877,#3878,#3879);
#3877 = CARTESIAN_POINT('',(28.55,32.475,0.));
#3878 = DIRECTION('',(1.,3.969972598024E-62,2.244078477742E-31));
#3879 = DIRECTION('',(-4.715482472592E-45,1.,2.101300163681E-14));
#3880 = ORIENTED_EDGE('',*,*,#3881,.T.);
#3881 = EDGE_CURVE('',#3873,#3882,#3884,.T.);
#3882 = VERTEX_POINT('',#3883);
#3883 = CARTESIAN_POINT('',(28.8,32.475,4.35));
#3884 = LINE('',#3885,#3886);
#3885 = CARTESIAN_POINT('',(28.55,32.475,4.1));
#3886 = VECTOR('',#3887,1.);
#3887 = DIRECTION('',(0.707106781187,-2.254398478189E-15,0.707106781187)
  );
#3888 = ORIENTED_EDGE('',*,*,#3889,.F.);
#3889 = EDGE_CURVE('',#1916,#3882,#3890,.T.);
#3890 = CIRCLE('',#3891,4.35);
#3891 = AXIS2_PLACEMENT_3D('',#3892,#3893,#3894);
#3892 = CARTESIAN_POINT('',(28.8,32.475,0.));
#3893 = DIRECTION('',(1.,3.969972598024E-62,2.244078477742E-31));
#3894 = DIRECTION('',(-4.715482472592E-45,1.,2.101300163681E-14));
#3895 = CONICAL_SURFACE('',#3896,4.1,0.785398163397);
#3896 = AXIS2_PLACEMENT_3D('',#3897,#3898,#3899);
#3897 = CARTESIAN_POINT('',(28.55,32.475,0.));
#3898 = DIRECTION('',(1.,0.,2.244078477742E-31));
#3899 = DIRECTION('',(-4.715482472592E-45,1.,2.101300163681E-14));
#3900 = ADVANCED_FACE('',(#3901),#3943,.T.);
#3901 = FACE_BOUND('',#3902,.T.);
#3902 = EDGE_LOOP('',(#3903,#3904,#3912,#3920,#3926,#3927,#3936,#3942));
#3903 = ORIENTED_EDGE('',*,*,#2023,.T.);
#3904 = ORIENTED_EDGE('',*,*,#3905,.F.);
#3905 = EDGE_CURVE('',#3906,#2015,#3908,.T.);
#3906 = VERTEX_POINT('',#3907);
#3907 = CARTESIAN_POINT('',(28.8,44.575,10.100000000004));
#3908 = LINE('',#3909,#3910);
#3909 = CARTESIAN_POINT('',(28.8,44.575,10.100000000004));
#3910 = VECTOR('',#3911,1.);
#3911 = DIRECTION('',(2.244078477742E-31,2.22044604925E-16,-1.));
#3912 = ORIENTED_EDGE('',*,*,#3913,.F.);
#3913 = EDGE_CURVE('',#3914,#3906,#3916,.T.);
#3914 = VERTEX_POINT('',#3915);
#3915 = CARTESIAN_POINT('',(28.8,-44.575,10.100000000004));
#3916 = LINE('',#3917,#3918);
#3917 = CARTESIAN_POINT('',(28.8,44.575,10.100000000004));
#3918 = VECTOR('',#3919,1.);
#3919 = DIRECTION('',(3.942992473463E-16,1.,-3.942992473452E-16));
#3920 = ORIENTED_EDGE('',*,*,#3921,.F.);
#3921 = EDGE_CURVE('',#3288,#3914,#3922,.T.);
#3922 = LINE('',#3923,#3924);
#3923 = CARTESIAN_POINT('',(28.8,-44.575,10.100000000004));
#3924 = VECTOR('',#3925,1.);
#3925 = DIRECTION('',(0.,0.,1.));
#3926 = ORIENTED_EDGE('',*,*,#3287,.T.);
#3927 = ORIENTED_EDGE('',*,*,#3928,.F.);
#3928 = EDGE_CURVE('',#3929,#3280,#3931,.T.);
#3929 = VERTEX_POINT('',#3930);
#3930 = CARTESIAN_POINT('',(28.8,22.975,4.35));
#3931 = CIRCLE('',#3932,4.35);
#3932 = AXIS2_PLACEMENT_3D('',#3933,#3934,#3935);
#3933 = CARTESIAN_POINT('',(28.8,22.975,0.));
#3934 = DIRECTION('',(1.,0.,2.244078477742E-31));
#3935 = DIRECTION('',(-2.244078477742E-31,-3.466062125659E-15,1.));
#3936 = ORIENTED_EDGE('',*,*,#3937,.F.);
#3937 = EDGE_CURVE('',#3882,#3929,#3938,.T.);
#3938 = LINE('',#3939,#3940);
#3939 = CARTESIAN_POINT('',(28.8,32.475,4.35));
#3940 = VECTOR('',#3941,1.);
#3941 = DIRECTION('',(0.,-1.,0.));
#3942 = ORIENTED_EDGE('',*,*,#3889,.F.);
#3943 = PLANE('',#3944);
#3944 = AXIS2_PLACEMENT_3D('',#3945,#3946,#3947);
#3945 = CARTESIAN_POINT('',(28.8,44.575,10.100000000004));
#3946 = DIRECTION('',(1.,0.,2.244078477742E-31));
#3947 = DIRECTION('',(2.244078477742E-31,2.22044604925E-16,-1.));
#3948 = ADVANCED_FACE('',(#3949),#3968,.T.);
#3949 = FACE_BOUND('',#3950,.T.);
#3950 = EDGE_LOOP('',(#3951,#3960,#3961,#3962));
#3951 = ORIENTED_EDGE('',*,*,#3952,.F.);
#3952 = EDGE_CURVE('',#3906,#3953,#3955,.T.);
#3953 = VERTEX_POINT('',#3954);
#3954 = CARTESIAN_POINT('',(23.5,49.875,10.100000000004));
#3955 = CIRCLE('',#3956,5.3);
#3956 = AXIS2_PLACEMENT_3D('',#3957,#3958,#3959);
#3957 = CARTESIAN_POINT('',(23.5,44.575,10.100000000004));
#3958 = DIRECTION('',(0.,0.,1.));
#3959 = DIRECTION('',(1.,0.,0.));
#3960 = ORIENTED_EDGE('',*,*,#3905,.T.);
#3961 = ORIENTED_EDGE('',*,*,#2014,.T.);
#3962 = ORIENTED_EDGE('',*,*,#3963,.T.);
#3963 = EDGE_CURVE('',#2007,#3953,#3964,.T.);
#3964 = LINE('',#3965,#3966);
#3965 = CARTESIAN_POINT('',(23.5,49.875,10.100000000004));
#3966 = VECTOR('',#3967,1.);
#3967 = DIRECTION('',(0.,0.,1.));
#3968 = CYLINDRICAL_SURFACE('',#3969,5.3);
#3969 = AXIS2_PLACEMENT_3D('',#3970,#3971,#3972);
#3970 = CARTESIAN_POINT('',(23.5,44.575,10.100000000004));
#3971 = DIRECTION('',(0.,0.,1.));
#3972 = DIRECTION('',(1.,0.,0.));
#3973 = ADVANCED_FACE('',(#3974),#4016,.T.);
#3974 = FACE_BOUND('',#3975,.T.);
#3975 = EDGE_LOOP('',(#3976,#3984,#3985,#3986,#3994,#4003,#4009,#4010));
#3976 = ORIENTED_EDGE('',*,*,#3977,.F.);
#3977 = EDGE_CURVE('',#3953,#3978,#3980,.T.);
#3978 = VERTEX_POINT('',#3979);
#3979 = CARTESIAN_POINT('',(-23.5,49.875,10.100000000004));
#3980 = LINE('',#3981,#3982);
#3981 = CARTESIAN_POINT('',(-23.5,49.875,10.100000000004));
#3982 = VECTOR('',#3983,1.);
#3983 = DIRECTION('',(-1.,5.244953423357E-16,-5.244953423342E-16));
#3984 = ORIENTED_EDGE('',*,*,#3963,.F.);
#3985 = ORIENTED_EDGE('',*,*,#2006,.T.);
#3986 = ORIENTED_EDGE('',*,*,#3987,.F.);
#3987 = EDGE_CURVE('',#3988,#1999,#3990,.T.);
#3988 = VERTEX_POINT('',#3989);
#3989 = CARTESIAN_POINT('',(17.73,49.875,0.23));
#3990 = LINE('',#3991,#3992);
#3991 = CARTESIAN_POINT('',(17.73,49.875,0.23));
#3992 = VECTOR('',#3993,1.);
#3993 = DIRECTION('',(3.18257126887E-15,1.158361210293E-15,-1.));
#3994 = ORIENTED_EDGE('',*,*,#3995,.F.);
#3995 = EDGE_CURVE('',#3996,#3988,#3998,.T.);
#3996 = VERTEX_POINT('',#3997);
#3997 = CARTESIAN_POINT('',(8.93,49.875,0.23));
#3998 = CIRCLE('',#3999,4.4);
#3999 = AXIS2_PLACEMENT_3D('',#4000,#4001,#4002);
#4000 = CARTESIAN_POINT('',(13.33,49.875,0.23));
#4001 = DIRECTION('',(0.,1.,0.));
#4002 = DIRECTION('',(-1.,0.,-8.665155314148E-16));
#4003 = ORIENTED_EDGE('',*,*,#4004,.F.);
#4004 = EDGE_CURVE('',#2260,#3996,#4005,.T.);
#4005 = LINE('',#4006,#4007);
#4006 = CARTESIAN_POINT('',(8.93,49.875,0.23));
#4007 = VECTOR('',#4008,1.);
#4008 = DIRECTION('',(-7.136376042146E-17,2.597428459856E-17,1.));
#4009 = ORIENTED_EDGE('',*,*,#2259,.T.);
#4010 = ORIENTED_EDGE('',*,*,#4011,.T.);
#4011 = EDGE_CURVE('',#2251,#3978,#4012,.T.);
#4012 = LINE('',#4013,#4014);
#4013 = CARTESIAN_POINT('',(-23.5,49.875,10.100000000004));
#4014 = VECTOR('',#4015,1.);
#4015 = DIRECTION('',(0.,0.,1.));
#4016 = PLANE('',#4017);
#4017 = AXIS2_PLACEMENT_3D('',#4018,#4019,#4020);
#4018 = CARTESIAN_POINT('',(-23.5,49.875,10.100000000004));
#4019 = DIRECTION('',(0.,1.,2.822265287234E-31));
#4020 = DIRECTION('',(-2.22044604925E-16,2.822265287234E-31,-1.));
#4021 = ADVANCED_FACE('',(#4022),#4040,.T.);
#4022 = FACE_BOUND('',#4023,.T.);
#4023 = EDGE_LOOP('',(#4024,#4032,#4038,#4039));
#4024 = ORIENTED_EDGE('',*,*,#4025,.F.);
#4025 = EDGE_CURVE('',#4026,#1990,#4028,.T.);
#4026 = VERTEX_POINT('',#4027);
#4027 = CARTESIAN_POINT('',(17.43,49.765808929721,0.23));
#4028 = LINE('',#4029,#4030);
#4029 = CARTESIAN_POINT('',(17.43,49.765808929721,0.23));
#4030 = VECTOR('',#4031,1.);
#4031 = DIRECTION('',(0.,0.,-1.));
#4032 = ORIENTED_EDGE('',*,*,#4033,.T.);
#4033 = EDGE_CURVE('',#4026,#3988,#4034,.T.);
#4034 = LINE('',#4035,#4036);
#4035 = CARTESIAN_POINT('',(17.43,49.765808929721,0.23));
#4036 = VECTOR('',#4037,1.);
#4037 = DIRECTION('',(0.939692620787,0.342020143324,9.293374066903E-16)
  );
#4038 = ORIENTED_EDGE('',*,*,#3987,.T.);
#4039 = ORIENTED_EDGE('',*,*,#1998,.F.);
#4040 = PLANE('',#4041);
#4041 = AXIS2_PLACEMENT_3D('',#4042,#4043,#4044);
#4042 = CARTESIAN_POINT('',(17.43,49.765808929721,0.23));
#4043 = DIRECTION('',(-0.342020143324,0.939692620787,0.));
#4044 = DIRECTION('',(0.939692620787,0.342020143324,3.38682160365E-15));
#4045 = ADVANCED_FACE('',(#4046),#4058,.F.);
#4046 = FACE_BOUND('',#4047,.F.);
#4047 = EDGE_LOOP('',(#4048,#4055,#4056,#4057));
#4048 = ORIENTED_EDGE('',*,*,#4049,.F.);
#4049 = EDGE_CURVE('',#2160,#4026,#4050,.T.);
#4050 = CIRCLE('',#4051,2.);
#4051 = AXIS2_PLACEMENT_3D('',#4052,#4053,#4054);
#4052 = CARTESIAN_POINT('',(16.2287164379,51.364845453203,0.23));
#4053 = DIRECTION('',(1.839393574334E-16,-0.,1.));
#4054 = DIRECTION('',(1.,0.,-1.839393574334E-16));
#4055 = ORIENTED_EDGE('',*,*,#2159,.T.);
#4056 = ORIENTED_EDGE('',*,*,#1989,.F.);
#4057 = ORIENTED_EDGE('',*,*,#4025,.F.);
#4058 = CYLINDRICAL_SURFACE('',#4059,2.);
#4059 = AXIS2_PLACEMENT_3D('',#4060,#4061,#4062);
#4060 = CARTESIAN_POINT('',(16.2287164379,51.364845453203,0.23));
#4061 = DIRECTION('',(0.,0.,-1.));
#4062 = DIRECTION('',(-1.,-8.182339021477E-31,-0.));
#4063 = ADVANCED_FACE('',(#4064),#4075,.F.);
#4064 = FACE_BOUND('',#4065,.F.);
#4065 = EDGE_LOOP('',(#4066,#4067,#4068,#4074));
#4066 = ORIENTED_EDGE('',*,*,#2142,.T.);
#4067 = ORIENTED_EDGE('',*,*,#2086,.T.);
#4068 = ORIENTED_EDGE('',*,*,#4069,.F.);
#4069 = EDGE_CURVE('',#1957,#2078,#4070,.T.);
#4070 = LINE('',#4071,#4072);
#4071 = CARTESIAN_POINT('',(23.513125100161,48.767525835689,0.));
#4072 = VECTOR('',#4073,1.);
#4073 = DIRECTION('',(0.,0.,1.));
#4074 = ORIENTED_EDGE('',*,*,#1965,.F.);
#4075 = PLANE('',#4076);
#4076 = AXIS2_PLACEMENT_3D('',#4077,#4078,#4079);
#4077 = CARTESIAN_POINT('',(20.969919113273,48.775487583479,0.));
#4078 = DIRECTION('',(3.130579597703E-03,0.999995099724,0.));
#4079 = DIRECTION('',(0.999995099724,-3.130579597703E-03,0.));
#4080 = ADVANCED_FACE('',(#4081),#4087,.F.);
#4081 = FACE_BOUND('',#4082,.T.);
#4082 = EDGE_LOOP('',(#4083,#4084,#4085,#4086));
#4083 = ORIENTED_EDGE('',*,*,#2047,.T.);
#4084 = ORIENTED_EDGE('',*,*,#2077,.T.);
#4085 = ORIENTED_EDGE('',*,*,#4069,.F.);
#4086 = ORIENTED_EDGE('',*,*,#1956,.F.);
#4087 = CYLINDRICAL_SURFACE('',#4088,4.192546380325);
#4088 = AXIS2_PLACEMENT_3D('',#4089,#4090,#4091);
#4089 = CARTESIAN_POINT('',(23.5,44.575,0.));
#4090 = DIRECTION('',(-0.,-0.,-1.));
#4091 = DIRECTION('',(1.,0.,0.));
#4092 = ADVANCED_FACE('',(#4093),#4104,.F.);
#4093 = FACE_BOUND('',#4094,.T.);
#4094 = EDGE_LOOP('',(#4095,#4101,#4102,#4103));
#4095 = ORIENTED_EDGE('',*,*,#4096,.F.);
#4096 = EDGE_CURVE('',#3813,#3873,#4097,.T.);
#4097 = LINE('',#4098,#4099);
#4098 = CARTESIAN_POINT('',(26.3,32.475,4.1));
#4099 = VECTOR('',#4100,1.);
#4100 = DIRECTION('',(1.,0.,0.));
#4101 = ORIENTED_EDGE('',*,*,#3820,.F.);
#4102 = ORIENTED_EDGE('',*,*,#1923,.F.);
#4103 = ORIENTED_EDGE('',*,*,#3872,.T.);
#4104 = CYLINDRICAL_SURFACE('',#4105,4.1);
#4105 = AXIS2_PLACEMENT_3D('',#4106,#4107,#4108);
#4106 = CARTESIAN_POINT('',(26.3,32.475,0.));
#4107 = DIRECTION('',(-1.,-0.,-0.));
#4108 = DIRECTION('',(0.,1.,0.));
#4109 = ADVANCED_FACE('',(#4110),#4129,.F.);
#4110 = FACE_BOUND('',#4111,.F.);
#4111 = EDGE_LOOP('',(#4112,#4113,#4121,#4128));
#4112 = ORIENTED_EDGE('',*,*,#2110,.F.);
#4113 = ORIENTED_EDGE('',*,*,#4114,.T.);
#4114 = EDGE_CURVE('',#2103,#4115,#4117,.T.);
#4115 = VERTEX_POINT('',#4116);
#4116 = CARTESIAN_POINT('',(-16.8,7.105,10.6));
#4117 = LINE('',#4118,#4119);
#4118 = CARTESIAN_POINT('',(-16.8,7.105,7.6));
#4119 = VECTOR('',#4120,1.);
#4120 = DIRECTION('',(4.30889522856E-33,7.792208940003E-33,1.));
#4121 = ORIENTED_EDGE('',*,*,#4122,.T.);
#4122 = EDGE_CURVE('',#4115,#3850,#4123,.T.);
#4123 = CIRCLE('',#4124,2.);
#4124 = AXIS2_PLACEMENT_3D('',#4125,#4126,#4127);
#4125 = CARTESIAN_POINT('',(-18.8,7.105,10.6));
#4126 = DIRECTION('',(0.,0.,-1.));
#4127 = DIRECTION('',(-1.,0.,0.));
#4128 = ORIENTED_EDGE('',*,*,#3857,.F.);
#4129 = CYLINDRICAL_SURFACE('',#4130,2.);
#4130 = AXIS2_PLACEMENT_3D('',#4131,#4132,#4133);
#4131 = CARTESIAN_POINT('',(-18.8,7.105,7.6));
#4132 = DIRECTION('',(0.,0.,-1.));
#4133 = DIRECTION('',(-1.,0.,0.));
#4134 = ADVANCED_FACE('',(#4135),#4146,.F.);
#4135 = FACE_BOUND('',#4136,.F.);
#4136 = EDGE_LOOP('',(#4137,#4138,#4139,#4145));
#4137 = ORIENTED_EDGE('',*,*,#2128,.F.);
#4138 = ORIENTED_EDGE('',*,*,#2423,.T.);
#4139 = ORIENTED_EDGE('',*,*,#4140,.T.);
#4140 = EDGE_CURVE('',#2415,#4115,#4141,.T.);
#4141 = LINE('',#4142,#4143);
#4142 = CARTESIAN_POINT('',(15.3,7.105,10.6));
#4143 = VECTOR('',#4144,1.);
#4144 = DIRECTION('',(-1.,0.,0.));
#4145 = ORIENTED_EDGE('',*,*,#4114,.F.);
#4146 = PLANE('',#4147);
#4147 = AXIS2_PLACEMENT_3D('',#4148,#4149,#4150);
#4148 = CARTESIAN_POINT('',(15.3,7.105,7.6));
#4149 = DIRECTION('',(0.,-1.,7.792208940003E-33));
#4150 = DIRECTION('',(-1.,0.,0.));
#4151 = ADVANCED_FACE('',(#4152),#4172,.F.);
#4152 = FACE_BOUND('',#4153,.F.);
#4153 = EDGE_LOOP('',(#4154,#4155,#4156,#4165));
#4154 = ORIENTED_EDGE('',*,*,#2183,.T.);
#4155 = ORIENTED_EDGE('',*,*,#4049,.T.);
#4156 = ORIENTED_EDGE('',*,*,#4157,.F.);
#4157 = EDGE_CURVE('',#4158,#4026,#4160,.T.);
#4158 = VERTEX_POINT('',#4159);
#4159 = CARTESIAN_POINT('',(9.23,49.765808929721,0.23));
#4160 = CIRCLE('',#4161,4.1);
#4161 = AXIS2_PLACEMENT_3D('',#4162,#4163,#4164);
#4162 = CARTESIAN_POINT('',(13.33,49.765808929721,0.23));
#4163 = DIRECTION('',(0.,1.,-0.));
#4164 = DIRECTION('',(-1.,0.,3.064040373482E-16));
#4165 = ORIENTED_EDGE('',*,*,#4166,.T.);
#4166 = EDGE_CURVE('',#4158,#2184,#4167,.T.);
#4167 = CIRCLE('',#4168,2.);
#4168 = AXIS2_PLACEMENT_3D('',#4169,#4170,#4171);
#4169 = CARTESIAN_POINT('',(10.4312835621,51.364845453203,0.23));
#4170 = DIRECTION('',(0.,0.,1.));
#4171 = DIRECTION('',(1.,0.,0.));
#4172 = TOROIDAL_SURFACE('',#4173,2.8987164379,2.);
#4173 = AXIS2_PLACEMENT_3D('',#4174,#4175,#4176);
#4174 = CARTESIAN_POINT('',(13.33,51.364845453203,0.23));
#4175 = DIRECTION('',(0.,1.,0.));
#4176 = DIRECTION('',(-1.,0.,3.064040373482E-16));
#4177 = ADVANCED_FACE('',(#4178),#4189,.F.);
#4178 = FACE_BOUND('',#4179,.F.);
#4179 = EDGE_LOOP('',(#4180,#4181,#4182,#4183));
#4180 = ORIENTED_EDGE('',*,*,#2275,.T.);
#4181 = ORIENTED_EDGE('',*,*,#2208,.T.);
#4182 = ORIENTED_EDGE('',*,*,#4166,.F.);
#4183 = ORIENTED_EDGE('',*,*,#4184,.F.);
#4184 = EDGE_CURVE('',#2268,#4158,#4185,.T.);
#4185 = LINE('',#4186,#4187);
#4186 = CARTESIAN_POINT('',(9.23,49.765808929721,0.23));
#4187 = VECTOR('',#4188,1.);
#4188 = DIRECTION('',(0.,0.,1.));
#4189 = CYLINDRICAL_SURFACE('',#4190,2.);
#4190 = AXIS2_PLACEMENT_3D('',#4191,#4192,#4193);
#4191 = CARTESIAN_POINT('',(10.4312835621,51.364845453203,0.23));
#4192 = DIRECTION('',(0.,0.,1.));
#4193 = DIRECTION('',(1.,0.,0.));
#4194 = ADVANCED_FACE('',(#4195),#4222,.F.);
#4195 = FACE_BOUND('',#4196,.F.);
#4196 = EDGE_LOOP('',(#4197,#4198,#4207,#4215));
#4197 = ORIENTED_EDGE('',*,*,#2232,.F.);
#4198 = ORIENTED_EDGE('',*,*,#4199,.T.);
#4199 = EDGE_CURVE('',#2233,#4200,#4202,.T.);
#4200 = VERTEX_POINT('',#4201);
#4201 = CARTESIAN_POINT('',(-28.8,36.075,4.35));
#4202 = CIRCLE('',#4203,4.35);
#4203 = AXIS2_PLACEMENT_3D('',#4204,#4205,#4206);
#4204 = CARTESIAN_POINT('',(-28.8,36.075,0.));
#4205 = DIRECTION('',(1.,0.,0.));
#4206 = DIRECTION('',(0.,1.,0.));
#4207 = ORIENTED_EDGE('',*,*,#4208,.T.);
#4208 = EDGE_CURVE('',#4200,#4209,#4211,.T.);
#4209 = VERTEX_POINT('',#4210);
#4210 = CARTESIAN_POINT('',(-28.55,36.075,4.1));
#4211 = LINE('',#4212,#4213);
#4212 = CARTESIAN_POINT('',(-28.55,36.075,4.1));
#4213 = VECTOR('',#4214,1.);
#4214 = DIRECTION('',(0.707106781187,-2.003070486802E-16,-0.707106781187
    ));
#4215 = ORIENTED_EDGE('',*,*,#4216,.F.);
#4216 = EDGE_CURVE('',#2235,#4209,#4217,.T.);
#4217 = CIRCLE('',#4218,4.1);
#4218 = AXIS2_PLACEMENT_3D('',#4219,#4220,#4221);
#4219 = CARTESIAN_POINT('',(-28.55,36.075,0.));
#4220 = DIRECTION('',(1.,0.,0.));
#4221 = DIRECTION('',(0.,1.,0.));
#4222 = CONICAL_SURFACE('',#4223,4.1,0.785398163397);
#4223 = AXIS2_PLACEMENT_3D('',#4224,#4225,#4226);
#4224 = CARTESIAN_POINT('',(-28.55,36.075,0.));
#4225 = DIRECTION('',(-1.,-0.,-0.));
#4226 = DIRECTION('',(0.,1.,0.));
#4227 = ADVANCED_FACE('',(#4228),#4248,.F.);
#4228 = FACE_BOUND('',#4229,.T.);
#4229 = EDGE_LOOP('',(#4230,#4231,#4232,#4233,#4242));
#4230 = ORIENTED_EDGE('',*,*,#4216,.F.);
#4231 = ORIENTED_EDGE('',*,*,#2327,.T.);
#4232 = ORIENTED_EDGE('',*,*,#2499,.F.);
#4233 = ORIENTED_EDGE('',*,*,#4234,.T.);
#4234 = EDGE_CURVE('',#2492,#4235,#4237,.T.);
#4235 = VERTEX_POINT('',#4236);
#4236 = CARTESIAN_POINT('',(-27.4,36.075,4.1));
#4237 = CIRCLE('',#4238,4.1);
#4238 = AXIS2_PLACEMENT_3D('',#4239,#4240,#4241);
#4239 = CARTESIAN_POINT('',(-27.4,36.075,0.));
#4240 = DIRECTION('',(1.,0.,0.));
#4241 = DIRECTION('',(0.,-1.,0.));
#4242 = ORIENTED_EDGE('',*,*,#4243,.T.);
#4243 = EDGE_CURVE('',#4235,#4209,#4244,.T.);
#4244 = LINE('',#4245,#4246);
#4245 = CARTESIAN_POINT('',(-26.3,36.075,4.1));
#4246 = VECTOR('',#4247,1.);
#4247 = DIRECTION('',(-1.,1.008857463847E-30,5.640874432778E-32));
#4248 = CYLINDRICAL_SURFACE('',#4249,4.1);
#4249 = AXIS2_PLACEMENT_3D('',#4250,#4251,#4252);
#4250 = CARTESIAN_POINT('',(-26.3,36.075,0.));
#4251 = DIRECTION('',(1.,0.,0.));
#4252 = DIRECTION('',(0.,-1.,0.));
#4253 = ADVANCED_FACE('',(#4254),#4265,.F.);
#4254 = FACE_BOUND('',#4255,.T.);
#4255 = EDGE_LOOP('',(#4256,#4262,#4263,#4264));
#4256 = ORIENTED_EDGE('',*,*,#4257,.T.);
#4257 = EDGE_CURVE('',#2294,#2381,#4258,.T.);
#4258 = LINE('',#4259,#4260);
#4259 = CARTESIAN_POINT('',(-23.5,48.775,0.));
#4260 = VECTOR('',#4261,1.);
#4261 = DIRECTION('',(0.,0.,1.));
#4262 = ORIENTED_EDGE('',*,*,#2380,.T.);
#4263 = ORIENTED_EDGE('',*,*,#2463,.F.);
#4264 = ORIENTED_EDGE('',*,*,#2301,.F.);
#4265 = CYLINDRICAL_SURFACE('',#4266,4.2);
#4266 = AXIS2_PLACEMENT_3D('',#4267,#4268,#4269);
#4267 = CARTESIAN_POINT('',(-23.5,44.575,0.));
#4268 = DIRECTION('',(-0.,-0.,-1.));
#4269 = DIRECTION('',(1.,0.,0.));
#4270 = ADVANCED_FACE('',(#4271),#4277,.F.);
#4271 = FACE_BOUND('',#4272,.F.);
#4272 = EDGE_LOOP('',(#4273,#4274,#4275,#4276));
#4273 = ORIENTED_EDGE('',*,*,#4257,.T.);
#4274 = ORIENTED_EDGE('',*,*,#2389,.T.);
#4275 = ORIENTED_EDGE('',*,*,#2351,.F.);
#4276 = ORIENTED_EDGE('',*,*,#2293,.F.);
#4277 = PLANE('',#4278);
#4278 = AXIS2_PLACEMENT_3D('',#4279,#4280,#4281);
#4279 = CARTESIAN_POINT('',(-23.5,48.775,0.));
#4280 = DIRECTION('',(0.,1.,0.));
#4281 = DIRECTION('',(1.,0.,0.));
#4282 = ADVANCED_FACE('',(#4283),#4294,.T.);
#4283 = FACE_BOUND('',#4284,.T.);
#4284 = EDGE_LOOP('',(#4285,#4286,#4287,#4288));
#4285 = ORIENTED_EDGE('',*,*,#4184,.F.);
#4286 = ORIENTED_EDGE('',*,*,#2267,.F.);
#4287 = ORIENTED_EDGE('',*,*,#4004,.T.);
#4288 = ORIENTED_EDGE('',*,*,#4289,.F.);
#4289 = EDGE_CURVE('',#4158,#3996,#4290,.T.);
#4290 = LINE('',#4291,#4292);
#4291 = CARTESIAN_POINT('',(9.23,49.765808929721,0.23));
#4292 = VECTOR('',#4293,1.);
#4293 = DIRECTION('',(-0.939692620787,0.342020143324,-7.594372760076E-17
    ));
#4294 = PLANE('',#4295);
#4295 = AXIS2_PLACEMENT_3D('',#4296,#4297,#4298);
#4296 = CARTESIAN_POINT('',(9.23,49.765808929721,0.23));
#4297 = DIRECTION('',(0.342020143324,0.939692620787,0.));
#4298 = DIRECTION('',(-0.939692620787,0.342020143324,-7.594372760076E-17
    ));
#4299 = ADVANCED_FACE('',(#4300),#4319,.T.);
#4300 = FACE_BOUND('',#4301,.T.);
#4301 = EDGE_LOOP('',(#4302,#4311,#4312,#4313));
#4302 = ORIENTED_EDGE('',*,*,#4303,.F.);
#4303 = EDGE_CURVE('',#3978,#4304,#4306,.T.);
#4304 = VERTEX_POINT('',#4305);
#4305 = CARTESIAN_POINT('',(-28.8,44.575,10.100000000004));
#4306 = CIRCLE('',#4307,5.3);
#4307 = AXIS2_PLACEMENT_3D('',#4308,#4309,#4310);
#4308 = CARTESIAN_POINT('',(-23.5,44.575,10.100000000004));
#4309 = DIRECTION('',(0.,0.,1.));
#4310 = DIRECTION('',(1.,0.,0.));
#4311 = ORIENTED_EDGE('',*,*,#4011,.F.);
#4312 = ORIENTED_EDGE('',*,*,#2250,.T.);
#4313 = ORIENTED_EDGE('',*,*,#4314,.T.);
#4314 = EDGE_CURVE('',#2243,#4304,#4315,.T.);
#4315 = LINE('',#4316,#4317);
#4316 = CARTESIAN_POINT('',(-28.8,44.575,10.100000000004));
#4317 = VECTOR('',#4318,1.);
#4318 = DIRECTION('',(0.,0.,1.));
#4319 = CYLINDRICAL_SURFACE('',#4320,5.3);
#4320 = AXIS2_PLACEMENT_3D('',#4321,#4322,#4323);
#4321 = CARTESIAN_POINT('',(-23.5,44.575,10.100000000004));
#4322 = DIRECTION('',(0.,0.,1.));
#4323 = DIRECTION('',(1.,0.,0.));
#4324 = ADVANCED_FACE('',(#4325),#4389,.T.);
#4325 = FACE_BOUND('',#4326,.T.);
#4326 = EDGE_LOOP('',(#4327,#4336,#4337,#4338,#4339,#4340,#4341,#4342,
    #4343,#4351,#4357,#4358,#4359,#4360,#4368,#4374,#4375,#4383));
#4327 = ORIENTED_EDGE('',*,*,#4328,.F.);
#4328 = EDGE_CURVE('',#2764,#4329,#4331,.T.);
#4329 = VERTEX_POINT('',#4330);
#4330 = CARTESIAN_POINT('',(-28.8,24.575,4.35));
#4331 = CIRCLE('',#4332,4.35);
#4332 = AXIS2_PLACEMENT_3D('',#4333,#4334,#4335);
#4333 = CARTESIAN_POINT('',(-28.8,24.575,0.));
#4334 = DIRECTION('',(-1.,0.,0.));
#4335 = DIRECTION('',(0.,-1.,1.841345504256E-14));
#4336 = ORIENTED_EDGE('',*,*,#2763,.T.);
#4337 = ORIENTED_EDGE('',*,*,#2905,.F.);
#4338 = ORIENTED_EDGE('',*,*,#2929,.F.);
#4339 = ORIENTED_EDGE('',*,*,#2947,.T.);
#4340 = ORIENTED_EDGE('',*,*,#2978,.F.);
#4341 = ORIENTED_EDGE('',*,*,#3003,.F.);
#4342 = ORIENTED_EDGE('',*,*,#3019,.T.);
#4343 = ORIENTED_EDGE('',*,*,#4344,.F.);
#4344 = EDGE_CURVE('',#4345,#3020,#4347,.T.);
#4345 = VERTEX_POINT('',#4346);
#4346 = CARTESIAN_POINT('',(-28.8,-44.575,10.100000000004));
#4347 = LINE('',#4348,#4349);
#4348 = CARTESIAN_POINT('',(-28.8,-44.575,10.100000000004));
#4349 = VECTOR('',#4350,1.);
#4350 = DIRECTION('',(0.,-2.22044604925E-16,-1.));
#4351 = ORIENTED_EDGE('',*,*,#4352,.F.);
#4352 = EDGE_CURVE('',#4304,#4345,#4353,.T.);
#4353 = LINE('',#4354,#4355);
#4354 = CARTESIAN_POINT('',(-28.8,-44.575,10.100000000004));
#4355 = VECTOR('',#4356,1.);
#4356 = DIRECTION('',(1.110223024625E-16,-1.,1.110223024622E-16));
#4357 = ORIENTED_EDGE('',*,*,#4314,.F.);
#4358 = ORIENTED_EDGE('',*,*,#2242,.T.);
#4359 = ORIENTED_EDGE('',*,*,#4199,.T.);
#4360 = ORIENTED_EDGE('',*,*,#4361,.T.);
#4361 = EDGE_CURVE('',#4200,#4362,#4364,.T.);
#4362 = VERTEX_POINT('',#4363);
#4363 = CARTESIAN_POINT('',(-28.8,31.275,4.35));
#4364 = LINE('',#4365,#4366);
#4365 = CARTESIAN_POINT('',(-28.8,36.075,4.35));
#4366 = VECTOR('',#4367,1.);
#4367 = DIRECTION('',(0.,-1.,0.));
#4368 = ORIENTED_EDGE('',*,*,#4369,.T.);
#4369 = EDGE_CURVE('',#4362,#2605,#4370,.T.);
#4370 = LINE('',#4371,#4372);
#4371 = CARTESIAN_POINT('',(-28.8,31.275,4.1));
#4372 = VECTOR('',#4373,1.);
#4373 = DIRECTION('',(0.,0.,-1.));
#4374 = ORIENTED_EDGE('',*,*,#2604,.T.);
#4375 = ORIENTED_EDGE('',*,*,#4376,.F.);
#4376 = EDGE_CURVE('',#4377,#2607,#4379,.T.);
#4377 = VERTEX_POINT('',#4378);
#4378 = CARTESIAN_POINT('',(-28.8,29.375,4.35));
#4379 = LINE('',#4380,#4381);
#4380 = CARTESIAN_POINT('',(-28.8,29.375,4.1));
#4381 = VECTOR('',#4382,1.);
#4382 = DIRECTION('',(0.,0.,-1.));
#4383 = ORIENTED_EDGE('',*,*,#4384,.F.);
#4384 = EDGE_CURVE('',#4329,#4377,#4385,.T.);
#4385 = LINE('',#4386,#4387);
#4386 = CARTESIAN_POINT('',(-28.8,24.575,4.35));
#4387 = VECTOR('',#4388,1.);
#4388 = DIRECTION('',(0.,1.,0.));
#4389 = PLANE('',#4390);
#4390 = AXIS2_PLACEMENT_3D('',#4391,#4392,#4393);
#4391 = CARTESIAN_POINT('',(-28.8,-44.575,10.100000000004));
#4392 = DIRECTION('',(-1.,0.,0.));
#4393 = DIRECTION('',(0.,-2.22044604925E-16,-1.));
#4394 = ADVANCED_FACE('',(#4395),#4406,.T.);
#4395 = FACE_BOUND('',#4396,.T.);
#4396 = EDGE_LOOP('',(#4397,#4398,#4399,#4400));
#4397 = ORIENTED_EDGE('',*,*,#3753,.F.);
#4398 = ORIENTED_EDGE('',*,*,#3728,.F.);
#4399 = ORIENTED_EDGE('',*,*,#2404,.T.);
#4400 = ORIENTED_EDGE('',*,*,#4401,.T.);
#4401 = EDGE_CURVE('',#2407,#3745,#4402,.T.);
#4402 = LINE('',#4403,#4404);
#4403 = CARTESIAN_POINT('',(19.3,7.105,10.6));
#4404 = VECTOR('',#4405,1.);
#4405 = DIRECTION('',(0.,1.,0.));
#4406 = PLANE('',#4407);
#4407 = AXIS2_PLACEMENT_3D('',#4408,#4409,#4410);
#4408 = CARTESIAN_POINT('',(19.3,7.105,7.6));
#4409 = DIRECTION('',(-1.,0.,4.30889522856E-33));
#4410 = DIRECTION('',(0.,1.,0.));
#4411 = ADVANCED_FACE('',(#4412,#4422),#4492,.F.);
#4412 = FACE_BOUND('',#4413,.F.);
#4413 = EDGE_LOOP('',(#4414,#4415,#4416,#4417,#4418,#4419,#4420,#4421));
#4414 = ORIENTED_EDGE('',*,*,#2414,.F.);
#4415 = ORIENTED_EDGE('',*,*,#4401,.T.);
#4416 = ORIENTED_EDGE('',*,*,#3744,.F.);
#4417 = ORIENTED_EDGE('',*,*,#3695,.T.);
#4418 = ORIENTED_EDGE('',*,*,#3777,.F.);
#4419 = ORIENTED_EDGE('',*,*,#3849,.T.);
#4420 = ORIENTED_EDGE('',*,*,#4122,.F.);
#4421 = ORIENTED_EDGE('',*,*,#4140,.F.);
#4422 = FACE_BOUND('',#4423,.F.);
#4423 = EDGE_LOOP('',(#4424,#4434,#4443,#4451,#4460,#4468,#4477,#4485));
#4424 = ORIENTED_EDGE('',*,*,#4425,.F.);
#4425 = EDGE_CURVE('',#4426,#4428,#4430,.T.);
#4426 = VERTEX_POINT('',#4427);
#4427 = CARTESIAN_POINT('',(16.25,39.705,10.6));
#4428 = VERTEX_POINT('',#4429);
#4429 = CARTESIAN_POINT('',(-16.25,39.705,10.6));
#4430 = LINE('',#4431,#4432);
#4431 = CARTESIAN_POINT('',(7.75,39.705,10.6));
#4432 = VECTOR('',#4433,1.);
#4433 = DIRECTION('',(-1.,-5.110627158404E-65,4.30889522856E-33));
#4434 = ORIENTED_EDGE('',*,*,#4435,.T.);
#4435 = EDGE_CURVE('',#4426,#4436,#4438,.T.);
#4436 = VERTEX_POINT('',#4437);
#4437 = CARTESIAN_POINT('',(18.25,37.705,10.6));
#4438 = CIRCLE('',#4439,2.);
#4439 = AXIS2_PLACEMENT_3D('',#4440,#4441,#4442);
#4440 = CARTESIAN_POINT('',(16.25,37.705,10.6));
#4441 = DIRECTION('',(0.,0.,-1.));
#4442 = DIRECTION('',(-1.,0.,0.));
#4443 = ORIENTED_EDGE('',*,*,#4444,.F.);
#4444 = EDGE_CURVE('',#4445,#4436,#4447,.T.);
#4445 = VERTEX_POINT('',#4446);
#4446 = CARTESIAN_POINT('',(18.25,11.705,10.6));
#4447 = LINE('',#4448,#4449);
#4448 = CARTESIAN_POINT('',(18.25,18.111008817991,10.6));
#4449 = VECTOR('',#4450,1.);
#4450 = DIRECTION('',(2.086930492902E-65,1.,-7.792208940003E-33));
#4451 = ORIENTED_EDGE('',*,*,#4452,.T.);
#4452 = EDGE_CURVE('',#4445,#4453,#4455,.T.);
#4453 = VERTEX_POINT('',#4454);
#4454 = CARTESIAN_POINT('',(16.25,9.705,10.6));
#4455 = CIRCLE('',#4456,2.);
#4456 = AXIS2_PLACEMENT_3D('',#4457,#4458,#4459);
#4457 = CARTESIAN_POINT('',(16.25,11.705,10.6));
#4458 = DIRECTION('',(0.,0.,-1.));
#4459 = DIRECTION('',(-1.,0.,0.));
#4460 = ORIENTED_EDGE('',*,*,#4461,.F.);
#4461 = EDGE_CURVE('',#4462,#4453,#4464,.T.);
#4462 = VERTEX_POINT('',#4463);
#4463 = CARTESIAN_POINT('',(-16.25,9.705,10.6));
#4464 = LINE('',#4465,#4466);
#4465 = CARTESIAN_POINT('',(-8.5,9.705,10.6));
#4466 = VECTOR('',#4467,1.);
#4467 = DIRECTION('',(1.,5.110627158404E-65,-4.30889522856E-33));
#4468 = ORIENTED_EDGE('',*,*,#4469,.T.);
#4469 = EDGE_CURVE('',#4462,#4470,#4472,.T.);
#4470 = VERTEX_POINT('',#4471);
#4471 = CARTESIAN_POINT('',(-18.25,11.705,10.6));
#4472 = CIRCLE('',#4473,2.);
#4473 = AXIS2_PLACEMENT_3D('',#4474,#4475,#4476);
#4474 = CARTESIAN_POINT('',(-16.25,11.705,10.6));
#4475 = DIRECTION('',(0.,0.,-1.));
#4476 = DIRECTION('',(-1.,0.,0.));
#4477 = ORIENTED_EDGE('',*,*,#4478,.F.);
#4478 = EDGE_CURVE('',#4479,#4470,#4481,.T.);
#4479 = VERTEX_POINT('',#4480);
#4480 = CARTESIAN_POINT('',(-18.25,37.705,10.6));
#4481 = LINE('',#4482,#4483);
#4482 = CARTESIAN_POINT('',(-18.25,31.111008817991,10.6));
#4483 = VECTOR('',#4484,1.);
#4484 = DIRECTION('',(-2.086930492902E-65,-1.,7.792208940003E-33));
#4485 = ORIENTED_EDGE('',*,*,#4486,.T.);
#4486 = EDGE_CURVE('',#4479,#4428,#4487,.T.);
#4487 = CIRCLE('',#4488,2.);
#4488 = AXIS2_PLACEMENT_3D('',#4489,#4490,#4491);
#4489 = CARTESIAN_POINT('',(-16.25,37.705,10.6));
#4490 = DIRECTION('',(0.,0.,-1.));
#4491 = DIRECTION('',(-1.,0.,0.));
#4492 = PLANE('',#4493);
#4493 = AXIS2_PLACEMENT_3D('',#4494,#4495,#4496);
#4494 = CARTESIAN_POINT('',(-0.75,24.517017635981,10.6));
#4495 = DIRECTION('',(4.30889522856E-33,7.792208940003E-33,1.));
#4496 = DIRECTION('',(1.398371094936E-81,1.,-7.792208940003E-33));
#4497 = ADVANCED_FACE('',(#4498),#4510,.F.);
#4498 = FACE_BOUND('',#4499,.F.);
#4499 = EDGE_LOOP('',(#4500,#4506,#4507,#4508,#4509));
#4500 = ORIENTED_EDGE('',*,*,#4501,.T.);
#4501 = EDGE_CURVE('',#4235,#2549,#4502,.T.);
#4502 = LINE('',#4503,#4504);
#4503 = CARTESIAN_POINT('',(-27.4,34.693028554975,4.1));
#4504 = VECTOR('',#4505,1.);
#4505 = DIRECTION('',(5.496202146632E-16,-1.,-3.100338616632E-47));
#4506 = ORIENTED_EDGE('',*,*,#2557,.T.);
#4507 = ORIENTED_EDGE('',*,*,#2524,.T.);
#4508 = ORIENTED_EDGE('',*,*,#2491,.F.);
#4509 = ORIENTED_EDGE('',*,*,#4234,.T.);
#4510 = PLANE('',#4511);
#4511 = AXIS2_PLACEMENT_3D('',#4512,#4513,#4514);
#4512 = CARTESIAN_POINT('',(-27.4,33.311057109949,0.));
#4513 = DIRECTION('',(-1.,-5.496202146632E-16,0.));
#4514 = DIRECTION('',(-5.496202146632E-16,1.,0.));
#4515 = ADVANCED_FACE('',(#4516),#4528,.F.);
#4516 = FACE_BOUND('',#4517,.F.);
#4517 = EDGE_LOOP('',(#4518,#4519,#4520,#4526,#4527));
#4518 = ORIENTED_EDGE('',*,*,#4501,.F.);
#4519 = ORIENTED_EDGE('',*,*,#4243,.T.);
#4520 = ORIENTED_EDGE('',*,*,#4521,.T.);
#4521 = EDGE_CURVE('',#4209,#2583,#4522,.T.);
#4522 = LINE('',#4523,#4524);
#4523 = CARTESIAN_POINT('',(-28.55,36.075,4.1));
#4524 = VECTOR('',#4525,1.);
#4525 = DIRECTION('',(0.,-1.,0.));
#4526 = ORIENTED_EDGE('',*,*,#2582,.F.);
#4527 = ORIENTED_EDGE('',*,*,#2548,.T.);
#4528 = PLANE('',#4529);
#4529 = AXIS2_PLACEMENT_3D('',#4530,#4531,#4532);
#4530 = CARTESIAN_POINT('',(-26.3,36.075,4.1));
#4531 = DIRECTION('',(5.640874432778E-32,0.,1.));
#4532 = DIRECTION('',(0.,-1.,0.));
#4533 = ADVANCED_FACE('',(#4534),#4545,.F.);
#4534 = FACE_BOUND('',#4535,.F.);
#4535 = EDGE_LOOP('',(#4536,#4542,#4543,#4544));
#4536 = ORIENTED_EDGE('',*,*,#4537,.F.);
#4537 = EDGE_CURVE('',#4362,#2583,#4538,.T.);
#4538 = LINE('',#4539,#4540);
#4539 = CARTESIAN_POINT('',(-27.875,32.2,3.425));
#4540 = VECTOR('',#4541,1.);
#4541 = DIRECTION('',(0.57735026919,0.57735026919,-0.57735026919));
#4542 = ORIENTED_EDGE('',*,*,#4369,.T.);
#4543 = ORIENTED_EDGE('',*,*,#2614,.T.);
#4544 = ORIENTED_EDGE('',*,*,#2590,.F.);
#4545 = PLANE('',#4546);
#4546 = AXIS2_PLACEMENT_3D('',#4547,#4548,#4549);
#4547 = CARTESIAN_POINT('',(-28.675,31.4,4.1));
#4548 = DIRECTION('',(0.707106781187,-0.707106781187,5.827188984665E-19)
  );
#4549 = DIRECTION('',(4.120444846312E-19,-4.120444846312E-19,-1.));
#4550 = ADVANCED_FACE('',(#4551),#4562,.T.);
#4551 = FACE_BOUND('',#4552,.T.);
#4552 = EDGE_LOOP('',(#4553,#4559,#4560,#4561));
#4553 = ORIENTED_EDGE('',*,*,#4554,.F.);
#4554 = EDGE_CURVE('',#4377,#2647,#4555,.T.);
#4555 = LINE('',#4556,#4557);
#4556 = CARTESIAN_POINT('',(-27.875,28.45,3.425));
#4557 = VECTOR('',#4558,1.);
#4558 = DIRECTION('',(0.57735026919,-0.57735026919,-0.57735026919));
#4559 = ORIENTED_EDGE('',*,*,#4376,.T.);
#4560 = ORIENTED_EDGE('',*,*,#2630,.T.);
#4561 = ORIENTED_EDGE('',*,*,#2654,.F.);
#4562 = PLANE('',#4563);
#4563 = AXIS2_PLACEMENT_3D('',#4564,#4565,#4566);
#4564 = CARTESIAN_POINT('',(-28.675,29.25,4.1));
#4565 = DIRECTION('',(-0.707106781187,-0.707106781187,
    -5.827188984665E-19));
#4566 = DIRECTION('',(4.120444846312E-19,4.120444846312E-19,-1.));
#4567 = ADVANCED_FACE('',(#4568),#4594,.T.);
#4568 = FACE_BOUND('',#4569,.T.);
#4569 = EDGE_LOOP('',(#4570,#4578,#4586,#4592,#4593));
#4570 = ORIENTED_EDGE('',*,*,#4571,.T.);
#4571 = EDGE_CURVE('',#2669,#4572,#4574,.T.);
#4572 = VERTEX_POINT('',#4573);
#4573 = CARTESIAN_POINT('',(-27.4,24.575,4.1));
#4574 = LINE('',#4575,#4576);
#4575 = CARTESIAN_POINT('',(-27.4,25.956971445025,4.1));
#4576 = VECTOR('',#4577,1.);
#4577 = DIRECTION('',(0.,-1.,0.));
#4578 = ORIENTED_EDGE('',*,*,#4579,.T.);
#4579 = EDGE_CURVE('',#4572,#4580,#4582,.T.);
#4580 = VERTEX_POINT('',#4581);
#4581 = CARTESIAN_POINT('',(-28.55,24.575,4.1));
#4582 = LINE('',#4583,#4584);
#4583 = CARTESIAN_POINT('',(-26.3,24.575,4.1));
#4584 = VECTOR('',#4585,1.);
#4585 = DIRECTION('',(-1.,1.008857463847E-30,5.640874432778E-32));
#4586 = ORIENTED_EDGE('',*,*,#4587,.T.);
#4587 = EDGE_CURVE('',#4580,#2647,#4588,.T.);
#4588 = LINE('',#4589,#4590);
#4589 = CARTESIAN_POINT('',(-28.55,24.575,4.1));
#4590 = VECTOR('',#4591,1.);
#4591 = DIRECTION('',(0.,1.,0.));
#4592 = ORIENTED_EDGE('',*,*,#2646,.F.);
#4593 = ORIENTED_EDGE('',*,*,#2668,.F.);
#4594 = PLANE('',#4595);
#4595 = AXIS2_PLACEMENT_3D('',#4596,#4597,#4598);
#4596 = CARTESIAN_POINT('',(-26.3,24.575,4.1));
#4597 = DIRECTION('',(-5.640874432778E-32,0.,-1.));
#4598 = DIRECTION('',(0.,1.,0.));
#4599 = ADVANCED_FACE('',(#4600),#4613,.T.);
#4600 = FACE_BOUND('',#4601,.T.);
#4601 = EDGE_LOOP('',(#4602,#4603,#4604,#4605,#4606));
#4602 = ORIENTED_EDGE('',*,*,#4571,.F.);
#4603 = ORIENTED_EDGE('',*,*,#2687,.T.);
#4604 = ORIENTED_EDGE('',*,*,#2702,.T.);
#4605 = ORIENTED_EDGE('',*,*,#2740,.F.);
#4606 = ORIENTED_EDGE('',*,*,#4607,.F.);
#4607 = EDGE_CURVE('',#4572,#2729,#4608,.T.);
#4608 = CIRCLE('',#4609,4.1);
#4609 = AXIS2_PLACEMENT_3D('',#4610,#4611,#4612);
#4610 = CARTESIAN_POINT('',(-27.4,24.575,0.));
#4611 = DIRECTION('',(1.,0.,0.));
#4612 = DIRECTION('',(0.,-1.,0.));
#4613 = PLANE('',#4614);
#4614 = AXIS2_PLACEMENT_3D('',#4615,#4616,#4617);
#4615 = CARTESIAN_POINT('',(-27.4,27.338942890051,0.));
#4616 = DIRECTION('',(1.,0.,0.));
#4617 = DIRECTION('',(0.,-1.,0.));
#4618 = ADVANCED_FACE('',(#4619),#4632,.F.);
#4619 = FACE_BOUND('',#4620,.T.);
#4620 = EDGE_LOOP('',(#4621,#4622,#4623,#4624,#4625));
#4621 = ORIENTED_EDGE('',*,*,#4579,.F.);
#4622 = ORIENTED_EDGE('',*,*,#4607,.T.);
#4623 = ORIENTED_EDGE('',*,*,#2726,.F.);
#4624 = ORIENTED_EDGE('',*,*,#2781,.F.);
#4625 = ORIENTED_EDGE('',*,*,#4626,.T.);
#4626 = EDGE_CURVE('',#2774,#4580,#4627,.T.);
#4627 = CIRCLE('',#4628,4.1);
#4628 = AXIS2_PLACEMENT_3D('',#4629,#4630,#4631);
#4629 = CARTESIAN_POINT('',(-28.55,24.575,0.));
#4630 = DIRECTION('',(-1.,0.,0.));
#4631 = DIRECTION('',(0.,-1.,1.841345504256E-14));
#4632 = CYLINDRICAL_SURFACE('',#4633,4.1);
#4633 = AXIS2_PLACEMENT_3D('',#4634,#4635,#4636);
#4634 = CARTESIAN_POINT('',(-26.3,24.575,0.));
#4635 = DIRECTION('',(1.,0.,0.));
#4636 = DIRECTION('',(0.,-1.,0.));
#4637 = ADVANCED_FACE('',(#4638),#4644,.T.);
#4638 = FACE_BOUND('',#4639,.T.);
#4639 = EDGE_LOOP('',(#4640,#4641,#4642,#4643));
#4640 = ORIENTED_EDGE('',*,*,#2838,.T.);
#4641 = ORIENTED_EDGE('',*,*,#2866,.T.);
#4642 = ORIENTED_EDGE('',*,*,#2880,.F.);
#4643 = ORIENTED_EDGE('',*,*,#2798,.F.);
#4644 = PLANE('',#4645);
#4645 = AXIS2_PLACEMENT_3D('',#4646,#4647,#4648);
#4646 = CARTESIAN_POINT('',(-27.70049836652,15.631969722018,0.));
#4647 = DIRECTION('',(1.,-1.855305715068E-16,0.));
#4648 = DIRECTION('',(-1.855305715068E-16,-1.,0.));
#4649 = ADVANCED_FACE('',(#4650),#4661,.F.);
#4650 = FACE_BOUND('',#4651,.T.);
#4651 = EDGE_LOOP('',(#4652,#4653,#4654,#4660));
#4652 = ORIENTED_EDGE('',*,*,#2773,.F.);
#4653 = ORIENTED_EDGE('',*,*,#4328,.T.);
#4654 = ORIENTED_EDGE('',*,*,#4655,.T.);
#4655 = EDGE_CURVE('',#4329,#4580,#4656,.T.);
#4656 = LINE('',#4657,#4658);
#4657 = CARTESIAN_POINT('',(-28.55,24.575,4.1));
#4658 = VECTOR('',#4659,1.);
#4659 = DIRECTION('',(0.707106781187,-1.044278436862E-15,-0.707106781187
    ));
#4660 = ORIENTED_EDGE('',*,*,#4626,.F.);
#4661 = CONICAL_SURFACE('',#4662,4.1,0.785398163397);
#4662 = AXIS2_PLACEMENT_3D('',#4663,#4664,#4665);
#4663 = CARTESIAN_POINT('',(-28.55,24.575,0.));
#4664 = DIRECTION('',(-1.,-0.,-0.));
#4665 = DIRECTION('',(0.,-1.,1.841345504256E-14));
#4666 = ADVANCED_FACE('',(#4667),#4686,.T.);
#4667 = FACE_BOUND('',#4668,.T.);
#4668 = EDGE_LOOP('',(#4669,#4678,#4679,#4680));
#4669 = ORIENTED_EDGE('',*,*,#4670,.F.);
#4670 = EDGE_CURVE('',#4345,#4671,#4673,.T.);
#4671 = VERTEX_POINT('',#4672);
#4672 = CARTESIAN_POINT('',(-23.5,-49.875,10.100000000004));
#4673 = CIRCLE('',#4674,5.3);
#4674 = AXIS2_PLACEMENT_3D('',#4675,#4676,#4677);
#4675 = CARTESIAN_POINT('',(-23.5,-44.575,10.100000000004));
#4676 = DIRECTION('',(0.,0.,1.));
#4677 = DIRECTION('',(1.,0.,0.));
#4678 = ORIENTED_EDGE('',*,*,#4344,.T.);
#4679 = ORIENTED_EDGE('',*,*,#3104,.T.);
#4680 = ORIENTED_EDGE('',*,*,#4681,.T.);
#4681 = EDGE_CURVE('',#3097,#4671,#4682,.T.);
#4682 = LINE('',#4683,#4684);
#4683 = CARTESIAN_POINT('',(-23.5,-49.875,10.100000000004));
#4684 = VECTOR('',#4685,1.);
#4685 = DIRECTION('',(0.,0.,1.));
#4686 = CYLINDRICAL_SURFACE('',#4687,5.3);
#4687 = AXIS2_PLACEMENT_3D('',#4688,#4689,#4690);
#4688 = CARTESIAN_POINT('',(-23.5,-44.575,10.100000000004));
#4689 = DIRECTION('',(0.,0.,1.));
#4690 = DIRECTION('',(1.,0.,0.));
#4691 = ADVANCED_FACE('',(#4692),#4751,.T.);
#4692 = FACE_BOUND('',#4693,.T.);
#4693 = EDGE_LOOP('',(#4694,#4702,#4703,#4704,#4712,#4721,#4729,#4738,
    #4744,#4745));
#4694 = ORIENTED_EDGE('',*,*,#4695,.F.);
#4695 = EDGE_CURVE('',#4671,#4696,#4698,.T.);
#4696 = VERTEX_POINT('',#4697);
#4697 = CARTESIAN_POINT('',(23.5,-49.875,10.100000000004));
#4698 = LINE('',#4699,#4700);
#4699 = CARTESIAN_POINT('',(23.5,-49.875,10.100000000004));
#4700 = VECTOR('',#4701,1.);
#4701 = DIRECTION('',(1.,-3.636830773675E-16,-3.636830773665E-16));
#4702 = ORIENTED_EDGE('',*,*,#4681,.F.);
#4703 = ORIENTED_EDGE('',*,*,#3096,.T.);
#4704 = ORIENTED_EDGE('',*,*,#4705,.F.);
#4705 = EDGE_CURVE('',#4706,#3089,#4708,.T.);
#4706 = VERTEX_POINT('',#4707);
#4707 = CARTESIAN_POINT('',(-6.47,-49.875,0.235));
#4708 = LINE('',#4709,#4710);
#4709 = CARTESIAN_POINT('',(-6.47,-49.875,-0.365));
#4710 = VECTOR('',#4711,1.);
#4711 = DIRECTION('',(-1.029816892141E-15,-1.029816892141E-15,-1.));
#4712 = ORIENTED_EDGE('',*,*,#4713,.F.);
#4713 = EDGE_CURVE('',#4714,#4706,#4716,.T.);
#4714 = VERTEX_POINT('',#4715);
#4715 = CARTESIAN_POINT('',(-3.09,-49.875,3.615));
#4716 = CIRCLE('',#4717,3.38);
#4717 = AXIS2_PLACEMENT_3D('',#4718,#4719,#4720);
#4718 = CARTESIAN_POINT('',(-3.09,-49.875,0.235));
#4719 = DIRECTION('',(0.,-1.,0.));
#4720 = DIRECTION('',(1.,0.,-1.730217700715E-15));
#4721 = ORIENTED_EDGE('',*,*,#4722,.F.);
#4722 = EDGE_CURVE('',#4723,#4714,#4725,.T.);
#4723 = VERTEX_POINT('',#4724);
#4724 = CARTESIAN_POINT('',(3.29,-49.875,3.615));
#4725 = LINE('',#4726,#4727);
#4726 = CARTESIAN_POINT('',(-3.09,-49.875,3.615));
#4727 = VECTOR('',#4728,1.);
#4728 = DIRECTION('',(-1.,-8.575622497214E-16,8.575622497214E-16));
#4729 = ORIENTED_EDGE('',*,*,#4730,.F.);
#4730 = EDGE_CURVE('',#4731,#4723,#4733,.T.);
#4731 = VERTEX_POINT('',#4732);
#4732 = CARTESIAN_POINT('',(6.67,-49.875,0.235));
#4733 = CIRCLE('',#4734,3.38);
#4734 = AXIS2_PLACEMENT_3D('',#4735,#4736,#4737);
#4735 = CARTESIAN_POINT('',(3.29,-49.875,0.235));
#4736 = DIRECTION('',(0.,-1.,0.));
#4737 = DIRECTION('',(1.,0.,-1.730217700715E-15));
#4738 = ORIENTED_EDGE('',*,*,#4739,.F.);
#4739 = EDGE_CURVE('',#3305,#4731,#4740,.T.);
#4740 = LINE('',#4741,#4742);
#4741 = CARTESIAN_POINT('',(6.67,-49.875,0.235));
#4742 = VECTOR('',#4743,1.);
#4743 = DIRECTION('',(8.690046271737E-16,-8.690046271737E-16,1.));
#4744 = ORIENTED_EDGE('',*,*,#3304,.T.);
#4745 = ORIENTED_EDGE('',*,*,#4746,.F.);
#4746 = EDGE_CURVE('',#4696,#3296,#4747,.T.);
#4747 = LINE('',#4748,#4749);
#4748 = CARTESIAN_POINT('',(23.5,-49.875,10.100000000004));
#4749 = VECTOR('',#4750,1.);
#4750 = DIRECTION('',(2.22044604925E-16,-2.108115370397E-31,-1.));
#4751 = PLANE('',#4752);
#4752 = AXIS2_PLACEMENT_3D('',#4753,#4754,#4755);
#4753 = CARTESIAN_POINT('',(23.5,-49.875,10.100000000004));
#4754 = DIRECTION('',(0.,-1.,2.108115370397E-31));
#4755 = DIRECTION('',(2.22044604925E-16,-2.108115370397E-31,-1.));
#4756 = ADVANCED_FACE('',(#4757),#4775,.T.);
#4757 = FACE_BOUND('',#4758,.T.);
#4758 = EDGE_LOOP('',(#4759,#4767,#4773,#4774));
#4759 = ORIENTED_EDGE('',*,*,#4760,.F.);
#4760 = EDGE_CURVE('',#4761,#3080,#4763,.T.);
#4761 = VERTEX_POINT('',#4762);
#4762 = CARTESIAN_POINT('',(-6.17,-49.575,0.235));
#4763 = LINE('',#4764,#4765);
#4764 = CARTESIAN_POINT('',(-6.17,-49.575,-0.365));
#4765 = VECTOR('',#4766,1.);
#4766 = DIRECTION('',(0.,0.,-1.));
#4767 = ORIENTED_EDGE('',*,*,#4768,.T.);
#4768 = EDGE_CURVE('',#4761,#4706,#4769,.T.);
#4769 = LINE('',#4770,#4771);
#4770 = CARTESIAN_POINT('',(-6.17,-49.575,0.235));
#4771 = VECTOR('',#4772,1.);
#4772 = DIRECTION('',(-0.707106781187,-0.707106781187,1.310044274728E-15
    ));
#4773 = ORIENTED_EDGE('',*,*,#4705,.T.);
#4774 = ORIENTED_EDGE('',*,*,#3088,.F.);
#4775 = PLANE('',#4776);
#4776 = AXIS2_PLACEMENT_3D('',#4777,#4778,#4779);
#4777 = CARTESIAN_POINT('',(-6.17,-49.575,-0.365));
#4778 = DIRECTION('',(0.707106781187,-0.707106781187,0.));
#4779 = DIRECTION('',(-0.707106781187,-0.707106781187,1.456381015627E-15
    ));
#4780 = ADVANCED_FACE('',(#4781),#4793,.F.);
#4781 = FACE_BOUND('',#4782,.F.);
#4782 = EDGE_LOOP('',(#4783,#4790,#4791,#4792));
#4783 = ORIENTED_EDGE('',*,*,#4784,.F.);
#4784 = EDGE_CURVE('',#3430,#4761,#4785,.T.);
#4785 = CIRCLE('',#4786,2.);
#4786 = AXIS2_PLACEMENT_3D('',#4787,#4788,#4789);
#4787 = CARTESIAN_POINT('',(-4.334985258196,-50.37043755088,0.235));
#4788 = DIRECTION('',(1.549274216578E-15,0.,1.));
#4789 = DIRECTION('',(-1.,0.,1.549274216578E-15));
#4790 = ORIENTED_EDGE('',*,*,#3429,.T.);
#4791 = ORIENTED_EDGE('',*,*,#3079,.F.);
#4792 = ORIENTED_EDGE('',*,*,#4760,.F.);
#4793 = CYLINDRICAL_SURFACE('',#4794,2.);
#4794 = AXIS2_PLACEMENT_3D('',#4795,#4796,#4797);
#4795 = CARTESIAN_POINT('',(-4.334985258196,-50.37043755088,-0.365));
#4796 = DIRECTION('',(0.,0.,-1.));
#4797 = DIRECTION('',(2.22044604925E-16,-1.,0.));
#4798 = ADVANCED_FACE('',(#4799),#4810,.F.);
#4799 = FACE_BOUND('',#4800,.F.);
#4800 = EDGE_LOOP('',(#4801,#4802,#4803,#4809));
#4801 = ORIENTED_EDGE('',*,*,#3412,.T.);
#4802 = ORIENTED_EDGE('',*,*,#3164,.T.);
#4803 = ORIENTED_EDGE('',*,*,#4804,.F.);
#4804 = EDGE_CURVE('',#3047,#3156,#4805,.T.);
#4805 = LINE('',#4806,#4807);
#4806 = CARTESIAN_POINT('',(-23.5,-48.77549836652,0.));
#4807 = VECTOR('',#4808,1.);
#4808 = DIRECTION('',(0.,0.,1.));
#4809 = ORIENTED_EDGE('',*,*,#3055,.F.);
#4810 = PLANE('',#4811);
#4811 = AXIS2_PLACEMENT_3D('',#4812,#4813,#4814);
#4812 = CARTESIAN_POINT('',(-9.703030277982,-48.77549836652,0.));
#4813 = DIRECTION('',(0.,-1.,0.));
#4814 = DIRECTION('',(-1.,0.,0.));
#4815 = ADVANCED_FACE('',(#4816),#4827,.F.);
#4816 = FACE_BOUND('',#4817,.T.);
#4817 = EDGE_LOOP('',(#4818,#4824,#4825,#4826));
#4818 = ORIENTED_EDGE('',*,*,#4819,.T.);
#4819 = EDGE_CURVE('',#3039,#3148,#4820,.T.);
#4820 = LINE('',#4821,#4822);
#4821 = CARTESIAN_POINT('',(-27.70049836652,-44.575,0.));
#4822 = VECTOR('',#4823,1.);
#4823 = DIRECTION('',(0.,0.,1.));
#4824 = ORIENTED_EDGE('',*,*,#3155,.T.);
#4825 = ORIENTED_EDGE('',*,*,#4804,.F.);
#4826 = ORIENTED_EDGE('',*,*,#3046,.F.);
#4827 = CYLINDRICAL_SURFACE('',#4828,4.200498366529);
#4828 = AXIS2_PLACEMENT_3D('',#4829,#4830,#4831);
#4829 = CARTESIAN_POINT('',(-23.5,-44.575,0.));
#4830 = DIRECTION('',(-0.,-0.,-1.));
#4831 = DIRECTION('',(1.,0.,0.));
#4832 = ADVANCED_FACE('',(#4833),#4839,.T.);
#4833 = FACE_BOUND('',#4834,.T.);
#4834 = EDGE_LOOP('',(#4835,#4836,#4837,#4838));
#4835 = ORIENTED_EDGE('',*,*,#3129,.T.);
#4836 = ORIENTED_EDGE('',*,*,#3147,.T.);
#4837 = ORIENTED_EDGE('',*,*,#4819,.F.);
#4838 = ORIENTED_EDGE('',*,*,#3038,.F.);
#4839 = PLANE('',#4840);
#4840 = AXIS2_PLACEMENT_3D('',#4841,#4842,#4843);
#4841 = CARTESIAN_POINT('',(-27.70049836652,-37.38303027798,0.));
#4842 = DIRECTION('',(1.,0.,0.));
#4843 = DIRECTION('',(0.,-1.,0.));
#4844 = ADVANCED_FACE('',(#4845),#4856,.T.);
#4845 = FACE_BOUND('',#4846,.T.);
#4846 = EDGE_LOOP('',(#4847,#4848,#4849,#4855));
#4847 = ORIENTED_EDGE('',*,*,#3546,.T.);
#4848 = ORIENTED_EDGE('',*,*,#3213,.T.);
#4849 = ORIENTED_EDGE('',*,*,#4850,.F.);
#4850 = EDGE_CURVE('',#3346,#3214,#4851,.T.);
#4851 = LINE('',#4852,#4853);
#4852 = CARTESIAN_POINT('',(23.5,-48.77549836652,0.));
#4853 = VECTOR('',#4854,1.);
#4854 = DIRECTION('',(0.,0.,1.));
#4855 = ORIENTED_EDGE('',*,*,#3345,.F.);
#4856 = PLANE('',#4857);
#4857 = AXIS2_PLACEMENT_3D('',#4858,#4859,#4860);
#4858 = CARTESIAN_POINT('',(9.903030277982,-48.77549836652,0.));
#4859 = DIRECTION('',(2.612871655548E-15,1.,0.));
#4860 = DIRECTION('',(1.,-2.612871655548E-15,0.));
#4861 = ADVANCED_FACE('',(#4862),#4873,.F.);
#4862 = FACE_BOUND('',#4863,.T.);
#4863 = EDGE_LOOP('',(#4864,#4865,#4866,#4872));
#4864 = ORIENTED_EDGE('',*,*,#4850,.T.);
#4865 = ORIENTED_EDGE('',*,*,#3221,.T.);
#4866 = ORIENTED_EDGE('',*,*,#4867,.F.);
#4867 = EDGE_CURVE('',#3354,#3222,#4868,.T.);
#4868 = LINE('',#4869,#4870);
#4869 = CARTESIAN_POINT('',(27.700498366529,-44.575,0.));
#4870 = VECTOR('',#4871,1.);
#4871 = DIRECTION('',(0.,0.,1.));
#4872 = ORIENTED_EDGE('',*,*,#3353,.F.);
#4873 = CYLINDRICAL_SURFACE('',#4874,4.200498366529);
#4874 = AXIS2_PLACEMENT_3D('',#4875,#4876,#4877);
#4875 = CARTESIAN_POINT('',(23.5,-44.575,0.));
#4876 = DIRECTION('',(-0.,-0.,-1.));
#4877 = DIRECTION('',(1.,0.,0.));
#4878 = ADVANCED_FACE('',(#4879),#4885,.F.);
#4879 = FACE_BOUND('',#4880,.F.);
#4880 = EDGE_LOOP('',(#4881,#4882,#4883,#4884));
#4881 = ORIENTED_EDGE('',*,*,#3244,.T.);
#4882 = ORIENTED_EDGE('',*,*,#3230,.T.);
#4883 = ORIENTED_EDGE('',*,*,#4867,.F.);
#4884 = ORIENTED_EDGE('',*,*,#3362,.F.);
#4885 = PLANE('',#4886);
#4886 = AXIS2_PLACEMENT_3D('',#4887,#4888,#4889);
#4887 = CARTESIAN_POINT('',(27.700498366529,10.648912612068,0.));
#4888 = DIRECTION('',(1.,7.076617468474E-16,0.));
#4889 = DIRECTION('',(7.076617468474E-16,-1.,0.));
#4890 = ADVANCED_FACE('',(#4891),#4910,.F.);
#4891 = FACE_BOUND('',#4892,.T.);
#4892 = EDGE_LOOP('',(#4893,#4902,#4903,#4904));
#4893 = ORIENTED_EDGE('',*,*,#4894,.T.);
#4894 = EDGE_CURVE('',#4895,#3270,#4897,.T.);
#4895 = VERTEX_POINT('',#4896);
#4896 = CARTESIAN_POINT('',(28.55,22.975,4.1));
#4897 = CIRCLE('',#4898,4.1);
#4898 = AXIS2_PLACEMENT_3D('',#4899,#4900,#4901);
#4899 = CARTESIAN_POINT('',(28.55,22.975,0.));
#4900 = DIRECTION('',(1.,0.,2.244078477742E-31));
#4901 = DIRECTION('',(-2.244078477742E-31,-3.466062125659E-15,1.));
#4902 = ORIENTED_EDGE('',*,*,#3269,.T.);
#4903 = ORIENTED_EDGE('',*,*,#3803,.F.);
#4904 = ORIENTED_EDGE('',*,*,#4905,.T.);
#4905 = EDGE_CURVE('',#3804,#4895,#4906,.T.);
#4906 = LINE('',#4907,#4908);
#4907 = CARTESIAN_POINT('',(26.3,22.975,4.1));
#4908 = VECTOR('',#4909,1.);
#4909 = DIRECTION('',(1.,0.,0.));
#4910 = CYLINDRICAL_SURFACE('',#4911,4.1);
#4911 = AXIS2_PLACEMENT_3D('',#4912,#4913,#4914);
#4912 = CARTESIAN_POINT('',(26.3,22.975,0.));
#4913 = DIRECTION('',(-1.,-0.,-0.));
#4914 = DIRECTION('',(0.,1.,0.));
#4915 = ADVANCED_FACE('',(#4916),#4935,.F.);
#4916 = FACE_BOUND('',#4917,.F.);
#4917 = EDGE_LOOP('',(#4918,#4919,#4920,#4929));
#4918 = ORIENTED_EDGE('',*,*,#3320,.T.);
#4919 = ORIENTED_EDGE('',*,*,#3527,.T.);
#4920 = ORIENTED_EDGE('',*,*,#4921,.F.);
#4921 = EDGE_CURVE('',#4922,#3503,#4924,.T.);
#4922 = VERTEX_POINT('',#4923);
#4923 = CARTESIAN_POINT('',(6.37,-49.575,0.235));
#4924 = CIRCLE('',#4925,2.);
#4925 = AXIS2_PLACEMENT_3D('',#4926,#4927,#4928);
#4926 = CARTESIAN_POINT('',(4.534985258196,-50.37043755088,0.235));
#4927 = DIRECTION('',(0.,0.,1.));
#4928 = DIRECTION('',(-2.22044604925E-16,-1.,0.));
#4929 = ORIENTED_EDGE('',*,*,#4930,.F.);
#4930 = EDGE_CURVE('',#3313,#4922,#4931,.T.);
#4931 = LINE('',#4932,#4933);
#4932 = CARTESIAN_POINT('',(6.37,-49.575,0.235));
#4933 = VECTOR('',#4934,1.);
#4934 = DIRECTION('',(0.,0.,1.));
#4935 = CYLINDRICAL_SURFACE('',#4936,2.);
#4936 = AXIS2_PLACEMENT_3D('',#4937,#4938,#4939);
#4937 = CARTESIAN_POINT('',(4.534985258196,-50.37043755088,0.235));
#4938 = DIRECTION('',(0.,0.,1.));
#4939 = DIRECTION('',(-2.22044604925E-16,-1.,0.));
#4940 = ADVANCED_FACE('',(#4941),#4952,.T.);
#4941 = FACE_BOUND('',#4942,.T.);
#4942 = EDGE_LOOP('',(#4943,#4944,#4945,#4946));
#4943 = ORIENTED_EDGE('',*,*,#4930,.F.);
#4944 = ORIENTED_EDGE('',*,*,#3312,.F.);
#4945 = ORIENTED_EDGE('',*,*,#4739,.T.);
#4946 = ORIENTED_EDGE('',*,*,#4947,.F.);
#4947 = EDGE_CURVE('',#4922,#4731,#4948,.T.);
#4948 = LINE('',#4949,#4950);
#4949 = CARTESIAN_POINT('',(6.37,-49.575,0.235));
#4950 = VECTOR('',#4951,1.);
#4951 = DIRECTION('',(0.707106781187,-0.707106781187,-1.228958129514E-15
    ));
#4952 = PLANE('',#4953);
#4953 = AXIS2_PLACEMENT_3D('',#4954,#4955,#4956);
#4954 = CARTESIAN_POINT('',(6.37,-49.575,0.235));
#4955 = DIRECTION('',(-0.707106781187,-0.707106781187,0.));
#4956 = DIRECTION('',(0.707106781187,-0.707106781187,-1.228958129514E-15
    ));
#4957 = ADVANCED_FACE('',(#4958),#4970,.T.);
#4958 = FACE_BOUND('',#4959,.T.);
#4959 = EDGE_LOOP('',(#4960,#4967,#4968,#4969));
#4960 = ORIENTED_EDGE('',*,*,#4961,.F.);
#4961 = EDGE_CURVE('',#4696,#3914,#4962,.T.);
#4962 = CIRCLE('',#4963,5.3);
#4963 = AXIS2_PLACEMENT_3D('',#4964,#4965,#4966);
#4964 = CARTESIAN_POINT('',(23.5,-44.575,10.100000000004));
#4965 = DIRECTION('',(0.,0.,1.));
#4966 = DIRECTION('',(1.,0.,0.));
#4967 = ORIENTED_EDGE('',*,*,#4746,.T.);
#4968 = ORIENTED_EDGE('',*,*,#3295,.T.);
#4969 = ORIENTED_EDGE('',*,*,#3921,.T.);
#4970 = CYLINDRICAL_SURFACE('',#4971,5.3);
#4971 = AXIS2_PLACEMENT_3D('',#4972,#4973,#4974);
#4972 = CARTESIAN_POINT('',(23.5,-44.575,10.100000000004));
#4973 = DIRECTION('',(0.,0.,1.));
#4974 = DIRECTION('',(1.,0.,0.));
#4975 = ADVANCED_FACE('',(#4976),#4987,.F.);
#4976 = FACE_BOUND('',#4977,.F.);
#4977 = EDGE_LOOP('',(#4978,#4984,#4985,#4986));
#4978 = ORIENTED_EDGE('',*,*,#4979,.F.);
#4979 = EDGE_CURVE('',#4895,#3929,#4980,.T.);
#4980 = LINE('',#4981,#4982);
#4981 = CARTESIAN_POINT('',(28.675,22.975,4.225));
#4982 = VECTOR('',#4983,1.);
#4983 = DIRECTION('',(0.707106781187,2.231959162036E-35,0.707106781187)
  );
#4984 = ORIENTED_EDGE('',*,*,#4894,.T.);
#4985 = ORIENTED_EDGE('',*,*,#3279,.T.);
#4986 = ORIENTED_EDGE('',*,*,#3928,.F.);
#4987 = CONICAL_SURFACE('',#4988,4.1,0.785398163397);
#4988 = AXIS2_PLACEMENT_3D('',#4989,#4990,#4991);
#4989 = CARTESIAN_POINT('',(28.55,22.975,0.));
#4990 = DIRECTION('',(1.,0.,2.244078477742E-31));
#4991 = DIRECTION('',(-2.244078477742E-31,-3.466062125659E-15,1.));
#4992 = ADVANCED_FACE('',(#4993),#5013,.F.);
#4993 = FACE_BOUND('',#4994,.F.);
#4994 = EDGE_LOOP('',(#4995,#4996,#4997,#5006));
#4995 = ORIENTED_EDGE('',*,*,#3453,.T.);
#4996 = ORIENTED_EDGE('',*,*,#4784,.T.);
#4997 = ORIENTED_EDGE('',*,*,#4998,.F.);
#4998 = EDGE_CURVE('',#4999,#4761,#5001,.T.);
#4999 = VERTEX_POINT('',#5000);
#5000 = CARTESIAN_POINT('',(-3.09,-49.575,3.315));
#5001 = CIRCLE('',#5002,3.08);
#5002 = AXIS2_PLACEMENT_3D('',#5003,#5004,#5005);
#5003 = CARTESIAN_POINT('',(-3.09,-49.575,0.235));
#5004 = DIRECTION('',(0.,-1.,0.));
#5005 = DIRECTION('',(1.,0.,-1.426809536664E-15));
#5006 = ORIENTED_EDGE('',*,*,#5007,.F.);
#5007 = EDGE_CURVE('',#3454,#4999,#5008,.T.);
#5008 = CIRCLE('',#5009,2.);
#5009 = AXIS2_PLACEMENT_3D('',#5010,#5011,#5012);
#5010 = CARTESIAN_POINT('',(-3.09,-50.37043755088,1.479985258196));
#5011 = DIRECTION('',(1.,0.,-1.488041876621E-15));
#5012 = DIRECTION('',(1.488041876621E-15,0.,1.));
#5013 = SURFACE_OF_REVOLUTION('',#5014,#5022);
#5014 = B_SPLINE_CURVE_WITH_KNOTS('',6,(#5015,#5016,#5017,#5018,#5019,
    #5020,#5021),.UNSPECIFIED.,.F.,.F.,(7,7),(4.779947731331,
    5.874156133283),.PIECEWISE_BEZIER_KNOTS.);
#5015 = CARTESIAN_POINT('',(-1.71,-48.375,0.235));
#5016 = CARTESIAN_POINT('',(-1.346095911041,-48.39962237747,0.235));
#5017 = CARTESIAN_POINT('',(-0.987584224804,-48.50387962994,0.235));
#5018 = CARTESIAN_POINT('',(-0.656222006636,-48.6863145094,0.235));
#5019 = CARTESIAN_POINT('',(-0.373356065635,-48.93745244817,0.235));
#5020 = CARTESIAN_POINT('',(-0.155062408568,-49.24035190863,0.235));
#5021 = CARTESIAN_POINT('',(-1.E-02,-49.575,0.235));
#5022 = AXIS1_PLACEMENT('',#5023,#5024);
#5023 = CARTESIAN_POINT('',(-3.09,-50.37043755088,0.235));
#5024 = DIRECTION('',(0.,-1.,0.));
#5025 = ADVANCED_FACE('',(#5026),#5045,.F.);
#5026 = FACE_BOUND('',#5027,.F.);
#5027 = EDGE_LOOP('',(#5028,#5029,#5030,#5038));
#5028 = ORIENTED_EDGE('',*,*,#3478,.T.);
#5029 = ORIENTED_EDGE('',*,*,#5007,.T.);
#5030 = ORIENTED_EDGE('',*,*,#5031,.F.);
#5031 = EDGE_CURVE('',#5032,#4999,#5034,.T.);
#5032 = VERTEX_POINT('',#5033);
#5033 = CARTESIAN_POINT('',(3.29,-49.575,3.315));
#5034 = LINE('',#5035,#5036);
#5035 = CARTESIAN_POINT('',(-3.09,-49.575,3.315));
#5036 = VECTOR('',#5037,1.);
#5037 = DIRECTION('',(-1.,0.,0.));
#5038 = ORIENTED_EDGE('',*,*,#5039,.F.);
#5039 = EDGE_CURVE('',#3479,#5032,#5040,.T.);
#5040 = CIRCLE('',#5041,2.);
#5041 = AXIS2_PLACEMENT_3D('',#5042,#5043,#5044);
#5042 = CARTESIAN_POINT('',(3.29,-50.37043755088,1.479985258196));
#5043 = DIRECTION('',(1.,0.,-1.710086481546E-15));
#5044 = DIRECTION('',(1.710086481546E-15,0.,1.));
#5045 = CYLINDRICAL_SURFACE('',#5046,2.);
#5046 = AXIS2_PLACEMENT_3D('',#5047,#5048,#5049);
#5047 = CARTESIAN_POINT('',(-3.09,-50.37043755088,1.479985258196));
#5048 = DIRECTION('',(-1.,0.,0.));
#5049 = DIRECTION('',(-0.,-1.,-2.22044604925E-16));
#5050 = ADVANCED_FACE('',(#5051),#5063,.F.);
#5051 = FACE_BOUND('',#5052,.F.);
#5052 = EDGE_LOOP('',(#5053,#5054,#5055,#5062));
#5053 = ORIENTED_EDGE('',*,*,#3502,.T.);
#5054 = ORIENTED_EDGE('',*,*,#5039,.T.);
#5055 = ORIENTED_EDGE('',*,*,#5056,.F.);
#5056 = EDGE_CURVE('',#4922,#5032,#5057,.T.);
#5057 = CIRCLE('',#5058,3.08);
#5058 = AXIS2_PLACEMENT_3D('',#5059,#5060,#5061);
#5059 = CARTESIAN_POINT('',(3.29,-49.575,0.235));
#5060 = DIRECTION('',(0.,-1.,0.));
#5061 = DIRECTION('',(1.,0.,-1.426809536664E-15));
#5062 = ORIENTED_EDGE('',*,*,#4921,.T.);
#5063 = SURFACE_OF_REVOLUTION('',#5064,#5072);
#5064 = B_SPLINE_CURVE_WITH_KNOTS('',6,(#5065,#5066,#5067,#5068,#5069,
    #5070,#5071),.UNSPECIFIED.,.F.,.F.,(7,7),(4.779947731331,
    5.874156133283),.PIECEWISE_BEZIER_KNOTS.);
#5065 = CARTESIAN_POINT('',(4.67,-48.375,0.235));
#5066 = CARTESIAN_POINT('',(5.033904088959,-48.39962237747,0.235));
#5067 = CARTESIAN_POINT('',(5.392415775196,-48.50387962994,0.235));
#5068 = CARTESIAN_POINT('',(5.723777993364,-48.6863145094,0.235));
#5069 = CARTESIAN_POINT('',(6.006643934365,-48.93745244817,0.235));
#5070 = CARTESIAN_POINT('',(6.224937591432,-49.24035190863,0.235));
#5071 = CARTESIAN_POINT('',(6.37,-49.575,0.235));
#5072 = AXIS1_PLACEMENT('',#5073,#5074);
#5073 = CARTESIAN_POINT('',(3.29,-50.37043755088,0.235));
#5074 = DIRECTION('',(0.,-1.,0.));
#5075 = ADVANCED_FACE('',(#5076,#5146,#5216,#5219,#5222,#5233,#5236),
  #5239,.T.);
#5076 = FACE_BOUND('',#5077,.T.);
#5077 = EDGE_LOOP('',(#5078,#5088,#5097,#5105,#5114,#5122,#5131,#5139));
#5078 = ORIENTED_EDGE('',*,*,#5079,.T.);
#5079 = EDGE_CURVE('',#5080,#5082,#5084,.T.);
#5080 = VERTEX_POINT('',#5081);
#5081 = CARTESIAN_POINT('',(18.5,37.705,11.6));
#5082 = VERTEX_POINT('',#5083);
#5083 = CARTESIAN_POINT('',(18.5,11.705,11.6));
#5084 = LINE('',#5085,#5086);
#5085 = CARTESIAN_POINT('',(18.5,37.705,11.6));
#5086 = VECTOR('',#5087,1.);
#5087 = DIRECTION('',(0.,-1.,0.));
#5088 = ORIENTED_EDGE('',*,*,#5089,.T.);
#5089 = EDGE_CURVE('',#5082,#5090,#5092,.T.);
#5090 = VERTEX_POINT('',#5091);
#5091 = CARTESIAN_POINT('',(16.25,9.455,11.6));
#5092 = CIRCLE('',#5093,2.25);
#5093 = AXIS2_PLACEMENT_3D('',#5094,#5095,#5096);
#5094 = CARTESIAN_POINT('',(16.25,11.705,11.6));
#5095 = DIRECTION('',(0.,0.,-1.));
#5096 = DIRECTION('',(1.,0.,0.));
#5097 = ORIENTED_EDGE('',*,*,#5098,.T.);
#5098 = EDGE_CURVE('',#5090,#5099,#5101,.T.);
#5099 = VERTEX_POINT('',#5100);
#5100 = CARTESIAN_POINT('',(-16.25,9.455,11.6));
#5101 = LINE('',#5102,#5103);
#5102 = CARTESIAN_POINT('',(16.25,9.455,11.6));
#5103 = VECTOR('',#5104,1.);
#5104 = DIRECTION('',(-1.,0.,0.));
#5105 = ORIENTED_EDGE('',*,*,#5106,.T.);
#5106 = EDGE_CURVE('',#5099,#5107,#5109,.T.);
#5107 = VERTEX_POINT('',#5108);
#5108 = CARTESIAN_POINT('',(-18.5,11.705,11.6));
#5109 = CIRCLE('',#5110,2.25);
#5110 = AXIS2_PLACEMENT_3D('',#5111,#5112,#5113);
#5111 = CARTESIAN_POINT('',(-16.25,11.705,11.6));
#5112 = DIRECTION('',(-0.,-0.,-1.));
#5113 = DIRECTION('',(0.,-1.,0.));
#5114 = ORIENTED_EDGE('',*,*,#5115,.T.);
#5115 = EDGE_CURVE('',#5107,#5116,#5118,.T.);
#5116 = VERTEX_POINT('',#5117);
#5117 = CARTESIAN_POINT('',(-18.5,37.705,11.6));
#5118 = LINE('',#5119,#5120);
#5119 = CARTESIAN_POINT('',(-18.5,11.705,11.6));
#5120 = VECTOR('',#5121,1.);
#5121 = DIRECTION('',(0.,1.,0.));
#5122 = ORIENTED_EDGE('',*,*,#5123,.T.);
#5123 = EDGE_CURVE('',#5116,#5124,#5126,.T.);
#5124 = VERTEX_POINT('',#5125);
#5125 = CARTESIAN_POINT('',(-16.25,39.955,11.6));
#5126 = CIRCLE('',#5127,2.25);
#5127 = AXIS2_PLACEMENT_3D('',#5128,#5129,#5130);
#5128 = CARTESIAN_POINT('',(-16.25,37.705,11.6));
#5129 = DIRECTION('',(0.,0.,-1.));
#5130 = DIRECTION('',(-1.,0.,0.));
#5131 = ORIENTED_EDGE('',*,*,#5132,.T.);
#5132 = EDGE_CURVE('',#5124,#5133,#5135,.T.);
#5133 = VERTEX_POINT('',#5134);
#5134 = CARTESIAN_POINT('',(16.25,39.955,11.6));
#5135 = LINE('',#5136,#5137);
#5136 = CARTESIAN_POINT('',(-16.25,39.955,11.6));
#5137 = VECTOR('',#5138,1.);
#5138 = DIRECTION('',(1.,0.,0.));
#5139 = ORIENTED_EDGE('',*,*,#5140,.T.);
#5140 = EDGE_CURVE('',#5133,#5080,#5141,.T.);
#5141 = CIRCLE('',#5142,2.25);
#5142 = AXIS2_PLACEMENT_3D('',#5143,#5144,#5145);
#5143 = CARTESIAN_POINT('',(16.25,37.705,11.6));
#5144 = DIRECTION('',(0.,0.,-1.));
#5145 = DIRECTION('',(1.7763568394E-15,1.,0.));
#5146 = FACE_BOUND('',#5147,.T.);
#5147 = EDGE_LOOP('',(#5148,#5159,#5167,#5176,#5184,#5193,#5201,#5210));
#5148 = ORIENTED_EDGE('',*,*,#5149,.T.);
#5149 = EDGE_CURVE('',#5150,#5152,#5154,.T.);
#5150 = VERTEX_POINT('',#5151);
#5151 = CARTESIAN_POINT('',(-23.5,48.375,11.6));
#5152 = VERTEX_POINT('',#5153);
#5153 = CARTESIAN_POINT('',(-27.3,44.575,11.6));
#5154 = CIRCLE('',#5155,3.8);
#5155 = AXIS2_PLACEMENT_3D('',#5156,#5157,#5158);
#5156 = CARTESIAN_POINT('',(-23.5,44.575,11.6));
#5157 = DIRECTION('',(0.,0.,1.));
#5158 = DIRECTION('',(1.,0.,0.));
#5159 = ORIENTED_EDGE('',*,*,#5160,.T.);
#5160 = EDGE_CURVE('',#5152,#5161,#5163,.T.);
#5161 = VERTEX_POINT('',#5162);
#5162 = CARTESIAN_POINT('',(-27.3,-44.575,11.6));
#5163 = LINE('',#5164,#5165);
#5164 = CARTESIAN_POINT('',(-27.3,-44.575,11.6));
#5165 = VECTOR('',#5166,1.);
#5166 = DIRECTION('',(0.,-1.,0.));
#5167 = ORIENTED_EDGE('',*,*,#5168,.T.);
#5168 = EDGE_CURVE('',#5161,#5169,#5171,.T.);
#5169 = VERTEX_POINT('',#5170);
#5170 = CARTESIAN_POINT('',(-23.5,-48.375,11.6));
#5171 = CIRCLE('',#5172,3.8);
#5172 = AXIS2_PLACEMENT_3D('',#5173,#5174,#5175);
#5173 = CARTESIAN_POINT('',(-23.5,-44.575,11.6));
#5174 = DIRECTION('',(0.,0.,1.));
#5175 = DIRECTION('',(1.,0.,0.));
#5176 = ORIENTED_EDGE('',*,*,#5177,.T.);
#5177 = EDGE_CURVE('',#5169,#5178,#5180,.T.);
#5178 = VERTEX_POINT('',#5179);
#5179 = CARTESIAN_POINT('',(23.5,-48.375,11.6));
#5180 = LINE('',#5181,#5182);
#5181 = CARTESIAN_POINT('',(23.5,-48.375,11.6));
#5182 = VECTOR('',#5183,1.);
#5183 = DIRECTION('',(1.,-9.494107596575E-16,0.));
#5184 = ORIENTED_EDGE('',*,*,#5185,.T.);
#5185 = EDGE_CURVE('',#5178,#5186,#5188,.T.);
#5186 = VERTEX_POINT('',#5187);
#5187 = CARTESIAN_POINT('',(27.3,-44.575,11.6));
#5188 = CIRCLE('',#5189,3.8);
#5189 = AXIS2_PLACEMENT_3D('',#5190,#5191,#5192);
#5190 = CARTESIAN_POINT('',(23.5,-44.575,11.6));
#5191 = DIRECTION('',(0.,0.,1.));
#5192 = DIRECTION('',(1.,0.,0.));
#5193 = ORIENTED_EDGE('',*,*,#5194,.T.);
#5194 = EDGE_CURVE('',#5186,#5195,#5197,.T.);
#5195 = VERTEX_POINT('',#5196);
#5196 = CARTESIAN_POINT('',(27.3,44.575,11.6));
#5197 = LINE('',#5198,#5199);
#5198 = CARTESIAN_POINT('',(27.3,44.575,11.6));
#5199 = VECTOR('',#5200,1.);
#5200 = DIRECTION('',(1.010643099615E-15,1.,0.));
#5201 = ORIENTED_EDGE('',*,*,#5202,.T.);
#5202 = EDGE_CURVE('',#5195,#5203,#5205,.T.);
#5203 = VERTEX_POINT('',#5204);
#5204 = CARTESIAN_POINT('',(23.5,48.375,11.6));
#5205 = CIRCLE('',#5206,3.8);
#5206 = AXIS2_PLACEMENT_3D('',#5207,#5208,#5209);
#5207 = CARTESIAN_POINT('',(23.5,44.575,11.6));
#5208 = DIRECTION('',(0.,0.,1.));
#5209 = DIRECTION('',(1.,0.,0.));
#5210 = ORIENTED_EDGE('',*,*,#5211,.T.);
#5211 = EDGE_CURVE('',#5203,#5150,#5212,.T.);
#5212 = LINE('',#5213,#5214);
#5213 = CARTESIAN_POINT('',(-23.5,48.375,11.6));
#5214 = VECTOR('',#5215,1.);
#5215 = DIRECTION('',(-1.,1.271035289593E-15,0.));
#5216 = FACE_BOUND('',#5217,.T.);
#5217 = EDGE_LOOP('',(#5218));
#5218 = ORIENTED_EDGE('',*,*,#3636,.F.);
#5219 = FACE_BOUND('',#5220,.T.);
#5220 = EDGE_LOOP('',(#5221));
#5221 = ORIENTED_EDGE('',*,*,#3561,.F.);
#5222 = FACE_BOUND('',#5223,.T.);
#5223 = EDGE_LOOP('',(#5224));
#5224 = ORIENTED_EDGE('',*,*,#5225,.F.);
#5225 = EDGE_CURVE('',#5226,#5226,#5228,.T.);
#5226 = VERTEX_POINT('',#5227);
#5227 = CARTESIAN_POINT('',(24.849742261193,-22.1,11.6));
#5228 = CIRCLE('',#5229,24.849742261193);
#5229 = AXIS2_PLACEMENT_3D('',#5230,#5231,#5232);
#5230 = CARTESIAN_POINT('',(0.,-22.1,11.6));
#5231 = DIRECTION('',(0.,0.,1.));
#5232 = DIRECTION('',(1.,0.,0.));
#5233 = FACE_BOUND('',#5234,.T.);
#5234 = EDGE_LOOP('',(#5235));
#5235 = ORIENTED_EDGE('',*,*,#3661,.F.);
#5236 = FACE_BOUND('',#5237,.T.);
#5237 = EDGE_LOOP('',(#5238));
#5238 = ORIENTED_EDGE('',*,*,#3586,.F.);
#5239 = PLANE('',#5240);
#5240 = AXIS2_PLACEMENT_3D('',#5241,#5242,#5243);
#5241 = CARTESIAN_POINT('',(-1.383124949746E-14,-4.610416499152E-15,11.6
    ));
#5242 = DIRECTION('',(0.,0.,1.));
#5243 = DIRECTION('',(1.,0.,0.));
#5244 = ADVANCED_FACE('',(#5245),#5273,.F.);
#5245 = FACE_BOUND('',#5246,.F.);
#5246 = EDGE_LOOP('',(#5247,#5255,#5256,#5257,#5266));
#5247 = ORIENTED_EDGE('',*,*,#5248,.F.);
#5248 = EDGE_CURVE('',#3620,#5249,#5251,.T.);
#5249 = VERTEX_POINT('',#5250);
#5250 = CARTESIAN_POINT('',(-20.,-22.1,8.8));
#5251 = LINE('',#5252,#5253);
#5252 = CARTESIAN_POINT('',(-20.,-22.1,7.6));
#5253 = VECTOR('',#5254,1.);
#5254 = DIRECTION('',(0.,0.,1.));
#5255 = ORIENTED_EDGE('',*,*,#3619,.F.);
#5256 = ORIENTED_EDGE('',*,*,#5248,.T.);
#5257 = ORIENTED_EDGE('',*,*,#5258,.F.);
#5258 = EDGE_CURVE('',#5259,#5249,#5261,.T.);
#5259 = VERTEX_POINT('',#5260);
#5260 = CARTESIAN_POINT('',(20.,-22.1,8.8));
#5261 = CIRCLE('',#5262,20.);
#5262 = AXIS2_PLACEMENT_3D('',#5263,#5264,#5265);
#5263 = CARTESIAN_POINT('',(0.,-22.1,8.8));
#5264 = DIRECTION('',(0.,0.,1.));
#5265 = DIRECTION('',(1.,0.,0.));
#5266 = ORIENTED_EDGE('',*,*,#5267,.F.);
#5267 = EDGE_CURVE('',#5249,#5259,#5268,.T.);
#5268 = CIRCLE('',#5269,20.);
#5269 = AXIS2_PLACEMENT_3D('',#5270,#5271,#5272);
#5270 = CARTESIAN_POINT('',(0.,-22.1,8.8));
#5271 = DIRECTION('',(0.,0.,1.));
#5272 = DIRECTION('',(1.,0.,0.));
#5273 = CYLINDRICAL_SURFACE('',#5274,20.);
#5274 = AXIS2_PLACEMENT_3D('',#5275,#5276,#5277);
#5275 = CARTESIAN_POINT('',(0.,-22.1,7.6));
#5276 = DIRECTION('',(0.,0.,-1.));
#5277 = DIRECTION('',(-1.,0.,0.));
#5278 = ADVANCED_FACE('',(#5279),#5290,.T.);
#5279 = FACE_BOUND('',#5280,.T.);
#5280 = EDGE_LOOP('',(#5281,#5282,#5283,#5289));
#5281 = ORIENTED_EDGE('',*,*,#3812,.F.);
#5282 = ORIENTED_EDGE('',*,*,#4096,.T.);
#5283 = ORIENTED_EDGE('',*,*,#5284,.T.);
#5284 = EDGE_CURVE('',#3873,#4895,#5285,.T.);
#5285 = LINE('',#5286,#5287);
#5286 = CARTESIAN_POINT('',(28.55,32.475,4.1));
#5287 = VECTOR('',#5288,1.);
#5288 = DIRECTION('',(0.,-1.,0.));
#5289 = ORIENTED_EDGE('',*,*,#4905,.F.);
#5290 = PLANE('',#5291);
#5291 = AXIS2_PLACEMENT_3D('',#5292,#5293,#5294);
#5292 = CARTESIAN_POINT('',(26.3,32.475,4.1));
#5293 = DIRECTION('',(0.,0.,-1.));
#5294 = DIRECTION('',(0.,-1.,0.));
#5295 = ADVANCED_FACE('',(#5296),#5302,.T.);
#5296 = FACE_BOUND('',#5297,.F.);
#5297 = EDGE_LOOP('',(#5298,#5299,#5300,#5301));
#5298 = ORIENTED_EDGE('',*,*,#3881,.F.);
#5299 = ORIENTED_EDGE('',*,*,#5284,.T.);
#5300 = ORIENTED_EDGE('',*,*,#4979,.T.);
#5301 = ORIENTED_EDGE('',*,*,#3937,.F.);
#5302 = PLANE('',#5303);
#5303 = AXIS2_PLACEMENT_3D('',#5304,#5305,#5306);
#5304 = CARTESIAN_POINT('',(28.675,32.475,4.225));
#5305 = DIRECTION('',(0.707106781187,5.827188984665E-19,-0.707106781187)
  );
#5306 = DIRECTION('',(-4.120444846312E-19,1.,4.120444846312E-19));
#5307 = ADVANCED_FACE('',(#5308),#5324,.T.);
#5308 = FACE_BOUND('',#5309,.T.);
#5309 = EDGE_LOOP('',(#5310,#5311,#5317,#5318));
#5310 = ORIENTED_EDGE('',*,*,#5194,.F.);
#5311 = ORIENTED_EDGE('',*,*,#5312,.F.);
#5312 = EDGE_CURVE('',#3914,#5186,#5313,.T.);
#5313 = LINE('',#5314,#5315);
#5314 = CARTESIAN_POINT('',(27.3,-44.575,11.6));
#5315 = VECTOR('',#5316,1.);
#5316 = DIRECTION('',(-0.707106781188,1.731912112473E-16,0.707106781186)
  );
#5317 = ORIENTED_EDGE('',*,*,#3913,.T.);
#5318 = ORIENTED_EDGE('',*,*,#5319,.F.);
#5319 = EDGE_CURVE('',#5195,#3906,#5320,.T.);
#5320 = LINE('',#5321,#5322);
#5321 = CARTESIAN_POINT('',(27.3,44.575,11.6));
#5322 = VECTOR('',#5323,1.);
#5323 = DIRECTION('',(0.707106781188,-5.576233432299E-16,-0.707106781186
    ));
#5324 = PLANE('',#5325);
#5325 = AXIS2_PLACEMENT_3D('',#5326,#5327,#5328);
#5326 = CARTESIAN_POINT('',(27.3,44.575,11.6));
#5327 = DIRECTION('',(0.707106781186,0.,0.707106781188));
#5328 = DIRECTION('',(0.707106781188,-5.576233432299E-16,-0.707106781186
    ));
#5329 = ADVANCED_FACE('',(#5330),#5341,.T.);
#5330 = FACE_BOUND('',#5331,.T.);
#5331 = EDGE_LOOP('',(#5332,#5333,#5334,#5335));
#5332 = ORIENTED_EDGE('',*,*,#5202,.F.);
#5333 = ORIENTED_EDGE('',*,*,#5319,.T.);
#5334 = ORIENTED_EDGE('',*,*,#3952,.T.);
#5335 = ORIENTED_EDGE('',*,*,#5336,.T.);
#5336 = EDGE_CURVE('',#3953,#5203,#5337,.T.);
#5337 = LINE('',#5338,#5339);
#5338 = CARTESIAN_POINT('',(23.5,48.375,11.6));
#5339 = VECTOR('',#5340,1.);
#5340 = DIRECTION('',(-3.57316294549E-16,-0.707106781188,0.707106781186)
  );
#5341 = CONICAL_SURFACE('',#5342,3.8,0.785398163399);
#5342 = AXIS2_PLACEMENT_3D('',#5343,#5344,#5345);
#5343 = CARTESIAN_POINT('',(23.5,44.575,11.6));
#5344 = DIRECTION('',(-0.,-0.,-1.));
#5345 = DIRECTION('',(1.,0.,0.));
#5346 = ADVANCED_FACE('',(#5347),#5358,.T.);
#5347 = FACE_BOUND('',#5348,.T.);
#5348 = EDGE_LOOP('',(#5349,#5350,#5351,#5352));
#5349 = ORIENTED_EDGE('',*,*,#5211,.F.);
#5350 = ORIENTED_EDGE('',*,*,#5336,.F.);
#5351 = ORIENTED_EDGE('',*,*,#3977,.T.);
#5352 = ORIENTED_EDGE('',*,*,#5353,.T.);
#5353 = EDGE_CURVE('',#3978,#5150,#5354,.T.);
#5354 = LINE('',#5355,#5356);
#5355 = CARTESIAN_POINT('',(-23.5,48.375,11.6));
#5356 = VECTOR('',#5357,1.);
#5357 = DIRECTION('',(4.27729934794E-16,-0.707106781188,0.707106781186)
  );
#5358 = PLANE('',#5359);
#5359 = AXIS2_PLACEMENT_3D('',#5360,#5361,#5362);
#5360 = CARTESIAN_POINT('',(-23.5,48.375,11.6));
#5361 = DIRECTION('',(0.,0.707106781186,0.707106781188));
#5362 = DIRECTION('',(7.417484265316E-16,0.707106781188,-0.707106781186)
  );
#5363 = ADVANCED_FACE('',(#5364),#5370,.F.);
#5364 = FACE_BOUND('',#5365,.F.);
#5365 = EDGE_LOOP('',(#5366,#5367,#5368,#5369));
#5366 = ORIENTED_EDGE('',*,*,#4157,.T.);
#5367 = ORIENTED_EDGE('',*,*,#4033,.T.);
#5368 = ORIENTED_EDGE('',*,*,#3995,.F.);
#5369 = ORIENTED_EDGE('',*,*,#4289,.F.);
#5370 = CONICAL_SURFACE('',#5371,4.1,1.221730476398);
#5371 = AXIS2_PLACEMENT_3D('',#5372,#5373,#5374);
#5372 = CARTESIAN_POINT('',(13.33,49.765808929721,0.23));
#5373 = DIRECTION('',(0.,1.,0.));
#5374 = DIRECTION('',(-1.,0.,-8.665155314148E-16));
#5375 = ADVANCED_FACE('',(#5376),#5382,.F.);
#5376 = FACE_BOUND('',#5377,.F.);
#5377 = EDGE_LOOP('',(#5378,#5379,#5380,#5381));
#5378 = ORIENTED_EDGE('',*,*,#4208,.F.);
#5379 = ORIENTED_EDGE('',*,*,#4361,.T.);
#5380 = ORIENTED_EDGE('',*,*,#4537,.T.);
#5381 = ORIENTED_EDGE('',*,*,#4521,.F.);
#5382 = PLANE('',#5383);
#5383 = AXIS2_PLACEMENT_3D('',#5384,#5385,#5386);
#5384 = CARTESIAN_POINT('',(-28.675,36.075,4.225));
#5385 = DIRECTION('',(0.707106781187,-5.827188984665E-19,0.707106781187)
  );
#5386 = DIRECTION('',(-4.120444846312E-19,-1.,-4.120444846312E-19));
#5387 = ADVANCED_FACE('',(#5388),#5399,.T.);
#5388 = FACE_BOUND('',#5389,.T.);
#5389 = EDGE_LOOP('',(#5390,#5391,#5392,#5393));
#5390 = ORIENTED_EDGE('',*,*,#5149,.F.);
#5391 = ORIENTED_EDGE('',*,*,#5353,.F.);
#5392 = ORIENTED_EDGE('',*,*,#4303,.T.);
#5393 = ORIENTED_EDGE('',*,*,#5394,.T.);
#5394 = EDGE_CURVE('',#4304,#5152,#5395,.T.);
#5395 = LINE('',#5396,#5397);
#5396 = CARTESIAN_POINT('',(-27.3,44.575,11.6));
#5397 = VECTOR('',#5398,1.);
#5398 = DIRECTION('',(0.707106781188,5.414413778507E-16,0.707106781186)
  );
#5399 = CONICAL_SURFACE('',#5400,3.8,0.785398163399);
#5400 = AXIS2_PLACEMENT_3D('',#5401,#5402,#5403);
#5401 = CARTESIAN_POINT('',(-23.5,44.575,11.6));
#5402 = DIRECTION('',(-0.,-0.,-1.));
#5403 = DIRECTION('',(1.,0.,0.));
#5404 = ADVANCED_FACE('',(#5405),#5411,.T.);
#5405 = FACE_BOUND('',#5406,.T.);
#5406 = EDGE_LOOP('',(#5407,#5408,#5409,#5410));
#5407 = ORIENTED_EDGE('',*,*,#4655,.F.);
#5408 = ORIENTED_EDGE('',*,*,#4384,.T.);
#5409 = ORIENTED_EDGE('',*,*,#4554,.T.);
#5410 = ORIENTED_EDGE('',*,*,#4587,.F.);
#5411 = PLANE('',#5412);
#5412 = AXIS2_PLACEMENT_3D('',#5413,#5414,#5415);
#5413 = CARTESIAN_POINT('',(-28.675,24.575,4.225));
#5414 = DIRECTION('',(-0.707106781187,-5.827188984665E-19,
    -0.707106781187));
#5415 = DIRECTION('',(-4.120444846312E-19,1.,-4.120444846312E-19));
#5416 = ADVANCED_FACE('',(#5417),#5428,.T.);
#5417 = FACE_BOUND('',#5418,.T.);
#5418 = EDGE_LOOP('',(#5419,#5420,#5421,#5422));
#5419 = ORIENTED_EDGE('',*,*,#5160,.F.);
#5420 = ORIENTED_EDGE('',*,*,#5394,.F.);
#5421 = ORIENTED_EDGE('',*,*,#4352,.T.);
#5422 = ORIENTED_EDGE('',*,*,#5423,.F.);
#5423 = EDGE_CURVE('',#5161,#4345,#5424,.T.);
#5424 = LINE('',#5425,#5426);
#5425 = CARTESIAN_POINT('',(-27.3,-44.575,11.6));
#5426 = VECTOR('',#5427,1.);
#5427 = DIRECTION('',(-0.707106781188,-1.570092458682E-16,
    -0.707106781186));
#5428 = PLANE('',#5429);
#5429 = AXIS2_PLACEMENT_3D('',#5430,#5431,#5432);
#5430 = CARTESIAN_POINT('',(-27.3,-44.575,11.6));
#5431 = DIRECTION('',(-0.707106781186,0.,0.707106781188));
#5432 = DIRECTION('',(-0.707106781188,-1.570092458682E-16,
    -0.707106781186));
#5433 = ADVANCED_FACE('',(#5434),#5459,.T.);
#5434 = FACE_BOUND('',#5435,.T.);
#5435 = EDGE_LOOP('',(#5436,#5444,#5445,#5453));
#5436 = ORIENTED_EDGE('',*,*,#5437,.F.);
#5437 = EDGE_CURVE('',#4428,#5438,#5440,.T.);
#5438 = VERTEX_POINT('',#5439);
#5439 = CARTESIAN_POINT('',(-16.25,39.705,11.35));
#5440 = LINE('',#5441,#5442);
#5441 = CARTESIAN_POINT('',(-16.25,39.705,7.6));
#5442 = VECTOR('',#5443,1.);
#5443 = DIRECTION('',(-2.678227071387E-33,-1.186064382473E-32,1.));
#5444 = ORIENTED_EDGE('',*,*,#4425,.F.);
#5445 = ORIENTED_EDGE('',*,*,#5446,.T.);
#5446 = EDGE_CURVE('',#4426,#5447,#5449,.T.);
#5447 = VERTEX_POINT('',#5448);
#5448 = CARTESIAN_POINT('',(16.25,39.705,11.35));
#5449 = LINE('',#5450,#5451);
#5450 = CARTESIAN_POINT('',(16.25,39.705,7.6));
#5451 = VECTOR('',#5452,1.);
#5452 = DIRECTION('',(-2.678227071387E-33,-1.186064382473E-32,1.));
#5453 = ORIENTED_EDGE('',*,*,#5454,.F.);
#5454 = EDGE_CURVE('',#5438,#5447,#5455,.T.);
#5455 = LINE('',#5456,#5457);
#5456 = CARTESIAN_POINT('',(-16.25,39.705,11.35));
#5457 = VECTOR('',#5458,1.);
#5458 = DIRECTION('',(1.,0.,0.));
#5459 = PLANE('',#5460);
#5460 = AXIS2_PLACEMENT_3D('',#5461,#5462,#5463);
#5461 = CARTESIAN_POINT('',(16.25,39.705,7.6));
#5462 = DIRECTION('',(-0.,-1.,-1.186064382473E-32));
#5463 = DIRECTION('',(-1.,0.,0.));
#5464 = ADVANCED_FACE('',(#5465),#5484,.F.);
#5465 = FACE_BOUND('',#5466,.F.);
#5466 = EDGE_LOOP('',(#5467,#5468,#5469,#5477));
#5467 = ORIENTED_EDGE('',*,*,#5437,.F.);
#5468 = ORIENTED_EDGE('',*,*,#4486,.F.);
#5469 = ORIENTED_EDGE('',*,*,#5470,.T.);
#5470 = EDGE_CURVE('',#4479,#5471,#5473,.T.);
#5471 = VERTEX_POINT('',#5472);
#5472 = CARTESIAN_POINT('',(-18.25,37.705,11.35));
#5473 = LINE('',#5474,#5475);
#5474 = CARTESIAN_POINT('',(-18.25,37.705,7.6));
#5475 = VECTOR('',#5476,1.);
#5476 = DIRECTION('',(-2.678227071387E-33,-1.186064382473E-32,1.));
#5477 = ORIENTED_EDGE('',*,*,#5478,.T.);
#5478 = EDGE_CURVE('',#5471,#5438,#5479,.T.);
#5479 = CIRCLE('',#5480,2.);
#5480 = AXIS2_PLACEMENT_3D('',#5481,#5482,#5483);
#5481 = CARTESIAN_POINT('',(-16.25,37.705,11.35));
#5482 = DIRECTION('',(0.,0.,-1.));
#5483 = DIRECTION('',(-1.,0.,0.));
#5484 = CYLINDRICAL_SURFACE('',#5485,2.);
#5485 = AXIS2_PLACEMENT_3D('',#5486,#5487,#5488);
#5486 = CARTESIAN_POINT('',(-16.25,37.705,7.6));
#5487 = DIRECTION('',(0.,0.,-1.));
#5488 = DIRECTION('',(-1.,0.,0.));
#5489 = ADVANCED_FACE('',(#5490),#5508,.T.);
#5490 = FACE_BOUND('',#5491,.T.);
#5491 = EDGE_LOOP('',(#5492,#5500,#5501,#5502));
#5492 = ORIENTED_EDGE('',*,*,#5493,.F.);
#5493 = EDGE_CURVE('',#4470,#5494,#5496,.T.);
#5494 = VERTEX_POINT('',#5495);
#5495 = CARTESIAN_POINT('',(-18.25,11.705,11.35));
#5496 = LINE('',#5497,#5498);
#5497 = CARTESIAN_POINT('',(-18.25,11.705,7.6));
#5498 = VECTOR('',#5499,1.);
#5499 = DIRECTION('',(-2.678227071387E-33,-1.186064382473E-32,1.));
#5500 = ORIENTED_EDGE('',*,*,#4478,.F.);
#5501 = ORIENTED_EDGE('',*,*,#5470,.T.);
#5502 = ORIENTED_EDGE('',*,*,#5503,.F.);
#5503 = EDGE_CURVE('',#5494,#5471,#5504,.T.);
#5504 = LINE('',#5505,#5506);
#5505 = CARTESIAN_POINT('',(-18.25,11.705,11.35));
#5506 = VECTOR('',#5507,1.);
#5507 = DIRECTION('',(0.,1.,0.));
#5508 = PLANE('',#5509);
#5509 = AXIS2_PLACEMENT_3D('',#5510,#5511,#5512);
#5510 = CARTESIAN_POINT('',(-18.25,37.705,7.6));
#5511 = DIRECTION('',(1.,0.,2.678227071387E-33));
#5512 = DIRECTION('',(0.,-1.,0.));
#5513 = ADVANCED_FACE('',(#5514),#5533,.F.);
#5514 = FACE_BOUND('',#5515,.F.);
#5515 = EDGE_LOOP('',(#5516,#5517,#5518,#5526));
#5516 = ORIENTED_EDGE('',*,*,#5493,.F.);
#5517 = ORIENTED_EDGE('',*,*,#4469,.F.);
#5518 = ORIENTED_EDGE('',*,*,#5519,.T.);
#5519 = EDGE_CURVE('',#4462,#5520,#5522,.T.);
#5520 = VERTEX_POINT('',#5521);
#5521 = CARTESIAN_POINT('',(-16.25,9.705,11.35));
#5522 = LINE('',#5523,#5524);
#5523 = CARTESIAN_POINT('',(-16.25,9.705,7.6));
#5524 = VECTOR('',#5525,1.);
#5525 = DIRECTION('',(-2.678227071387E-33,-1.186064382473E-32,1.));
#5526 = ORIENTED_EDGE('',*,*,#5527,.T.);
#5527 = EDGE_CURVE('',#5520,#5494,#5528,.T.);
#5528 = CIRCLE('',#5529,2.);
#5529 = AXIS2_PLACEMENT_3D('',#5530,#5531,#5532);
#5530 = CARTESIAN_POINT('',(-16.25,11.705,11.35));
#5531 = DIRECTION('',(-0.,-0.,-1.));
#5532 = DIRECTION('',(0.,-1.,0.));
#5533 = CYLINDRICAL_SURFACE('',#5534,2.);
#5534 = AXIS2_PLACEMENT_3D('',#5535,#5536,#5537);
#5535 = CARTESIAN_POINT('',(-16.25,11.705,7.6));
#5536 = DIRECTION('',(0.,0.,-1.));
#5537 = DIRECTION('',(-1.,0.,0.));
#5538 = ADVANCED_FACE('',(#5539),#5557,.T.);
#5539 = FACE_BOUND('',#5540,.T.);
#5540 = EDGE_LOOP('',(#5541,#5549,#5550,#5551));
#5541 = ORIENTED_EDGE('',*,*,#5542,.F.);
#5542 = EDGE_CURVE('',#4453,#5543,#5545,.T.);
#5543 = VERTEX_POINT('',#5544);
#5544 = CARTESIAN_POINT('',(16.25,9.705,11.35));
#5545 = LINE('',#5546,#5547);
#5546 = CARTESIAN_POINT('',(16.25,9.705,7.6));
#5547 = VECTOR('',#5548,1.);
#5548 = DIRECTION('',(-2.678227071387E-33,-1.186064382473E-32,1.));
#5549 = ORIENTED_EDGE('',*,*,#4461,.F.);
#5550 = ORIENTED_EDGE('',*,*,#5519,.T.);
#5551 = ORIENTED_EDGE('',*,*,#5552,.F.);
#5552 = EDGE_CURVE('',#5543,#5520,#5553,.T.);
#5553 = LINE('',#5554,#5555);
#5554 = CARTESIAN_POINT('',(16.25,9.705,11.35));
#5555 = VECTOR('',#5556,1.);
#5556 = DIRECTION('',(-1.,0.,0.));
#5557 = PLANE('',#5558);
#5558 = AXIS2_PLACEMENT_3D('',#5559,#5560,#5561);
#5559 = CARTESIAN_POINT('',(-16.25,9.705,7.6));
#5560 = DIRECTION('',(0.,1.,1.186064382473E-32));
#5561 = DIRECTION('',(1.,0.,0.));
#5562 = ADVANCED_FACE('',(#5563),#5582,.F.);
#5563 = FACE_BOUND('',#5564,.F.);
#5564 = EDGE_LOOP('',(#5565,#5566,#5567,#5575));
#5565 = ORIENTED_EDGE('',*,*,#5542,.F.);
#5566 = ORIENTED_EDGE('',*,*,#4452,.F.);
#5567 = ORIENTED_EDGE('',*,*,#5568,.T.);
#5568 = EDGE_CURVE('',#4445,#5569,#5571,.T.);
#5569 = VERTEX_POINT('',#5570);
#5570 = CARTESIAN_POINT('',(18.25,11.705,11.35));
#5571 = LINE('',#5572,#5573);
#5572 = CARTESIAN_POINT('',(18.25,11.705,7.6));
#5573 = VECTOR('',#5574,1.);
#5574 = DIRECTION('',(-2.678227071387E-33,-1.186064382473E-32,1.));
#5575 = ORIENTED_EDGE('',*,*,#5576,.T.);
#5576 = EDGE_CURVE('',#5569,#5543,#5577,.T.);
#5577 = CIRCLE('',#5578,2.);
#5578 = AXIS2_PLACEMENT_3D('',#5579,#5580,#5581);
#5579 = CARTESIAN_POINT('',(16.25,11.705,11.35));
#5580 = DIRECTION('',(0.,0.,-1.));
#5581 = DIRECTION('',(1.,0.,0.));
#5582 = CYLINDRICAL_SURFACE('',#5583,2.);
#5583 = AXIS2_PLACEMENT_3D('',#5584,#5585,#5586);
#5584 = CARTESIAN_POINT('',(16.25,11.705,7.6));
#5585 = DIRECTION('',(0.,0.,-1.));
#5586 = DIRECTION('',(-1.,0.,0.));
#5587 = ADVANCED_FACE('',(#5588),#5606,.T.);
#5588 = FACE_BOUND('',#5589,.T.);
#5589 = EDGE_LOOP('',(#5590,#5598,#5599,#5600));
#5590 = ORIENTED_EDGE('',*,*,#5591,.F.);
#5591 = EDGE_CURVE('',#4436,#5592,#5594,.T.);
#5592 = VERTEX_POINT('',#5593);
#5593 = CARTESIAN_POINT('',(18.25,37.705,11.35));
#5594 = LINE('',#5595,#5596);
#5595 = CARTESIAN_POINT('',(18.25,37.705,7.6));
#5596 = VECTOR('',#5597,1.);
#5597 = DIRECTION('',(-2.678227071387E-33,-1.186064382473E-32,1.));
#5598 = ORIENTED_EDGE('',*,*,#4444,.F.);
#5599 = ORIENTED_EDGE('',*,*,#5568,.T.);
#5600 = ORIENTED_EDGE('',*,*,#5601,.F.);
#5601 = EDGE_CURVE('',#5592,#5569,#5602,.T.);
#5602 = LINE('',#5603,#5604);
#5603 = CARTESIAN_POINT('',(18.25,37.705,11.35));
#5604 = VECTOR('',#5605,1.);
#5605 = DIRECTION('',(0.,-1.,0.));
#5606 = PLANE('',#5607);
#5607 = AXIS2_PLACEMENT_3D('',#5608,#5609,#5610);
#5608 = CARTESIAN_POINT('',(18.25,11.705,7.6));
#5609 = DIRECTION('',(-1.,0.,-2.678227071387E-33));
#5610 = DIRECTION('',(0.,1.,0.));
#5611 = ADVANCED_FACE('',(#5612),#5624,.F.);
#5612 = FACE_BOUND('',#5613,.F.);
#5613 = EDGE_LOOP('',(#5614,#5615,#5616,#5617));
#5614 = ORIENTED_EDGE('',*,*,#5591,.F.);
#5615 = ORIENTED_EDGE('',*,*,#4435,.F.);
#5616 = ORIENTED_EDGE('',*,*,#5446,.T.);
#5617 = ORIENTED_EDGE('',*,*,#5618,.T.);
#5618 = EDGE_CURVE('',#5447,#5592,#5619,.T.);
#5619 = CIRCLE('',#5620,2.);
#5620 = AXIS2_PLACEMENT_3D('',#5621,#5622,#5623);
#5621 = CARTESIAN_POINT('',(16.25,37.705,11.35));
#5622 = DIRECTION('',(0.,0.,-1.));
#5623 = DIRECTION('',(1.7763568394E-15,1.,0.));
#5624 = CYLINDRICAL_SURFACE('',#5625,2.);
#5625 = AXIS2_PLACEMENT_3D('',#5626,#5627,#5628);
#5626 = CARTESIAN_POINT('',(16.25,37.705,7.6));
#5627 = DIRECTION('',(0.,0.,-1.));
#5628 = DIRECTION('',(-1.,0.,0.));
#5629 = ADVANCED_FACE('',(#5630),#5641,.T.);
#5630 = FACE_BOUND('',#5631,.T.);
#5631 = EDGE_LOOP('',(#5632,#5633,#5634,#5635));
#5632 = ORIENTED_EDGE('',*,*,#5168,.F.);
#5633 = ORIENTED_EDGE('',*,*,#5423,.T.);
#5634 = ORIENTED_EDGE('',*,*,#4670,.T.);
#5635 = ORIENTED_EDGE('',*,*,#5636,.T.);
#5636 = EDGE_CURVE('',#4671,#5169,#5637,.T.);
#5637 = LINE('',#5638,#5639);
#5638 = CARTESIAN_POINT('',(-23.5,-48.375,11.6));
#5639 = VECTOR('',#5640,1.);
#5640 = DIRECTION('',(1.298934084355E-16,0.707106781188,0.707106781186)
  );
#5641 = CONICAL_SURFACE('',#5642,3.8,0.785398163399);
#5642 = AXIS2_PLACEMENT_3D('',#5643,#5644,#5645);
#5643 = CARTESIAN_POINT('',(-23.5,-44.575,11.6));
#5644 = DIRECTION('',(-0.,-0.,-1.));
#5645 = DIRECTION('',(1.,0.,0.));
#5646 = ADVANCED_FACE('',(#5647),#5658,.T.);
#5647 = FACE_BOUND('',#5648,.T.);
#5648 = EDGE_LOOP('',(#5649,#5650,#5651,#5652));
#5649 = ORIENTED_EDGE('',*,*,#5177,.F.);
#5650 = ORIENTED_EDGE('',*,*,#5636,.F.);
#5651 = ORIENTED_EDGE('',*,*,#4695,.T.);
#5652 = ORIENTED_EDGE('',*,*,#5653,.F.);
#5653 = EDGE_CURVE('',#5178,#4696,#5654,.T.);
#5654 = LINE('',#5655,#5656);
#5655 = CARTESIAN_POINT('',(23.5,-48.375,11.6));
#5656 = VECTOR('',#5657,1.);
#5657 = DIRECTION('',(-5.143255404181E-16,-0.707106781188,
    -0.707106781186));
#5658 = PLANE('',#5659);
#5659 = AXIS2_PLACEMENT_3D('',#5660,#5661,#5662);
#5660 = CARTESIAN_POINT('',(23.5,-48.375,11.6));
#5661 = DIRECTION('',(0.,-0.707106781186,0.707106781188));
#5662 = DIRECTION('',(-5.143255404181E-16,-0.707106781188,
    -0.707106781186));
#5663 = ADVANCED_FACE('',(#5664),#5675,.F.);
#5664 = FACE_BOUND('',#5665,.F.);
#5665 = EDGE_LOOP('',(#5666,#5667,#5673,#5674));
#5666 = ORIENTED_EDGE('',*,*,#5056,.T.);
#5667 = ORIENTED_EDGE('',*,*,#5668,.T.);
#5668 = EDGE_CURVE('',#5032,#4723,#5669,.T.);
#5669 = LINE('',#5670,#5671);
#5670 = CARTESIAN_POINT('',(3.29,-49.575,3.315));
#5671 = VECTOR('',#5672,1.);
#5672 = DIRECTION('',(1.423755717784E-15,-0.707106781187,0.707106781187)
  );
#5673 = ORIENTED_EDGE('',*,*,#4730,.F.);
#5674 = ORIENTED_EDGE('',*,*,#4947,.F.);
#5675 = CONICAL_SURFACE('',#5676,3.08,0.785398163397);
#5676 = AXIS2_PLACEMENT_3D('',#5677,#5678,#5679);
#5677 = CARTESIAN_POINT('',(3.29,-49.575,0.235));
#5678 = DIRECTION('',(0.,-1.,0.));
#5679 = DIRECTION('',(1.,0.,-1.730217700715E-15));
#5680 = ADVANCED_FACE('',(#5681),#5692,.T.);
#5681 = FACE_BOUND('',#5682,.T.);
#5682 = EDGE_LOOP('',(#5683,#5684,#5685,#5686));
#5683 = ORIENTED_EDGE('',*,*,#5031,.F.);
#5684 = ORIENTED_EDGE('',*,*,#5668,.T.);
#5685 = ORIENTED_EDGE('',*,*,#4722,.T.);
#5686 = ORIENTED_EDGE('',*,*,#5687,.F.);
#5687 = EDGE_CURVE('',#4999,#4714,#5688,.T.);
#5688 = LINE('',#5689,#5690);
#5689 = CARTESIAN_POINT('',(-3.09,-49.575,3.315));
#5690 = VECTOR('',#5691,1.);
#5691 = DIRECTION('',(1.266746471916E-15,-0.707106781187,0.707106781187)
  );
#5692 = PLANE('',#5693);
#5693 = AXIS2_PLACEMENT_3D('',#5694,#5695,#5696);
#5694 = CARTESIAN_POINT('',(-3.09,-49.575,3.315));
#5695 = DIRECTION('',(-0.,-0.707106781187,-0.707106781187));
#5696 = DIRECTION('',(1.212776164135E-15,-0.707106781187,0.707106781187)
  );
#5697 = ADVANCED_FACE('',(#5698),#5704,.F.);
#5698 = FACE_BOUND('',#5699,.F.);
#5699 = EDGE_LOOP('',(#5700,#5701,#5702,#5703));
#5700 = ORIENTED_EDGE('',*,*,#4998,.T.);
#5701 = ORIENTED_EDGE('',*,*,#4768,.T.);
#5702 = ORIENTED_EDGE('',*,*,#4713,.F.);
#5703 = ORIENTED_EDGE('',*,*,#5687,.F.);
#5704 = CONICAL_SURFACE('',#5705,3.08,0.785398163397);
#5705 = AXIS2_PLACEMENT_3D('',#5706,#5707,#5708);
#5706 = CARTESIAN_POINT('',(-3.09,-49.575,0.235));
#5707 = DIRECTION('',(0.,-1.,0.));
#5708 = DIRECTION('',(1.,0.,-1.730217700715E-15));
#5709 = ADVANCED_FACE('',(#5710),#5716,.T.);
#5710 = FACE_BOUND('',#5711,.T.);
#5711 = EDGE_LOOP('',(#5712,#5713,#5714,#5715));
#5712 = ORIENTED_EDGE('',*,*,#5185,.F.);
#5713 = ORIENTED_EDGE('',*,*,#5653,.T.);
#5714 = ORIENTED_EDGE('',*,*,#4961,.T.);
#5715 = ORIENTED_EDGE('',*,*,#5312,.T.);
#5716 = CONICAL_SURFACE('',#5717,3.8,0.785398163399);
#5717 = AXIS2_PLACEMENT_3D('',#5718,#5719,#5720);
#5718 = CARTESIAN_POINT('',(23.5,-44.575,11.6));
#5719 = DIRECTION('',(-0.,-0.,-1.));
#5720 = DIRECTION('',(1.,0.,0.));
#5721 = ADVANCED_FACE('',(#5722),#5738,.T.);
#5722 = FACE_BOUND('',#5723,.F.);
#5723 = EDGE_LOOP('',(#5724,#5730,#5731,#5737));
#5724 = ORIENTED_EDGE('',*,*,#5725,.F.);
#5725 = EDGE_CURVE('',#5080,#5592,#5726,.T.);
#5726 = LINE('',#5727,#5728);
#5727 = CARTESIAN_POINT('',(18.375,37.705,11.475));
#5728 = VECTOR('',#5729,1.);
#5729 = DIRECTION('',(-0.707106781187,2.231959162036E-35,-0.707106781187
    ));
#5730 = ORIENTED_EDGE('',*,*,#5079,.T.);
#5731 = ORIENTED_EDGE('',*,*,#5732,.T.);
#5732 = EDGE_CURVE('',#5082,#5569,#5733,.T.);
#5733 = LINE('',#5734,#5735);
#5734 = CARTESIAN_POINT('',(18.375,11.705,11.475));
#5735 = VECTOR('',#5736,1.);
#5736 = DIRECTION('',(-0.707106781187,2.231959162036E-35,-0.707106781187
    ));
#5737 = ORIENTED_EDGE('',*,*,#5601,.F.);
#5738 = PLANE('',#5739);
#5739 = AXIS2_PLACEMENT_3D('',#5740,#5741,#5742);
#5740 = CARTESIAN_POINT('',(18.375,37.705,11.475));
#5741 = DIRECTION('',(-0.707106781187,5.827188984665E-19,0.707106781187)
  );
#5742 = DIRECTION('',(4.120444846312E-19,1.,-4.120444846312E-19));
#5743 = ADVANCED_FACE('',(#5744),#5755,.F.);
#5744 = FACE_BOUND('',#5745,.F.);
#5745 = EDGE_LOOP('',(#5746,#5752,#5753,#5754));
#5746 = ORIENTED_EDGE('',*,*,#5747,.F.);
#5747 = EDGE_CURVE('',#5133,#5447,#5748,.T.);
#5748 = LINE('',#5749,#5750);
#5749 = CARTESIAN_POINT('',(16.25,39.83,11.475));
#5750 = VECTOR('',#5751,1.);
#5751 = DIRECTION('',(-2.231959162036E-35,-0.707106781187,
    -0.707106781187));
#5752 = ORIENTED_EDGE('',*,*,#5140,.T.);
#5753 = ORIENTED_EDGE('',*,*,#5725,.T.);
#5754 = ORIENTED_EDGE('',*,*,#5618,.F.);
#5755 = CONICAL_SURFACE('',#5756,2.,0.785398163397);
#5756 = AXIS2_PLACEMENT_3D('',#5757,#5758,#5759);
#5757 = CARTESIAN_POINT('',(16.25,37.705,11.35));
#5758 = DIRECTION('',(0.,0.,1.));
#5759 = DIRECTION('',(1.7763568394E-15,1.,0.));
#5760 = ADVANCED_FACE('',(#5761),#5772,.F.);
#5761 = FACE_BOUND('',#5762,.F.);
#5762 = EDGE_LOOP('',(#5763,#5764,#5765,#5771));
#5763 = ORIENTED_EDGE('',*,*,#5732,.F.);
#5764 = ORIENTED_EDGE('',*,*,#5089,.T.);
#5765 = ORIENTED_EDGE('',*,*,#5766,.T.);
#5766 = EDGE_CURVE('',#5090,#5543,#5767,.T.);
#5767 = LINE('',#5768,#5769);
#5768 = CARTESIAN_POINT('',(16.25,9.705,11.35));
#5769 = VECTOR('',#5770,1.);
#5770 = DIRECTION('',(-4.329780281177E-17,0.707106781187,-0.707106781187
    ));
#5771 = ORIENTED_EDGE('',*,*,#5576,.F.);
#5772 = CONICAL_SURFACE('',#5773,2.,0.785398163397);
#5773 = AXIS2_PLACEMENT_3D('',#5774,#5775,#5776);
#5774 = CARTESIAN_POINT('',(16.25,11.705,11.35));
#5775 = DIRECTION('',(0.,0.,1.));
#5776 = DIRECTION('',(1.,0.,0.));
#5777 = ADVANCED_FACE('',(#5778),#5789,.T.);
#5778 = FACE_BOUND('',#5779,.F.);
#5779 = EDGE_LOOP('',(#5780,#5786,#5787,#5788));
#5780 = ORIENTED_EDGE('',*,*,#5781,.F.);
#5781 = EDGE_CURVE('',#5124,#5438,#5782,.T.);
#5782 = LINE('',#5783,#5784);
#5783 = CARTESIAN_POINT('',(-16.25,39.705,11.35));
#5784 = VECTOR('',#5785,1.);
#5785 = DIRECTION('',(6.713347862853E-16,-0.707106781187,-0.707106781187
    ));
#5786 = ORIENTED_EDGE('',*,*,#5132,.T.);
#5787 = ORIENTED_EDGE('',*,*,#5747,.T.);
#5788 = ORIENTED_EDGE('',*,*,#5454,.F.);
#5789 = PLANE('',#5790);
#5790 = AXIS2_PLACEMENT_3D('',#5791,#5792,#5793);
#5791 = CARTESIAN_POINT('',(-16.25,39.83,11.475));
#5792 = DIRECTION('',(5.827188984665E-19,-0.707106781187,0.707106781187)
  );
#5793 = DIRECTION('',(-1.,-4.120444846312E-19,4.120444846312E-19));
#5794 = ADVANCED_FACE('',(#5795),#5806,.T.);
#5795 = FACE_BOUND('',#5796,.F.);
#5796 = EDGE_LOOP('',(#5797,#5798,#5799,#5805));
#5797 = ORIENTED_EDGE('',*,*,#5766,.F.);
#5798 = ORIENTED_EDGE('',*,*,#5098,.T.);
#5799 = ORIENTED_EDGE('',*,*,#5800,.T.);
#5800 = EDGE_CURVE('',#5099,#5520,#5801,.T.);
#5801 = LINE('',#5802,#5803);
#5802 = CARTESIAN_POINT('',(-16.25,9.58,11.475));
#5803 = VECTOR('',#5804,1.);
#5804 = DIRECTION('',(2.231959162036E-35,0.707106781187,-0.707106781187)
  );
#5805 = ORIENTED_EDGE('',*,*,#5552,.F.);
#5806 = PLANE('',#5807);
#5807 = AXIS2_PLACEMENT_3D('',#5808,#5809,#5810);
#5808 = CARTESIAN_POINT('',(16.25,9.58,11.475));
#5809 = DIRECTION('',(-5.827188984665E-19,0.707106781187,0.707106781187)
  );
#5810 = DIRECTION('',(1.,4.120444846312E-19,4.120444846312E-19));
#5811 = ADVANCED_FACE('',(#5812),#5823,.F.);
#5812 = FACE_BOUND('',#5813,.F.);
#5813 = EDGE_LOOP('',(#5814,#5820,#5821,#5822));
#5814 = ORIENTED_EDGE('',*,*,#5815,.F.);
#5815 = EDGE_CURVE('',#5116,#5471,#5816,.T.);
#5816 = LINE('',#5817,#5818);
#5817 = CARTESIAN_POINT('',(-18.375,37.705,11.475));
#5818 = VECTOR('',#5819,1.);
#5819 = DIRECTION('',(0.707106781187,-2.231959162036E-35,-0.707106781187
    ));
#5820 = ORIENTED_EDGE('',*,*,#5123,.T.);
#5821 = ORIENTED_EDGE('',*,*,#5781,.T.);
#5822 = ORIENTED_EDGE('',*,*,#5478,.F.);
#5823 = CONICAL_SURFACE('',#5824,2.,0.785398163397);
#5824 = AXIS2_PLACEMENT_3D('',#5825,#5826,#5827);
#5825 = CARTESIAN_POINT('',(-16.25,37.705,11.35));
#5826 = DIRECTION('',(0.,0.,1.));
#5827 = DIRECTION('',(-1.,0.,0.));
#5828 = ADVANCED_FACE('',(#5829),#5840,.F.);
#5829 = FACE_BOUND('',#5830,.F.);
#5830 = EDGE_LOOP('',(#5831,#5832,#5833,#5839));
#5831 = ORIENTED_EDGE('',*,*,#5800,.F.);
#5832 = ORIENTED_EDGE('',*,*,#5106,.T.);
#5833 = ORIENTED_EDGE('',*,*,#5834,.T.);
#5834 = EDGE_CURVE('',#5107,#5494,#5835,.T.);
#5835 = LINE('',#5836,#5837);
#5836 = CARTESIAN_POINT('',(-18.25,11.705,11.35));
#5837 = VECTOR('',#5838,1.);
#5838 = DIRECTION('',(0.707106781187,4.329780281177E-17,-0.707106781187)
  );
#5839 = ORIENTED_EDGE('',*,*,#5527,.F.);
#5840 = CONICAL_SURFACE('',#5841,2.,0.785398163397);
#5841 = AXIS2_PLACEMENT_3D('',#5842,#5843,#5844);
#5842 = CARTESIAN_POINT('',(-16.25,11.705,11.35));
#5843 = DIRECTION('',(0.,0.,1.));
#5844 = DIRECTION('',(0.,-1.,0.));
#5845 = ADVANCED_FACE('',(#5846),#5852,.T.);
#5846 = FACE_BOUND('',#5847,.F.);
#5847 = EDGE_LOOP('',(#5848,#5849,#5850,#5851));
#5848 = ORIENTED_EDGE('',*,*,#5834,.F.);
#5849 = ORIENTED_EDGE('',*,*,#5115,.T.);
#5850 = ORIENTED_EDGE('',*,*,#5815,.T.);
#5851 = ORIENTED_EDGE('',*,*,#5503,.F.);
#5852 = PLANE('',#5853);
#5853 = AXIS2_PLACEMENT_3D('',#5854,#5855,#5856);
#5854 = CARTESIAN_POINT('',(-18.375,11.705,11.475));
#5855 = DIRECTION('',(0.707106781187,-5.827188984665E-19,0.707106781187)
  );
#5856 = DIRECTION('',(-4.120444846312E-19,-1.,-4.120444846312E-19));
#5857 = ADVANCED_FACE('',(#5858),#5869,.F.);
#5858 = FACE_BOUND('',#5859,.F.);
#5859 = EDGE_LOOP('',(#5860,#5865,#5866,#5867,#5868));
#5860 = ORIENTED_EDGE('',*,*,#5861,.F.);
#5861 = EDGE_CURVE('',#5259,#5226,#5862,.T.);
#5862 = B_SPLINE_CURVE_WITH_KNOTS('',1,(#5863,#5864),.UNSPECIFIED.,.F.,
  .F.,(2,2),(0.,1.),.PIECEWISE_BEZIER_KNOTS.);
#5863 = CARTESIAN_POINT('',(20.,-22.1,8.8));
#5864 = CARTESIAN_POINT('',(28.660254037844,-22.1,13.8));
#5865 = ORIENTED_EDGE('',*,*,#5258,.T.);
#5866 = ORIENTED_EDGE('',*,*,#5267,.T.);
#5867 = ORIENTED_EDGE('',*,*,#5861,.T.);
#5868 = ORIENTED_EDGE('',*,*,#5225,.F.);
#5869 = CONICAL_SURFACE('',#5870,20.,1.047197551197);
#5870 = AXIS2_PLACEMENT_3D('',#5871,#5872,#5873);
#5871 = CARTESIAN_POINT('',(0.,-22.1,8.8));
#5872 = DIRECTION('',(0.,0.,1.));
#5873 = DIRECTION('',(1.,0.,0.));
#5874 = ( GEOMETRIC_REPRESENTATION_CONTEXT(3) 
GLOBAL_UNCERTAINTY_ASSIGNED_CONTEXT((#5878)) 
GLOBAL_UNIT_ASSIGNED_CONTEXT((#5875,#5876,#5877)) REPRESENTATION_CONTEXT
('Context #1','3D Context with UNIT and UNCERTAINTY') );
#5875 = ( LENGTH_UNIT() NAMED_UNIT(*) SI_UNIT(.MILLI.,.METRE.) );
#5876 = ( NAMED_UNIT(*) PLANE_ANGLE_UNIT() SI_UNIT($,.RADIAN.) );
#5877 = ( NAMED_UNIT(*) SI_UNIT($,.STERADIAN.) SOLID_ANGLE_UNIT() );
#5878 = UNCERTAINTY_MEASURE_WITH_UNIT(LENGTH_MEASURE(1.E-07),#5875,
  'distance_accuracy_value','confusion accuracy');
#5879 = PRODUCT_RELATED_PRODUCT_CATEGORY('part',$,(#7));
#5880 = MECHANICAL_DESIGN_GEOMETRIC_PRESENTATION_REPRESENTATION('',(
    #5881),#5874);
#5881 = STYLED_ITEM('color',(#5882),#15);
#5882 = PRESENTATION_STYLE_ASSIGNMENT((#5883,#5891));
#5883 = SURFACE_STYLE_USAGE(.BOTH.,#5884);
#5884 = SURFACE_SIDE_STYLE('',(#5885,#5889));
#5885 = SURFACE_STYLE_FILL_AREA(#5886);
#5886 = FILL_AREA_STYLE('',(#5887));
#5887 = FILL_AREA_STYLE_COLOUR('',#5888);
#5888 = COLOUR_RGB('',0.901960800373,0.901960800373,0.901960800373);
#5889 = SURFACE_STYLE_RENDERING_WITH_PROPERTIES(.NORMAL_SHADING.,#5888,(
    #5890));
#5890 = SURFACE_STYLE_TRANSPARENT(0.800000011921);
#5891 = CURVE_STYLE('',#5892,POSITIVE_LENGTH_MEASURE(0.1),#5893);
#5892 = DRAUGHTING_PRE_DEFINED_CURVE_FONT('continuous');
#5893 = COLOUR_RGB('',9.803921802644E-02,9.803921802644E-02,
  9.803921802644E-02);
ENDSEC;
END-ISO-10303-21;
