ISO-10303-21;
HEADER;
FILE_DESCRIPTION(('FreeCAD Model'),'2;1');
FILE_NAME('Open CASCADE Shape Model','2024-08-03T18:06:56',(''),(''),
  'Open CASCADE STEP processor 7.6','FreeCAD','Unknown');
FILE_SCHEMA(('AUTOMOTIVE_DESIGN { 1 0 10303 214 1 1 1 1 }'));
ENDSEC;
DATA;
#1 = APPLICATION_PROTOCOL_DEFINITION('international standard',
  'automotive_design',2000,#2);
#2 = APPLICATION_CONTEXT(
  'core data for automotive mechanical design processes');
#3 = SHAPE_DEFINITION_REPRESENTATION(#4,#10);
#4 = PRODUCT_DEFINITION_SHAPE('','',#5);
#5 = PRODUCT_DEFINITION('design','',#6,#9);
#6 = PRODUCT_DEFINITION_FORMATION('','',#7);
#7 = PRODUCT('SD Caddy','SD Caddy','',(#8));
#8 = PRODUCT_CONTEXT('',#2,'mechanical');
#9 = PRODUCT_DEFINITION_CONTEXT('part definition',#2,'design');
#10 = ADVANCED_BREP_SHAPE_REPRESENTATION('',(#11,#15),#1993);
#11 = AXIS2_PLACEMENT_3D('',#12,#13,#14);
#12 = CARTESIAN_POINT('',(0.,0.,0.));
#13 = DIRECTION('',(0.,0.,1.));
#14 = DIRECTION('',(1.,0.,-0.));
#15 = MANIFOLD_SOLID_BREP('',#16);
#16 = CLOSED_SHELL('',(#17,#59,#91,#447,#478,#508,#567,#591,#623,#647,
    #672,#704,#736,#762,#809,#832,#897,#923,#948,#980,#1012,#1036,#1061,
    #1093,#1119,#1172,#1195,#1266,#1292,#1317,#1349,#1375,#1422,#1445,
    #1524,#1550,#1575,#1592,#1614,#1636,#1661,#1685,#1709,#1727,#1760,
    #1782,#1796,#1829,#1843,#1857,#1877,#1896,#1908,#1934,#1946,#1965,
    #1979));
#17 = ADVANCED_FACE('',(#18),#54,.T.);
#18 = FACE_BOUND('',#19,.F.);
#19 = EDGE_LOOP('',(#20,#30,#39,#47));
#20 = ORIENTED_EDGE('',*,*,#21,.T.);
#21 = EDGE_CURVE('',#22,#24,#26,.T.);
#22 = VERTEX_POINT('',#23);
#23 = CARTESIAN_POINT('',(-26.2,-8.45,3.6));
#24 = VERTEX_POINT('',#25);
#25 = CARTESIAN_POINT('',(-27.5,-8.45,3.6));
#26 = LINE('',#27,#28);
#27 = CARTESIAN_POINT('',(-26.2,-8.45,3.6));
#28 = VECTOR('',#29,1.);
#29 = DIRECTION('',(-1.,-1.110223024625E-15,-4.440892098501E-16));
#30 = ORIENTED_EDGE('',*,*,#31,.T.);
#31 = EDGE_CURVE('',#24,#32,#34,.T.);
#32 = VERTEX_POINT('',#33);
#33 = CARTESIAN_POINT('',(-27.5,-6.95,2.1));
#34 = CIRCLE('',#35,1.5);
#35 = AXIS2_PLACEMENT_3D('',#36,#37,#38);
#36 = CARTESIAN_POINT('',(-27.5,-8.45,2.1));
#37 = DIRECTION('',(-1.,2.22044604925E-16,8.881784197001E-16));
#38 = DIRECTION('',(8.881784197001E-16,-3.121368995575E-16,1.));
#39 = ORIENTED_EDGE('',*,*,#40,.F.);
#40 = EDGE_CURVE('',#41,#32,#43,.T.);
#41 = VERTEX_POINT('',#42);
#42 = CARTESIAN_POINT('',(-26.2,-6.95,2.1));
#43 = LINE('',#44,#45);
#44 = CARTESIAN_POINT('',(-26.2,-6.95,2.1));
#45 = VECTOR('',#46,1.);
#46 = DIRECTION('',(-1.,-1.110223024625E-15,-4.440892098501E-16));
#47 = ORIENTED_EDGE('',*,*,#48,.F.);
#48 = EDGE_CURVE('',#22,#41,#49,.T.);
#49 = CIRCLE('',#50,1.5);
#50 = AXIS2_PLACEMENT_3D('',#51,#52,#53);
#51 = CARTESIAN_POINT('',(-26.2,-8.45,2.1));
#52 = DIRECTION('',(-1.,6.661338147751E-16,1.33226762955E-15));
#53 = DIRECTION('',(-6.661338147751E-16,-1.,1.33226762955E-15));
#54 = CYLINDRICAL_SURFACE('',#55,1.5);
#55 = AXIS2_PLACEMENT_3D('',#56,#57,#58);
#56 = CARTESIAN_POINT('',(-26.2,-8.45,2.1));
#57 = DIRECTION('',(1.,8.881784197001E-16,2.22044604925E-16));
#58 = DIRECTION('',(-4.440892098501E-16,-1.,1.110223024625E-15));
#59 = ADVANCED_FACE('',(#60),#86,.T.);
#60 = FACE_BOUND('',#61,.T.);
#61 = EDGE_LOOP('',(#62,#70,#71,#79));
#62 = ORIENTED_EDGE('',*,*,#63,.F.);
#63 = EDGE_CURVE('',#24,#64,#66,.T.);
#64 = VERTEX_POINT('',#65);
#65 = CARTESIAN_POINT('',(-27.7,-8.45,3.4));
#66 = LINE('',#67,#68);
#67 = CARTESIAN_POINT('',(-27.5,-8.45,3.6));
#68 = VECTOR('',#69,1.);
#69 = DIRECTION('',(-0.707106781187,-9.330437340108E-17,-0.707106781187)
  );
#70 = ORIENTED_EDGE('',*,*,#31,.T.);
#71 = ORIENTED_EDGE('',*,*,#72,.T.);
#72 = EDGE_CURVE('',#32,#73,#75,.T.);
#73 = VERTEX_POINT('',#74);
#74 = CARTESIAN_POINT('',(-27.7,-7.15,2.1));
#75 = LINE('',#76,#77);
#76 = CARTESIAN_POINT('',(-27.5,-6.95,2.1));
#77 = VECTOR('',#78,1.);
#78 = DIRECTION('',(-0.707106781187,-0.707106781187,2.070158164577E-16)
  );
#79 = ORIENTED_EDGE('',*,*,#80,.F.);
#80 = EDGE_CURVE('',#64,#73,#81,.T.);
#81 = CIRCLE('',#82,1.3);
#82 = AXIS2_PLACEMENT_3D('',#83,#84,#85);
#83 = CARTESIAN_POINT('',(-27.7,-8.45,2.1));
#84 = DIRECTION('',(-1.,2.22044604925E-16,8.881784197001E-16));
#85 = DIRECTION('',(8.881784197001E-16,-3.121368995575E-16,1.));
#86 = CONICAL_SURFACE('',#87,1.5,0.785398163397);
#87 = AXIS2_PLACEMENT_3D('',#88,#89,#90);
#88 = CARTESIAN_POINT('',(-27.5,-8.45,2.1));
#89 = DIRECTION('',(1.,4.440892098501E-16,-2.22044604925E-16));
#90 = DIRECTION('',(8.881784197001E-16,-3.121368995575E-16,1.));
#91 = ADVANCED_FACE('',(#92),#442,.T.);
#92 = FACE_BOUND('',#93,.T.);
#93 = EDGE_LOOP('',(#94,#95,#103,#112,#120,#129,#137,#146,#154,#163,#171
    ,#180,#188,#197,#205,#214,#222,#231,#239,#248,#256,#265,#273,#282,
    #290,#299,#308,#316,#325,#333,#342,#350,#359,#367,#376,#384,#393,
    #402,#410,#419,#427,#436));
#94 = ORIENTED_EDGE('',*,*,#48,.F.);
#95 = ORIENTED_EDGE('',*,*,#96,.T.);
#96 = EDGE_CURVE('',#22,#97,#99,.T.);
#97 = VERTEX_POINT('',#98);
#98 = CARTESIAN_POINT('',(-26.2,-11.2,3.6));
#99 = LINE('',#100,#101);
#100 = CARTESIAN_POINT('',(-26.2,-8.45,3.6));
#101 = VECTOR('',#102,1.);
#102 = DIRECTION('',(-6.661338147751E-16,-1.,1.33226762955E-15));
#103 = ORIENTED_EDGE('',*,*,#104,.F.);
#104 = EDGE_CURVE('',#105,#97,#107,.T.);
#105 = VERTEX_POINT('',#106);
#106 = CARTESIAN_POINT('',(-26.2,-10.45,2.85));
#107 = CIRCLE('',#108,0.75);
#108 = AXIS2_PLACEMENT_3D('',#109,#110,#111);
#109 = CARTESIAN_POINT('',(-26.2,-11.2,2.85));
#110 = DIRECTION('',(1.,-4.440892098501E-16,-8.881784197001E-16));
#111 = DIRECTION('',(4.440892098501E-16,1.,-8.881784197001E-16));
#112 = ORIENTED_EDGE('',*,*,#113,.T.);
#113 = EDGE_CURVE('',#105,#114,#116,.T.);
#114 = VERTEX_POINT('',#115);
#115 = CARTESIAN_POINT('',(-26.2,-10.45,2.65));
#116 = LINE('',#117,#118);
#117 = CARTESIAN_POINT('',(-26.2,-10.45,2.85));
#118 = VECTOR('',#119,1.);
#119 = DIRECTION('',(-8.881784197001E-16,4.440892098501E-16,-1.));
#120 = ORIENTED_EDGE('',*,*,#121,.F.);
#121 = EDGE_CURVE('',#122,#114,#124,.T.);
#122 = VERTEX_POINT('',#123);
#123 = CARTESIAN_POINT('',(-26.2,-11.2,1.9));
#124 = CIRCLE('',#125,0.75);
#125 = AXIS2_PLACEMENT_3D('',#126,#127,#128);
#126 = CARTESIAN_POINT('',(-26.2,-11.2,2.65));
#127 = DIRECTION('',(1.,-4.440892098501E-16,-8.881784197001E-16));
#128 = DIRECTION('',(4.440892098501E-16,1.,-8.881784197001E-16));
#129 = ORIENTED_EDGE('',*,*,#130,.T.);
#130 = EDGE_CURVE('',#122,#131,#133,.T.);
#131 = VERTEX_POINT('',#132);
#132 = CARTESIAN_POINT('',(-26.2,-14.7,1.9));
#133 = LINE('',#134,#135);
#134 = CARTESIAN_POINT('',(-26.2,-11.2,1.9));
#135 = VECTOR('',#136,1.);
#136 = DIRECTION('',(-4.440892098501E-16,-1.,8.881784197001E-16));
#137 = ORIENTED_EDGE('',*,*,#138,.F.);
#138 = EDGE_CURVE('',#139,#131,#141,.T.);
#139 = VERTEX_POINT('',#140);
#140 = CARTESIAN_POINT('',(-26.2,-15.45,2.65));
#141 = CIRCLE('',#142,0.75);
#142 = AXIS2_PLACEMENT_3D('',#143,#144,#145);
#143 = CARTESIAN_POINT('',(-26.2,-14.7,2.65));
#144 = DIRECTION('',(1.,-4.440892098501E-16,-8.881784197001E-16));
#145 = DIRECTION('',(4.440892098501E-16,1.,-8.881784197001E-16));
#146 = ORIENTED_EDGE('',*,*,#147,.T.);
#147 = EDGE_CURVE('',#139,#148,#150,.T.);
#148 = VERTEX_POINT('',#149);
#149 = CARTESIAN_POINT('',(-26.2,-15.45,2.85));
#150 = LINE('',#151,#152);
#151 = CARTESIAN_POINT('',(-26.2,-15.45,2.65));
#152 = VECTOR('',#153,1.);
#153 = DIRECTION('',(8.881784197001E-16,-4.440892098501E-16,1.));
#154 = ORIENTED_EDGE('',*,*,#155,.F.);
#155 = EDGE_CURVE('',#156,#148,#158,.T.);
#156 = VERTEX_POINT('',#157);
#157 = CARTESIAN_POINT('',(-26.2,-14.7,3.6));
#158 = CIRCLE('',#159,0.75);
#159 = AXIS2_PLACEMENT_3D('',#160,#161,#162);
#160 = CARTESIAN_POINT('',(-26.2,-14.7,2.85));
#161 = DIRECTION('',(1.,-4.440892098501E-16,-8.881784197001E-16));
#162 = DIRECTION('',(4.440892098501E-16,1.,-8.881784197001E-16));
#163 = ORIENTED_EDGE('',*,*,#164,.T.);
#164 = EDGE_CURVE('',#156,#165,#167,.T.);
#165 = VERTEX_POINT('',#166);
#166 = CARTESIAN_POINT('',(-26.2,-26.2,3.6));
#167 = LINE('',#168,#169);
#168 = CARTESIAN_POINT('',(-26.2,-8.45,3.6));
#169 = VECTOR('',#170,1.);
#170 = DIRECTION('',(-6.661338147751E-16,-1.,1.33226762955E-15));
#171 = ORIENTED_EDGE('',*,*,#172,.F.);
#172 = EDGE_CURVE('',#173,#165,#175,.T.);
#173 = VERTEX_POINT('',#174);
#174 = CARTESIAN_POINT('',(-26.2,-25.45,2.85));
#175 = CIRCLE('',#176,0.75);
#176 = AXIS2_PLACEMENT_3D('',#177,#178,#179);
#177 = CARTESIAN_POINT('',(-26.2,-26.2,2.85));
#178 = DIRECTION('',(1.,-4.440892098501E-16,-8.881784197001E-16));
#179 = DIRECTION('',(4.440892098501E-16,1.,-8.881784197001E-16));
#180 = ORIENTED_EDGE('',*,*,#181,.T.);
#181 = EDGE_CURVE('',#173,#182,#184,.T.);
#182 = VERTEX_POINT('',#183);
#183 = CARTESIAN_POINT('',(-26.2,-25.45,2.65));
#184 = LINE('',#185,#186);
#185 = CARTESIAN_POINT('',(-26.2,-25.45,2.85));
#186 = VECTOR('',#187,1.);
#187 = DIRECTION('',(-8.881784197001E-16,4.440892098501E-16,-1.));
#188 = ORIENTED_EDGE('',*,*,#189,.F.);
#189 = EDGE_CURVE('',#190,#182,#192,.T.);
#190 = VERTEX_POINT('',#191);
#191 = CARTESIAN_POINT('',(-26.2,-26.2,1.9));
#192 = CIRCLE('',#193,0.75);
#193 = AXIS2_PLACEMENT_3D('',#194,#195,#196);
#194 = CARTESIAN_POINT('',(-26.2,-26.2,2.65));
#195 = DIRECTION('',(1.,-4.440892098501E-16,-8.881784197001E-16));
#196 = DIRECTION('',(4.440892098501E-16,1.,-8.881784197001E-16));
#197 = ORIENTED_EDGE('',*,*,#198,.T.);
#198 = EDGE_CURVE('',#190,#199,#201,.T.);
#199 = VERTEX_POINT('',#200);
#200 = CARTESIAN_POINT('',(-26.2,-29.7,1.9));
#201 = LINE('',#202,#203);
#202 = CARTESIAN_POINT('',(-26.2,-26.2,1.9));
#203 = VECTOR('',#204,1.);
#204 = DIRECTION('',(-4.440892098501E-16,-1.,8.881784197001E-16));
#205 = ORIENTED_EDGE('',*,*,#206,.F.);
#206 = EDGE_CURVE('',#207,#199,#209,.T.);
#207 = VERTEX_POINT('',#208);
#208 = CARTESIAN_POINT('',(-26.2,-30.45,2.65));
#209 = CIRCLE('',#210,0.75);
#210 = AXIS2_PLACEMENT_3D('',#211,#212,#213);
#211 = CARTESIAN_POINT('',(-26.2,-29.7,2.65));
#212 = DIRECTION('',(1.,-4.440892098501E-16,-8.881784197001E-16));
#213 = DIRECTION('',(4.440892098501E-16,1.,-8.881784197001E-16));
#214 = ORIENTED_EDGE('',*,*,#215,.T.);
#215 = EDGE_CURVE('',#207,#216,#218,.T.);
#216 = VERTEX_POINT('',#217);
#217 = CARTESIAN_POINT('',(-26.2,-30.45,2.85));
#218 = LINE('',#219,#220);
#219 = CARTESIAN_POINT('',(-26.2,-30.45,2.65));
#220 = VECTOR('',#221,1.);
#221 = DIRECTION('',(8.881784197001E-16,-4.440892098501E-16,1.));
#222 = ORIENTED_EDGE('',*,*,#223,.F.);
#223 = EDGE_CURVE('',#224,#216,#226,.T.);
#224 = VERTEX_POINT('',#225);
#225 = CARTESIAN_POINT('',(-26.2,-29.7,3.6));
#226 = CIRCLE('',#227,0.75);
#227 = AXIS2_PLACEMENT_3D('',#228,#229,#230);
#228 = CARTESIAN_POINT('',(-26.2,-29.7,2.85));
#229 = DIRECTION('',(1.,-4.440892098501E-16,-8.881784197001E-16));
#230 = DIRECTION('',(4.440892098501E-16,1.,-8.881784197001E-16));
#231 = ORIENTED_EDGE('',*,*,#232,.T.);
#232 = EDGE_CURVE('',#224,#233,#235,.T.);
#233 = VERTEX_POINT('',#234);
#234 = CARTESIAN_POINT('',(-26.2,-32.45,3.6));
#235 = LINE('',#236,#237);
#236 = CARTESIAN_POINT('',(-26.2,-8.45,3.6));
#237 = VECTOR('',#238,1.);
#238 = DIRECTION('',(-6.661338147751E-16,-1.,1.33226762955E-15));
#239 = ORIENTED_EDGE('',*,*,#240,.F.);
#240 = EDGE_CURVE('',#241,#233,#243,.T.);
#241 = VERTEX_POINT('',#242);
#242 = CARTESIAN_POINT('',(-26.2,-33.95,2.1));
#243 = CIRCLE('',#244,1.5);
#244 = AXIS2_PLACEMENT_3D('',#245,#246,#247);
#245 = CARTESIAN_POINT('',(-26.2,-32.45,2.1));
#246 = DIRECTION('',(-1.,6.661338147751E-16,1.33226762955E-15));
#247 = DIRECTION('',(-6.661338147751E-16,-1.,1.33226762955E-15));
#248 = ORIENTED_EDGE('',*,*,#249,.T.);
#249 = EDGE_CURVE('',#241,#250,#252,.T.);
#250 = VERTEX_POINT('',#251);
#251 = CARTESIAN_POINT('',(-26.2,-33.95,0.7));
#252 = LINE('',#253,#254);
#253 = CARTESIAN_POINT('',(-26.2,-33.95,2.1));
#254 = VECTOR('',#255,1.);
#255 = DIRECTION('',(-1.33226762955E-15,6.661338147751E-16,-1.));
#256 = ORIENTED_EDGE('',*,*,#257,.F.);
#257 = EDGE_CURVE('',#258,#250,#260,.T.);
#258 = VERTEX_POINT('',#259);
#259 = CARTESIAN_POINT('',(-26.2,-33.75,0.9));
#260 = CIRCLE('',#261,0.2);
#261 = AXIS2_PLACEMENT_3D('',#262,#263,#264);
#262 = CARTESIAN_POINT('',(-26.2,-33.75,0.7));
#263 = DIRECTION('',(1.,-4.440892098501E-16,-8.881784197001E-16));
#264 = DIRECTION('',(4.440892098501E-16,1.,-8.881784197001E-16));
#265 = ORIENTED_EDGE('',*,*,#266,.F.);
#266 = EDGE_CURVE('',#267,#258,#269,.T.);
#267 = VERTEX_POINT('',#268);
#268 = CARTESIAN_POINT('',(-26.2,-32.65,0.9));
#269 = LINE('',#270,#271);
#270 = CARTESIAN_POINT('',(-26.2,-32.65,0.9));
#271 = VECTOR('',#272,1.);
#272 = DIRECTION('',(-4.440892098501E-16,-1.,8.881784197001E-16));
#273 = ORIENTED_EDGE('',*,*,#274,.F.);
#274 = EDGE_CURVE('',#275,#267,#277,.T.);
#275 = VERTEX_POINT('',#276);
#276 = CARTESIAN_POINT('',(-26.2,-32.45,0.7));
#277 = CIRCLE('',#278,0.2);
#278 = AXIS2_PLACEMENT_3D('',#279,#280,#281);
#279 = CARTESIAN_POINT('',(-26.2,-32.65,0.7));
#280 = DIRECTION('',(1.,-4.440892098501E-16,-8.881784197001E-16));
#281 = DIRECTION('',(4.440892098501E-16,1.,-8.881784197001E-16));
#282 = ORIENTED_EDGE('',*,*,#283,.F.);
#283 = EDGE_CURVE('',#284,#275,#286,.T.);
#284 = VERTEX_POINT('',#285);
#285 = CARTESIAN_POINT('',(-26.2,-32.45,-1.284523257867));
#286 = LINE('',#287,#288);
#287 = CARTESIAN_POINT('',(-26.2,-32.45,1.06581410364E-14));
#288 = VECTOR('',#289,1.);
#289 = DIRECTION('',(4.440892098501E-16,4.930380657631E-32,1.));
#290 = ORIENTED_EDGE('',*,*,#291,.F.);
#291 = EDGE_CURVE('',#292,#284,#294,.T.);
#292 = VERTEX_POINT('',#293);
#293 = CARTESIAN_POINT('',(-26.2,-32.68076923076,-1.482142220615));
#294 = CIRCLE('',#295,0.2);
#295 = AXIS2_PLACEMENT_3D('',#296,#297,#298);
#296 = CARTESIAN_POINT('',(-26.2,-32.65,-1.284523257867));
#297 = DIRECTION('',(1.,-4.440892098501E-16,-8.881784197001E-16));
#298 = DIRECTION('',(4.440892098501E-16,1.,-8.881784197001E-16));
#299 = ORIENTED_EDGE('',*,*,#300,.F.);
#300 = EDGE_CURVE('',#301,#292,#303,.T.);
#301 = VERTEX_POINT('',#302);
#302 = CARTESIAN_POINT('',(-26.2,-32.45,-1.5));
#303 = CIRCLE('',#304,1.5);
#304 = AXIS2_PLACEMENT_3D('',#305,#306,#307);
#305 = CARTESIAN_POINT('',(-26.2,-32.45,2.015054789695E-14));
#306 = DIRECTION('',(-1.,6.661338147751E-16,1.33226762955E-15));
#307 = DIRECTION('',(-6.661338147751E-16,-1.,1.33226762955E-15));
#308 = ORIENTED_EDGE('',*,*,#309,.T.);
#309 = EDGE_CURVE('',#301,#310,#312,.T.);
#310 = VERTEX_POINT('',#311);
#311 = CARTESIAN_POINT('',(-26.2,-22.2,-1.5));
#312 = LINE('',#313,#314);
#313 = CARTESIAN_POINT('',(-26.2,-32.45,-1.5));
#314 = VECTOR('',#315,1.);
#315 = DIRECTION('',(6.661338147751E-16,1.,-1.33226762955E-15));
#316 = ORIENTED_EDGE('',*,*,#317,.F.);
#317 = EDGE_CURVE('',#318,#310,#320,.T.);
#318 = VERTEX_POINT('',#319);
#319 = CARTESIAN_POINT('',(-26.2,-22.95,-0.75));
#320 = CIRCLE('',#321,0.75);
#321 = AXIS2_PLACEMENT_3D('',#322,#323,#324);
#322 = CARTESIAN_POINT('',(-26.2,-22.2,-0.75));
#323 = DIRECTION('',(1.,-4.440892098501E-16,-8.881784197001E-16));
#324 = DIRECTION('',(4.440892098501E-16,1.,-8.881784197001E-16));
#325 = ORIENTED_EDGE('',*,*,#326,.T.);
#326 = EDGE_CURVE('',#318,#327,#329,.T.);
#327 = VERTEX_POINT('',#328);
#328 = CARTESIAN_POINT('',(-26.2,-22.95,-0.55));
#329 = LINE('',#330,#331);
#330 = CARTESIAN_POINT('',(-26.2,-22.95,-0.75));
#331 = VECTOR('',#332,1.);
#332 = DIRECTION('',(8.881784197001E-16,-4.440892098501E-16,1.));
#333 = ORIENTED_EDGE('',*,*,#334,.F.);
#334 = EDGE_CURVE('',#335,#327,#337,.T.);
#335 = VERTEX_POINT('',#336);
#336 = CARTESIAN_POINT('',(-26.2,-22.2,0.2));
#337 = CIRCLE('',#338,0.75);
#338 = AXIS2_PLACEMENT_3D('',#339,#340,#341);
#339 = CARTESIAN_POINT('',(-26.2,-22.2,-0.55));
#340 = DIRECTION('',(1.,-4.440892098501E-16,-8.881784197001E-16));
#341 = DIRECTION('',(4.440892098501E-16,1.,-8.881784197001E-16));
#342 = ORIENTED_EDGE('',*,*,#343,.T.);
#343 = EDGE_CURVE('',#335,#344,#346,.T.);
#344 = VERTEX_POINT('',#345);
#345 = CARTESIAN_POINT('',(-26.2,-18.7,0.2));
#346 = LINE('',#347,#348);
#347 = CARTESIAN_POINT('',(-26.2,-22.2,0.2));
#348 = VECTOR('',#349,1.);
#349 = DIRECTION('',(4.440892098501E-16,1.,-8.881784197001E-16));
#350 = ORIENTED_EDGE('',*,*,#351,.F.);
#351 = EDGE_CURVE('',#352,#344,#354,.T.);
#352 = VERTEX_POINT('',#353);
#353 = CARTESIAN_POINT('',(-26.2,-17.95,-0.55));
#354 = CIRCLE('',#355,0.75);
#355 = AXIS2_PLACEMENT_3D('',#356,#357,#358);
#356 = CARTESIAN_POINT('',(-26.2,-18.7,-0.55));
#357 = DIRECTION('',(1.,-4.440892098501E-16,-8.881784197001E-16));
#358 = DIRECTION('',(4.440892098501E-16,1.,-8.881784197001E-16));
#359 = ORIENTED_EDGE('',*,*,#360,.T.);
#360 = EDGE_CURVE('',#352,#361,#363,.T.);
#361 = VERTEX_POINT('',#362);
#362 = CARTESIAN_POINT('',(-26.2,-17.95,-0.75));
#363 = LINE('',#364,#365);
#364 = CARTESIAN_POINT('',(-26.2,-17.95,-0.55));
#365 = VECTOR('',#366,1.);
#366 = DIRECTION('',(-8.881784197001E-16,4.440892098501E-16,-1.));
#367 = ORIENTED_EDGE('',*,*,#368,.F.);
#368 = EDGE_CURVE('',#369,#361,#371,.T.);
#369 = VERTEX_POINT('',#370);
#370 = CARTESIAN_POINT('',(-26.2,-18.7,-1.5));
#371 = CIRCLE('',#372,0.75);
#372 = AXIS2_PLACEMENT_3D('',#373,#374,#375);
#373 = CARTESIAN_POINT('',(-26.2,-18.7,-0.75));
#374 = DIRECTION('',(1.,-4.440892098501E-16,-8.881784197001E-16));
#375 = DIRECTION('',(4.440892098501E-16,1.,-8.881784197001E-16));
#376 = ORIENTED_EDGE('',*,*,#377,.T.);
#377 = EDGE_CURVE('',#369,#378,#380,.T.);
#378 = VERTEX_POINT('',#379);
#379 = CARTESIAN_POINT('',(-26.2,-8.45,-1.5));
#380 = LINE('',#381,#382);
#381 = CARTESIAN_POINT('',(-26.2,-32.45,-1.5));
#382 = VECTOR('',#383,1.);
#383 = DIRECTION('',(6.661338147751E-16,1.,-1.33226762955E-15));
#384 = ORIENTED_EDGE('',*,*,#385,.F.);
#385 = EDGE_CURVE('',#386,#378,#388,.T.);
#386 = VERTEX_POINT('',#387);
#387 = CARTESIAN_POINT('',(-26.2,-8.219230769231,-1.482142220615));
#388 = CIRCLE('',#389,1.5);
#389 = AXIS2_PLACEMENT_3D('',#390,#391,#392);
#390 = CARTESIAN_POINT('',(-26.2,-8.45,-1.182387521226E-14));
#391 = DIRECTION('',(-1.,6.661338147751E-16,1.33226762955E-15));
#392 = DIRECTION('',(-6.661338147751E-16,-1.,1.33226762955E-15));
#393 = ORIENTED_EDGE('',*,*,#394,.F.);
#394 = EDGE_CURVE('',#395,#386,#397,.T.);
#395 = VERTEX_POINT('',#396);
#396 = CARTESIAN_POINT('',(-26.2,-8.45,-1.284523257867));
#397 = CIRCLE('',#398,0.2);
#398 = AXIS2_PLACEMENT_3D('',#399,#400,#401);
#399 = CARTESIAN_POINT('',(-26.2,-8.25,-1.284523257867));
#400 = DIRECTION('',(1.,-4.440892098501E-16,-8.881784197001E-16));
#401 = DIRECTION('',(4.440892098501E-16,1.,-8.881784197001E-16));
#402 = ORIENTED_EDGE('',*,*,#403,.T.);
#403 = EDGE_CURVE('',#395,#404,#406,.T.);
#404 = VERTEX_POINT('',#405);
#405 = CARTESIAN_POINT('',(-26.2,-8.45,0.7));
#406 = LINE('',#407,#408);
#407 = CARTESIAN_POINT('',(-26.2,-8.45,-1.284523257867));
#408 = VECTOR('',#409,1.);
#409 = DIRECTION('',(4.440892098501E-16,4.930380657631E-32,1.));
#410 = ORIENTED_EDGE('',*,*,#411,.F.);
#411 = EDGE_CURVE('',#412,#404,#414,.T.);
#412 = VERTEX_POINT('',#413);
#413 = CARTESIAN_POINT('',(-26.2,-8.25,0.9));
#414 = CIRCLE('',#415,0.2);
#415 = AXIS2_PLACEMENT_3D('',#416,#417,#418);
#416 = CARTESIAN_POINT('',(-26.2,-8.25,0.7));
#417 = DIRECTION('',(1.,-4.440892098501E-16,-8.881784197001E-16));
#418 = DIRECTION('',(4.440892098501E-16,1.,-8.881784197001E-16));
#419 = ORIENTED_EDGE('',*,*,#420,.T.);
#420 = EDGE_CURVE('',#412,#421,#423,.T.);
#421 = VERTEX_POINT('',#422);
#422 = CARTESIAN_POINT('',(-26.2,-7.15,0.9));
#423 = LINE('',#424,#425);
#424 = CARTESIAN_POINT('',(-26.2,-8.25,0.9));
#425 = VECTOR('',#426,1.);
#426 = DIRECTION('',(4.440892098501E-16,1.,-8.881784197001E-16));
#427 = ORIENTED_EDGE('',*,*,#428,.F.);
#428 = EDGE_CURVE('',#429,#421,#431,.T.);
#429 = VERTEX_POINT('',#430);
#430 = CARTESIAN_POINT('',(-26.2,-6.95,0.7));
#431 = CIRCLE('',#432,0.2);
#432 = AXIS2_PLACEMENT_3D('',#433,#434,#435);
#433 = CARTESIAN_POINT('',(-26.2,-7.15,0.7));
#434 = DIRECTION('',(1.,-4.440892098501E-16,-8.881784197001E-16));
#435 = DIRECTION('',(4.440892098501E-16,1.,-8.881784197001E-16));
#436 = ORIENTED_EDGE('',*,*,#437,.T.);
#437 = EDGE_CURVE('',#429,#41,#438,.T.);
#438 = LINE('',#439,#440);
#439 = CARTESIAN_POINT('',(-26.2,-6.95,-1.430471345149E-14));
#440 = VECTOR('',#441,1.);
#441 = DIRECTION('',(1.33226762955E-15,-6.661338147751E-16,1.));
#442 = PLANE('',#443);
#443 = AXIS2_PLACEMENT_3D('',#444,#445,#446);
#444 = CARTESIAN_POINT('',(-26.2,-20.45,1.05));
#445 = DIRECTION('',(1.,1.33226762955E-15,6.661338147751E-16));
#446 = DIRECTION('',(1.33226762955E-15,-6.661338147751E-16,1.));
#447 = ADVANCED_FACE('',(#448),#473,.F.);
#448 = FACE_BOUND('',#449,.T.);
#449 = EDGE_LOOP('',(#450,#460,#466,#467));
#450 = ORIENTED_EDGE('',*,*,#451,.F.);
#451 = EDGE_CURVE('',#452,#454,#456,.T.);
#452 = VERTEX_POINT('',#453);
#453 = CARTESIAN_POINT('',(-27.5,-32.45,3.6));
#454 = VERTEX_POINT('',#455);
#455 = CARTESIAN_POINT('',(-27.7,-32.45,3.4));
#456 = LINE('',#457,#458);
#457 = CARTESIAN_POINT('',(-27.5,-32.45,3.6));
#458 = VECTOR('',#459,1.);
#459 = DIRECTION('',(-0.707106781187,2.032081583811E-15,-0.707106781187)
  );
#460 = ORIENTED_EDGE('',*,*,#461,.T.);
#461 = EDGE_CURVE('',#452,#24,#462,.T.);
#462 = LINE('',#463,#464);
#463 = CARTESIAN_POINT('',(-27.5,-32.45,3.6));
#464 = VECTOR('',#465,1.);
#465 = DIRECTION('',(2.22044604925E-16,1.,-8.881784197001E-16));
#466 = ORIENTED_EDGE('',*,*,#63,.T.);
#467 = ORIENTED_EDGE('',*,*,#468,.F.);
#468 = EDGE_CURVE('',#454,#64,#469,.T.);
#469 = LINE('',#470,#471);
#470 = CARTESIAN_POINT('',(-27.7,-32.45,3.4));
#471 = VECTOR('',#472,1.);
#472 = DIRECTION('',(2.22044604925E-16,1.,-8.881784197001E-16));
#473 = PLANE('',#474);
#474 = AXIS2_PLACEMENT_3D('',#475,#476,#477);
#475 = CARTESIAN_POINT('',(-27.6,-32.45,3.5));
#476 = DIRECTION('',(0.707106781187,6.292125374567E-16,-0.707106781187)
  );
#477 = DIRECTION('',(1.118535446557E-16,-1.,5.542802701194E-16));
#478 = ADVANCED_FACE('',(#479),#503,.T.);
#479 = FACE_BOUND('',#480,.F.);
#480 = EDGE_LOOP('',(#481,#489,#496,#502));
#481 = ORIENTED_EDGE('',*,*,#482,.T.);
#482 = EDGE_CURVE('',#241,#483,#485,.T.);
#483 = VERTEX_POINT('',#484);
#484 = CARTESIAN_POINT('',(-27.5,-33.95,2.1));
#485 = LINE('',#486,#487);
#486 = CARTESIAN_POINT('',(-26.2,-33.95,2.1));
#487 = VECTOR('',#488,1.);
#488 = DIRECTION('',(-1.,-1.110223024625E-15,-4.440892098501E-16));
#489 = ORIENTED_EDGE('',*,*,#490,.T.);
#490 = EDGE_CURVE('',#483,#452,#491,.T.);
#491 = CIRCLE('',#492,1.5);
#492 = AXIS2_PLACEMENT_3D('',#493,#494,#495);
#493 = CARTESIAN_POINT('',(-27.5,-32.45,2.1));
#494 = DIRECTION('',(-1.,2.22044604925E-16,8.881784197001E-16));
#495 = DIRECTION('',(-2.22044604925E-16,-1.,-2.812564995717E-15));
#496 = ORIENTED_EDGE('',*,*,#497,.F.);
#497 = EDGE_CURVE('',#233,#452,#498,.T.);
#498 = LINE('',#499,#500);
#499 = CARTESIAN_POINT('',(-26.2,-32.45,3.6));
#500 = VECTOR('',#501,1.);
#501 = DIRECTION('',(-1.,-1.110223024625E-15,-4.440892098501E-16));
#502 = ORIENTED_EDGE('',*,*,#240,.F.);
#503 = CYLINDRICAL_SURFACE('',#504,1.5);
#504 = AXIS2_PLACEMENT_3D('',#505,#506,#507);
#505 = CARTESIAN_POINT('',(-26.2,-32.45,2.1));
#506 = DIRECTION('',(1.,8.881784197001E-16,2.22044604925E-16));
#507 = DIRECTION('',(-4.440892098501E-16,-1.,1.110223024625E-15));
#508 = ADVANCED_FACE('',(#509),#562,.F.);
#509 = FACE_BOUND('',#510,.F.);
#510 = EDGE_LOOP('',(#511,#512,#513,#522,#530,#539,#547,#556));
#511 = ORIENTED_EDGE('',*,*,#80,.F.);
#512 = ORIENTED_EDGE('',*,*,#468,.F.);
#513 = ORIENTED_EDGE('',*,*,#514,.F.);
#514 = EDGE_CURVE('',#515,#454,#517,.T.);
#515 = VERTEX_POINT('',#516);
#516 = CARTESIAN_POINT('',(-27.7,-33.75,2.1));
#517 = CIRCLE('',#518,1.3);
#518 = AXIS2_PLACEMENT_3D('',#519,#520,#521);
#519 = CARTESIAN_POINT('',(-27.7,-32.45,2.1));
#520 = DIRECTION('',(-1.,2.22044604925E-16,8.881784197001E-16));
#521 = DIRECTION('',(-2.22044604925E-16,-1.,-2.812564995717E-15));
#522 = ORIENTED_EDGE('',*,*,#523,.F.);
#523 = EDGE_CURVE('',#524,#515,#526,.T.);
#524 = VERTEX_POINT('',#525);
#525 = CARTESIAN_POINT('',(-27.7,-33.75,2.13162820728E-14));
#526 = LINE('',#527,#528);
#527 = CARTESIAN_POINT('',(-27.7,-33.75,1.784128400573E-14));
#528 = VECTOR('',#529,1.);
#529 = DIRECTION('',(8.881784197001E-16,-2.22044604925E-16,1.));
#530 = ORIENTED_EDGE('',*,*,#531,.F.);
#531 = EDGE_CURVE('',#532,#524,#534,.T.);
#532 = VERTEX_POINT('',#533);
#533 = CARTESIAN_POINT('',(-27.7,-32.45,-1.3));
#534 = CIRCLE('',#535,1.3);
#535 = AXIS2_PLACEMENT_3D('',#536,#537,#538);
#536 = CARTESIAN_POINT('',(-27.7,-32.45,2.303712776097E-14));
#537 = DIRECTION('',(-1.,2.22044604925E-16,8.881784197001E-16));
#538 = DIRECTION('',(-8.881784197001E-16,2.22044604925E-16,-1.));
#539 = ORIENTED_EDGE('',*,*,#540,.F.);
#540 = EDGE_CURVE('',#541,#532,#543,.T.);
#541 = VERTEX_POINT('',#542);
#542 = CARTESIAN_POINT('',(-27.7,-8.45,-1.3));
#543 = LINE('',#544,#545);
#544 = CARTESIAN_POINT('',(-27.7,-8.45,-1.3));
#545 = VECTOR('',#546,1.);
#546 = DIRECTION('',(-2.22044604925E-16,-1.,8.881784197001E-16));
#547 = ORIENTED_EDGE('',*,*,#548,.F.);
#548 = EDGE_CURVE('',#549,#541,#551,.T.);
#549 = VERTEX_POINT('',#550);
#550 = CARTESIAN_POINT('',(-27.7,-7.15,0.));
#551 = CIRCLE('',#552,1.3);
#552 = AXIS2_PLACEMENT_3D('',#553,#554,#555);
#553 = CARTESIAN_POINT('',(-27.7,-8.45,-8.937295348233E-15));
#554 = DIRECTION('',(-1.,2.22044604925E-16,8.881784197001E-16));
#555 = DIRECTION('',(2.22044604925E-16,1.,1.898821519315E-15));
#556 = ORIENTED_EDGE('',*,*,#557,.F.);
#557 = EDGE_CURVE('',#73,#549,#558,.T.);
#558 = LINE('',#559,#560);
#559 = CARTESIAN_POINT('',(-27.7,-7.15,2.1));
#560 = VECTOR('',#561,1.);
#561 = DIRECTION('',(-8.881784197001E-16,2.22044604925E-16,-1.));
#562 = PLANE('',#563);
#563 = AXIS2_PLACEMENT_3D('',#564,#565,#566);
#564 = CARTESIAN_POINT('',(-27.7,-20.45,1.05));
#565 = DIRECTION('',(1.,1.33226762955E-15,6.661338147751E-16));
#566 = DIRECTION('',(1.33226762955E-15,-6.661338147751E-16,1.));
#567 = ADVANCED_FACE('',(#568),#586,.F.);
#568 = FACE_BOUND('',#569,.T.);
#569 = EDGE_LOOP('',(#570,#571,#579,#585));
#570 = ORIENTED_EDGE('',*,*,#72,.F.);
#571 = ORIENTED_EDGE('',*,*,#572,.T.);
#572 = EDGE_CURVE('',#32,#573,#575,.T.);
#573 = VERTEX_POINT('',#574);
#574 = CARTESIAN_POINT('',(-27.5,-6.95,0.));
#575 = LINE('',#576,#577);
#576 = CARTESIAN_POINT('',(-27.5,-6.95,2.1));
#577 = VECTOR('',#578,1.);
#578 = DIRECTION('',(-8.881784197001E-16,2.22044604925E-16,-1.));
#579 = ORIENTED_EDGE('',*,*,#580,.T.);
#580 = EDGE_CURVE('',#573,#549,#581,.T.);
#581 = LINE('',#582,#583);
#582 = CARTESIAN_POINT('',(-27.6,-7.05,-6.206146707655E-15));
#583 = VECTOR('',#584,1.);
#584 = DIRECTION('',(-0.707106781187,-0.707106781187,4.710277376051E-16)
  );
#585 = ORIENTED_EDGE('',*,*,#557,.F.);
#586 = PLANE('',#587);
#587 = AXIS2_PLACEMENT_3D('',#588,#589,#590);
#588 = CARTESIAN_POINT('',(-27.6,-7.05,2.1));
#589 = DIRECTION('',(0.707106781187,-0.707106781187,6.281233527799E-16)
  );
#590 = DIRECTION('',(5.550504399903E-16,1.110833747848E-16,1.));
#591 = ADVANCED_FACE('',(#592),#618,.T.);
#592 = FACE_BOUND('',#593,.F.);
#593 = EDGE_LOOP('',(#594,#602,#611,#617));
#594 = ORIENTED_EDGE('',*,*,#595,.T.);
#595 = EDGE_CURVE('',#429,#596,#598,.T.);
#596 = VERTEX_POINT('',#597);
#597 = CARTESIAN_POINT('',(-22.75,-6.95,0.7));
#598 = LINE('',#599,#600);
#599 = CARTESIAN_POINT('',(-26.2,-6.95,0.7));
#600 = VECTOR('',#601,1.);
#601 = DIRECTION('',(1.,6.661338147751E-16,2.22044604925E-16));
#602 = ORIENTED_EDGE('',*,*,#603,.T.);
#603 = EDGE_CURVE('',#596,#604,#606,.T.);
#604 = VERTEX_POINT('',#605);
#605 = CARTESIAN_POINT('',(-22.75,-7.15,0.9));
#606 = CIRCLE('',#607,0.2);
#607 = AXIS2_PLACEMENT_3D('',#608,#609,#610);
#608 = CARTESIAN_POINT('',(-22.75,-7.15,0.7));
#609 = DIRECTION('',(1.,-4.440892098501E-16,-8.881784197001E-16));
#610 = DIRECTION('',(4.440892098501E-16,1.,-8.881784197001E-16));
#611 = ORIENTED_EDGE('',*,*,#612,.F.);
#612 = EDGE_CURVE('',#421,#604,#613,.T.);
#613 = LINE('',#614,#615);
#614 = CARTESIAN_POINT('',(-26.2,-7.15,0.9));
#615 = VECTOR('',#616,1.);
#616 = DIRECTION('',(1.,6.661338147751E-16,2.22044604925E-16));
#617 = ORIENTED_EDGE('',*,*,#428,.F.);
#618 = CYLINDRICAL_SURFACE('',#619,0.2);
#619 = AXIS2_PLACEMENT_3D('',#620,#621,#622);
#620 = CARTESIAN_POINT('',(-26.2,-7.15,0.7));
#621 = DIRECTION('',(-1.,-4.440892098501E-16,4.930380657631E-32));
#622 = DIRECTION('',(2.22044604925E-16,1.,-6.661338147751E-16));
#623 = ADVANCED_FACE('',(#624),#642,.T.);
#624 = FACE_BOUND('',#625,.T.);
#625 = EDGE_LOOP('',(#626,#634,#640,#641));
#626 = ORIENTED_EDGE('',*,*,#627,.T.);
#627 = EDGE_CURVE('',#412,#628,#630,.T.);
#628 = VERTEX_POINT('',#629);
#629 = CARTESIAN_POINT('',(-22.75,-8.25,0.9));
#630 = LINE('',#631,#632);
#631 = CARTESIAN_POINT('',(-26.2,-8.25,0.9));
#632 = VECTOR('',#633,1.);
#633 = DIRECTION('',(1.,6.661338147751E-16,2.22044604925E-16));
#634 = ORIENTED_EDGE('',*,*,#635,.T.);
#635 = EDGE_CURVE('',#628,#604,#636,.T.);
#636 = LINE('',#637,#638);
#637 = CARTESIAN_POINT('',(-22.75,-8.25,0.9));
#638 = VECTOR('',#639,1.);
#639 = DIRECTION('',(4.440892098501E-16,1.,-8.881784197001E-16));
#640 = ORIENTED_EDGE('',*,*,#612,.F.);
#641 = ORIENTED_EDGE('',*,*,#420,.F.);
#642 = PLANE('',#643);
#643 = AXIS2_PLACEMENT_3D('',#644,#645,#646);
#644 = CARTESIAN_POINT('',(-26.2,-8.25,0.9));
#645 = DIRECTION('',(4.440892098501E-16,4.930380657631E-32,1.));
#646 = DIRECTION('',(2.22044604925E-16,1.,-6.661338147751E-16));
#647 = ADVANCED_FACE('',(#648),#667,.T.);
#648 = FACE_BOUND('',#649,.F.);
#649 = EDGE_LOOP('',(#650,#651,#660,#666));
#650 = ORIENTED_EDGE('',*,*,#627,.T.);
#651 = ORIENTED_EDGE('',*,*,#652,.T.);
#652 = EDGE_CURVE('',#628,#653,#655,.T.);
#653 = VERTEX_POINT('',#654);
#654 = CARTESIAN_POINT('',(-22.75,-8.45,0.7));
#655 = CIRCLE('',#656,0.2);
#656 = AXIS2_PLACEMENT_3D('',#657,#658,#659);
#657 = CARTESIAN_POINT('',(-22.75,-8.25,0.7));
#658 = DIRECTION('',(1.,-4.440892098501E-16,-8.881784197001E-16));
#659 = DIRECTION('',(4.440892098501E-16,1.,-8.881784197001E-16));
#660 = ORIENTED_EDGE('',*,*,#661,.F.);
#661 = EDGE_CURVE('',#404,#653,#662,.T.);
#662 = LINE('',#663,#664);
#663 = CARTESIAN_POINT('',(-26.2,-8.45,0.7));
#664 = VECTOR('',#665,1.);
#665 = DIRECTION('',(1.,6.661338147751E-16,2.22044604925E-16));
#666 = ORIENTED_EDGE('',*,*,#411,.F.);
#667 = CYLINDRICAL_SURFACE('',#668,0.2);
#668 = AXIS2_PLACEMENT_3D('',#669,#670,#671);
#669 = CARTESIAN_POINT('',(-26.2,-8.25,0.7));
#670 = DIRECTION('',(-1.,-4.440892098501E-16,4.930380657631E-32));
#671 = DIRECTION('',(2.22044604925E-16,1.,-6.661338147751E-16));
#672 = ADVANCED_FACE('',(#673),#699,.T.);
#673 = FACE_BOUND('',#674,.F.);
#674 = EDGE_LOOP('',(#675,#683,#692,#698));
#675 = ORIENTED_EDGE('',*,*,#676,.T.);
#676 = EDGE_CURVE('',#395,#677,#679,.T.);
#677 = VERTEX_POINT('',#678);
#678 = CARTESIAN_POINT('',(-22.75,-8.45,-1.284523257867));
#679 = LINE('',#680,#681);
#680 = CARTESIAN_POINT('',(-26.2,-8.45,-1.284523257867));
#681 = VECTOR('',#682,1.);
#682 = DIRECTION('',(1.,6.661338147751E-16,2.22044604925E-16));
#683 = ORIENTED_EDGE('',*,*,#684,.T.);
#684 = EDGE_CURVE('',#677,#685,#687,.T.);
#685 = VERTEX_POINT('',#686);
#686 = CARTESIAN_POINT('',(-22.75,-8.219230769231,-1.482142220615));
#687 = CIRCLE('',#688,0.2);
#688 = AXIS2_PLACEMENT_3D('',#689,#690,#691);
#689 = CARTESIAN_POINT('',(-22.75,-8.25,-1.284523257867));
#690 = DIRECTION('',(1.,-4.440892098501E-16,-8.881784197001E-16));
#691 = DIRECTION('',(4.440892098501E-16,1.,-8.881784197001E-16));
#692 = ORIENTED_EDGE('',*,*,#693,.F.);
#693 = EDGE_CURVE('',#386,#685,#694,.T.);
#694 = LINE('',#695,#696);
#695 = CARTESIAN_POINT('',(-26.2,-8.219230769231,-1.482142220615));
#696 = VECTOR('',#697,1.);
#697 = DIRECTION('',(1.,6.661338147751E-16,2.22044604925E-16));
#698 = ORIENTED_EDGE('',*,*,#394,.F.);
#699 = CYLINDRICAL_SURFACE('',#700,0.2);
#700 = AXIS2_PLACEMENT_3D('',#701,#702,#703);
#701 = CARTESIAN_POINT('',(-26.2,-8.25,-1.284523257867));
#702 = DIRECTION('',(-1.,-4.440892098501E-16,4.930380657631E-32));
#703 = DIRECTION('',(2.22044604925E-16,1.,-6.661338147751E-16));
#704 = ADVANCED_FACE('',(#705),#731,.T.);
#705 = FACE_BOUND('',#706,.F.);
#706 = EDGE_LOOP('',(#707,#715,#724,#730));
#707 = ORIENTED_EDGE('',*,*,#708,.T.);
#708 = EDGE_CURVE('',#369,#709,#711,.T.);
#709 = VERTEX_POINT('',#710);
#710 = CARTESIAN_POINT('',(-22.75,-18.7,-1.5));
#711 = LINE('',#712,#713);
#712 = CARTESIAN_POINT('',(-26.2,-18.7,-1.5));
#713 = VECTOR('',#714,1.);
#714 = DIRECTION('',(1.,6.661338147751E-16,2.22044604925E-16));
#715 = ORIENTED_EDGE('',*,*,#716,.T.);
#716 = EDGE_CURVE('',#709,#717,#719,.T.);
#717 = VERTEX_POINT('',#718);
#718 = CARTESIAN_POINT('',(-22.75,-17.95,-0.75));
#719 = CIRCLE('',#720,0.75);
#720 = AXIS2_PLACEMENT_3D('',#721,#722,#723);
#721 = CARTESIAN_POINT('',(-22.75,-18.7,-0.75));
#722 = DIRECTION('',(1.,-4.440892098501E-16,-8.881784197001E-16));
#723 = DIRECTION('',(4.440892098501E-16,1.,-8.881784197001E-16));
#724 = ORIENTED_EDGE('',*,*,#725,.F.);
#725 = EDGE_CURVE('',#361,#717,#726,.T.);
#726 = LINE('',#727,#728);
#727 = CARTESIAN_POINT('',(-26.2,-17.95,-0.75));
#728 = VECTOR('',#729,1.);
#729 = DIRECTION('',(1.,6.661338147751E-16,2.22044604925E-16));
#730 = ORIENTED_EDGE('',*,*,#368,.F.);
#731 = CYLINDRICAL_SURFACE('',#732,0.75);
#732 = AXIS2_PLACEMENT_3D('',#733,#734,#735);
#733 = CARTESIAN_POINT('',(-26.2,-18.7,-0.75));
#734 = DIRECTION('',(-1.,-4.440892098501E-16,4.930380657631E-32));
#735 = DIRECTION('',(2.22044604925E-16,1.,-6.661338147751E-16));
#736 = ADVANCED_FACE('',(#737),#757,.T.);
#737 = FACE_BOUND('',#738,.T.);
#738 = EDGE_LOOP('',(#739,#740,#748,#756));
#739 = ORIENTED_EDGE('',*,*,#360,.F.);
#740 = ORIENTED_EDGE('',*,*,#741,.T.);
#741 = EDGE_CURVE('',#352,#742,#744,.T.);
#742 = VERTEX_POINT('',#743);
#743 = CARTESIAN_POINT('',(-22.95,-17.95,-0.55));
#744 = LINE('',#745,#746);
#745 = CARTESIAN_POINT('',(-26.2,-17.95,-0.55));
#746 = VECTOR('',#747,1.);
#747 = DIRECTION('',(1.,6.661338147751E-16,2.22044604925E-16));
#748 = ORIENTED_EDGE('',*,*,#749,.F.);
#749 = EDGE_CURVE('',#717,#742,#750,.T.);
#750 = B_SPLINE_CURVE_WITH_KNOTS('',4,(#751,#752,#753,#754,#755),
  .UNSPECIFIED.,.F.,.F.,(5,5),(0.,1.),.PIECEWISE_BEZIER_KNOTS.);
#751 = CARTESIAN_POINT('',(-22.75,-17.95,-0.75));
#752 = CARTESIAN_POINT('',(-22.80001586342,-17.95,-0.699984136571));
#753 = CARTESIAN_POINT('',(-22.8500214619,-17.95,-0.649978538092));
#754 = CARTESIAN_POINT('',(-22.90001634197,-17.95,-0.59998365803));
#755 = CARTESIAN_POINT('',(-22.95,-17.95,-0.55));
#756 = ORIENTED_EDGE('',*,*,#725,.F.);
#757 = PLANE('',#758);
#758 = AXIS2_PLACEMENT_3D('',#759,#760,#761);
#759 = CARTESIAN_POINT('',(-26.2,-17.95,-0.55));
#760 = DIRECTION('',(-4.930380657631E-32,1.,-4.440892098501E-16));
#761 = DIRECTION('',(-6.661338147751E-16,2.22044604925E-16,-1.));
#762 = ADVANCED_FACE('',(#763),#804,.T.);
#763 = FACE_BOUND('',#764,.F.);
#764 = EDGE_LOOP('',(#765,#766,#767,#798));
#765 = ORIENTED_EDGE('',*,*,#351,.F.);
#766 = ORIENTED_EDGE('',*,*,#741,.T.);
#767 = ORIENTED_EDGE('',*,*,#768,.T.);
#768 = EDGE_CURVE('',#742,#769,#771,.T.);
#769 = VERTEX_POINT('',#770);
#770 = CARTESIAN_POINT('',(-23.7,-18.7,0.2));
#771 = B_SPLINE_CURVE_WITH_KNOTS('',7,(#772,#773,#774,#775,#776,#777,
    #778,#779,#780,#781,#782,#783,#784,#785,#786,#787,#788,#789,#790,
    #791,#792,#793,#794,#795,#796,#797),.UNSPECIFIED.,.F.,.F.,(8,6,6,6,8
    ),(0.,0.23627045311,0.494248645195,0.646685003415,1.),
  .UNSPECIFIED.);
#772 = CARTESIAN_POINT('',(-22.95,-17.95,-0.55));
#773 = CARTESIAN_POINT('',(-22.98572727796,-17.95,-0.514272722031));
#774 = CARTESIAN_POINT('',(-23.02153182809,-17.95198549093,
    -0.478468171907));
#775 = CARTESIAN_POINT('',(-23.05733371944,-17.95597224318,
    -0.442666280554));
#776 = CARTESIAN_POINT('',(-23.09304591402,-17.96198183467,
    -0.406954085972));
#777 = CARTESIAN_POINT('',(-23.12857328765,-17.97004001744,
    -0.371426712343));
#778 = CARTESIAN_POINT('',(-23.16381165087,-17.98017508431,
    -0.336188349129));
#779 = CARTESIAN_POINT('',(-23.23668242297,-18.0057820626,
    -0.263317577026));
#780 = CARTESIAN_POINT('',(-23.27423162029,-18.02165691076,
    -0.225768379701));
#781 = CARTESIAN_POINT('',(-23.31114780774,-18.04007830174,
    -0.188852192253));
#782 = CARTESIAN_POINT('',(-23.34725434738,-18.06108137536,
    -0.15274565262));
#783 = CARTESIAN_POINT('',(-23.38234688531,-18.0846889596,-0.11765311469
    ));
#784 = CARTESIAN_POINT('',(-23.41619571965,-18.11090164079,
    -8.380428034603E-02));
#785 = CARTESIAN_POINT('',(-23.46766485985,-18.1566972653,
    -3.233514014663E-02));
#786 = CARTESIAN_POINT('',(-23.48625747383,-18.17460376492,
    -1.374252616707E-02));
#787 = CARTESIAN_POINT('',(-23.50427269333,-18.19339904511,
    4.272693332228E-03));
#788 = CARTESIAN_POINT('',(-23.52165353888,-18.21306945517,
    2.165353888895E-02));
#789 = CARTESIAN_POINT('',(-23.53834057836,-18.2335946714,
    3.834057836537E-02));
#790 = CARTESIAN_POINT('',(-23.55427313664,-18.2549463874,
    5.427313664723E-02));
#791 = CARTESIAN_POINT('',(-23.6044293447,-18.3284042366,0.104429344707)
  );
#792 = CARTESIAN_POINT('',(-23.63514764594,-18.38404532342,
    0.135147645949));
#793 = CARTESIAN_POINT('',(-23.66067075025,-18.4434293199,0.16067075025)
  );
#794 = CARTESIAN_POINT('',(-23.68028529717,-18.50576768344,
    0.180285297175));
#795 = CARTESIAN_POINT('',(-23.69348252179,-18.57009448042,
    0.193482521793));
#796 = CARTESIAN_POINT('',(-23.7,-18.63527149362,0.2));
#797 = CARTESIAN_POINT('',(-23.7,-18.7,0.2));
#798 = ORIENTED_EDGE('',*,*,#799,.F.);
#799 = EDGE_CURVE('',#344,#769,#800,.T.);
#800 = LINE('',#801,#802);
#801 = CARTESIAN_POINT('',(-26.2,-18.7,0.2));
#802 = VECTOR('',#803,1.);
#803 = DIRECTION('',(1.,6.661338147751E-16,2.22044604925E-16));
#804 = CYLINDRICAL_SURFACE('',#805,0.75);
#805 = AXIS2_PLACEMENT_3D('',#806,#807,#808);
#806 = CARTESIAN_POINT('',(-26.2,-18.7,-0.55));
#807 = DIRECTION('',(-1.,-4.440892098501E-16,4.930380657631E-32));
#808 = DIRECTION('',(2.22044604925E-16,1.,-6.661338147751E-16));
#809 = ADVANCED_FACE('',(#810),#827,.T.);
#810 = FACE_BOUND('',#811,.T.);
#811 = EDGE_LOOP('',(#812,#813,#821,#826));
#812 = ORIENTED_EDGE('',*,*,#343,.F.);
#813 = ORIENTED_EDGE('',*,*,#814,.T.);
#814 = EDGE_CURVE('',#335,#815,#817,.T.);
#815 = VERTEX_POINT('',#816);
#816 = CARTESIAN_POINT('',(-23.7,-22.2,0.2));
#817 = LINE('',#818,#819);
#818 = CARTESIAN_POINT('',(-26.2,-22.2,0.2));
#819 = VECTOR('',#820,1.);
#820 = DIRECTION('',(1.,6.661338147751E-16,2.22044604925E-16));
#821 = ORIENTED_EDGE('',*,*,#822,.T.);
#822 = EDGE_CURVE('',#815,#769,#823,.T.);
#823 = B_SPLINE_CURVE_WITH_KNOTS('',1,(#824,#825),.UNSPECIFIED.,.F.,.F.,
  (2,2),(0.,1.),.PIECEWISE_BEZIER_KNOTS.);
#824 = CARTESIAN_POINT('',(-23.7,-22.2,0.2));
#825 = CARTESIAN_POINT('',(-23.7,-18.7,0.2));
#826 = ORIENTED_EDGE('',*,*,#799,.F.);
#827 = PLANE('',#828);
#828 = AXIS2_PLACEMENT_3D('',#829,#830,#831);
#829 = CARTESIAN_POINT('',(-26.2,-22.2,0.2));
#830 = DIRECTION('',(4.440892098501E-16,4.930380657631E-32,1.));
#831 = DIRECTION('',(2.22044604925E-16,1.,-6.661338147751E-16));
#832 = ADVANCED_FACE('',(#833),#892,.T.);
#833 = FACE_BOUND('',#834,.F.);
#834 = EDGE_LOOP('',(#835,#836,#837,#886));
#835 = ORIENTED_EDGE('',*,*,#334,.F.);
#836 = ORIENTED_EDGE('',*,*,#814,.T.);
#837 = ORIENTED_EDGE('',*,*,#838,.T.);
#838 = EDGE_CURVE('',#815,#839,#841,.T.);
#839 = VERTEX_POINT('',#840);
#840 = CARTESIAN_POINT('',(-22.95,-22.95,-0.55));
#841 = B_SPLINE_CURVE_WITH_KNOTS('',7,(#842,#843,#844,#845,#846,#847,
    #848,#849,#850,#851,#852,#853,#854,#855,#856,#857,#858,#859,#860,
    #861,#862,#863,#864,#865,#866,#867,#868,#869,#870,#871,#872,#873,
    #874,#875,#876,#877,#878,#879,#880,#881,#882,#883,#884,#885),
  .UNSPECIFIED.,.F.,.F.,(8,6,6,6,6,6,6,8),(0.,0.354370818857,
    0.505806918645,0.763000322905,0.971940384459,0.986097025395,
    0.992704953398,1.),.UNSPECIFIED.);
#842 = CARTESIAN_POINT('',(-23.7,-22.2,0.2));
#843 = CARTESIAN_POINT('',(-23.7,-22.26492139805,0.2));
#844 = CARTESIAN_POINT('',(-23.69344361689,-22.33029519368,
    0.193443616897));
#845 = CARTESIAN_POINT('',(-23.68016670156,-22.39480919952,
    0.180166701568));
#846 = CARTESIAN_POINT('',(-23.6604359183,-22.45731515408,0.160435918305
    ));
#847 = CARTESIAN_POINT('',(-23.63476636202,-22.5168400664,0.134766362021
    ));
#848 = CARTESIAN_POINT('',(-23.60387913845,-22.57259092324,
    0.103879138457));
#849 = CARTESIAN_POINT('',(-23.5536055996,-22.64594751734,
    5.360559960037E-02));
#850 = CARTESIAN_POINT('',(-23.53775150501,-22.66713026871,
    3.775150501905E-02));
#851 = CARTESIAN_POINT('',(-23.52115449188,-22.68749655623,
    2.115449188862E-02));
#852 = CARTESIAN_POINT('',(-23.50387402226,-22.70701879371,
    3.874022261385E-03));
#853 = CARTESIAN_POINT('',(-23.48596832698,-22.72567715322,
    -1.403167301817E-02));
#854 = CARTESIAN_POINT('',(-23.46749323857,-22.74345829714,
    -3.250676142282E-02));
#855 = CARTESIAN_POINT('',(-23.41624535796,-22.789049327,
    -8.375464203913E-02));
#856 = CARTESIAN_POINT('',(-23.38250264152,-22.81518670299,
    -0.117497358475));
#857 = CARTESIAN_POINT('',(-23.34752326574,-22.83873492068,
    -0.152476734257));
#858 = CARTESIAN_POINT('',(-23.31153491202,-22.8596944758,
    -0.188465087979));
#859 = CARTESIAN_POINT('',(-23.27474020781,-22.87808788097,
    -0.225259792187));
#860 = CARTESIAN_POINT('',(-23.23731438216,-22.89394986909,
    -0.262685617834));
#861 = CARTESIAN_POINT('',(-23.16860421941,-22.91817733831,
    -0.331395780581));
#862 = CARTESIAN_POINT('',(-23.13748823662,-22.92738989053,
    -0.36251176338));
#863 = CARTESIAN_POINT('',(-23.10613461184,-22.93497522429,
    -0.393865388159));
#864 = CARTESIAN_POINT('',(-23.07461656312,-22.94095294921,
    -0.425383436876));
#865 = CARTESIAN_POINT('',(-23.04300139653,-22.94534134569,
    -0.456998603463));
#866 = CARTESIAN_POINT('',(-23.01135101512,-22.94815639678,
    -0.48864898488));
#867 = CARTESIAN_POINT('',(-22.97757944697,-22.94949581299,
    -0.522420553025));
#868 = CARTESIAN_POINT('',(-22.97543657088,-22.94957364118,
    -0.524563429119));
#869 = CARTESIAN_POINT('',(-22.97329381785,-22.94964430862,
    -0.52670618215));
#870 = CARTESIAN_POINT('',(-22.97115120612,-22.94970781919,
    -0.52884879388));
#871 = CARTESIAN_POINT('',(-22.96900875387,-22.94976417669,
    -0.530991246124));
#872 = CARTESIAN_POINT('',(-22.96686647924,-22.94981338488,
    -0.533133520754));
#873 = CARTESIAN_POINT('',(-22.96372453716,-22.94987508105,
    -0.536275462835));
#874 = CARTESIAN_POINT('',(-22.96272467485,-22.94989315864,
    -0.537275325146));
#875 = CARTESIAN_POINT('',(-22.96172481336,-22.94990968035,
    -0.538275186634));
#876 = CARTESIAN_POINT('',(-22.9607249527,-22.94992464636,
    -0.539275047299));
#877 = CARTESIAN_POINT('',(-22.95972509285,-22.94993805678,
    -0.540274907145));
#878 = CARTESIAN_POINT('',(-22.95872523382,-22.94994991173,
    -0.541274766173));
#879 = CARTESIAN_POINT('',(-22.95662154817,-22.9499715819,
    -0.543378451824));
#880 = CARTESIAN_POINT('',(-22.95551778164,-22.94998105619,
    -0.544482218357));
#881 = CARTESIAN_POINT('',(-22.95441408169,-22.94998863466,
    -0.545585918304));
#882 = CARTESIAN_POINT('',(-22.95331045226,-22.94999431781,
    -0.546689547738));
#883 = CARTESIAN_POINT('',(-22.95220689551,-22.94999810609,
    -0.547793104487));
#884 = CARTESIAN_POINT('',(-22.95110341187,-22.95,-0.548896588129));
#885 = CARTESIAN_POINT('',(-22.95,-22.95,-0.55));
#886 = ORIENTED_EDGE('',*,*,#887,.F.);
#887 = EDGE_CURVE('',#327,#839,#888,.T.);
#888 = LINE('',#889,#890);
#889 = CARTESIAN_POINT('',(-26.2,-22.95,-0.55));
#890 = VECTOR('',#891,1.);
#891 = DIRECTION('',(1.,6.661338147751E-16,2.22044604925E-16));
#892 = CYLINDRICAL_SURFACE('',#893,0.75);
#893 = AXIS2_PLACEMENT_3D('',#894,#895,#896);
#894 = CARTESIAN_POINT('',(-26.2,-22.2,-0.55));
#895 = DIRECTION('',(-1.,-4.440892098501E-16,4.930380657631E-32));
#896 = DIRECTION('',(2.22044604925E-16,1.,-6.661338147751E-16));
#897 = ADVANCED_FACE('',(#898),#918,.T.);
#898 = FACE_BOUND('',#899,.T.);
#899 = EDGE_LOOP('',(#900,#901,#909,#917));
#900 = ORIENTED_EDGE('',*,*,#326,.F.);
#901 = ORIENTED_EDGE('',*,*,#902,.T.);
#902 = EDGE_CURVE('',#318,#903,#905,.T.);
#903 = VERTEX_POINT('',#904);
#904 = CARTESIAN_POINT('',(-22.75,-22.95,-0.75));
#905 = LINE('',#906,#907);
#906 = CARTESIAN_POINT('',(-26.2,-22.95,-0.75));
#907 = VECTOR('',#908,1.);
#908 = DIRECTION('',(1.,6.661338147751E-16,2.22044604925E-16));
#909 = ORIENTED_EDGE('',*,*,#910,.T.);
#910 = EDGE_CURVE('',#903,#839,#911,.T.);
#911 = B_SPLINE_CURVE_WITH_KNOTS('',4,(#912,#913,#914,#915,#916),
  .UNSPECIFIED.,.F.,.F.,(5,5),(0.,1.),.PIECEWISE_BEZIER_KNOTS.);
#912 = CARTESIAN_POINT('',(-22.75,-22.95,-0.75));
#913 = CARTESIAN_POINT('',(-22.80001586342,-22.95,-0.699984136571));
#914 = CARTESIAN_POINT('',(-22.8500214619,-22.95,-0.649978538092));
#915 = CARTESIAN_POINT('',(-22.90001634197,-22.95,-0.59998365803));
#916 = CARTESIAN_POINT('',(-22.95,-22.95,-0.55));
#917 = ORIENTED_EDGE('',*,*,#887,.F.);
#918 = PLANE('',#919);
#919 = AXIS2_PLACEMENT_3D('',#920,#921,#922);
#920 = CARTESIAN_POINT('',(-26.2,-22.95,-0.75));
#921 = DIRECTION('',(4.930380657631E-32,-1.,4.440892098501E-16));
#922 = DIRECTION('',(6.661338147751E-16,-2.22044604925E-16,1.));
#923 = ADVANCED_FACE('',(#924),#943,.T.);
#924 = FACE_BOUND('',#925,.F.);
#925 = EDGE_LOOP('',(#926,#927,#936,#942));
#926 = ORIENTED_EDGE('',*,*,#902,.T.);
#927 = ORIENTED_EDGE('',*,*,#928,.T.);
#928 = EDGE_CURVE('',#903,#929,#931,.T.);
#929 = VERTEX_POINT('',#930);
#930 = CARTESIAN_POINT('',(-22.75,-22.2,-1.5));
#931 = CIRCLE('',#932,0.75);
#932 = AXIS2_PLACEMENT_3D('',#933,#934,#935);
#933 = CARTESIAN_POINT('',(-22.75,-22.2,-0.75));
#934 = DIRECTION('',(1.,-4.440892098501E-16,-8.881784197001E-16));
#935 = DIRECTION('',(4.440892098501E-16,1.,-8.881784197001E-16));
#936 = ORIENTED_EDGE('',*,*,#937,.F.);
#937 = EDGE_CURVE('',#310,#929,#938,.T.);
#938 = LINE('',#939,#940);
#939 = CARTESIAN_POINT('',(-26.2,-22.2,-1.5));
#940 = VECTOR('',#941,1.);
#941 = DIRECTION('',(1.,6.661338147751E-16,2.22044604925E-16));
#942 = ORIENTED_EDGE('',*,*,#317,.F.);
#943 = CYLINDRICAL_SURFACE('',#944,0.75);
#944 = AXIS2_PLACEMENT_3D('',#945,#946,#947);
#945 = CARTESIAN_POINT('',(-26.2,-22.2,-0.75));
#946 = DIRECTION('',(-1.,-4.440892098501E-16,4.930380657631E-32));
#947 = DIRECTION('',(2.22044604925E-16,1.,-6.661338147751E-16));
#948 = ADVANCED_FACE('',(#949),#975,.T.);
#949 = FACE_BOUND('',#950,.F.);
#950 = EDGE_LOOP('',(#951,#959,#968,#974));
#951 = ORIENTED_EDGE('',*,*,#952,.T.);
#952 = EDGE_CURVE('',#292,#953,#955,.T.);
#953 = VERTEX_POINT('',#954);
#954 = CARTESIAN_POINT('',(-22.75,-32.68076923076,-1.482142220615));
#955 = LINE('',#956,#957);
#956 = CARTESIAN_POINT('',(-26.2,-32.68076923076,-1.482142220615));
#957 = VECTOR('',#958,1.);
#958 = DIRECTION('',(1.,6.661338147751E-16,2.22044604925E-16));
#959 = ORIENTED_EDGE('',*,*,#960,.T.);
#960 = EDGE_CURVE('',#953,#961,#963,.T.);
#961 = VERTEX_POINT('',#962);
#962 = CARTESIAN_POINT('',(-22.75,-32.45,-1.284523257867));
#963 = CIRCLE('',#964,0.2);
#964 = AXIS2_PLACEMENT_3D('',#965,#966,#967);
#965 = CARTESIAN_POINT('',(-22.75,-32.65,-1.284523257866));
#966 = DIRECTION('',(1.,-4.440892098501E-16,-8.881784197001E-16));
#967 = DIRECTION('',(4.440892098501E-16,1.,-8.881784197001E-16));
#968 = ORIENTED_EDGE('',*,*,#969,.F.);
#969 = EDGE_CURVE('',#284,#961,#970,.T.);
#970 = LINE('',#971,#972);
#971 = CARTESIAN_POINT('',(-26.2,-32.45,-1.284523257867));
#972 = VECTOR('',#973,1.);
#973 = DIRECTION('',(1.,6.661338147751E-16,2.22044604925E-16));
#974 = ORIENTED_EDGE('',*,*,#291,.F.);
#975 = CYLINDRICAL_SURFACE('',#976,0.2);
#976 = AXIS2_PLACEMENT_3D('',#977,#978,#979);
#977 = CARTESIAN_POINT('',(-26.2,-32.65,-1.284523257867));
#978 = DIRECTION('',(-1.,-4.440892098501E-16,4.930380657631E-32));
#979 = DIRECTION('',(2.22044604925E-16,1.,-6.661338147751E-16));
#980 = ADVANCED_FACE('',(#981),#1007,.T.);
#981 = FACE_BOUND('',#982,.F.);
#982 = EDGE_LOOP('',(#983,#991,#1000,#1006));
#983 = ORIENTED_EDGE('',*,*,#984,.T.);
#984 = EDGE_CURVE('',#275,#985,#987,.T.);
#985 = VERTEX_POINT('',#986);
#986 = CARTESIAN_POINT('',(-22.75,-32.45,0.7));
#987 = LINE('',#988,#989);
#988 = CARTESIAN_POINT('',(-26.2,-32.45,0.7));
#989 = VECTOR('',#990,1.);
#990 = DIRECTION('',(1.,6.661338147751E-16,2.22044604925E-16));
#991 = ORIENTED_EDGE('',*,*,#992,.T.);
#992 = EDGE_CURVE('',#985,#993,#995,.T.);
#993 = VERTEX_POINT('',#994);
#994 = CARTESIAN_POINT('',(-22.75,-32.65,0.9));
#995 = CIRCLE('',#996,0.2);
#996 = AXIS2_PLACEMENT_3D('',#997,#998,#999);
#997 = CARTESIAN_POINT('',(-22.75,-32.65,0.7));
#998 = DIRECTION('',(1.,-4.440892098501E-16,-8.881784197001E-16));
#999 = DIRECTION('',(4.440892098501E-16,1.,-8.881784197001E-16));
#1000 = ORIENTED_EDGE('',*,*,#1001,.F.);
#1001 = EDGE_CURVE('',#267,#993,#1002,.T.);
#1002 = LINE('',#1003,#1004);
#1003 = CARTESIAN_POINT('',(-26.2,-32.65,0.9));
#1004 = VECTOR('',#1005,1.);
#1005 = DIRECTION('',(1.,6.661338147751E-16,2.22044604925E-16));
#1006 = ORIENTED_EDGE('',*,*,#274,.F.);
#1007 = CYLINDRICAL_SURFACE('',#1008,0.2);
#1008 = AXIS2_PLACEMENT_3D('',#1009,#1010,#1011);
#1009 = CARTESIAN_POINT('',(-26.2,-32.65,0.7));
#1010 = DIRECTION('',(-1.,-4.440892098501E-16,4.930380657631E-32));
#1011 = DIRECTION('',(2.22044604925E-16,1.,-6.661338147751E-16));
#1012 = ADVANCED_FACE('',(#1013),#1031,.F.);
#1013 = FACE_BOUND('',#1014,.F.);
#1014 = EDGE_LOOP('',(#1015,#1016,#1024,#1030));
#1015 = ORIENTED_EDGE('',*,*,#1001,.T.);
#1016 = ORIENTED_EDGE('',*,*,#1017,.T.);
#1017 = EDGE_CURVE('',#993,#1018,#1020,.T.);
#1018 = VERTEX_POINT('',#1019);
#1019 = CARTESIAN_POINT('',(-22.75,-33.75,0.9));
#1020 = LINE('',#1021,#1022);
#1021 = CARTESIAN_POINT('',(-22.75,-32.65,0.9));
#1022 = VECTOR('',#1023,1.);
#1023 = DIRECTION('',(-4.440892098501E-16,-1.,8.881784197001E-16));
#1024 = ORIENTED_EDGE('',*,*,#1025,.F.);
#1025 = EDGE_CURVE('',#258,#1018,#1026,.T.);
#1026 = LINE('',#1027,#1028);
#1027 = CARTESIAN_POINT('',(-26.2,-33.75,0.9));
#1028 = VECTOR('',#1029,1.);
#1029 = DIRECTION('',(1.,6.661338147751E-16,2.22044604925E-16));
#1030 = ORIENTED_EDGE('',*,*,#266,.F.);
#1031 = PLANE('',#1032);
#1032 = AXIS2_PLACEMENT_3D('',#1033,#1034,#1035);
#1033 = CARTESIAN_POINT('',(-26.2,-32.65,0.9));
#1034 = DIRECTION('',(-4.440892098501E-16,-4.930380657631E-32,-1.));
#1035 = DIRECTION('',(-2.22044604925E-16,-1.,6.661338147751E-16));
#1036 = ADVANCED_FACE('',(#1037),#1056,.T.);
#1037 = FACE_BOUND('',#1038,.F.);
#1038 = EDGE_LOOP('',(#1039,#1040,#1049,#1055));
#1039 = ORIENTED_EDGE('',*,*,#1025,.T.);
#1040 = ORIENTED_EDGE('',*,*,#1041,.T.);
#1041 = EDGE_CURVE('',#1018,#1042,#1044,.T.);
#1042 = VERTEX_POINT('',#1043);
#1043 = CARTESIAN_POINT('',(-22.75,-33.95,0.7));
#1044 = CIRCLE('',#1045,0.2);
#1045 = AXIS2_PLACEMENT_3D('',#1046,#1047,#1048);
#1046 = CARTESIAN_POINT('',(-22.75,-33.75,0.7));
#1047 = DIRECTION('',(1.,-4.440892098501E-16,-8.881784197001E-16));
#1048 = DIRECTION('',(4.440892098501E-16,1.,-8.881784197001E-16));
#1049 = ORIENTED_EDGE('',*,*,#1050,.F.);
#1050 = EDGE_CURVE('',#250,#1042,#1051,.T.);
#1051 = LINE('',#1052,#1053);
#1052 = CARTESIAN_POINT('',(-26.2,-33.95,0.7));
#1053 = VECTOR('',#1054,1.);
#1054 = DIRECTION('',(1.,6.661338147751E-16,2.22044604925E-16));
#1055 = ORIENTED_EDGE('',*,*,#257,.F.);
#1056 = CYLINDRICAL_SURFACE('',#1057,0.2);
#1057 = AXIS2_PLACEMENT_3D('',#1058,#1059,#1060);
#1058 = CARTESIAN_POINT('',(-26.2,-33.75,0.7));
#1059 = DIRECTION('',(-1.,-4.440892098501E-16,4.930380657631E-32));
#1060 = DIRECTION('',(2.22044604925E-16,1.,-6.661338147751E-16));
#1061 = ADVANCED_FACE('',(#1062),#1088,.T.);
#1062 = FACE_BOUND('',#1063,.F.);
#1063 = EDGE_LOOP('',(#1064,#1072,#1081,#1087));
#1064 = ORIENTED_EDGE('',*,*,#1065,.T.);
#1065 = EDGE_CURVE('',#224,#1066,#1068,.T.);
#1066 = VERTEX_POINT('',#1067);
#1067 = CARTESIAN_POINT('',(-22.75,-29.7,3.6));
#1068 = LINE('',#1069,#1070);
#1069 = CARTESIAN_POINT('',(-26.2,-29.7,3.6));
#1070 = VECTOR('',#1071,1.);
#1071 = DIRECTION('',(1.,6.661338147751E-16,2.22044604925E-16));
#1072 = ORIENTED_EDGE('',*,*,#1073,.T.);
#1073 = EDGE_CURVE('',#1066,#1074,#1076,.T.);
#1074 = VERTEX_POINT('',#1075);
#1075 = CARTESIAN_POINT('',(-22.75,-30.45,2.85));
#1076 = CIRCLE('',#1077,0.75);
#1077 = AXIS2_PLACEMENT_3D('',#1078,#1079,#1080);
#1078 = CARTESIAN_POINT('',(-22.75,-29.7,2.85));
#1079 = DIRECTION('',(1.,-4.440892098501E-16,-8.881784197001E-16));
#1080 = DIRECTION('',(4.440892098501E-16,1.,-8.881784197001E-16));
#1081 = ORIENTED_EDGE('',*,*,#1082,.F.);
#1082 = EDGE_CURVE('',#216,#1074,#1083,.T.);
#1083 = LINE('',#1084,#1085);
#1084 = CARTESIAN_POINT('',(-26.2,-30.45,2.85));
#1085 = VECTOR('',#1086,1.);
#1086 = DIRECTION('',(1.,6.661338147751E-16,2.22044604925E-16));
#1087 = ORIENTED_EDGE('',*,*,#223,.F.);
#1088 = CYLINDRICAL_SURFACE('',#1089,0.75);
#1089 = AXIS2_PLACEMENT_3D('',#1090,#1091,#1092);
#1090 = CARTESIAN_POINT('',(-26.2,-29.7,2.85));
#1091 = DIRECTION('',(-1.,-4.440892098501E-16,4.930380657631E-32));
#1092 = DIRECTION('',(2.22044604925E-16,1.,-6.661338147751E-16));
#1093 = ADVANCED_FACE('',(#1094),#1114,.T.);
#1094 = FACE_BOUND('',#1095,.T.);
#1095 = EDGE_LOOP('',(#1096,#1097,#1105,#1113));
#1096 = ORIENTED_EDGE('',*,*,#215,.F.);
#1097 = ORIENTED_EDGE('',*,*,#1098,.T.);
#1098 = EDGE_CURVE('',#207,#1099,#1101,.T.);
#1099 = VERTEX_POINT('',#1100);
#1100 = CARTESIAN_POINT('',(-22.95,-30.45,2.65));
#1101 = LINE('',#1102,#1103);
#1102 = CARTESIAN_POINT('',(-26.2,-30.45,2.65));
#1103 = VECTOR('',#1104,1.);
#1104 = DIRECTION('',(1.,6.661338147751E-16,2.22044604925E-16));
#1105 = ORIENTED_EDGE('',*,*,#1106,.F.);
#1106 = EDGE_CURVE('',#1074,#1099,#1107,.T.);
#1107 = B_SPLINE_CURVE_WITH_KNOTS('',4,(#1108,#1109,#1110,#1111,#1112),
  .UNSPECIFIED.,.F.,.F.,(5,5),(0.,1.),.PIECEWISE_BEZIER_KNOTS.);
#1108 = CARTESIAN_POINT('',(-22.75,-30.45,2.85));
#1109 = CARTESIAN_POINT('',(-22.80020191695,-30.45,2.799798083045));
#1110 = CARTESIAN_POINT('',(-22.85027187638,-30.45,2.749728123617));
#1111 = CARTESIAN_POINT('',(-22.90020593503,-30.45,2.699794064964));
#1112 = CARTESIAN_POINT('',(-22.95,-30.45,2.65));
#1113 = ORIENTED_EDGE('',*,*,#1082,.F.);
#1114 = PLANE('',#1115);
#1115 = AXIS2_PLACEMENT_3D('',#1116,#1117,#1118);
#1116 = CARTESIAN_POINT('',(-26.2,-30.45,2.65));
#1117 = DIRECTION('',(4.930380657631E-32,-1.,4.440892098501E-16));
#1118 = DIRECTION('',(6.661338147751E-16,-2.22044604925E-16,1.));
#1119 = ADVANCED_FACE('',(#1120),#1167,.T.);
#1120 = FACE_BOUND('',#1121,.F.);
#1121 = EDGE_LOOP('',(#1122,#1123,#1124,#1161));
#1122 = ORIENTED_EDGE('',*,*,#206,.F.);
#1123 = ORIENTED_EDGE('',*,*,#1098,.T.);
#1124 = ORIENTED_EDGE('',*,*,#1125,.T.);
#1125 = EDGE_CURVE('',#1099,#1126,#1128,.T.);
#1126 = VERTEX_POINT('',#1127);
#1127 = CARTESIAN_POINT('',(-23.7,-29.7,1.9));
#1128 = B_SPLINE_CURVE_WITH_KNOTS('',6,(#1129,#1130,#1131,#1132,#1133,
    #1134,#1135,#1136,#1137,#1138,#1139,#1140,#1141,#1142,#1143,#1144,
    #1145,#1146,#1147,#1148,#1149,#1150,#1151,#1152,#1153,#1154,#1155,
    #1156,#1157,#1158,#1159,#1160),.UNSPECIFIED.,.F.,.F.,(7,5,5,5,5,5,7)
  ,(0.,0.242307917295,0.490273791842,0.610807777929,0.674556322755,
    0.804289128917,1.),.UNSPECIFIED.);
#1129 = CARTESIAN_POINT('',(-22.95,-30.45,2.65));
#1130 = CARTESIAN_POINT('',(-22.98956794087,-30.45,2.610432059126));
#1131 = CARTESIAN_POINT('',(-23.02944602493,-30.44749530285,
    2.570553975062));
#1132 = CARTESIAN_POINT('',(-23.06955446371,-30.44241089182,
    2.530445536282));
#1133 = CARTESIAN_POINT('',(-23.10979365299,-30.43464561788,
    2.490206347004));
#1134 = CARTESIAN_POINT('',(-23.15003889959,-30.42406891156,
    2.449961100408));
#1135 = CARTESIAN_POINT('',(-23.23116765523,-30.39664964899,
    2.368832344761));
#1136 = CARTESIAN_POINT('',(-23.27202559475,-30.37967236529,
    2.32797440525));
#1137 = CARTESIAN_POINT('',(-23.31256020764,-30.35940845111,
    2.287439792354));
#1138 = CARTESIAN_POINT('',(-23.35252298807,-30.3356526407,
    2.247477011924));
#1139 = CARTESIAN_POINT('',(-23.39156136964,-30.30821004692,
    2.208438630354));
#1140 = CARTESIAN_POINT('',(-23.44751721751,-30.26173190517,
    2.152482782481));
#1141 = CARTESIAN_POINT('',(-23.46548838389,-30.24562711419,
    2.134511616107));
#1142 = CARTESIAN_POINT('',(-23.48307183207,-30.22860745153,
    2.116928167922));
#1143 = CARTESIAN_POINT('',(-23.50020074501,-30.21066785921,
    2.099799254985));
#1144 = CARTESIAN_POINT('',(-23.51680014907,-30.19181590745,
    2.083199850927));
#1145 = CARTESIAN_POINT('',(-23.54124601179,-30.16163692968,
    2.058753988205));
#1146 = CARTESIAN_POINT('',(-23.5495318377,-30.15094916356,
    2.050468162292));
#1147 = CARTESIAN_POINT('',(-23.55763478987,-30.14001720749,
    2.042365210128));
#1148 = CARTESIAN_POINT('',(-23.56554253611,-30.12884654142,
    2.034457463888));
#1149 = CARTESIAN_POINT('',(-23.57324259572,-30.11744431197,
    2.026757404279));
#1150 = CARTESIAN_POINT('',(-23.595944148,-30.08216167503,2.004055851998
    ));
#1151 = CARTESIAN_POINT('',(-23.61025600565,-30.05757809203,
    1.989743994351));
#1152 = CARTESIAN_POINT('',(-23.6235481195,-30.03215012842,
    1.976451880494));
#1153 = CARTESIAN_POINT('',(-23.63572056643,-30.00598324836,
    1.964279433563));
#1154 = CARTESIAN_POINT('',(-23.64669116913,-29.97920792074,
    1.953308830862));
#1155 = CARTESIAN_POINT('',(-23.6710548993,-29.91090657541,
    1.928945100691));
#1156 = CARTESIAN_POINT('',(-23.68284991325,-29.86878371676,
    1.917150086747));
#1157 = CARTESIAN_POINT('',(-23.69158491221,-29.82616101919,
    1.908415087782));
#1158 = CARTESIAN_POINT('',(-23.69726057884,-29.78354867681,
    1.902739421158));
#1159 = CARTESIAN_POINT('',(-23.7,-29.74137806956,1.9));
#1160 = CARTESIAN_POINT('',(-23.7,-29.7,1.9));
#1161 = ORIENTED_EDGE('',*,*,#1162,.F.);
#1162 = EDGE_CURVE('',#199,#1126,#1163,.T.);
#1163 = LINE('',#1164,#1165);
#1164 = CARTESIAN_POINT('',(-26.2,-29.7,1.9));
#1165 = VECTOR('',#1166,1.);
#1166 = DIRECTION('',(1.,6.661338147751E-16,2.22044604925E-16));
#1167 = CYLINDRICAL_SURFACE('',#1168,0.75);
#1168 = AXIS2_PLACEMENT_3D('',#1169,#1170,#1171);
#1169 = CARTESIAN_POINT('',(-26.2,-29.7,2.65));
#1170 = DIRECTION('',(-1.,-4.440892098501E-16,4.930380657631E-32));
#1171 = DIRECTION('',(2.22044604925E-16,1.,-6.661338147751E-16));
#1172 = ADVANCED_FACE('',(#1173),#1190,.T.);
#1173 = FACE_BOUND('',#1174,.T.);
#1174 = EDGE_LOOP('',(#1175,#1176,#1184,#1189));
#1175 = ORIENTED_EDGE('',*,*,#198,.F.);
#1176 = ORIENTED_EDGE('',*,*,#1177,.T.);
#1177 = EDGE_CURVE('',#190,#1178,#1180,.T.);
#1178 = VERTEX_POINT('',#1179);
#1179 = CARTESIAN_POINT('',(-23.7,-26.2,1.9));
#1180 = LINE('',#1181,#1182);
#1181 = CARTESIAN_POINT('',(-26.2,-26.2,1.9));
#1182 = VECTOR('',#1183,1.);
#1183 = DIRECTION('',(1.,6.661338147751E-16,2.22044604925E-16));
#1184 = ORIENTED_EDGE('',*,*,#1185,.T.);
#1185 = EDGE_CURVE('',#1178,#1126,#1186,.T.);
#1186 = B_SPLINE_CURVE_WITH_KNOTS('',1,(#1187,#1188),.UNSPECIFIED.,.F.,
  .F.,(2,2),(0.,1.),.PIECEWISE_BEZIER_KNOTS.);
#1187 = CARTESIAN_POINT('',(-23.7,-26.2,1.9));
#1188 = CARTESIAN_POINT('',(-23.7,-29.7,1.9));
#1189 = ORIENTED_EDGE('',*,*,#1162,.F.);
#1190 = PLANE('',#1191);
#1191 = AXIS2_PLACEMENT_3D('',#1192,#1193,#1194);
#1192 = CARTESIAN_POINT('',(-26.2,-26.2,1.9));
#1193 = DIRECTION('',(-4.440892098501E-16,-4.930380657631E-32,-1.));
#1194 = DIRECTION('',(-2.22044604925E-16,-1.,6.661338147751E-16));
#1195 = ADVANCED_FACE('',(#1196),#1261,.T.);
#1196 = FACE_BOUND('',#1197,.F.);
#1197 = EDGE_LOOP('',(#1198,#1199,#1200,#1255));
#1198 = ORIENTED_EDGE('',*,*,#189,.F.);
#1199 = ORIENTED_EDGE('',*,*,#1177,.T.);
#1200 = ORIENTED_EDGE('',*,*,#1201,.T.);
#1201 = EDGE_CURVE('',#1178,#1202,#1204,.T.);
#1202 = VERTEX_POINT('',#1203);
#1203 = CARTESIAN_POINT('',(-22.95,-25.45,2.65));
#1204 = B_SPLINE_CURVE_WITH_KNOTS('',7,(#1205,#1206,#1207,#1208,#1209,
    #1210,#1211,#1212,#1213,#1214,#1215,#1216,#1217,#1218,#1219,#1220,
    #1221,#1222,#1223,#1224,#1225,#1226,#1227,#1228,#1229,#1230,#1231,
    #1232,#1233,#1234,#1235,#1236,#1237,#1238,#1239,#1240,#1241,#1242,
    #1243,#1244,#1245,#1246,#1247,#1248,#1249,#1250,#1251,#1252,#1253,
    #1254),.UNSPECIFIED.,.F.,.F.,(8,6,6,6,6,6,6,6,8),(0.,0.23672168474,
    0.401323325964,0.874359450297,0.936558296898,0.967326150406,
    0.982646790258,0.990747974153,1.),.UNSPECIFIED.);
#1205 = CARTESIAN_POINT('',(-23.7,-26.2,1.9));
#1206 = CARTESIAN_POINT('',(-23.7,-26.15371968406,1.9));
#1207 = CARTESIAN_POINT('',(-23.69666801956,-26.10802609707,
    1.903331980432));
#1208 = CARTESIAN_POINT('',(-23.69015711795,-26.06330176531,
    1.909842882043));
#1209 = CARTESIAN_POINT('',(-23.68068608658,-26.01983688199,
    1.919313913415));
#1210 = CARTESIAN_POINT('',(-23.66849537397,-25.97784404739,
    1.931504626024));
#1211 = CARTESIAN_POINT('',(-23.653818467,-25.93747177306,1.946181533));
#1212 = CARTESIAN_POINT('',(-23.62508292691,-25.87193843448,
    1.974917073089));
#1213 = CARTESIAN_POINT('',(-23.6121984677,-25.84589109819,
    1.987801532293));
#1214 = CARTESIAN_POINT('',(-23.59828672129,-25.82070655716,
    2.001713278706));
#1215 = CARTESIAN_POINT('',(-23.58341573098,-25.79640944053,
    2.016584269018));
#1216 = CARTESIAN_POINT('',(-23.5676495022,-25.77301826021,2.0323504978)
  );
#1217 = CARTESIAN_POINT('',(-23.5510472918,-25.75054648016,2.0489527082)
  );
#1218 = CARTESIAN_POINT('',(-23.48370320976,-25.66709310165,
    2.116296790233));
#1219 = CARTESIAN_POINT('',(-23.42733778932,-25.61292086308,
    2.172662210676));
#1220 = CARTESIAN_POINT('',(-23.36579677317,-25.56659649555,
    2.234203226827));
#1221 = CARTESIAN_POINT('',(-23.30008570771,-25.52826957213,
    2.29991429229));
#1222 = CARTESIAN_POINT('',(-23.23111070948,-25.49805109611,
    2.368889290518));
#1223 = CARTESIAN_POINT('',(-23.15965112321,-25.47605308322,
    2.440348876788));
#1224 = CARTESIAN_POINT('',(-23.07674199664,-25.46072165672,
    2.523258003358));
#1225 = CARTESIAN_POINT('',(-23.06707674158,-25.45908624206,
    2.532923258411));
#1226 = CARTESIAN_POINT('',(-23.05738270293,-25.45759756424,
    2.542617297066));
#1227 = CARTESIAN_POINT('',(-23.04766161329,-25.45625615793,
    2.552338386706));
#1228 = CARTESIAN_POINT('',(-23.03791521066,-25.45506258285,
    2.562084789332));
#1229 = CARTESIAN_POINT('',(-23.02814523844,-25.45401742381,
    2.571854761555));
#1230 = CARTESIAN_POINT('',(-23.01350974699,-25.45267800115,
    2.586490253007));
#1231 = CARTESIAN_POINT('',(-23.00866070976,-25.45227117808,
    2.591339290233));
#1232 = CARTESIAN_POINT('',(-23.00380654582,-25.45190089533,
    2.596193454179));
#1233 = CARTESIAN_POINT('',(-22.99894746809,-25.45156722843,
    2.601052531903));
#1234 = CARTESIAN_POINT('',(-22.99408369038,-25.45127025451,
    2.605916309618));
#1235 = CARTESIAN_POINT('',(-22.9892154273,-25.45101005232,
    2.610784572698));
#1236 = CARTESIAN_POINT('',(-22.98191665023,-25.45067548654,
    2.618083349765));
#1237 = CARTESIAN_POINT('',(-22.97948934745,-25.45057340826,
    2.620510652545));
#1238 = CARTESIAN_POINT('',(-22.9770610126,-25.45048047728,
    2.622938987394));
#1239 = CARTESIAN_POINT('',(-22.97463167237,-25.45039670363,
    2.625368327627));
#1240 = CARTESIAN_POINT('',(-22.97220135351,-25.45032209741,
    2.627798646489));
#1241 = CARTESIAN_POINT('',(-22.96977008284,-25.45025666887,
    2.630229917157));
#1242 = CARTESIAN_POINT('',(-22.96605180105,-25.4501706897,2.63394819895
    ));
#1243 = CARTESIAN_POINT('',(-22.96476571603,-25.45014352607,
    2.635234283968));
#1244 = CARTESIAN_POINT('',(-22.9634796322,-25.45011893701,
    2.636520367792));
#1245 = CARTESIAN_POINT('',(-22.96219354957,-25.45009692214,
    2.637806450422));
#1246 = CARTESIAN_POINT('',(-22.96090746814,-25.45007748113,
    2.639092531856));
#1247 = CARTESIAN_POINT('',(-22.9596213879,-25.45006061371,
    2.640378612095));
#1248 = CARTESIAN_POINT('',(-22.95686653137,-25.45002999505,
    2.643133468626));
#1249 = CARTESIAN_POINT('',(-22.95582762218,-25.45002159693,
    2.644172377819));
#1250 = CARTESIAN_POINT('',(-22.9547041286,-25.45001273246,
    2.645295871398));
#1251 = CARTESIAN_POINT('',(-22.95327378139,-25.45000396938,
    2.646726218606));
#1252 = CARTESIAN_POINT('',(-22.95163974821,-25.44999919915,
    2.648360251781));
#1253 = CARTESIAN_POINT('',(-22.95026388712,-25.45,2.649736112878));
#1254 = CARTESIAN_POINT('',(-22.95,-25.45,2.65));
#1255 = ORIENTED_EDGE('',*,*,#1256,.F.);
#1256 = EDGE_CURVE('',#182,#1202,#1257,.T.);
#1257 = LINE('',#1258,#1259);
#1258 = CARTESIAN_POINT('',(-26.2,-25.45,2.65));
#1259 = VECTOR('',#1260,1.);
#1260 = DIRECTION('',(1.,6.661338147751E-16,2.22044604925E-16));
#1261 = CYLINDRICAL_SURFACE('',#1262,0.75);
#1262 = AXIS2_PLACEMENT_3D('',#1263,#1264,#1265);
#1263 = CARTESIAN_POINT('',(-26.2,-26.2,2.65));
#1264 = DIRECTION('',(-1.,-4.440892098501E-16,4.930380657631E-32));
#1265 = DIRECTION('',(2.22044604925E-16,1.,-6.661338147751E-16));
#1266 = ADVANCED_FACE('',(#1267),#1287,.T.);
#1267 = FACE_BOUND('',#1268,.T.);
#1268 = EDGE_LOOP('',(#1269,#1270,#1278,#1286));
#1269 = ORIENTED_EDGE('',*,*,#181,.F.);
#1270 = ORIENTED_EDGE('',*,*,#1271,.T.);
#1271 = EDGE_CURVE('',#173,#1272,#1274,.T.);
#1272 = VERTEX_POINT('',#1273);
#1273 = CARTESIAN_POINT('',(-22.75,-25.45,2.85));
#1274 = LINE('',#1275,#1276);
#1275 = CARTESIAN_POINT('',(-26.2,-25.45,2.85));
#1276 = VECTOR('',#1277,1.);
#1277 = DIRECTION('',(1.,6.661338147751E-16,2.22044604925E-16));
#1278 = ORIENTED_EDGE('',*,*,#1279,.T.);
#1279 = EDGE_CURVE('',#1272,#1202,#1280,.T.);
#1280 = B_SPLINE_CURVE_WITH_KNOTS('',4,(#1281,#1282,#1283,#1284,#1285),
  .UNSPECIFIED.,.F.,.F.,(5,5),(0.,1.),.PIECEWISE_BEZIER_KNOTS.);
#1281 = CARTESIAN_POINT('',(-22.75,-25.45,2.85));
#1282 = CARTESIAN_POINT('',(-22.80006035125,-25.45,2.799939648741));
#1283 = CARTESIAN_POINT('',(-22.85008155758,-25.45,2.74991844242));
#1284 = CARTESIAN_POINT('',(-22.90006202256,-25.45,2.699937977432));
#1285 = CARTESIAN_POINT('',(-22.95,-25.45,2.65));
#1286 = ORIENTED_EDGE('',*,*,#1256,.F.);
#1287 = PLANE('',#1288);
#1288 = AXIS2_PLACEMENT_3D('',#1289,#1290,#1291);
#1289 = CARTESIAN_POINT('',(-26.2,-25.45,2.85));
#1290 = DIRECTION('',(-4.930380657631E-32,1.,-4.440892098501E-16));
#1291 = DIRECTION('',(-6.661338147751E-16,2.22044604925E-16,-1.));
#1292 = ADVANCED_FACE('',(#1293),#1312,.T.);
#1293 = FACE_BOUND('',#1294,.F.);
#1294 = EDGE_LOOP('',(#1295,#1296,#1305,#1311));
#1295 = ORIENTED_EDGE('',*,*,#1271,.T.);
#1296 = ORIENTED_EDGE('',*,*,#1297,.T.);
#1297 = EDGE_CURVE('',#1272,#1298,#1300,.T.);
#1298 = VERTEX_POINT('',#1299);
#1299 = CARTESIAN_POINT('',(-22.75,-26.2,3.6));
#1300 = CIRCLE('',#1301,0.75);
#1301 = AXIS2_PLACEMENT_3D('',#1302,#1303,#1304);
#1302 = CARTESIAN_POINT('',(-22.75,-26.2,2.85));
#1303 = DIRECTION('',(1.,-4.440892098501E-16,-8.881784197001E-16));
#1304 = DIRECTION('',(4.440892098501E-16,1.,-8.881784197001E-16));
#1305 = ORIENTED_EDGE('',*,*,#1306,.F.);
#1306 = EDGE_CURVE('',#165,#1298,#1307,.T.);
#1307 = LINE('',#1308,#1309);
#1308 = CARTESIAN_POINT('',(-26.2,-26.2,3.6));
#1309 = VECTOR('',#1310,1.);
#1310 = DIRECTION('',(1.,6.661338147751E-16,2.22044604925E-16));
#1311 = ORIENTED_EDGE('',*,*,#172,.F.);
#1312 = CYLINDRICAL_SURFACE('',#1313,0.75);
#1313 = AXIS2_PLACEMENT_3D('',#1314,#1315,#1316);
#1314 = CARTESIAN_POINT('',(-26.2,-26.2,2.85));
#1315 = DIRECTION('',(-1.,-4.440892098501E-16,4.930380657631E-32));
#1316 = DIRECTION('',(2.22044604925E-16,1.,-6.661338147751E-16));
#1317 = ADVANCED_FACE('',(#1318),#1344,.T.);
#1318 = FACE_BOUND('',#1319,.F.);
#1319 = EDGE_LOOP('',(#1320,#1328,#1337,#1343));
#1320 = ORIENTED_EDGE('',*,*,#1321,.T.);
#1321 = EDGE_CURVE('',#156,#1322,#1324,.T.);
#1322 = VERTEX_POINT('',#1323);
#1323 = CARTESIAN_POINT('',(-22.75,-14.7,3.6));
#1324 = LINE('',#1325,#1326);
#1325 = CARTESIAN_POINT('',(-26.2,-14.7,3.6));
#1326 = VECTOR('',#1327,1.);
#1327 = DIRECTION('',(1.,6.661338147751E-16,2.22044604925E-16));
#1328 = ORIENTED_EDGE('',*,*,#1329,.T.);
#1329 = EDGE_CURVE('',#1322,#1330,#1332,.T.);
#1330 = VERTEX_POINT('',#1331);
#1331 = CARTESIAN_POINT('',(-22.75,-15.45,2.85));
#1332 = CIRCLE('',#1333,0.75);
#1333 = AXIS2_PLACEMENT_3D('',#1334,#1335,#1336);
#1334 = CARTESIAN_POINT('',(-22.75,-14.7,2.85));
#1335 = DIRECTION('',(1.,-4.440892098501E-16,-8.881784197001E-16));
#1336 = DIRECTION('',(4.440892098501E-16,1.,-8.881784197001E-16));
#1337 = ORIENTED_EDGE('',*,*,#1338,.F.);
#1338 = EDGE_CURVE('',#148,#1330,#1339,.T.);
#1339 = LINE('',#1340,#1341);
#1340 = CARTESIAN_POINT('',(-26.2,-15.45,2.85));
#1341 = VECTOR('',#1342,1.);
#1342 = DIRECTION('',(1.,6.661338147751E-16,2.22044604925E-16));
#1343 = ORIENTED_EDGE('',*,*,#155,.F.);
#1344 = CYLINDRICAL_SURFACE('',#1345,0.75);
#1345 = AXIS2_PLACEMENT_3D('',#1346,#1347,#1348);
#1346 = CARTESIAN_POINT('',(-26.2,-14.7,2.85));
#1347 = DIRECTION('',(-1.,-4.440892098501E-16,4.930380657631E-32));
#1348 = DIRECTION('',(2.22044604925E-16,1.,-6.661338147751E-16));
#1349 = ADVANCED_FACE('',(#1350),#1370,.T.);
#1350 = FACE_BOUND('',#1351,.T.);
#1351 = EDGE_LOOP('',(#1352,#1353,#1361,#1369));
#1352 = ORIENTED_EDGE('',*,*,#147,.F.);
#1353 = ORIENTED_EDGE('',*,*,#1354,.T.);
#1354 = EDGE_CURVE('',#139,#1355,#1357,.T.);
#1355 = VERTEX_POINT('',#1356);
#1356 = CARTESIAN_POINT('',(-22.95,-15.45,2.65));
#1357 = LINE('',#1358,#1359);
#1358 = CARTESIAN_POINT('',(-26.2,-15.45,2.65));
#1359 = VECTOR('',#1360,1.);
#1360 = DIRECTION('',(1.,6.661338147751E-16,2.22044604925E-16));
#1361 = ORIENTED_EDGE('',*,*,#1362,.F.);
#1362 = EDGE_CURVE('',#1330,#1355,#1363,.T.);
#1363 = B_SPLINE_CURVE_WITH_KNOTS('',4,(#1364,#1365,#1366,#1367,#1368),
  .UNSPECIFIED.,.F.,.F.,(5,5),(0.,1.),.PIECEWISE_BEZIER_KNOTS.);
#1364 = CARTESIAN_POINT('',(-22.75,-15.45,2.85));
#1365 = CARTESIAN_POINT('',(-22.80006035125,-15.45,2.799939648741));
#1366 = CARTESIAN_POINT('',(-22.85008155758,-15.45,2.74991844242));
#1367 = CARTESIAN_POINT('',(-22.90006202256,-15.45,2.699937977432));
#1368 = CARTESIAN_POINT('',(-22.95,-15.45,2.65));
#1369 = ORIENTED_EDGE('',*,*,#1338,.F.);
#1370 = PLANE('',#1371);
#1371 = AXIS2_PLACEMENT_3D('',#1372,#1373,#1374);
#1372 = CARTESIAN_POINT('',(-26.2,-15.45,2.65));
#1373 = DIRECTION('',(4.930380657631E-32,-1.,4.440892098501E-16));
#1374 = DIRECTION('',(6.661338147751E-16,-2.22044604925E-16,1.));
#1375 = ADVANCED_FACE('',(#1376),#1417,.T.);
#1376 = FACE_BOUND('',#1377,.F.);
#1377 = EDGE_LOOP('',(#1378,#1379,#1380,#1411));
#1378 = ORIENTED_EDGE('',*,*,#138,.F.);
#1379 = ORIENTED_EDGE('',*,*,#1354,.T.);
#1380 = ORIENTED_EDGE('',*,*,#1381,.T.);
#1381 = EDGE_CURVE('',#1355,#1382,#1384,.T.);
#1382 = VERTEX_POINT('',#1383);
#1383 = CARTESIAN_POINT('',(-23.7,-14.7,1.9));
#1384 = B_SPLINE_CURVE_WITH_KNOTS('',7,(#1385,#1386,#1387,#1388,#1389,
    #1390,#1391,#1392,#1393,#1394,#1395,#1396,#1397,#1398,#1399,#1400,
    #1401,#1402,#1403,#1404,#1405,#1406,#1407,#1408,#1409,#1410),
  .UNSPECIFIED.,.F.,.F.,(8,6,6,6,8),(0.,0.12458833337,0.596567426464,
    0.761974159056,1.),.UNSPECIFIED.);
#1385 = CARTESIAN_POINT('',(-22.95,-15.45,2.65));
#1386 = CARTESIAN_POINT('',(-22.9697860979,-15.45,2.630213902092));
#1387 = CARTESIAN_POINT('',(-22.98952023219,-15.44939102707,
    2.610479767803));
#1388 = CARTESIAN_POINT('',(-23.00918800295,-15.4481788062,
    2.590811997043));
#1389 = CARTESIAN_POINT('',(-23.02877518796,-15.44636864147,
    2.571224812035));
#1390 = CARTESIAN_POINT('',(-23.04826774268,-15.443965416,2.551732257316
    ));
#1391 = CARTESIAN_POINT('',(-23.06765180026,-15.44097359202,
    2.532348199731));
#1392 = CARTESIAN_POINT('',(-23.15988359014,-15.42384877408,
    2.440116409858));
#1393 = CARTESIAN_POINT('',(-23.23104987845,-15.40192071564,
    2.368950121541));
#1394 = CARTESIAN_POINT('',(-23.2997499685,-15.37183759392,
    2.300250031499));
#1395 = CARTESIAN_POINT('',(-23.36521368831,-15.3337105731,2.23478631169
    ));
#1396 = CARTESIAN_POINT('',(-23.4265465125,-15.28764950496,
    2.173453487493));
#1397 = CARTESIAN_POINT('',(-23.48275584998,-15.23380156376,
    2.11724415002));
#1398 = CARTESIAN_POINT('',(-23.5501073626,-15.1507122995,2.049892637392
    ));
#1399 = CARTESIAN_POINT('',(-23.56680090248,-15.12821485827,
    2.033199097516));
#1400 = CARTESIAN_POINT('',(-23.58265556865,-15.10479178107,
    2.01734443135));
#1401 = CARTESIAN_POINT('',(-23.59761168939,-15.08045653134,
    2.002388310603));
#1402 = CARTESIAN_POINT('',(-23.61160478865,-15.05522763931,
    1.988395211342));
#1403 = CARTESIAN_POINT('',(-23.62456629735,-15.02912978017,
    1.975433702642));
#1404 = CARTESIAN_POINT('',(-23.65348827792,-14.96343458685,
    1.94651172208));
#1405 = CARTESIAN_POINT('',(-23.66826716663,-14.92294094284,
    1.931732833364));
#1406 = CARTESIAN_POINT('',(-23.68054430561,-14.88081267907,
    1.91945569439));
#1407 = CARTESIAN_POINT('',(-23.69008376621,-14.83720004387,
    1.909916233786));
#1408 = CARTESIAN_POINT('',(-23.69664275903,-14.79231703637,
    1.903357240961));
#1409 = CARTESIAN_POINT('',(-23.7,-14.74645535029,1.9));
#1410 = CARTESIAN_POINT('',(-23.7,-14.7,1.9));
#1411 = ORIENTED_EDGE('',*,*,#1412,.F.);
#1412 = EDGE_CURVE('',#131,#1382,#1413,.T.);
#1413 = LINE('',#1414,#1415);
#1414 = CARTESIAN_POINT('',(-26.2,-14.7,1.9));
#1415 = VECTOR('',#1416,1.);
#1416 = DIRECTION('',(1.,6.661338147751E-16,2.22044604925E-16));
#1417 = CYLINDRICAL_SURFACE('',#1418,0.75);
#1418 = AXIS2_PLACEMENT_3D('',#1419,#1420,#1421);
#1419 = CARTESIAN_POINT('',(-26.2,-14.7,2.65));
#1420 = DIRECTION('',(-1.,-4.440892098501E-16,4.930380657631E-32));
#1421 = DIRECTION('',(2.22044604925E-16,1.,-6.661338147751E-16));
#1422 = ADVANCED_FACE('',(#1423),#1440,.T.);
#1423 = FACE_BOUND('',#1424,.T.);
#1424 = EDGE_LOOP('',(#1425,#1426,#1434,#1439));
#1425 = ORIENTED_EDGE('',*,*,#130,.F.);
#1426 = ORIENTED_EDGE('',*,*,#1427,.T.);
#1427 = EDGE_CURVE('',#122,#1428,#1430,.T.);
#1428 = VERTEX_POINT('',#1429);
#1429 = CARTESIAN_POINT('',(-23.7,-11.2,1.9));
#1430 = LINE('',#1431,#1432);
#1431 = CARTESIAN_POINT('',(-26.2,-11.2,1.9));
#1432 = VECTOR('',#1433,1.);
#1433 = DIRECTION('',(1.,6.661338147751E-16,2.22044604925E-16));
#1434 = ORIENTED_EDGE('',*,*,#1435,.T.);
#1435 = EDGE_CURVE('',#1428,#1382,#1436,.T.);
#1436 = B_SPLINE_CURVE_WITH_KNOTS('',1,(#1437,#1438),.UNSPECIFIED.,.F.,
  .F.,(2,2),(0.,1.),.PIECEWISE_BEZIER_KNOTS.);
#1437 = CARTESIAN_POINT('',(-23.7,-11.2,1.9));
#1438 = CARTESIAN_POINT('',(-23.7,-14.7,1.9));
#1439 = ORIENTED_EDGE('',*,*,#1412,.F.);
#1440 = PLANE('',#1441);
#1441 = AXIS2_PLACEMENT_3D('',#1442,#1443,#1444);
#1442 = CARTESIAN_POINT('',(-26.2,-11.2,1.9));
#1443 = DIRECTION('',(-4.440892098501E-16,-4.930380657631E-32,-1.));
#1444 = DIRECTION('',(-2.22044604925E-16,-1.,6.661338147751E-16));
#1445 = ADVANCED_FACE('',(#1446),#1519,.T.);
#1446 = FACE_BOUND('',#1447,.F.);
#1447 = EDGE_LOOP('',(#1448,#1449,#1450,#1513));
#1448 = ORIENTED_EDGE('',*,*,#121,.F.);
#1449 = ORIENTED_EDGE('',*,*,#1427,.T.);
#1450 = ORIENTED_EDGE('',*,*,#1451,.T.);
#1451 = EDGE_CURVE('',#1428,#1452,#1454,.T.);
#1452 = VERTEX_POINT('',#1453);
#1453 = CARTESIAN_POINT('',(-22.95,-10.45,2.65));
#1454 = B_SPLINE_CURVE_WITH_KNOTS('',8,(#1455,#1456,#1457,#1458,#1459,
    #1460,#1461,#1462,#1463,#1464,#1465,#1466,#1467,#1468,#1469,#1470,
    #1471,#1472,#1473,#1474,#1475,#1476,#1477,#1478,#1479,#1480,#1481,
    #1482,#1483,#1484,#1485,#1486,#1487,#1488,#1489,#1490,#1491,#1492,
    #1493,#1494,#1495,#1496,#1497,#1498,#1499,#1500,#1501,#1502,#1503,
    #1504,#1505,#1506,#1507,#1508,#1509,#1510,#1511,#1512),
  .UNSPECIFIED.,.F.,.F.,(9,7,7,7,7,7,7,7,9),(0.,0.19461677276,
    0.324234589105,0.388293369318,0.509320075863,0.757161415067,
    0.969727695428,0.984979382447,1.),.UNSPECIFIED.);
#1455 = CARTESIAN_POINT('',(-23.7,-11.2,1.9));
#1456 = CARTESIAN_POINT('',(-23.7,-11.16913741765,1.9));
#1457 = CARTESIAN_POINT('',(-23.6985485809,-11.13785753809,
    1.901451419099));
#1458 = CARTESIAN_POINT('',(-23.69557702164,-11.10628200607,
    1.904422978353));
#1459 = CARTESIAN_POINT('',(-23.69103168785,-11.0745495391,
    1.908968312142));
#1460 = CARTESIAN_POINT('',(-23.68487910834,-11.04281607628,
    1.915120891659));
#1461 = CARTESIAN_POINT('',(-23.67711246724,-11.01125358548,
    1.922887532752));
#1462 = CARTESIAN_POINT('',(-23.66775951187,-10.98004752873,
    1.932240488127));
#1463 = CARTESIAN_POINT('',(-23.6496538606,-10.92897658068,
    1.950346139398));
#1464 = CARTESIAN_POINT('',(-23.64174194487,-10.90879915181,
    1.958258055123));
#1465 = CARTESIAN_POINT('',(-23.6331760093,-10.88891657105,
    1.966823990695));
#1466 = CARTESIAN_POINT('',(-23.62398143885,-10.86937919909,
    1.976018561146));
#1467 = CARTESIAN_POINT('',(-23.61418829099,-10.85023199085,
    1.985811709008));
#1468 = CARTESIAN_POINT('',(-23.6038304636,-10.83151460083,
    1.996169536393));
#1469 = CARTESIAN_POINT('',(-23.59294486291,-10.81326148838,
    2.007055137083));
#1470 = CARTESIAN_POINT('',(-23.57594925125,-10.78672506847,
    2.024050748746));
#1471 = CARTESIAN_POINT('',(-23.57020824447,-10.7780682393,
    2.029791755529));
#1472 = CARTESIAN_POINT('',(-23.56435212504,-10.76953476662,
    2.035647874954));
#1473 = CARTESIAN_POINT('',(-23.55838543675,-10.76112751635,
    2.041614563243));
#1474 = CARTESIAN_POINT('',(-23.55231269315,-10.75284898922,
    2.047687306843));
#1475 = CARTESIAN_POINT('',(-23.54613837757,-10.74470132078,
    2.053861622428));
#1476 = CARTESIAN_POINT('',(-23.5398669431,-10.73668628141,
    2.060133056897));
#1477 = CARTESIAN_POINT('',(-23.52147901589,-10.71391563754,
    2.078520984107));
#1478 = CARTESIAN_POINT('',(-23.50912443012,-10.69950478484,
    2.090875569875));
#1479 = CARTESIAN_POINT('',(-23.49646822051,-10.68558194175,
    2.103531779483));
#1480 = CARTESIAN_POINT('',(-23.48353834945,-10.67215249453,
    2.116461650546));
#1481 = CARTESIAN_POINT('',(-23.47036129213,-10.65921852877,
    2.129638707869));
#1482 = CARTESIAN_POINT('',(-23.45696175218,-10.64677936623,
    2.143038247817));
#1483 = CARTESIAN_POINT('',(-23.4433623773,-10.63483210144,
    2.156637622693));
#1484 = CARTESIAN_POINT('',(-23.40136671411,-10.59990415669,
    2.198633285888));
#1485 = CARTESIAN_POINT('',(-23.37240683177,-10.57848777566,
    2.227593168222));
#1486 = CARTESIAN_POINT('',(-23.34286847154,-10.55907110736,
    2.25713152846));
#1487 = CARTESIAN_POINT('',(-23.31289307199,-10.54159172705,
    2.287106928001));
#1488 = CARTESIAN_POINT('',(-23.2825993214,-10.52598080477,
    2.317400678599));
#1489 = CARTESIAN_POINT('',(-23.25208361231,-10.51216723686,
    2.347916387687));
#1490 = CARTESIAN_POINT('',(-23.22142049631,-10.50008177742,
    2.378579503687));
#1491 = CARTESIAN_POINT('',(-23.16428345105,-10.4807237189,
    2.435716548943));
#1492 = CARTESIAN_POINT('',(-23.13784118073,-10.47301309704,
    2.462158819264));
#1493 = CARTESIAN_POINT('',(-23.11137431914,-10.46649002523,
    2.48862568086));
#1494 = CARTESIAN_POINT('',(-23.08491674085,-10.46111930732,
    2.515083259148));
#1495 = CARTESIAN_POINT('',(-23.05849851218,-10.45686966085,
    2.541501487819));
#1496 = CARTESIAN_POINT('',(-23.03214619972,-10.45371354786,
    2.567853800273));
#1497 = CARTESIAN_POINT('',(-23.00588317895,-10.45162700574,
    2.594116821047));
#1498 = CARTESIAN_POINT('',(-22.97785344111,-10.45051503509,
    2.622146558884));
#1499 = CARTESIAN_POINT('',(-22.97597751134,-10.45044599328,
    2.624022488659));
#1500 = CARTESIAN_POINT('',(-22.97410216163,-10.45038234501,
    2.625897838369));
#1501 = CARTESIAN_POINT('',(-22.97222740015,-10.45032408283,
    2.627772599849));
#1502 = CARTESIAN_POINT('',(-22.97035323503,-10.45027119936,
    2.629646764969));
#1503 = CARTESIAN_POINT('',(-22.96847967436,-10.45022368733,
    2.631520325638));
#1504 = CARTESIAN_POINT('',(-22.96660672619,-10.45018153956,
    2.633393273801));
#1505 = CARTESIAN_POINT('',(-22.96289043747,-10.45010851576,
    2.637109562528));
#1506 = CARTESIAN_POINT('',(-22.9610470418,-10.45007747855,
    2.638952958196));
#1507 = CARTESIAN_POINT('',(-22.95920445965,-10.45005163093,
    2.640795540344));
#1508 = CARTESIAN_POINT('',(-22.95736195806,-10.4500309653,
    2.642638041936));
#1509 = CARTESIAN_POINT('',(-22.95552091685,-10.45001547657,
    2.644479083144));
#1510 = CARTESIAN_POINT('',(-22.95367968728,-10.45000515649,
    2.646320312718));
#1511 = CARTESIAN_POINT('',(-22.95183958983,-10.45,2.648160410167));
#1512 = CARTESIAN_POINT('',(-22.95,-10.45,2.65));
#1513 = ORIENTED_EDGE('',*,*,#1514,.F.);
#1514 = EDGE_CURVE('',#114,#1452,#1515,.T.);
#1515 = LINE('',#1516,#1517);
#1516 = CARTESIAN_POINT('',(-26.2,-10.45,2.65));
#1517 = VECTOR('',#1518,1.);
#1518 = DIRECTION('',(1.,6.661338147751E-16,2.22044604925E-16));
#1519 = CYLINDRICAL_SURFACE('',#1520,0.75);
#1520 = AXIS2_PLACEMENT_3D('',#1521,#1522,#1523);
#1521 = CARTESIAN_POINT('',(-26.2,-11.2,2.65));
#1522 = DIRECTION('',(-1.,-4.440892098501E-16,4.930380657631E-32));
#1523 = DIRECTION('',(2.22044604925E-16,1.,-6.661338147751E-16));
#1524 = ADVANCED_FACE('',(#1525),#1545,.T.);
#1525 = FACE_BOUND('',#1526,.T.);
#1526 = EDGE_LOOP('',(#1527,#1528,#1536,#1544));
#1527 = ORIENTED_EDGE('',*,*,#113,.F.);
#1528 = ORIENTED_EDGE('',*,*,#1529,.T.);
#1529 = EDGE_CURVE('',#105,#1530,#1532,.T.);
#1530 = VERTEX_POINT('',#1531);
#1531 = CARTESIAN_POINT('',(-22.75,-10.45,2.85));
#1532 = LINE('',#1533,#1534);
#1533 = CARTESIAN_POINT('',(-26.2,-10.45,2.85));
#1534 = VECTOR('',#1535,1.);
#1535 = DIRECTION('',(1.,6.661338147751E-16,2.22044604925E-16));
#1536 = ORIENTED_EDGE('',*,*,#1537,.T.);
#1537 = EDGE_CURVE('',#1530,#1452,#1538,.T.);
#1538 = B_SPLINE_CURVE_WITH_KNOTS('',4,(#1539,#1540,#1541,#1542,#1543),
  .UNSPECIFIED.,.F.,.F.,(5,5),(0.,1.),.PIECEWISE_BEZIER_KNOTS.);
#1539 = CARTESIAN_POINT('',(-22.75,-10.45,2.85));
#1540 = CARTESIAN_POINT('',(-22.80020191695,-10.45,2.799798083045));
#1541 = CARTESIAN_POINT('',(-22.85027187638,-10.45,2.749728123617));
#1542 = CARTESIAN_POINT('',(-22.90020593503,-10.45,2.699794064964));
#1543 = CARTESIAN_POINT('',(-22.95,-10.45,2.65));
#1544 = ORIENTED_EDGE('',*,*,#1514,.F.);
#1545 = PLANE('',#1546);
#1546 = AXIS2_PLACEMENT_3D('',#1547,#1548,#1549);
#1547 = CARTESIAN_POINT('',(-26.2,-10.45,2.85));
#1548 = DIRECTION('',(-4.930380657631E-32,1.,-4.440892098501E-16));
#1549 = DIRECTION('',(-6.661338147751E-16,2.22044604925E-16,-1.));
#1550 = ADVANCED_FACE('',(#1551),#1570,.T.);
#1551 = FACE_BOUND('',#1552,.F.);
#1552 = EDGE_LOOP('',(#1553,#1554,#1563,#1569));
#1553 = ORIENTED_EDGE('',*,*,#1529,.T.);
#1554 = ORIENTED_EDGE('',*,*,#1555,.T.);
#1555 = EDGE_CURVE('',#1530,#1556,#1558,.T.);
#1556 = VERTEX_POINT('',#1557);
#1557 = CARTESIAN_POINT('',(-22.75,-11.2,3.6));
#1558 = CIRCLE('',#1559,0.75);
#1559 = AXIS2_PLACEMENT_3D('',#1560,#1561,#1562);
#1560 = CARTESIAN_POINT('',(-22.75,-11.2,2.85));
#1561 = DIRECTION('',(1.,-4.440892098501E-16,-8.881784197001E-16));
#1562 = DIRECTION('',(4.440892098501E-16,1.,-8.881784197001E-16));
#1563 = ORIENTED_EDGE('',*,*,#1564,.F.);
#1564 = EDGE_CURVE('',#97,#1556,#1565,.T.);
#1565 = LINE('',#1566,#1567);
#1566 = CARTESIAN_POINT('',(-26.2,-11.2,3.6));
#1567 = VECTOR('',#1568,1.);
#1568 = DIRECTION('',(1.,6.661338147751E-16,2.22044604925E-16));
#1569 = ORIENTED_EDGE('',*,*,#104,.F.);
#1570 = CYLINDRICAL_SURFACE('',#1571,0.75);
#1571 = AXIS2_PLACEMENT_3D('',#1572,#1573,#1574);
#1572 = CARTESIAN_POINT('',(-26.2,-11.2,2.85));
#1573 = DIRECTION('',(-1.,-4.440892098501E-16,4.930380657631E-32));
#1574 = DIRECTION('',(2.22044604925E-16,1.,-6.661338147751E-16));
#1575 = ADVANCED_FACE('',(#1576),#1587,.T.);
#1576 = FACE_BOUND('',#1577,.T.);
#1577 = EDGE_LOOP('',(#1578,#1584,#1585,#1586));
#1578 = ORIENTED_EDGE('',*,*,#1579,.F.);
#1579 = EDGE_CURVE('',#483,#515,#1580,.T.);
#1580 = LINE('',#1581,#1582);
#1581 = CARTESIAN_POINT('',(-27.6,-33.85,2.1));
#1582 = VECTOR('',#1583,1.);
#1583 = DIRECTION('',(-0.707106781187,0.707106781187,-1.570092458684E-16
    ));
#1584 = ORIENTED_EDGE('',*,*,#490,.T.);
#1585 = ORIENTED_EDGE('',*,*,#451,.T.);
#1586 = ORIENTED_EDGE('',*,*,#514,.F.);
#1587 = CONICAL_SURFACE('',#1588,1.5,0.785398163397);
#1588 = AXIS2_PLACEMENT_3D('',#1589,#1590,#1591);
#1589 = CARTESIAN_POINT('',(-27.5,-32.45,2.1));
#1590 = DIRECTION('',(1.,4.440892098501E-16,-2.22044604925E-16));
#1591 = DIRECTION('',(-2.22044604925E-16,-1.,-2.812564995717E-15));
#1592 = ADVANCED_FACE('',(#1593),#1609,.T.);
#1593 = FACE_BOUND('',#1594,.T.);
#1594 = EDGE_LOOP('',(#1595,#1601,#1602,#1608));
#1595 = ORIENTED_EDGE('',*,*,#1596,.F.);
#1596 = EDGE_CURVE('',#1322,#1556,#1597,.T.);
#1597 = LINE('',#1598,#1599);
#1598 = CARTESIAN_POINT('',(-22.75,-14.7,3.6));
#1599 = VECTOR('',#1600,1.);
#1600 = DIRECTION('',(4.440892098501E-16,1.,-8.881784197001E-16));
#1601 = ORIENTED_EDGE('',*,*,#1329,.T.);
#1602 = ORIENTED_EDGE('',*,*,#1603,.T.);
#1603 = EDGE_CURVE('',#1330,#1530,#1604,.T.);
#1604 = LINE('',#1605,#1606);
#1605 = CARTESIAN_POINT('',(-22.75,-31.45,2.85));
#1606 = VECTOR('',#1607,1.);
#1607 = DIRECTION('',(2.22044604925E-16,1.,-4.440892098501E-16));
#1608 = ORIENTED_EDGE('',*,*,#1555,.T.);
#1609 = PLANE('',#1610);
#1610 = AXIS2_PLACEMENT_3D('',#1611,#1612,#1613);
#1611 = CARTESIAN_POINT('',(-22.75,-20.45,1.125832951957));
#1612 = DIRECTION('',(1.,8.881784197001E-16,4.440892098501E-16));
#1613 = DIRECTION('',(8.881784197001E-16,-4.440892098501E-16,1.));
#1614 = ADVANCED_FACE('',(#1615),#1631,.T.);
#1615 = FACE_BOUND('',#1616,.T.);
#1616 = EDGE_LOOP('',(#1617,#1623,#1624,#1630));
#1617 = ORIENTED_EDGE('',*,*,#1618,.F.);
#1618 = EDGE_CURVE('',#1066,#1298,#1619,.T.);
#1619 = LINE('',#1620,#1621);
#1620 = CARTESIAN_POINT('',(-22.75,-29.7,3.6));
#1621 = VECTOR('',#1622,1.);
#1622 = DIRECTION('',(4.440892098501E-16,1.,-8.881784197001E-16));
#1623 = ORIENTED_EDGE('',*,*,#1073,.T.);
#1624 = ORIENTED_EDGE('',*,*,#1625,.T.);
#1625 = EDGE_CURVE('',#1074,#1272,#1626,.T.);
#1626 = LINE('',#1627,#1628);
#1627 = CARTESIAN_POINT('',(-22.75,-31.45,2.85));
#1628 = VECTOR('',#1629,1.);
#1629 = DIRECTION('',(2.22044604925E-16,1.,-4.440892098501E-16));
#1630 = ORIENTED_EDGE('',*,*,#1297,.T.);
#1631 = PLANE('',#1632);
#1632 = AXIS2_PLACEMENT_3D('',#1633,#1634,#1635);
#1633 = CARTESIAN_POINT('',(-22.75,-20.45,1.125832951957));
#1634 = DIRECTION('',(1.,8.881784197001E-16,4.440892098501E-16));
#1635 = DIRECTION('',(8.881784197001E-16,-4.440892098501E-16,1.));
#1636 = ADVANCED_FACE('',(#1637),#1656,.T.);
#1637 = FACE_BOUND('',#1638,.T.);
#1638 = EDGE_LOOP('',(#1639,#1640,#1649,#1655));
#1639 = ORIENTED_EDGE('',*,*,#580,.F.);
#1640 = ORIENTED_EDGE('',*,*,#1641,.T.);
#1641 = EDGE_CURVE('',#573,#1642,#1644,.T.);
#1642 = VERTEX_POINT('',#1643);
#1643 = CARTESIAN_POINT('',(-27.5,-8.45,-1.5));
#1644 = CIRCLE('',#1645,1.5);
#1645 = AXIS2_PLACEMENT_3D('',#1646,#1647,#1648);
#1646 = CARTESIAN_POINT('',(-27.5,-8.45,-8.981704269218E-15));
#1647 = DIRECTION('',(-1.,2.22044604925E-16,8.881784197001E-16));
#1648 = DIRECTION('',(2.22044604925E-16,1.,1.898821519315E-15));
#1649 = ORIENTED_EDGE('',*,*,#1650,.T.);
#1650 = EDGE_CURVE('',#1642,#541,#1651,.T.);
#1651 = LINE('',#1652,#1653);
#1652 = CARTESIAN_POINT('',(-27.5,-8.45,-1.5));
#1653 = VECTOR('',#1654,1.);
#1654 = DIRECTION('',(-0.707106781187,-2.799050588198E-15,0.707106781187
    ));
#1655 = ORIENTED_EDGE('',*,*,#548,.F.);
#1656 = CONICAL_SURFACE('',#1657,1.5,0.785398163397);
#1657 = AXIS2_PLACEMENT_3D('',#1658,#1659,#1660);
#1658 = CARTESIAN_POINT('',(-27.5,-8.45,-8.981704269218E-15));
#1659 = DIRECTION('',(1.,4.440892098501E-16,-2.22044604925E-16));
#1660 = DIRECTION('',(2.22044604925E-16,1.,1.898821519315E-15));
#1661 = ADVANCED_FACE('',(#1662),#1680,.F.);
#1662 = FACE_BOUND('',#1663,.T.);
#1663 = EDGE_LOOP('',(#1664,#1672,#1678,#1679));
#1664 = ORIENTED_EDGE('',*,*,#1665,.F.);
#1665 = EDGE_CURVE('',#1666,#524,#1668,.T.);
#1666 = VERTEX_POINT('',#1667);
#1667 = CARTESIAN_POINT('',(-27.5,-33.95,2.13162820728E-14));
#1668 = LINE('',#1669,#1670);
#1669 = CARTESIAN_POINT('',(-27.5,-33.95,2.223473651528E-14));
#1670 = VECTOR('',#1671,1.);
#1671 = DIRECTION('',(-0.707106781187,0.707106781187,5.143255404169E-16)
  );
#1672 = ORIENTED_EDGE('',*,*,#1673,.T.);
#1673 = EDGE_CURVE('',#1666,#483,#1674,.T.);
#1674 = LINE('',#1675,#1676);
#1675 = CARTESIAN_POINT('',(-27.5,-33.95,1.788569292671E-14));
#1676 = VECTOR('',#1677,1.);
#1677 = DIRECTION('',(8.881784197001E-16,-2.22044604925E-16,1.));
#1678 = ORIENTED_EDGE('',*,*,#1579,.T.);
#1679 = ORIENTED_EDGE('',*,*,#523,.F.);
#1680 = PLANE('',#1681);
#1681 = AXIS2_PLACEMENT_3D('',#1682,#1683,#1684);
#1682 = CARTESIAN_POINT('',(-27.6,-33.85,1.786348846622E-14));
#1683 = DIRECTION('',(0.707106781187,0.707106781187,-4.082059813416E-16)
  );
#1684 = DIRECTION('',(-8.437567298401E-16,2.66466294785E-16,-1.));
#1685 = ADVANCED_FACE('',(#1686),#1704,.F.);
#1686 = FACE_BOUND('',#1687,.T.);
#1687 = EDGE_LOOP('',(#1688,#1689,#1697,#1703));
#1688 = ORIENTED_EDGE('',*,*,#1650,.F.);
#1689 = ORIENTED_EDGE('',*,*,#1690,.T.);
#1690 = EDGE_CURVE('',#1642,#1691,#1693,.T.);
#1691 = VERTEX_POINT('',#1692);
#1692 = CARTESIAN_POINT('',(-27.5,-32.45,-1.5));
#1693 = LINE('',#1694,#1695);
#1694 = CARTESIAN_POINT('',(-27.5,-8.45,-1.5));
#1695 = VECTOR('',#1696,1.);
#1696 = DIRECTION('',(-2.22044604925E-16,-1.,8.881784197001E-16));
#1697 = ORIENTED_EDGE('',*,*,#1698,.T.);
#1698 = EDGE_CURVE('',#1691,#532,#1699,.T.);
#1699 = LINE('',#1700,#1701);
#1700 = CARTESIAN_POINT('',(-27.6,-32.45,-1.4));
#1701 = VECTOR('',#1702,1.);
#1702 = DIRECTION('',(-0.707106781187,-1.570092458684E-16,0.707106781187
    ));
#1703 = ORIENTED_EDGE('',*,*,#540,.F.);
#1704 = PLANE('',#1705);
#1705 = AXIS2_PLACEMENT_3D('',#1706,#1707,#1708);
#1706 = CARTESIAN_POINT('',(-27.6,-8.45,-1.4));
#1707 = DIRECTION('',(0.707106781187,6.283338759996E-16,0.707106781187)
  );
#1708 = DIRECTION('',(1.10812367744E-16,1.,-9.994106568811E-16));
#1709 = ADVANCED_FACE('',(#1710),#1722,.T.);
#1710 = FACE_BOUND('',#1711,.T.);
#1711 = EDGE_LOOP('',(#1712,#1713,#1720,#1721));
#1712 = ORIENTED_EDGE('',*,*,#1698,.F.);
#1713 = ORIENTED_EDGE('',*,*,#1714,.T.);
#1714 = EDGE_CURVE('',#1691,#1666,#1715,.T.);
#1715 = CIRCLE('',#1716,1.5);
#1716 = AXIS2_PLACEMENT_3D('',#1717,#1718,#1719);
#1717 = CARTESIAN_POINT('',(-27.5,-32.45,2.299271883999E-14));
#1718 = DIRECTION('',(-1.,2.22044604925E-16,8.881784197001E-16));
#1719 = DIRECTION('',(-8.881784197001E-16,2.22044604925E-16,-1.));
#1720 = ORIENTED_EDGE('',*,*,#1665,.T.);
#1721 = ORIENTED_EDGE('',*,*,#531,.F.);
#1722 = CONICAL_SURFACE('',#1723,1.5,0.785398163397);
#1723 = AXIS2_PLACEMENT_3D('',#1724,#1725,#1726);
#1724 = CARTESIAN_POINT('',(-27.5,-32.45,2.299271883999E-14));
#1725 = DIRECTION('',(1.,4.440892098501E-16,-2.22044604925E-16));
#1726 = DIRECTION('',(-8.881784197001E-16,2.22044604925E-16,-1.));
#1727 = ADVANCED_FACE('',(#1728),#1755,.T.);
#1728 = FACE_BOUND('',#1729,.T.);
#1729 = EDGE_LOOP('',(#1730,#1731,#1740,#1746,#1747,#1748,#1749));
#1730 = ORIENTED_EDGE('',*,*,#684,.T.);
#1731 = ORIENTED_EDGE('',*,*,#1732,.T.);
#1732 = EDGE_CURVE('',#685,#1733,#1735,.T.);
#1733 = VERTEX_POINT('',#1734);
#1734 = CARTESIAN_POINT('',(-22.75,-6.95,0.));
#1735 = CIRCLE('',#1736,1.5);
#1736 = AXIS2_PLACEMENT_3D('',#1737,#1738,#1739);
#1737 = CARTESIAN_POINT('',(-22.75,-8.45,-4.884981308351E-15));
#1738 = DIRECTION('',(1.,-4.440892098501E-16,-8.881784197001E-16));
#1739 = DIRECTION('',(4.440892098501E-16,1.,-8.881784197001E-16));
#1740 = ORIENTED_EDGE('',*,*,#1741,.T.);
#1741 = EDGE_CURVE('',#1733,#596,#1742,.T.);
#1742 = LINE('',#1743,#1744);
#1743 = CARTESIAN_POINT('',(-22.75,-6.95,-6.661338147751E-15));
#1744 = VECTOR('',#1745,1.);
#1745 = DIRECTION('',(8.881784197001E-16,-4.440892098501E-16,1.));
#1746 = ORIENTED_EDGE('',*,*,#603,.T.);
#1747 = ORIENTED_EDGE('',*,*,#635,.F.);
#1748 = ORIENTED_EDGE('',*,*,#652,.T.);
#1749 = ORIENTED_EDGE('',*,*,#1750,.F.);
#1750 = EDGE_CURVE('',#677,#653,#1751,.T.);
#1751 = LINE('',#1752,#1753);
#1752 = CARTESIAN_POINT('',(-22.75,-8.45,7.88860905221E-31));
#1753 = VECTOR('',#1754,1.);
#1754 = DIRECTION('',(4.440892098501E-16,8.326672684689E-16,1.));
#1755 = PLANE('',#1756);
#1756 = AXIS2_PLACEMENT_3D('',#1757,#1758,#1759);
#1757 = CARTESIAN_POINT('',(-22.75,-20.45,1.125832951957));
#1758 = DIRECTION('',(1.,8.881784197001E-16,4.440892098501E-16));
#1759 = DIRECTION('',(8.881784197001E-16,-4.440892098501E-16,1.));
#1760 = ADVANCED_FACE('',(#1761),#1777,.T.);
#1761 = FACE_BOUND('',#1762,.T.);
#1762 = EDGE_LOOP('',(#1763,#1769,#1770,#1776));
#1763 = ORIENTED_EDGE('',*,*,#1764,.T.);
#1764 = EDGE_CURVE('',#717,#903,#1765,.T.);
#1765 = LINE('',#1766,#1767);
#1766 = CARTESIAN_POINT('',(-22.75,-9.45,-0.75));
#1767 = VECTOR('',#1768,1.);
#1768 = DIRECTION('',(-2.22044604925E-16,-1.,4.440892098501E-16));
#1769 = ORIENTED_EDGE('',*,*,#928,.T.);
#1770 = ORIENTED_EDGE('',*,*,#1771,.F.);
#1771 = EDGE_CURVE('',#709,#929,#1772,.T.);
#1772 = LINE('',#1773,#1774);
#1773 = CARTESIAN_POINT('',(-22.75,-18.7,-1.5));
#1774 = VECTOR('',#1775,1.);
#1775 = DIRECTION('',(-4.440892098501E-16,-1.,8.881784197001E-16));
#1776 = ORIENTED_EDGE('',*,*,#716,.T.);
#1777 = PLANE('',#1778);
#1778 = AXIS2_PLACEMENT_3D('',#1779,#1780,#1781);
#1779 = CARTESIAN_POINT('',(-22.75,-20.45,1.125832951957));
#1780 = DIRECTION('',(1.,8.881784197001E-16,4.440892098501E-16));
#1781 = DIRECTION('',(8.881784197001E-16,-4.440892098501E-16,1.));
#1782 = ADVANCED_FACE('',(#1783),#1791,.F.);
#1783 = FACE_BOUND('',#1784,.F.);
#1784 = EDGE_LOOP('',(#1785,#1786,#1787,#1788,#1789,#1790));
#1785 = ORIENTED_EDGE('',*,*,#749,.F.);
#1786 = ORIENTED_EDGE('',*,*,#1764,.T.);
#1787 = ORIENTED_EDGE('',*,*,#910,.T.);
#1788 = ORIENTED_EDGE('',*,*,#838,.F.);
#1789 = ORIENTED_EDGE('',*,*,#822,.T.);
#1790 = ORIENTED_EDGE('',*,*,#768,.F.);
#1791 = B_SPLINE_SURFACE_WITH_KNOTS('',1,1,(
    (#1792,#1793)
    ,(#1794,#1795
    )),.UNSPECIFIED.,.F.,.F.,.F.,(2,2),(2,2),(0.,22.),(0.,1.),
  .PIECEWISE_BEZIER_KNOTS.);
#1792 = CARTESIAN_POINT('',(-22.75,-9.45,-0.75));
#1793 = CARTESIAN_POINT('',(-23.75,-10.45,0.25));
#1794 = CARTESIAN_POINT('',(-22.75,-31.45,-0.75));
#1795 = CARTESIAN_POINT('',(-23.75,-30.45,0.25));
#1796 = ADVANCED_FACE('',(#1797),#1824,.T.);
#1797 = FACE_BOUND('',#1798,.T.);
#1798 = EDGE_LOOP('',(#1799,#1800,#1801,#1802,#1810,#1817,#1818));
#1799 = ORIENTED_EDGE('',*,*,#992,.T.);
#1800 = ORIENTED_EDGE('',*,*,#1017,.T.);
#1801 = ORIENTED_EDGE('',*,*,#1041,.T.);
#1802 = ORIENTED_EDGE('',*,*,#1803,.F.);
#1803 = EDGE_CURVE('',#1804,#1042,#1806,.T.);
#1804 = VERTEX_POINT('',#1805);
#1805 = CARTESIAN_POINT('',(-22.75,-33.95,1.06581410364E-14));
#1806 = LINE('',#1807,#1808);
#1807 = CARTESIAN_POINT('',(-22.75,-33.95,1.68753899743E-14));
#1808 = VECTOR('',#1809,1.);
#1809 = DIRECTION('',(8.881784197001E-16,-4.440892098501E-16,1.));
#1810 = ORIENTED_EDGE('',*,*,#1811,.T.);
#1811 = EDGE_CURVE('',#1804,#953,#1812,.T.);
#1812 = CIRCLE('',#1813,1.5);
#1813 = AXIS2_PLACEMENT_3D('',#1814,#1815,#1816);
#1814 = CARTESIAN_POINT('',(-22.75,-32.45,1.643130076445E-14));
#1815 = DIRECTION('',(1.,-4.440892098501E-16,-8.881784197001E-16));
#1816 = DIRECTION('',(4.440892098501E-16,1.,-8.881784197001E-16));
#1817 = ORIENTED_EDGE('',*,*,#960,.T.);
#1818 = ORIENTED_EDGE('',*,*,#1819,.T.);
#1819 = EDGE_CURVE('',#961,#985,#1820,.T.);
#1820 = LINE('',#1821,#1822);
#1821 = CARTESIAN_POINT('',(-22.75,-32.45,-1.284523257867));
#1822 = VECTOR('',#1823,1.);
#1823 = DIRECTION('',(4.440892098501E-16,4.930380657631E-32,1.));
#1824 = PLANE('',#1825);
#1825 = AXIS2_PLACEMENT_3D('',#1826,#1827,#1828);
#1826 = CARTESIAN_POINT('',(-22.75,-20.45,1.125832951957));
#1827 = DIRECTION('',(1.,8.881784197001E-16,4.440892098501E-16));
#1828 = DIRECTION('',(8.881784197001E-16,-4.440892098501E-16,1.));
#1829 = ADVANCED_FACE('',(#1830),#1838,.F.);
#1830 = FACE_BOUND('',#1831,.F.);
#1831 = EDGE_LOOP('',(#1832,#1833,#1834,#1835,#1836,#1837));
#1832 = ORIENTED_EDGE('',*,*,#1106,.F.);
#1833 = ORIENTED_EDGE('',*,*,#1625,.T.);
#1834 = ORIENTED_EDGE('',*,*,#1279,.T.);
#1835 = ORIENTED_EDGE('',*,*,#1201,.F.);
#1836 = ORIENTED_EDGE('',*,*,#1185,.T.);
#1837 = ORIENTED_EDGE('',*,*,#1125,.F.);
#1838 = B_SPLINE_SURFACE_WITH_KNOTS('',1,1,(
    (#1839,#1840)
    ,(#1841,#1842
    )),.UNSPECIFIED.,.F.,.F.,.F.,(2,2),(2,2),(0.,22.),(0.,1.),
  .PIECEWISE_BEZIER_KNOTS.);
#1839 = CARTESIAN_POINT('',(-22.75,-31.45,2.85));
#1840 = CARTESIAN_POINT('',(-23.75,-30.45,1.85));
#1841 = CARTESIAN_POINT('',(-22.75,-9.45,2.85));
#1842 = CARTESIAN_POINT('',(-23.75,-10.45,1.85));
#1843 = ADVANCED_FACE('',(#1844),#1852,.F.);
#1844 = FACE_BOUND('',#1845,.F.);
#1845 = EDGE_LOOP('',(#1846,#1847,#1848,#1849,#1850,#1851));
#1846 = ORIENTED_EDGE('',*,*,#1362,.F.);
#1847 = ORIENTED_EDGE('',*,*,#1603,.T.);
#1848 = ORIENTED_EDGE('',*,*,#1537,.T.);
#1849 = ORIENTED_EDGE('',*,*,#1451,.F.);
#1850 = ORIENTED_EDGE('',*,*,#1435,.T.);
#1851 = ORIENTED_EDGE('',*,*,#1381,.F.);
#1852 = B_SPLINE_SURFACE_WITH_KNOTS('',1,1,(
    (#1853,#1854)
    ,(#1855,#1856
    )),.UNSPECIFIED.,.F.,.F.,.F.,(2,2),(2,2),(0.,22.),(0.,1.),
  .PIECEWISE_BEZIER_KNOTS.);
#1853 = CARTESIAN_POINT('',(-22.75,-31.45,2.85));
#1854 = CARTESIAN_POINT('',(-23.75,-30.45,1.85));
#1855 = CARTESIAN_POINT('',(-22.75,-9.45,2.85));
#1856 = CARTESIAN_POINT('',(-23.75,-10.45,1.85));
#1857 = ADVANCED_FACE('',(#1858),#1872,.T.);
#1858 = FACE_BOUND('',#1859,.T.);
#1859 = EDGE_LOOP('',(#1860,#1861,#1862,#1863,#1864,#1865,#1866,#1867,
    #1868,#1869,#1870,#1871));
#1860 = ORIENTED_EDGE('',*,*,#21,.T.);
#1861 = ORIENTED_EDGE('',*,*,#461,.F.);
#1862 = ORIENTED_EDGE('',*,*,#497,.F.);
#1863 = ORIENTED_EDGE('',*,*,#232,.F.);
#1864 = ORIENTED_EDGE('',*,*,#1065,.T.);
#1865 = ORIENTED_EDGE('',*,*,#1618,.T.);
#1866 = ORIENTED_EDGE('',*,*,#1306,.F.);
#1867 = ORIENTED_EDGE('',*,*,#164,.F.);
#1868 = ORIENTED_EDGE('',*,*,#1321,.T.);
#1869 = ORIENTED_EDGE('',*,*,#1596,.T.);
#1870 = ORIENTED_EDGE('',*,*,#1564,.F.);
#1871 = ORIENTED_EDGE('',*,*,#96,.F.);
#1872 = PLANE('',#1873);
#1873 = AXIS2_PLACEMENT_3D('',#1874,#1875,#1876);
#1874 = CARTESIAN_POINT('',(-25.96607142857,-20.45,3.6));
#1875 = DIRECTION('',(-3.308772578212E-15,6.020051735936E-16,1.));
#1876 = DIRECTION('',(-1.,0.,-3.308772578212E-15));
#1877 = ADVANCED_FACE('',(#1878),#1891,.T.);
#1878 = FACE_BOUND('',#1879,.T.);
#1879 = EDGE_LOOP('',(#1880,#1881,#1882,#1883,#1884,#1885));
#1880 = ORIENTED_EDGE('',*,*,#572,.F.);
#1881 = ORIENTED_EDGE('',*,*,#40,.F.);
#1882 = ORIENTED_EDGE('',*,*,#437,.F.);
#1883 = ORIENTED_EDGE('',*,*,#595,.T.);
#1884 = ORIENTED_EDGE('',*,*,#1741,.F.);
#1885 = ORIENTED_EDGE('',*,*,#1886,.F.);
#1886 = EDGE_CURVE('',#573,#1733,#1887,.T.);
#1887 = LINE('',#1888,#1889);
#1888 = CARTESIAN_POINT('',(-26.2,-6.95,-1.049830835248E-15));
#1889 = VECTOR('',#1890,1.);
#1890 = DIRECTION('',(1.,4.440892098501E-16,-4.930380657631E-32));
#1891 = PLANE('',#1892);
#1892 = AXIS2_PLACEMENT_3D('',#1893,#1894,#1895);
#1893 = CARTESIAN_POINT('',(-25.47755474452,-6.95,0.697445255474));
#1894 = DIRECTION('',(-3.618043996193E-16,1.,1.989943560916E-16));
#1895 = DIRECTION('',(1.,3.618043996193E-16,1.165468241898E-48));
#1896 = ADVANCED_FACE('',(#1897),#1903,.T.);
#1897 = FACE_BOUND('',#1898,.T.);
#1898 = EDGE_LOOP('',(#1899,#1900,#1901,#1902));
#1899 = ORIENTED_EDGE('',*,*,#661,.F.);
#1900 = ORIENTED_EDGE('',*,*,#403,.F.);
#1901 = ORIENTED_EDGE('',*,*,#676,.T.);
#1902 = ORIENTED_EDGE('',*,*,#1750,.T.);
#1903 = PLANE('',#1904);
#1904 = AXIS2_PLACEMENT_3D('',#1905,#1906,#1907);
#1905 = CARTESIAN_POINT('',(-24.475,-8.45,-0.292261628933));
#1906 = DIRECTION('',(4.699420676178E-16,-1.,2.691670937355E-16));
#1907 = DIRECTION('',(-1.,-4.699420676178E-16,4.270684469356E-48));
#1908 = ADVANCED_FACE('',(#1909),#1929,.T.);
#1909 = FACE_BOUND('',#1910,.T.);
#1910 = EDGE_LOOP('',(#1911,#1917,#1918,#1924,#1925,#1926,#1927,#1928));
#1911 = ORIENTED_EDGE('',*,*,#1912,.T.);
#1912 = EDGE_CURVE('',#301,#1691,#1913,.T.);
#1913 = LINE('',#1914,#1915);
#1914 = CARTESIAN_POINT('',(-26.2,-32.45,-1.5));
#1915 = VECTOR('',#1916,1.);
#1916 = DIRECTION('',(-1.,-1.110223024625E-15,-4.440892098501E-16));
#1917 = ORIENTED_EDGE('',*,*,#1690,.F.);
#1918 = ORIENTED_EDGE('',*,*,#1919,.F.);
#1919 = EDGE_CURVE('',#378,#1642,#1920,.T.);
#1920 = LINE('',#1921,#1922);
#1921 = CARTESIAN_POINT('',(-26.2,-8.45,-1.5));
#1922 = VECTOR('',#1923,1.);
#1923 = DIRECTION('',(-1.,-1.110223024625E-15,-4.440892098501E-16));
#1924 = ORIENTED_EDGE('',*,*,#377,.F.);
#1925 = ORIENTED_EDGE('',*,*,#708,.T.);
#1926 = ORIENTED_EDGE('',*,*,#1771,.T.);
#1927 = ORIENTED_EDGE('',*,*,#937,.F.);
#1928 = ORIENTED_EDGE('',*,*,#309,.F.);
#1929 = PLANE('',#1930);
#1930 = AXIS2_PLACEMENT_3D('',#1931,#1932,#1933);
#1931 = CARTESIAN_POINT('',(-26.355,-20.45,-1.5));
#1932 = DIRECTION('',(-1.346759590966E-15,-6.650076228268E-16,-1.));
#1933 = DIRECTION('',(1.,-0.,-1.346759590966E-15));
#1934 = ADVANCED_FACE('',(#1935),#1941,.T.);
#1935 = FACE_BOUND('',#1936,.T.);
#1936 = EDGE_LOOP('',(#1937,#1938,#1939,#1940));
#1937 = ORIENTED_EDGE('',*,*,#969,.F.);
#1938 = ORIENTED_EDGE('',*,*,#283,.T.);
#1939 = ORIENTED_EDGE('',*,*,#984,.T.);
#1940 = ORIENTED_EDGE('',*,*,#1819,.F.);
#1941 = PLANE('',#1942);
#1942 = AXIS2_PLACEMENT_3D('',#1943,#1944,#1945);
#1943 = CARTESIAN_POINT('',(-24.475,-32.45,-0.292261628933));
#1944 = DIRECTION('',(-3.760415675311E-16,1.,-1.077214069208E-31));
#1945 = DIRECTION('',(1.,3.760415675311E-16,1.032055063697E-63));
#1946 = ADVANCED_FACE('',(#1947),#1960,.T.);
#1947 = FACE_BOUND('',#1948,.T.);
#1948 = EDGE_LOOP('',(#1949,#1950,#1951,#1957,#1958,#1959));
#1949 = ORIENTED_EDGE('',*,*,#482,.T.);
#1950 = ORIENTED_EDGE('',*,*,#1673,.F.);
#1951 = ORIENTED_EDGE('',*,*,#1952,.F.);
#1952 = EDGE_CURVE('',#1804,#1666,#1953,.T.);
#1953 = LINE('',#1954,#1955);
#1954 = CARTESIAN_POINT('',(-26.2,-33.95,1.658067064675E-14));
#1955 = VECTOR('',#1956,1.);
#1956 = DIRECTION('',(-1.,-6.661338147751E-16,-1.71392571825E-31));
#1957 = ORIENTED_EDGE('',*,*,#1803,.T.);
#1958 = ORIENTED_EDGE('',*,*,#1050,.F.);
#1959 = ORIENTED_EDGE('',*,*,#249,.F.);
#1960 = PLANE('',#1961);
#1961 = AXIS2_PLACEMENT_3D('',#1962,#1963,#1964);
#1962 = CARTESIAN_POINT('',(-25.47755474452,-33.95,0.697445255474));
#1963 = DIRECTION('',(1.277440860538E-15,-1.,-1.254666631697E-15));
#1964 = DIRECTION('',(-1.,-1.277440860538E-15,8.58270918795E-47));
#1965 = ADVANCED_FACE('',(#1966),#1974,.T.);
#1966 = FACE_BOUND('',#1967,.F.);
#1967 = EDGE_LOOP('',(#1968,#1969,#1970,#1971,#1972,#1973));
#1968 = ORIENTED_EDGE('',*,*,#1886,.F.);
#1969 = ORIENTED_EDGE('',*,*,#1641,.T.);
#1970 = ORIENTED_EDGE('',*,*,#1919,.F.);
#1971 = ORIENTED_EDGE('',*,*,#385,.F.);
#1972 = ORIENTED_EDGE('',*,*,#693,.T.);
#1973 = ORIENTED_EDGE('',*,*,#1732,.T.);
#1974 = CYLINDRICAL_SURFACE('',#1975,1.5);
#1975 = AXIS2_PLACEMENT_3D('',#1976,#1977,#1978);
#1976 = CARTESIAN_POINT('',(-26.2,-8.45,7.88860905221E-31));
#1977 = DIRECTION('',(1.,4.440892098501E-16,-2.22044604925E-16));
#1978 = DIRECTION('',(1.479114197289E-31,-1.,6.661338147751E-16));
#1979 = ADVANCED_FACE('',(#1980),#1988,.T.);
#1980 = FACE_BOUND('',#1981,.F.);
#1981 = EDGE_LOOP('',(#1982,#1983,#1984,#1985,#1986,#1987));
#1982 = ORIENTED_EDGE('',*,*,#952,.F.);
#1983 = ORIENTED_EDGE('',*,*,#300,.F.);
#1984 = ORIENTED_EDGE('',*,*,#1912,.T.);
#1985 = ORIENTED_EDGE('',*,*,#1714,.T.);
#1986 = ORIENTED_EDGE('',*,*,#1952,.F.);
#1987 = ORIENTED_EDGE('',*,*,#1811,.T.);
#1988 = CYLINDRICAL_SURFACE('',#1989,1.5);
#1989 = AXIS2_PLACEMENT_3D('',#1990,#1991,#1992);
#1990 = CARTESIAN_POINT('',(-26.2,-32.45,1.59872115546E-14));
#1991 = DIRECTION('',(1.,4.440892098501E-16,-2.22044604925E-16));
#1992 = DIRECTION('',(1.479114197289E-31,-1.,6.661338147751E-16));
#1993 = ( GEOMETRIC_REPRESENTATION_CONTEXT(3) 
GLOBAL_UNCERTAINTY_ASSIGNED_CONTEXT((#1997)) 
GLOBAL_UNIT_ASSIGNED_CONTEXT((#1994,#1995,#1996)) REPRESENTATION_CONTEXT
('Context #1','3D Context with UNIT and UNCERTAINTY') );
#1994 = ( LENGTH_UNIT() NAMED_UNIT(*) SI_UNIT(.MILLI.,.METRE.) );
#1995 = ( NAMED_UNIT(*) PLANE_ANGLE_UNIT() SI_UNIT($,.RADIAN.) );
#1996 = ( NAMED_UNIT(*) SI_UNIT($,.STERADIAN.) SOLID_ANGLE_UNIT() );
#1997 = UNCERTAINTY_MEASURE_WITH_UNIT(LENGTH_MEASURE(1.E-06),#1994,
  'distance_accuracy_value','confusion accuracy');
#1998 = PRODUCT_RELATED_PRODUCT_CATEGORY('part',$,(#7));
#1999 = MECHANICAL_DESIGN_GEOMETRIC_PRESENTATION_REPRESENTATION('',(
    #2000),#1993);
#2000 = STYLED_ITEM('color',(#2001),#15);
#2001 = PRESENTATION_STYLE_ASSIGNMENT((#2002,#2008));
#2002 = SURFACE_STYLE_USAGE(.BOTH.,#2003);
#2003 = SURFACE_SIDE_STYLE('',(#2004));
#2004 = SURFACE_STYLE_FILL_AREA(#2005);
#2005 = FILL_AREA_STYLE('',(#2006));
#2006 = FILL_AREA_STYLE_COLOUR('',#2007);
#2007 = COLOUR_RGB('',0.800000010877,0.800000010877,0.800000010877);
#2008 = CURVE_STYLE('',#2009,POSITIVE_LENGTH_MEASURE(0.1),#2010);
#2009 = DRAUGHTING_PRE_DEFINED_CURVE_FONT('continuous');
#2010 = COLOUR_RGB('',9.803921802644E-02,9.803921802644E-02,
  9.803921802644E-02);
ENDSEC;
END-ISO-10303-21;
