ISO-10303-21;
HEADER;
FILE_DESCRIPTION(('Open CASCADE Model'),'2;1');
FILE_NAME('Open CASCADE Shape Model','2026-09-22T07:23:23',('Author'),(
    'Open CASCADE'),'Open CASCADE STEP processor 7.9','Open CASCADE 7.9'
  ,'Unknown');
FILE_SCHEMA(('AUTOMOTIVE_DESIGN { 1 0 10303 214 1 1 1 1 }'));
ENDSEC;
DATA;
#1 = APPLICATION_PROTOCOL_DEFINITION('international standard',
  'automotive_design',2000,#2);
#2 = APPLICATION_CONTEXT(
  'core data for automotive mechanical design processes');
#3 = SHAPE_DEFINITION_REPRESENTATION(#4,#10);
#4 = PRODUCT_DEFINITION_SHAPE('','',#5);
#5 = PRODUCT_DEFINITION('design','',#6,#9);
#6 = PRODUCT_DEFINITION_FORMATION('','',#7);
#7 = PRODUCT('Open CASCADE STEP translator 7.9 2',
  'Open CASCADE STEP translator 7.9 2','',(#8));
#8 = PRODUCT_CONTEXT('',#2,'mechanical');
#9 = PRODUCT_DEFINITION_CONTEXT('part definition',#2,'design');
#10 = ADVANCED_BREP_SHAPE_REPRESENTATION('',(#11,#15),#3315);
#11 = AXIS2_PLACEMENT_3D('',#12,#13,#14);
#12 = CARTESIAN_POINT('',(0.,0.,0.));
#13 = DIRECTION('',(0.,0.,1.));
#14 = DIRECTION('',(1.,0.,-0.));
#15 = MANIFOLD_SOLID_BREP('',#16);
#16 = CLOSED_SHELL('',(#17,#137,#598,#759,#1240,#1267,#1316,#1438,#1465,
    #1492,#1519,#1546,#1573,#1600,#1607,#1661,#1737,#1786,#1835,#1862,
    #1911,#2355,#2404,#2714,#2741,#2768,#2795,#2822,#2849,#2876,#2903,
    #2910,#2937,#3038,#3065,#3092,#3119,#3146,#3173,#3200,#3207,#3254,
    #3281,#3308));
#17 = ADVANCED_FACE('',(#18),#32,.F.);
#18 = FACE_BOUND('',#19,.F.);
#19 = EDGE_LOOP('',(#20,#55,#83,#111));
#20 = ORIENTED_EDGE('',*,*,#21,.F.);
#21 = EDGE_CURVE('',#22,#24,#26,.T.);
#22 = VERTEX_POINT('',#23);
#23 = CARTESIAN_POINT('',(0.,173.,-2.13162820728E-14));
#24 = VERTEX_POINT('',#25);
#25 = CARTESIAN_POINT('',(0.,168.66,-2.13162820728E-14));
#26 = SURFACE_CURVE('',#27,(#31,#43),.PCURVE_S1.);
#27 = LINE('',#28,#29);
#28 = CARTESIAN_POINT('',(0.,178.,-2.13162820728E-14));
#29 = VECTOR('',#30,1.);
#30 = DIRECTION('',(0.,-1.,1.224646799147E-16));
#31 = PCURVE('',#32,#37);
#32 = PLANE('',#33);
#33 = AXIS2_PLACEMENT_3D('',#34,#35,#36);
#34 = CARTESIAN_POINT('',(0.,178.,1.6));
#35 = DIRECTION('',(1.,0.,0.));
#36 = DIRECTION('',(0.,-1.224646799147E-16,-1.));
#37 = DEFINITIONAL_REPRESENTATION('',(#38),#42);
#38 = LINE('',#39,#40);
#39 = CARTESIAN_POINT('',(1.6,1.959434878636E-16));
#40 = VECTOR('',#41,1.);
#41 = DIRECTION('',(0.,-1.));
#42 = ( GEOMETRIC_REPRESENTATION_CONTEXT(2) 
PARAMETRIC_REPRESENTATION_CONTEXT() REPRESENTATION_CONTEXT('2D SPACE',''
  ) );
#43 = PCURVE('',#44,#49);
#44 = PLANE('',#45);
#45 = AXIS2_PLACEMENT_3D('',#46,#47,#48);
#46 = CARTESIAN_POINT('',(0.,178.,-2.13162820728E-14));
#47 = DIRECTION('',(0.,-1.224646799147E-16,-1.));
#48 = DIRECTION('',(1.,0.,0.));
#49 = DEFINITIONAL_REPRESENTATION('',(#50),#54);
#50 = LINE('',#51,#52);
#51 = CARTESIAN_POINT('',(0.,0.));
#52 = VECTOR('',#53,1.);
#53 = DIRECTION('',(0.,1.));
#54 = ( GEOMETRIC_REPRESENTATION_CONTEXT(2) 
PARAMETRIC_REPRESENTATION_CONTEXT() REPRESENTATION_CONTEXT('2D SPACE',''
  ) );
#55 = ORIENTED_EDGE('',*,*,#56,.F.);
#56 = EDGE_CURVE('',#57,#22,#59,.T.);
#57 = VERTEX_POINT('',#58);
#58 = CARTESIAN_POINT('',(0.,173.,1.6));
#59 = SURFACE_CURVE('',#60,(#64,#71),.PCURVE_S1.);
#60 = LINE('',#61,#62);
#61 = CARTESIAN_POINT('',(0.,173.,1.6));
#62 = VECTOR('',#63,1.);
#63 = DIRECTION('',(0.,-1.224646799147E-16,-1.));
#64 = PCURVE('',#32,#65);
#65 = DEFINITIONAL_REPRESENTATION('',(#66),#70);
#66 = LINE('',#67,#68);
#67 = CARTESIAN_POINT('',(6.123233995737E-16,-5.));
#68 = VECTOR('',#69,1.);
#69 = DIRECTION('',(1.,0.));
#70 = ( GEOMETRIC_REPRESENTATION_CONTEXT(2) 
PARAMETRIC_REPRESENTATION_CONTEXT() REPRESENTATION_CONTEXT('2D SPACE',''
  ) );
#71 = PCURVE('',#72,#77);
#72 = CYLINDRICAL_SURFACE('',#73,5.);
#73 = AXIS2_PLACEMENT_3D('',#74,#75,#76);
#74 = CARTESIAN_POINT('',(5.,173.,1.6));
#75 = DIRECTION('',(0.,-1.224646799147E-16,-1.));
#76 = DIRECTION('',(-1.,0.,-0.));
#77 = DEFINITIONAL_REPRESENTATION('',(#78),#82);
#78 = LINE('',#79,#80);
#79 = CARTESIAN_POINT('',(0.,0.));
#80 = VECTOR('',#81,1.);
#81 = DIRECTION('',(0.,1.));
#82 = ( GEOMETRIC_REPRESENTATION_CONTEXT(2) 
PARAMETRIC_REPRESENTATION_CONTEXT() REPRESENTATION_CONTEXT('2D SPACE',''
  ) );
#83 = ORIENTED_EDGE('',*,*,#84,.T.);
#84 = EDGE_CURVE('',#57,#85,#87,.T.);
#85 = VERTEX_POINT('',#86);
#86 = CARTESIAN_POINT('',(0.,168.66,1.6));
#87 = SURFACE_CURVE('',#88,(#92,#99),.PCURVE_S1.);
#88 = LINE('',#89,#90);
#89 = CARTESIAN_POINT('',(0.,178.,1.6));
#90 = VECTOR('',#91,1.);
#91 = DIRECTION('',(0.,-1.,1.224646799147E-16));
#92 = PCURVE('',#32,#93);
#93 = DEFINITIONAL_REPRESENTATION('',(#94),#98);
#94 = LINE('',#95,#96);
#95 = CARTESIAN_POINT('',(0.,0.));
#96 = VECTOR('',#97,1.);
#97 = DIRECTION('',(0.,-1.));
#98 = ( GEOMETRIC_REPRESENTATION_CONTEXT(2) 
PARAMETRIC_REPRESENTATION_CONTEXT() REPRESENTATION_CONTEXT('2D SPACE',''
  ) );
#99 = PCURVE('',#100,#105);
#100 = PLANE('',#101);
#101 = AXIS2_PLACEMENT_3D('',#102,#103,#104);
#102 = CARTESIAN_POINT('',(0.,178.,1.6));
#103 = DIRECTION('',(0.,-1.224646799147E-16,-1.));
#104 = DIRECTION('',(1.,0.,0.));
#105 = DEFINITIONAL_REPRESENTATION('',(#106),#110);
#106 = LINE('',#107,#108);
#107 = CARTESIAN_POINT('',(0.,0.));
#108 = VECTOR('',#109,1.);
#109 = DIRECTION('',(0.,1.));
#110 = ( GEOMETRIC_REPRESENTATION_CONTEXT(2) 
PARAMETRIC_REPRESENTATION_CONTEXT() REPRESENTATION_CONTEXT('2D SPACE',''
  ) );
#111 = ORIENTED_EDGE('',*,*,#112,.T.);
#112 = EDGE_CURVE('',#85,#24,#113,.T.);
#113 = SURFACE_CURVE('',#114,(#118,#125),.PCURVE_S1.);
#114 = LINE('',#115,#116);
#115 = CARTESIAN_POINT('',(0.,168.66,5.1));
#116 = VECTOR('',#117,1.);
#117 = DIRECTION('',(0.,-1.224646799147E-16,-1.));
#118 = PCURVE('',#32,#119);
#119 = DEFINITIONAL_REPRESENTATION('',(#120),#124);
#120 = LINE('',#121,#122);
#121 = CARTESIAN_POINT('',(-3.5,-9.34));
#122 = VECTOR('',#123,1.);
#123 = DIRECTION('',(1.,0.));
#124 = ( GEOMETRIC_REPRESENTATION_CONTEXT(2) 
PARAMETRIC_REPRESENTATION_CONTEXT() REPRESENTATION_CONTEXT('2D SPACE',''
  ) );
#125 = PCURVE('',#126,#131);
#126 = PLANE('',#127);
#127 = AXIS2_PLACEMENT_3D('',#128,#129,#130);
#128 = CARTESIAN_POINT('',(-1.,168.66,8.6));
#129 = DIRECTION('',(0.,-1.,1.224646799147E-16));
#130 = DIRECTION('',(0.,-1.224646799147E-16,-1.));
#131 = DEFINITIONAL_REPRESENTATION('',(#132),#136);
#132 = LINE('',#133,#134);
#133 = CARTESIAN_POINT('',(3.5,1.));
#134 = VECTOR('',#135,1.);
#135 = DIRECTION('',(1.,0.));
#136 = ( GEOMETRIC_REPRESENTATION_CONTEXT(2) 
PARAMETRIC_REPRESENTATION_CONTEXT() REPRESENTATION_CONTEXT('2D SPACE',''
  ) );
#137 = ADVANCED_FACE('',(#138,#449,#484),#44,.T.);
#138 = FACE_BOUND('',#139,.T.);
#139 = EDGE_LOOP('',(#140,#141,#165,#193,#226,#254,#283,#311,#344,#372,
    #400,#428));
#140 = ORIENTED_EDGE('',*,*,#21,.F.);
#141 = ORIENTED_EDGE('',*,*,#142,.T.);
#142 = EDGE_CURVE('',#22,#143,#145,.T.);
#143 = VERTEX_POINT('',#144);
#144 = CARTESIAN_POINT('',(5.,178.,-2.13162820728E-14));
#145 = SURFACE_CURVE('',#146,(#151,#158),.PCURVE_S1.);
#146 = CIRCLE('',#147,5.);
#147 = AXIS2_PLACEMENT_3D('',#148,#149,#150);
#148 = CARTESIAN_POINT('',(5.,173.,-2.13162820728E-14));
#149 = DIRECTION('',(0.,-1.224646799147E-16,-1.));
#150 = DIRECTION('',(0.,1.,-1.224646799147E-16));
#151 = PCURVE('',#44,#152);
#152 = DEFINITIONAL_REPRESENTATION('',(#153),#157);
#153 = CIRCLE('',#154,5.);
#154 = AXIS2_PLACEMENT_2D('',#155,#156);
#155 = CARTESIAN_POINT('',(5.,5.));
#156 = DIRECTION('',(0.,-1.));
#157 = ( GEOMETRIC_REPRESENTATION_CONTEXT(2) 
PARAMETRIC_REPRESENTATION_CONTEXT() REPRESENTATION_CONTEXT('2D SPACE',''
  ) );
#158 = PCURVE('',#72,#159);
#159 = DEFINITIONAL_REPRESENTATION('',(#160),#164);
#160 = LINE('',#161,#162);
#161 = CARTESIAN_POINT('',(-4.712388980385,1.6));
#162 = VECTOR('',#163,1.);
#163 = DIRECTION('',(1.,0.));
#164 = ( GEOMETRIC_REPRESENTATION_CONTEXT(2) 
PARAMETRIC_REPRESENTATION_CONTEXT() REPRESENTATION_CONTEXT('2D SPACE',''
  ) );
#165 = ORIENTED_EDGE('',*,*,#166,.T.);
#166 = EDGE_CURVE('',#143,#167,#169,.T.);
#167 = VERTEX_POINT('',#168);
#168 = CARTESIAN_POINT('',(69.,178.,-2.13162820728E-14));
#169 = SURFACE_CURVE('',#170,(#174,#181),.PCURVE_S1.);
#170 = LINE('',#171,#172);
#171 = CARTESIAN_POINT('',(0.,178.,-2.13162820728E-14));
#172 = VECTOR('',#173,1.);
#173 = DIRECTION('',(1.,0.,0.));
#174 = PCURVE('',#44,#175);
#175 = DEFINITIONAL_REPRESENTATION('',(#176),#180);
#176 = LINE('',#177,#178);
#177 = CARTESIAN_POINT('',(0.,0.));
#178 = VECTOR('',#179,1.);
#179 = DIRECTION('',(1.,0.));
#180 = ( GEOMETRIC_REPRESENTATION_CONTEXT(2) 
PARAMETRIC_REPRESENTATION_CONTEXT() REPRESENTATION_CONTEXT('2D SPACE',''
  ) );
#181 = PCURVE('',#182,#187);
#182 = PLANE('',#183);
#183 = AXIS2_PLACEMENT_3D('',#184,#185,#186);
#184 = CARTESIAN_POINT('',(0.,178.,1.6));
#185 = DIRECTION('',(0.,-1.,1.224646799147E-16));
#186 = DIRECTION('',(0.,-1.224646799147E-16,-1.));
#187 = DEFINITIONAL_REPRESENTATION('',(#188),#192);
#188 = LINE('',#189,#190);
#189 = CARTESIAN_POINT('',(1.6,0.));
#190 = VECTOR('',#191,1.);
#191 = DIRECTION('',(0.,1.));
#192 = ( GEOMETRIC_REPRESENTATION_CONTEXT(2) 
PARAMETRIC_REPRESENTATION_CONTEXT() REPRESENTATION_CONTEXT('2D SPACE',''
  ) );
#193 = ORIENTED_EDGE('',*,*,#194,.F.);
#194 = EDGE_CURVE('',#195,#167,#197,.T.);
#195 = VERTEX_POINT('',#196);
#196 = CARTESIAN_POINT('',(74.,173.,-2.13162820728E-14));
#197 = SURFACE_CURVE('',#198,(#203,#214),.PCURVE_S1.);
#198 = CIRCLE('',#199,5.);
#199 = AXIS2_PLACEMENT_3D('',#200,#201,#202);
#200 = CARTESIAN_POINT('',(69.,173.,-2.13162820728E-14));
#201 = DIRECTION('',(0.,1.224646799147E-16,1.));
#202 = DIRECTION('',(0.,1.,-1.224646799147E-16));
#203 = PCURVE('',#44,#204);
#204 = DEFINITIONAL_REPRESENTATION('',(#205),#213);
#205 = ( BOUNDED_CURVE() B_SPLINE_CURVE(2,(#206,#207,#208,#209,#210,#211
,#212),.UNSPECIFIED.,.T.,.F.) B_SPLINE_CURVE_WITH_KNOTS((1,2,2,2,2,1),(
    -2.094395102393,0.,2.094395102393,4.188790204786,6.28318530718,
8.377580409573),.UNSPECIFIED.) CURVE() GEOMETRIC_REPRESENTATION_ITEM() 
RATIONAL_B_SPLINE_CURVE((1.,0.5,1.,0.5,1.,0.5,1.)) REPRESENTATION_ITEM(
  '') );
#206 = CARTESIAN_POINT('',(69.,0.));
#207 = CARTESIAN_POINT('',(60.339745962156,0.));
#208 = CARTESIAN_POINT('',(64.669872981078,7.5));
#209 = CARTESIAN_POINT('',(69.,15.));
#210 = CARTESIAN_POINT('',(73.330127018922,7.5));
#211 = CARTESIAN_POINT('',(77.660254037844,7.993605777301E-15));
#212 = CARTESIAN_POINT('',(69.,0.));
#213 = ( GEOMETRIC_REPRESENTATION_CONTEXT(2) 
PARAMETRIC_REPRESENTATION_CONTEXT() REPRESENTATION_CONTEXT('2D SPACE',''
  ) );
#214 = PCURVE('',#215,#220);
#215 = CYLINDRICAL_SURFACE('',#216,5.);
#216 = AXIS2_PLACEMENT_3D('',#217,#218,#219);
#217 = CARTESIAN_POINT('',(69.,173.,1.6));
#218 = DIRECTION('',(0.,-1.224646799147E-16,-1.));
#219 = DIRECTION('',(1.,0.,0.));
#220 = DEFINITIONAL_REPRESENTATION('',(#221),#225);
#221 = LINE('',#222,#223);
#222 = CARTESIAN_POINT('',(4.712388980385,1.6));
#223 = VECTOR('',#224,1.);
#224 = DIRECTION('',(-1.,0.));
#225 = ( GEOMETRIC_REPRESENTATION_CONTEXT(2) 
PARAMETRIC_REPRESENTATION_CONTEXT() REPRESENTATION_CONTEXT('2D SPACE',''
  ) );
#226 = ORIENTED_EDGE('',*,*,#227,.T.);
#227 = EDGE_CURVE('',#195,#228,#230,.T.);
#228 = VERTEX_POINT('',#229);
#229 = CARTESIAN_POINT('',(74.,5.,0.));
#230 = SURFACE_CURVE('',#231,(#235,#242),.PCURVE_S1.);
#231 = LINE('',#232,#233);
#232 = CARTESIAN_POINT('',(74.,178.,-2.13162820728E-14));
#233 = VECTOR('',#234,1.);
#234 = DIRECTION('',(0.,-1.,1.224646799147E-16));
#235 = PCURVE('',#44,#236);
#236 = DEFINITIONAL_REPRESENTATION('',(#237),#241);
#237 = LINE('',#238,#239);
#238 = CARTESIAN_POINT('',(74.,0.));
#239 = VECTOR('',#240,1.);
#240 = DIRECTION('',(0.,1.));
#241 = ( GEOMETRIC_REPRESENTATION_CONTEXT(2) 
PARAMETRIC_REPRESENTATION_CONTEXT() REPRESENTATION_CONTEXT('2D SPACE',''
  ) );
#242 = PCURVE('',#243,#248);
#243 = PLANE('',#244);
#244 = AXIS2_PLACEMENT_3D('',#245,#246,#247);
#245 = CARTESIAN_POINT('',(74.,178.,1.6));
#246 = DIRECTION('',(1.,0.,0.));
#247 = DIRECTION('',(0.,-1.224646799147E-16,-1.));
#248 = DEFINITIONAL_REPRESENTATION('',(#249),#253);
#249 = LINE('',#250,#251);
#250 = CARTESIAN_POINT('',(1.6,1.959434878636E-16));
#251 = VECTOR('',#252,1.);
#252 = DIRECTION('',(0.,-1.));
#253 = ( GEOMETRIC_REPRESENTATION_CONTEXT(2) 
PARAMETRIC_REPRESENTATION_CONTEXT() REPRESENTATION_CONTEXT('2D SPACE',''
  ) );
#254 = ORIENTED_EDGE('',*,*,#255,.T.);
#255 = EDGE_CURVE('',#228,#256,#258,.T.);
#256 = VERTEX_POINT('',#257);
#257 = CARTESIAN_POINT('',(69.,-3.429011037613E-15,0.));
#258 = SURFACE_CURVE('',#259,(#264,#271),.PCURVE_S1.);
#259 = CIRCLE('',#260,5.);
#260 = AXIS2_PLACEMENT_3D('',#261,#262,#263);
#261 = CARTESIAN_POINT('',(69.,5.,0.));
#262 = DIRECTION('',(0.,-1.224646799147E-16,-1.));
#263 = DIRECTION('',(0.,1.,-1.224646799147E-16));
#264 = PCURVE('',#44,#265);
#265 = DEFINITIONAL_REPRESENTATION('',(#266),#270);
#266 = CIRCLE('',#267,5.);
#267 = AXIS2_PLACEMENT_2D('',#268,#269);
#268 = CARTESIAN_POINT('',(69.,173.));
#269 = DIRECTION('',(0.,-1.));
#270 = ( GEOMETRIC_REPRESENTATION_CONTEXT(2) 
PARAMETRIC_REPRESENTATION_CONTEXT() REPRESENTATION_CONTEXT('2D SPACE',''
  ) );
#271 = PCURVE('',#272,#277);
#272 = CYLINDRICAL_SURFACE('',#273,5.);
#273 = AXIS2_PLACEMENT_3D('',#274,#275,#276);
#274 = CARTESIAN_POINT('',(69.,5.,1.6));
#275 = DIRECTION('',(0.,-1.224646799147E-16,-1.));
#276 = DIRECTION('',(1.,0.,0.));
#277 = DEFINITIONAL_REPRESENTATION('',(#278),#282);
#278 = LINE('',#279,#280);
#279 = CARTESIAN_POINT('',(-1.570796326795,1.6));
#280 = VECTOR('',#281,1.);
#281 = DIRECTION('',(1.,0.));
#282 = ( GEOMETRIC_REPRESENTATION_CONTEXT(2) 
PARAMETRIC_REPRESENTATION_CONTEXT() REPRESENTATION_CONTEXT('2D SPACE',''
  ) );
#283 = ORIENTED_EDGE('',*,*,#284,.F.);
#284 = EDGE_CURVE('',#285,#256,#287,.T.);
#285 = VERTEX_POINT('',#286);
#286 = CARTESIAN_POINT('',(5.,-3.429011037613E-15,0.));
#287 = SURFACE_CURVE('',#288,(#292,#299),.PCURVE_S1.);
#288 = LINE('',#289,#290);
#289 = CARTESIAN_POINT('',(0.,-3.429011037613E-15,0.));
#290 = VECTOR('',#291,1.);
#291 = DIRECTION('',(1.,0.,0.));
#292 = PCURVE('',#44,#293);
#293 = DEFINITIONAL_REPRESENTATION('',(#294),#298);
#294 = LINE('',#295,#296);
#295 = CARTESIAN_POINT('',(0.,178.));
#296 = VECTOR('',#297,1.);
#297 = DIRECTION('',(1.,0.));
#298 = ( GEOMETRIC_REPRESENTATION_CONTEXT(2) 
PARAMETRIC_REPRESENTATION_CONTEXT() REPRESENTATION_CONTEXT('2D SPACE',''
  ) );
#299 = PCURVE('',#300,#305);
#300 = PLANE('',#301);
#301 = AXIS2_PLACEMENT_3D('',#302,#303,#304);
#302 = CARTESIAN_POINT('',(0.,-3.233067549749E-15,1.6));
#303 = DIRECTION('',(0.,-1.,1.224646799147E-16));
#304 = DIRECTION('',(0.,-1.224646799147E-16,-1.));
#305 = DEFINITIONAL_REPRESENTATION('',(#306),#310);
#306 = LINE('',#307,#308);
#307 = CARTESIAN_POINT('',(1.6,0.));
#308 = VECTOR('',#309,1.);
#309 = DIRECTION('',(0.,1.));
#310 = ( GEOMETRIC_REPRESENTATION_CONTEXT(2) 
PARAMETRIC_REPRESENTATION_CONTEXT() REPRESENTATION_CONTEXT('2D SPACE',''
  ) );
#311 = ORIENTED_EDGE('',*,*,#312,.F.);
#312 = EDGE_CURVE('',#313,#285,#315,.T.);
#313 = VERTEX_POINT('',#314);
#314 = CARTESIAN_POINT('',(0.,5.,0.));
#315 = SURFACE_CURVE('',#316,(#321,#332),.PCURVE_S1.);
#316 = CIRCLE('',#317,5.);
#317 = AXIS2_PLACEMENT_3D('',#318,#319,#320);
#318 = CARTESIAN_POINT('',(5.,5.,0.));
#319 = DIRECTION('',(0.,1.224646799147E-16,1.));
#320 = DIRECTION('',(0.,1.,-1.224646799147E-16));
#321 = PCURVE('',#44,#322);
#322 = DEFINITIONAL_REPRESENTATION('',(#323),#331);
#323 = ( BOUNDED_CURVE() B_SPLINE_CURVE(2,(#324,#325,#326,#327,#328,#329
,#330),.UNSPECIFIED.,.T.,.F.) B_SPLINE_CURVE_WITH_KNOTS((1,2,2,2,2,1),(
    -2.094395102393,0.,2.094395102393,4.188790204786,6.28318530718,
8.377580409573),.UNSPECIFIED.) CURVE() GEOMETRIC_REPRESENTATION_ITEM() 
RATIONAL_B_SPLINE_CURVE((1.,0.5,1.,0.5,1.,0.5,1.)) REPRESENTATION_ITEM(
  '') );
#324 = CARTESIAN_POINT('',(5.,168.));
#325 = CARTESIAN_POINT('',(-3.660254037844,168.));
#326 = CARTESIAN_POINT('',(0.669872981078,175.5));
#327 = CARTESIAN_POINT('',(5.,183.));
#328 = CARTESIAN_POINT('',(9.330127018922,175.5));
#329 = CARTESIAN_POINT('',(13.660254037844,168.));
#330 = CARTESIAN_POINT('',(5.,168.));
#331 = ( GEOMETRIC_REPRESENTATION_CONTEXT(2) 
PARAMETRIC_REPRESENTATION_CONTEXT() REPRESENTATION_CONTEXT('2D SPACE',''
  ) );
#332 = PCURVE('',#333,#338);
#333 = CYLINDRICAL_SURFACE('',#334,5.);
#334 = AXIS2_PLACEMENT_3D('',#335,#336,#337);
#335 = CARTESIAN_POINT('',(5.,5.,1.6));
#336 = DIRECTION('',(0.,-1.224646799147E-16,-1.));
#337 = DIRECTION('',(-1.,0.,-0.));
#338 = DEFINITIONAL_REPRESENTATION('',(#339),#343);
#339 = LINE('',#340,#341);
#340 = CARTESIAN_POINT('',(1.570796326795,1.6));
#341 = VECTOR('',#342,1.);
#342 = DIRECTION('',(-1.,0.));
#343 = ( GEOMETRIC_REPRESENTATION_CONTEXT(2) 
PARAMETRIC_REPRESENTATION_CONTEXT() REPRESENTATION_CONTEXT('2D SPACE',''
  ) );
#344 = ORIENTED_EDGE('',*,*,#345,.F.);
#345 = EDGE_CURVE('',#346,#313,#348,.T.);
#346 = VERTEX_POINT('',#347);
#347 = CARTESIAN_POINT('',(0.,155.66,-1.7763568394E-14));
#348 = SURFACE_CURVE('',#349,(#353,#360),.PCURVE_S1.);
#349 = LINE('',#350,#351);
#350 = CARTESIAN_POINT('',(0.,178.,-2.13162820728E-14));
#351 = VECTOR('',#352,1.);
#352 = DIRECTION('',(0.,-1.,1.224646799147E-16));
#353 = PCURVE('',#44,#354);
#354 = DEFINITIONAL_REPRESENTATION('',(#355),#359);
#355 = LINE('',#356,#357);
#356 = CARTESIAN_POINT('',(0.,0.));
#357 = VECTOR('',#358,1.);
#358 = DIRECTION('',(0.,1.));
#359 = ( GEOMETRIC_REPRESENTATION_CONTEXT(2) 
PARAMETRIC_REPRESENTATION_CONTEXT() REPRESENTATION_CONTEXT('2D SPACE',''
  ) );
#360 = PCURVE('',#361,#366);
#361 = PLANE('',#362);
#362 = AXIS2_PLACEMENT_3D('',#363,#364,#365);
#363 = CARTESIAN_POINT('',(0.,178.,1.6));
#364 = DIRECTION('',(1.,0.,0.));
#365 = DIRECTION('',(0.,-1.224646799147E-16,-1.));
#366 = DEFINITIONAL_REPRESENTATION('',(#367),#371);
#367 = LINE('',#368,#369);
#368 = CARTESIAN_POINT('',(1.6,1.959434878636E-16));
#369 = VECTOR('',#370,1.);
#370 = DIRECTION('',(0.,-1.));
#371 = ( GEOMETRIC_REPRESENTATION_CONTEXT(2) 
PARAMETRIC_REPRESENTATION_CONTEXT() REPRESENTATION_CONTEXT('2D SPACE',''
  ) );
#372 = ORIENTED_EDGE('',*,*,#373,.F.);
#373 = EDGE_CURVE('',#374,#346,#376,.T.);
#374 = VERTEX_POINT('',#375);
#375 = CARTESIAN_POINT('',(6.,155.66,-1.7763568394E-14));
#376 = SURFACE_CURVE('',#377,(#381,#388),.PCURVE_S1.);
#377 = LINE('',#378,#379);
#378 = CARTESIAN_POINT('',(-0.5,155.66,-1.7763568394E-14));
#379 = VECTOR('',#380,1.);
#380 = DIRECTION('',(-1.,-0.,0.));
#381 = PCURVE('',#44,#382);
#382 = DEFINITIONAL_REPRESENTATION('',(#383),#387);
#383 = LINE('',#384,#385);
#384 = CARTESIAN_POINT('',(-0.5,22.34));
#385 = VECTOR('',#386,1.);
#386 = DIRECTION('',(-1.,0.));
#387 = ( GEOMETRIC_REPRESENTATION_CONTEXT(2) 
PARAMETRIC_REPRESENTATION_CONTEXT() REPRESENTATION_CONTEXT('2D SPACE',''
  ) );
#388 = PCURVE('',#389,#394);
#389 = PLANE('',#390);
#390 = AXIS2_PLACEMENT_3D('',#391,#392,#393);
#391 = CARTESIAN_POINT('',(-1.,155.66,8.6));
#392 = DIRECTION('',(0.,-1.,1.224646799147E-16));
#393 = DIRECTION('',(0.,-1.224646799147E-16,-1.));
#394 = DEFINITIONAL_REPRESENTATION('',(#395),#399);
#395 = LINE('',#396,#397);
#396 = CARTESIAN_POINT('',(8.6,0.5));
#397 = VECTOR('',#398,1.);
#398 = DIRECTION('',(-0.,-1.));
#399 = ( GEOMETRIC_REPRESENTATION_CONTEXT(2) 
PARAMETRIC_REPRESENTATION_CONTEXT() REPRESENTATION_CONTEXT('2D SPACE',''
  ) );
#400 = ORIENTED_EDGE('',*,*,#401,.F.);
#401 = EDGE_CURVE('',#402,#374,#404,.T.);
#402 = VERTEX_POINT('',#403);
#403 = CARTESIAN_POINT('',(6.,168.66,-2.13162820728E-14));
#404 = SURFACE_CURVE('',#405,(#409,#416),.PCURVE_S1.);
#405 = LINE('',#406,#407);
#406 = CARTESIAN_POINT('',(6.,173.33,-2.13162820728E-14));
#407 = VECTOR('',#408,1.);
#408 = DIRECTION('',(0.,-1.,1.224646799147E-16));
#409 = PCURVE('',#44,#410);
#410 = DEFINITIONAL_REPRESENTATION('',(#411),#415);
#411 = LINE('',#412,#413);
#412 = CARTESIAN_POINT('',(6.,4.67));
#413 = VECTOR('',#414,1.);
#414 = DIRECTION('',(0.,1.));
#415 = ( GEOMETRIC_REPRESENTATION_CONTEXT(2) 
PARAMETRIC_REPRESENTATION_CONTEXT() REPRESENTATION_CONTEXT('2D SPACE',''
  ) );
#416 = PCURVE('',#417,#422);
#417 = PLANE('',#418);
#418 = AXIS2_PLACEMENT_3D('',#419,#420,#421);
#419 = CARTESIAN_POINT('',(6.,168.66,8.6));
#420 = DIRECTION('',(1.,0.,0.));
#421 = DIRECTION('',(0.,-1.224646799147E-16,-1.));
#422 = DEFINITIONAL_REPRESENTATION('',(#423),#427);
#423 = LINE('',#424,#425);
#424 = CARTESIAN_POINT('',(8.6,4.67));
#425 = VECTOR('',#426,1.);
#426 = DIRECTION('',(0.,-1.));
#427 = ( GEOMETRIC_REPRESENTATION_CONTEXT(2) 
PARAMETRIC_REPRESENTATION_CONTEXT() REPRESENTATION_CONTEXT('2D SPACE',''
  ) );
#428 = ORIENTED_EDGE('',*,*,#429,.T.);
#429 = EDGE_CURVE('',#402,#24,#430,.T.);
#430 = SURFACE_CURVE('',#431,(#435,#442),.PCURVE_S1.);
#431 = LINE('',#432,#433);
#432 = CARTESIAN_POINT('',(-0.5,168.66,-2.13162820728E-14));
#433 = VECTOR('',#434,1.);
#434 = DIRECTION('',(-1.,-0.,0.));
#435 = PCURVE('',#44,#436);
#436 = DEFINITIONAL_REPRESENTATION('',(#437),#441);
#437 = LINE('',#438,#439);
#438 = CARTESIAN_POINT('',(-0.5,9.34));
#439 = VECTOR('',#440,1.);
#440 = DIRECTION('',(-1.,0.));
#441 = ( GEOMETRIC_REPRESENTATION_CONTEXT(2) 
PARAMETRIC_REPRESENTATION_CONTEXT() REPRESENTATION_CONTEXT('2D SPACE',''
  ) );
#442 = PCURVE('',#126,#443);
#443 = DEFINITIONAL_REPRESENTATION('',(#444),#448);
#444 = LINE('',#445,#446);
#445 = CARTESIAN_POINT('',(8.6,0.5));
#446 = VECTOR('',#447,1.);
#447 = DIRECTION('',(-0.,-1.));
#448 = ( GEOMETRIC_REPRESENTATION_CONTEXT(2) 
PARAMETRIC_REPRESENTATION_CONTEXT() REPRESENTATION_CONTEXT('2D SPACE',''
  ) );
#449 = FACE_BOUND('',#450,.T.);
#450 = EDGE_LOOP('',(#451));
#451 = ORIENTED_EDGE('',*,*,#452,.T.);
#452 = EDGE_CURVE('',#453,#453,#455,.T.);
#453 = VERTEX_POINT('',#454);
#454 = CARTESIAN_POINT('',(54.7,120.78,-1.42108547152E-14));
#455 = SURFACE_CURVE('',#456,(#461,#472),.PCURVE_S1.);
#456 = CIRCLE('',#457,17.7);
#457 = AXIS2_PLACEMENT_3D('',#458,#459,#460);
#458 = CARTESIAN_POINT('',(37.,120.78,-1.42108547152E-14));
#459 = DIRECTION('',(-0.,1.224646799147E-16,1.));
#460 = DIRECTION('',(1.,0.,0.));
#461 = PCURVE('',#44,#462);
#462 = DEFINITIONAL_REPRESENTATION('',(#463),#471);
#463 = ( BOUNDED_CURVE() B_SPLINE_CURVE(2,(#464,#465,#466,#467,#468,#469
,#470),.UNSPECIFIED.,.T.,.F.) B_SPLINE_CURVE_WITH_KNOTS((1,2,2,2,2,1),(
    -2.094395102393,0.,2.094395102393,4.188790204786,6.28318530718,
8.377580409573),.UNSPECIFIED.) CURVE() GEOMETRIC_REPRESENTATION_ITEM() 
RATIONAL_B_SPLINE_CURVE((1.,0.5,1.,0.5,1.,0.5,1.)) REPRESENTATION_ITEM(
  '') );
#464 = CARTESIAN_POINT('',(54.7,57.22));
#465 = CARTESIAN_POINT('',(54.7,26.562700706031));
#466 = CARTESIAN_POINT('',(28.15,41.891350353015));
#467 = CARTESIAN_POINT('',(1.6,57.22));
#468 = CARTESIAN_POINT('',(28.15,72.548649646985));
#469 = CARTESIAN_POINT('',(54.7,87.877299293969));
#470 = CARTESIAN_POINT('',(54.7,57.22));
#471 = ( GEOMETRIC_REPRESENTATION_CONTEXT(2) 
PARAMETRIC_REPRESENTATION_CONTEXT() REPRESENTATION_CONTEXT('2D SPACE',''
  ) );
#472 = PCURVE('',#473,#478);
#473 = CYLINDRICAL_SURFACE('',#474,17.7);
#474 = AXIS2_PLACEMENT_3D('',#475,#476,#477);
#475 = CARTESIAN_POINT('',(37.,120.78,4.));
#476 = DIRECTION('',(-0.,1.224646799147E-16,1.));
#477 = DIRECTION('',(1.,0.,0.));
#478 = DEFINITIONAL_REPRESENTATION('',(#479),#483);
#479 = LINE('',#480,#481);
#480 = CARTESIAN_POINT('',(-6.28318530718,-4.));
#481 = VECTOR('',#482,1.);
#482 = DIRECTION('',(1.,-0.));
#483 = ( GEOMETRIC_REPRESENTATION_CONTEXT(2) 
PARAMETRIC_REPRESENTATION_CONTEXT() REPRESENTATION_CONTEXT('2D SPACE',''
  ) );
#484 = FACE_BOUND('',#485,.T.);
#485 = EDGE_LOOP('',(#486,#516,#544,#572));
#486 = ORIENTED_EDGE('',*,*,#487,.T.);
#487 = EDGE_CURVE('',#488,#490,#492,.T.);
#488 = VERTEX_POINT('',#489);
#489 = CARTESIAN_POINT('',(61.8856,87.3434,-1.06581410364E-14));
#490 = VERTEX_POINT('',#491);
#491 = CARTESIAN_POINT('',(12.1256,87.3434,-1.06581410364E-14));
#492 = SURFACE_CURVE('',#493,(#497,#504),.PCURVE_S1.);
#493 = LINE('',#494,#495);
#494 = CARTESIAN_POINT('',(6.0628,87.3434,-1.06581410364E-14));
#495 = VECTOR('',#496,1.);
#496 = DIRECTION('',(-1.,-0.,0.));
#497 = PCURVE('',#44,#498);
#498 = DEFINITIONAL_REPRESENTATION('',(#499),#503);
#499 = LINE('',#500,#501);
#500 = CARTESIAN_POINT('',(6.0628,90.6566));
#501 = VECTOR('',#502,1.);
#502 = DIRECTION('',(-1.,0.));
#503 = ( GEOMETRIC_REPRESENTATION_CONTEXT(2) 
PARAMETRIC_REPRESENTATION_CONTEXT() REPRESENTATION_CONTEXT('2D SPACE',''
  ) );
#504 = PCURVE('',#505,#510);
#505 = PLANE('',#506);
#506 = AXIS2_PLACEMENT_3D('',#507,#508,#509);
#507 = CARTESIAN_POINT('',(12.1256,87.3434,2.));
#508 = DIRECTION('',(0.,-1.,1.224646799147E-16));
#509 = DIRECTION('',(0.,-1.224646799147E-16,-1.));
#510 = DEFINITIONAL_REPRESENTATION('',(#511),#515);
#511 = LINE('',#512,#513);
#512 = CARTESIAN_POINT('',(2.,-6.0628));
#513 = VECTOR('',#514,1.);
#514 = DIRECTION('',(-0.,-1.));
#515 = ( GEOMETRIC_REPRESENTATION_CONTEXT(2) 
PARAMETRIC_REPRESENTATION_CONTEXT() REPRESENTATION_CONTEXT('2D SPACE',''
  ) );
#516 = ORIENTED_EDGE('',*,*,#517,.T.);
#517 = EDGE_CURVE('',#490,#518,#520,.T.);
#518 = VERTEX_POINT('',#519);
#519 = CARTESIAN_POINT('',(12.1256,13.1034,0.));
#520 = SURFACE_CURVE('',#521,(#525,#532),.PCURVE_S1.);
#521 = LINE('',#522,#523);
#522 = CARTESIAN_POINT('',(12.1256,132.6717,-1.7763568394E-14));
#523 = VECTOR('',#524,1.);
#524 = DIRECTION('',(0.,-1.,1.224646799147E-16));
#525 = PCURVE('',#44,#526);
#526 = DEFINITIONAL_REPRESENTATION('',(#527),#531);
#527 = LINE('',#528,#529);
#528 = CARTESIAN_POINT('',(12.1256,45.3283));
#529 = VECTOR('',#530,1.);
#530 = DIRECTION('',(0.,1.));
#531 = ( GEOMETRIC_REPRESENTATION_CONTEXT(2) 
PARAMETRIC_REPRESENTATION_CONTEXT() REPRESENTATION_CONTEXT('2D SPACE',''
  ) );
#532 = PCURVE('',#533,#538);
#533 = PLANE('',#534);
#534 = AXIS2_PLACEMENT_3D('',#535,#536,#537);
#535 = CARTESIAN_POINT('',(12.1256,87.3434,2.));
#536 = DIRECTION('',(1.,0.,0.));
#537 = DIRECTION('',(0.,-1.224646799147E-16,-1.));
#538 = DEFINITIONAL_REPRESENTATION('',(#539),#543);
#539 = LINE('',#540,#541);
#540 = CARTESIAN_POINT('',(2.,45.3283));
#541 = VECTOR('',#542,1.);
#542 = DIRECTION('',(0.,-1.));
#543 = ( GEOMETRIC_REPRESENTATION_CONTEXT(2) 
PARAMETRIC_REPRESENTATION_CONTEXT() REPRESENTATION_CONTEXT('2D SPACE',''
  ) );
#544 = ORIENTED_EDGE('',*,*,#545,.F.);
#545 = EDGE_CURVE('',#546,#518,#548,.T.);
#546 = VERTEX_POINT('',#547);
#547 = CARTESIAN_POINT('',(61.8856,13.1034,0.));
#548 = SURFACE_CURVE('',#549,(#553,#560),.PCURVE_S1.);
#549 = LINE('',#550,#551);
#550 = CARTESIAN_POINT('',(6.0628,13.1034,0.));
#551 = VECTOR('',#552,1.);
#552 = DIRECTION('',(-1.,-0.,0.));
#553 = PCURVE('',#44,#554);
#554 = DEFINITIONAL_REPRESENTATION('',(#555),#559);
#555 = LINE('',#556,#557);
#556 = CARTESIAN_POINT('',(6.0628,164.8966));
#557 = VECTOR('',#558,1.);
#558 = DIRECTION('',(-1.,0.));
#559 = ( GEOMETRIC_REPRESENTATION_CONTEXT(2) 
PARAMETRIC_REPRESENTATION_CONTEXT() REPRESENTATION_CONTEXT('2D SPACE',''
  ) );
#560 = PCURVE('',#561,#566);
#561 = PLANE('',#562);
#562 = AXIS2_PLACEMENT_3D('',#563,#564,#565);
#563 = CARTESIAN_POINT('',(12.1256,13.1034,2.));
#564 = DIRECTION('',(0.,-1.,1.224646799147E-16));
#565 = DIRECTION('',(0.,-1.224646799147E-16,-1.));
#566 = DEFINITIONAL_REPRESENTATION('',(#567),#571);
#567 = LINE('',#568,#569);
#568 = CARTESIAN_POINT('',(2.,-6.0628));
#569 = VECTOR('',#570,1.);
#570 = DIRECTION('',(-0.,-1.));
#571 = ( GEOMETRIC_REPRESENTATION_CONTEXT(2) 
PARAMETRIC_REPRESENTATION_CONTEXT() REPRESENTATION_CONTEXT('2D SPACE',''
  ) );
#572 = ORIENTED_EDGE('',*,*,#573,.F.);
#573 = EDGE_CURVE('',#488,#546,#574,.T.);
#574 = SURFACE_CURVE('',#575,(#579,#586),.PCURVE_S1.);
#575 = LINE('',#576,#577);
#576 = CARTESIAN_POINT('',(61.8856,132.6717,-1.7763568394E-14));
#577 = VECTOR('',#578,1.);
#578 = DIRECTION('',(0.,-1.,1.224646799147E-16));
#579 = PCURVE('',#44,#580);
#580 = DEFINITIONAL_REPRESENTATION('',(#581),#585);
#581 = LINE('',#582,#583);
#582 = CARTESIAN_POINT('',(61.8856,45.3283));
#583 = VECTOR('',#584,1.);
#584 = DIRECTION('',(0.,1.));
#585 = ( GEOMETRIC_REPRESENTATION_CONTEXT(2) 
PARAMETRIC_REPRESENTATION_CONTEXT() REPRESENTATION_CONTEXT('2D SPACE',''
  ) );
#586 = PCURVE('',#587,#592);
#587 = PLANE('',#588);
#588 = AXIS2_PLACEMENT_3D('',#589,#590,#591);
#589 = CARTESIAN_POINT('',(61.8856,87.3434,2.));
#590 = DIRECTION('',(1.,0.,0.));
#591 = DIRECTION('',(0.,-1.224646799147E-16,-1.));
#592 = DEFINITIONAL_REPRESENTATION('',(#593),#597);
#593 = LINE('',#594,#595);
#594 = CARTESIAN_POINT('',(2.,45.3283));
#595 = VECTOR('',#596,1.);
#596 = DIRECTION('',(0.,-1.));
#597 = ( GEOMETRIC_REPRESENTATION_CONTEXT(2) 
PARAMETRIC_REPRESENTATION_CONTEXT() REPRESENTATION_CONTEXT('2D SPACE',''
  ) );
#598 = ADVANCED_FACE('',(#599),#126,.T.);
#599 = FACE_BOUND('',#600,.T.);
#600 = EDGE_LOOP('',(#601,#624,#652,#680,#708,#736,#757,#758));
#601 = ORIENTED_EDGE('',*,*,#602,.F.);
#602 = EDGE_CURVE('',#603,#402,#605,.T.);
#603 = VERTEX_POINT('',#604);
#604 = CARTESIAN_POINT('',(6.,168.66,1.6));
#605 = SURFACE_CURVE('',#606,(#610,#617),.PCURVE_S1.);
#606 = LINE('',#607,#608);
#607 = CARTESIAN_POINT('',(6.,168.66,8.6));
#608 = VECTOR('',#609,1.);
#609 = DIRECTION('',(0.,-1.224646799147E-16,-1.));
#610 = PCURVE('',#126,#611);
#611 = DEFINITIONAL_REPRESENTATION('',(#612),#616);
#612 = LINE('',#613,#614);
#613 = CARTESIAN_POINT('',(0.,7.));
#614 = VECTOR('',#615,1.);
#615 = DIRECTION('',(1.,0.));
#616 = ( GEOMETRIC_REPRESENTATION_CONTEXT(2) 
PARAMETRIC_REPRESENTATION_CONTEXT() REPRESENTATION_CONTEXT('2D SPACE',''
  ) );
#617 = PCURVE('',#417,#618);
#618 = DEFINITIONAL_REPRESENTATION('',(#619),#623);
#619 = LINE('',#620,#621);
#620 = CARTESIAN_POINT('',(0.,0.));
#621 = VECTOR('',#622,1.);
#622 = DIRECTION('',(1.,0.));
#623 = ( GEOMETRIC_REPRESENTATION_CONTEXT(2) 
PARAMETRIC_REPRESENTATION_CONTEXT() REPRESENTATION_CONTEXT('2D SPACE',''
  ) );
#624 = ORIENTED_EDGE('',*,*,#625,.T.);
#625 = EDGE_CURVE('',#603,#626,#628,.T.);
#626 = VERTEX_POINT('',#627);
#627 = CARTESIAN_POINT('',(2.85,168.66,1.6));
#628 = SURFACE_CURVE('',#629,(#633,#640),.PCURVE_S1.);
#629 = LINE('',#630,#631);
#630 = CARTESIAN_POINT('',(-0.5,168.66,1.6));
#631 = VECTOR('',#632,1.);
#632 = DIRECTION('',(-1.,-0.,0.));
#633 = PCURVE('',#126,#634);
#634 = DEFINITIONAL_REPRESENTATION('',(#635),#639);
#635 = LINE('',#636,#637);
#636 = CARTESIAN_POINT('',(7.,0.5));
#637 = VECTOR('',#638,1.);
#638 = DIRECTION('',(-0.,-1.));
#639 = ( GEOMETRIC_REPRESENTATION_CONTEXT(2) 
PARAMETRIC_REPRESENTATION_CONTEXT() REPRESENTATION_CONTEXT('2D SPACE',''
  ) );
#640 = PCURVE('',#641,#646);
#641 = PLANE('',#642);
#642 = AXIS2_PLACEMENT_3D('',#643,#644,#645);
#643 = CARTESIAN_POINT('',(0.,178.,1.6));
#644 = DIRECTION('',(0.,-1.224646799147E-16,-1.));
#645 = DIRECTION('',(1.,0.,0.));
#646 = DEFINITIONAL_REPRESENTATION('',(#647),#651);
#647 = LINE('',#648,#649);
#648 = CARTESIAN_POINT('',(-0.5,9.34));
#649 = VECTOR('',#650,1.);
#650 = DIRECTION('',(-1.,0.));
#651 = ( GEOMETRIC_REPRESENTATION_CONTEXT(2) 
PARAMETRIC_REPRESENTATION_CONTEXT() REPRESENTATION_CONTEXT('2D SPACE',''
  ) );
#652 = ORIENTED_EDGE('',*,*,#653,.F.);
#653 = EDGE_CURVE('',#654,#626,#656,.T.);
#654 = VERTEX_POINT('',#655);
#655 = CARTESIAN_POINT('',(2.85,168.66,4.6));
#656 = SURFACE_CURVE('',#657,(#661,#668),.PCURVE_S1.);
#657 = LINE('',#658,#659);
#658 = CARTESIAN_POINT('',(2.85,168.66,6.65));
#659 = VECTOR('',#660,1.);
#660 = DIRECTION('',(0.,-1.224646799147E-16,-1.));
#661 = PCURVE('',#126,#662);
#662 = DEFINITIONAL_REPRESENTATION('',(#663),#667);
#663 = LINE('',#664,#665);
#664 = CARTESIAN_POINT('',(1.95,3.85));
#665 = VECTOR('',#666,1.);
#666 = DIRECTION('',(1.,0.));
#667 = ( GEOMETRIC_REPRESENTATION_CONTEXT(2) 
PARAMETRIC_REPRESENTATION_CONTEXT() REPRESENTATION_CONTEXT('2D SPACE',''
  ) );
#668 = PCURVE('',#669,#674);
#669 = PLANE('',#670);
#670 = AXIS2_PLACEMENT_3D('',#671,#672,#673);
#671 = CARTESIAN_POINT('',(2.85,175.15,4.7));
#672 = DIRECTION('',(1.,0.,0.));
#673 = DIRECTION('',(0.,-1.224646799147E-16,-1.));
#674 = DEFINITIONAL_REPRESENTATION('',(#675),#679);
#675 = LINE('',#676,#677);
#676 = CARTESIAN_POINT('',(-1.95,-6.49));
#677 = VECTOR('',#678,1.);
#678 = DIRECTION('',(1.,0.));
#679 = ( GEOMETRIC_REPRESENTATION_CONTEXT(2) 
PARAMETRIC_REPRESENTATION_CONTEXT() REPRESENTATION_CONTEXT('2D SPACE',''
  ) );
#680 = ORIENTED_EDGE('',*,*,#681,.T.);
#681 = EDGE_CURVE('',#654,#682,#684,.T.);
#682 = VERTEX_POINT('',#683);
#683 = CARTESIAN_POINT('',(1.85,168.66,4.6));
#684 = SURFACE_CURVE('',#685,(#689,#696),.PCURVE_S1.);
#685 = LINE('',#686,#687);
#686 = CARTESIAN_POINT('',(0.425,168.66,4.6));
#687 = VECTOR('',#688,1.);
#688 = DIRECTION('',(-1.,-0.,0.));
#689 = PCURVE('',#126,#690);
#690 = DEFINITIONAL_REPRESENTATION('',(#691),#695);
#691 = LINE('',#692,#693);
#692 = CARTESIAN_POINT('',(4.,1.425));
#693 = VECTOR('',#694,1.);
#694 = DIRECTION('',(-0.,-1.));
#695 = ( GEOMETRIC_REPRESENTATION_CONTEXT(2) 
PARAMETRIC_REPRESENTATION_CONTEXT() REPRESENTATION_CONTEXT('2D SPACE',''
  ) );
#696 = PCURVE('',#697,#702);
#697 = PLANE('',#698);
#698 = AXIS2_PLACEMENT_3D('',#699,#700,#701);
#699 = CARTESIAN_POINT('',(1.85,176.15,4.6));
#700 = DIRECTION('',(0.,-1.224646799147E-16,-1.));
#701 = DIRECTION('',(1.,0.,0.));
#702 = DEFINITIONAL_REPRESENTATION('',(#703),#707);
#703 = LINE('',#704,#705);
#704 = CARTESIAN_POINT('',(-1.425,7.49));
#705 = VECTOR('',#706,1.);
#706 = DIRECTION('',(-1.,0.));
#707 = ( GEOMETRIC_REPRESENTATION_CONTEXT(2) 
PARAMETRIC_REPRESENTATION_CONTEXT() REPRESENTATION_CONTEXT('2D SPACE',''
  ) );
#708 = ORIENTED_EDGE('',*,*,#709,.T.);
#709 = EDGE_CURVE('',#682,#710,#712,.T.);
#710 = VERTEX_POINT('',#711);
#711 = CARTESIAN_POINT('',(1.85,168.66,1.6));
#712 = SURFACE_CURVE('',#713,(#717,#724),.PCURVE_S1.);
#713 = LINE('',#714,#715);
#714 = CARTESIAN_POINT('',(1.85,168.66,6.6));
#715 = VECTOR('',#716,1.);
#716 = DIRECTION('',(0.,-1.224646799147E-16,-1.));
#717 = PCURVE('',#126,#718);
#718 = DEFINITIONAL_REPRESENTATION('',(#719),#723);
#719 = LINE('',#720,#721);
#720 = CARTESIAN_POINT('',(2.,2.85));
#721 = VECTOR('',#722,1.);
#722 = DIRECTION('',(1.,0.));
#723 = ( GEOMETRIC_REPRESENTATION_CONTEXT(2) 
PARAMETRIC_REPRESENTATION_CONTEXT() REPRESENTATION_CONTEXT('2D SPACE',''
  ) );
#724 = PCURVE('',#725,#730);
#725 = PLANE('',#726);
#726 = AXIS2_PLACEMENT_3D('',#727,#728,#729);
#727 = CARTESIAN_POINT('',(1.85,176.15,4.6));
#728 = DIRECTION('',(1.,0.,0.));
#729 = DIRECTION('',(0.,-1.224646799147E-16,-1.));
#730 = DEFINITIONAL_REPRESENTATION('',(#731),#735);
#731 = LINE('',#732,#733);
#732 = CARTESIAN_POINT('',(-2.,-7.49));
#733 = VECTOR('',#734,1.);
#734 = DIRECTION('',(1.,0.));
#735 = ( GEOMETRIC_REPRESENTATION_CONTEXT(2) 
PARAMETRIC_REPRESENTATION_CONTEXT() REPRESENTATION_CONTEXT('2D SPACE',''
  ) );
#736 = ORIENTED_EDGE('',*,*,#737,.T.);
#737 = EDGE_CURVE('',#710,#85,#738,.T.);
#738 = SURFACE_CURVE('',#739,(#743,#750),.PCURVE_S1.);
#739 = LINE('',#740,#741);
#740 = CARTESIAN_POINT('',(-0.5,168.66,1.6));
#741 = VECTOR('',#742,1.);
#742 = DIRECTION('',(-1.,-0.,0.));
#743 = PCURVE('',#126,#744);
#744 = DEFINITIONAL_REPRESENTATION('',(#745),#749);
#745 = LINE('',#746,#747);
#746 = CARTESIAN_POINT('',(7.,0.5));
#747 = VECTOR('',#748,1.);
#748 = DIRECTION('',(-0.,-1.));
#749 = ( GEOMETRIC_REPRESENTATION_CONTEXT(2) 
PARAMETRIC_REPRESENTATION_CONTEXT() REPRESENTATION_CONTEXT('2D SPACE',''
  ) );
#750 = PCURVE('',#100,#751);
#751 = DEFINITIONAL_REPRESENTATION('',(#752),#756);
#752 = LINE('',#753,#754);
#753 = CARTESIAN_POINT('',(-0.5,9.34));
#754 = VECTOR('',#755,1.);
#755 = DIRECTION('',(-1.,0.));
#756 = ( GEOMETRIC_REPRESENTATION_CONTEXT(2) 
PARAMETRIC_REPRESENTATION_CONTEXT() REPRESENTATION_CONTEXT('2D SPACE',''
  ) );
#757 = ORIENTED_EDGE('',*,*,#112,.T.);
#758 = ORIENTED_EDGE('',*,*,#429,.F.);
#759 = ADVANCED_FACE('',(#760),#100,.F.);
#760 = FACE_BOUND('',#761,.F.);
#761 = EDGE_LOOP('',(#762,#763,#787,#810,#838,#861,#885,#908,#936,#959,
    #982,#1010,#1043,#1071,#1100,#1128,#1161,#1189,#1218,#1239));
#762 = ORIENTED_EDGE('',*,*,#84,.F.);
#763 = ORIENTED_EDGE('',*,*,#764,.T.);
#764 = EDGE_CURVE('',#57,#765,#767,.T.);
#765 = VERTEX_POINT('',#766);
#766 = CARTESIAN_POINT('',(5.,178.,1.6));
#767 = SURFACE_CURVE('',#768,(#773,#780),.PCURVE_S1.);
#768 = CIRCLE('',#769,5.);
#769 = AXIS2_PLACEMENT_3D('',#770,#771,#772);
#770 = CARTESIAN_POINT('',(5.,173.,1.6));
#771 = DIRECTION('',(0.,-1.224646799147E-16,-1.));
#772 = DIRECTION('',(0.,1.,-1.224646799147E-16));
#773 = PCURVE('',#100,#774);
#774 = DEFINITIONAL_REPRESENTATION('',(#775),#779);
#775 = CIRCLE('',#776,5.);
#776 = AXIS2_PLACEMENT_2D('',#777,#778);
#777 = CARTESIAN_POINT('',(5.,5.));
#778 = DIRECTION('',(0.,-1.));
#779 = ( GEOMETRIC_REPRESENTATION_CONTEXT(2) 
PARAMETRIC_REPRESENTATION_CONTEXT() REPRESENTATION_CONTEXT('2D SPACE',''
  ) );
#780 = PCURVE('',#72,#781);
#781 = DEFINITIONAL_REPRESENTATION('',(#782),#786);
#782 = LINE('',#783,#784);
#783 = CARTESIAN_POINT('',(-4.712388980385,0.));
#784 = VECTOR('',#785,1.);
#785 = DIRECTION('',(1.,0.));
#786 = ( GEOMETRIC_REPRESENTATION_CONTEXT(2) 
PARAMETRIC_REPRESENTATION_CONTEXT() REPRESENTATION_CONTEXT('2D SPACE',''
  ) );
#787 = ORIENTED_EDGE('',*,*,#788,.T.);
#788 = EDGE_CURVE('',#765,#789,#791,.T.);
#789 = VERTEX_POINT('',#790);
#790 = CARTESIAN_POINT('',(69.,178.,1.6));
#791 = SURFACE_CURVE('',#792,(#796,#803),.PCURVE_S1.);
#792 = LINE('',#793,#794);
#793 = CARTESIAN_POINT('',(0.,178.,1.6));
#794 = VECTOR('',#795,1.);
#795 = DIRECTION('',(1.,0.,0.));
#796 = PCURVE('',#100,#797);
#797 = DEFINITIONAL_REPRESENTATION('',(#798),#802);
#798 = LINE('',#799,#800);
#799 = CARTESIAN_POINT('',(0.,0.));
#800 = VECTOR('',#801,1.);
#801 = DIRECTION('',(1.,0.));
#802 = ( GEOMETRIC_REPRESENTATION_CONTEXT(2) 
PARAMETRIC_REPRESENTATION_CONTEXT() REPRESENTATION_CONTEXT('2D SPACE',''
  ) );
#803 = PCURVE('',#182,#804);
#804 = DEFINITIONAL_REPRESENTATION('',(#805),#809);
#805 = LINE('',#806,#807);
#806 = CARTESIAN_POINT('',(0.,0.));
#807 = VECTOR('',#808,1.);
#808 = DIRECTION('',(0.,1.));
#809 = ( GEOMETRIC_REPRESENTATION_CONTEXT(2) 
PARAMETRIC_REPRESENTATION_CONTEXT() REPRESENTATION_CONTEXT('2D SPACE',''
  ) );
#810 = ORIENTED_EDGE('',*,*,#811,.F.);
#811 = EDGE_CURVE('',#812,#789,#814,.T.);
#812 = VERTEX_POINT('',#813);
#813 = CARTESIAN_POINT('',(74.,173.,1.6));
#814 = SURFACE_CURVE('',#815,(#820,#831),.PCURVE_S1.);
#815 = CIRCLE('',#816,5.);
#816 = AXIS2_PLACEMENT_3D('',#817,#818,#819);
#817 = CARTESIAN_POINT('',(69.,173.,1.6));
#818 = DIRECTION('',(0.,1.224646799147E-16,1.));
#819 = DIRECTION('',(0.,1.,-1.224646799147E-16));
#820 = PCURVE('',#100,#821);
#821 = DEFINITIONAL_REPRESENTATION('',(#822),#830);
#822 = ( BOUNDED_CURVE() B_SPLINE_CURVE(2,(#823,#824,#825,#826,#827,#828
,#829),.UNSPECIFIED.,.T.,.F.) B_SPLINE_CURVE_WITH_KNOTS((1,2,2,2,2,1),(
    -2.094395102393,0.,2.094395102393,4.188790204786,6.28318530718,
8.377580409573),.UNSPECIFIED.) CURVE() GEOMETRIC_REPRESENTATION_ITEM() 
RATIONAL_B_SPLINE_CURVE((1.,0.5,1.,0.5,1.,0.5,1.)) REPRESENTATION_ITEM(
  '') );
#823 = CARTESIAN_POINT('',(69.,0.));
#824 = CARTESIAN_POINT('',(60.339745962156,0.));
#825 = CARTESIAN_POINT('',(64.669872981078,7.5));
#826 = CARTESIAN_POINT('',(69.,15.));
#827 = CARTESIAN_POINT('',(73.330127018922,7.5));
#828 = CARTESIAN_POINT('',(77.660254037844,7.993605777301E-15));
#829 = CARTESIAN_POINT('',(69.,0.));
#830 = ( GEOMETRIC_REPRESENTATION_CONTEXT(2) 
PARAMETRIC_REPRESENTATION_CONTEXT() REPRESENTATION_CONTEXT('2D SPACE',''
  ) );
#831 = PCURVE('',#215,#832);
#832 = DEFINITIONAL_REPRESENTATION('',(#833),#837);
#833 = LINE('',#834,#835);
#834 = CARTESIAN_POINT('',(4.712388980385,-0.));
#835 = VECTOR('',#836,1.);
#836 = DIRECTION('',(-1.,0.));
#837 = ( GEOMETRIC_REPRESENTATION_CONTEXT(2) 
PARAMETRIC_REPRESENTATION_CONTEXT() REPRESENTATION_CONTEXT('2D SPACE',''
  ) );
#838 = ORIENTED_EDGE('',*,*,#839,.T.);
#839 = EDGE_CURVE('',#812,#840,#842,.T.);
#840 = VERTEX_POINT('',#841);
#841 = CARTESIAN_POINT('',(74.,5.,1.6));
#842 = SURFACE_CURVE('',#843,(#847,#854),.PCURVE_S1.);
#843 = LINE('',#844,#845);
#844 = CARTESIAN_POINT('',(74.,178.,1.6));
#845 = VECTOR('',#846,1.);
#846 = DIRECTION('',(0.,-1.,1.224646799147E-16));
#847 = PCURVE('',#100,#848);
#848 = DEFINITIONAL_REPRESENTATION('',(#849),#853);
#849 = LINE('',#850,#851);
#850 = CARTESIAN_POINT('',(74.,0.));
#851 = VECTOR('',#852,1.);
#852 = DIRECTION('',(0.,1.));
#853 = ( GEOMETRIC_REPRESENTATION_CONTEXT(2) 
PARAMETRIC_REPRESENTATION_CONTEXT() REPRESENTATION_CONTEXT('2D SPACE',''
  ) );
#854 = PCURVE('',#243,#855);
#855 = DEFINITIONAL_REPRESENTATION('',(#856),#860);
#856 = LINE('',#857,#858);
#857 = CARTESIAN_POINT('',(0.,0.));
#858 = VECTOR('',#859,1.);
#859 = DIRECTION('',(0.,-1.));
#860 = ( GEOMETRIC_REPRESENTATION_CONTEXT(2) 
PARAMETRIC_REPRESENTATION_CONTEXT() REPRESENTATION_CONTEXT('2D SPACE',''
  ) );
#861 = ORIENTED_EDGE('',*,*,#862,.T.);
#862 = EDGE_CURVE('',#840,#863,#865,.T.);
#863 = VERTEX_POINT('',#864);
#864 = CARTESIAN_POINT('',(69.,-3.233067549749E-15,1.6));
#865 = SURFACE_CURVE('',#866,(#871,#878),.PCURVE_S1.);
#866 = CIRCLE('',#867,5.);
#867 = AXIS2_PLACEMENT_3D('',#868,#869,#870);
#868 = CARTESIAN_POINT('',(69.,5.,1.6));
#869 = DIRECTION('',(0.,-1.224646799147E-16,-1.));
#870 = DIRECTION('',(0.,1.,-1.224646799147E-16));
#871 = PCURVE('',#100,#872);
#872 = DEFINITIONAL_REPRESENTATION('',(#873),#877);
#873 = CIRCLE('',#874,5.);
#874 = AXIS2_PLACEMENT_2D('',#875,#876);
#875 = CARTESIAN_POINT('',(69.,173.));
#876 = DIRECTION('',(0.,-1.));
#877 = ( GEOMETRIC_REPRESENTATION_CONTEXT(2) 
PARAMETRIC_REPRESENTATION_CONTEXT() REPRESENTATION_CONTEXT('2D SPACE',''
  ) );
#878 = PCURVE('',#272,#879);
#879 = DEFINITIONAL_REPRESENTATION('',(#880),#884);
#880 = LINE('',#881,#882);
#881 = CARTESIAN_POINT('',(-1.570796326795,0.));
#882 = VECTOR('',#883,1.);
#883 = DIRECTION('',(1.,0.));
#884 = ( GEOMETRIC_REPRESENTATION_CONTEXT(2) 
PARAMETRIC_REPRESENTATION_CONTEXT() REPRESENTATION_CONTEXT('2D SPACE',''
  ) );
#885 = ORIENTED_EDGE('',*,*,#886,.F.);
#886 = EDGE_CURVE('',#887,#863,#889,.T.);
#887 = VERTEX_POINT('',#888);
#888 = CARTESIAN_POINT('',(5.,-3.233067549749E-15,1.6));
#889 = SURFACE_CURVE('',#890,(#894,#901),.PCURVE_S1.);
#890 = LINE('',#891,#892);
#891 = CARTESIAN_POINT('',(0.,-3.233067549749E-15,1.6));
#892 = VECTOR('',#893,1.);
#893 = DIRECTION('',(1.,0.,0.));
#894 = PCURVE('',#100,#895);
#895 = DEFINITIONAL_REPRESENTATION('',(#896),#900);
#896 = LINE('',#897,#898);
#897 = CARTESIAN_POINT('',(0.,178.));
#898 = VECTOR('',#899,1.);
#899 = DIRECTION('',(1.,0.));
#900 = ( GEOMETRIC_REPRESENTATION_CONTEXT(2) 
PARAMETRIC_REPRESENTATION_CONTEXT() REPRESENTATION_CONTEXT('2D SPACE',''
  ) );
#901 = PCURVE('',#300,#902);
#902 = DEFINITIONAL_REPRESENTATION('',(#903),#907);
#903 = LINE('',#904,#905);
#904 = CARTESIAN_POINT('',(0.,0.));
#905 = VECTOR('',#906,1.);
#906 = DIRECTION('',(0.,1.));
#907 = ( GEOMETRIC_REPRESENTATION_CONTEXT(2) 
PARAMETRIC_REPRESENTATION_CONTEXT() REPRESENTATION_CONTEXT('2D SPACE',''
  ) );
#908 = ORIENTED_EDGE('',*,*,#909,.F.);
#909 = EDGE_CURVE('',#910,#887,#912,.T.);
#910 = VERTEX_POINT('',#911);
#911 = CARTESIAN_POINT('',(0.,5.,1.6));
#912 = SURFACE_CURVE('',#913,(#918,#929),.PCURVE_S1.);
#913 = CIRCLE('',#914,5.);
#914 = AXIS2_PLACEMENT_3D('',#915,#916,#917);
#915 = CARTESIAN_POINT('',(5.,5.,1.6));
#916 = DIRECTION('',(0.,1.224646799147E-16,1.));
#917 = DIRECTION('',(0.,1.,-1.224646799147E-16));
#918 = PCURVE('',#100,#919);
#919 = DEFINITIONAL_REPRESENTATION('',(#920),#928);
#920 = ( BOUNDED_CURVE() B_SPLINE_CURVE(2,(#921,#922,#923,#924,#925,#926
,#927),.UNSPECIFIED.,.T.,.F.) B_SPLINE_CURVE_WITH_KNOTS((1,2,2,2,2,1),(
    -2.094395102393,0.,2.094395102393,4.188790204786,6.28318530718,
8.377580409573),.UNSPECIFIED.) CURVE() GEOMETRIC_REPRESENTATION_ITEM() 
RATIONAL_B_SPLINE_CURVE((1.,0.5,1.,0.5,1.,0.5,1.)) REPRESENTATION_ITEM(
  '') );
#921 = CARTESIAN_POINT('',(5.,168.));
#922 = CARTESIAN_POINT('',(-3.660254037844,168.));
#923 = CARTESIAN_POINT('',(0.669872981078,175.5));
#924 = CARTESIAN_POINT('',(5.,183.));
#925 = CARTESIAN_POINT('',(9.330127018922,175.5));
#926 = CARTESIAN_POINT('',(13.660254037844,168.));
#927 = CARTESIAN_POINT('',(5.,168.));
#928 = ( GEOMETRIC_REPRESENTATION_CONTEXT(2) 
PARAMETRIC_REPRESENTATION_CONTEXT() REPRESENTATION_CONTEXT('2D SPACE',''
  ) );
#929 = PCURVE('',#333,#930);
#930 = DEFINITIONAL_REPRESENTATION('',(#931),#935);
#931 = LINE('',#932,#933);
#932 = CARTESIAN_POINT('',(1.570796326795,-0.));
#933 = VECTOR('',#934,1.);
#934 = DIRECTION('',(-1.,0.));
#935 = ( GEOMETRIC_REPRESENTATION_CONTEXT(2) 
PARAMETRIC_REPRESENTATION_CONTEXT() REPRESENTATION_CONTEXT('2D SPACE',''
  ) );
#936 = ORIENTED_EDGE('',*,*,#937,.F.);
#937 = EDGE_CURVE('',#938,#910,#940,.T.);
#938 = VERTEX_POINT('',#939);
#939 = CARTESIAN_POINT('',(0.,155.66,1.6));
#940 = SURFACE_CURVE('',#941,(#945,#952),.PCURVE_S1.);
#941 = LINE('',#942,#943);
#942 = CARTESIAN_POINT('',(0.,178.,1.6));
#943 = VECTOR('',#944,1.);
#944 = DIRECTION('',(0.,-1.,1.224646799147E-16));
#945 = PCURVE('',#100,#946);
#946 = DEFINITIONAL_REPRESENTATION('',(#947),#951);
#947 = LINE('',#948,#949);
#948 = CARTESIAN_POINT('',(0.,0.));
#949 = VECTOR('',#950,1.);
#950 = DIRECTION('',(0.,1.));
#951 = ( GEOMETRIC_REPRESENTATION_CONTEXT(2) 
PARAMETRIC_REPRESENTATION_CONTEXT() REPRESENTATION_CONTEXT('2D SPACE',''
  ) );
#952 = PCURVE('',#361,#953);
#953 = DEFINITIONAL_REPRESENTATION('',(#954),#958);
#954 = LINE('',#955,#956);
#955 = CARTESIAN_POINT('',(0.,0.));
#956 = VECTOR('',#957,1.);
#957 = DIRECTION('',(0.,-1.));
#958 = ( GEOMETRIC_REPRESENTATION_CONTEXT(2) 
PARAMETRIC_REPRESENTATION_CONTEXT() REPRESENTATION_CONTEXT('2D SPACE',''
  ) );
#959 = ORIENTED_EDGE('',*,*,#960,.F.);
#960 = EDGE_CURVE('',#961,#938,#963,.T.);
#961 = VERTEX_POINT('',#962);
#962 = CARTESIAN_POINT('',(1.85,155.66,1.6));
#963 = SURFACE_CURVE('',#964,(#968,#975),.PCURVE_S1.);
#964 = LINE('',#965,#966);
#965 = CARTESIAN_POINT('',(-0.5,155.66,1.6));
#966 = VECTOR('',#967,1.);
#967 = DIRECTION('',(-1.,-0.,0.));
#968 = PCURVE('',#100,#969);
#969 = DEFINITIONAL_REPRESENTATION('',(#970),#974);
#970 = LINE('',#971,#972);
#971 = CARTESIAN_POINT('',(-0.5,22.34));
#972 = VECTOR('',#973,1.);
#973 = DIRECTION('',(-1.,0.));
#974 = ( GEOMETRIC_REPRESENTATION_CONTEXT(2) 
PARAMETRIC_REPRESENTATION_CONTEXT() REPRESENTATION_CONTEXT('2D SPACE',''
  ) );
#975 = PCURVE('',#389,#976);
#976 = DEFINITIONAL_REPRESENTATION('',(#977),#981);
#977 = LINE('',#978,#979);
#978 = CARTESIAN_POINT('',(7.,0.5));
#979 = VECTOR('',#980,1.);
#980 = DIRECTION('',(-0.,-1.));
#981 = ( GEOMETRIC_REPRESENTATION_CONTEXT(2) 
PARAMETRIC_REPRESENTATION_CONTEXT() REPRESENTATION_CONTEXT('2D SPACE',''
  ) );
#982 = ORIENTED_EDGE('',*,*,#983,.T.);
#983 = EDGE_CURVE('',#961,#984,#986,.T.);
#984 = VERTEX_POINT('',#985);
#985 = CARTESIAN_POINT('',(1.85,5.,1.6));
#986 = SURFACE_CURVE('',#987,(#991,#998),.PCURVE_S1.);
#987 = LINE('',#988,#989);
#988 = CARTESIAN_POINT('',(1.85,176.15,1.6));
#989 = VECTOR('',#990,1.);
#990 = DIRECTION('',(0.,-1.,1.224646799147E-16));
#991 = PCURVE('',#100,#992);
#992 = DEFINITIONAL_REPRESENTATION('',(#993),#997);
#993 = LINE('',#994,#995);
#994 = CARTESIAN_POINT('',(1.85,1.85));
#995 = VECTOR('',#996,1.);
#996 = DIRECTION('',(0.,1.));
#997 = ( GEOMETRIC_REPRESENTATION_CONTEXT(2) 
PARAMETRIC_REPRESENTATION_CONTEXT() REPRESENTATION_CONTEXT('2D SPACE',''
  ) );
#998 = PCURVE('',#999,#1004);
#999 = PLANE('',#1000);
#1000 = AXIS2_PLACEMENT_3D('',#1001,#1002,#1003);
#1001 = CARTESIAN_POINT('',(1.85,176.15,4.6));
#1002 = DIRECTION('',(1.,0.,0.));
#1003 = DIRECTION('',(0.,-1.224646799147E-16,-1.));
#1004 = DEFINITIONAL_REPRESENTATION('',(#1005),#1009);
#1005 = LINE('',#1006,#1007);
#1006 = CARTESIAN_POINT('',(3.,3.673940397442E-16));
#1007 = VECTOR('',#1008,1.);
#1008 = DIRECTION('',(0.,-1.));
#1009 = ( GEOMETRIC_REPRESENTATION_CONTEXT(2) 
PARAMETRIC_REPRESENTATION_CONTEXT() REPRESENTATION_CONTEXT('2D SPACE',''
  ) );
#1010 = ORIENTED_EDGE('',*,*,#1011,.T.);
#1011 = EDGE_CURVE('',#984,#1012,#1014,.T.);
#1012 = VERTEX_POINT('',#1013);
#1013 = CARTESIAN_POINT('',(5.,1.85,1.6));
#1014 = SURFACE_CURVE('',#1015,(#1020,#1031),.PCURVE_S1.);
#1015 = CIRCLE('',#1016,3.15);
#1016 = AXIS2_PLACEMENT_3D('',#1017,#1018,#1019);
#1017 = CARTESIAN_POINT('',(5.,5.,1.6));
#1018 = DIRECTION('',(0.,1.224646799147E-16,1.));
#1019 = DIRECTION('',(0.,1.,-1.224646799147E-16));
#1020 = PCURVE('',#100,#1021);
#1021 = DEFINITIONAL_REPRESENTATION('',(#1022),#1030);
#1022 = ( BOUNDED_CURVE() B_SPLINE_CURVE(2,(#1023,#1024,#1025,#1026,
#1027,#1028,#1029),.UNSPECIFIED.,.T.,.F.) B_SPLINE_CURVE_WITH_KNOTS((1,2
    ,2,2,2,1),(-2.094395102393,0.,2.094395102393,4.188790204786,
6.28318530718,8.377580409573),.UNSPECIFIED.) CURVE() 
GEOMETRIC_REPRESENTATION_ITEM() RATIONAL_B_SPLINE_CURVE((1.,0.5,1.,0.5,
1.,0.5,1.)) REPRESENTATION_ITEM('') );
#1023 = CARTESIAN_POINT('',(5.,169.85));
#1024 = CARTESIAN_POINT('',(-0.455960043842,169.85));
#1025 = CARTESIAN_POINT('',(2.272019978079,174.575));
#1026 = CARTESIAN_POINT('',(5.,179.3));
#1027 = CARTESIAN_POINT('',(7.727980021921,174.575));
#1028 = CARTESIAN_POINT('',(10.455960043842,169.85));
#1029 = CARTESIAN_POINT('',(5.,169.85));
#1030 = ( GEOMETRIC_REPRESENTATION_CONTEXT(2) 
PARAMETRIC_REPRESENTATION_CONTEXT() REPRESENTATION_CONTEXT('2D SPACE',''
  ) );
#1031 = PCURVE('',#1032,#1037);
#1032 = CYLINDRICAL_SURFACE('',#1033,3.15);
#1033 = AXIS2_PLACEMENT_3D('',#1034,#1035,#1036);
#1034 = CARTESIAN_POINT('',(5.,5.,4.6));
#1035 = DIRECTION('',(0.,-1.224646799147E-16,-1.));
#1036 = DIRECTION('',(-1.,0.,-0.));
#1037 = DEFINITIONAL_REPRESENTATION('',(#1038),#1042);
#1038 = LINE('',#1039,#1040);
#1039 = CARTESIAN_POINT('',(1.570796326795,3.));
#1040 = VECTOR('',#1041,1.);
#1041 = DIRECTION('',(-1.,0.));
#1042 = ( GEOMETRIC_REPRESENTATION_CONTEXT(2) 
PARAMETRIC_REPRESENTATION_CONTEXT() REPRESENTATION_CONTEXT('2D SPACE',''
  ) );
#1043 = ORIENTED_EDGE('',*,*,#1044,.T.);
#1044 = EDGE_CURVE('',#1012,#1045,#1047,.T.);
#1045 = VERTEX_POINT('',#1046);
#1046 = CARTESIAN_POINT('',(69.,1.85,1.6));
#1047 = SURFACE_CURVE('',#1048,(#1052,#1059),.PCURVE_S1.);
#1048 = LINE('',#1049,#1050);
#1049 = CARTESIAN_POINT('',(1.85,1.85,1.6));
#1050 = VECTOR('',#1051,1.);
#1051 = DIRECTION('',(1.,0.,0.));
#1052 = PCURVE('',#100,#1053);
#1053 = DEFINITIONAL_REPRESENTATION('',(#1054),#1058);
#1054 = LINE('',#1055,#1056);
#1055 = CARTESIAN_POINT('',(1.85,176.15));
#1056 = VECTOR('',#1057,1.);
#1057 = DIRECTION('',(1.,0.));
#1058 = ( GEOMETRIC_REPRESENTATION_CONTEXT(2) 
PARAMETRIC_REPRESENTATION_CONTEXT() REPRESENTATION_CONTEXT('2D SPACE',''
  ) );
#1059 = PCURVE('',#1060,#1065);
#1060 = PLANE('',#1061);
#1061 = AXIS2_PLACEMENT_3D('',#1062,#1063,#1064);
#1062 = CARTESIAN_POINT('',(1.85,1.85,4.6));
#1063 = DIRECTION('',(0.,-1.,1.224646799147E-16));
#1064 = DIRECTION('',(0.,-1.224646799147E-16,-1.));
#1065 = DEFINITIONAL_REPRESENTATION('',(#1066),#1070);
#1066 = LINE('',#1067,#1068);
#1067 = CARTESIAN_POINT('',(3.,0.));
#1068 = VECTOR('',#1069,1.);
#1069 = DIRECTION('',(0.,1.));
#1070 = ( GEOMETRIC_REPRESENTATION_CONTEXT(2) 
PARAMETRIC_REPRESENTATION_CONTEXT() REPRESENTATION_CONTEXT('2D SPACE',''
  ) );
#1071 = ORIENTED_EDGE('',*,*,#1072,.F.);
#1072 = EDGE_CURVE('',#1073,#1045,#1075,.T.);
#1073 = VERTEX_POINT('',#1074);
#1074 = CARTESIAN_POINT('',(72.15,5.,1.6));
#1075 = SURFACE_CURVE('',#1076,(#1081,#1088),.PCURVE_S1.);
#1076 = CIRCLE('',#1077,3.15);
#1077 = AXIS2_PLACEMENT_3D('',#1078,#1079,#1080);
#1078 = CARTESIAN_POINT('',(69.,5.,1.6));
#1079 = DIRECTION('',(0.,-1.224646799147E-16,-1.));
#1080 = DIRECTION('',(0.,1.,-1.224646799147E-16));
#1081 = PCURVE('',#100,#1082);
#1082 = DEFINITIONAL_REPRESENTATION('',(#1083),#1087);
#1083 = CIRCLE('',#1084,3.15);
#1084 = AXIS2_PLACEMENT_2D('',#1085,#1086);
#1085 = CARTESIAN_POINT('',(69.,173.));
#1086 = DIRECTION('',(0.,-1.));
#1087 = ( GEOMETRIC_REPRESENTATION_CONTEXT(2) 
PARAMETRIC_REPRESENTATION_CONTEXT() REPRESENTATION_CONTEXT('2D SPACE',''
  ) );
#1088 = PCURVE('',#1089,#1094);
#1089 = CYLINDRICAL_SURFACE('',#1090,3.15);
#1090 = AXIS2_PLACEMENT_3D('',#1091,#1092,#1093);
#1091 = CARTESIAN_POINT('',(69.,5.,4.6));
#1092 = DIRECTION('',(0.,-1.224646799147E-16,-1.));
#1093 = DIRECTION('',(1.,0.,0.));
#1094 = DEFINITIONAL_REPRESENTATION('',(#1095),#1099);
#1095 = LINE('',#1096,#1097);
#1096 = CARTESIAN_POINT('',(-1.570796326795,3.));
#1097 = VECTOR('',#1098,1.);
#1098 = DIRECTION('',(1.,0.));
#1099 = ( GEOMETRIC_REPRESENTATION_CONTEXT(2) 
PARAMETRIC_REPRESENTATION_CONTEXT() REPRESENTATION_CONTEXT('2D SPACE',''
  ) );
#1100 = ORIENTED_EDGE('',*,*,#1101,.F.);
#1101 = EDGE_CURVE('',#1102,#1073,#1104,.T.);
#1102 = VERTEX_POINT('',#1103);
#1103 = CARTESIAN_POINT('',(72.15,173.,1.6));
#1104 = SURFACE_CURVE('',#1105,(#1109,#1116),.PCURVE_S1.);
#1105 = LINE('',#1106,#1107);
#1106 = CARTESIAN_POINT('',(72.15,176.15,1.6));
#1107 = VECTOR('',#1108,1.);
#1108 = DIRECTION('',(0.,-1.,1.224646799147E-16));
#1109 = PCURVE('',#100,#1110);
#1110 = DEFINITIONAL_REPRESENTATION('',(#1111),#1115);
#1111 = LINE('',#1112,#1113);
#1112 = CARTESIAN_POINT('',(72.15,1.85));
#1113 = VECTOR('',#1114,1.);
#1114 = DIRECTION('',(0.,1.));
#1115 = ( GEOMETRIC_REPRESENTATION_CONTEXT(2) 
PARAMETRIC_REPRESENTATION_CONTEXT() REPRESENTATION_CONTEXT('2D SPACE',''
  ) );
#1116 = PCURVE('',#1117,#1122);
#1117 = PLANE('',#1118);
#1118 = AXIS2_PLACEMENT_3D('',#1119,#1120,#1121);
#1119 = CARTESIAN_POINT('',(72.15,176.15,4.6));
#1120 = DIRECTION('',(1.,0.,0.));
#1121 = DIRECTION('',(0.,-1.224646799147E-16,-1.));
#1122 = DEFINITIONAL_REPRESENTATION('',(#1123),#1127);
#1123 = LINE('',#1124,#1125);
#1124 = CARTESIAN_POINT('',(3.,3.673940397442E-16));
#1125 = VECTOR('',#1126,1.);
#1126 = DIRECTION('',(0.,-1.));
#1127 = ( GEOMETRIC_REPRESENTATION_CONTEXT(2) 
PARAMETRIC_REPRESENTATION_CONTEXT() REPRESENTATION_CONTEXT('2D SPACE',''
  ) );
#1128 = ORIENTED_EDGE('',*,*,#1129,.T.);
#1129 = EDGE_CURVE('',#1102,#1130,#1132,.T.);
#1130 = VERTEX_POINT('',#1131);
#1131 = CARTESIAN_POINT('',(69.,176.15,1.6));
#1132 = SURFACE_CURVE('',#1133,(#1138,#1149),.PCURVE_S1.);
#1133 = CIRCLE('',#1134,3.15);
#1134 = AXIS2_PLACEMENT_3D('',#1135,#1136,#1137);
#1135 = CARTESIAN_POINT('',(69.,173.,1.6));
#1136 = DIRECTION('',(0.,1.224646799147E-16,1.));
#1137 = DIRECTION('',(0.,1.,-1.224646799147E-16));
#1138 = PCURVE('',#100,#1139);
#1139 = DEFINITIONAL_REPRESENTATION('',(#1140),#1148);
#1140 = ( BOUNDED_CURVE() B_SPLINE_CURVE(2,(#1141,#1142,#1143,#1144,
#1145,#1146,#1147),.UNSPECIFIED.,.T.,.F.) B_SPLINE_CURVE_WITH_KNOTS((1,2
    ,2,2,2,1),(-2.094395102393,0.,2.094395102393,4.188790204786,
6.28318530718,8.377580409573),.UNSPECIFIED.) CURVE() 
GEOMETRIC_REPRESENTATION_ITEM() RATIONAL_B_SPLINE_CURVE((1.,0.5,1.,0.5,
1.,0.5,1.)) REPRESENTATION_ITEM('') );
#1141 = CARTESIAN_POINT('',(69.,1.85));
#1142 = CARTESIAN_POINT('',(63.544039956158,1.85));
#1143 = CARTESIAN_POINT('',(66.272019978079,6.575));
#1144 = CARTESIAN_POINT('',(69.,11.3));
#1145 = CARTESIAN_POINT('',(71.727980021921,6.575));
#1146 = CARTESIAN_POINT('',(74.455960043842,1.85));
#1147 = CARTESIAN_POINT('',(69.,1.85));
#1148 = ( GEOMETRIC_REPRESENTATION_CONTEXT(2) 
PARAMETRIC_REPRESENTATION_CONTEXT() REPRESENTATION_CONTEXT('2D SPACE',''
  ) );
#1149 = PCURVE('',#1150,#1155);
#1150 = CYLINDRICAL_SURFACE('',#1151,3.15);
#1151 = AXIS2_PLACEMENT_3D('',#1152,#1153,#1154);
#1152 = CARTESIAN_POINT('',(69.,173.,4.6));
#1153 = DIRECTION('',(0.,-1.224646799147E-16,-1.));
#1154 = DIRECTION('',(1.,0.,0.));
#1155 = DEFINITIONAL_REPRESENTATION('',(#1156),#1160);
#1156 = LINE('',#1157,#1158);
#1157 = CARTESIAN_POINT('',(4.712388980385,3.));
#1158 = VECTOR('',#1159,1.);
#1159 = DIRECTION('',(-1.,0.));
#1160 = ( GEOMETRIC_REPRESENTATION_CONTEXT(2) 
PARAMETRIC_REPRESENTATION_CONTEXT() REPRESENTATION_CONTEXT('2D SPACE',''
  ) );
#1161 = ORIENTED_EDGE('',*,*,#1162,.F.);
#1162 = EDGE_CURVE('',#1163,#1130,#1165,.T.);
#1163 = VERTEX_POINT('',#1164);
#1164 = CARTESIAN_POINT('',(5.,176.15,1.6));
#1165 = SURFACE_CURVE('',#1166,(#1170,#1177),.PCURVE_S1.);
#1166 = LINE('',#1167,#1168);
#1167 = CARTESIAN_POINT('',(1.85,176.15,1.6));
#1168 = VECTOR('',#1169,1.);
#1169 = DIRECTION('',(1.,0.,0.));
#1170 = PCURVE('',#100,#1171);
#1171 = DEFINITIONAL_REPRESENTATION('',(#1172),#1176);
#1172 = LINE('',#1173,#1174);
#1173 = CARTESIAN_POINT('',(1.85,1.85));
#1174 = VECTOR('',#1175,1.);
#1175 = DIRECTION('',(1.,0.));
#1176 = ( GEOMETRIC_REPRESENTATION_CONTEXT(2) 
PARAMETRIC_REPRESENTATION_CONTEXT() REPRESENTATION_CONTEXT('2D SPACE',''
  ) );
#1177 = PCURVE('',#1178,#1183);
#1178 = PLANE('',#1179);
#1179 = AXIS2_PLACEMENT_3D('',#1180,#1181,#1182);
#1180 = CARTESIAN_POINT('',(1.85,176.15,4.6));
#1181 = DIRECTION('',(0.,-1.,1.224646799147E-16));
#1182 = DIRECTION('',(0.,-1.224646799147E-16,-1.));
#1183 = DEFINITIONAL_REPRESENTATION('',(#1184),#1188);
#1184 = LINE('',#1185,#1186);
#1185 = CARTESIAN_POINT('',(3.,0.));
#1186 = VECTOR('',#1187,1.);
#1187 = DIRECTION('',(0.,1.));
#1188 = ( GEOMETRIC_REPRESENTATION_CONTEXT(2) 
PARAMETRIC_REPRESENTATION_CONTEXT() REPRESENTATION_CONTEXT('2D SPACE',''
  ) );
#1189 = ORIENTED_EDGE('',*,*,#1190,.F.);
#1190 = EDGE_CURVE('',#1191,#1163,#1193,.T.);
#1191 = VERTEX_POINT('',#1192);
#1192 = CARTESIAN_POINT('',(1.85,173.,1.6));
#1193 = SURFACE_CURVE('',#1194,(#1199,#1206),.PCURVE_S1.);
#1194 = CIRCLE('',#1195,3.15);
#1195 = AXIS2_PLACEMENT_3D('',#1196,#1197,#1198);
#1196 = CARTESIAN_POINT('',(5.,173.,1.6));
#1197 = DIRECTION('',(0.,-1.224646799147E-16,-1.));
#1198 = DIRECTION('',(0.,1.,-1.224646799147E-16));
#1199 = PCURVE('',#100,#1200);
#1200 = DEFINITIONAL_REPRESENTATION('',(#1201),#1205);
#1201 = CIRCLE('',#1202,3.15);
#1202 = AXIS2_PLACEMENT_2D('',#1203,#1204);
#1203 = CARTESIAN_POINT('',(5.,5.));
#1204 = DIRECTION('',(0.,-1.));
#1205 = ( GEOMETRIC_REPRESENTATION_CONTEXT(2) 
PARAMETRIC_REPRESENTATION_CONTEXT() REPRESENTATION_CONTEXT('2D SPACE',''
  ) );
#1206 = PCURVE('',#1207,#1212);
#1207 = CYLINDRICAL_SURFACE('',#1208,3.15);
#1208 = AXIS2_PLACEMENT_3D('',#1209,#1210,#1211);
#1209 = CARTESIAN_POINT('',(5.,173.,4.6));
#1210 = DIRECTION('',(0.,-1.224646799147E-16,-1.));
#1211 = DIRECTION('',(-1.,0.,-0.));
#1212 = DEFINITIONAL_REPRESENTATION('',(#1213),#1217);
#1213 = LINE('',#1214,#1215);
#1214 = CARTESIAN_POINT('',(-4.712388980385,3.));
#1215 = VECTOR('',#1216,1.);
#1216 = DIRECTION('',(1.,0.));
#1217 = ( GEOMETRIC_REPRESENTATION_CONTEXT(2) 
PARAMETRIC_REPRESENTATION_CONTEXT() REPRESENTATION_CONTEXT('2D SPACE',''
  ) );
#1218 = ORIENTED_EDGE('',*,*,#1219,.T.);
#1219 = EDGE_CURVE('',#1191,#710,#1220,.T.);
#1220 = SURFACE_CURVE('',#1221,(#1225,#1232),.PCURVE_S1.);
#1221 = LINE('',#1222,#1223);
#1222 = CARTESIAN_POINT('',(1.85,176.15,1.6));
#1223 = VECTOR('',#1224,1.);
#1224 = DIRECTION('',(0.,-1.,1.224646799147E-16));
#1225 = PCURVE('',#100,#1226);
#1226 = DEFINITIONAL_REPRESENTATION('',(#1227),#1231);
#1227 = LINE('',#1228,#1229);
#1228 = CARTESIAN_POINT('',(1.85,1.85));
#1229 = VECTOR('',#1230,1.);
#1230 = DIRECTION('',(0.,1.));
#1231 = ( GEOMETRIC_REPRESENTATION_CONTEXT(2) 
PARAMETRIC_REPRESENTATION_CONTEXT() REPRESENTATION_CONTEXT('2D SPACE',''
  ) );
#1232 = PCURVE('',#725,#1233);
#1233 = DEFINITIONAL_REPRESENTATION('',(#1234),#1238);
#1234 = LINE('',#1235,#1236);
#1235 = CARTESIAN_POINT('',(3.,3.673940397442E-16));
#1236 = VECTOR('',#1237,1.);
#1237 = DIRECTION('',(0.,-1.));
#1238 = ( GEOMETRIC_REPRESENTATION_CONTEXT(2) 
PARAMETRIC_REPRESENTATION_CONTEXT() REPRESENTATION_CONTEXT('2D SPACE',''
  ) );
#1239 = ORIENTED_EDGE('',*,*,#737,.T.);
#1240 = ADVANCED_FACE('',(#1241),#72,.T.);
#1241 = FACE_BOUND('',#1242,.T.);
#1242 = EDGE_LOOP('',(#1243,#1244,#1265,#1266));
#1243 = ORIENTED_EDGE('',*,*,#764,.T.);
#1244 = ORIENTED_EDGE('',*,*,#1245,.T.);
#1245 = EDGE_CURVE('',#765,#143,#1246,.T.);
#1246 = SURFACE_CURVE('',#1247,(#1251,#1258),.PCURVE_S1.);
#1247 = LINE('',#1248,#1249);
#1248 = CARTESIAN_POINT('',(5.,178.,1.6));
#1249 = VECTOR('',#1250,1.);
#1250 = DIRECTION('',(0.,-1.224646799147E-16,-1.));
#1251 = PCURVE('',#72,#1252);
#1252 = DEFINITIONAL_REPRESENTATION('',(#1253),#1257);
#1253 = LINE('',#1254,#1255);
#1254 = CARTESIAN_POINT('',(1.570796326795,0.));
#1255 = VECTOR('',#1256,1.);
#1256 = DIRECTION('',(0.,1.));
#1257 = ( GEOMETRIC_REPRESENTATION_CONTEXT(2) 
PARAMETRIC_REPRESENTATION_CONTEXT() REPRESENTATION_CONTEXT('2D SPACE',''
  ) );
#1258 = PCURVE('',#182,#1259);
#1259 = DEFINITIONAL_REPRESENTATION('',(#1260),#1264);
#1260 = LINE('',#1261,#1262);
#1261 = CARTESIAN_POINT('',(0.,5.));
#1262 = VECTOR('',#1263,1.);
#1263 = DIRECTION('',(1.,0.));
#1264 = ( GEOMETRIC_REPRESENTATION_CONTEXT(2) 
PARAMETRIC_REPRESENTATION_CONTEXT() REPRESENTATION_CONTEXT('2D SPACE',''
  ) );
#1265 = ORIENTED_EDGE('',*,*,#142,.F.);
#1266 = ORIENTED_EDGE('',*,*,#56,.F.);
#1267 = ADVANCED_FACE('',(#1268),#417,.F.);
#1268 = FACE_BOUND('',#1269,.F.);
#1269 = EDGE_LOOP('',(#1270,#1271,#1294,#1315));
#1270 = ORIENTED_EDGE('',*,*,#602,.F.);
#1271 = ORIENTED_EDGE('',*,*,#1272,.T.);
#1272 = EDGE_CURVE('',#603,#1273,#1275,.T.);
#1273 = VERTEX_POINT('',#1274);
#1274 = CARTESIAN_POINT('',(6.,155.66,1.6));
#1275 = SURFACE_CURVE('',#1276,(#1280,#1287),.PCURVE_S1.);
#1276 = LINE('',#1277,#1278);
#1277 = CARTESIAN_POINT('',(6.,173.33,1.6));
#1278 = VECTOR('',#1279,1.);
#1279 = DIRECTION('',(0.,-1.,1.224646799147E-16));
#1280 = PCURVE('',#417,#1281);
#1281 = DEFINITIONAL_REPRESENTATION('',(#1282),#1286);
#1282 = LINE('',#1283,#1284);
#1283 = CARTESIAN_POINT('',(7.,4.67));
#1284 = VECTOR('',#1285,1.);
#1285 = DIRECTION('',(0.,-1.));
#1286 = ( GEOMETRIC_REPRESENTATION_CONTEXT(2) 
PARAMETRIC_REPRESENTATION_CONTEXT() REPRESENTATION_CONTEXT('2D SPACE',''
  ) );
#1287 = PCURVE('',#641,#1288);
#1288 = DEFINITIONAL_REPRESENTATION('',(#1289),#1293);
#1289 = LINE('',#1290,#1291);
#1290 = CARTESIAN_POINT('',(6.,4.67));
#1291 = VECTOR('',#1292,1.);
#1292 = DIRECTION('',(0.,1.));
#1293 = ( GEOMETRIC_REPRESENTATION_CONTEXT(2) 
PARAMETRIC_REPRESENTATION_CONTEXT() REPRESENTATION_CONTEXT('2D SPACE',''
  ) );
#1294 = ORIENTED_EDGE('',*,*,#1295,.T.);
#1295 = EDGE_CURVE('',#1273,#374,#1296,.T.);
#1296 = SURFACE_CURVE('',#1297,(#1301,#1308),.PCURVE_S1.);
#1297 = LINE('',#1298,#1299);
#1298 = CARTESIAN_POINT('',(6.,155.66,8.6));
#1299 = VECTOR('',#1300,1.);
#1300 = DIRECTION('',(0.,-1.224646799147E-16,-1.));
#1301 = PCURVE('',#417,#1302);
#1302 = DEFINITIONAL_REPRESENTATION('',(#1303),#1307);
#1303 = LINE('',#1304,#1305);
#1304 = CARTESIAN_POINT('',(-1.960672839909E-15,-13.));
#1305 = VECTOR('',#1306,1.);
#1306 = DIRECTION('',(1.,0.));
#1307 = ( GEOMETRIC_REPRESENTATION_CONTEXT(2) 
PARAMETRIC_REPRESENTATION_CONTEXT() REPRESENTATION_CONTEXT('2D SPACE',''
  ) );
#1308 = PCURVE('',#389,#1309);
#1309 = DEFINITIONAL_REPRESENTATION('',(#1310),#1314);
#1310 = LINE('',#1311,#1312);
#1311 = CARTESIAN_POINT('',(0.,7.));
#1312 = VECTOR('',#1313,1.);
#1313 = DIRECTION('',(1.,0.));
#1314 = ( GEOMETRIC_REPRESENTATION_CONTEXT(2) 
PARAMETRIC_REPRESENTATION_CONTEXT() REPRESENTATION_CONTEXT('2D SPACE',''
  ) );
#1315 = ORIENTED_EDGE('',*,*,#401,.F.);
#1316 = ADVANCED_FACE('',(#1317),#389,.F.);
#1317 = FACE_BOUND('',#1318,.F.);
#1318 = EDGE_LOOP('',(#1319,#1320,#1343,#1371,#1394,#1415,#1416,#1437));
#1319 = ORIENTED_EDGE('',*,*,#1295,.F.);
#1320 = ORIENTED_EDGE('',*,*,#1321,.T.);
#1321 = EDGE_CURVE('',#1273,#1322,#1324,.T.);
#1322 = VERTEX_POINT('',#1323);
#1323 = CARTESIAN_POINT('',(2.85,155.66,1.6));
#1324 = SURFACE_CURVE('',#1325,(#1329,#1336),.PCURVE_S1.);
#1325 = LINE('',#1326,#1327);
#1326 = CARTESIAN_POINT('',(-0.5,155.66,1.6));
#1327 = VECTOR('',#1328,1.);
#1328 = DIRECTION('',(-1.,-0.,0.));
#1329 = PCURVE('',#389,#1330);
#1330 = DEFINITIONAL_REPRESENTATION('',(#1331),#1335);
#1331 = LINE('',#1332,#1333);
#1332 = CARTESIAN_POINT('',(7.,0.5));
#1333 = VECTOR('',#1334,1.);
#1334 = DIRECTION('',(-0.,-1.));
#1335 = ( GEOMETRIC_REPRESENTATION_CONTEXT(2) 
PARAMETRIC_REPRESENTATION_CONTEXT() REPRESENTATION_CONTEXT('2D SPACE',''
  ) );
#1336 = PCURVE('',#641,#1337);
#1337 = DEFINITIONAL_REPRESENTATION('',(#1338),#1342);
#1338 = LINE('',#1339,#1340);
#1339 = CARTESIAN_POINT('',(-0.5,22.34));
#1340 = VECTOR('',#1341,1.);
#1341 = DIRECTION('',(-1.,0.));
#1342 = ( GEOMETRIC_REPRESENTATION_CONTEXT(2) 
PARAMETRIC_REPRESENTATION_CONTEXT() REPRESENTATION_CONTEXT('2D SPACE',''
  ) );
#1343 = ORIENTED_EDGE('',*,*,#1344,.F.);
#1344 = EDGE_CURVE('',#1345,#1322,#1347,.T.);
#1345 = VERTEX_POINT('',#1346);
#1346 = CARTESIAN_POINT('',(2.85,155.66,4.6));
#1347 = SURFACE_CURVE('',#1348,(#1352,#1359),.PCURVE_S1.);
#1348 = LINE('',#1349,#1350);
#1349 = CARTESIAN_POINT('',(2.85,155.66,6.65));
#1350 = VECTOR('',#1351,1.);
#1351 = DIRECTION('',(0.,-1.224646799147E-16,-1.));
#1352 = PCURVE('',#389,#1353);
#1353 = DEFINITIONAL_REPRESENTATION('',(#1354),#1358);
#1354 = LINE('',#1355,#1356);
#1355 = CARTESIAN_POINT('',(1.95,3.85));
#1356 = VECTOR('',#1357,1.);
#1357 = DIRECTION('',(1.,0.));
#1358 = ( GEOMETRIC_REPRESENTATION_CONTEXT(2) 
PARAMETRIC_REPRESENTATION_CONTEXT() REPRESENTATION_CONTEXT('2D SPACE',''
  ) );
#1359 = PCURVE('',#1360,#1365);
#1360 = PLANE('',#1361);
#1361 = AXIS2_PLACEMENT_3D('',#1362,#1363,#1364);
#1362 = CARTESIAN_POINT('',(2.85,175.15,4.7));
#1363 = DIRECTION('',(1.,0.,0.));
#1364 = DIRECTION('',(0.,-1.224646799147E-16,-1.));
#1365 = DEFINITIONAL_REPRESENTATION('',(#1366),#1370);
#1366 = LINE('',#1367,#1368);
#1367 = CARTESIAN_POINT('',(-1.95,-19.49));
#1368 = VECTOR('',#1369,1.);
#1369 = DIRECTION('',(1.,0.));
#1370 = ( GEOMETRIC_REPRESENTATION_CONTEXT(2) 
PARAMETRIC_REPRESENTATION_CONTEXT() REPRESENTATION_CONTEXT('2D SPACE',''
  ) );
#1371 = ORIENTED_EDGE('',*,*,#1372,.T.);
#1372 = EDGE_CURVE('',#1345,#1373,#1375,.T.);
#1373 = VERTEX_POINT('',#1374);
#1374 = CARTESIAN_POINT('',(1.85,155.66,4.6));
#1375 = SURFACE_CURVE('',#1376,(#1380,#1387),.PCURVE_S1.);
#1376 = LINE('',#1377,#1378);
#1377 = CARTESIAN_POINT('',(0.425,155.66,4.6));
#1378 = VECTOR('',#1379,1.);
#1379 = DIRECTION('',(-1.,-0.,0.));
#1380 = PCURVE('',#389,#1381);
#1381 = DEFINITIONAL_REPRESENTATION('',(#1382),#1386);
#1382 = LINE('',#1383,#1384);
#1383 = CARTESIAN_POINT('',(4.,1.425));
#1384 = VECTOR('',#1385,1.);
#1385 = DIRECTION('',(-0.,-1.));
#1386 = ( GEOMETRIC_REPRESENTATION_CONTEXT(2) 
PARAMETRIC_REPRESENTATION_CONTEXT() REPRESENTATION_CONTEXT('2D SPACE',''
  ) );
#1387 = PCURVE('',#697,#1388);
#1388 = DEFINITIONAL_REPRESENTATION('',(#1389),#1393);
#1389 = LINE('',#1390,#1391);
#1390 = CARTESIAN_POINT('',(-1.425,20.49));
#1391 = VECTOR('',#1392,1.);
#1392 = DIRECTION('',(-1.,0.));
#1393 = ( GEOMETRIC_REPRESENTATION_CONTEXT(2) 
PARAMETRIC_REPRESENTATION_CONTEXT() REPRESENTATION_CONTEXT('2D SPACE',''
  ) );
#1394 = ORIENTED_EDGE('',*,*,#1395,.T.);
#1395 = EDGE_CURVE('',#1373,#961,#1396,.T.);
#1396 = SURFACE_CURVE('',#1397,(#1401,#1408),.PCURVE_S1.);
#1397 = LINE('',#1398,#1399);
#1398 = CARTESIAN_POINT('',(1.85,155.66,6.6));
#1399 = VECTOR('',#1400,1.);
#1400 = DIRECTION('',(0.,-1.224646799147E-16,-1.));
#1401 = PCURVE('',#389,#1402);
#1402 = DEFINITIONAL_REPRESENTATION('',(#1403),#1407);
#1403 = LINE('',#1404,#1405);
#1404 = CARTESIAN_POINT('',(2.,2.85));
#1405 = VECTOR('',#1406,1.);
#1406 = DIRECTION('',(1.,0.));
#1407 = ( GEOMETRIC_REPRESENTATION_CONTEXT(2) 
PARAMETRIC_REPRESENTATION_CONTEXT() REPRESENTATION_CONTEXT('2D SPACE',''
  ) );
#1408 = PCURVE('',#999,#1409);
#1409 = DEFINITIONAL_REPRESENTATION('',(#1410),#1414);
#1410 = LINE('',#1411,#1412);
#1411 = CARTESIAN_POINT('',(-2.,-20.49));
#1412 = VECTOR('',#1413,1.);
#1413 = DIRECTION('',(1.,0.));
#1414 = ( GEOMETRIC_REPRESENTATION_CONTEXT(2) 
PARAMETRIC_REPRESENTATION_CONTEXT() REPRESENTATION_CONTEXT('2D SPACE',''
  ) );
#1415 = ORIENTED_EDGE('',*,*,#960,.T.);
#1416 = ORIENTED_EDGE('',*,*,#1417,.T.);
#1417 = EDGE_CURVE('',#938,#346,#1418,.T.);
#1418 = SURFACE_CURVE('',#1419,(#1423,#1430),.PCURVE_S1.);
#1419 = LINE('',#1420,#1421);
#1420 = CARTESIAN_POINT('',(0.,155.66,5.1));
#1421 = VECTOR('',#1422,1.);
#1422 = DIRECTION('',(0.,-1.224646799147E-16,-1.));
#1423 = PCURVE('',#389,#1424);
#1424 = DEFINITIONAL_REPRESENTATION('',(#1425),#1429);
#1425 = LINE('',#1426,#1427);
#1426 = CARTESIAN_POINT('',(3.5,1.));
#1427 = VECTOR('',#1428,1.);
#1428 = DIRECTION('',(1.,0.));
#1429 = ( GEOMETRIC_REPRESENTATION_CONTEXT(2) 
PARAMETRIC_REPRESENTATION_CONTEXT() REPRESENTATION_CONTEXT('2D SPACE',''
  ) );
#1430 = PCURVE('',#361,#1431);
#1431 = DEFINITIONAL_REPRESENTATION('',(#1432),#1436);
#1432 = LINE('',#1433,#1434);
#1433 = CARTESIAN_POINT('',(-3.5,-22.34));
#1434 = VECTOR('',#1435,1.);
#1435 = DIRECTION('',(1.,0.));
#1436 = ( GEOMETRIC_REPRESENTATION_CONTEXT(2) 
PARAMETRIC_REPRESENTATION_CONTEXT() REPRESENTATION_CONTEXT('2D SPACE',''
  ) );
#1437 = ORIENTED_EDGE('',*,*,#373,.F.);
#1438 = ADVANCED_FACE('',(#1439),#361,.F.);
#1439 = FACE_BOUND('',#1440,.F.);
#1440 = EDGE_LOOP('',(#1441,#1442,#1443,#1444));
#1441 = ORIENTED_EDGE('',*,*,#345,.F.);
#1442 = ORIENTED_EDGE('',*,*,#1417,.F.);
#1443 = ORIENTED_EDGE('',*,*,#937,.T.);
#1444 = ORIENTED_EDGE('',*,*,#1445,.T.);
#1445 = EDGE_CURVE('',#910,#313,#1446,.T.);
#1446 = SURFACE_CURVE('',#1447,(#1451,#1458),.PCURVE_S1.);
#1447 = LINE('',#1448,#1449);
#1448 = CARTESIAN_POINT('',(0.,5.,1.6));
#1449 = VECTOR('',#1450,1.);
#1450 = DIRECTION('',(0.,-1.224646799147E-16,-1.));
#1451 = PCURVE('',#361,#1452);
#1452 = DEFINITIONAL_REPRESENTATION('',(#1453),#1457);
#1453 = LINE('',#1454,#1455);
#1454 = CARTESIAN_POINT('',(-1.298924475538E-16,-173.));
#1455 = VECTOR('',#1456,1.);
#1456 = DIRECTION('',(1.,0.));
#1457 = ( GEOMETRIC_REPRESENTATION_CONTEXT(2) 
PARAMETRIC_REPRESENTATION_CONTEXT() REPRESENTATION_CONTEXT('2D SPACE',''
  ) );
#1458 = PCURVE('',#333,#1459);
#1459 = DEFINITIONAL_REPRESENTATION('',(#1460),#1464);
#1460 = LINE('',#1461,#1462);
#1461 = CARTESIAN_POINT('',(-0.,0.));
#1462 = VECTOR('',#1463,1.);
#1463 = DIRECTION('',(-0.,1.));
#1464 = ( GEOMETRIC_REPRESENTATION_CONTEXT(2) 
PARAMETRIC_REPRESENTATION_CONTEXT() REPRESENTATION_CONTEXT('2D SPACE',''
  ) );
#1465 = ADVANCED_FACE('',(#1466),#333,.T.);
#1466 = FACE_BOUND('',#1467,.F.);
#1467 = EDGE_LOOP('',(#1468,#1469,#1490,#1491));
#1468 = ORIENTED_EDGE('',*,*,#909,.T.);
#1469 = ORIENTED_EDGE('',*,*,#1470,.T.);
#1470 = EDGE_CURVE('',#887,#285,#1471,.T.);
#1471 = SURFACE_CURVE('',#1472,(#1476,#1483),.PCURVE_S1.);
#1472 = LINE('',#1473,#1474);
#1473 = CARTESIAN_POINT('',(5.,-3.233067549749E-15,1.6));
#1474 = VECTOR('',#1475,1.);
#1475 = DIRECTION('',(0.,-1.224646799147E-16,-1.));
#1476 = PCURVE('',#333,#1477);
#1477 = DEFINITIONAL_REPRESENTATION('',(#1478),#1482);
#1478 = LINE('',#1479,#1480);
#1479 = CARTESIAN_POINT('',(-1.570796326795,0.));
#1480 = VECTOR('',#1481,1.);
#1481 = DIRECTION('',(-0.,1.));
#1482 = ( GEOMETRIC_REPRESENTATION_CONTEXT(2) 
PARAMETRIC_REPRESENTATION_CONTEXT() REPRESENTATION_CONTEXT('2D SPACE',''
  ) );
#1483 = PCURVE('',#300,#1484);
#1484 = DEFINITIONAL_REPRESENTATION('',(#1485),#1489);
#1485 = LINE('',#1486,#1487);
#1486 = CARTESIAN_POINT('',(0.,5.));
#1487 = VECTOR('',#1488,1.);
#1488 = DIRECTION('',(1.,0.));
#1489 = ( GEOMETRIC_REPRESENTATION_CONTEXT(2) 
PARAMETRIC_REPRESENTATION_CONTEXT() REPRESENTATION_CONTEXT('2D SPACE',''
  ) );
#1490 = ORIENTED_EDGE('',*,*,#312,.F.);
#1491 = ORIENTED_EDGE('',*,*,#1445,.F.);
#1492 = ADVANCED_FACE('',(#1493),#300,.T.);
#1493 = FACE_BOUND('',#1494,.T.);
#1494 = EDGE_LOOP('',(#1495,#1496,#1497,#1498));
#1495 = ORIENTED_EDGE('',*,*,#886,.F.);
#1496 = ORIENTED_EDGE('',*,*,#1470,.T.);
#1497 = ORIENTED_EDGE('',*,*,#284,.T.);
#1498 = ORIENTED_EDGE('',*,*,#1499,.F.);
#1499 = EDGE_CURVE('',#863,#256,#1500,.T.);
#1500 = SURFACE_CURVE('',#1501,(#1505,#1512),.PCURVE_S1.);
#1501 = LINE('',#1502,#1503);
#1502 = CARTESIAN_POINT('',(69.,-3.233067549749E-15,1.6));
#1503 = VECTOR('',#1504,1.);
#1504 = DIRECTION('',(0.,-1.224646799147E-16,-1.));
#1505 = PCURVE('',#300,#1506);
#1506 = DEFINITIONAL_REPRESENTATION('',(#1507),#1511);
#1507 = LINE('',#1508,#1509);
#1508 = CARTESIAN_POINT('',(0.,69.));
#1509 = VECTOR('',#1510,1.);
#1510 = DIRECTION('',(1.,0.));
#1511 = ( GEOMETRIC_REPRESENTATION_CONTEXT(2) 
PARAMETRIC_REPRESENTATION_CONTEXT() REPRESENTATION_CONTEXT('2D SPACE',''
  ) );
#1512 = PCURVE('',#272,#1513);
#1513 = DEFINITIONAL_REPRESENTATION('',(#1514),#1518);
#1514 = LINE('',#1515,#1516);
#1515 = CARTESIAN_POINT('',(1.570796326795,0.));
#1516 = VECTOR('',#1517,1.);
#1517 = DIRECTION('',(0.,1.));
#1518 = ( GEOMETRIC_REPRESENTATION_CONTEXT(2) 
PARAMETRIC_REPRESENTATION_CONTEXT() REPRESENTATION_CONTEXT('2D SPACE',''
  ) );
#1519 = ADVANCED_FACE('',(#1520),#272,.T.);
#1520 = FACE_BOUND('',#1521,.T.);
#1521 = EDGE_LOOP('',(#1522,#1523,#1524,#1525));
#1522 = ORIENTED_EDGE('',*,*,#862,.T.);
#1523 = ORIENTED_EDGE('',*,*,#1499,.T.);
#1524 = ORIENTED_EDGE('',*,*,#255,.F.);
#1525 = ORIENTED_EDGE('',*,*,#1526,.F.);
#1526 = EDGE_CURVE('',#840,#228,#1527,.T.);
#1527 = SURFACE_CURVE('',#1528,(#1532,#1539),.PCURVE_S1.);
#1528 = LINE('',#1529,#1530);
#1529 = CARTESIAN_POINT('',(74.,5.,1.6));
#1530 = VECTOR('',#1531,1.);
#1531 = DIRECTION('',(0.,-1.224646799147E-16,-1.));
#1532 = PCURVE('',#272,#1533);
#1533 = DEFINITIONAL_REPRESENTATION('',(#1534),#1538);
#1534 = LINE('',#1535,#1536);
#1535 = CARTESIAN_POINT('',(0.,0.));
#1536 = VECTOR('',#1537,1.);
#1537 = DIRECTION('',(0.,1.));
#1538 = ( GEOMETRIC_REPRESENTATION_CONTEXT(2) 
PARAMETRIC_REPRESENTATION_CONTEXT() REPRESENTATION_CONTEXT('2D SPACE',''
  ) );
#1539 = PCURVE('',#243,#1540);
#1540 = DEFINITIONAL_REPRESENTATION('',(#1541),#1545);
#1541 = LINE('',#1542,#1543);
#1542 = CARTESIAN_POINT('',(-1.298924475538E-16,-173.));
#1543 = VECTOR('',#1544,1.);
#1544 = DIRECTION('',(1.,0.));
#1545 = ( GEOMETRIC_REPRESENTATION_CONTEXT(2) 
PARAMETRIC_REPRESENTATION_CONTEXT() REPRESENTATION_CONTEXT('2D SPACE',''
  ) );
#1546 = ADVANCED_FACE('',(#1547),#243,.T.);
#1547 = FACE_BOUND('',#1548,.T.);
#1548 = EDGE_LOOP('',(#1549,#1550,#1571,#1572));
#1549 = ORIENTED_EDGE('',*,*,#227,.F.);
#1550 = ORIENTED_EDGE('',*,*,#1551,.F.);
#1551 = EDGE_CURVE('',#812,#195,#1552,.T.);
#1552 = SURFACE_CURVE('',#1553,(#1557,#1564),.PCURVE_S1.);
#1553 = LINE('',#1554,#1555);
#1554 = CARTESIAN_POINT('',(74.,173.,1.6));
#1555 = VECTOR('',#1556,1.);
#1556 = DIRECTION('',(0.,-1.224646799147E-16,-1.));
#1557 = PCURVE('',#243,#1558);
#1558 = DEFINITIONAL_REPRESENTATION('',(#1559),#1563);
#1559 = LINE('',#1560,#1561);
#1560 = CARTESIAN_POINT('',(6.123233995737E-16,-5.));
#1561 = VECTOR('',#1562,1.);
#1562 = DIRECTION('',(1.,0.));
#1563 = ( GEOMETRIC_REPRESENTATION_CONTEXT(2) 
PARAMETRIC_REPRESENTATION_CONTEXT() REPRESENTATION_CONTEXT('2D SPACE',''
  ) );
#1564 = PCURVE('',#215,#1565);
#1565 = DEFINITIONAL_REPRESENTATION('',(#1566),#1570);
#1566 = LINE('',#1567,#1568);
#1567 = CARTESIAN_POINT('',(-0.,0.));
#1568 = VECTOR('',#1569,1.);
#1569 = DIRECTION('',(-0.,1.));
#1570 = ( GEOMETRIC_REPRESENTATION_CONTEXT(2) 
PARAMETRIC_REPRESENTATION_CONTEXT() REPRESENTATION_CONTEXT('2D SPACE',''
  ) );
#1571 = ORIENTED_EDGE('',*,*,#839,.T.);
#1572 = ORIENTED_EDGE('',*,*,#1526,.T.);
#1573 = ADVANCED_FACE('',(#1574),#215,.T.);
#1574 = FACE_BOUND('',#1575,.F.);
#1575 = EDGE_LOOP('',(#1576,#1577,#1598,#1599));
#1576 = ORIENTED_EDGE('',*,*,#811,.T.);
#1577 = ORIENTED_EDGE('',*,*,#1578,.T.);
#1578 = EDGE_CURVE('',#789,#167,#1579,.T.);
#1579 = SURFACE_CURVE('',#1580,(#1584,#1591),.PCURVE_S1.);
#1580 = LINE('',#1581,#1582);
#1581 = CARTESIAN_POINT('',(69.,178.,1.6));
#1582 = VECTOR('',#1583,1.);
#1583 = DIRECTION('',(0.,-1.224646799147E-16,-1.));
#1584 = PCURVE('',#215,#1585);
#1585 = DEFINITIONAL_REPRESENTATION('',(#1586),#1590);
#1586 = LINE('',#1587,#1588);
#1587 = CARTESIAN_POINT('',(-1.570796326795,0.));
#1588 = VECTOR('',#1589,1.);
#1589 = DIRECTION('',(-0.,1.));
#1590 = ( GEOMETRIC_REPRESENTATION_CONTEXT(2) 
PARAMETRIC_REPRESENTATION_CONTEXT() REPRESENTATION_CONTEXT('2D SPACE',''
  ) );
#1591 = PCURVE('',#182,#1592);
#1592 = DEFINITIONAL_REPRESENTATION('',(#1593),#1597);
#1593 = LINE('',#1594,#1595);
#1594 = CARTESIAN_POINT('',(0.,69.));
#1595 = VECTOR('',#1596,1.);
#1596 = DIRECTION('',(1.,0.));
#1597 = ( GEOMETRIC_REPRESENTATION_CONTEXT(2) 
PARAMETRIC_REPRESENTATION_CONTEXT() REPRESENTATION_CONTEXT('2D SPACE',''
  ) );
#1598 = ORIENTED_EDGE('',*,*,#194,.F.);
#1599 = ORIENTED_EDGE('',*,*,#1551,.F.);
#1600 = ADVANCED_FACE('',(#1601),#182,.F.);
#1601 = FACE_BOUND('',#1602,.F.);
#1602 = EDGE_LOOP('',(#1603,#1604,#1605,#1606));
#1603 = ORIENTED_EDGE('',*,*,#788,.F.);
#1604 = ORIENTED_EDGE('',*,*,#1245,.T.);
#1605 = ORIENTED_EDGE('',*,*,#166,.T.);
#1606 = ORIENTED_EDGE('',*,*,#1578,.F.);
#1607 = ADVANCED_FACE('',(#1608),#473,.F.);
#1608 = FACE_BOUND('',#1609,.T.);
#1609 = EDGE_LOOP('',(#1610,#1638,#1659,#1660));
#1610 = ORIENTED_EDGE('',*,*,#1611,.T.);
#1611 = EDGE_CURVE('',#1612,#1612,#1614,.T.);
#1612 = VERTEX_POINT('',#1613);
#1613 = CARTESIAN_POINT('',(54.7,120.78,1.6));
#1614 = SURFACE_CURVE('',#1615,(#1620,#1627),.PCURVE_S1.);
#1615 = CIRCLE('',#1616,17.7);
#1616 = AXIS2_PLACEMENT_3D('',#1617,#1618,#1619);
#1617 = CARTESIAN_POINT('',(37.,120.78,1.6));
#1618 = DIRECTION('',(-0.,1.224646799147E-16,1.));
#1619 = DIRECTION('',(1.,0.,0.));
#1620 = PCURVE('',#473,#1621);
#1621 = DEFINITIONAL_REPRESENTATION('',(#1622),#1626);
#1622 = LINE('',#1623,#1624);
#1623 = CARTESIAN_POINT('',(-6.28318530718,-2.4));
#1624 = VECTOR('',#1625,1.);
#1625 = DIRECTION('',(1.,-0.));
#1626 = ( GEOMETRIC_REPRESENTATION_CONTEXT(2) 
PARAMETRIC_REPRESENTATION_CONTEXT() REPRESENTATION_CONTEXT('2D SPACE',''
  ) );
#1627 = PCURVE('',#641,#1628);
#1628 = DEFINITIONAL_REPRESENTATION('',(#1629),#1637);
#1629 = ( BOUNDED_CURVE() B_SPLINE_CURVE(2,(#1630,#1631,#1632,#1633,
#1634,#1635,#1636),.UNSPECIFIED.,.T.,.F.) B_SPLINE_CURVE_WITH_KNOTS((1,2
    ,2,2,2,1),(-2.094395102393,0.,2.094395102393,4.188790204786,
6.28318530718,8.377580409573),.UNSPECIFIED.) CURVE() 
GEOMETRIC_REPRESENTATION_ITEM() RATIONAL_B_SPLINE_CURVE((1.,0.5,1.,0.5,
1.,0.5,1.)) REPRESENTATION_ITEM('') );
#1630 = CARTESIAN_POINT('',(54.7,57.22));
#1631 = CARTESIAN_POINT('',(54.7,26.562700706031));
#1632 = CARTESIAN_POINT('',(28.15,41.891350353015));
#1633 = CARTESIAN_POINT('',(1.6,57.22));
#1634 = CARTESIAN_POINT('',(28.15,72.548649646985));
#1635 = CARTESIAN_POINT('',(54.7,87.877299293969));
#1636 = CARTESIAN_POINT('',(54.7,57.22));
#1637 = ( GEOMETRIC_REPRESENTATION_CONTEXT(2) 
PARAMETRIC_REPRESENTATION_CONTEXT() REPRESENTATION_CONTEXT('2D SPACE',''
  ) );
#1638 = ORIENTED_EDGE('',*,*,#1639,.T.);
#1639 = EDGE_CURVE('',#1612,#453,#1640,.T.);
#1640 = SEAM_CURVE('',#1641,(#1645,#1652),.PCURVE_S1.);
#1641 = LINE('',#1642,#1643);
#1642 = CARTESIAN_POINT('',(54.7,120.78,4.));
#1643 = VECTOR('',#1644,1.);
#1644 = DIRECTION('',(0.,-1.224646799147E-16,-1.));
#1645 = PCURVE('',#473,#1646);
#1646 = DEFINITIONAL_REPRESENTATION('',(#1647),#1651);
#1647 = LINE('',#1648,#1649);
#1648 = CARTESIAN_POINT('',(-6.28318530718,0.));
#1649 = VECTOR('',#1650,1.);
#1650 = DIRECTION('',(-0.,-1.));
#1651 = ( GEOMETRIC_REPRESENTATION_CONTEXT(2) 
PARAMETRIC_REPRESENTATION_CONTEXT() REPRESENTATION_CONTEXT('2D SPACE',''
  ) );
#1652 = PCURVE('',#473,#1653);
#1653 = DEFINITIONAL_REPRESENTATION('',(#1654),#1658);
#1654 = LINE('',#1655,#1656);
#1655 = CARTESIAN_POINT('',(-0.,0.));
#1656 = VECTOR('',#1657,1.);
#1657 = DIRECTION('',(-0.,-1.));
#1658 = ( GEOMETRIC_REPRESENTATION_CONTEXT(2) 
PARAMETRIC_REPRESENTATION_CONTEXT() REPRESENTATION_CONTEXT('2D SPACE',''
  ) );
#1659 = ORIENTED_EDGE('',*,*,#452,.F.);
#1660 = ORIENTED_EDGE('',*,*,#1639,.F.);
#1661 = ADVANCED_FACE('',(#1662),#505,.T.);
#1662 = FACE_BOUND('',#1663,.T.);
#1663 = EDGE_LOOP('',(#1664,#1687,#1715,#1736));
#1664 = ORIENTED_EDGE('',*,*,#1665,.F.);
#1665 = EDGE_CURVE('',#1666,#488,#1668,.T.);
#1666 = VERTEX_POINT('',#1667);
#1667 = CARTESIAN_POINT('',(61.8856,87.3434,0.4));
#1668 = SURFACE_CURVE('',#1669,(#1673,#1680),.PCURVE_S1.);
#1669 = LINE('',#1670,#1671);
#1670 = CARTESIAN_POINT('',(61.8856,87.3434,2.));
#1671 = VECTOR('',#1672,1.);
#1672 = DIRECTION('',(0.,-1.224646799147E-16,-1.));
#1673 = PCURVE('',#505,#1674);
#1674 = DEFINITIONAL_REPRESENTATION('',(#1675),#1679);
#1675 = LINE('',#1676,#1677);
#1676 = CARTESIAN_POINT('',(0.,49.76));
#1677 = VECTOR('',#1678,1.);
#1678 = DIRECTION('',(1.,0.));
#1679 = ( GEOMETRIC_REPRESENTATION_CONTEXT(2) 
PARAMETRIC_REPRESENTATION_CONTEXT() REPRESENTATION_CONTEXT('2D SPACE',''
  ) );
#1680 = PCURVE('',#587,#1681);
#1681 = DEFINITIONAL_REPRESENTATION('',(#1682),#1686);
#1682 = LINE('',#1683,#1684);
#1683 = CARTESIAN_POINT('',(0.,0.));
#1684 = VECTOR('',#1685,1.);
#1685 = DIRECTION('',(1.,0.));
#1686 = ( GEOMETRIC_REPRESENTATION_CONTEXT(2) 
PARAMETRIC_REPRESENTATION_CONTEXT() REPRESENTATION_CONTEXT('2D SPACE',''
  ) );
#1687 = ORIENTED_EDGE('',*,*,#1688,.T.);
#1688 = EDGE_CURVE('',#1666,#1689,#1691,.T.);
#1689 = VERTEX_POINT('',#1690);
#1690 = CARTESIAN_POINT('',(12.1256,87.3434,0.4));
#1691 = SURFACE_CURVE('',#1692,(#1696,#1703),.PCURVE_S1.);
#1692 = LINE('',#1693,#1694);
#1693 = CARTESIAN_POINT('',(9.1128,87.3434,0.4));
#1694 = VECTOR('',#1695,1.);
#1695 = DIRECTION('',(-1.,-0.,0.));
#1696 = PCURVE('',#505,#1697);
#1697 = DEFINITIONAL_REPRESENTATION('',(#1698),#1702);
#1698 = LINE('',#1699,#1700);
#1699 = CARTESIAN_POINT('',(1.6,-3.0128));
#1700 = VECTOR('',#1701,1.);
#1701 = DIRECTION('',(-0.,-1.));
#1702 = ( GEOMETRIC_REPRESENTATION_CONTEXT(2) 
PARAMETRIC_REPRESENTATION_CONTEXT() REPRESENTATION_CONTEXT('2D SPACE',''
  ) );
#1703 = PCURVE('',#1704,#1709);
#1704 = PLANE('',#1705);
#1705 = AXIS2_PLACEMENT_3D('',#1706,#1707,#1708);
#1706 = CARTESIAN_POINT('',(6.1,96.8468164,0.4));
#1707 = DIRECTION('',(0.,-1.224646799147E-16,-1.));
#1708 = DIRECTION('',(1.,0.,0.));
#1709 = DEFINITIONAL_REPRESENTATION('',(#1710),#1714);
#1710 = LINE('',#1711,#1712);
#1711 = CARTESIAN_POINT('',(3.0128,9.5034164));
#1712 = VECTOR('',#1713,1.);
#1713 = DIRECTION('',(-1.,0.));
#1714 = ( GEOMETRIC_REPRESENTATION_CONTEXT(2) 
PARAMETRIC_REPRESENTATION_CONTEXT() REPRESENTATION_CONTEXT('2D SPACE',''
  ) );
#1715 = ORIENTED_EDGE('',*,*,#1716,.T.);
#1716 = EDGE_CURVE('',#1689,#490,#1717,.T.);
#1717 = SURFACE_CURVE('',#1718,(#1722,#1729),.PCURVE_S1.);
#1718 = LINE('',#1719,#1720);
#1719 = CARTESIAN_POINT('',(12.1256,87.3434,2.));
#1720 = VECTOR('',#1721,1.);
#1721 = DIRECTION('',(0.,-1.224646799147E-16,-1.));
#1722 = PCURVE('',#505,#1723);
#1723 = DEFINITIONAL_REPRESENTATION('',(#1724),#1728);
#1724 = LINE('',#1725,#1726);
#1725 = CARTESIAN_POINT('',(0.,0.));
#1726 = VECTOR('',#1727,1.);
#1727 = DIRECTION('',(1.,0.));
#1728 = ( GEOMETRIC_REPRESENTATION_CONTEXT(2) 
PARAMETRIC_REPRESENTATION_CONTEXT() REPRESENTATION_CONTEXT('2D SPACE',''
  ) );
#1729 = PCURVE('',#533,#1730);
#1730 = DEFINITIONAL_REPRESENTATION('',(#1731),#1735);
#1731 = LINE('',#1732,#1733);
#1732 = CARTESIAN_POINT('',(0.,0.));
#1733 = VECTOR('',#1734,1.);
#1734 = DIRECTION('',(1.,0.));
#1735 = ( GEOMETRIC_REPRESENTATION_CONTEXT(2) 
PARAMETRIC_REPRESENTATION_CONTEXT() REPRESENTATION_CONTEXT('2D SPACE',''
  ) );
#1736 = ORIENTED_EDGE('',*,*,#487,.F.);
#1737 = ADVANCED_FACE('',(#1738),#587,.F.);
#1738 = FACE_BOUND('',#1739,.F.);
#1739 = EDGE_LOOP('',(#1740,#1741,#1764,#1785));
#1740 = ORIENTED_EDGE('',*,*,#1665,.F.);
#1741 = ORIENTED_EDGE('',*,*,#1742,.T.);
#1742 = EDGE_CURVE('',#1666,#1743,#1745,.T.);
#1743 = VERTEX_POINT('',#1744);
#1744 = CARTESIAN_POINT('',(61.8856,13.1034,0.4));
#1745 = SURFACE_CURVE('',#1746,(#1750,#1757),.PCURVE_S1.);
#1746 = LINE('',#1747,#1748);
#1747 = CARTESIAN_POINT('',(61.8856,92.0951082,0.4));
#1748 = VECTOR('',#1749,1.);
#1749 = DIRECTION('',(0.,-1.,1.224646799147E-16));
#1750 = PCURVE('',#587,#1751);
#1751 = DEFINITIONAL_REPRESENTATION('',(#1752),#1756);
#1752 = LINE('',#1753,#1754);
#1753 = CARTESIAN_POINT('',(1.6,4.7517082));
#1754 = VECTOR('',#1755,1.);
#1755 = DIRECTION('',(0.,-1.));
#1756 = ( GEOMETRIC_REPRESENTATION_CONTEXT(2) 
PARAMETRIC_REPRESENTATION_CONTEXT() REPRESENTATION_CONTEXT('2D SPACE',''
  ) );
#1757 = PCURVE('',#1704,#1758);
#1758 = DEFINITIONAL_REPRESENTATION('',(#1759),#1763);
#1759 = LINE('',#1760,#1761);
#1760 = CARTESIAN_POINT('',(55.7856,4.7517082));
#1761 = VECTOR('',#1762,1.);
#1762 = DIRECTION('',(0.,1.));
#1763 = ( GEOMETRIC_REPRESENTATION_CONTEXT(2) 
PARAMETRIC_REPRESENTATION_CONTEXT() REPRESENTATION_CONTEXT('2D SPACE',''
  ) );
#1764 = ORIENTED_EDGE('',*,*,#1765,.T.);
#1765 = EDGE_CURVE('',#1743,#546,#1766,.T.);
#1766 = SURFACE_CURVE('',#1767,(#1771,#1778),.PCURVE_S1.);
#1767 = LINE('',#1768,#1769);
#1768 = CARTESIAN_POINT('',(61.8856,13.1034,2.));
#1769 = VECTOR('',#1770,1.);
#1770 = DIRECTION('',(0.,-1.224646799147E-16,-1.));
#1771 = PCURVE('',#587,#1772);
#1772 = DEFINITIONAL_REPRESENTATION('',(#1773),#1777);
#1773 = LINE('',#1774,#1775);
#1774 = CARTESIAN_POINT('',(-1.566363199532E-15,-74.24));
#1775 = VECTOR('',#1776,1.);
#1776 = DIRECTION('',(1.,0.));
#1777 = ( GEOMETRIC_REPRESENTATION_CONTEXT(2) 
PARAMETRIC_REPRESENTATION_CONTEXT() REPRESENTATION_CONTEXT('2D SPACE',''
  ) );
#1778 = PCURVE('',#561,#1779);
#1779 = DEFINITIONAL_REPRESENTATION('',(#1780),#1784);
#1780 = LINE('',#1781,#1782);
#1781 = CARTESIAN_POINT('',(0.,49.76));
#1782 = VECTOR('',#1783,1.);
#1783 = DIRECTION('',(1.,0.));
#1784 = ( GEOMETRIC_REPRESENTATION_CONTEXT(2) 
PARAMETRIC_REPRESENTATION_CONTEXT() REPRESENTATION_CONTEXT('2D SPACE',''
  ) );
#1785 = ORIENTED_EDGE('',*,*,#573,.F.);
#1786 = ADVANCED_FACE('',(#1787),#533,.T.);
#1787 = FACE_BOUND('',#1788,.T.);
#1788 = EDGE_LOOP('',(#1789,#1790,#1813,#1834));
#1789 = ORIENTED_EDGE('',*,*,#1716,.F.);
#1790 = ORIENTED_EDGE('',*,*,#1791,.T.);
#1791 = EDGE_CURVE('',#1689,#1792,#1794,.T.);
#1792 = VERTEX_POINT('',#1793);
#1793 = CARTESIAN_POINT('',(12.1256,13.1034,0.4));
#1794 = SURFACE_CURVE('',#1795,(#1799,#1806),.PCURVE_S1.);
#1795 = LINE('',#1796,#1797);
#1796 = CARTESIAN_POINT('',(12.1256,92.0951082,0.4));
#1797 = VECTOR('',#1798,1.);
#1798 = DIRECTION('',(0.,-1.,1.224646799147E-16));
#1799 = PCURVE('',#533,#1800);
#1800 = DEFINITIONAL_REPRESENTATION('',(#1801),#1805);
#1801 = LINE('',#1802,#1803);
#1802 = CARTESIAN_POINT('',(1.6,4.7517082));
#1803 = VECTOR('',#1804,1.);
#1804 = DIRECTION('',(0.,-1.));
#1805 = ( GEOMETRIC_REPRESENTATION_CONTEXT(2) 
PARAMETRIC_REPRESENTATION_CONTEXT() REPRESENTATION_CONTEXT('2D SPACE',''
  ) );
#1806 = PCURVE('',#1704,#1807);
#1807 = DEFINITIONAL_REPRESENTATION('',(#1808),#1812);
#1808 = LINE('',#1809,#1810);
#1809 = CARTESIAN_POINT('',(6.0256,4.7517082));
#1810 = VECTOR('',#1811,1.);
#1811 = DIRECTION('',(0.,1.));
#1812 = ( GEOMETRIC_REPRESENTATION_CONTEXT(2) 
PARAMETRIC_REPRESENTATION_CONTEXT() REPRESENTATION_CONTEXT('2D SPACE',''
  ) );
#1813 = ORIENTED_EDGE('',*,*,#1814,.T.);
#1814 = EDGE_CURVE('',#1792,#518,#1815,.T.);
#1815 = SURFACE_CURVE('',#1816,(#1820,#1827),.PCURVE_S1.);
#1816 = LINE('',#1817,#1818);
#1817 = CARTESIAN_POINT('',(12.1256,13.1034,2.));
#1818 = VECTOR('',#1819,1.);
#1819 = DIRECTION('',(0.,-1.224646799147E-16,-1.));
#1820 = PCURVE('',#533,#1821);
#1821 = DEFINITIONAL_REPRESENTATION('',(#1822),#1826);
#1822 = LINE('',#1823,#1824);
#1823 = CARTESIAN_POINT('',(-1.566363199532E-15,-74.24));
#1824 = VECTOR('',#1825,1.);
#1825 = DIRECTION('',(1.,0.));
#1826 = ( GEOMETRIC_REPRESENTATION_CONTEXT(2) 
PARAMETRIC_REPRESENTATION_CONTEXT() REPRESENTATION_CONTEXT('2D SPACE',''
  ) );
#1827 = PCURVE('',#561,#1828);
#1828 = DEFINITIONAL_REPRESENTATION('',(#1829),#1833);
#1829 = LINE('',#1830,#1831);
#1830 = CARTESIAN_POINT('',(0.,0.));
#1831 = VECTOR('',#1832,1.);
#1832 = DIRECTION('',(1.,0.));
#1833 = ( GEOMETRIC_REPRESENTATION_CONTEXT(2) 
PARAMETRIC_REPRESENTATION_CONTEXT() REPRESENTATION_CONTEXT('2D SPACE',''
  ) );
#1834 = ORIENTED_EDGE('',*,*,#517,.F.);
#1835 = ADVANCED_FACE('',(#1836),#561,.F.);
#1836 = FACE_BOUND('',#1837,.F.);
#1837 = EDGE_LOOP('',(#1838,#1839,#1860,#1861));
#1838 = ORIENTED_EDGE('',*,*,#1765,.F.);
#1839 = ORIENTED_EDGE('',*,*,#1840,.T.);
#1840 = EDGE_CURVE('',#1743,#1792,#1841,.T.);
#1841 = SURFACE_CURVE('',#1842,(#1846,#1853),.PCURVE_S1.);
#1842 = LINE('',#1843,#1844);
#1843 = CARTESIAN_POINT('',(9.1128,13.1034,0.4));
#1844 = VECTOR('',#1845,1.);
#1845 = DIRECTION('',(-1.,-0.,0.));
#1846 = PCURVE('',#561,#1847);
#1847 = DEFINITIONAL_REPRESENTATION('',(#1848),#1852);
#1848 = LINE('',#1849,#1850);
#1849 = CARTESIAN_POINT('',(1.6,-3.0128));
#1850 = VECTOR('',#1851,1.);
#1851 = DIRECTION('',(-0.,-1.));
#1852 = ( GEOMETRIC_REPRESENTATION_CONTEXT(2) 
PARAMETRIC_REPRESENTATION_CONTEXT() REPRESENTATION_CONTEXT('2D SPACE',''
  ) );
#1853 = PCURVE('',#1704,#1854);
#1854 = DEFINITIONAL_REPRESENTATION('',(#1855),#1859);
#1855 = LINE('',#1856,#1857);
#1856 = CARTESIAN_POINT('',(3.0128,83.7434164));
#1857 = VECTOR('',#1858,1.);
#1858 = DIRECTION('',(-1.,0.));
#1859 = ( GEOMETRIC_REPRESENTATION_CONTEXT(2) 
PARAMETRIC_REPRESENTATION_CONTEXT() REPRESENTATION_CONTEXT('2D SPACE',''
  ) );
#1860 = ORIENTED_EDGE('',*,*,#1814,.T.);
#1861 = ORIENTED_EDGE('',*,*,#545,.F.);
#1862 = ADVANCED_FACE('',(#1863),#725,.F.);
#1863 = FACE_BOUND('',#1864,.F.);
#1864 = EDGE_LOOP('',(#1865,#1866,#1889,#1910));
#1865 = ORIENTED_EDGE('',*,*,#1219,.F.);
#1866 = ORIENTED_EDGE('',*,*,#1867,.F.);
#1867 = EDGE_CURVE('',#1868,#1191,#1870,.T.);
#1868 = VERTEX_POINT('',#1869);
#1869 = CARTESIAN_POINT('',(1.85,173.,4.6));
#1870 = SURFACE_CURVE('',#1871,(#1875,#1882),.PCURVE_S1.);
#1871 = LINE('',#1872,#1873);
#1872 = CARTESIAN_POINT('',(1.85,173.,4.6));
#1873 = VECTOR('',#1874,1.);
#1874 = DIRECTION('',(0.,-1.224646799147E-16,-1.));
#1875 = PCURVE('',#725,#1876);
#1876 = DEFINITIONAL_REPRESENTATION('',(#1877),#1881);
#1877 = LINE('',#1878,#1879);
#1878 = CARTESIAN_POINT('',(3.857637417314E-16,-3.15));
#1879 = VECTOR('',#1880,1.);
#1880 = DIRECTION('',(1.,0.));
#1881 = ( GEOMETRIC_REPRESENTATION_CONTEXT(2) 
PARAMETRIC_REPRESENTATION_CONTEXT() REPRESENTATION_CONTEXT('2D SPACE',''
  ) );
#1882 = PCURVE('',#1207,#1883);
#1883 = DEFINITIONAL_REPRESENTATION('',(#1884),#1888);
#1884 = LINE('',#1885,#1886);
#1885 = CARTESIAN_POINT('',(0.,0.));
#1886 = VECTOR('',#1887,1.);
#1887 = DIRECTION('',(0.,1.));
#1888 = ( GEOMETRIC_REPRESENTATION_CONTEXT(2) 
PARAMETRIC_REPRESENTATION_CONTEXT() REPRESENTATION_CONTEXT('2D SPACE',''
  ) );
#1889 = ORIENTED_EDGE('',*,*,#1890,.T.);
#1890 = EDGE_CURVE('',#1868,#682,#1891,.T.);
#1891 = SURFACE_CURVE('',#1892,(#1896,#1903),.PCURVE_S1.);
#1892 = LINE('',#1893,#1894);
#1893 = CARTESIAN_POINT('',(1.85,176.15,4.6));
#1894 = VECTOR('',#1895,1.);
#1895 = DIRECTION('',(0.,-1.,1.224646799147E-16));
#1896 = PCURVE('',#725,#1897);
#1897 = DEFINITIONAL_REPRESENTATION('',(#1898),#1902);
#1898 = LINE('',#1899,#1900);
#1899 = CARTESIAN_POINT('',(0.,0.));
#1900 = VECTOR('',#1901,1.);
#1901 = DIRECTION('',(0.,-1.));
#1902 = ( GEOMETRIC_REPRESENTATION_CONTEXT(2) 
PARAMETRIC_REPRESENTATION_CONTEXT() REPRESENTATION_CONTEXT('2D SPACE',''
  ) );
#1903 = PCURVE('',#697,#1904);
#1904 = DEFINITIONAL_REPRESENTATION('',(#1905),#1909);
#1905 = LINE('',#1906,#1907);
#1906 = CARTESIAN_POINT('',(0.,0.));
#1907 = VECTOR('',#1908,1.);
#1908 = DIRECTION('',(0.,1.));
#1909 = ( GEOMETRIC_REPRESENTATION_CONTEXT(2) 
PARAMETRIC_REPRESENTATION_CONTEXT() REPRESENTATION_CONTEXT('2D SPACE',''
  ) );
#1910 = ORIENTED_EDGE('',*,*,#709,.T.);
#1911 = ADVANCED_FACE('',(#1912),#697,.F.);
#1912 = FACE_BOUND('',#1913,.F.);
#1913 = EDGE_LOOP('',(#1914,#1915,#1939,#1962,#1990,#2013,#2037,#2060,
    #2088,#2109,#2110,#2133,#2162,#2190,#2219,#2247,#2276,#2304,#2333,
    #2354));
#1914 = ORIENTED_EDGE('',*,*,#1890,.F.);
#1915 = ORIENTED_EDGE('',*,*,#1916,.T.);
#1916 = EDGE_CURVE('',#1868,#1917,#1919,.T.);
#1917 = VERTEX_POINT('',#1918);
#1918 = CARTESIAN_POINT('',(5.,176.15,4.6));
#1919 = SURFACE_CURVE('',#1920,(#1925,#1932),.PCURVE_S1.);
#1920 = CIRCLE('',#1921,3.15);
#1921 = AXIS2_PLACEMENT_3D('',#1922,#1923,#1924);
#1922 = CARTESIAN_POINT('',(5.,173.,4.6));
#1923 = DIRECTION('',(0.,-1.224646799147E-16,-1.));
#1924 = DIRECTION('',(0.,1.,-1.224646799147E-16));
#1925 = PCURVE('',#697,#1926);
#1926 = DEFINITIONAL_REPRESENTATION('',(#1927),#1931);
#1927 = CIRCLE('',#1928,3.15);
#1928 = AXIS2_PLACEMENT_2D('',#1929,#1930);
#1929 = CARTESIAN_POINT('',(3.15,3.15));
#1930 = DIRECTION('',(0.,-1.));
#1931 = ( GEOMETRIC_REPRESENTATION_CONTEXT(2) 
PARAMETRIC_REPRESENTATION_CONTEXT() REPRESENTATION_CONTEXT('2D SPACE',''
  ) );
#1932 = PCURVE('',#1207,#1933);
#1933 = DEFINITIONAL_REPRESENTATION('',(#1934),#1938);
#1934 = LINE('',#1935,#1936);
#1935 = CARTESIAN_POINT('',(-4.712388980385,0.));
#1936 = VECTOR('',#1937,1.);
#1937 = DIRECTION('',(1.,0.));
#1938 = ( GEOMETRIC_REPRESENTATION_CONTEXT(2) 
PARAMETRIC_REPRESENTATION_CONTEXT() REPRESENTATION_CONTEXT('2D SPACE',''
  ) );
#1939 = ORIENTED_EDGE('',*,*,#1940,.T.);
#1940 = EDGE_CURVE('',#1917,#1941,#1943,.T.);
#1941 = VERTEX_POINT('',#1942);
#1942 = CARTESIAN_POINT('',(69.,176.15,4.6));
#1943 = SURFACE_CURVE('',#1944,(#1948,#1955),.PCURVE_S1.);
#1944 = LINE('',#1945,#1946);
#1945 = CARTESIAN_POINT('',(1.85,176.15,4.6));
#1946 = VECTOR('',#1947,1.);
#1947 = DIRECTION('',(1.,0.,0.));
#1948 = PCURVE('',#697,#1949);
#1949 = DEFINITIONAL_REPRESENTATION('',(#1950),#1954);
#1950 = LINE('',#1951,#1952);
#1951 = CARTESIAN_POINT('',(0.,0.));
#1952 = VECTOR('',#1953,1.);
#1953 = DIRECTION('',(1.,0.));
#1954 = ( GEOMETRIC_REPRESENTATION_CONTEXT(2) 
PARAMETRIC_REPRESENTATION_CONTEXT() REPRESENTATION_CONTEXT('2D SPACE',''
  ) );
#1955 = PCURVE('',#1178,#1956);
#1956 = DEFINITIONAL_REPRESENTATION('',(#1957),#1961);
#1957 = LINE('',#1958,#1959);
#1958 = CARTESIAN_POINT('',(0.,0.));
#1959 = VECTOR('',#1960,1.);
#1960 = DIRECTION('',(0.,1.));
#1961 = ( GEOMETRIC_REPRESENTATION_CONTEXT(2) 
PARAMETRIC_REPRESENTATION_CONTEXT() REPRESENTATION_CONTEXT('2D SPACE',''
  ) );
#1962 = ORIENTED_EDGE('',*,*,#1963,.F.);
#1963 = EDGE_CURVE('',#1964,#1941,#1966,.T.);
#1964 = VERTEX_POINT('',#1965);
#1965 = CARTESIAN_POINT('',(72.15,173.,4.6));
#1966 = SURFACE_CURVE('',#1967,(#1972,#1983),.PCURVE_S1.);
#1967 = CIRCLE('',#1968,3.15);
#1968 = AXIS2_PLACEMENT_3D('',#1969,#1970,#1971);
#1969 = CARTESIAN_POINT('',(69.,173.,4.6));
#1970 = DIRECTION('',(0.,1.224646799147E-16,1.));
#1971 = DIRECTION('',(0.,1.,-1.224646799147E-16));
#1972 = PCURVE('',#697,#1973);
#1973 = DEFINITIONAL_REPRESENTATION('',(#1974),#1982);
#1974 = ( BOUNDED_CURVE() B_SPLINE_CURVE(2,(#1975,#1976,#1977,#1978,
#1979,#1980,#1981),.UNSPECIFIED.,.T.,.F.) B_SPLINE_CURVE_WITH_KNOTS((1,2
    ,2,2,2,1),(-2.094395102393,0.,2.094395102393,4.188790204786,
6.28318530718,8.377580409573),.UNSPECIFIED.) CURVE() 
GEOMETRIC_REPRESENTATION_ITEM() RATIONAL_B_SPLINE_CURVE((1.,0.5,1.,0.5,
1.,0.5,1.)) REPRESENTATION_ITEM('') );
#1975 = CARTESIAN_POINT('',(67.15,0.));
#1976 = CARTESIAN_POINT('',(61.694039956158,0.));
#1977 = CARTESIAN_POINT('',(64.422019978079,4.725));
#1978 = CARTESIAN_POINT('',(67.15,9.45));
#1979 = CARTESIAN_POINT('',(69.877980021921,4.725));
#1980 = CARTESIAN_POINT('',(72.605960043842,4.884981308351E-15));
#1981 = CARTESIAN_POINT('',(67.15,0.));
#1982 = ( GEOMETRIC_REPRESENTATION_CONTEXT(2) 
PARAMETRIC_REPRESENTATION_CONTEXT() REPRESENTATION_CONTEXT('2D SPACE',''
  ) );
#1983 = PCURVE('',#1150,#1984);
#1984 = DEFINITIONAL_REPRESENTATION('',(#1985),#1989);
#1985 = LINE('',#1986,#1987);
#1986 = CARTESIAN_POINT('',(4.712388980385,-0.));
#1987 = VECTOR('',#1988,1.);
#1988 = DIRECTION('',(-1.,0.));
#1989 = ( GEOMETRIC_REPRESENTATION_CONTEXT(2) 
PARAMETRIC_REPRESENTATION_CONTEXT() REPRESENTATION_CONTEXT('2D SPACE',''
  ) );
#1990 = ORIENTED_EDGE('',*,*,#1991,.T.);
#1991 = EDGE_CURVE('',#1964,#1992,#1994,.T.);
#1992 = VERTEX_POINT('',#1993);
#1993 = CARTESIAN_POINT('',(72.15,5.,4.6));
#1994 = SURFACE_CURVE('',#1995,(#1999,#2006),.PCURVE_S1.);
#1995 = LINE('',#1996,#1997);
#1996 = CARTESIAN_POINT('',(72.15,176.15,4.6));
#1997 = VECTOR('',#1998,1.);
#1998 = DIRECTION('',(0.,-1.,1.224646799147E-16));
#1999 = PCURVE('',#697,#2000);
#2000 = DEFINITIONAL_REPRESENTATION('',(#2001),#2005);
#2001 = LINE('',#2002,#2003);
#2002 = CARTESIAN_POINT('',(70.3,0.));
#2003 = VECTOR('',#2004,1.);
#2004 = DIRECTION('',(0.,1.));
#2005 = ( GEOMETRIC_REPRESENTATION_CONTEXT(2) 
PARAMETRIC_REPRESENTATION_CONTEXT() REPRESENTATION_CONTEXT('2D SPACE',''
  ) );
#2006 = PCURVE('',#1117,#2007);
#2007 = DEFINITIONAL_REPRESENTATION('',(#2008),#2012);
#2008 = LINE('',#2009,#2010);
#2009 = CARTESIAN_POINT('',(0.,0.));
#2010 = VECTOR('',#2011,1.);
#2011 = DIRECTION('',(0.,-1.));
#2012 = ( GEOMETRIC_REPRESENTATION_CONTEXT(2) 
PARAMETRIC_REPRESENTATION_CONTEXT() REPRESENTATION_CONTEXT('2D SPACE',''
  ) );
#2013 = ORIENTED_EDGE('',*,*,#2014,.T.);
#2014 = EDGE_CURVE('',#1992,#2015,#2017,.T.);
#2015 = VERTEX_POINT('',#2016);
#2016 = CARTESIAN_POINT('',(69.,1.85,4.6));
#2017 = SURFACE_CURVE('',#2018,(#2023,#2030),.PCURVE_S1.);
#2018 = CIRCLE('',#2019,3.15);
#2019 = AXIS2_PLACEMENT_3D('',#2020,#2021,#2022);
#2020 = CARTESIAN_POINT('',(69.,5.,4.6));
#2021 = DIRECTION('',(0.,-1.224646799147E-16,-1.));
#2022 = DIRECTION('',(0.,1.,-1.224646799147E-16));
#2023 = PCURVE('',#697,#2024);
#2024 = DEFINITIONAL_REPRESENTATION('',(#2025),#2029);
#2025 = CIRCLE('',#2026,3.15);
#2026 = AXIS2_PLACEMENT_2D('',#2027,#2028);
#2027 = CARTESIAN_POINT('',(67.15,171.15));
#2028 = DIRECTION('',(0.,-1.));
#2029 = ( GEOMETRIC_REPRESENTATION_CONTEXT(2) 
PARAMETRIC_REPRESENTATION_CONTEXT() REPRESENTATION_CONTEXT('2D SPACE',''
  ) );
#2030 = PCURVE('',#1089,#2031);
#2031 = DEFINITIONAL_REPRESENTATION('',(#2032),#2036);
#2032 = LINE('',#2033,#2034);
#2033 = CARTESIAN_POINT('',(-1.570796326795,0.));
#2034 = VECTOR('',#2035,1.);
#2035 = DIRECTION('',(1.,0.));
#2036 = ( GEOMETRIC_REPRESENTATION_CONTEXT(2) 
PARAMETRIC_REPRESENTATION_CONTEXT() REPRESENTATION_CONTEXT('2D SPACE',''
  ) );
#2037 = ORIENTED_EDGE('',*,*,#2038,.F.);
#2038 = EDGE_CURVE('',#2039,#2015,#2041,.T.);
#2039 = VERTEX_POINT('',#2040);
#2040 = CARTESIAN_POINT('',(5.,1.85,4.6));
#2041 = SURFACE_CURVE('',#2042,(#2046,#2053),.PCURVE_S1.);
#2042 = LINE('',#2043,#2044);
#2043 = CARTESIAN_POINT('',(1.85,1.85,4.6));
#2044 = VECTOR('',#2045,1.);
#2045 = DIRECTION('',(1.,0.,0.));
#2046 = PCURVE('',#697,#2047);
#2047 = DEFINITIONAL_REPRESENTATION('',(#2048),#2052);
#2048 = LINE('',#2049,#2050);
#2049 = CARTESIAN_POINT('',(0.,174.3));
#2050 = VECTOR('',#2051,1.);
#2051 = DIRECTION('',(1.,0.));
#2052 = ( GEOMETRIC_REPRESENTATION_CONTEXT(2) 
PARAMETRIC_REPRESENTATION_CONTEXT() REPRESENTATION_CONTEXT('2D SPACE',''
  ) );
#2053 = PCURVE('',#1060,#2054);
#2054 = DEFINITIONAL_REPRESENTATION('',(#2055),#2059);
#2055 = LINE('',#2056,#2057);
#2056 = CARTESIAN_POINT('',(0.,0.));
#2057 = VECTOR('',#2058,1.);
#2058 = DIRECTION('',(0.,1.));
#2059 = ( GEOMETRIC_REPRESENTATION_CONTEXT(2) 
PARAMETRIC_REPRESENTATION_CONTEXT() REPRESENTATION_CONTEXT('2D SPACE',''
  ) );
#2060 = ORIENTED_EDGE('',*,*,#2061,.F.);
#2061 = EDGE_CURVE('',#2062,#2039,#2064,.T.);
#2062 = VERTEX_POINT('',#2063);
#2063 = CARTESIAN_POINT('',(1.85,5.,4.6));
#2064 = SURFACE_CURVE('',#2065,(#2070,#2081),.PCURVE_S1.);
#2065 = CIRCLE('',#2066,3.15);
#2066 = AXIS2_PLACEMENT_3D('',#2067,#2068,#2069);
#2067 = CARTESIAN_POINT('',(5.,5.,4.6));
#2068 = DIRECTION('',(0.,1.224646799147E-16,1.));
#2069 = DIRECTION('',(0.,1.,-1.224646799147E-16));
#2070 = PCURVE('',#697,#2071);
#2071 = DEFINITIONAL_REPRESENTATION('',(#2072),#2080);
#2072 = ( BOUNDED_CURVE() B_SPLINE_CURVE(2,(#2073,#2074,#2075,#2076,
#2077,#2078,#2079),.UNSPECIFIED.,.T.,.F.) B_SPLINE_CURVE_WITH_KNOTS((1,2
    ,2,2,2,1),(-2.094395102393,0.,2.094395102393,4.188790204786,
6.28318530718,8.377580409573),.UNSPECIFIED.) CURVE() 
GEOMETRIC_REPRESENTATION_ITEM() RATIONAL_B_SPLINE_CURVE((1.,0.5,1.,0.5,
1.,0.5,1.)) REPRESENTATION_ITEM('') );
#2073 = CARTESIAN_POINT('',(3.15,168.));
#2074 = CARTESIAN_POINT('',(-2.305960043842,168.));
#2075 = CARTESIAN_POINT('',(0.422019978079,172.725));
#2076 = CARTESIAN_POINT('',(3.15,177.45));
#2077 = CARTESIAN_POINT('',(5.877980021921,172.725));
#2078 = CARTESIAN_POINT('',(8.605960043842,168.));
#2079 = CARTESIAN_POINT('',(3.15,168.));
#2080 = ( GEOMETRIC_REPRESENTATION_CONTEXT(2) 
PARAMETRIC_REPRESENTATION_CONTEXT() REPRESENTATION_CONTEXT('2D SPACE',''
  ) );
#2081 = PCURVE('',#1032,#2082);
#2082 = DEFINITIONAL_REPRESENTATION('',(#2083),#2087);
#2083 = LINE('',#2084,#2085);
#2084 = CARTESIAN_POINT('',(1.570796326795,-0.));
#2085 = VECTOR('',#2086,1.);
#2086 = DIRECTION('',(-1.,0.));
#2087 = ( GEOMETRIC_REPRESENTATION_CONTEXT(2) 
PARAMETRIC_REPRESENTATION_CONTEXT() REPRESENTATION_CONTEXT('2D SPACE',''
  ) );
#2088 = ORIENTED_EDGE('',*,*,#2089,.F.);
#2089 = EDGE_CURVE('',#1373,#2062,#2090,.T.);
#2090 = SURFACE_CURVE('',#2091,(#2095,#2102),.PCURVE_S1.);
#2091 = LINE('',#2092,#2093);
#2092 = CARTESIAN_POINT('',(1.85,176.15,4.6));
#2093 = VECTOR('',#2094,1.);
#2094 = DIRECTION('',(0.,-1.,1.224646799147E-16));
#2095 = PCURVE('',#697,#2096);
#2096 = DEFINITIONAL_REPRESENTATION('',(#2097),#2101);
#2097 = LINE('',#2098,#2099);
#2098 = CARTESIAN_POINT('',(0.,0.));
#2099 = VECTOR('',#2100,1.);
#2100 = DIRECTION('',(0.,1.));
#2101 = ( GEOMETRIC_REPRESENTATION_CONTEXT(2) 
PARAMETRIC_REPRESENTATION_CONTEXT() REPRESENTATION_CONTEXT('2D SPACE',''
  ) );
#2102 = PCURVE('',#999,#2103);
#2103 = DEFINITIONAL_REPRESENTATION('',(#2104),#2108);
#2104 = LINE('',#2105,#2106);
#2105 = CARTESIAN_POINT('',(0.,0.));
#2106 = VECTOR('',#2107,1.);
#2107 = DIRECTION('',(0.,-1.));
#2108 = ( GEOMETRIC_REPRESENTATION_CONTEXT(2) 
PARAMETRIC_REPRESENTATION_CONTEXT() REPRESENTATION_CONTEXT('2D SPACE',''
  ) );
#2109 = ORIENTED_EDGE('',*,*,#1372,.F.);
#2110 = ORIENTED_EDGE('',*,*,#2111,.T.);
#2111 = EDGE_CURVE('',#1345,#2112,#2114,.T.);
#2112 = VERTEX_POINT('',#2113);
#2113 = CARTESIAN_POINT('',(2.85,5.,4.6));
#2114 = SURFACE_CURVE('',#2115,(#2119,#2126),.PCURVE_S1.);
#2115 = LINE('',#2116,#2117);
#2116 = CARTESIAN_POINT('',(2.85,175.65,4.6));
#2117 = VECTOR('',#2118,1.);
#2118 = DIRECTION('',(0.,-1.,1.224646799147E-16));
#2119 = PCURVE('',#697,#2120);
#2120 = DEFINITIONAL_REPRESENTATION('',(#2121),#2125);
#2121 = LINE('',#2122,#2123);
#2122 = CARTESIAN_POINT('',(1.,0.5));
#2123 = VECTOR('',#2124,1.);
#2124 = DIRECTION('',(0.,1.));
#2125 = ( GEOMETRIC_REPRESENTATION_CONTEXT(2) 
PARAMETRIC_REPRESENTATION_CONTEXT() REPRESENTATION_CONTEXT('2D SPACE',''
  ) );
#2126 = PCURVE('',#1360,#2127);
#2127 = DEFINITIONAL_REPRESENTATION('',(#2128),#2132);
#2128 = LINE('',#2129,#2130);
#2129 = CARTESIAN_POINT('',(1.E-01,0.5));
#2130 = VECTOR('',#2131,1.);
#2131 = DIRECTION('',(0.,-1.));
#2132 = ( GEOMETRIC_REPRESENTATION_CONTEXT(2) 
PARAMETRIC_REPRESENTATION_CONTEXT() REPRESENTATION_CONTEXT('2D SPACE',''
  ) );
#2133 = ORIENTED_EDGE('',*,*,#2134,.F.);
#2134 = EDGE_CURVE('',#2135,#2112,#2137,.T.);
#2135 = VERTEX_POINT('',#2136);
#2136 = CARTESIAN_POINT('',(5.,2.85,4.6));
#2137 = SURFACE_CURVE('',#2138,(#2143,#2150),.PCURVE_S1.);
#2138 = CIRCLE('',#2139,2.15);
#2139 = AXIS2_PLACEMENT_3D('',#2140,#2141,#2142);
#2140 = CARTESIAN_POINT('',(5.,5.,4.6));
#2141 = DIRECTION('',(0.,-1.224646799147E-16,-1.));
#2142 = DIRECTION('',(-1.,0.,-0.));
#2143 = PCURVE('',#697,#2144);
#2144 = DEFINITIONAL_REPRESENTATION('',(#2145),#2149);
#2145 = CIRCLE('',#2146,2.15);
#2146 = AXIS2_PLACEMENT_2D('',#2147,#2148);
#2147 = CARTESIAN_POINT('',(3.15,171.15));
#2148 = DIRECTION('',(-1.,0.));
#2149 = ( GEOMETRIC_REPRESENTATION_CONTEXT(2) 
PARAMETRIC_REPRESENTATION_CONTEXT() REPRESENTATION_CONTEXT('2D SPACE',''
  ) );
#2150 = PCURVE('',#2151,#2156);
#2151 = CYLINDRICAL_SURFACE('',#2152,2.15);
#2152 = AXIS2_PLACEMENT_3D('',#2153,#2154,#2155);
#2153 = CARTESIAN_POINT('',(5.,5.,4.7));
#2154 = DIRECTION('',(0.,-1.224646799147E-16,-1.));
#2155 = DIRECTION('',(-1.,0.,-0.));
#2156 = DEFINITIONAL_REPRESENTATION('',(#2157),#2161);
#2157 = LINE('',#2158,#2159);
#2158 = CARTESIAN_POINT('',(-6.28318530718,1.E-01));
#2159 = VECTOR('',#2160,1.);
#2160 = DIRECTION('',(1.,-0.));
#2161 = ( GEOMETRIC_REPRESENTATION_CONTEXT(2) 
PARAMETRIC_REPRESENTATION_CONTEXT() REPRESENTATION_CONTEXT('2D SPACE',''
  ) );
#2162 = ORIENTED_EDGE('',*,*,#2163,.F.);
#2163 = EDGE_CURVE('',#2164,#2135,#2166,.T.);
#2164 = VERTEX_POINT('',#2165);
#2165 = CARTESIAN_POINT('',(69.,2.85,4.6));
#2166 = SURFACE_CURVE('',#2167,(#2171,#2178),.PCURVE_S1.);
#2167 = LINE('',#2168,#2169);
#2168 = CARTESIAN_POINT('',(2.35,2.85,4.6));
#2169 = VECTOR('',#2170,1.);
#2170 = DIRECTION('',(-1.,-0.,0.));
#2171 = PCURVE('',#697,#2172);
#2172 = DEFINITIONAL_REPRESENTATION('',(#2173),#2177);
#2173 = LINE('',#2174,#2175);
#2174 = CARTESIAN_POINT('',(0.5,173.3));
#2175 = VECTOR('',#2176,1.);
#2176 = DIRECTION('',(-1.,0.));
#2177 = ( GEOMETRIC_REPRESENTATION_CONTEXT(2) 
PARAMETRIC_REPRESENTATION_CONTEXT() REPRESENTATION_CONTEXT('2D SPACE',''
  ) );
#2178 = PCURVE('',#2179,#2184);
#2179 = PLANE('',#2180);
#2180 = AXIS2_PLACEMENT_3D('',#2181,#2182,#2183);
#2181 = CARTESIAN_POINT('',(2.85,2.85,4.7));
#2182 = DIRECTION('',(0.,-1.,1.224646799147E-16));
#2183 = DIRECTION('',(0.,-1.224646799147E-16,-1.));
#2184 = DEFINITIONAL_REPRESENTATION('',(#2185),#2189);
#2185 = LINE('',#2186,#2187);
#2186 = CARTESIAN_POINT('',(1.E-01,-0.5));
#2187 = VECTOR('',#2188,1.);
#2188 = DIRECTION('',(-0.,-1.));
#2189 = ( GEOMETRIC_REPRESENTATION_CONTEXT(2) 
PARAMETRIC_REPRESENTATION_CONTEXT() REPRESENTATION_CONTEXT('2D SPACE',''
  ) );
#2190 = ORIENTED_EDGE('',*,*,#2191,.F.);
#2191 = EDGE_CURVE('',#2192,#2164,#2194,.T.);
#2192 = VERTEX_POINT('',#2193);
#2193 = CARTESIAN_POINT('',(71.15,5.,4.6));
#2194 = SURFACE_CURVE('',#2195,(#2200,#2207),.PCURVE_S1.);
#2195 = CIRCLE('',#2196,2.15);
#2196 = AXIS2_PLACEMENT_3D('',#2197,#2198,#2199);
#2197 = CARTESIAN_POINT('',(69.,5.,4.6));
#2198 = DIRECTION('',(0.,-1.224646799147E-16,-1.));
#2199 = DIRECTION('',(1.,0.,0.));
#2200 = PCURVE('',#697,#2201);
#2201 = DEFINITIONAL_REPRESENTATION('',(#2202),#2206);
#2202 = CIRCLE('',#2203,2.15);
#2203 = AXIS2_PLACEMENT_2D('',#2204,#2205);
#2204 = CARTESIAN_POINT('',(67.15,171.15));
#2205 = DIRECTION('',(1.,0.));
#2206 = ( GEOMETRIC_REPRESENTATION_CONTEXT(2) 
PARAMETRIC_REPRESENTATION_CONTEXT() REPRESENTATION_CONTEXT('2D SPACE',''
  ) );
#2207 = PCURVE('',#2208,#2213);
#2208 = CYLINDRICAL_SURFACE('',#2209,2.15);
#2209 = AXIS2_PLACEMENT_3D('',#2210,#2211,#2212);
#2210 = CARTESIAN_POINT('',(69.,5.,4.7));
#2211 = DIRECTION('',(0.,-1.224646799147E-16,-1.));
#2212 = DIRECTION('',(1.,0.,0.));
#2213 = DEFINITIONAL_REPRESENTATION('',(#2214),#2218);
#2214 = LINE('',#2215,#2216);
#2215 = CARTESIAN_POINT('',(0.,1.E-01));
#2216 = VECTOR('',#2217,1.);
#2217 = DIRECTION('',(1.,0.));
#2218 = ( GEOMETRIC_REPRESENTATION_CONTEXT(2) 
PARAMETRIC_REPRESENTATION_CONTEXT() REPRESENTATION_CONTEXT('2D SPACE',''
  ) );
#2219 = ORIENTED_EDGE('',*,*,#2220,.F.);
#2220 = EDGE_CURVE('',#2221,#2192,#2223,.T.);
#2221 = VERTEX_POINT('',#2222);
#2222 = CARTESIAN_POINT('',(71.15,173.,4.6));
#2223 = SURFACE_CURVE('',#2224,(#2228,#2235),.PCURVE_S1.);
#2224 = LINE('',#2225,#2226);
#2225 = CARTESIAN_POINT('',(71.15,175.65,4.6));
#2226 = VECTOR('',#2227,1.);
#2227 = DIRECTION('',(0.,-1.,1.224646799147E-16));
#2228 = PCURVE('',#697,#2229);
#2229 = DEFINITIONAL_REPRESENTATION('',(#2230),#2234);
#2230 = LINE('',#2231,#2232);
#2231 = CARTESIAN_POINT('',(69.3,0.5));
#2232 = VECTOR('',#2233,1.);
#2233 = DIRECTION('',(0.,1.));
#2234 = ( GEOMETRIC_REPRESENTATION_CONTEXT(2) 
PARAMETRIC_REPRESENTATION_CONTEXT() REPRESENTATION_CONTEXT('2D SPACE',''
  ) );
#2235 = PCURVE('',#2236,#2241);
#2236 = PLANE('',#2237);
#2237 = AXIS2_PLACEMENT_3D('',#2238,#2239,#2240);
#2238 = CARTESIAN_POINT('',(71.15,175.15,4.7));
#2239 = DIRECTION('',(1.,0.,0.));
#2240 = DIRECTION('',(0.,-1.224646799147E-16,-1.));
#2241 = DEFINITIONAL_REPRESENTATION('',(#2242),#2246);
#2242 = LINE('',#2243,#2244);
#2243 = CARTESIAN_POINT('',(1.E-01,0.5));
#2244 = VECTOR('',#2245,1.);
#2245 = DIRECTION('',(0.,-1.));
#2246 = ( GEOMETRIC_REPRESENTATION_CONTEXT(2) 
PARAMETRIC_REPRESENTATION_CONTEXT() REPRESENTATION_CONTEXT('2D SPACE',''
  ) );
#2247 = ORIENTED_EDGE('',*,*,#2248,.F.);
#2248 = EDGE_CURVE('',#2249,#2221,#2251,.T.);
#2249 = VERTEX_POINT('',#2250);
#2250 = CARTESIAN_POINT('',(69.,175.15,4.6));
#2251 = SURFACE_CURVE('',#2252,(#2257,#2264),.PCURVE_S1.);
#2252 = CIRCLE('',#2253,2.15);
#2253 = AXIS2_PLACEMENT_3D('',#2254,#2255,#2256);
#2254 = CARTESIAN_POINT('',(69.,173.,4.6));
#2255 = DIRECTION('',(0.,-1.224646799147E-16,-1.));
#2256 = DIRECTION('',(1.,0.,0.));
#2257 = PCURVE('',#697,#2258);
#2258 = DEFINITIONAL_REPRESENTATION('',(#2259),#2263);
#2259 = CIRCLE('',#2260,2.15);
#2260 = AXIS2_PLACEMENT_2D('',#2261,#2262);
#2261 = CARTESIAN_POINT('',(67.15,3.15));
#2262 = DIRECTION('',(1.,0.));
#2263 = ( GEOMETRIC_REPRESENTATION_CONTEXT(2) 
PARAMETRIC_REPRESENTATION_CONTEXT() REPRESENTATION_CONTEXT('2D SPACE',''
  ) );
#2264 = PCURVE('',#2265,#2270);
#2265 = CYLINDRICAL_SURFACE('',#2266,2.15);
#2266 = AXIS2_PLACEMENT_3D('',#2267,#2268,#2269);
#2267 = CARTESIAN_POINT('',(69.,173.,4.7));
#2268 = DIRECTION('',(0.,-1.224646799147E-16,-1.));
#2269 = DIRECTION('',(1.,0.,0.));
#2270 = DEFINITIONAL_REPRESENTATION('',(#2271),#2275);
#2271 = LINE('',#2272,#2273);
#2272 = CARTESIAN_POINT('',(-6.28318530718,1.E-01));
#2273 = VECTOR('',#2274,1.);
#2274 = DIRECTION('',(1.,-0.));
#2275 = ( GEOMETRIC_REPRESENTATION_CONTEXT(2) 
PARAMETRIC_REPRESENTATION_CONTEXT() REPRESENTATION_CONTEXT('2D SPACE',''
  ) );
#2276 = ORIENTED_EDGE('',*,*,#2277,.T.);
#2277 = EDGE_CURVE('',#2249,#2278,#2280,.T.);
#2278 = VERTEX_POINT('',#2279);
#2279 = CARTESIAN_POINT('',(5.,175.15,4.6));
#2280 = SURFACE_CURVE('',#2281,(#2285,#2292),.PCURVE_S1.);
#2281 = LINE('',#2282,#2283);
#2282 = CARTESIAN_POINT('',(2.35,175.15,4.6));
#2283 = VECTOR('',#2284,1.);
#2284 = DIRECTION('',(-1.,-0.,0.));
#2285 = PCURVE('',#697,#2286);
#2286 = DEFINITIONAL_REPRESENTATION('',(#2287),#2291);
#2287 = LINE('',#2288,#2289);
#2288 = CARTESIAN_POINT('',(0.5,1.));
#2289 = VECTOR('',#2290,1.);
#2290 = DIRECTION('',(-1.,0.));
#2291 = ( GEOMETRIC_REPRESENTATION_CONTEXT(2) 
PARAMETRIC_REPRESENTATION_CONTEXT() REPRESENTATION_CONTEXT('2D SPACE',''
  ) );
#2292 = PCURVE('',#2293,#2298);
#2293 = PLANE('',#2294);
#2294 = AXIS2_PLACEMENT_3D('',#2295,#2296,#2297);
#2295 = CARTESIAN_POINT('',(2.85,175.15,4.7));
#2296 = DIRECTION('',(0.,-1.,1.224646799147E-16));
#2297 = DIRECTION('',(0.,-1.224646799147E-16,-1.));
#2298 = DEFINITIONAL_REPRESENTATION('',(#2299),#2303);
#2299 = LINE('',#2300,#2301);
#2300 = CARTESIAN_POINT('',(1.E-01,-0.5));
#2301 = VECTOR('',#2302,1.);
#2302 = DIRECTION('',(-0.,-1.));
#2303 = ( GEOMETRIC_REPRESENTATION_CONTEXT(2) 
PARAMETRIC_REPRESENTATION_CONTEXT() REPRESENTATION_CONTEXT('2D SPACE',''
  ) );
#2304 = ORIENTED_EDGE('',*,*,#2305,.F.);
#2305 = EDGE_CURVE('',#2306,#2278,#2308,.T.);
#2306 = VERTEX_POINT('',#2307);
#2307 = CARTESIAN_POINT('',(2.85,173.,4.6));
#2308 = SURFACE_CURVE('',#2309,(#2314,#2321),.PCURVE_S1.);
#2309 = CIRCLE('',#2310,2.15);
#2310 = AXIS2_PLACEMENT_3D('',#2311,#2312,#2313);
#2311 = CARTESIAN_POINT('',(5.,173.,4.6));
#2312 = DIRECTION('',(0.,-1.224646799147E-16,-1.));
#2313 = DIRECTION('',(-1.,0.,-0.));
#2314 = PCURVE('',#697,#2315);
#2315 = DEFINITIONAL_REPRESENTATION('',(#2316),#2320);
#2316 = CIRCLE('',#2317,2.15);
#2317 = AXIS2_PLACEMENT_2D('',#2318,#2319);
#2318 = CARTESIAN_POINT('',(3.15,3.15));
#2319 = DIRECTION('',(-1.,0.));
#2320 = ( GEOMETRIC_REPRESENTATION_CONTEXT(2) 
PARAMETRIC_REPRESENTATION_CONTEXT() REPRESENTATION_CONTEXT('2D SPACE',''
  ) );
#2321 = PCURVE('',#2322,#2327);
#2322 = CYLINDRICAL_SURFACE('',#2323,2.15);
#2323 = AXIS2_PLACEMENT_3D('',#2324,#2325,#2326);
#2324 = CARTESIAN_POINT('',(5.,173.,4.7));
#2325 = DIRECTION('',(0.,-1.224646799147E-16,-1.));
#2326 = DIRECTION('',(-1.,0.,-0.));
#2327 = DEFINITIONAL_REPRESENTATION('',(#2328),#2332);
#2328 = LINE('',#2329,#2330);
#2329 = CARTESIAN_POINT('',(0.,1.E-01));
#2330 = VECTOR('',#2331,1.);
#2331 = DIRECTION('',(1.,0.));
#2332 = ( GEOMETRIC_REPRESENTATION_CONTEXT(2) 
PARAMETRIC_REPRESENTATION_CONTEXT() REPRESENTATION_CONTEXT('2D SPACE',''
  ) );
#2333 = ORIENTED_EDGE('',*,*,#2334,.T.);
#2334 = EDGE_CURVE('',#2306,#654,#2335,.T.);
#2335 = SURFACE_CURVE('',#2336,(#2340,#2347),.PCURVE_S1.);
#2336 = LINE('',#2337,#2338);
#2337 = CARTESIAN_POINT('',(2.85,175.65,4.6));
#2338 = VECTOR('',#2339,1.);
#2339 = DIRECTION('',(0.,-1.,1.224646799147E-16));
#2340 = PCURVE('',#697,#2341);
#2341 = DEFINITIONAL_REPRESENTATION('',(#2342),#2346);
#2342 = LINE('',#2343,#2344);
#2343 = CARTESIAN_POINT('',(1.,0.5));
#2344 = VECTOR('',#2345,1.);
#2345 = DIRECTION('',(0.,1.));
#2346 = ( GEOMETRIC_REPRESENTATION_CONTEXT(2) 
PARAMETRIC_REPRESENTATION_CONTEXT() REPRESENTATION_CONTEXT('2D SPACE',''
  ) );
#2347 = PCURVE('',#669,#2348);
#2348 = DEFINITIONAL_REPRESENTATION('',(#2349),#2353);
#2349 = LINE('',#2350,#2351);
#2350 = CARTESIAN_POINT('',(1.E-01,0.5));
#2351 = VECTOR('',#2352,1.);
#2352 = DIRECTION('',(0.,-1.));
#2353 = ( GEOMETRIC_REPRESENTATION_CONTEXT(2) 
PARAMETRIC_REPRESENTATION_CONTEXT() REPRESENTATION_CONTEXT('2D SPACE',''
  ) );
#2354 = ORIENTED_EDGE('',*,*,#681,.T.);
#2355 = ADVANCED_FACE('',(#2356),#669,.T.);
#2356 = FACE_BOUND('',#2357,.T.);
#2357 = EDGE_LOOP('',(#2358,#2381,#2402,#2403));
#2358 = ORIENTED_EDGE('',*,*,#2359,.F.);
#2359 = EDGE_CURVE('',#2360,#626,#2362,.T.);
#2360 = VERTEX_POINT('',#2361);
#2361 = CARTESIAN_POINT('',(2.85,173.,1.6));
#2362 = SURFACE_CURVE('',#2363,(#2367,#2374),.PCURVE_S1.);
#2363 = LINE('',#2364,#2365);
#2364 = CARTESIAN_POINT('',(2.85,175.65,1.6));
#2365 = VECTOR('',#2366,1.);
#2366 = DIRECTION('',(0.,-1.,1.224646799147E-16));
#2367 = PCURVE('',#669,#2368);
#2368 = DEFINITIONAL_REPRESENTATION('',(#2369),#2373);
#2369 = LINE('',#2370,#2371);
#2370 = CARTESIAN_POINT('',(3.1,0.5));
#2371 = VECTOR('',#2372,1.);
#2372 = DIRECTION('',(0.,-1.));
#2373 = ( GEOMETRIC_REPRESENTATION_CONTEXT(2) 
PARAMETRIC_REPRESENTATION_CONTEXT() REPRESENTATION_CONTEXT('2D SPACE',''
  ) );
#2374 = PCURVE('',#641,#2375);
#2375 = DEFINITIONAL_REPRESENTATION('',(#2376),#2380);
#2376 = LINE('',#2377,#2378);
#2377 = CARTESIAN_POINT('',(2.85,2.35));
#2378 = VECTOR('',#2379,1.);
#2379 = DIRECTION('',(0.,1.));
#2380 = ( GEOMETRIC_REPRESENTATION_CONTEXT(2) 
PARAMETRIC_REPRESENTATION_CONTEXT() REPRESENTATION_CONTEXT('2D SPACE',''
  ) );
#2381 = ORIENTED_EDGE('',*,*,#2382,.F.);
#2382 = EDGE_CURVE('',#2306,#2360,#2383,.T.);
#2383 = SURFACE_CURVE('',#2384,(#2388,#2395),.PCURVE_S1.);
#2384 = LINE('',#2385,#2386);
#2385 = CARTESIAN_POINT('',(2.85,173.,4.7));
#2386 = VECTOR('',#2387,1.);
#2387 = DIRECTION('',(0.,-1.224646799147E-16,-1.));
#2388 = PCURVE('',#669,#2389);
#2389 = DEFINITIONAL_REPRESENTATION('',(#2390),#2394);
#2390 = LINE('',#2391,#2392);
#2391 = CARTESIAN_POINT('',(2.632990618167E-16,-2.15));
#2392 = VECTOR('',#2393,1.);
#2393 = DIRECTION('',(1.,0.));
#2394 = ( GEOMETRIC_REPRESENTATION_CONTEXT(2) 
PARAMETRIC_REPRESENTATION_CONTEXT() REPRESENTATION_CONTEXT('2D SPACE',''
  ) );
#2395 = PCURVE('',#2322,#2396);
#2396 = DEFINITIONAL_REPRESENTATION('',(#2397),#2401);
#2397 = LINE('',#2398,#2399);
#2398 = CARTESIAN_POINT('',(0.,0.));
#2399 = VECTOR('',#2400,1.);
#2400 = DIRECTION('',(0.,1.));
#2401 = ( GEOMETRIC_REPRESENTATION_CONTEXT(2) 
PARAMETRIC_REPRESENTATION_CONTEXT() REPRESENTATION_CONTEXT('2D SPACE',''
  ) );
#2402 = ORIENTED_EDGE('',*,*,#2334,.T.);
#2403 = ORIENTED_EDGE('',*,*,#653,.T.);
#2404 = ADVANCED_FACE('',(#2405,#2597,#2600),#641,.F.);
#2405 = FACE_BOUND('',#2406,.F.);
#2406 = EDGE_LOOP('',(#2407,#2408,#2432,#2455,#2479,#2502,#2526,#2549,
    #2573,#2594,#2595,#2596));
#2407 = ORIENTED_EDGE('',*,*,#2359,.F.);
#2408 = ORIENTED_EDGE('',*,*,#2409,.T.);
#2409 = EDGE_CURVE('',#2360,#2410,#2412,.T.);
#2410 = VERTEX_POINT('',#2411);
#2411 = CARTESIAN_POINT('',(5.,175.15,1.6));
#2412 = SURFACE_CURVE('',#2413,(#2418,#2425),.PCURVE_S1.);
#2413 = CIRCLE('',#2414,2.15);
#2414 = AXIS2_PLACEMENT_3D('',#2415,#2416,#2417);
#2415 = CARTESIAN_POINT('',(5.,173.,1.6));
#2416 = DIRECTION('',(0.,-1.224646799147E-16,-1.));
#2417 = DIRECTION('',(-1.,0.,-0.));
#2418 = PCURVE('',#641,#2419);
#2419 = DEFINITIONAL_REPRESENTATION('',(#2420),#2424);
#2420 = CIRCLE('',#2421,2.15);
#2421 = AXIS2_PLACEMENT_2D('',#2422,#2423);
#2422 = CARTESIAN_POINT('',(5.,5.));
#2423 = DIRECTION('',(-1.,0.));
#2424 = ( GEOMETRIC_REPRESENTATION_CONTEXT(2) 
PARAMETRIC_REPRESENTATION_CONTEXT() REPRESENTATION_CONTEXT('2D SPACE',''
  ) );
#2425 = PCURVE('',#2322,#2426);
#2426 = DEFINITIONAL_REPRESENTATION('',(#2427),#2431);
#2427 = LINE('',#2428,#2429);
#2428 = CARTESIAN_POINT('',(0.,3.1));
#2429 = VECTOR('',#2430,1.);
#2430 = DIRECTION('',(1.,0.));
#2431 = ( GEOMETRIC_REPRESENTATION_CONTEXT(2) 
PARAMETRIC_REPRESENTATION_CONTEXT() REPRESENTATION_CONTEXT('2D SPACE',''
  ) );
#2432 = ORIENTED_EDGE('',*,*,#2433,.F.);
#2433 = EDGE_CURVE('',#2434,#2410,#2436,.T.);
#2434 = VERTEX_POINT('',#2435);
#2435 = CARTESIAN_POINT('',(69.,175.15,1.6));
#2436 = SURFACE_CURVE('',#2437,(#2441,#2448),.PCURVE_S1.);
#2437 = LINE('',#2438,#2439);
#2438 = CARTESIAN_POINT('',(2.35,175.15,1.6));
#2439 = VECTOR('',#2440,1.);
#2440 = DIRECTION('',(-1.,-0.,0.));
#2441 = PCURVE('',#641,#2442);
#2442 = DEFINITIONAL_REPRESENTATION('',(#2443),#2447);
#2443 = LINE('',#2444,#2445);
#2444 = CARTESIAN_POINT('',(2.35,2.85));
#2445 = VECTOR('',#2446,1.);
#2446 = DIRECTION('',(-1.,0.));
#2447 = ( GEOMETRIC_REPRESENTATION_CONTEXT(2) 
PARAMETRIC_REPRESENTATION_CONTEXT() REPRESENTATION_CONTEXT('2D SPACE',''
  ) );
#2448 = PCURVE('',#2293,#2449);
#2449 = DEFINITIONAL_REPRESENTATION('',(#2450),#2454);
#2450 = LINE('',#2451,#2452);
#2451 = CARTESIAN_POINT('',(3.1,-0.5));
#2452 = VECTOR('',#2453,1.);
#2453 = DIRECTION('',(-0.,-1.));
#2454 = ( GEOMETRIC_REPRESENTATION_CONTEXT(2) 
PARAMETRIC_REPRESENTATION_CONTEXT() REPRESENTATION_CONTEXT('2D SPACE',''
  ) );
#2455 = ORIENTED_EDGE('',*,*,#2456,.T.);
#2456 = EDGE_CURVE('',#2434,#2457,#2459,.T.);
#2457 = VERTEX_POINT('',#2458);
#2458 = CARTESIAN_POINT('',(71.15,173.,1.6));
#2459 = SURFACE_CURVE('',#2460,(#2465,#2472),.PCURVE_S1.);
#2460 = CIRCLE('',#2461,2.15);
#2461 = AXIS2_PLACEMENT_3D('',#2462,#2463,#2464);
#2462 = CARTESIAN_POINT('',(69.,173.,1.6));
#2463 = DIRECTION('',(0.,-1.224646799147E-16,-1.));
#2464 = DIRECTION('',(1.,0.,0.));
#2465 = PCURVE('',#641,#2466);
#2466 = DEFINITIONAL_REPRESENTATION('',(#2467),#2471);
#2467 = CIRCLE('',#2468,2.15);
#2468 = AXIS2_PLACEMENT_2D('',#2469,#2470);
#2469 = CARTESIAN_POINT('',(69.,5.));
#2470 = DIRECTION('',(1.,0.));
#2471 = ( GEOMETRIC_REPRESENTATION_CONTEXT(2) 
PARAMETRIC_REPRESENTATION_CONTEXT() REPRESENTATION_CONTEXT('2D SPACE',''
  ) );
#2472 = PCURVE('',#2265,#2473);
#2473 = DEFINITIONAL_REPRESENTATION('',(#2474),#2478);
#2474 = LINE('',#2475,#2476);
#2475 = CARTESIAN_POINT('',(-6.28318530718,3.1));
#2476 = VECTOR('',#2477,1.);
#2477 = DIRECTION('',(1.,-0.));
#2478 = ( GEOMETRIC_REPRESENTATION_CONTEXT(2) 
PARAMETRIC_REPRESENTATION_CONTEXT() REPRESENTATION_CONTEXT('2D SPACE',''
  ) );
#2479 = ORIENTED_EDGE('',*,*,#2480,.T.);
#2480 = EDGE_CURVE('',#2457,#2481,#2483,.T.);
#2481 = VERTEX_POINT('',#2482);
#2482 = CARTESIAN_POINT('',(71.15,5.,1.6));
#2483 = SURFACE_CURVE('',#2484,(#2488,#2495),.PCURVE_S1.);
#2484 = LINE('',#2485,#2486);
#2485 = CARTESIAN_POINT('',(71.15,175.65,1.6));
#2486 = VECTOR('',#2487,1.);
#2487 = DIRECTION('',(0.,-1.,1.224646799147E-16));
#2488 = PCURVE('',#641,#2489);
#2489 = DEFINITIONAL_REPRESENTATION('',(#2490),#2494);
#2490 = LINE('',#2491,#2492);
#2491 = CARTESIAN_POINT('',(71.15,2.35));
#2492 = VECTOR('',#2493,1.);
#2493 = DIRECTION('',(0.,1.));
#2494 = ( GEOMETRIC_REPRESENTATION_CONTEXT(2) 
PARAMETRIC_REPRESENTATION_CONTEXT() REPRESENTATION_CONTEXT('2D SPACE',''
  ) );
#2495 = PCURVE('',#2236,#2496);
#2496 = DEFINITIONAL_REPRESENTATION('',(#2497),#2501);
#2497 = LINE('',#2498,#2499);
#2498 = CARTESIAN_POINT('',(3.1,0.5));
#2499 = VECTOR('',#2500,1.);
#2500 = DIRECTION('',(0.,-1.));
#2501 = ( GEOMETRIC_REPRESENTATION_CONTEXT(2) 
PARAMETRIC_REPRESENTATION_CONTEXT() REPRESENTATION_CONTEXT('2D SPACE',''
  ) );
#2502 = ORIENTED_EDGE('',*,*,#2503,.T.);
#2503 = EDGE_CURVE('',#2481,#2504,#2506,.T.);
#2504 = VERTEX_POINT('',#2505);
#2505 = CARTESIAN_POINT('',(69.,2.85,1.6));
#2506 = SURFACE_CURVE('',#2507,(#2512,#2519),.PCURVE_S1.);
#2507 = CIRCLE('',#2508,2.15);
#2508 = AXIS2_PLACEMENT_3D('',#2509,#2510,#2511);
#2509 = CARTESIAN_POINT('',(69.,5.,1.6));
#2510 = DIRECTION('',(0.,-1.224646799147E-16,-1.));
#2511 = DIRECTION('',(1.,0.,0.));
#2512 = PCURVE('',#641,#2513);
#2513 = DEFINITIONAL_REPRESENTATION('',(#2514),#2518);
#2514 = CIRCLE('',#2515,2.15);
#2515 = AXIS2_PLACEMENT_2D('',#2516,#2517);
#2516 = CARTESIAN_POINT('',(69.,173.));
#2517 = DIRECTION('',(1.,0.));
#2518 = ( GEOMETRIC_REPRESENTATION_CONTEXT(2) 
PARAMETRIC_REPRESENTATION_CONTEXT() REPRESENTATION_CONTEXT('2D SPACE',''
  ) );
#2519 = PCURVE('',#2208,#2520);
#2520 = DEFINITIONAL_REPRESENTATION('',(#2521),#2525);
#2521 = LINE('',#2522,#2523);
#2522 = CARTESIAN_POINT('',(0.,3.1));
#2523 = VECTOR('',#2524,1.);
#2524 = DIRECTION('',(1.,0.));
#2525 = ( GEOMETRIC_REPRESENTATION_CONTEXT(2) 
PARAMETRIC_REPRESENTATION_CONTEXT() REPRESENTATION_CONTEXT('2D SPACE',''
  ) );
#2526 = ORIENTED_EDGE('',*,*,#2527,.T.);
#2527 = EDGE_CURVE('',#2504,#2528,#2530,.T.);
#2528 = VERTEX_POINT('',#2529);
#2529 = CARTESIAN_POINT('',(5.,2.85,1.6));
#2530 = SURFACE_CURVE('',#2531,(#2535,#2542),.PCURVE_S1.);
#2531 = LINE('',#2532,#2533);
#2532 = CARTESIAN_POINT('',(2.35,2.85,1.6));
#2533 = VECTOR('',#2534,1.);
#2534 = DIRECTION('',(-1.,-0.,0.));
#2535 = PCURVE('',#641,#2536);
#2536 = DEFINITIONAL_REPRESENTATION('',(#2537),#2541);
#2537 = LINE('',#2538,#2539);
#2538 = CARTESIAN_POINT('',(2.35,175.15));
#2539 = VECTOR('',#2540,1.);
#2540 = DIRECTION('',(-1.,0.));
#2541 = ( GEOMETRIC_REPRESENTATION_CONTEXT(2) 
PARAMETRIC_REPRESENTATION_CONTEXT() REPRESENTATION_CONTEXT('2D SPACE',''
  ) );
#2542 = PCURVE('',#2179,#2543);
#2543 = DEFINITIONAL_REPRESENTATION('',(#2544),#2548);
#2544 = LINE('',#2545,#2546);
#2545 = CARTESIAN_POINT('',(3.1,-0.5));
#2546 = VECTOR('',#2547,1.);
#2547 = DIRECTION('',(-0.,-1.));
#2548 = ( GEOMETRIC_REPRESENTATION_CONTEXT(2) 
PARAMETRIC_REPRESENTATION_CONTEXT() REPRESENTATION_CONTEXT('2D SPACE',''
  ) );
#2549 = ORIENTED_EDGE('',*,*,#2550,.T.);
#2550 = EDGE_CURVE('',#2528,#2551,#2553,.T.);
#2551 = VERTEX_POINT('',#2552);
#2552 = CARTESIAN_POINT('',(2.85,5.,1.6));
#2553 = SURFACE_CURVE('',#2554,(#2559,#2566),.PCURVE_S1.);
#2554 = CIRCLE('',#2555,2.15);
#2555 = AXIS2_PLACEMENT_3D('',#2556,#2557,#2558);
#2556 = CARTESIAN_POINT('',(5.,5.,1.6));
#2557 = DIRECTION('',(0.,-1.224646799147E-16,-1.));
#2558 = DIRECTION('',(-1.,0.,-0.));
#2559 = PCURVE('',#641,#2560);
#2560 = DEFINITIONAL_REPRESENTATION('',(#2561),#2565);
#2561 = CIRCLE('',#2562,2.15);
#2562 = AXIS2_PLACEMENT_2D('',#2563,#2564);
#2563 = CARTESIAN_POINT('',(5.,173.));
#2564 = DIRECTION('',(-1.,0.));
#2565 = ( GEOMETRIC_REPRESENTATION_CONTEXT(2) 
PARAMETRIC_REPRESENTATION_CONTEXT() REPRESENTATION_CONTEXT('2D SPACE',''
  ) );
#2566 = PCURVE('',#2151,#2567);
#2567 = DEFINITIONAL_REPRESENTATION('',(#2568),#2572);
#2568 = LINE('',#2569,#2570);
#2569 = CARTESIAN_POINT('',(-6.28318530718,3.1));
#2570 = VECTOR('',#2571,1.);
#2571 = DIRECTION('',(1.,-0.));
#2572 = ( GEOMETRIC_REPRESENTATION_CONTEXT(2) 
PARAMETRIC_REPRESENTATION_CONTEXT() REPRESENTATION_CONTEXT('2D SPACE',''
  ) );
#2573 = ORIENTED_EDGE('',*,*,#2574,.F.);
#2574 = EDGE_CURVE('',#1322,#2551,#2575,.T.);
#2575 = SURFACE_CURVE('',#2576,(#2580,#2587),.PCURVE_S1.);
#2576 = LINE('',#2577,#2578);
#2577 = CARTESIAN_POINT('',(2.85,175.65,1.6));
#2578 = VECTOR('',#2579,1.);
#2579 = DIRECTION('',(0.,-1.,1.224646799147E-16));
#2580 = PCURVE('',#641,#2581);
#2581 = DEFINITIONAL_REPRESENTATION('',(#2582),#2586);
#2582 = LINE('',#2583,#2584);
#2583 = CARTESIAN_POINT('',(2.85,2.35));
#2584 = VECTOR('',#2585,1.);
#2585 = DIRECTION('',(0.,1.));
#2586 = ( GEOMETRIC_REPRESENTATION_CONTEXT(2) 
PARAMETRIC_REPRESENTATION_CONTEXT() REPRESENTATION_CONTEXT('2D SPACE',''
  ) );
#2587 = PCURVE('',#1360,#2588);
#2588 = DEFINITIONAL_REPRESENTATION('',(#2589),#2593);
#2589 = LINE('',#2590,#2591);
#2590 = CARTESIAN_POINT('',(3.1,0.5));
#2591 = VECTOR('',#2592,1.);
#2592 = DIRECTION('',(0.,-1.));
#2593 = ( GEOMETRIC_REPRESENTATION_CONTEXT(2) 
PARAMETRIC_REPRESENTATION_CONTEXT() REPRESENTATION_CONTEXT('2D SPACE',''
  ) );
#2594 = ORIENTED_EDGE('',*,*,#1321,.F.);
#2595 = ORIENTED_EDGE('',*,*,#1272,.F.);
#2596 = ORIENTED_EDGE('',*,*,#625,.T.);
#2597 = FACE_BOUND('',#2598,.F.);
#2598 = EDGE_LOOP('',(#2599));
#2599 = ORIENTED_EDGE('',*,*,#1611,.T.);
#2600 = FACE_BOUND('',#2601,.F.);
#2601 = EDGE_LOOP('',(#2602,#2632,#2660,#2688));
#2602 = ORIENTED_EDGE('',*,*,#2603,.T.);
#2603 = EDGE_CURVE('',#2604,#2606,#2608,.T.);
#2604 = VERTEX_POINT('',#2605);
#2605 = CARTESIAN_POINT('',(67.9111908,96.8468164,1.6));
#2606 = VERTEX_POINT('',#2607);
#2607 = CARTESIAN_POINT('',(6.1,96.8468164,1.6));
#2608 = SURFACE_CURVE('',#2609,(#2613,#2620),.PCURVE_S1.);
#2609 = LINE('',#2610,#2611);
#2610 = CARTESIAN_POINT('',(3.05,96.8468164,1.6));
#2611 = VECTOR('',#2612,1.);
#2612 = DIRECTION('',(-1.,-0.,0.));
#2613 = PCURVE('',#641,#2614);
#2614 = DEFINITIONAL_REPRESENTATION('',(#2615),#2619);
#2615 = LINE('',#2616,#2617);
#2616 = CARTESIAN_POINT('',(3.05,81.1531836));
#2617 = VECTOR('',#2618,1.);
#2618 = DIRECTION('',(-1.,0.));
#2619 = ( GEOMETRIC_REPRESENTATION_CONTEXT(2) 
PARAMETRIC_REPRESENTATION_CONTEXT() REPRESENTATION_CONTEXT('2D SPACE',''
  ) );
#2620 = PCURVE('',#2621,#2626);
#2621 = PLANE('',#2622);
#2622 = AXIS2_PLACEMENT_3D('',#2623,#2624,#2625);
#2623 = CARTESIAN_POINT('',(6.1,96.8468164,1.7));
#2624 = DIRECTION('',(0.,-1.,1.224646799147E-16));
#2625 = DIRECTION('',(0.,-1.224646799147E-16,-1.));
#2626 = DEFINITIONAL_REPRESENTATION('',(#2627),#2631);
#2627 = LINE('',#2628,#2629);
#2628 = CARTESIAN_POINT('',(1.E-01,-3.05));
#2629 = VECTOR('',#2630,1.);
#2630 = DIRECTION('',(-0.,-1.));
#2631 = ( GEOMETRIC_REPRESENTATION_CONTEXT(2) 
PARAMETRIC_REPRESENTATION_CONTEXT() REPRESENTATION_CONTEXT('2D SPACE',''
  ) );
#2632 = ORIENTED_EDGE('',*,*,#2633,.T.);
#2633 = EDGE_CURVE('',#2606,#2634,#2636,.T.);
#2634 = VERTEX_POINT('',#2635);
#2635 = CARTESIAN_POINT('',(6.1,3.6,1.6));
#2636 = SURFACE_CURVE('',#2637,(#2641,#2648),.PCURVE_S1.);
#2637 = LINE('',#2638,#2639);
#2638 = CARTESIAN_POINT('',(6.1,137.4234082,1.6));
#2639 = VECTOR('',#2640,1.);
#2640 = DIRECTION('',(0.,-1.,1.224646799147E-16));
#2641 = PCURVE('',#641,#2642);
#2642 = DEFINITIONAL_REPRESENTATION('',(#2643),#2647);
#2643 = LINE('',#2644,#2645);
#2644 = CARTESIAN_POINT('',(6.1,40.5765918));
#2645 = VECTOR('',#2646,1.);
#2646 = DIRECTION('',(0.,1.));
#2647 = ( GEOMETRIC_REPRESENTATION_CONTEXT(2) 
PARAMETRIC_REPRESENTATION_CONTEXT() REPRESENTATION_CONTEXT('2D SPACE',''
  ) );
#2648 = PCURVE('',#2649,#2654);
#2649 = PLANE('',#2650);
#2650 = AXIS2_PLACEMENT_3D('',#2651,#2652,#2653);
#2651 = CARTESIAN_POINT('',(6.1,96.8468164,1.7));
#2652 = DIRECTION('',(1.,0.,0.));
#2653 = DIRECTION('',(0.,-1.224646799147E-16,-1.));
#2654 = DEFINITIONAL_REPRESENTATION('',(#2655),#2659);
#2655 = LINE('',#2656,#2657);
#2656 = CARTESIAN_POINT('',(0.1,40.5765918));
#2657 = VECTOR('',#2658,1.);
#2658 = DIRECTION('',(0.,-1.));
#2659 = ( GEOMETRIC_REPRESENTATION_CONTEXT(2) 
PARAMETRIC_REPRESENTATION_CONTEXT() REPRESENTATION_CONTEXT('2D SPACE',''
  ) );
#2660 = ORIENTED_EDGE('',*,*,#2661,.F.);
#2661 = EDGE_CURVE('',#2662,#2634,#2664,.T.);
#2662 = VERTEX_POINT('',#2663);
#2663 = CARTESIAN_POINT('',(67.9111908,3.6,1.6));
#2664 = SURFACE_CURVE('',#2665,(#2669,#2676),.PCURVE_S1.);
#2665 = LINE('',#2666,#2667);
#2666 = CARTESIAN_POINT('',(3.05,3.6,1.6));
#2667 = VECTOR('',#2668,1.);
#2668 = DIRECTION('',(-1.,-0.,0.));
#2669 = PCURVE('',#641,#2670);
#2670 = DEFINITIONAL_REPRESENTATION('',(#2671),#2675);
#2671 = LINE('',#2672,#2673);
#2672 = CARTESIAN_POINT('',(3.05,174.4));
#2673 = VECTOR('',#2674,1.);
#2674 = DIRECTION('',(-1.,0.));
#2675 = ( GEOMETRIC_REPRESENTATION_CONTEXT(2) 
PARAMETRIC_REPRESENTATION_CONTEXT() REPRESENTATION_CONTEXT('2D SPACE',''
  ) );
#2676 = PCURVE('',#2677,#2682);
#2677 = PLANE('',#2678);
#2678 = AXIS2_PLACEMENT_3D('',#2679,#2680,#2681);
#2679 = CARTESIAN_POINT('',(6.1,3.6,1.7));
#2680 = DIRECTION('',(0.,-1.,1.224646799147E-16));
#2681 = DIRECTION('',(0.,-1.224646799147E-16,-1.));
#2682 = DEFINITIONAL_REPRESENTATION('',(#2683),#2687);
#2683 = LINE('',#2684,#2685);
#2684 = CARTESIAN_POINT('',(1.E-01,-3.05));
#2685 = VECTOR('',#2686,1.);
#2686 = DIRECTION('',(-0.,-1.));
#2687 = ( GEOMETRIC_REPRESENTATION_CONTEXT(2) 
PARAMETRIC_REPRESENTATION_CONTEXT() REPRESENTATION_CONTEXT('2D SPACE',''
  ) );
#2688 = ORIENTED_EDGE('',*,*,#2689,.F.);
#2689 = EDGE_CURVE('',#2604,#2662,#2690,.T.);
#2690 = SURFACE_CURVE('',#2691,(#2695,#2702),.PCURVE_S1.);
#2691 = LINE('',#2692,#2693);
#2692 = CARTESIAN_POINT('',(67.9111908,137.4234082,1.6));
#2693 = VECTOR('',#2694,1.);
#2694 = DIRECTION('',(0.,-1.,1.224646799147E-16));
#2695 = PCURVE('',#641,#2696);
#2696 = DEFINITIONAL_REPRESENTATION('',(#2697),#2701);
#2697 = LINE('',#2698,#2699);
#2698 = CARTESIAN_POINT('',(67.9111908,40.5765918));
#2699 = VECTOR('',#2700,1.);
#2700 = DIRECTION('',(0.,1.));
#2701 = ( GEOMETRIC_REPRESENTATION_CONTEXT(2) 
PARAMETRIC_REPRESENTATION_CONTEXT() REPRESENTATION_CONTEXT('2D SPACE',''
  ) );
#2702 = PCURVE('',#2703,#2708);
#2703 = PLANE('',#2704);
#2704 = AXIS2_PLACEMENT_3D('',#2705,#2706,#2707);
#2705 = CARTESIAN_POINT('',(67.9111908,96.8468164,1.7));
#2706 = DIRECTION('',(1.,0.,0.));
#2707 = DIRECTION('',(0.,-1.224646799147E-16,-1.));
#2708 = DEFINITIONAL_REPRESENTATION('',(#2709),#2713);
#2709 = LINE('',#2710,#2711);
#2710 = CARTESIAN_POINT('',(0.1,40.5765918));
#2711 = VECTOR('',#2712,1.);
#2712 = DIRECTION('',(0.,-1.));
#2713 = ( GEOMETRIC_REPRESENTATION_CONTEXT(2) 
PARAMETRIC_REPRESENTATION_CONTEXT() REPRESENTATION_CONTEXT('2D SPACE',''
  ) );
#2714 = ADVANCED_FACE('',(#2715),#1207,.T.);
#2715 = FACE_BOUND('',#2716,.T.);
#2716 = EDGE_LOOP('',(#2717,#2718,#2739,#2740));
#2717 = ORIENTED_EDGE('',*,*,#1916,.T.);
#2718 = ORIENTED_EDGE('',*,*,#2719,.T.);
#2719 = EDGE_CURVE('',#1917,#1163,#2720,.T.);
#2720 = SURFACE_CURVE('',#2721,(#2725,#2732),.PCURVE_S1.);
#2721 = LINE('',#2722,#2723);
#2722 = CARTESIAN_POINT('',(5.,176.15,4.6));
#2723 = VECTOR('',#2724,1.);
#2724 = DIRECTION('',(0.,-1.224646799147E-16,-1.));
#2725 = PCURVE('',#1207,#2726);
#2726 = DEFINITIONAL_REPRESENTATION('',(#2727),#2731);
#2727 = LINE('',#2728,#2729);
#2728 = CARTESIAN_POINT('',(1.570796326795,0.));
#2729 = VECTOR('',#2730,1.);
#2730 = DIRECTION('',(0.,1.));
#2731 = ( GEOMETRIC_REPRESENTATION_CONTEXT(2) 
PARAMETRIC_REPRESENTATION_CONTEXT() REPRESENTATION_CONTEXT('2D SPACE',''
  ) );
#2732 = PCURVE('',#1178,#2733);
#2733 = DEFINITIONAL_REPRESENTATION('',(#2734),#2738);
#2734 = LINE('',#2735,#2736);
#2735 = CARTESIAN_POINT('',(0.,3.15));
#2736 = VECTOR('',#2737,1.);
#2737 = DIRECTION('',(1.,0.));
#2738 = ( GEOMETRIC_REPRESENTATION_CONTEXT(2) 
PARAMETRIC_REPRESENTATION_CONTEXT() REPRESENTATION_CONTEXT('2D SPACE',''
  ) );
#2739 = ORIENTED_EDGE('',*,*,#1190,.F.);
#2740 = ORIENTED_EDGE('',*,*,#1867,.F.);
#2741 = ADVANCED_FACE('',(#2742),#1178,.F.);
#2742 = FACE_BOUND('',#2743,.F.);
#2743 = EDGE_LOOP('',(#2744,#2745,#2746,#2747));
#2744 = ORIENTED_EDGE('',*,*,#1940,.F.);
#2745 = ORIENTED_EDGE('',*,*,#2719,.T.);
#2746 = ORIENTED_EDGE('',*,*,#1162,.T.);
#2747 = ORIENTED_EDGE('',*,*,#2748,.F.);
#2748 = EDGE_CURVE('',#1941,#1130,#2749,.T.);
#2749 = SURFACE_CURVE('',#2750,(#2754,#2761),.PCURVE_S1.);
#2750 = LINE('',#2751,#2752);
#2751 = CARTESIAN_POINT('',(69.,176.15,4.6));
#2752 = VECTOR('',#2753,1.);
#2753 = DIRECTION('',(0.,-1.224646799147E-16,-1.));
#2754 = PCURVE('',#1178,#2755);
#2755 = DEFINITIONAL_REPRESENTATION('',(#2756),#2760);
#2756 = LINE('',#2757,#2758);
#2757 = CARTESIAN_POINT('',(0.,67.15));
#2758 = VECTOR('',#2759,1.);
#2759 = DIRECTION('',(1.,0.));
#2760 = ( GEOMETRIC_REPRESENTATION_CONTEXT(2) 
PARAMETRIC_REPRESENTATION_CONTEXT() REPRESENTATION_CONTEXT('2D SPACE',''
  ) );
#2761 = PCURVE('',#1150,#2762);
#2762 = DEFINITIONAL_REPRESENTATION('',(#2763),#2767);
#2763 = LINE('',#2764,#2765);
#2764 = CARTESIAN_POINT('',(-1.570796326795,0.));
#2765 = VECTOR('',#2766,1.);
#2766 = DIRECTION('',(-0.,1.));
#2767 = ( GEOMETRIC_REPRESENTATION_CONTEXT(2) 
PARAMETRIC_REPRESENTATION_CONTEXT() REPRESENTATION_CONTEXT('2D SPACE',''
  ) );
#2768 = ADVANCED_FACE('',(#2769),#1150,.T.);
#2769 = FACE_BOUND('',#2770,.F.);
#2770 = EDGE_LOOP('',(#2771,#2772,#2773,#2774));
#2771 = ORIENTED_EDGE('',*,*,#1963,.T.);
#2772 = ORIENTED_EDGE('',*,*,#2748,.T.);
#2773 = ORIENTED_EDGE('',*,*,#1129,.F.);
#2774 = ORIENTED_EDGE('',*,*,#2775,.F.);
#2775 = EDGE_CURVE('',#1964,#1102,#2776,.T.);
#2776 = SURFACE_CURVE('',#2777,(#2781,#2788),.PCURVE_S1.);
#2777 = LINE('',#2778,#2779);
#2778 = CARTESIAN_POINT('',(72.15,173.,4.6));
#2779 = VECTOR('',#2780,1.);
#2780 = DIRECTION('',(0.,-1.224646799147E-16,-1.));
#2781 = PCURVE('',#1150,#2782);
#2782 = DEFINITIONAL_REPRESENTATION('',(#2783),#2787);
#2783 = LINE('',#2784,#2785);
#2784 = CARTESIAN_POINT('',(-0.,0.));
#2785 = VECTOR('',#2786,1.);
#2786 = DIRECTION('',(-0.,1.));
#2787 = ( GEOMETRIC_REPRESENTATION_CONTEXT(2) 
PARAMETRIC_REPRESENTATION_CONTEXT() REPRESENTATION_CONTEXT('2D SPACE',''
  ) );
#2788 = PCURVE('',#1117,#2789);
#2789 = DEFINITIONAL_REPRESENTATION('',(#2790),#2794);
#2790 = LINE('',#2791,#2792);
#2791 = CARTESIAN_POINT('',(3.857637417314E-16,-3.15));
#2792 = VECTOR('',#2793,1.);
#2793 = DIRECTION('',(1.,0.));
#2794 = ( GEOMETRIC_REPRESENTATION_CONTEXT(2) 
PARAMETRIC_REPRESENTATION_CONTEXT() REPRESENTATION_CONTEXT('2D SPACE',''
  ) );
#2795 = ADVANCED_FACE('',(#2796),#1117,.T.);
#2796 = FACE_BOUND('',#2797,.T.);
#2797 = EDGE_LOOP('',(#2798,#2799,#2800,#2801));
#2798 = ORIENTED_EDGE('',*,*,#1101,.F.);
#2799 = ORIENTED_EDGE('',*,*,#2775,.F.);
#2800 = ORIENTED_EDGE('',*,*,#1991,.T.);
#2801 = ORIENTED_EDGE('',*,*,#2802,.T.);
#2802 = EDGE_CURVE('',#1992,#1073,#2803,.T.);
#2803 = SURFACE_CURVE('',#2804,(#2808,#2815),.PCURVE_S1.);
#2804 = LINE('',#2805,#2806);
#2805 = CARTESIAN_POINT('',(72.15,5.,4.6));
#2806 = VECTOR('',#2807,1.);
#2807 = DIRECTION('',(0.,-1.224646799147E-16,-1.));
#2808 = PCURVE('',#1117,#2809);
#2809 = DEFINITIONAL_REPRESENTATION('',(#2810),#2814);
#2810 = LINE('',#2811,#2812);
#2811 = CARTESIAN_POINT('',(-3.564521053961E-16,-171.15));
#2812 = VECTOR('',#2813,1.);
#2813 = DIRECTION('',(1.,0.));
#2814 = ( GEOMETRIC_REPRESENTATION_CONTEXT(2) 
PARAMETRIC_REPRESENTATION_CONTEXT() REPRESENTATION_CONTEXT('2D SPACE',''
  ) );
#2815 = PCURVE('',#1089,#2816);
#2816 = DEFINITIONAL_REPRESENTATION('',(#2817),#2821);
#2817 = LINE('',#2818,#2819);
#2818 = CARTESIAN_POINT('',(0.,0.));
#2819 = VECTOR('',#2820,1.);
#2820 = DIRECTION('',(0.,1.));
#2821 = ( GEOMETRIC_REPRESENTATION_CONTEXT(2) 
PARAMETRIC_REPRESENTATION_CONTEXT() REPRESENTATION_CONTEXT('2D SPACE',''
  ) );
#2822 = ADVANCED_FACE('',(#2823),#1089,.T.);
#2823 = FACE_BOUND('',#2824,.T.);
#2824 = EDGE_LOOP('',(#2825,#2826,#2847,#2848));
#2825 = ORIENTED_EDGE('',*,*,#2014,.T.);
#2826 = ORIENTED_EDGE('',*,*,#2827,.T.);
#2827 = EDGE_CURVE('',#2015,#1045,#2828,.T.);
#2828 = SURFACE_CURVE('',#2829,(#2833,#2840),.PCURVE_S1.);
#2829 = LINE('',#2830,#2831);
#2830 = CARTESIAN_POINT('',(69.,1.85,4.6));
#2831 = VECTOR('',#2832,1.);
#2832 = DIRECTION('',(0.,-1.224646799147E-16,-1.));
#2833 = PCURVE('',#1089,#2834);
#2834 = DEFINITIONAL_REPRESENTATION('',(#2835),#2839);
#2835 = LINE('',#2836,#2837);
#2836 = CARTESIAN_POINT('',(1.570796326795,0.));
#2837 = VECTOR('',#2838,1.);
#2838 = DIRECTION('',(0.,1.));
#2839 = ( GEOMETRIC_REPRESENTATION_CONTEXT(2) 
PARAMETRIC_REPRESENTATION_CONTEXT() REPRESENTATION_CONTEXT('2D SPACE',''
  ) );
#2840 = PCURVE('',#1060,#2841);
#2841 = DEFINITIONAL_REPRESENTATION('',(#2842),#2846);
#2842 = LINE('',#2843,#2844);
#2843 = CARTESIAN_POINT('',(0.,67.15));
#2844 = VECTOR('',#2845,1.);
#2845 = DIRECTION('',(1.,0.));
#2846 = ( GEOMETRIC_REPRESENTATION_CONTEXT(2) 
PARAMETRIC_REPRESENTATION_CONTEXT() REPRESENTATION_CONTEXT('2D SPACE',''
  ) );
#2847 = ORIENTED_EDGE('',*,*,#1072,.F.);
#2848 = ORIENTED_EDGE('',*,*,#2802,.F.);
#2849 = ADVANCED_FACE('',(#2850),#1060,.T.);
#2850 = FACE_BOUND('',#2851,.T.);
#2851 = EDGE_LOOP('',(#2852,#2853,#2874,#2875));
#2852 = ORIENTED_EDGE('',*,*,#2038,.F.);
#2853 = ORIENTED_EDGE('',*,*,#2854,.T.);
#2854 = EDGE_CURVE('',#2039,#1012,#2855,.T.);
#2855 = SURFACE_CURVE('',#2856,(#2860,#2867),.PCURVE_S1.);
#2856 = LINE('',#2857,#2858);
#2857 = CARTESIAN_POINT('',(5.,1.85,4.6));
#2858 = VECTOR('',#2859,1.);
#2859 = DIRECTION('',(0.,-1.224646799147E-16,-1.));
#2860 = PCURVE('',#1060,#2861);
#2861 = DEFINITIONAL_REPRESENTATION('',(#2862),#2866);
#2862 = LINE('',#2863,#2864);
#2863 = CARTESIAN_POINT('',(0.,3.15));
#2864 = VECTOR('',#2865,1.);
#2865 = DIRECTION('',(1.,0.));
#2866 = ( GEOMETRIC_REPRESENTATION_CONTEXT(2) 
PARAMETRIC_REPRESENTATION_CONTEXT() REPRESENTATION_CONTEXT('2D SPACE',''
  ) );
#2867 = PCURVE('',#1032,#2868);
#2868 = DEFINITIONAL_REPRESENTATION('',(#2869),#2873);
#2869 = LINE('',#2870,#2871);
#2870 = CARTESIAN_POINT('',(-1.570796326795,0.));
#2871 = VECTOR('',#2872,1.);
#2872 = DIRECTION('',(-0.,1.));
#2873 = ( GEOMETRIC_REPRESENTATION_CONTEXT(2) 
PARAMETRIC_REPRESENTATION_CONTEXT() REPRESENTATION_CONTEXT('2D SPACE',''
  ) );
#2874 = ORIENTED_EDGE('',*,*,#1044,.T.);
#2875 = ORIENTED_EDGE('',*,*,#2827,.F.);
#2876 = ADVANCED_FACE('',(#2877),#1032,.T.);
#2877 = FACE_BOUND('',#2878,.F.);
#2878 = EDGE_LOOP('',(#2879,#2880,#2881,#2882));
#2879 = ORIENTED_EDGE('',*,*,#2061,.T.);
#2880 = ORIENTED_EDGE('',*,*,#2854,.T.);
#2881 = ORIENTED_EDGE('',*,*,#1011,.F.);
#2882 = ORIENTED_EDGE('',*,*,#2883,.F.);
#2883 = EDGE_CURVE('',#2062,#984,#2884,.T.);
#2884 = SURFACE_CURVE('',#2885,(#2889,#2896),.PCURVE_S1.);
#2885 = LINE('',#2886,#2887);
#2886 = CARTESIAN_POINT('',(1.85,5.,4.6));
#2887 = VECTOR('',#2888,1.);
#2888 = DIRECTION('',(0.,-1.224646799147E-16,-1.));
#2889 = PCURVE('',#1032,#2890);
#2890 = DEFINITIONAL_REPRESENTATION('',(#2891),#2895);
#2891 = LINE('',#2892,#2893);
#2892 = CARTESIAN_POINT('',(-0.,0.));
#2893 = VECTOR('',#2894,1.);
#2894 = DIRECTION('',(-0.,1.));
#2895 = ( GEOMETRIC_REPRESENTATION_CONTEXT(2) 
PARAMETRIC_REPRESENTATION_CONTEXT() REPRESENTATION_CONTEXT('2D SPACE',''
  ) );
#2896 = PCURVE('',#999,#2897);
#2897 = DEFINITIONAL_REPRESENTATION('',(#2898),#2902);
#2898 = LINE('',#2899,#2900);
#2899 = CARTESIAN_POINT('',(-3.564521053961E-16,-171.15));
#2900 = VECTOR('',#2901,1.);
#2901 = DIRECTION('',(1.,0.));
#2902 = ( GEOMETRIC_REPRESENTATION_CONTEXT(2) 
PARAMETRIC_REPRESENTATION_CONTEXT() REPRESENTATION_CONTEXT('2D SPACE',''
  ) );
#2903 = ADVANCED_FACE('',(#2904),#999,.F.);
#2904 = FACE_BOUND('',#2905,.F.);
#2905 = EDGE_LOOP('',(#2906,#2907,#2908,#2909));
#2906 = ORIENTED_EDGE('',*,*,#983,.F.);
#2907 = ORIENTED_EDGE('',*,*,#1395,.F.);
#2908 = ORIENTED_EDGE('',*,*,#2089,.T.);
#2909 = ORIENTED_EDGE('',*,*,#2883,.T.);
#2910 = ADVANCED_FACE('',(#2911),#1360,.T.);
#2911 = FACE_BOUND('',#2912,.T.);
#2912 = EDGE_LOOP('',(#2913,#2914,#2915,#2916));
#2913 = ORIENTED_EDGE('',*,*,#2574,.F.);
#2914 = ORIENTED_EDGE('',*,*,#1344,.F.);
#2915 = ORIENTED_EDGE('',*,*,#2111,.T.);
#2916 = ORIENTED_EDGE('',*,*,#2917,.T.);
#2917 = EDGE_CURVE('',#2112,#2551,#2918,.T.);
#2918 = SURFACE_CURVE('',#2919,(#2923,#2930),.PCURVE_S1.);
#2919 = LINE('',#2920,#2921);
#2920 = CARTESIAN_POINT('',(2.85,5.,4.7));
#2921 = VECTOR('',#2922,1.);
#2922 = DIRECTION('',(0.,-1.224646799147E-16,-1.));
#2923 = PCURVE('',#1360,#2924);
#2924 = DEFINITIONAL_REPRESENTATION('',(#2925),#2929);
#2925 = LINE('',#2926,#2927);
#2926 = CARTESIAN_POINT('',(-4.789167853108E-16,-170.15));
#2927 = VECTOR('',#2928,1.);
#2928 = DIRECTION('',(1.,0.));
#2929 = ( GEOMETRIC_REPRESENTATION_CONTEXT(2) 
PARAMETRIC_REPRESENTATION_CONTEXT() REPRESENTATION_CONTEXT('2D SPACE',''
  ) );
#2930 = PCURVE('',#2151,#2931);
#2931 = DEFINITIONAL_REPRESENTATION('',(#2932),#2936);
#2932 = LINE('',#2933,#2934);
#2933 = CARTESIAN_POINT('',(-0.,0.));
#2934 = VECTOR('',#2935,1.);
#2935 = DIRECTION('',(-0.,1.));
#2936 = ( GEOMETRIC_REPRESENTATION_CONTEXT(2) 
PARAMETRIC_REPRESENTATION_CONTEXT() REPRESENTATION_CONTEXT('2D SPACE',''
  ) );
#2937 = ADVANCED_FACE('',(#2938,#3032),#1704,.F.);
#2938 = FACE_BOUND('',#2939,.F.);
#2939 = EDGE_LOOP('',(#2940,#2965,#2988,#3011));
#2940 = ORIENTED_EDGE('',*,*,#2941,.F.);
#2941 = EDGE_CURVE('',#2942,#2944,#2946,.T.);
#2942 = VERTEX_POINT('',#2943);
#2943 = CARTESIAN_POINT('',(6.1,96.8468164,0.4));
#2944 = VERTEX_POINT('',#2945);
#2945 = CARTESIAN_POINT('',(6.1,3.6,0.4));
#2946 = SURFACE_CURVE('',#2947,(#2951,#2958),.PCURVE_S1.);
#2947 = LINE('',#2948,#2949);
#2948 = CARTESIAN_POINT('',(6.1,96.8468164,0.4));
#2949 = VECTOR('',#2950,1.);
#2950 = DIRECTION('',(0.,-1.,1.224646799147E-16));
#2951 = PCURVE('',#1704,#2952);
#2952 = DEFINITIONAL_REPRESENTATION('',(#2953),#2957);
#2953 = LINE('',#2954,#2955);
#2954 = CARTESIAN_POINT('',(0.,0.));
#2955 = VECTOR('',#2956,1.);
#2956 = DIRECTION('',(0.,1.));
#2957 = ( GEOMETRIC_REPRESENTATION_CONTEXT(2) 
PARAMETRIC_REPRESENTATION_CONTEXT() REPRESENTATION_CONTEXT('2D SPACE',''
  ) );
#2958 = PCURVE('',#2649,#2959);
#2959 = DEFINITIONAL_REPRESENTATION('',(#2960),#2964);
#2960 = LINE('',#2961,#2962);
#2961 = CARTESIAN_POINT('',(1.3,1.592040838892E-16));
#2962 = VECTOR('',#2963,1.);
#2963 = DIRECTION('',(0.,-1.));
#2964 = ( GEOMETRIC_REPRESENTATION_CONTEXT(2) 
PARAMETRIC_REPRESENTATION_CONTEXT() REPRESENTATION_CONTEXT('2D SPACE',''
  ) );
#2965 = ORIENTED_EDGE('',*,*,#2966,.T.);
#2966 = EDGE_CURVE('',#2942,#2967,#2969,.T.);
#2967 = VERTEX_POINT('',#2968);
#2968 = CARTESIAN_POINT('',(67.9111908,96.8468164,0.4));
#2969 = SURFACE_CURVE('',#2970,(#2974,#2981),.PCURVE_S1.);
#2970 = LINE('',#2971,#2972);
#2971 = CARTESIAN_POINT('',(6.1,96.8468164,0.4));
#2972 = VECTOR('',#2973,1.);
#2973 = DIRECTION('',(1.,0.,0.));
#2974 = PCURVE('',#1704,#2975);
#2975 = DEFINITIONAL_REPRESENTATION('',(#2976),#2980);
#2976 = LINE('',#2977,#2978);
#2977 = CARTESIAN_POINT('',(0.,0.));
#2978 = VECTOR('',#2979,1.);
#2979 = DIRECTION('',(1.,0.));
#2980 = ( GEOMETRIC_REPRESENTATION_CONTEXT(2) 
PARAMETRIC_REPRESENTATION_CONTEXT() REPRESENTATION_CONTEXT('2D SPACE',''
  ) );
#2981 = PCURVE('',#2621,#2982);
#2982 = DEFINITIONAL_REPRESENTATION('',(#2983),#2987);
#2983 = LINE('',#2984,#2985);
#2984 = CARTESIAN_POINT('',(1.3,0.));
#2985 = VECTOR('',#2986,1.);
#2986 = DIRECTION('',(0.,1.));
#2987 = ( GEOMETRIC_REPRESENTATION_CONTEXT(2) 
PARAMETRIC_REPRESENTATION_CONTEXT() REPRESENTATION_CONTEXT('2D SPACE',''
  ) );
#2988 = ORIENTED_EDGE('',*,*,#2989,.T.);
#2989 = EDGE_CURVE('',#2967,#2990,#2992,.T.);
#2990 = VERTEX_POINT('',#2991);
#2991 = CARTESIAN_POINT('',(67.9111908,3.6,0.4));
#2992 = SURFACE_CURVE('',#2993,(#2997,#3004),.PCURVE_S1.);
#2993 = LINE('',#2994,#2995);
#2994 = CARTESIAN_POINT('',(67.9111908,96.8468164,0.4));
#2995 = VECTOR('',#2996,1.);
#2996 = DIRECTION('',(0.,-1.,1.224646799147E-16));
#2997 = PCURVE('',#1704,#2998);
#2998 = DEFINITIONAL_REPRESENTATION('',(#2999),#3003);
#2999 = LINE('',#3000,#3001);
#3000 = CARTESIAN_POINT('',(61.8111908,0.));
#3001 = VECTOR('',#3002,1.);
#3002 = DIRECTION('',(0.,1.));
#3003 = ( GEOMETRIC_REPRESENTATION_CONTEXT(2) 
PARAMETRIC_REPRESENTATION_CONTEXT() REPRESENTATION_CONTEXT('2D SPACE',''
  ) );
#3004 = PCURVE('',#2703,#3005);
#3005 = DEFINITIONAL_REPRESENTATION('',(#3006),#3010);
#3006 = LINE('',#3007,#3008);
#3007 = CARTESIAN_POINT('',(1.3,1.592040838892E-16));
#3008 = VECTOR('',#3009,1.);
#3009 = DIRECTION('',(0.,-1.));
#3010 = ( GEOMETRIC_REPRESENTATION_CONTEXT(2) 
PARAMETRIC_REPRESENTATION_CONTEXT() REPRESENTATION_CONTEXT('2D SPACE',''
  ) );
#3011 = ORIENTED_EDGE('',*,*,#3012,.F.);
#3012 = EDGE_CURVE('',#2944,#2990,#3013,.T.);
#3013 = SURFACE_CURVE('',#3014,(#3018,#3025),.PCURVE_S1.);
#3014 = LINE('',#3015,#3016);
#3015 = CARTESIAN_POINT('',(6.1,3.6,0.4));
#3016 = VECTOR('',#3017,1.);
#3017 = DIRECTION('',(1.,0.,0.));
#3018 = PCURVE('',#1704,#3019);
#3019 = DEFINITIONAL_REPRESENTATION('',(#3020),#3024);
#3020 = LINE('',#3021,#3022);
#3021 = CARTESIAN_POINT('',(0.,93.2468164));
#3022 = VECTOR('',#3023,1.);
#3023 = DIRECTION('',(1.,0.));
#3024 = ( GEOMETRIC_REPRESENTATION_CONTEXT(2) 
PARAMETRIC_REPRESENTATION_CONTEXT() REPRESENTATION_CONTEXT('2D SPACE',''
  ) );
#3025 = PCURVE('',#2677,#3026);
#3026 = DEFINITIONAL_REPRESENTATION('',(#3027),#3031);
#3027 = LINE('',#3028,#3029);
#3028 = CARTESIAN_POINT('',(1.3,0.));
#3029 = VECTOR('',#3030,1.);
#3030 = DIRECTION('',(0.,1.));
#3031 = ( GEOMETRIC_REPRESENTATION_CONTEXT(2) 
PARAMETRIC_REPRESENTATION_CONTEXT() REPRESENTATION_CONTEXT('2D SPACE',''
  ) );
#3032 = FACE_BOUND('',#3033,.F.);
#3033 = EDGE_LOOP('',(#3034,#3035,#3036,#3037));
#3034 = ORIENTED_EDGE('',*,*,#1688,.T.);
#3035 = ORIENTED_EDGE('',*,*,#1791,.T.);
#3036 = ORIENTED_EDGE('',*,*,#1840,.F.);
#3037 = ORIENTED_EDGE('',*,*,#1742,.F.);
#3038 = ADVANCED_FACE('',(#3039),#2322,.F.);
#3039 = FACE_BOUND('',#3040,.F.);
#3040 = EDGE_LOOP('',(#3041,#3042,#3043,#3064));
#3041 = ORIENTED_EDGE('',*,*,#2382,.F.);
#3042 = ORIENTED_EDGE('',*,*,#2305,.T.);
#3043 = ORIENTED_EDGE('',*,*,#3044,.T.);
#3044 = EDGE_CURVE('',#2278,#2410,#3045,.T.);
#3045 = SURFACE_CURVE('',#3046,(#3050,#3057),.PCURVE_S1.);
#3046 = LINE('',#3047,#3048);
#3047 = CARTESIAN_POINT('',(5.,175.15,4.7));
#3048 = VECTOR('',#3049,1.);
#3049 = DIRECTION('',(0.,-1.224646799147E-16,-1.));
#3050 = PCURVE('',#2322,#3051);
#3051 = DEFINITIONAL_REPRESENTATION('',(#3052),#3056);
#3052 = LINE('',#3053,#3054);
#3053 = CARTESIAN_POINT('',(1.570796326795,0.));
#3054 = VECTOR('',#3055,1.);
#3055 = DIRECTION('',(0.,1.));
#3056 = ( GEOMETRIC_REPRESENTATION_CONTEXT(2) 
PARAMETRIC_REPRESENTATION_CONTEXT() REPRESENTATION_CONTEXT('2D SPACE',''
  ) );
#3057 = PCURVE('',#2293,#3058);
#3058 = DEFINITIONAL_REPRESENTATION('',(#3059),#3063);
#3059 = LINE('',#3060,#3061);
#3060 = CARTESIAN_POINT('',(0.,2.15));
#3061 = VECTOR('',#3062,1.);
#3062 = DIRECTION('',(1.,0.));
#3063 = ( GEOMETRIC_REPRESENTATION_CONTEXT(2) 
PARAMETRIC_REPRESENTATION_CONTEXT() REPRESENTATION_CONTEXT('2D SPACE',''
  ) );
#3064 = ORIENTED_EDGE('',*,*,#2409,.F.);
#3065 = ADVANCED_FACE('',(#3066),#2293,.T.);
#3066 = FACE_BOUND('',#3067,.T.);
#3067 = EDGE_LOOP('',(#3068,#3069,#3070,#3071));
#3068 = ORIENTED_EDGE('',*,*,#2277,.T.);
#3069 = ORIENTED_EDGE('',*,*,#3044,.T.);
#3070 = ORIENTED_EDGE('',*,*,#2433,.F.);
#3071 = ORIENTED_EDGE('',*,*,#3072,.F.);
#3072 = EDGE_CURVE('',#2249,#2434,#3073,.T.);
#3073 = SURFACE_CURVE('',#3074,(#3078,#3085),.PCURVE_S1.);
#3074 = LINE('',#3075,#3076);
#3075 = CARTESIAN_POINT('',(69.,175.15,4.7));
#3076 = VECTOR('',#3077,1.);
#3077 = DIRECTION('',(0.,-1.224646799147E-16,-1.));
#3078 = PCURVE('',#2293,#3079);
#3079 = DEFINITIONAL_REPRESENTATION('',(#3080),#3084);
#3080 = LINE('',#3081,#3082);
#3081 = CARTESIAN_POINT('',(0.,66.15));
#3082 = VECTOR('',#3083,1.);
#3083 = DIRECTION('',(1.,0.));
#3084 = ( GEOMETRIC_REPRESENTATION_CONTEXT(2) 
PARAMETRIC_REPRESENTATION_CONTEXT() REPRESENTATION_CONTEXT('2D SPACE',''
  ) );
#3085 = PCURVE('',#2265,#3086);
#3086 = DEFINITIONAL_REPRESENTATION('',(#3087),#3091);
#3087 = LINE('',#3088,#3089);
#3088 = CARTESIAN_POINT('',(-1.570796326795,0.));
#3089 = VECTOR('',#3090,1.);
#3090 = DIRECTION('',(-0.,1.));
#3091 = ( GEOMETRIC_REPRESENTATION_CONTEXT(2) 
PARAMETRIC_REPRESENTATION_CONTEXT() REPRESENTATION_CONTEXT('2D SPACE',''
  ) );
#3092 = ADVANCED_FACE('',(#3093),#2265,.F.);
#3093 = FACE_BOUND('',#3094,.T.);
#3094 = EDGE_LOOP('',(#3095,#3116,#3117,#3118));
#3095 = ORIENTED_EDGE('',*,*,#3096,.F.);
#3096 = EDGE_CURVE('',#2221,#2457,#3097,.T.);
#3097 = SURFACE_CURVE('',#3098,(#3102,#3109),.PCURVE_S1.);
#3098 = LINE('',#3099,#3100);
#3099 = CARTESIAN_POINT('',(71.15,173.,4.7));
#3100 = VECTOR('',#3101,1.);
#3101 = DIRECTION('',(0.,-1.224646799147E-16,-1.));
#3102 = PCURVE('',#2265,#3103);
#3103 = DEFINITIONAL_REPRESENTATION('',(#3104),#3108);
#3104 = LINE('',#3105,#3106);
#3105 = CARTESIAN_POINT('',(-0.,0.));
#3106 = VECTOR('',#3107,1.);
#3107 = DIRECTION('',(-0.,1.));
#3108 = ( GEOMETRIC_REPRESENTATION_CONTEXT(2) 
PARAMETRIC_REPRESENTATION_CONTEXT() REPRESENTATION_CONTEXT('2D SPACE',''
  ) );
#3109 = PCURVE('',#2236,#3110);
#3110 = DEFINITIONAL_REPRESENTATION('',(#3111),#3115);
#3111 = LINE('',#3112,#3113);
#3112 = CARTESIAN_POINT('',(2.632990618167E-16,-2.15));
#3113 = VECTOR('',#3114,1.);
#3114 = DIRECTION('',(1.,0.));
#3115 = ( GEOMETRIC_REPRESENTATION_CONTEXT(2) 
PARAMETRIC_REPRESENTATION_CONTEXT() REPRESENTATION_CONTEXT('2D SPACE',''
  ) );
#3116 = ORIENTED_EDGE('',*,*,#2248,.F.);
#3117 = ORIENTED_EDGE('',*,*,#3072,.T.);
#3118 = ORIENTED_EDGE('',*,*,#2456,.T.);
#3119 = ADVANCED_FACE('',(#3120),#2236,.F.);
#3120 = FACE_BOUND('',#3121,.F.);
#3121 = EDGE_LOOP('',(#3122,#3123,#3124,#3125));
#3122 = ORIENTED_EDGE('',*,*,#2480,.F.);
#3123 = ORIENTED_EDGE('',*,*,#3096,.F.);
#3124 = ORIENTED_EDGE('',*,*,#2220,.T.);
#3125 = ORIENTED_EDGE('',*,*,#3126,.T.);
#3126 = EDGE_CURVE('',#2192,#2481,#3127,.T.);
#3127 = SURFACE_CURVE('',#3128,(#3132,#3139),.PCURVE_S1.);
#3128 = LINE('',#3129,#3130);
#3129 = CARTESIAN_POINT('',(71.15,5.,4.7));
#3130 = VECTOR('',#3131,1.);
#3131 = DIRECTION('',(0.,-1.224646799147E-16,-1.));
#3132 = PCURVE('',#2236,#3133);
#3133 = DEFINITIONAL_REPRESENTATION('',(#3134),#3138);
#3134 = LINE('',#3135,#3136);
#3135 = CARTESIAN_POINT('',(-4.789167853108E-16,-170.15));
#3136 = VECTOR('',#3137,1.);
#3137 = DIRECTION('',(1.,0.));
#3138 = ( GEOMETRIC_REPRESENTATION_CONTEXT(2) 
PARAMETRIC_REPRESENTATION_CONTEXT() REPRESENTATION_CONTEXT('2D SPACE',''
  ) );
#3139 = PCURVE('',#2208,#3140);
#3140 = DEFINITIONAL_REPRESENTATION('',(#3141),#3145);
#3141 = LINE('',#3142,#3143);
#3142 = CARTESIAN_POINT('',(0.,0.));
#3143 = VECTOR('',#3144,1.);
#3144 = DIRECTION('',(0.,1.));
#3145 = ( GEOMETRIC_REPRESENTATION_CONTEXT(2) 
PARAMETRIC_REPRESENTATION_CONTEXT() REPRESENTATION_CONTEXT('2D SPACE',''
  ) );
#3146 = ADVANCED_FACE('',(#3147),#2208,.F.);
#3147 = FACE_BOUND('',#3148,.F.);
#3148 = EDGE_LOOP('',(#3149,#3150,#3151,#3172));
#3149 = ORIENTED_EDGE('',*,*,#3126,.F.);
#3150 = ORIENTED_EDGE('',*,*,#2191,.T.);
#3151 = ORIENTED_EDGE('',*,*,#3152,.T.);
#3152 = EDGE_CURVE('',#2164,#2504,#3153,.T.);
#3153 = SURFACE_CURVE('',#3154,(#3158,#3165),.PCURVE_S1.);
#3154 = LINE('',#3155,#3156);
#3155 = CARTESIAN_POINT('',(69.,2.85,4.7));
#3156 = VECTOR('',#3157,1.);
#3157 = DIRECTION('',(0.,-1.224646799147E-16,-1.));
#3158 = PCURVE('',#2208,#3159);
#3159 = DEFINITIONAL_REPRESENTATION('',(#3160),#3164);
#3160 = LINE('',#3161,#3162);
#3161 = CARTESIAN_POINT('',(1.570796326795,0.));
#3162 = VECTOR('',#3163,1.);
#3163 = DIRECTION('',(0.,1.));
#3164 = ( GEOMETRIC_REPRESENTATION_CONTEXT(2) 
PARAMETRIC_REPRESENTATION_CONTEXT() REPRESENTATION_CONTEXT('2D SPACE',''
  ) );
#3165 = PCURVE('',#2179,#3166);
#3166 = DEFINITIONAL_REPRESENTATION('',(#3167),#3171);
#3167 = LINE('',#3168,#3169);
#3168 = CARTESIAN_POINT('',(0.,66.15));
#3169 = VECTOR('',#3170,1.);
#3170 = DIRECTION('',(1.,0.));
#3171 = ( GEOMETRIC_REPRESENTATION_CONTEXT(2) 
PARAMETRIC_REPRESENTATION_CONTEXT() REPRESENTATION_CONTEXT('2D SPACE',''
  ) );
#3172 = ORIENTED_EDGE('',*,*,#2503,.F.);
#3173 = ADVANCED_FACE('',(#3174),#2179,.F.);
#3174 = FACE_BOUND('',#3175,.F.);
#3175 = EDGE_LOOP('',(#3176,#3177,#3198,#3199));
#3176 = ORIENTED_EDGE('',*,*,#2163,.T.);
#3177 = ORIENTED_EDGE('',*,*,#3178,.T.);
#3178 = EDGE_CURVE('',#2135,#2528,#3179,.T.);
#3179 = SURFACE_CURVE('',#3180,(#3184,#3191),.PCURVE_S1.);
#3180 = LINE('',#3181,#3182);
#3181 = CARTESIAN_POINT('',(5.,2.85,4.7));
#3182 = VECTOR('',#3183,1.);
#3183 = DIRECTION('',(0.,-1.224646799147E-16,-1.));
#3184 = PCURVE('',#2179,#3185);
#3185 = DEFINITIONAL_REPRESENTATION('',(#3186),#3190);
#3186 = LINE('',#3187,#3188);
#3187 = CARTESIAN_POINT('',(0.,2.15));
#3188 = VECTOR('',#3189,1.);
#3189 = DIRECTION('',(1.,0.));
#3190 = ( GEOMETRIC_REPRESENTATION_CONTEXT(2) 
PARAMETRIC_REPRESENTATION_CONTEXT() REPRESENTATION_CONTEXT('2D SPACE',''
  ) );
#3191 = PCURVE('',#2151,#3192);
#3192 = DEFINITIONAL_REPRESENTATION('',(#3193),#3197);
#3193 = LINE('',#3194,#3195);
#3194 = CARTESIAN_POINT('',(-1.570796326795,0.));
#3195 = VECTOR('',#3196,1.);
#3196 = DIRECTION('',(-0.,1.));
#3197 = ( GEOMETRIC_REPRESENTATION_CONTEXT(2) 
PARAMETRIC_REPRESENTATION_CONTEXT() REPRESENTATION_CONTEXT('2D SPACE',''
  ) );
#3198 = ORIENTED_EDGE('',*,*,#2527,.F.);
#3199 = ORIENTED_EDGE('',*,*,#3152,.F.);
#3200 = ADVANCED_FACE('',(#3201),#2151,.F.);
#3201 = FACE_BOUND('',#3202,.T.);
#3202 = EDGE_LOOP('',(#3203,#3204,#3205,#3206));
#3203 = ORIENTED_EDGE('',*,*,#2917,.F.);
#3204 = ORIENTED_EDGE('',*,*,#2134,.F.);
#3205 = ORIENTED_EDGE('',*,*,#3178,.T.);
#3206 = ORIENTED_EDGE('',*,*,#2550,.T.);
#3207 = ADVANCED_FACE('',(#3208),#2621,.T.);
#3208 = FACE_BOUND('',#3209,.T.);
#3209 = EDGE_LOOP('',(#3210,#3231,#3232,#3253));
#3210 = ORIENTED_EDGE('',*,*,#3211,.F.);
#3211 = EDGE_CURVE('',#2604,#2967,#3212,.T.);
#3212 = SURFACE_CURVE('',#3213,(#3217,#3224),.PCURVE_S1.);
#3213 = LINE('',#3214,#3215);
#3214 = CARTESIAN_POINT('',(67.9111908,96.8468164,1.7));
#3215 = VECTOR('',#3216,1.);
#3216 = DIRECTION('',(0.,-1.224646799147E-16,-1.));
#3217 = PCURVE('',#2621,#3218);
#3218 = DEFINITIONAL_REPRESENTATION('',(#3219),#3223);
#3219 = LINE('',#3220,#3221);
#3220 = CARTESIAN_POINT('',(0.,61.8111908));
#3221 = VECTOR('',#3222,1.);
#3222 = DIRECTION('',(1.,0.));
#3223 = ( GEOMETRIC_REPRESENTATION_CONTEXT(2) 
PARAMETRIC_REPRESENTATION_CONTEXT() REPRESENTATION_CONTEXT('2D SPACE',''
  ) );
#3224 = PCURVE('',#2703,#3225);
#3225 = DEFINITIONAL_REPRESENTATION('',(#3226),#3230);
#3226 = LINE('',#3227,#3228);
#3227 = CARTESIAN_POINT('',(0.,0.));
#3228 = VECTOR('',#3229,1.);
#3229 = DIRECTION('',(1.,0.));
#3230 = ( GEOMETRIC_REPRESENTATION_CONTEXT(2) 
PARAMETRIC_REPRESENTATION_CONTEXT() REPRESENTATION_CONTEXT('2D SPACE',''
  ) );
#3231 = ORIENTED_EDGE('',*,*,#2603,.T.);
#3232 = ORIENTED_EDGE('',*,*,#3233,.T.);
#3233 = EDGE_CURVE('',#2606,#2942,#3234,.T.);
#3234 = SURFACE_CURVE('',#3235,(#3239,#3246),.PCURVE_S1.);
#3235 = LINE('',#3236,#3237);
#3236 = CARTESIAN_POINT('',(6.1,96.8468164,1.7));
#3237 = VECTOR('',#3238,1.);
#3238 = DIRECTION('',(0.,-1.224646799147E-16,-1.));
#3239 = PCURVE('',#2621,#3240);
#3240 = DEFINITIONAL_REPRESENTATION('',(#3241),#3245);
#3241 = LINE('',#3242,#3243);
#3242 = CARTESIAN_POINT('',(0.,0.));
#3243 = VECTOR('',#3244,1.);
#3244 = DIRECTION('',(1.,0.));
#3245 = ( GEOMETRIC_REPRESENTATION_CONTEXT(2) 
PARAMETRIC_REPRESENTATION_CONTEXT() REPRESENTATION_CONTEXT('2D SPACE',''
  ) );
#3246 = PCURVE('',#2649,#3247);
#3247 = DEFINITIONAL_REPRESENTATION('',(#3248),#3252);
#3248 = LINE('',#3249,#3250);
#3249 = CARTESIAN_POINT('',(0.,0.));
#3250 = VECTOR('',#3251,1.);
#3251 = DIRECTION('',(1.,0.));
#3252 = ( GEOMETRIC_REPRESENTATION_CONTEXT(2) 
PARAMETRIC_REPRESENTATION_CONTEXT() REPRESENTATION_CONTEXT('2D SPACE',''
  ) );
#3253 = ORIENTED_EDGE('',*,*,#2966,.T.);
#3254 = ADVANCED_FACE('',(#3255),#2703,.F.);
#3255 = FACE_BOUND('',#3256,.F.);
#3256 = EDGE_LOOP('',(#3257,#3258,#3259,#3280));
#3257 = ORIENTED_EDGE('',*,*,#3211,.F.);
#3258 = ORIENTED_EDGE('',*,*,#2689,.T.);
#3259 = ORIENTED_EDGE('',*,*,#3260,.T.);
#3260 = EDGE_CURVE('',#2662,#2990,#3261,.T.);
#3261 = SURFACE_CURVE('',#3262,(#3266,#3273),.PCURVE_S1.);
#3262 = LINE('',#3263,#3264);
#3263 = CARTESIAN_POINT('',(67.9111908,3.6,1.7));
#3264 = VECTOR('',#3265,1.);
#3265 = DIRECTION('',(0.,-1.224646799147E-16,-1.));
#3266 = PCURVE('',#2703,#3267);
#3267 = DEFINITIONAL_REPRESENTATION('',(#3268),#3272);
#3268 = LINE('',#3269,#3270);
#3269 = CARTESIAN_POINT('',(7.613004870926E-16,-93.2468164));
#3270 = VECTOR('',#3271,1.);
#3271 = DIRECTION('',(1.,0.));
#3272 = ( GEOMETRIC_REPRESENTATION_CONTEXT(2) 
PARAMETRIC_REPRESENTATION_CONTEXT() REPRESENTATION_CONTEXT('2D SPACE',''
  ) );
#3273 = PCURVE('',#2677,#3274);
#3274 = DEFINITIONAL_REPRESENTATION('',(#3275),#3279);
#3275 = LINE('',#3276,#3277);
#3276 = CARTESIAN_POINT('',(0.,61.8111908));
#3277 = VECTOR('',#3278,1.);
#3278 = DIRECTION('',(1.,0.));
#3279 = ( GEOMETRIC_REPRESENTATION_CONTEXT(2) 
PARAMETRIC_REPRESENTATION_CONTEXT() REPRESENTATION_CONTEXT('2D SPACE',''
  ) );
#3280 = ORIENTED_EDGE('',*,*,#2989,.F.);
#3281 = ADVANCED_FACE('',(#3282),#2649,.T.);
#3282 = FACE_BOUND('',#3283,.T.);
#3283 = EDGE_LOOP('',(#3284,#3285,#3286,#3307));
#3284 = ORIENTED_EDGE('',*,*,#3233,.F.);
#3285 = ORIENTED_EDGE('',*,*,#2633,.T.);
#3286 = ORIENTED_EDGE('',*,*,#3287,.T.);
#3287 = EDGE_CURVE('',#2634,#2944,#3288,.T.);
#3288 = SURFACE_CURVE('',#3289,(#3293,#3300),.PCURVE_S1.);
#3289 = LINE('',#3290,#3291);
#3290 = CARTESIAN_POINT('',(6.1,3.6,1.7));
#3291 = VECTOR('',#3292,1.);
#3292 = DIRECTION('',(0.,-1.224646799147E-16,-1.));
#3293 = PCURVE('',#2649,#3294);
#3294 = DEFINITIONAL_REPRESENTATION('',(#3295),#3299);
#3295 = LINE('',#3296,#3297);
#3296 = CARTESIAN_POINT('',(7.613004870926E-16,-93.2468164));
#3297 = VECTOR('',#3298,1.);
#3298 = DIRECTION('',(1.,0.));
#3299 = ( GEOMETRIC_REPRESENTATION_CONTEXT(2) 
PARAMETRIC_REPRESENTATION_CONTEXT() REPRESENTATION_CONTEXT('2D SPACE',''
  ) );
#3300 = PCURVE('',#2677,#3301);
#3301 = DEFINITIONAL_REPRESENTATION('',(#3302),#3306);
#3302 = LINE('',#3303,#3304);
#3303 = CARTESIAN_POINT('',(0.,0.));
#3304 = VECTOR('',#3305,1.);
#3305 = DIRECTION('',(1.,0.));
#3306 = ( GEOMETRIC_REPRESENTATION_CONTEXT(2) 
PARAMETRIC_REPRESENTATION_CONTEXT() REPRESENTATION_CONTEXT('2D SPACE',''
  ) );
#3307 = ORIENTED_EDGE('',*,*,#2941,.F.);
#3308 = ADVANCED_FACE('',(#3309),#2677,.F.);
#3309 = FACE_BOUND('',#3310,.F.);
#3310 = EDGE_LOOP('',(#3311,#3312,#3313,#3314));
#3311 = ORIENTED_EDGE('',*,*,#3260,.F.);
#3312 = ORIENTED_EDGE('',*,*,#2661,.T.);
#3313 = ORIENTED_EDGE('',*,*,#3287,.T.);
#3314 = ORIENTED_EDGE('',*,*,#3012,.T.);
#3315 = ( GEOMETRIC_REPRESENTATION_CONTEXT(3) 
GLOBAL_UNCERTAINTY_ASSIGNED_CONTEXT((#3319)) 
GLOBAL_UNIT_ASSIGNED_CONTEXT((#3316,#3317,#3318)) REPRESENTATION_CONTEXT
('Context #1','3D Context with UNIT and UNCERTAINTY') );
#3316 = ( LENGTH_UNIT() NAMED_UNIT(*) SI_UNIT(.MILLI.,.METRE.) );
#3317 = ( NAMED_UNIT(*) PLANE_ANGLE_UNIT() SI_UNIT($,.RADIAN.) );
#3318 = ( NAMED_UNIT(*) SI_UNIT($,.STERADIAN.) SOLID_ANGLE_UNIT() );
#3319 = UNCERTAINTY_MEASURE_WITH_UNIT(LENGTH_MEASURE(1.E-07),#3316,
  'distance_accuracy_value','confusion accuracy');
#3320 = PRODUCT_RELATED_PRODUCT_CATEGORY('part',$,(#7));
ENDSEC;
END-ISO-10303-21;
