ISO-10303-21;
HEADER;
FILE_DESCRIPTION(('Open CASCADE Model'),'2;1');
FILE_NAME('Open CASCADE Shape Model','2026-09-13T21:42:22',('Author'),(
    'Open CASCADE'),'Open CASCADE STEP processor 7.9','Open CASCADE 7.9'
  ,'Unknown');
FILE_SCHEMA(('AUTOMOTIVE_DESIGN { 1 0 10303 214 1 1 1 1 }'));
ENDSEC;
DATA;
#1 = APPLICATION_PROTOCOL_DEFINITION('international standard',
  'automotive_design',2000,#2);
#2 = APPLICATION_CONTEXT(
  'core data for automotive mechanical design processes');
#3 = SHAPE_DEFINITION_REPRESENTATION(#4,#10);
#4 = PRODUCT_DEFINITION_SHAPE('','',#5);
#5 = PRODUCT_DEFINITION('design','',#6,#9);
#6 = PRODUCT_DEFINITION_FORMATION('','',#7);
#7 = PRODUCT('Open CASCADE STEP translator 7.9 11',
  'Open CASCADE STEP translator 7.9 11','',(#8));
#8 = PRODUCT_CONTEXT('',#2,'mechanical');
#9 = PRODUCT_DEFINITION_CONTEXT('part definition',#2,'design');
#10 = ADVANCED_BREP_SHAPE_REPRESENTATION('',(#11,#15),#4108);
#11 = AXIS2_PLACEMENT_3D('',#12,#13,#14);
#12 = CARTESIAN_POINT('',(0.,0.,0.));
#13 = DIRECTION('',(0.,0.,1.));
#14 = DIRECTION('',(1.,0.,-0.));
#15 = MANIFOLD_SOLID_BREP('',#16);
#16 = CLOSED_SHELL('',(#17,#141,#227,#313,#480,#595,#685,#734,#783,#1944
    ,#1971,#2028,#2156,#2235,#2315,#2427,#2574,#2601,#2630,#2869,#2900,
    #2954,#3014,#3073,#3130,#3185,#3241,#3289,#3295,#3366,#3373,#3401,
    #3475,#3502,#3574,#3643,#3696,#3723,#3753,#3762,#3769,#3818,#3966,
    #3993,#4020,#4047,#4074,#4101));
#17 = ADVANCED_FACE('',(#18),#32,.T.);
#18 = FACE_BOUND('',#19,.F.);
#19 = EDGE_LOOP('',(#20,#55,#84,#112));
#20 = ORIENTED_EDGE('',*,*,#21,.T.);
#21 = EDGE_CURVE('',#22,#24,#26,.T.);
#22 = VERTEX_POINT('',#23);
#23 = CARTESIAN_POINT('',(-19.15,-25.65,-7.));
#24 = VERTEX_POINT('',#25);
#25 = CARTESIAN_POINT('',(-19.15,-28.15,-7.));
#26 = SURFACE_CURVE('',#27,(#31,#43),.PCURVE_S1.);
#27 = LINE('',#28,#29);
#28 = CARTESIAN_POINT('',(-19.15,-25.65,-7.));
#29 = VECTOR('',#30,1.);
#30 = DIRECTION('',(-8.E-17,-1.,2.2E-16));
#31 = PCURVE('',#32,#37);
#32 = CYLINDRICAL_SURFACE('',#33,2.5);
#33 = AXIS2_PLACEMENT_3D('',#34,#35,#36);
#34 = CARTESIAN_POINT('',(-16.65,-25.65,-7.));
#35 = DIRECTION('',(8.E-17,1.,-2.2E-16));
#36 = DIRECTION('',(1.,-8.E-17,8.480557193599E-49));
#37 = DEFINITIONAL_REPRESENTATION('',(#38),#42);
#38 = LINE('',#39,#40);
#39 = CARTESIAN_POINT('',(-3.14159265359,0.));
#40 = VECTOR('',#41,1.);
#41 = DIRECTION('',(-0.,-1.));
#42 = ( GEOMETRIC_REPRESENTATION_CONTEXT(2) 
PARAMETRIC_REPRESENTATION_CONTEXT() REPRESENTATION_CONTEXT('2D SPACE',''
  ) );
#43 = PCURVE('',#44,#49);
#44 = PLANE('',#45);
#45 = AXIS2_PLACEMENT_3D('',#46,#47,#48);
#46 = CARTESIAN_POINT('',(-19.15,-25.65,-6.1));
#47 = DIRECTION('',(1.,-8.E-17,0.));
#48 = DIRECTION('',(-1.76E-32,-2.2E-16,-1.));
#49 = DEFINITIONAL_REPRESENTATION('',(#50),#54);
#50 = LINE('',#51,#52);
#51 = CARTESIAN_POINT('',(0.9,1.98E-16));
#52 = VECTOR('',#53,1.);
#53 = DIRECTION('',(0.,-1.));
#54 = ( GEOMETRIC_REPRESENTATION_CONTEXT(2) 
PARAMETRIC_REPRESENTATION_CONTEXT() REPRESENTATION_CONTEXT('2D SPACE',''
  ) );
#55 = ORIENTED_EDGE('',*,*,#56,.T.);
#56 = EDGE_CURVE('',#24,#57,#59,.T.);
#57 = VERTEX_POINT('',#58);
#58 = CARTESIAN_POINT('',(-16.65,-28.15,-9.5));
#59 = SURFACE_CURVE('',#60,(#65,#72),.PCURVE_S1.);
#60 = CIRCLE('',#61,2.5);
#61 = AXIS2_PLACEMENT_3D('',#62,#63,#64);
#62 = CARTESIAN_POINT('',(-16.65,-28.15,-7.));
#63 = DIRECTION('',(-5.E-17,-1.,3.E-16));
#64 = DIRECTION('',(-1.,5.E-17,3.6E-16));
#65 = PCURVE('',#32,#66);
#66 = DEFINITIONAL_REPRESENTATION('',(#67),#71);
#67 = LINE('',#68,#69);
#68 = CARTESIAN_POINT('',(-3.14159265359,-2.5));
#69 = VECTOR('',#70,1.);
#70 = DIRECTION('',(-1.,0.));
#71 = ( GEOMETRIC_REPRESENTATION_CONTEXT(2) 
PARAMETRIC_REPRESENTATION_CONTEXT() REPRESENTATION_CONTEXT('2D SPACE',''
  ) );
#72 = PCURVE('',#73,#78);
#73 = CONICAL_SURFACE('',#74,2.5,0.785398163397);
#74 = AXIS2_PLACEMENT_3D('',#75,#76,#77);
#75 = CARTESIAN_POINT('',(-16.65,-28.15,-7.));
#76 = DIRECTION('',(5.E-17,1.,-3.E-16));
#77 = DIRECTION('',(-1.,5.E-17,3.6E-16));
#78 = DEFINITIONAL_REPRESENTATION('',(#79),#83);
#79 = LINE('',#80,#81);
#80 = CARTESIAN_POINT('',(-0.,0.));
#81 = VECTOR('',#82,1.);
#82 = DIRECTION('',(-1.,0.));
#83 = ( GEOMETRIC_REPRESENTATION_CONTEXT(2) 
PARAMETRIC_REPRESENTATION_CONTEXT() REPRESENTATION_CONTEXT('2D SPACE',''
  ) );
#84 = ORIENTED_EDGE('',*,*,#85,.F.);
#85 = EDGE_CURVE('',#86,#57,#88,.T.);
#86 = VERTEX_POINT('',#87);
#87 = CARTESIAN_POINT('',(-16.65,-25.65,-9.5));
#88 = SURFACE_CURVE('',#89,(#93,#100),.PCURVE_S1.);
#89 = LINE('',#90,#91);
#90 = CARTESIAN_POINT('',(-16.65,-25.65,-9.5));
#91 = VECTOR('',#92,1.);
#92 = DIRECTION('',(-8.E-17,-1.,2.2E-16));
#93 = PCURVE('',#32,#94);
#94 = DEFINITIONAL_REPRESENTATION('',(#95),#99);
#95 = LINE('',#96,#97);
#96 = CARTESIAN_POINT('',(-4.712388980385,0.));
#97 = VECTOR('',#98,1.);
#98 = DIRECTION('',(-0.,-1.));
#99 = ( GEOMETRIC_REPRESENTATION_CONTEXT(2) 
PARAMETRIC_REPRESENTATION_CONTEXT() REPRESENTATION_CONTEXT('2D SPACE',''
  ) );
#100 = PCURVE('',#101,#106);
#101 = PLANE('',#102);
#102 = AXIS2_PLACEMENT_3D('',#103,#104,#105);
#103 = CARTESIAN_POINT('',(-16.65,-25.65,-9.5));
#104 = DIRECTION('',(0.,2.2E-16,1.));
#105 = DIRECTION('',(1.,-8.E-17,1.76E-32));
#106 = DEFINITIONAL_REPRESENTATION('',(#107),#111);
#107 = LINE('',#108,#109);
#108 = CARTESIAN_POINT('',(0.,0.));
#109 = VECTOR('',#110,1.);
#110 = DIRECTION('',(3.872E-48,-1.));
#111 = ( GEOMETRIC_REPRESENTATION_CONTEXT(2) 
PARAMETRIC_REPRESENTATION_CONTEXT() REPRESENTATION_CONTEXT('2D SPACE',''
  ) );
#112 = ORIENTED_EDGE('',*,*,#113,.F.);
#113 = EDGE_CURVE('',#22,#86,#114,.T.);
#114 = SURFACE_CURVE('',#115,(#120,#126),.PCURVE_S1.);
#115 = ELLIPSE('',#116,2.500003004625,2.5);
#116 = AXIS2_PLACEMENT_3D('',#117,#118,#119);
#117 = CARTESIAN_POINT('',(-16.64999699537,-25.65,-7.));
#118 = DIRECTION('',(-8.E-17,-1.,0.));
#119 = DIRECTION('',(1.,-8.E-17,0.));
#120 = PCURVE('',#32,#121);
#121 = DEFINITIONAL_REPRESENTATION('',(#122),#125);
#122 = B_SPLINE_CURVE_WITH_KNOTS('',1,(#123,#124),.UNSPECIFIED.,.F.,.F.,
  (2,2),(3.14159265359,4.712387778536),.PIECEWISE_BEZIER_KNOTS.);
#123 = CARTESIAN_POINT('',(-3.14159265359,0.));
#124 = CARTESIAN_POINT('',(-4.712388980385,0.));
#125 = ( GEOMETRIC_REPRESENTATION_CONTEXT(2) 
PARAMETRIC_REPRESENTATION_CONTEXT() REPRESENTATION_CONTEXT('2D SPACE',''
  ) );
#126 = PCURVE('',#127,#132);
#127 = CYLINDRICAL_SURFACE('',#128,2.5);
#128 = AXIS2_PLACEMENT_3D('',#129,#130,#131);
#129 = CARTESIAN_POINT('',(-16.75000300462,38.853875964334,-7.));
#130 = DIRECTION('',(1.550385733568E-03,-0.999998798151,0.));
#131 = DIRECTION('',(-0.999998798151,-1.550385733568E-03,0.));
#132 = DEFINITIONAL_REPRESENTATION('',(#133),#140);
#133 = B_SPLINE_CURVE_WITH_KNOTS('',5,(#134,#135,#136,#137,#138,#139),
  .UNSPECIFIED.,.F.,.F.,(6,6),(3.14159265359,4.712388980385),
  .PIECEWISE_BEZIER_KNOTS.);
#134 = CARTESIAN_POINT('',(1.1E-16,64.500077519333));
#135 = CARTESIAN_POINT('',(0.314159265359,64.500077519333));
#136 = CARTESIAN_POINT('',(0.628318530678,64.500554380742));
#137 = CARTESIAN_POINT('',(0.942477796062,64.501517043057));
#138 = CARTESIAN_POINT('',(1.256637061436,64.502735816754));
#139 = CARTESIAN_POINT('',(1.570796326795,64.503953488326));
#140 = ( GEOMETRIC_REPRESENTATION_CONTEXT(2) 
PARAMETRIC_REPRESENTATION_CONTEXT() REPRESENTATION_CONTEXT('2D SPACE',''
  ) );
#141 = ADVANCED_FACE('',(#142),#44,.F.);
#142 = FACE_BOUND('',#143,.F.);
#143 = EDGE_LOOP('',(#144,#174,#200,#201));
#144 = ORIENTED_EDGE('',*,*,#145,.T.);
#145 = EDGE_CURVE('',#146,#148,#150,.T.);
#146 = VERTEX_POINT('',#147);
#147 = CARTESIAN_POINT('',(-19.15,-25.65,-6.1));
#148 = VERTEX_POINT('',#149);
#149 = CARTESIAN_POINT('',(-19.15,-28.15,-6.1));
#150 = SURFACE_CURVE('',#151,(#155,#162),.PCURVE_S1.);
#151 = LINE('',#152,#153);
#152 = CARTESIAN_POINT('',(-19.15,-25.65,-6.1));
#153 = VECTOR('',#154,1.);
#154 = DIRECTION('',(-8.E-17,-1.,2.2E-16));
#155 = PCURVE('',#44,#156);
#156 = DEFINITIONAL_REPRESENTATION('',(#157),#161);
#157 = LINE('',#158,#159);
#158 = CARTESIAN_POINT('',(-0.,0.));
#159 = VECTOR('',#160,1.);
#160 = DIRECTION('',(0.,-1.));
#161 = ( GEOMETRIC_REPRESENTATION_CONTEXT(2) 
PARAMETRIC_REPRESENTATION_CONTEXT() REPRESENTATION_CONTEXT('2D SPACE',''
  ) );
#162 = PCURVE('',#163,#168);
#163 = CYLINDRICAL_SURFACE('',#164,2.5);
#164 = AXIS2_PLACEMENT_3D('',#165,#166,#167);
#165 = CARTESIAN_POINT('',(-16.65,-25.65,-6.1));
#166 = DIRECTION('',(8.E-17,1.,-2.2E-16));
#167 = DIRECTION('',(1.,-8.E-17,8.480557193599E-49));
#168 = DEFINITIONAL_REPRESENTATION('',(#169),#173);
#169 = LINE('',#170,#171);
#170 = CARTESIAN_POINT('',(-3.14159265359,0.));
#171 = VECTOR('',#172,1.);
#172 = DIRECTION('',(-0.,-1.));
#173 = ( GEOMETRIC_REPRESENTATION_CONTEXT(2) 
PARAMETRIC_REPRESENTATION_CONTEXT() REPRESENTATION_CONTEXT('2D SPACE',''
  ) );
#174 = ORIENTED_EDGE('',*,*,#175,.T.);
#175 = EDGE_CURVE('',#148,#24,#176,.T.);
#176 = SURFACE_CURVE('',#177,(#181,#188),.PCURVE_S1.);
#177 = LINE('',#178,#179);
#178 = CARTESIAN_POINT('',(-19.15,-28.15,-6.1));
#179 = VECTOR('',#180,1.);
#180 = DIRECTION('',(-0.,-2.2E-16,-1.));
#181 = PCURVE('',#44,#182);
#182 = DEFINITIONAL_REPRESENTATION('',(#183),#187);
#183 = LINE('',#184,#185);
#184 = CARTESIAN_POINT('',(-1.2263568394E-15,-2.5));
#185 = VECTOR('',#186,1.);
#186 = DIRECTION('',(1.,0.));
#187 = ( GEOMETRIC_REPRESENTATION_CONTEXT(2) 
PARAMETRIC_REPRESENTATION_CONTEXT() REPRESENTATION_CONTEXT('2D SPACE',''
  ) );
#188 = PCURVE('',#189,#194);
#189 = PLANE('',#190);
#190 = AXIS2_PLACEMENT_3D('',#191,#192,#193);
#191 = CARTESIAN_POINT('',(-18.15,-29.15,-6.1));
#192 = DIRECTION('',(-0.707106781187,-0.707106781187,1.E-17));
#193 = DIRECTION('',(-1.079289321881E-16,1.220710678119E-16,1.));
#194 = DEFINITIONAL_REPRESENTATION('',(#195),#199);
#195 = LINE('',#196,#197);
#196 = CARTESIAN_POINT('',(2.3E-16,1.414213562373));
#197 = VECTOR('',#198,1.);
#198 = DIRECTION('',(-1.,7.071067811865E-18));
#199 = ( GEOMETRIC_REPRESENTATION_CONTEXT(2) 
PARAMETRIC_REPRESENTATION_CONTEXT() REPRESENTATION_CONTEXT('2D SPACE',''
  ) );
#200 = ORIENTED_EDGE('',*,*,#21,.F.);
#201 = ORIENTED_EDGE('',*,*,#202,.T.);
#202 = EDGE_CURVE('',#22,#146,#203,.T.);
#203 = SURFACE_CURVE('',#204,(#208,#215),.PCURVE_S1.);
#204 = LINE('',#205,#206);
#205 = CARTESIAN_POINT('',(-19.15,-25.65,-9.5));
#206 = VECTOR('',#207,1.);
#207 = DIRECTION('',(0.,0.,1.));
#208 = PCURVE('',#44,#209);
#209 = DEFINITIONAL_REPRESENTATION('',(#210),#214);
#210 = LINE('',#211,#212);
#211 = CARTESIAN_POINT('',(3.4,-2.804713678801E-15));
#212 = VECTOR('',#213,1.);
#213 = DIRECTION('',(-1.,-2.2E-16));
#214 = ( GEOMETRIC_REPRESENTATION_CONTEXT(2) 
PARAMETRIC_REPRESENTATION_CONTEXT() REPRESENTATION_CONTEXT('2D SPACE',''
  ) );
#215 = PCURVE('',#216,#221);
#216 = PLANE('',#217);
#217 = AXIS2_PLACEMENT_3D('',#218,#219,#220);
#218 = CARTESIAN_POINT('',(-19.25,38.85,-9.5));
#219 = DIRECTION('',(0.999998798151,1.550385733568E-03,0.));
#220 = DIRECTION('',(1.550385733568E-03,-0.999998798151,0.));
#221 = DEFINITIONAL_REPRESENTATION('',(#222),#226);
#222 = LINE('',#223,#224);
#223 = CARTESIAN_POINT('',(64.500077519333,0.));
#224 = VECTOR('',#225,1.);
#225 = DIRECTION('',(0.,-1.));
#226 = ( GEOMETRIC_REPRESENTATION_CONTEXT(2) 
PARAMETRIC_REPRESENTATION_CONTEXT() REPRESENTATION_CONTEXT('2D SPACE',''
  ) );
#227 = ADVANCED_FACE('',(#228),#73,.T.);
#228 = FACE_BOUND('',#229,.F.);
#229 = EDGE_LOOP('',(#230,#253,#286,#312));
#230 = ORIENTED_EDGE('',*,*,#231,.F.);
#231 = EDGE_CURVE('',#232,#24,#234,.T.);
#232 = VERTEX_POINT('',#233);
#233 = CARTESIAN_POINT('',(-17.15,-30.15,-7.));
#234 = SURFACE_CURVE('',#235,(#239,#246),.PCURVE_S1.);
#235 = LINE('',#236,#237);
#236 = CARTESIAN_POINT('',(-18.15,-29.15,-7.));
#237 = VECTOR('',#238,1.);
#238 = DIRECTION('',(-0.707106781187,0.707106781187,-1.6E-16));
#239 = PCURVE('',#73,#240);
#240 = DEFINITIONAL_REPRESENTATION('',(#241),#245);
#241 = LINE('',#242,#243);
#242 = CARTESIAN_POINT('',(-0.,-1.));
#243 = VECTOR('',#244,1.);
#244 = DIRECTION('',(-0.,1.));
#245 = ( GEOMETRIC_REPRESENTATION_CONTEXT(2) 
PARAMETRIC_REPRESENTATION_CONTEXT() REPRESENTATION_CONTEXT('2D SPACE',''
  ) );
#246 = PCURVE('',#189,#247);
#247 = DEFINITIONAL_REPRESENTATION('',(#248),#252);
#248 = LINE('',#249,#250);
#249 = CARTESIAN_POINT('',(-0.9,1.463711037056E-16));
#250 = VECTOR('',#251,1.);
#251 = DIRECTION('',(2.634559672906E-18,1.));
#252 = ( GEOMETRIC_REPRESENTATION_CONTEXT(2) 
PARAMETRIC_REPRESENTATION_CONTEXT() REPRESENTATION_CONTEXT('2D SPACE',''
  ) );
#253 = ORIENTED_EDGE('',*,*,#254,.T.);
#254 = EDGE_CURVE('',#232,#255,#257,.T.);
#255 = VERTEX_POINT('',#256);
#256 = CARTESIAN_POINT('',(-16.65,-30.15,-7.5));
#257 = SURFACE_CURVE('',#258,(#263,#270),.PCURVE_S1.);
#258 = CIRCLE('',#259,0.5);
#259 = AXIS2_PLACEMENT_3D('',#260,#261,#262);
#260 = CARTESIAN_POINT('',(-16.65,-30.15,-7.));
#261 = DIRECTION('',(-5.E-17,-1.,3.E-16));
#262 = DIRECTION('',(-1.,5.E-17,3.6E-16));
#263 = PCURVE('',#73,#264);
#264 = DEFINITIONAL_REPRESENTATION('',(#265),#269);
#265 = LINE('',#266,#267);
#266 = CARTESIAN_POINT('',(-0.,-2.));
#267 = VECTOR('',#268,1.);
#268 = DIRECTION('',(-1.,0.));
#269 = ( GEOMETRIC_REPRESENTATION_CONTEXT(2) 
PARAMETRIC_REPRESENTATION_CONTEXT() REPRESENTATION_CONTEXT('2D SPACE',''
  ) );
#270 = PCURVE('',#271,#276);
#271 = PLANE('',#272);
#272 = AXIS2_PLACEMENT_3D('',#273,#274,#275);
#273 = CARTESIAN_POINT('',(2.85,-30.15,-6.55));
#274 = DIRECTION('',(5.E-17,1.,-3.E-16));
#275 = DIRECTION('',(0.,3.E-16,1.));
#276 = DEFINITIONAL_REPRESENTATION('',(#277),#285);
#277 = ( BOUNDED_CURVE() B_SPLINE_CURVE(2,(#278,#279,#280,#281,#282,#283
,#284),.UNSPECIFIED.,.T.,.F.) B_SPLINE_CURVE_WITH_KNOTS((1,2,2,2,2,1),(
    -2.094395102393,0.,2.094395102393,4.188790204786,6.28318530718,
8.377580409573),.UNSPECIFIED.) CURVE() GEOMETRIC_REPRESENTATION_ITEM() 
RATIONAL_B_SPLINE_CURVE((1.,0.5,1.,0.5,1.,0.5,1.)) REPRESENTATION_ITEM(
  '') );
#278 = CARTESIAN_POINT('',(-0.45,-20.));
#279 = CARTESIAN_POINT('',(-1.316025403784,-20.));
#280 = CARTESIAN_POINT('',(-0.883012701892,-19.25));
#281 = CARTESIAN_POINT('',(-0.45,-18.5));
#282 = CARTESIAN_POINT('',(-1.698729810778E-02,-19.25));
#283 = CARTESIAN_POINT('',(0.416025403784,-20.));
#284 = CARTESIAN_POINT('',(-0.45,-20.));
#285 = ( GEOMETRIC_REPRESENTATION_CONTEXT(2) 
PARAMETRIC_REPRESENTATION_CONTEXT() REPRESENTATION_CONTEXT('2D SPACE',''
  ) );
#286 = ORIENTED_EDGE('',*,*,#287,.T.);
#287 = EDGE_CURVE('',#255,#57,#288,.T.);
#288 = SURFACE_CURVE('',#289,(#293,#300),.PCURVE_S1.);
#289 = LINE('',#290,#291);
#290 = CARTESIAN_POINT('',(-16.65,-28.15,-9.5));
#291 = VECTOR('',#292,1.);
#292 = DIRECTION('',(-2.6E-16,0.707106781187,-0.707106781187));
#293 = PCURVE('',#73,#294);
#294 = DEFINITIONAL_REPRESENTATION('',(#295),#299);
#295 = LINE('',#296,#297);
#296 = CARTESIAN_POINT('',(-1.570796326795,0.));
#297 = VECTOR('',#298,1.);
#298 = DIRECTION('',(-0.,1.));
#299 = ( GEOMETRIC_REPRESENTATION_CONTEXT(2) 
PARAMETRIC_REPRESENTATION_CONTEXT() REPRESENTATION_CONTEXT('2D SPACE',''
  ) );
#300 = PCURVE('',#301,#306);
#301 = PLANE('',#302);
#302 = AXIS2_PLACEMENT_3D('',#303,#304,#305);
#303 = CARTESIAN_POINT('',(-16.65,-29.15,-8.5));
#304 = DIRECTION('',(2.E-17,-0.707106781187,-0.707106781187));
#305 = DIRECTION('',(-1.,2.585786437627E-17,-5.414213562373E-17));
#306 = DEFINITIONAL_REPRESENTATION('',(#307),#311);
#307 = LINE('',#308,#309);
#308 = CARTESIAN_POINT('',(8.E-17,1.414213562373));
#309 = VECTOR('',#310,1.);
#310 = DIRECTION('',(3.165685424949E-16,1.));
#311 = ( GEOMETRIC_REPRESENTATION_CONTEXT(2) 
PARAMETRIC_REPRESENTATION_CONTEXT() REPRESENTATION_CONTEXT('2D SPACE',''
  ) );
#312 = ORIENTED_EDGE('',*,*,#56,.F.);
#313 = ADVANCED_FACE('',(#314),#127,.T.);
#314 = FACE_BOUND('',#315,.T.);
#315 = EDGE_LOOP('',(#316,#350,#399,#427,#458,#459));
#316 = ORIENTED_EDGE('',*,*,#317,.T.);
#317 = EDGE_CURVE('',#318,#320,#322,.T.);
#318 = VERTEX_POINT('',#319);
#319 = CARTESIAN_POINT('',(-19.25,38.85,-7.));
#320 = VERTEX_POINT('',#321);
#321 = CARTESIAN_POINT('',(-17.25,38.85,-9.449489252129));
#322 = SURFACE_CURVE('',#323,(#328,#338),.PCURVE_S1.);
#323 = ELLIPSE('',#324,2.500003004625,2.5);
#324 = AXIS2_PLACEMENT_3D('',#325,#326,#327);
#325 = CARTESIAN_POINT('',(-16.74999699537,38.85,-7.));
#326 = DIRECTION('',(0.,-1.,0.));
#327 = DIRECTION('',(1.,0.,0.));
#328 = PCURVE('',#127,#329);
#329 = DEFINITIONAL_REPRESENTATION('',(#330),#337);
#330 = B_SPLINE_CURVE_WITH_KNOTS('',5,(#331,#332,#333,#334,#335,#336),
  .UNSPECIFIED.,.F.,.F.,(6,6),(3.14159265359,4.511030078289),
  .PIECEWISE_BEZIER_KNOTS.);
#331 = CARTESIAN_POINT('',(0.,7.11E-15));
#332 = CARTESIAN_POINT('',(0.27388748494,7.11E-15));
#333 = CARTESIAN_POINT('',(0.54777496988,3.628179830814E-04));
#334 = CARTESIAN_POINT('',(0.821662454819,1.092648722865E-03));
#335 = CARTESIAN_POINT('',(1.095549939759,2.060640535901E-03));
#336 = CARTESIAN_POINT('',(1.369437424699,3.100771467146E-03));
#337 = ( GEOMETRIC_REPRESENTATION_CONTEXT(2) 
PARAMETRIC_REPRESENTATION_CONTEXT() REPRESENTATION_CONTEXT('2D SPACE',''
  ) );
#338 = PCURVE('',#339,#344);
#339 = PLANE('',#340);
#340 = AXIS2_PLACEMENT_3D('',#341,#342,#343);
#341 = CARTESIAN_POINT('',(-17.25,38.85,-9.5));
#342 = DIRECTION('',(0.,-1.,0.));
#343 = DIRECTION('',(-1.,0.,0.));
#344 = DEFINITIONAL_REPRESENTATION('',(#345),#349);
#345 = ELLIPSE('',#346,2.500003004625,2.5);
#346 = AXIS2_PLACEMENT_2D('',#347,#348);
#347 = CARTESIAN_POINT('',(-0.500003004625,-2.5));
#348 = DIRECTION('',(-1.,-0.));
#349 = ( GEOMETRIC_REPRESENTATION_CONTEXT(2) 
PARAMETRIC_REPRESENTATION_CONTEXT() REPRESENTATION_CONTEXT('2D SPACE',''
  ) );
#350 = ORIENTED_EDGE('',*,*,#351,.T.);
#351 = EDGE_CURVE('',#320,#352,#354,.T.);
#352 = VERTEX_POINT('',#353);
#353 = CARTESIAN_POINT('',(-16.74938810838,38.457267888489,-9.5));
#354 = SURFACE_CURVE('',#355,(#370,#382),.PCURVE_S1.);
#355 = B_SPLINE_CURVE_WITH_KNOTS('',7,(#356,#357,#358,#359,#360,#361,
    #362,#363,#364,#365,#366,#367,#368,#369),.UNSPECIFIED.,.F.,.F.,(8,6,
    8),(0.,0.680281564549,1.),.UNSPECIFIED.);
#356 = CARTESIAN_POINT('',(-18.47294279384,40.314389118275,
    -8.813638108618));
#357 = CARTESIAN_POINT('',(-18.35993844222,40.125153523379,
    -8.920571524694));
#358 = CARTESIAN_POINT('',(-18.23643694718,39.936511082854,
    -9.021937872118));
#359 = CARTESIAN_POINT('',(-18.10164209396,39.748576511367,
    -9.117126426252));
#360 = CARTESIAN_POINT('',(-17.95471788634,39.561766148458,
    -9.205000774326));
#361 = CARTESIAN_POINT('',(-17.7948346844,39.376803628881,-9.28388687455
    ));
#362 = CARTESIAN_POINT('',(-17.62125553951,39.194683975891,
    -9.351582528596));
#363 = CARTESIAN_POINT('',(-17.34483813797,38.932882076639,
    -9.429965654963));
#364 = CARTESIAN_POINT('',(-17.25332238732,38.850118872011,
    -9.451835958023));
#365 = CARTESIAN_POINT('',(-17.15861882003,38.768439347773,
    -9.470184609907));
#366 = CARTESIAN_POINT('',(-17.06073818314,38.688045255576,
    -9.484624662805));
#367 = CARTESIAN_POINT('',(-16.95976516127,38.609188121548,
    -9.494719167123));
#368 = CARTESIAN_POINT('',(-16.85588024874,38.53215784598,-9.5));
#369 = CARTESIAN_POINT('',(-16.74938810838,38.457267888489,-9.5));
#370 = PCURVE('',#127,#371);
#371 = DEFINITIONAL_REPRESENTATION('',(#372),#381);
#372 = B_SPLINE_CURVE_WITH_KNOTS('',7,(#373,#374,#375,#376,#377,#378,
    #379,#380),.UNSPECIFIED.,.F.,.F.,(8,8),(0.772143281492,1.),
  .PIECEWISE_BEZIER_KNOTS.);
#373 = CARTESIAN_POINT('',(1.369437425465,3.100771236364E-03));
#374 = CARTESIAN_POINT('',(1.39669701358,6.155718782837E-02));
#375 = CARTESIAN_POINT('',(1.424434529791,0.119410548157));
#376 = CARTESIAN_POINT('',(1.452667835856,0.176586234921));
#377 = CARTESIAN_POINT('',(1.481411629356,0.232996694708));
#378 = CARTESIAN_POINT('',(1.510677183262,0.288543261492));
#379 = CARTESIAN_POINT('',(1.540471563829,0.343118426228));
#380 = CARTESIAN_POINT('',(1.570796326795,0.396608552508));
#381 = ( GEOMETRIC_REPRESENTATION_CONTEXT(2) 
PARAMETRIC_REPRESENTATION_CONTEXT() REPRESENTATION_CONTEXT('2D SPACE',''
  ) );
#382 = PCURVE('',#383,#388);
#383 = CYLINDRICAL_SURFACE('',#384,6.083333333333);
#384 = AXIS2_PLACEMENT_3D('',#385,#386,#387);
#385 = CARTESIAN_POINT('',(-13.25,43.433333333333,-9.5));
#386 = DIRECTION('',(-0.,-0.,-1.));
#387 = DIRECTION('',(1.,0.,0.));
#388 = DEFINITIONAL_REPRESENTATION('',(#389),#398);
#389 = B_SPLINE_CURVE_WITH_KNOTS('',7,(#390,#391,#392,#393,#394,#395,
    #396,#397),.UNSPECIFIED.,.F.,.F.,(8,8),(0.772143281492,1.),
  .PIECEWISE_BEZIER_KNOTS.);
#390 = CARTESIAN_POINT('',(-3.994847639999,-5.05107503629E-02));
#391 = CARTESIAN_POINT('',(-4.00943584663,-3.688090042869E-02));
#392 = CARTESIAN_POINT('',(-4.024157160326,-2.5135619476E-02));
#393 = CARTESIAN_POINT('',(-4.039007344775,-1.541652745543E-02));
#394 = CARTESIAN_POINT('',(-4.053978840601,-7.877490019291E-03));
#395 = CARTESIAN_POINT('',(-4.06906050838,-2.682197433001E-03));
#396 = CARTESIAN_POINT('',(-4.084237200124,-1.24E-15));
#397 = CARTESIAN_POINT('',(-4.099489159221,2.22E-15));
#398 = ( GEOMETRIC_REPRESENTATION_CONTEXT(2) 
PARAMETRIC_REPRESENTATION_CONTEXT() REPRESENTATION_CONTEXT('2D SPACE',''
  ) );
#399 = ORIENTED_EDGE('',*,*,#400,.T.);
#400 = EDGE_CURVE('',#352,#401,#403,.T.);
#401 = VERTEX_POINT('',#402);
#402 = CARTESIAN_POINT('',(-16.64999699537,-25.65,-9.5));
#403 = SURFACE_CURVE('',#404,(#408,#415),.PCURVE_S1.);
#404 = LINE('',#405,#406);
#405 = CARTESIAN_POINT('',(-16.75000300462,38.853875964334,-9.5));
#406 = VECTOR('',#407,1.);
#407 = DIRECTION('',(1.550385733568E-03,-0.999998798151,0.));
#408 = PCURVE('',#127,#409);
#409 = DEFINITIONAL_REPRESENTATION('',(#410),#414);
#410 = LINE('',#411,#412);
#411 = CARTESIAN_POINT('',(1.570796326795,0.));
#412 = VECTOR('',#413,1.);
#413 = DIRECTION('',(0.,1.));
#414 = ( GEOMETRIC_REPRESENTATION_CONTEXT(2) 
PARAMETRIC_REPRESENTATION_CONTEXT() REPRESENTATION_CONTEXT('2D SPACE',''
  ) );
#415 = PCURVE('',#416,#421);
#416 = PLANE('',#417);
#417 = AXIS2_PLACEMENT_3D('',#418,#419,#420);
#418 = CARTESIAN_POINT('',(2.85,6.474366065403,-9.5));
#419 = DIRECTION('',(0.,0.,1.));
#420 = DIRECTION('',(1.,0.,0.));
#421 = DEFINITIONAL_REPRESENTATION('',(#422),#426);
#422 = LINE('',#423,#424);
#423 = CARTESIAN_POINT('',(-19.60000300462,32.379509898931));
#424 = VECTOR('',#425,1.);
#425 = DIRECTION('',(1.550385733568E-03,-0.999998798151));
#426 = ( GEOMETRIC_REPRESENTATION_CONTEXT(2) 
PARAMETRIC_REPRESENTATION_CONTEXT() REPRESENTATION_CONTEXT('2D SPACE',''
  ) );
#427 = ORIENTED_EDGE('',*,*,#428,.F.);
#428 = EDGE_CURVE('',#86,#401,#429,.T.);
#429 = SURFACE_CURVE('',#430,(#435,#445),.PCURVE_S1.);
#430 = ELLIPSE('',#431,2.500003004625,2.5);
#431 = AXIS2_PLACEMENT_3D('',#432,#433,#434);
#432 = CARTESIAN_POINT('',(-16.64999699537,-25.65,-7.));
#433 = DIRECTION('',(-8.E-17,-1.,0.));
#434 = DIRECTION('',(1.,-8.E-17,0.));
#435 = PCURVE('',#127,#436);
#436 = DEFINITIONAL_REPRESENTATION('',(#437),#444);
#437 = B_SPLINE_CURVE_WITH_KNOTS('',5,(#438,#439,#440,#441,#442,#443),
  .UNSPECIFIED.,.F.,.F.,(6,6),(3.14159265359,4.712388980385),
  .PIECEWISE_BEZIER_KNOTS.);
#438 = CARTESIAN_POINT('',(1.1E-16,64.500077519333));
#439 = CARTESIAN_POINT('',(0.314159265359,64.500077519333));
#440 = CARTESIAN_POINT('',(0.628318530678,64.500554380742));
#441 = CARTESIAN_POINT('',(0.942477796062,64.501517043057));
#442 = CARTESIAN_POINT('',(1.256637061436,64.502735816754));
#443 = CARTESIAN_POINT('',(1.570796326795,64.503953488326));
#444 = ( GEOMETRIC_REPRESENTATION_CONTEXT(2) 
PARAMETRIC_REPRESENTATION_CONTEXT() REPRESENTATION_CONTEXT('2D SPACE',''
  ) );
#445 = PCURVE('',#101,#446);
#446 = DEFINITIONAL_REPRESENTATION('',(#447),#457);
#447 = B_SPLINE_CURVE_WITH_KNOTS('',8,(#448,#449,#450,#451,#452,#453,
    #454,#455,#456),.UNSPECIFIED.,.F.,.F.,(9,9),(4.712387778536,
    4.712388980385),.PIECEWISE_BEZIER_KNOTS.);
#448 = CARTESIAN_POINT('',(0.,3.552713678801E-15));
#449 = CARTESIAN_POINT('',(3.755781641246E-07,3.552713678801E-15));
#450 = CARTESIAN_POINT('',(7.511835953267E-07,1.579536501595E-11));
#451 = CARTESIAN_POINT('',(1.126683212505E-06,3.583622287806E-11));
#452 = CARTESIAN_POINT('',(1.502447222634E-06,7.300826609935E-11));
#453 = CARTESIAN_POINT('',(1.877817368268E-06,-1.666222715357E-12));
#454 = CARTESIAN_POINT('',(2.253499197025E-06,1.009325956147E-11));
#455 = CARTESIAN_POINT('',(2.629047163083E-06,3.552713678801E-15));
#456 = CARTESIAN_POINT('',(3.004625327208E-06,3.552713678801E-15));
#457 = ( GEOMETRIC_REPRESENTATION_CONTEXT(2) 
PARAMETRIC_REPRESENTATION_CONTEXT() REPRESENTATION_CONTEXT('2D SPACE',''
  ) );
#458 = ORIENTED_EDGE('',*,*,#113,.F.);
#459 = ORIENTED_EDGE('',*,*,#460,.F.);
#460 = EDGE_CURVE('',#318,#22,#461,.T.);
#461 = SURFACE_CURVE('',#462,(#466,#473),.PCURVE_S1.);
#462 = LINE('',#463,#464);
#463 = CARTESIAN_POINT('',(-19.25,38.85,-7.));
#464 = VECTOR('',#465,1.);
#465 = DIRECTION('',(1.550385733568E-03,-0.999998798151,0.));
#466 = PCURVE('',#127,#467);
#467 = DEFINITIONAL_REPRESENTATION('',(#468),#472);
#468 = LINE('',#469,#470);
#469 = CARTESIAN_POINT('',(0.,0.));
#470 = VECTOR('',#471,1.);
#471 = DIRECTION('',(0.,1.));
#472 = ( GEOMETRIC_REPRESENTATION_CONTEXT(2) 
PARAMETRIC_REPRESENTATION_CONTEXT() REPRESENTATION_CONTEXT('2D SPACE',''
  ) );
#473 = PCURVE('',#216,#474);
#474 = DEFINITIONAL_REPRESENTATION('',(#475),#479);
#475 = LINE('',#476,#477);
#476 = CARTESIAN_POINT('',(0.,-2.5));
#477 = VECTOR('',#478,1.);
#478 = DIRECTION('',(1.,0.));
#479 = ( GEOMETRIC_REPRESENTATION_CONTEXT(2) 
PARAMETRIC_REPRESENTATION_CONTEXT() REPRESENTATION_CONTEXT('2D SPACE',''
  ) );
#480 = ADVANCED_FACE('',(#481),#101,.F.);
#481 = FACE_BOUND('',#482,.F.);
#482 = EDGE_LOOP('',(#483,#484,#507,#535,#573,#594));
#483 = ORIENTED_EDGE('',*,*,#85,.T.);
#484 = ORIENTED_EDGE('',*,*,#485,.T.);
#485 = EDGE_CURVE('',#57,#486,#488,.T.);
#486 = VERTEX_POINT('',#487);
#487 = CARTESIAN_POINT('',(22.35,-28.15,-9.5));
#488 = SURFACE_CURVE('',#489,(#493,#500),.PCURVE_S1.);
#489 = LINE('',#490,#491);
#490 = CARTESIAN_POINT('',(-16.65,-28.15,-9.5));
#491 = VECTOR('',#492,1.);
#492 = DIRECTION('',(1.,-8.E-17,0.));
#493 = PCURVE('',#101,#494);
#494 = DEFINITIONAL_REPRESENTATION('',(#495),#499);
#495 = LINE('',#496,#497);
#496 = CARTESIAN_POINT('',(2.E-16,-2.5));
#497 = VECTOR('',#498,1.);
#498 = DIRECTION('',(1.,-3.872E-48));
#499 = ( GEOMETRIC_REPRESENTATION_CONTEXT(2) 
PARAMETRIC_REPRESENTATION_CONTEXT() REPRESENTATION_CONTEXT('2D SPACE',''
  ) );
#500 = PCURVE('',#301,#501);
#501 = DEFINITIONAL_REPRESENTATION('',(#502),#506);
#502 = LINE('',#503,#504);
#503 = CARTESIAN_POINT('',(8.E-17,1.414213562373));
#504 = VECTOR('',#505,1.);
#505 = DIRECTION('',(-1.,7.77427017514E-33));
#506 = ( GEOMETRIC_REPRESENTATION_CONTEXT(2) 
PARAMETRIC_REPRESENTATION_CONTEXT() REPRESENTATION_CONTEXT('2D SPACE',''
  ) );
#507 = ORIENTED_EDGE('',*,*,#508,.F.);
#508 = EDGE_CURVE('',#509,#486,#511,.T.);
#509 = VERTEX_POINT('',#510);
#510 = CARTESIAN_POINT('',(22.35,-25.65,-9.5));
#511 = SURFACE_CURVE('',#512,(#516,#523),.PCURVE_S1.);
#512 = LINE('',#513,#514);
#513 = CARTESIAN_POINT('',(22.35,-25.65,-9.5));
#514 = VECTOR('',#515,1.);
#515 = DIRECTION('',(-8.E-17,-1.,2.2E-16));
#516 = PCURVE('',#101,#517);
#517 = DEFINITIONAL_REPRESENTATION('',(#518),#522);
#518 = LINE('',#519,#520);
#519 = CARTESIAN_POINT('',(39.,3.12E-15));
#520 = VECTOR('',#521,1.);
#521 = DIRECTION('',(3.872E-48,-1.));
#522 = ( GEOMETRIC_REPRESENTATION_CONTEXT(2) 
PARAMETRIC_REPRESENTATION_CONTEXT() REPRESENTATION_CONTEXT('2D SPACE',''
  ) );
#523 = PCURVE('',#524,#529);
#524 = CYLINDRICAL_SURFACE('',#525,2.5);
#525 = AXIS2_PLACEMENT_3D('',#526,#527,#528);
#526 = CARTESIAN_POINT('',(22.35,-25.65,-7.));
#527 = DIRECTION('',(8.E-17,1.,-2.2E-16));
#528 = DIRECTION('',(1.,-8.E-17,8.480557193599E-49));
#529 = DEFINITIONAL_REPRESENTATION('',(#530),#534);
#530 = LINE('',#531,#532);
#531 = CARTESIAN_POINT('',(-4.712388980385,0.));
#532 = VECTOR('',#533,1.);
#533 = DIRECTION('',(-0.,-1.));
#534 = ( GEOMETRIC_REPRESENTATION_CONTEXT(2) 
PARAMETRIC_REPRESENTATION_CONTEXT() REPRESENTATION_CONTEXT('2D SPACE',''
  ) );
#535 = ORIENTED_EDGE('',*,*,#536,.T.);
#536 = EDGE_CURVE('',#509,#537,#539,.T.);
#537 = VERTEX_POINT('',#538);
#538 = CARTESIAN_POINT('',(22.349996995375,-25.65,-9.5));
#539 = SURFACE_CURVE('',#540,(#545,#558),.PCURVE_S1.);
#540 = ELLIPSE('',#541,2.500003004625,2.5);
#541 = AXIS2_PLACEMENT_3D('',#542,#543,#544);
#542 = CARTESIAN_POINT('',(22.349996995375,-25.65,-7.));
#543 = DIRECTION('',(8.E-17,1.,0.));
#544 = DIRECTION('',(1.,-8.E-17,0.));
#545 = PCURVE('',#101,#546);
#546 = DEFINITIONAL_REPRESENTATION('',(#547),#557);
#547 = B_SPLINE_CURVE_WITH_KNOTS('',8,(#548,#549,#550,#551,#552,#553,
    #554,#555,#556),.UNSPECIFIED.,.F.,.F.,(9,9),(1.570795124946,
    1.570796326795),.PIECEWISE_BEZIER_KNOTS.);
#548 = CARTESIAN_POINT('',(39.,0.));
#549 = CARTESIAN_POINT('',(38.999999624422,0.));
#550 = CARTESIAN_POINT('',(38.999999248861,6.501466032205E-12));
#551 = CARTESIAN_POINT('',(38.999998873168,2.924593900389E-11));
#552 = CARTESIAN_POINT('',(38.999998497768,6.694378384964E-11));
#553 = CARTESIAN_POINT('',(38.999998122035,-5.24380538991E-12));
#554 = CARTESIAN_POINT('',(38.999997746548,-8.704148513061E-13));
#555 = CARTESIAN_POINT('',(38.999997370953,0.));
#556 = CARTESIAN_POINT('',(38.999996995375,0.));
#557 = ( GEOMETRIC_REPRESENTATION_CONTEXT(2) 
PARAMETRIC_REPRESENTATION_CONTEXT() REPRESENTATION_CONTEXT('2D SPACE',''
  ) );
#558 = PCURVE('',#559,#564);
#559 = CYLINDRICAL_SURFACE('',#560,2.5);
#560 = AXIS2_PLACEMENT_3D('',#561,#562,#563);
#561 = CARTESIAN_POINT('',(22.350003004622,-25.64612403566,-7.));
#562 = DIRECTION('',(1.550385733568E-03,0.999998798151,0.));
#563 = DIRECTION('',(0.999998798151,-1.550385733568E-03,0.));
#564 = DEFINITIONAL_REPRESENTATION('',(#565),#572);
#565 = B_SPLINE_CURVE_WITH_KNOTS('',5,(#566,#567,#568,#569,#570,#571),
  .UNSPECIFIED.,.F.,.F.,(6,6),(0.,1.570796326795),
  .PIECEWISE_BEZIER_KNOTS.);
#566 = CARTESIAN_POINT('',(0.,7.11E-15));
#567 = CARTESIAN_POINT('',(0.314159265359,7.11E-15));
#568 = CARTESIAN_POINT('',(0.628318530678,-4.768614085882E-04));
#569 = CARTESIAN_POINT('',(0.942477796062,-1.439523723708E-03));
#570 = CARTESIAN_POINT('',(1.256637061436,-2.658297421085E-03));
#571 = CARTESIAN_POINT('',(1.570796326795,-3.875968992244E-03));
#572 = ( GEOMETRIC_REPRESENTATION_CONTEXT(2) 
PARAMETRIC_REPRESENTATION_CONTEXT() REPRESENTATION_CONTEXT('2D SPACE',''
  ) );
#573 = ORIENTED_EDGE('',*,*,#574,.F.);
#574 = EDGE_CURVE('',#401,#537,#575,.T.);
#575 = SURFACE_CURVE('',#576,(#580,#587),.PCURVE_S1.);
#576 = LINE('',#577,#578);
#577 = CARTESIAN_POINT('',(-19.15,-25.65,-9.5));
#578 = VECTOR('',#579,1.);
#579 = DIRECTION('',(1.,-8.E-17,0.));
#580 = PCURVE('',#101,#581);
#581 = DEFINITIONAL_REPRESENTATION('',(#582),#586);
#582 = LINE('',#583,#584);
#583 = CARTESIAN_POINT('',(-2.5,-2.E-16));
#584 = VECTOR('',#585,1.);
#585 = DIRECTION('',(1.,-3.872E-48));
#586 = ( GEOMETRIC_REPRESENTATION_CONTEXT(2) 
PARAMETRIC_REPRESENTATION_CONTEXT() REPRESENTATION_CONTEXT('2D SPACE',''
  ) );
#587 = PCURVE('',#416,#588);
#588 = DEFINITIONAL_REPRESENTATION('',(#589),#593);
#589 = LINE('',#590,#591);
#590 = CARTESIAN_POINT('',(-22.,-32.1243660654));
#591 = VECTOR('',#592,1.);
#592 = DIRECTION('',(1.,-8.E-17));
#593 = ( GEOMETRIC_REPRESENTATION_CONTEXT(2) 
PARAMETRIC_REPRESENTATION_CONTEXT() REPRESENTATION_CONTEXT('2D SPACE',''
  ) );
#594 = ORIENTED_EDGE('',*,*,#428,.F.);
#595 = ADVANCED_FACE('',(#596),#163,.T.);
#596 = FACE_BOUND('',#597,.F.);
#597 = EDGE_LOOP('',(#598,#628,#655,#656));
#598 = ORIENTED_EDGE('',*,*,#599,.T.);
#599 = EDGE_CURVE('',#600,#602,#604,.T.);
#600 = VERTEX_POINT('',#601);
#601 = CARTESIAN_POINT('',(-16.65,-25.65,-3.6));
#602 = VERTEX_POINT('',#603);
#603 = CARTESIAN_POINT('',(-16.65,-28.15,-3.6));
#604 = SURFACE_CURVE('',#605,(#609,#616),.PCURVE_S1.);
#605 = LINE('',#606,#607);
#606 = CARTESIAN_POINT('',(-16.65,-25.65,-3.6));
#607 = VECTOR('',#608,1.);
#608 = DIRECTION('',(-8.E-17,-1.,2.2E-16));
#609 = PCURVE('',#163,#610);
#610 = DEFINITIONAL_REPRESENTATION('',(#611),#615);
#611 = LINE('',#612,#613);
#612 = CARTESIAN_POINT('',(-1.570796326795,0.));
#613 = VECTOR('',#614,1.);
#614 = DIRECTION('',(-0.,-1.));
#615 = ( GEOMETRIC_REPRESENTATION_CONTEXT(2) 
PARAMETRIC_REPRESENTATION_CONTEXT() REPRESENTATION_CONTEXT('2D SPACE',''
  ) );
#616 = PCURVE('',#617,#622);
#617 = PLANE('',#618);
#618 = AXIS2_PLACEMENT_3D('',#619,#620,#621);
#619 = CARTESIAN_POINT('',(22.35,-25.65,-3.6));
#620 = DIRECTION('',(-0.,-2.2E-16,-1.));
#621 = DIRECTION('',(-1.,8.E-17,-1.76E-32));
#622 = DEFINITIONAL_REPRESENTATION('',(#623),#627);
#623 = LINE('',#624,#625);
#624 = CARTESIAN_POINT('',(39.,4.327136788005E-16));
#625 = VECTOR('',#626,1.);
#626 = DIRECTION('',(-3.872E-48,-1.));
#627 = ( GEOMETRIC_REPRESENTATION_CONTEXT(2) 
PARAMETRIC_REPRESENTATION_CONTEXT() REPRESENTATION_CONTEXT('2D SPACE',''
  ) );
#628 = ORIENTED_EDGE('',*,*,#629,.T.);
#629 = EDGE_CURVE('',#602,#148,#630,.T.);
#630 = SURFACE_CURVE('',#631,(#636,#643),.PCURVE_S1.);
#631 = CIRCLE('',#632,2.5);
#632 = AXIS2_PLACEMENT_3D('',#633,#634,#635);
#633 = CARTESIAN_POINT('',(-16.65,-28.15,-6.1));
#634 = DIRECTION('',(-5.E-17,-1.,3.E-16));
#635 = DIRECTION('',(0.,3.E-16,1.));
#636 = PCURVE('',#163,#637);
#637 = DEFINITIONAL_REPRESENTATION('',(#638),#642);
#638 = LINE('',#639,#640);
#639 = CARTESIAN_POINT('',(-1.570796326795,-2.5));
#640 = VECTOR('',#641,1.);
#641 = DIRECTION('',(-1.,0.));
#642 = ( GEOMETRIC_REPRESENTATION_CONTEXT(2) 
PARAMETRIC_REPRESENTATION_CONTEXT() REPRESENTATION_CONTEXT('2D SPACE',''
  ) );
#643 = PCURVE('',#644,#649);
#644 = CONICAL_SURFACE('',#645,2.5,0.785398163397);
#645 = AXIS2_PLACEMENT_3D('',#646,#647,#648);
#646 = CARTESIAN_POINT('',(-16.65,-28.15,-6.1));
#647 = DIRECTION('',(5.E-17,1.,-3.E-16));
#648 = DIRECTION('',(0.,3.E-16,1.));
#649 = DEFINITIONAL_REPRESENTATION('',(#650),#654);
#650 = LINE('',#651,#652);
#651 = CARTESIAN_POINT('',(-0.,0.));
#652 = VECTOR('',#653,1.);
#653 = DIRECTION('',(-1.,0.));
#654 = ( GEOMETRIC_REPRESENTATION_CONTEXT(2) 
PARAMETRIC_REPRESENTATION_CONTEXT() REPRESENTATION_CONTEXT('2D SPACE',''
  ) );
#655 = ORIENTED_EDGE('',*,*,#145,.F.);
#656 = ORIENTED_EDGE('',*,*,#657,.T.);
#657 = EDGE_CURVE('',#146,#600,#658,.T.);
#658 = SURFACE_CURVE('',#659,(#664,#670),.PCURVE_S1.);
#659 = ELLIPSE('',#660,2.500003004625,2.5);
#660 = AXIS2_PLACEMENT_3D('',#661,#662,#663);
#661 = CARTESIAN_POINT('',(-16.64999699537,-25.65,-6.1));
#662 = DIRECTION('',(8.E-17,1.,0.));
#663 = DIRECTION('',(1.,-8.E-17,0.));
#664 = PCURVE('',#163,#665);
#665 = DEFINITIONAL_REPRESENTATION('',(#666),#669);
#666 = B_SPLINE_CURVE_WITH_KNOTS('',1,(#667,#668),.UNSPECIFIED.,.F.,.F.,
  (2,2),(3.14159265359,4.712387778536),.PIECEWISE_BEZIER_KNOTS.);
#667 = CARTESIAN_POINT('',(-3.14159265359,0.));
#668 = CARTESIAN_POINT('',(-1.570796326795,0.));
#669 = ( GEOMETRIC_REPRESENTATION_CONTEXT(2) 
PARAMETRIC_REPRESENTATION_CONTEXT() REPRESENTATION_CONTEXT('2D SPACE',''
  ) );
#670 = PCURVE('',#671,#676);
#671 = CYLINDRICAL_SURFACE('',#672,2.5);
#672 = AXIS2_PLACEMENT_3D('',#673,#674,#675);
#673 = CARTESIAN_POINT('',(-16.75000300462,38.853875964334,-6.1));
#674 = DIRECTION('',(1.550385733568E-03,-0.999998798151,0.));
#675 = DIRECTION('',(-0.999998798151,-1.550385733568E-03,0.));
#676 = DEFINITIONAL_REPRESENTATION('',(#677),#684);
#677 = B_SPLINE_CURVE_WITH_KNOTS('',5,(#678,#679,#680,#681,#682,#683),
  .UNSPECIFIED.,.F.,.F.,(6,6),(3.14159265359,4.712388980385),
  .PIECEWISE_BEZIER_KNOTS.);
#678 = CARTESIAN_POINT('',(0.,64.500077519333));
#679 = CARTESIAN_POINT('',(-0.314159265359,64.500077519333));
#680 = CARTESIAN_POINT('',(-0.628318530678,64.500554380742));
#681 = CARTESIAN_POINT('',(-0.942477796062,64.501517043057));
#682 = CARTESIAN_POINT('',(-1.256637061436,64.502735816754));
#683 = CARTESIAN_POINT('',(-1.570796326795,64.503953488326));
#684 = ( GEOMETRIC_REPRESENTATION_CONTEXT(2) 
PARAMETRIC_REPRESENTATION_CONTEXT() REPRESENTATION_CONTEXT('2D SPACE',''
  ) );
#685 = ADVANCED_FACE('',(#686),#189,.T.);
#686 = FACE_BOUND('',#687,.F.);
#687 = EDGE_LOOP('',(#688,#711,#732,#733));
#688 = ORIENTED_EDGE('',*,*,#689,.F.);
#689 = EDGE_CURVE('',#690,#148,#692,.T.);
#690 = VERTEX_POINT('',#691);
#691 = CARTESIAN_POINT('',(-17.15,-30.15,-6.1));
#692 = SURFACE_CURVE('',#693,(#697,#704),.PCURVE_S1.);
#693 = LINE('',#694,#695);
#694 = CARTESIAN_POINT('',(-19.15,-28.15,-6.1));
#695 = VECTOR('',#696,1.);
#696 = DIRECTION('',(-0.707106781187,0.707106781187,-1.7E-16));
#697 = PCURVE('',#189,#698);
#698 = DEFINITIONAL_REPRESENTATION('',(#699),#703);
#699 = LINE('',#700,#701);
#700 = CARTESIAN_POINT('',(-1.5463568394E-15,1.414213562373));
#701 = VECTOR('',#702,1.);
#702 = DIRECTION('',(-7.365440327094E-18,1.));
#703 = ( GEOMETRIC_REPRESENTATION_CONTEXT(2) 
PARAMETRIC_REPRESENTATION_CONTEXT() REPRESENTATION_CONTEXT('2D SPACE',''
  ) );
#704 = PCURVE('',#644,#705);
#705 = DEFINITIONAL_REPRESENTATION('',(#706),#710);
#706 = LINE('',#707,#708);
#707 = CARTESIAN_POINT('',(-1.570796326795,0.));
#708 = VECTOR('',#709,1.);
#709 = DIRECTION('',(-0.,1.));
#710 = ( GEOMETRIC_REPRESENTATION_CONTEXT(2) 
PARAMETRIC_REPRESENTATION_CONTEXT() REPRESENTATION_CONTEXT('2D SPACE',''
  ) );
#711 = ORIENTED_EDGE('',*,*,#712,.T.);
#712 = EDGE_CURVE('',#690,#232,#713,.T.);
#713 = SURFACE_CURVE('',#714,(#718,#725),.PCURVE_S1.);
#714 = LINE('',#715,#716);
#715 = CARTESIAN_POINT('',(-17.15,-30.15,-6.1));
#716 = VECTOR('',#717,1.);
#717 = DIRECTION('',(-0.,-2.2E-16,-1.));
#718 = PCURVE('',#189,#719);
#719 = DEFINITIONAL_REPRESENTATION('',(#720),#724);
#720 = LINE('',#721,#722);
#721 = CARTESIAN_POINT('',(-2.3E-16,-1.414213562373));
#722 = VECTOR('',#723,1.);
#723 = DIRECTION('',(-1.,7.071067811865E-18));
#724 = ( GEOMETRIC_REPRESENTATION_CONTEXT(2) 
PARAMETRIC_REPRESENTATION_CONTEXT() REPRESENTATION_CONTEXT('2D SPACE',''
  ) );
#725 = PCURVE('',#271,#726);
#726 = DEFINITIONAL_REPRESENTATION('',(#727),#731);
#727 = LINE('',#728,#729);
#728 = CARTESIAN_POINT('',(0.45,-20.));
#729 = VECTOR('',#730,1.);
#730 = DIRECTION('',(-1.,-4.E-33));
#731 = ( GEOMETRIC_REPRESENTATION_CONTEXT(2) 
PARAMETRIC_REPRESENTATION_CONTEXT() REPRESENTATION_CONTEXT('2D SPACE',''
  ) );
#732 = ORIENTED_EDGE('',*,*,#231,.T.);
#733 = ORIENTED_EDGE('',*,*,#175,.F.);
#734 = ADVANCED_FACE('',(#735),#216,.F.);
#735 = FACE_BOUND('',#736,.F.);
#736 = EDGE_LOOP('',(#737,#760,#781,#782));
#737 = ORIENTED_EDGE('',*,*,#738,.T.);
#738 = EDGE_CURVE('',#318,#739,#741,.T.);
#739 = VERTEX_POINT('',#740);
#740 = CARTESIAN_POINT('',(-19.25,38.85,-6.1));
#741 = SURFACE_CURVE('',#742,(#746,#753),.PCURVE_S1.);
#742 = LINE('',#743,#744);
#743 = CARTESIAN_POINT('',(-19.25,38.85,-9.5));
#744 = VECTOR('',#745,1.);
#745 = DIRECTION('',(0.,0.,1.));
#746 = PCURVE('',#216,#747);
#747 = DEFINITIONAL_REPRESENTATION('',(#748),#752);
#748 = LINE('',#749,#750);
#749 = CARTESIAN_POINT('',(0.,0.));
#750 = VECTOR('',#751,1.);
#751 = DIRECTION('',(0.,-1.));
#752 = ( GEOMETRIC_REPRESENTATION_CONTEXT(2) 
PARAMETRIC_REPRESENTATION_CONTEXT() REPRESENTATION_CONTEXT('2D SPACE',''
  ) );
#753 = PCURVE('',#339,#754);
#754 = DEFINITIONAL_REPRESENTATION('',(#755),#759);
#755 = LINE('',#756,#757);
#756 = CARTESIAN_POINT('',(2.,0.));
#757 = VECTOR('',#758,1.);
#758 = DIRECTION('',(0.,-1.));
#759 = ( GEOMETRIC_REPRESENTATION_CONTEXT(2) 
PARAMETRIC_REPRESENTATION_CONTEXT() REPRESENTATION_CONTEXT('2D SPACE',''
  ) );
#760 = ORIENTED_EDGE('',*,*,#761,.T.);
#761 = EDGE_CURVE('',#739,#146,#762,.T.);
#762 = SURFACE_CURVE('',#763,(#767,#774),.PCURVE_S1.);
#763 = LINE('',#764,#765);
#764 = CARTESIAN_POINT('',(-19.25,38.85,-6.1));
#765 = VECTOR('',#766,1.);
#766 = DIRECTION('',(1.550385733568E-03,-0.999998798151,0.));
#767 = PCURVE('',#216,#768);
#768 = DEFINITIONAL_REPRESENTATION('',(#769),#773);
#769 = LINE('',#770,#771);
#770 = CARTESIAN_POINT('',(0.,-3.4));
#771 = VECTOR('',#772,1.);
#772 = DIRECTION('',(1.,0.));
#773 = ( GEOMETRIC_REPRESENTATION_CONTEXT(2) 
PARAMETRIC_REPRESENTATION_CONTEXT() REPRESENTATION_CONTEXT('2D SPACE',''
  ) );
#774 = PCURVE('',#671,#775);
#775 = DEFINITIONAL_REPRESENTATION('',(#776),#780);
#776 = LINE('',#777,#778);
#777 = CARTESIAN_POINT('',(-0.,0.));
#778 = VECTOR('',#779,1.);
#779 = DIRECTION('',(-0.,1.));
#780 = ( GEOMETRIC_REPRESENTATION_CONTEXT(2) 
PARAMETRIC_REPRESENTATION_CONTEXT() REPRESENTATION_CONTEXT('2D SPACE',''
  ) );
#781 = ORIENTED_EDGE('',*,*,#202,.F.);
#782 = ORIENTED_EDGE('',*,*,#460,.F.);
#783 = ADVANCED_FACE('',(#784),#271,.F.);
#784 = FACE_BOUND('',#785,.F.);
#785 = EDGE_LOOP('',(#786,#816,#849,#870,#871,#872,#900,#928,#961,#984,
    #1135,#1163,#1356,#1384,#1499,#1609,#1637,#1788,#1816));
#786 = ORIENTED_EDGE('',*,*,#787,.T.);
#787 = EDGE_CURVE('',#788,#790,#792,.T.);
#788 = VERTEX_POINT('',#789);
#789 = CARTESIAN_POINT('',(15.85,-30.15,-7.09083269132));
#790 = VERTEX_POINT('',#791);
#791 = CARTESIAN_POINT('',(22.841680203168,-30.15,-7.090832691319));
#792 = SURFACE_CURVE('',#793,(#797,#804),.PCURVE_S1.);
#793 = LINE('',#794,#795);
#794 = CARTESIAN_POINT('',(15.85,-30.15,-7.09083269132));
#795 = VECTOR('',#796,1.);
#796 = DIRECTION('',(1.,0.,0.));
#797 = PCURVE('',#271,#798);
#798 = DEFINITIONAL_REPRESENTATION('',(#799),#803);
#799 = LINE('',#800,#801);
#800 = CARTESIAN_POINT('',(-0.54083269132,13.));
#801 = VECTOR('',#802,1.);
#802 = DIRECTION('',(0.,1.));
#803 = ( GEOMETRIC_REPRESENTATION_CONTEXT(2) 
PARAMETRIC_REPRESENTATION_CONTEXT() REPRESENTATION_CONTEXT('2D SPACE',''
  ) );
#804 = PCURVE('',#805,#810);
#805 = CYLINDRICAL_SURFACE('',#806,0.55);
#806 = AXIS2_PLACEMENT_3D('',#807,#808,#809);
#807 = CARTESIAN_POINT('',(15.85,-30.25,-6.55));
#808 = DIRECTION('',(1.,0.,0.));
#809 = DIRECTION('',(0.,-1.,0.));
#810 = DEFINITIONAL_REPRESENTATION('',(#811),#815);
#811 = LINE('',#812,#813);
#812 = CARTESIAN_POINT('',(1.753631463788,0.));
#813 = VECTOR('',#814,1.);
#814 = DIRECTION('',(0.,1.));
#815 = ( GEOMETRIC_REPRESENTATION_CONTEXT(2) 
PARAMETRIC_REPRESENTATION_CONTEXT() REPRESENTATION_CONTEXT('2D SPACE',''
  ) );
#816 = ORIENTED_EDGE('',*,*,#817,.F.);
#817 = EDGE_CURVE('',#818,#790,#820,.T.);
#818 = VERTEX_POINT('',#819);
#819 = CARTESIAN_POINT('',(22.35,-30.15,-7.5));
#820 = SURFACE_CURVE('',#821,(#826,#837),.PCURVE_S1.);
#821 = CIRCLE('',#822,0.5);
#822 = AXIS2_PLACEMENT_3D('',#823,#824,#825);
#823 = CARTESIAN_POINT('',(22.35,-30.15,-7.));
#824 = DIRECTION('',(-5.E-17,-1.,3.E-16));
#825 = DIRECTION('',(0.,-3.E-16,-1.));
#826 = PCURVE('',#271,#827);
#827 = DEFINITIONAL_REPRESENTATION('',(#828),#836);
#828 = ( BOUNDED_CURVE() B_SPLINE_CURVE(2,(#829,#830,#831,#832,#833,#834
,#835),.UNSPECIFIED.,.T.,.F.) B_SPLINE_CURVE_WITH_KNOTS((1,2,2,2,2,1),(
    -2.094395102393,0.,2.094395102393,4.188790204786,6.28318530718,
8.377580409573),.UNSPECIFIED.) CURVE() GEOMETRIC_REPRESENTATION_ITEM() 
RATIONAL_B_SPLINE_CURVE((1.,0.5,1.,0.5,1.,0.5,1.)) REPRESENTATION_ITEM(
  '') );
#829 = CARTESIAN_POINT('',(-0.95,19.5));
#830 = CARTESIAN_POINT('',(-0.95,20.366025403784));
#831 = CARTESIAN_POINT('',(-0.2,19.933012701892));
#832 = CARTESIAN_POINT('',(0.55,19.5));
#833 = CARTESIAN_POINT('',(-0.2,19.066987298108));
#834 = CARTESIAN_POINT('',(-0.95,18.633974596216));
#835 = CARTESIAN_POINT('',(-0.95,19.5));
#836 = ( GEOMETRIC_REPRESENTATION_CONTEXT(2) 
PARAMETRIC_REPRESENTATION_CONTEXT() REPRESENTATION_CONTEXT('2D SPACE',''
  ) );
#837 = PCURVE('',#838,#843);
#838 = CONICAL_SURFACE('',#839,2.5,0.785398163397);
#839 = AXIS2_PLACEMENT_3D('',#840,#841,#842);
#840 = CARTESIAN_POINT('',(22.35,-28.15,-7.));
#841 = DIRECTION('',(5.E-17,1.,-3.E-16));
#842 = DIRECTION('',(0.,-3.E-16,-1.));
#843 = DEFINITIONAL_REPRESENTATION('',(#844),#848);
#844 = LINE('',#845,#846);
#845 = CARTESIAN_POINT('',(-0.,-2.));
#846 = VECTOR('',#847,1.);
#847 = DIRECTION('',(-1.,0.));
#848 = ( GEOMETRIC_REPRESENTATION_CONTEXT(2) 
PARAMETRIC_REPRESENTATION_CONTEXT() REPRESENTATION_CONTEXT('2D SPACE',''
  ) );
#849 = ORIENTED_EDGE('',*,*,#850,.F.);
#850 = EDGE_CURVE('',#255,#818,#851,.T.);
#851 = SURFACE_CURVE('',#852,(#856,#863),.PCURVE_S1.);
#852 = LINE('',#853,#854);
#853 = CARTESIAN_POINT('',(-16.65,-30.15,-7.5));
#854 = VECTOR('',#855,1.);
#855 = DIRECTION('',(1.,-8.E-17,0.));
#856 = PCURVE('',#271,#857);
#857 = DEFINITIONAL_REPRESENTATION('',(#858),#862);
#858 = LINE('',#859,#860);
#859 = CARTESIAN_POINT('',(-0.95,-19.5));
#860 = VECTOR('',#861,1.);
#861 = DIRECTION('',(-2.4E-32,1.));
#862 = ( GEOMETRIC_REPRESENTATION_CONTEXT(2) 
PARAMETRIC_REPRESENTATION_CONTEXT() REPRESENTATION_CONTEXT('2D SPACE',''
  ) );
#863 = PCURVE('',#301,#864);
#864 = DEFINITIONAL_REPRESENTATION('',(#865),#869);
#865 = LINE('',#866,#867);
#866 = CARTESIAN_POINT('',(-8.E-17,-1.414213562373));
#867 = VECTOR('',#868,1.);
#868 = DIRECTION('',(-1.,7.77427017514E-33));
#869 = ( GEOMETRIC_REPRESENTATION_CONTEXT(2) 
PARAMETRIC_REPRESENTATION_CONTEXT() REPRESENTATION_CONTEXT('2D SPACE',''
  ) );
#870 = ORIENTED_EDGE('',*,*,#254,.F.);
#871 = ORIENTED_EDGE('',*,*,#712,.F.);
#872 = ORIENTED_EDGE('',*,*,#873,.F.);
#873 = EDGE_CURVE('',#874,#690,#876,.T.);
#874 = VERTEX_POINT('',#875);
#875 = CARTESIAN_POINT('',(-16.65,-30.15,-5.6));
#876 = SURFACE_CURVE('',#877,(#882,#893),.PCURVE_S1.);
#877 = CIRCLE('',#878,0.5);
#878 = AXIS2_PLACEMENT_3D('',#879,#880,#881);
#879 = CARTESIAN_POINT('',(-16.65,-30.15,-6.1));
#880 = DIRECTION('',(-5.E-17,-1.,3.E-16));
#881 = DIRECTION('',(0.,3.E-16,1.));
#882 = PCURVE('',#271,#883);
#883 = DEFINITIONAL_REPRESENTATION('',(#884),#892);
#884 = ( BOUNDED_CURVE() B_SPLINE_CURVE(2,(#885,#886,#887,#888,#889,#890
,#891),.UNSPECIFIED.,.T.,.F.) B_SPLINE_CURVE_WITH_KNOTS((1,2,2,2,2,1),(
    -2.094395102393,0.,2.094395102393,4.188790204786,6.28318530718,
8.377580409573),.UNSPECIFIED.) CURVE() GEOMETRIC_REPRESENTATION_ITEM() 
RATIONAL_B_SPLINE_CURVE((1.,0.5,1.,0.5,1.,0.5,1.)) REPRESENTATION_ITEM(
  '') );
#885 = CARTESIAN_POINT('',(0.95,-19.5));
#886 = CARTESIAN_POINT('',(0.95,-20.36602540378));
#887 = CARTESIAN_POINT('',(0.2,-19.93301270189));
#888 = CARTESIAN_POINT('',(-0.55,-19.5));
#889 = CARTESIAN_POINT('',(0.2,-19.0669872981));
#890 = CARTESIAN_POINT('',(0.95,-18.63397459621));
#891 = CARTESIAN_POINT('',(0.95,-19.5));
#892 = ( GEOMETRIC_REPRESENTATION_CONTEXT(2) 
PARAMETRIC_REPRESENTATION_CONTEXT() REPRESENTATION_CONTEXT('2D SPACE',''
  ) );
#893 = PCURVE('',#644,#894);
#894 = DEFINITIONAL_REPRESENTATION('',(#895),#899);
#895 = LINE('',#896,#897);
#896 = CARTESIAN_POINT('',(-0.,-2.));
#897 = VECTOR('',#898,1.);
#898 = DIRECTION('',(-1.,0.));
#899 = ( GEOMETRIC_REPRESENTATION_CONTEXT(2) 
PARAMETRIC_REPRESENTATION_CONTEXT() REPRESENTATION_CONTEXT('2D SPACE',''
  ) );
#900 = ORIENTED_EDGE('',*,*,#901,.F.);
#901 = EDGE_CURVE('',#902,#874,#904,.T.);
#902 = VERTEX_POINT('',#903);
#903 = CARTESIAN_POINT('',(22.35,-30.15,-5.6));
#904 = SURFACE_CURVE('',#905,(#909,#916),.PCURVE_S1.);
#905 = LINE('',#906,#907);
#906 = CARTESIAN_POINT('',(22.35,-30.15,-5.6));
#907 = VECTOR('',#908,1.);
#908 = DIRECTION('',(-1.,8.E-17,0.));
#909 = PCURVE('',#271,#910);
#910 = DEFINITIONAL_REPRESENTATION('',(#911),#915);
#911 = LINE('',#912,#913);
#912 = CARTESIAN_POINT('',(0.95,19.5));
#913 = VECTOR('',#914,1.);
#914 = DIRECTION('',(2.4E-32,-1.));
#915 = ( GEOMETRIC_REPRESENTATION_CONTEXT(2) 
PARAMETRIC_REPRESENTATION_CONTEXT() REPRESENTATION_CONTEXT('2D SPACE',''
  ) );
#916 = PCURVE('',#917,#922);
#917 = PLANE('',#918);
#918 = AXIS2_PLACEMENT_3D('',#919,#920,#921);
#919 = CARTESIAN_POINT('',(22.35,-29.15,-4.6));
#920 = DIRECTION('',(-2.E-17,-0.707106781187,0.707106781187));
#921 = DIRECTION('',(1.,-5.414213562373E-17,-2.585786437627E-17));
#922 = DEFINITIONAL_REPRESENTATION('',(#923),#927);
#923 = LINE('',#924,#925);
#924 = CARTESIAN_POINT('',(8.E-17,-1.414213562373));
#925 = VECTOR('',#926,1.);
#926 = DIRECTION('',(-1.,1.261222617146E-32));
#927 = ( GEOMETRIC_REPRESENTATION_CONTEXT(2) 
PARAMETRIC_REPRESENTATION_CONTEXT() REPRESENTATION_CONTEXT('2D SPACE',''
  ) );
#928 = ORIENTED_EDGE('',*,*,#929,.F.);
#929 = EDGE_CURVE('',#930,#902,#932,.T.);
#930 = VERTEX_POINT('',#931);
#931 = CARTESIAN_POINT('',(22.841680203168,-30.15,-6.009167308681));
#932 = SURFACE_CURVE('',#933,(#938,#949),.PCURVE_S1.);
#933 = CIRCLE('',#934,0.5);
#934 = AXIS2_PLACEMENT_3D('',#935,#936,#937);
#935 = CARTESIAN_POINT('',(22.35,-30.15,-6.1));
#936 = DIRECTION('',(-5.E-17,-1.,3.E-16));
#937 = DIRECTION('',(1.,-5.E-17,1.8E-16));
#938 = PCURVE('',#271,#939);
#939 = DEFINITIONAL_REPRESENTATION('',(#940),#948);
#940 = ( BOUNDED_CURVE() B_SPLINE_CURVE(2,(#941,#942,#943,#944,#945,#946
,#947),.UNSPECIFIED.,.T.,.F.) B_SPLINE_CURVE_WITH_KNOTS((1,2,2,2,2,1),(
    -2.094395102393,0.,2.094395102393,4.188790204786,6.28318530718,
8.377580409573),.UNSPECIFIED.) CURVE() GEOMETRIC_REPRESENTATION_ITEM() 
RATIONAL_B_SPLINE_CURVE((1.,0.5,1.,0.5,1.,0.5,1.)) REPRESENTATION_ITEM(
  '') );
#941 = CARTESIAN_POINT('',(0.45,20.));
#942 = CARTESIAN_POINT('',(1.316025403784,20.));
#943 = CARTESIAN_POINT('',(0.883012701892,19.25));
#944 = CARTESIAN_POINT('',(0.45,18.5));
#945 = CARTESIAN_POINT('',(1.698729810778E-02,19.25));
#946 = CARTESIAN_POINT('',(-0.416025403784,20.));
#947 = CARTESIAN_POINT('',(0.45,20.));
#948 = ( GEOMETRIC_REPRESENTATION_CONTEXT(2) 
PARAMETRIC_REPRESENTATION_CONTEXT() REPRESENTATION_CONTEXT('2D SPACE',''
  ) );
#949 = PCURVE('',#950,#955);
#950 = CONICAL_SURFACE('',#951,2.5,0.785398163397);
#951 = AXIS2_PLACEMENT_3D('',#952,#953,#954);
#952 = CARTESIAN_POINT('',(22.35,-28.15,-6.1));
#953 = DIRECTION('',(5.E-17,1.,-3.E-16));
#954 = DIRECTION('',(1.,-5.E-17,1.8E-16));
#955 = DEFINITIONAL_REPRESENTATION('',(#956),#960);
#956 = LINE('',#957,#958);
#957 = CARTESIAN_POINT('',(-0.,-2.));
#958 = VECTOR('',#959,1.);
#959 = DIRECTION('',(-1.,0.));
#960 = ( GEOMETRIC_REPRESENTATION_CONTEXT(2) 
PARAMETRIC_REPRESENTATION_CONTEXT() REPRESENTATION_CONTEXT('2D SPACE',''
  ) );
#961 = ORIENTED_EDGE('',*,*,#962,.F.);
#962 = EDGE_CURVE('',#963,#930,#965,.T.);
#963 = VERTEX_POINT('',#964);
#964 = CARTESIAN_POINT('',(15.85,-30.15,-6.00916730868));
#965 = SURFACE_CURVE('',#966,(#970,#977),.PCURVE_S1.);
#966 = LINE('',#967,#968);
#967 = CARTESIAN_POINT('',(15.85,-30.15,-6.00916730868));
#968 = VECTOR('',#969,1.);
#969 = DIRECTION('',(1.,0.,0.));
#970 = PCURVE('',#271,#971);
#971 = DEFINITIONAL_REPRESENTATION('',(#972),#976);
#972 = LINE('',#973,#974);
#973 = CARTESIAN_POINT('',(0.54083269132,13.));
#974 = VECTOR('',#975,1.);
#975 = DIRECTION('',(0.,1.));
#976 = ( GEOMETRIC_REPRESENTATION_CONTEXT(2) 
PARAMETRIC_REPRESENTATION_CONTEXT() REPRESENTATION_CONTEXT('2D SPACE',''
  ) );
#977 = PCURVE('',#805,#978);
#978 = DEFINITIONAL_REPRESENTATION('',(#979),#983);
#979 = LINE('',#980,#981);
#980 = CARTESIAN_POINT('',(4.529553843392,0.));
#981 = VECTOR('',#982,1.);
#982 = DIRECTION('',(0.,1.));
#983 = ( GEOMETRIC_REPRESENTATION_CONTEXT(2) 
PARAMETRIC_REPRESENTATION_CONTEXT() REPRESENTATION_CONTEXT('2D SPACE',''
  ) );
#984 = ORIENTED_EDGE('',*,*,#985,.F.);
#985 = EDGE_CURVE('',#986,#963,#988,.T.);
#986 = VERTEX_POINT('',#987);
#987 = CARTESIAN_POINT('',(11.135228233489,-30.15,-6.525));
#988 = SURFACE_CURVE('',#989,(#1034,#1082),.PCURVE_S1.);
#989 = B_SPLINE_CURVE_WITH_KNOTS('',8,(#990,#991,#992,#993,#994,#995,
    #996,#997,#998,#999,#1000,#1001,#1002,#1003,#1004,#1005,#1006,#1007,
    #1008,#1009,#1010,#1011,#1012,#1013,#1014,#1015,#1016,#1017,#1018,
    #1019,#1020,#1021,#1022,#1023,#1024,#1025,#1026,#1027,#1028,#1029,
    #1030,#1031,#1032,#1033),.UNSPECIFIED.,.F.,.F.,(9,7,7,7,7,7,9),(0.,
    4.971053524386E-02,9.338281440656E-02,0.166142004946,0.398802236975,
    0.692841389966,1.),.UNSPECIFIED.);
#990 = CARTESIAN_POINT('',(11.135228233489,-30.15,-6.525));
#991 = CARTESIAN_POINT('',(11.13790336353,-30.15,-6.509105081691));
#992 = CARTESIAN_POINT('',(11.142512425802,-30.15,-6.493302440433));
#993 = CARTESIAN_POINT('',(11.149016059586,-30.15,-6.47767551116));
#994 = CARTESIAN_POINT('',(11.157334557021,-30.15,-6.462293539385));
#995 = CARTESIAN_POINT('',(11.167361680802,-30.15,-6.447212338221));
#996 = CARTESIAN_POINT('',(11.178976019689,-30.15,-6.432475246019));
#997 = CARTESIAN_POINT('',(11.192049881821,-30.15,-6.418114284654));
#998 = CARTESIAN_POINT('',(11.21911171592,-30.15,-6.391884786201));
#999 = CARTESIAN_POINT('',(11.23279818302,-30.15,-6.379923201084));
#1000 = CARTESIAN_POINT('',(11.247433347891,-30.15,-6.368277503926));
#1001 = CARTESIAN_POINT('',(11.262938195165,-30.15,-6.356953447763));
#1002 = CARTESIAN_POINT('',(11.279238009533,-30.15,-6.345952490318));
#1003 = CARTESIAN_POINT('',(11.296263911914,-30.15,-6.335272486507));
#1004 = CARTESIAN_POINT('',(11.313954395643,-30.15,-6.324908380951));
#1005 = CARTESIAN_POINT('',(11.362749264455,-30.15,-6.298100199815));
#1006 = CARTESIAN_POINT('',(11.394927665441,-30.15,-6.282210590845));
#1007 = CARTESIAN_POINT('',(11.428552046892,-30.15,-6.267145696232));
#1008 = CARTESIAN_POINT('',(11.463417495375,-30.15,-6.252865675241));
#1009 = CARTESIAN_POINT('',(11.499352710844,-30.15,-6.239329661046));
#1010 = CARTESIAN_POINT('',(11.53621851476,-30.15,-6.226496198043));
#1011 = CARTESIAN_POINT('',(11.57390635821,-30.15,-6.214323679169));
#1012 = CARTESIAN_POINT('',(11.735224982322,-30.15,-6.165828378629));
#1013 = CARTESIAN_POINT('',(11.865347492944,-30.15,-6.135329728203));
#1014 = CARTESIAN_POINT('',(12.000205613383,-30.15,-6.109827404822));
#1015 = CARTESIAN_POINT('',(12.138447979024,-30.15,-6.088585205265));
#1016 = CARTESIAN_POINT('',(12.27901744061,-30.15,-6.070883869021));
#1017 = CARTESIAN_POINT('',(12.421376616837,-30.15,-6.056214688001));
#1018 = CARTESIAN_POINT('',(12.565276618446,-30.15,-6.044113236455));
#1019 = CARTESIAN_POINT('',(12.894807025001,-30.15,-6.021692806989));
#1020 = CARTESIAN_POINT('',(13.080848572536,-30.15,-6.012724735202));
#1021 = CARTESIAN_POINT('',(13.268524283068,-30.15,-6.006557452325));
#1022 = CARTESIAN_POINT('',(13.457527676625,-30.15,-6.002626527324));
#1023 = CARTESIAN_POINT('',(13.647634225852,-30.15,-6.000448745952));
#1024 = CARTESIAN_POINT('',(13.83868661924,-30.15,-5.999594877871));
#1025 = CARTESIAN_POINT('',(14.030593257698,-30.15,-5.999692713058));
#1026 = CARTESIAN_POINT('',(14.424635861075,-30.15,-6.001171110666));
#1027 = CARTESIAN_POINT('',(14.62678853051,-30.15,-6.002608262869));
#1028 = CARTESIAN_POINT('',(14.829651015182,-30.15,-6.004357497521));
#1029 = CARTESIAN_POINT('',(15.033099348443,-30.15,-6.006102027064));
#1030 = CARTESIAN_POINT('',(15.237003692335,-30.15,-6.007589352816));
#1031 = CARTESIAN_POINT('',(15.441224963559,-30.15,-6.008641951045));
#1032 = CARTESIAN_POINT('',(15.645612104598,-30.15,-6.00916730868));
#1033 = CARTESIAN_POINT('',(15.85,-30.15,-6.00916730868));
#1034 = PCURVE('',#271,#1035);
#1035 = DEFINITIONAL_REPRESENTATION('',(#1036),#1081);
#1036 = B_SPLINE_CURVE_WITH_KNOTS('',8,(#1037,#1038,#1039,#1040,#1041,
    #1042,#1043,#1044,#1045,#1046,#1047,#1048,#1049,#1050,#1051,#1052,
    #1053,#1054,#1055,#1056,#1057,#1058,#1059,#1060,#1061,#1062,#1063,
    #1064,#1065,#1066,#1067,#1068,#1069,#1070,#1071,#1072,#1073,#1074,
    #1075,#1076,#1077,#1078,#1079,#1080),.UNSPECIFIED.,.F.,.F.,(9,7,7,7,
    7,7,9),(0.,4.971053524386E-02,9.338281440656E-02,0.166142004946,
    0.398802236975,0.692841389966,1.),.UNSPECIFIED.);
#1037 = CARTESIAN_POINT('',(2.5E-02,8.285228233489));
#1038 = CARTESIAN_POINT('',(4.089491830911E-02,8.28790336353));
#1039 = CARTESIAN_POINT('',(5.669755956707E-02,8.292512425802));
#1040 = CARTESIAN_POINT('',(7.232448884027E-02,8.299016059586));
#1041 = CARTESIAN_POINT('',(8.770646061451E-02,8.307334557021));
#1042 = CARTESIAN_POINT('',(0.102787661779,8.317361680802));
#1043 = CARTESIAN_POINT('',(0.117524753981,8.328976019689));
#1044 = CARTESIAN_POINT('',(0.131885715346,8.342049881821));
#1045 = CARTESIAN_POINT('',(0.158115213799,8.36911171592));
#1046 = CARTESIAN_POINT('',(0.170076798916,8.38279818302));
#1047 = CARTESIAN_POINT('',(0.181722496074,8.397433347891));
#1048 = CARTESIAN_POINT('',(0.193046552237,8.412938195165));
#1049 = CARTESIAN_POINT('',(0.204047509682,8.429238009533));
#1050 = CARTESIAN_POINT('',(0.214727513493,8.446263911914));
#1051 = CARTESIAN_POINT('',(0.225091619049,8.463954395643));
#1052 = CARTESIAN_POINT('',(0.251899800185,8.512749264455));
#1053 = CARTESIAN_POINT('',(0.267789409155,8.544927665441));
#1054 = CARTESIAN_POINT('',(0.282854303768,8.578552046892));
#1055 = CARTESIAN_POINT('',(0.297134324759,8.613417495375));
#1056 = CARTESIAN_POINT('',(0.310670338954,8.649352710844));
#1057 = CARTESIAN_POINT('',(0.323503801957,8.68621851476));
#1058 = CARTESIAN_POINT('',(0.335676320831,8.72390635821));
#1059 = CARTESIAN_POINT('',(0.384171621371,8.885224982322));
#1060 = CARTESIAN_POINT('',(0.414670271797,9.015347492944));
#1061 = CARTESIAN_POINT('',(0.440172595178,9.150205613383));
#1062 = CARTESIAN_POINT('',(0.461414794735,9.288447979024));
#1063 = CARTESIAN_POINT('',(0.479116130979,9.42901744061));
#1064 = CARTESIAN_POINT('',(0.493785311999,9.571376616837));
#1065 = CARTESIAN_POINT('',(0.505886763545,9.715276618446));
#1066 = CARTESIAN_POINT('',(0.528307193011,10.044807025001));
#1067 = CARTESIAN_POINT('',(0.537275264798,10.230848572536));
#1068 = CARTESIAN_POINT('',(0.543442547675,10.418524283068));
#1069 = CARTESIAN_POINT('',(0.547373472676,10.607527676626));
#1070 = CARTESIAN_POINT('',(0.549551254048,10.797634225852));
#1071 = CARTESIAN_POINT('',(0.550405122129,10.98868661924));
#1072 = CARTESIAN_POINT('',(0.550307286942,11.180593257698));
#1073 = CARTESIAN_POINT('',(0.548828889334,11.574635861075));
#1074 = CARTESIAN_POINT('',(0.547391737131,11.77678853051));
#1075 = CARTESIAN_POINT('',(0.545642502479,11.979651015182));
#1076 = CARTESIAN_POINT('',(0.543897972936,12.183099348443));
#1077 = CARTESIAN_POINT('',(0.542410647184,12.387003692335));
#1078 = CARTESIAN_POINT('',(0.541358048955,12.591224963559));
#1079 = CARTESIAN_POINT('',(0.54083269132,12.795612104598));
#1080 = CARTESIAN_POINT('',(0.54083269132,13.));
#1081 = ( GEOMETRIC_REPRESENTATION_CONTEXT(2) 
PARAMETRIC_REPRESENTATION_CONTEXT() REPRESENTATION_CONTEXT('2D SPACE',''
  ) );
#1082 = PCURVE('',#1083,#1088);
#1083 = TOROIDAL_SURFACE('',#1084,16.889538762916,0.55);
#1084 = AXIS2_PLACEMENT_3D('',#1085,#1086,#1087);
#1085 = CARTESIAN_POINT('',(15.85,-13.36046123708,-6.55));
#1086 = DIRECTION('',(0.,0.,1.));
#1087 = DIRECTION('',(1.,0.,0.));
#1088 = DEFINITIONAL_REPRESENTATION('',(#1089),#1134);
#1089 = B_SPLINE_CURVE_WITH_KNOTS('',8,(#1090,#1091,#1092,#1093,#1094,
    #1095,#1096,#1097,#1098,#1099,#1100,#1101,#1102,#1103,#1104,#1105,
    #1106,#1107,#1108,#1109,#1110,#1111,#1112,#1113,#1114,#1115,#1116,
    #1117,#1118,#1119,#1120,#1121,#1122,#1123,#1124,#1125,#1126,#1127,
    #1128,#1129,#1130,#1131,#1132,#1133),.UNSPECIFIED.,.F.,.F.,(9,7,7,7,
    7,7,9),(0.,4.971053524386E-02,9.338281440656E-02,0.166142004946,
    0.398802236975,0.692841389966,1.),.UNSPECIFIED.);
#1090 = CARTESIAN_POINT('',(4.438623725323,4.5470212417E-02));
#1091 = CARTESIAN_POINT('',(4.438771412228,7.439996544962E-02));
#1092 = CARTESIAN_POINT('',(4.43902588064,0.103205274168));
#1093 = CARTESIAN_POINT('',(4.439384992087,0.131770595215));
#1094 = CARTESIAN_POINT('',(4.439844417771,0.160003633859));
#1095 = CARTESIAN_POINT('',(4.440398390609,0.187831502433));
#1096 = CARTESIAN_POINT('',(4.441040321385,0.215197735168));
#1097 = CARTESIAN_POINT('',(4.441763278997,0.242060159438));
#1098 = CARTESIAN_POINT('',(4.443260573585,0.291520891153));
#1099 = CARTESIAN_POINT('',(4.444018136842,0.31424491181));
#1100 = CARTESIAN_POINT('',(4.444828588613,0.336549964546));
#1101 = CARTESIAN_POINT('',(4.445687641957,0.35843044668));
#1102 = CARTESIAN_POINT('',(4.44659124298,0.379886181182));
#1103 = CARTESIAN_POINT('',(4.447535654846,0.400921724162));
#1104 = CARTESIAN_POINT('',(4.448517541798,0.421545672368));
#1105 = CARTESIAN_POINT('',(4.451227588424,0.475464195085));
#1106 = CARTESIAN_POINT('',(4.453016526108,0.5080362685));
#1107 = CARTESIAN_POINT('',(4.454887869675,0.539549729926));
#1108 = CARTESIAN_POINT('',(4.456830507264,0.5700638862));
#1109 = CARTESIAN_POINT('',(4.45883513968,0.599635529572));
#1110 = CARTESIAN_POINT('',(4.460894208372,0.628320655268));
#1111 = CARTESIAN_POINT('',(4.463001823415,0.65617617907));
#1112 = CARTESIAN_POINT('',(4.472034665842,0.769872199068));
#1113 = CARTESIAN_POINT('',(4.479348036044,0.848354143284));
#1114 = CARTESIAN_POINT('',(4.486958703677,0.920801673944));
#1115 = CARTESIAN_POINT('',(4.49479278543,0.987981206148));
#1116 = CARTESIAN_POINT('',(4.502791322335,1.050661887923));
#1117 = CARTESIAN_POINT('',(4.510923568,1.109304289676));
#1118 = CARTESIAN_POINT('',(4.519174892704,1.164373942454));
#1119 = CARTESIAN_POINT('',(4.538139066068,1.281792091433));
#1120 = CARTESIAN_POINT('',(4.548893488863,1.342022935638));
#1121 = CARTESIAN_POINT('',(4.559788509383,1.397517576308));
#1122 = CARTESIAN_POINT('',(4.570804099732,1.448550755248));
#1123 = CARTESIAN_POINT('',(4.581924279959,1.495261831558));
#1124 = CARTESIAN_POINT('',(4.593136500194,1.537706751416));
#1125 = CARTESIAN_POINT('',(4.604431695088,1.575865526962));
#1126 = CARTESIAN_POINT('',(4.627682965325,1.645007970669));
#1127 = CARTESIAN_POINT('',(4.639642638726,1.675584721636));
#1128 = CARTESIAN_POINT('',(4.651670933784,1.701339171056));
#1129 = CARTESIAN_POINT('',(4.663755636479,1.722142554456));
#1130 = CARTESIAN_POINT('',(4.675883868313,1.73785767211));
#1131 = CARTESIAN_POINT('',(4.688041972121,1.748374067239));
#1132 = CARTESIAN_POINT('',(4.700215453864,1.753631463788));
#1133 = CARTESIAN_POINT('',(4.712388980385,1.753631463788));
#1134 = ( GEOMETRIC_REPRESENTATION_CONTEXT(2) 
PARAMETRIC_REPRESENTATION_CONTEXT() REPRESENTATION_CONTEXT('2D SPACE',''
  ) );
#1135 = ORIENTED_EDGE('',*,*,#1136,.F.);
#1136 = EDGE_CURVE('',#1137,#986,#1139,.T.);
#1137 = VERTEX_POINT('',#1138);
#1138 = CARTESIAN_POINT('',(10.773904052589,-30.15,-6.525));
#1139 = SURFACE_CURVE('',#1140,(#1144,#1151),.PCURVE_S1.);
#1140 = LINE('',#1141,#1142);
#1141 = CARTESIAN_POINT('',(6.002985831193,-30.15,-6.525));
#1142 = VECTOR('',#1143,1.);
#1143 = DIRECTION('',(1.,-5.E-17,0.));
#1144 = PCURVE('',#271,#1145);
#1145 = DEFINITIONAL_REPRESENTATION('',(#1146),#1150);
#1146 = LINE('',#1147,#1148);
#1147 = CARTESIAN_POINT('',(2.5E-02,3.152985831193));
#1148 = VECTOR('',#1149,1.);
#1149 = DIRECTION('',(-1.5E-32,1.));
#1150 = ( GEOMETRIC_REPRESENTATION_CONTEXT(2) 
PARAMETRIC_REPRESENTATION_CONTEXT() REPRESENTATION_CONTEXT('2D SPACE',''
  ) );
#1151 = PCURVE('',#1152,#1157);
#1152 = PLANE('',#1153);
#1153 = AXIS2_PLACEMENT_3D('',#1154,#1155,#1156);
#1154 = CARTESIAN_POINT('',(9.155971662386,-29.51824421479,-6.525));
#1155 = DIRECTION('',(0.,0.,1.));
#1156 = DIRECTION('',(0.923854150572,-0.38274470404,0.));
#1157 = DEFINITIONAL_REPRESENTATION('',(#1158),#1162);
#1158 = LINE('',#1159,#1160);
#1159 = CARTESIAN_POINT('',(-2.671097865808,-1.790438833114));
#1160 = VECTOR('',#1161,1.);
#1161 = DIRECTION('',(0.923854150572,0.38274470404));
#1162 = ( GEOMETRIC_REPRESENTATION_CONTEXT(2) 
PARAMETRIC_REPRESENTATION_CONTEXT() REPRESENTATION_CONTEXT('2D SPACE',''
  ) );
#1163 = ORIENTED_EDGE('',*,*,#1164,.F.);
#1164 = EDGE_CURVE('',#1165,#1137,#1167,.T.);
#1165 = VERTEX_POINT('',#1166);
#1166 = CARTESIAN_POINT('',(7.755396766991,-30.15,-6.525));
#1167 = SURFACE_CURVE('',#1168,(#1227,#1289),.PCURVE_S1.);
#1168 = B_SPLINE_CURVE_WITH_KNOTS('',8,(#1169,#1170,#1171,#1172,#1173,
    #1174,#1175,#1176,#1177,#1178,#1179,#1180,#1181,#1182,#1183,#1184,
    #1185,#1186,#1187,#1188,#1189,#1190,#1191,#1192,#1193,#1194,#1195,
    #1196,#1197,#1198,#1199,#1200,#1201,#1202,#1203,#1204,#1205,#1206,
    #1207,#1208,#1209,#1210,#1211,#1212,#1213,#1214,#1215,#1216,#1217,
    #1218,#1219,#1220,#1221,#1222,#1223,#1224,#1225,#1226),
  .UNSPECIFIED.,.F.,.F.,(9,7,7,7,7,7,7,7,9),(0.,9.036531525618E-02,
    0.158425121274,0.454470404052,0.570204107653,0.714820206931,
    0.846232126912,0.92868437252,1.),.UNSPECIFIED.);
#1169 = CARTESIAN_POINT('',(7.755396766991,-30.15,-6.525));
#1170 = CARTESIAN_POINT('',(7.758013847523,-30.15,-6.50002161805));
#1171 = CARTESIAN_POINT('',(7.763614333829,-30.15,-6.475157120095));
#1172 = CARTESIAN_POINT('',(7.772160937901,-30.15,-6.450572520388));
#1173 = CARTESIAN_POINT('',(7.783551443143,-30.15,-6.426413250402));
#1174 = CARTESIAN_POINT('',(7.797637933493,-30.15,-6.402802275808));
#1175 = CARTESIAN_POINT('',(7.814243020359,-30.15,-6.379839617086));
#1176 = CARTESIAN_POINT('',(7.833173067391,-30.15,-6.357603273775));
#1177 = CARTESIAN_POINT('',(7.870086519022,-30.15,-6.319994910891));
#1178 = CARTESIAN_POINT('',(7.887153729988,-30.15,-6.304279883858));
#1179 = CARTESIAN_POINT('',(7.905349342017,-30.15,-6.289027528259));
#1180 = CARTESIAN_POINT('',(7.924593649042,-30.15,-6.27425258154));
#1181 = CARTESIAN_POINT('',(7.944809438273,-30.15,-6.259964272074));
#1182 = CARTESIAN_POINT('',(7.965923485597,-30.15,-6.246167129662));
#1183 = CARTESIAN_POINT('',(7.987868050968,-30.15,-6.232861796022));
#1184 = CARTESIAN_POINT('',(8.109384714267,-30.15,-6.164299206813));
#1185 = CARTESIAN_POINT('',(8.222313549709,-30.15,-6.118056730071));
#1186 = CARTESIAN_POINT('',(8.344837908517,-30.15,-6.080572615042));
#1187 = CARTESIAN_POINT('',(8.473980126684,-30.15,-6.051182139166));
#1188 = CARTESIAN_POINT('',(8.607440168782,-30.15,-6.029129017781));
#1189 = CARTESIAN_POINT('',(8.743764707461,-30.15,-6.013754776615));
#1190 = CARTESIAN_POINT('',(8.882115896694,-30.15,-6.004515422277));
#1191 = CARTESIAN_POINT('',(9.077047865173,-30.15,-5.999804311398));
#1192 = CARTESIAN_POINT('',(9.132034714775,-30.15,-5.999376338617));
#1193 = CARTESIAN_POINT('',(9.187172470308,-30.15,-5.999824246871));
#1194 = CARTESIAN_POINT('',(9.242414966577,-30.15,-6.00113088247));
#1195 = CARTESIAN_POINT('',(9.297717917877,-30.15,-6.003282286805));
#1196 = CARTESIAN_POINT('',(9.35303817282,-30.15,-6.006267804396));
#1197 = CARTESIAN_POINT('',(9.408332969161,-30.15,-6.010080190929));
#1198 = CARTESIAN_POINT('',(9.532567612166,-30.15,-6.020508090336));
#1199 = CARTESIAN_POINT('',(9.60146230866,-30.15,-6.027585290347));
#1200 = CARTESIAN_POINT('',(9.670163759252,-30.15,-6.035940112897));
#1201 = CARTESIAN_POINT('',(9.738582574172,-30.15,-6.045574962189));
#1202 = CARTESIAN_POINT('',(9.806618203005,-30.15,-6.056501104815));
#1203 = CARTESIAN_POINT('',(9.87415511976,-30.15,-6.068740131738));
#1204 = CARTESIAN_POINT('',(9.941056482711,-30.15,-6.082327632509));
#1205 = CARTESIAN_POINT('',(10.067218902758,-30.15,-6.110941735996));
#1206 = CARTESIAN_POINT('',(10.126589759163,-30.15,-6.125717164317));
#1207 = CARTESIAN_POINT('',(10.18516939507,-30.15,-6.141690038396));
#1208 = CARTESIAN_POINT('',(10.242804036761,-30.15,-6.158916903949));
#1209 = CARTESIAN_POINT('',(10.299285699658,-30.15,-6.177463160356));
#1210 = CARTESIAN_POINT('',(10.35434202057,-30.15,-6.197405946282));
#1211 = CARTESIAN_POINT('',(10.407614802511,-30.15,-6.218842931225));
#1212 = CARTESIAN_POINT('',(10.490634206244,-30.15,-6.256378191421));
#1213 = CARTESIAN_POINT('',(10.521731023065,-30.15,-6.271480858853));
#1214 = CARTESIAN_POINT('',(10.551807359889,-30.15,-6.287249662653));
#1215 = CARTESIAN_POINT('',(10.580712382707,-30.15,-6.303715820574));
#1216 = CARTESIAN_POINT('',(10.608253270368,-30.15,-6.320905981622));
#1217 = CARTESIAN_POINT('',(10.63419597316,-30.15,-6.338840314062));
#1218 = CARTESIAN_POINT('',(10.658268245781,-30.15,-6.357529820594));
#1219 = CARTESIAN_POINT('',(10.699104129998,-30.15,-6.39378981541));
#1220 = CARTESIAN_POINT('',(10.716417368142,-30.15,-6.411171856838));
#1221 = CARTESIAN_POINT('',(10.731890514842,-30.15,-6.429103391574));
#1222 = CARTESIAN_POINT('',(10.745290759013,-30.15,-6.447551023545));
#1223 = CARTESIAN_POINT('',(10.756380845352,-30.15,-6.466459751622));
#1224 = CARTESIAN_POINT('',(10.764942381472,-30.15,-6.485749213121));
#1225 = CARTESIAN_POINT('',(10.770808239564,-30.15,-6.505309993175));
#1226 = CARTESIAN_POINT('',(10.773904052589,-30.15,-6.525));
#1227 = PCURVE('',#271,#1228);
#1228 = DEFINITIONAL_REPRESENTATION('',(#1229),#1288);
#1229 = B_SPLINE_CURVE_WITH_KNOTS('',8,(#1230,#1231,#1232,#1233,#1234,
    #1235,#1236,#1237,#1238,#1239,#1240,#1241,#1242,#1243,#1244,#1245,
    #1246,#1247,#1248,#1249,#1250,#1251,#1252,#1253,#1254,#1255,#1256,
    #1257,#1258,#1259,#1260,#1261,#1262,#1263,#1264,#1265,#1266,#1267,
    #1268,#1269,#1270,#1271,#1272,#1273,#1274,#1275,#1276,#1277,#1278,
    #1279,#1280,#1281,#1282,#1283,#1284,#1285,#1286,#1287),
  .UNSPECIFIED.,.F.,.F.,(9,7,7,7,7,7,7,7,9),(0.,9.036531525618E-02,
    0.158425121274,0.454470404052,0.570204107653,0.714820206931,
    0.846232126912,0.92868437252,1.),.UNSPECIFIED.);
#1230 = CARTESIAN_POINT('',(2.5E-02,4.905396766991));
#1231 = CARTESIAN_POINT('',(4.997838195041E-02,4.908013847523));
#1232 = CARTESIAN_POINT('',(7.484287990503E-02,4.913614333829));
#1233 = CARTESIAN_POINT('',(9.94274796122E-02,4.922160937901));
#1234 = CARTESIAN_POINT('',(0.123586749598,4.933551443143));
#1235 = CARTESIAN_POINT('',(0.147197724192,4.947637933493));
#1236 = CARTESIAN_POINT('',(0.170160382914,4.964243020359));
#1237 = CARTESIAN_POINT('',(0.192396726225,4.983173067391));
#1238 = CARTESIAN_POINT('',(0.230005089109,5.020086519022));
#1239 = CARTESIAN_POINT('',(0.245720116142,5.037153729988));
#1240 = CARTESIAN_POINT('',(0.260972471741,5.055349342017));
#1241 = CARTESIAN_POINT('',(0.27574741846,5.074593649042));
#1242 = CARTESIAN_POINT('',(0.290035727926,5.094809438273));
#1243 = CARTESIAN_POINT('',(0.303832870338,5.115923485597));
#1244 = CARTESIAN_POINT('',(0.317138203978,5.137868050968));
#1245 = CARTESIAN_POINT('',(0.385700793187,5.259384714267));
#1246 = CARTESIAN_POINT('',(0.431943269929,5.372313549709));
#1247 = CARTESIAN_POINT('',(0.469427384958,5.494837908517));
#1248 = CARTESIAN_POINT('',(0.498817860834,5.623980126684));
#1249 = CARTESIAN_POINT('',(0.520870982219,5.757440168782));
#1250 = CARTESIAN_POINT('',(0.536245223385,5.893764707461));
#1251 = CARTESIAN_POINT('',(0.545484577723,6.032115896694));
#1252 = CARTESIAN_POINT('',(0.550195688602,6.227047865173));
#1253 = CARTESIAN_POINT('',(0.550623661383,6.282034714775));
#1254 = CARTESIAN_POINT('',(0.550175753129,6.337172470308));
#1255 = CARTESIAN_POINT('',(0.54886911753,6.392414966577));
#1256 = CARTESIAN_POINT('',(0.546717713195,6.447717917877));
#1257 = CARTESIAN_POINT('',(0.543732195604,6.50303817282));
#1258 = CARTESIAN_POINT('',(0.539919809071,6.558332969161));
#1259 = CARTESIAN_POINT('',(0.529491909664,6.682567612166));
#1260 = CARTESIAN_POINT('',(0.522414709653,6.75146230866));
#1261 = CARTESIAN_POINT('',(0.514059887103,6.820163759252));
#1262 = CARTESIAN_POINT('',(0.504425037811,6.888582574172));
#1263 = CARTESIAN_POINT('',(0.493498895185,6.956618203005));
#1264 = CARTESIAN_POINT('',(0.481259868262,7.02415511976));
#1265 = CARTESIAN_POINT('',(0.467672367491,7.091056482711));
#1266 = CARTESIAN_POINT('',(0.439058264004,7.217218902758));
#1267 = CARTESIAN_POINT('',(0.424282835683,7.276589759163));
#1268 = CARTESIAN_POINT('',(0.408309961604,7.33516939507));
#1269 = CARTESIAN_POINT('',(0.391083096051,7.392804036761));
#1270 = CARTESIAN_POINT('',(0.372536839644,7.449285699658));
#1271 = CARTESIAN_POINT('',(0.352594053718,7.50434202057));
#1272 = CARTESIAN_POINT('',(0.331157068775,7.557614802511));
#1273 = CARTESIAN_POINT('',(0.293621808579,7.640634206244));
#1274 = CARTESIAN_POINT('',(0.278519141147,7.671731023065));
#1275 = CARTESIAN_POINT('',(0.262750337347,7.701807359889));
#1276 = CARTESIAN_POINT('',(0.246284179426,7.730712382707));
#1277 = CARTESIAN_POINT('',(0.229094018378,7.758253270368));
#1278 = CARTESIAN_POINT('',(0.211159685938,7.78419597316));
#1279 = CARTESIAN_POINT('',(0.192470179406,7.808268245781));
#1280 = CARTESIAN_POINT('',(0.15621018459,7.849104129998));
#1281 = CARTESIAN_POINT('',(0.138828143162,7.866417368142));
#1282 = CARTESIAN_POINT('',(0.120896608426,7.881890514842));
#1283 = CARTESIAN_POINT('',(0.102448976455,7.895290759013));
#1284 = CARTESIAN_POINT('',(8.354024837767E-02,7.906380845352));
#1285 = CARTESIAN_POINT('',(6.425078687881E-02,7.914942381472));
#1286 = CARTESIAN_POINT('',(4.469000682455E-02,7.920808239564));
#1287 = CARTESIAN_POINT('',(2.5E-02,7.923904052589));
#1288 = ( GEOMETRIC_REPRESENTATION_CONTEXT(2) 
PARAMETRIC_REPRESENTATION_CONTEXT() REPRESENTATION_CONTEXT('2D SPACE',''
  ) );
#1289 = PCURVE('',#1290,#1295);
#1290 = TOROIDAL_SURFACE('',#1291,18.089538762916,0.55);
#1291 = AXIS2_PLACEMENT_3D('',#1292,#1293,#1294);
#1292 = CARTESIAN_POINT('',(15.85,-13.36046123708,-6.55));
#1293 = DIRECTION('',(0.,0.,1.));
#1294 = DIRECTION('',(1.,0.,0.));
#1295 = DEFINITIONAL_REPRESENTATION('',(#1296),#1355);
#1296 = B_SPLINE_CURVE_WITH_KNOTS('',8,(#1297,#1298,#1299,#1300,#1301,
    #1302,#1303,#1304,#1305,#1306,#1307,#1308,#1309,#1310,#1311,#1312,
    #1313,#1314,#1315,#1316,#1317,#1318,#1319,#1320,#1321,#1322,#1323,
    #1324,#1325,#1326,#1327,#1328,#1329,#1330,#1331,#1332,#1333,#1334,
    #1335,#1336,#1337,#1338,#1339,#1340,#1341,#1342,#1343,#1344,#1345,
    #1346,#1347,#1348,#1349,#1350,#1351,#1352,#1353,#1354),
  .UNSPECIFIED.,.F.,.F.,(9,7,7,7,7,7,7,7,9),(0.,9.036531525618E-02,
    0.158425121274,0.454470404052,0.570204107653,0.714820206931,
    0.846232126912,0.92868437252,1.),.UNSPECIFIED.);
#1297 = CARTESIAN_POINT('',(4.26314592515,4.5470212417E-02));
#1298 = CARTESIAN_POINT('',(4.263272402285,9.093244172369E-02));
#1299 = CARTESIAN_POINT('',(4.263543078378,0.136294826143));
#1300 = CARTESIAN_POINT('',(4.263956218971,0.181397778034));
#1301 = CARTESIAN_POINT('',(4.264507070205,0.226113374152));
#1302 = CARTESIAN_POINT('',(4.26518876162,0.270339090517));
#1303 = CARTESIAN_POINT('',(4.265993059794,0.31399311895));
#1304 = CARTESIAN_POINT('',(4.266910972818,0.357011265289));
#1305 = CARTESIAN_POINT('',(4.268703113468,0.431229952453));
#1306 = CARTESIAN_POINT('',(4.269532367843,0.462733258604));
#1307 = CARTESIAN_POINT('',(4.270417223989,0.493842791371));
#1308 = CARTESIAN_POINT('',(4.271353982381,0.524551452926));
#1309 = CARTESIAN_POINT('',(4.272339058759,0.554857076516));
#1310 = CARTESIAN_POINT('',(4.273369054169,0.58476189902));
#1311 = CARTESIAN_POINT('',(4.274440825002,0.614272033501));
#1312 = CARTESIAN_POINT('',(4.28038297721,0.770083927883));
#1313 = CARTESIAN_POINT('',(4.285930098046,0.888926261469));
#1314 = CARTESIAN_POINT('',(4.291983699986,1.001734337729));
#1315 = CARTESIAN_POINT('',(4.298406457062,1.109424004525));
#1316 = CARTESIAN_POINT('',(4.305089620742,1.212904040631));
#1317 = CARTESIAN_POINT('',(4.311963176522,1.312972291477));
#1318 = CARTESIAN_POINT('',(4.318986436346,1.4105425698));
#1319 = CARTESIAN_POINT('',(4.328949150903,1.544330572299));
#1320 = CARTESIAN_POINT('',(4.331766744131,1.581670223359));
#1321 = CARTESIAN_POINT('',(4.334599396654,1.618792300583));
#1322 = CARTESIAN_POINT('',(4.337444770774,1.655739852006));
#1323 = CARTESIAN_POINT('',(4.340300589523,1.692555135469));
#1324 = CARTESIAN_POINT('',(4.343164599983,1.729280719598));
#1325 = CARTESIAN_POINT('',(4.346034536598,1.7659605848));
#1326 = CARTESIAN_POINT('',(4.352498752342,1.84847585003));
#1327 = CARTESIAN_POINT('',(4.356094712175,1.894307451495));
#1328 = CARTESIAN_POINT('',(4.359691682834,1.940229302656));
#1329 = CARTESIAN_POINT('',(4.363284792875,1.986336905735));
#1330 = CARTESIAN_POINT('',(4.366868506865,2.032730163419));
#1331 = CARTESIAN_POINT('',(4.370436411279,2.079518653703));
#1332 = CARTESIAN_POINT('',(4.373980860011,2.126830007303));
#1333 = CARTESIAN_POINT('',(4.380683470388,2.218430912903));
#1334 = CARTESIAN_POINT('',(4.383845755328,2.262580896012));
#1335 = CARTESIAN_POINT('',(4.386973716239,2.307404968824));
#1336 = CARTESIAN_POINT('',(4.390058725145,2.353041744008));
#1337 = CARTESIAN_POINT('',(4.393089156649,2.399635662624));
#1338 = CARTESIAN_POINT('',(4.396049789734,2.447348300941));
#1339 = CARTESIAN_POINT('',(4.398920598877,2.496380136505));
#1340 = CARTESIAN_POINT('',(4.403403096997,2.578765113538));
#1341 = CARTESIAN_POINT('',(4.405084311518,2.611133838447));
#1342 = CARTESIAN_POINT('',(4.406712389013,2.644181663545));
#1343 = CARTESIAN_POINT('',(4.408278927144,2.677972077819));
#1344 = CARTESIAN_POINT('',(4.409773203998,2.712560992544));
#1345 = CARTESIAN_POINT('',(4.411182208421,2.747997109055));
#1346 = CARTESIAN_POINT('',(4.412490806969,2.784321005631));
#1347 = CARTESIAN_POINT('',(4.414712390073,2.853774706132));
#1348 = CARTESIAN_POINT('',(4.415655023961,2.886675815601));
#1349 = CARTESIAN_POINT('',(4.416498073847,2.920258171448));
#1350 = CARTESIAN_POINT('',(4.417228625431,2.954488495236));
#1351 = CARTESIAN_POINT('',(4.417833518927,2.989305991311));
#1352 = CARTESIAN_POINT('',(4.418300644398,3.024616820661));
#1353 = CARTESIAN_POINT('',(4.418620738882,3.060285387873));
#1354 = CARTESIAN_POINT('',(4.418789685304,3.096122441173));
#1355 = ( GEOMETRIC_REPRESENTATION_CONTEXT(2) 
PARAMETRIC_REPRESENTATION_CONTEXT() REPRESENTATION_CONTEXT('2D SPACE',''
  ) );
#1356 = ORIENTED_EDGE('',*,*,#1357,.F.);
#1357 = EDGE_CURVE('',#1358,#1165,#1360,.T.);
#1358 = VERTEX_POINT('',#1359);
#1359 = CARTESIAN_POINT('',(7.525157212309,-30.15,-6.525));
#1360 = SURFACE_CURVE('',#1361,(#1365,#1372),.PCURVE_S1.);
#1361 = LINE('',#1362,#1363);
#1362 = CARTESIAN_POINT('',(5.773339008769,-30.15,-6.525));
#1363 = VECTOR('',#1364,1.);
#1364 = DIRECTION('',(1.,-5.E-17,0.));
#1365 = PCURVE('',#271,#1366);
#1366 = DEFINITIONAL_REPRESENTATION('',(#1367),#1371);
#1367 = LINE('',#1368,#1369);
#1368 = CARTESIAN_POINT('',(2.5E-02,2.923339008769));
#1369 = VECTOR('',#1370,1.);
#1370 = DIRECTION('',(-1.5E-32,1.));
#1371 = ( GEOMETRIC_REPRESENTATION_CONTEXT(2) 
PARAMETRIC_REPRESENTATION_CONTEXT() REPRESENTATION_CONTEXT('2D SPACE',''
  ) );
#1372 = PCURVE('',#1373,#1378);
#1373 = PLANE('',#1374);
#1374 = AXIS2_PLACEMENT_3D('',#1375,#1376,#1377);
#1375 = CARTESIAN_POINT('',(8.696678017538,-30.62686919548,-6.525));
#1376 = DIRECTION('',(0.,0.,1.));
#1377 = DIRECTION('',(0.923854150572,-0.38274470404,0.));
#1378 = DEFINITIONAL_REPRESENTATION('',(#1379),#1383);
#1379 = LINE('',#1380,#1381);
#1380 = CARTESIAN_POINT('',(-2.88325803587,-0.678334938197));
#1381 = VECTOR('',#1382,1.);
#1382 = DIRECTION('',(0.923854150572,0.38274470404));
#1383 = ( GEOMETRIC_REPRESENTATION_CONTEXT(2) 
PARAMETRIC_REPRESENTATION_CONTEXT() REPRESENTATION_CONTEXT('2D SPACE',''
  ) );
#1384 = ORIENTED_EDGE('',*,*,#1385,.F.);
#1385 = EDGE_CURVE('',#1386,#1358,#1388,.T.);
#1386 = VERTEX_POINT('',#1387);
#1387 = CARTESIAN_POINT('',(5.280293927749,-30.15,-6.55000002198));
#1388 = SURFACE_CURVE('',#1389,(#1422,#1458),.PCURVE_S1.);
#1389 = B_SPLINE_CURVE_WITH_KNOTS('',7,(#1390,#1391,#1392,#1393,#1394,
    #1395,#1396,#1397,#1398,#1399,#1400,#1401,#1402,#1403,#1404,#1405,
    #1406,#1407,#1408,#1409,#1410,#1411,#1412,#1413,#1414,#1415,#1416,
    #1417,#1418,#1419,#1420,#1421),.UNSPECIFIED.,.F.,.F.,(8,6,6,6,6,8),(
    0.,0.202930861409,0.542348370316,0.776764188114,0.85422365967,1.),
  .UNSPECIFIED.);
#1390 = CARTESIAN_POINT('',(5.280293927749,-30.15,-6.55000002198));
#1391 = CARTESIAN_POINT('',(5.280293923419,-30.15,-6.492287642029));
#1392 = CARTESIAN_POINT('',(5.293555261811,-30.15,-6.434558238374));
#1393 = CARTESIAN_POINT('',(5.320092805055,-30.15,-6.378615390278));
#1394 = CARTESIAN_POINT('',(5.358579142362,-30.15,-6.325896225796));
#1395 = CARTESIAN_POINT('',(5.407207378946,-30.15,-6.277303835851));
#1396 = CARTESIAN_POINT('',(5.464103760613,-30.15,-6.233326325471));
#1397 = CARTESIAN_POINT('',(5.63374405173,-30.15,-6.128619708921));
#1398 = CARTESIAN_POINT('',(5.758261025498,-30.15,-6.076548371208));
#1399 = CARTESIAN_POINT('',(5.894688040076,-30.15,-6.037861580271));
#1400 = CARTESIAN_POINT('',(6.03847183436,-30.15,-6.011923298656));
#1401 = CARTESIAN_POINT('',(6.186112229983,-30.15,-5.997939233585));
#1402 = CARTESIAN_POINT('',(6.335312569697,-30.15,-5.995224964276));
#1403 = CARTESIAN_POINT('',(6.58721074472,-30.15,-6.009700152215));
#1404 = CARTESIAN_POINT('',(6.689715570379,-30.15,-6.020974893149));
#1405 = CARTESIAN_POINT('',(6.791155900004,-30.15,-6.037553903724));
#1406 = CARTESIAN_POINT('',(6.890704693108,-30.15,-6.059494836494));
#1407 = CARTESIAN_POINT('',(6.987261101844,-30.15,-6.086920154193));
#1408 = CARTESIAN_POINT('',(7.079435898254,-30.15,-6.119992490535));
#1409 = CARTESIAN_POINT('',(7.193599492736,-30.15,-6.171879731969));
#1410 = CARTESIAN_POINT('',(7.221247671599,-30.15,-6.185409015874));
#1411 = CARTESIAN_POINT('',(7.24811431929,-30.15,-6.19958754975));
#1412 = CARTESIAN_POINT('',(7.27411153962,-30.15,-6.214420539768));
#1413 = CARTESIAN_POINT('',(7.299139648373,-30.15,-6.229910152951));
#1414 = CARTESIAN_POINT('',(7.323088019513,-30.15,-6.246054306701));
#1415 = CARTESIAN_POINT('',(7.388646801107,-30.15,-6.294445888628));
#1416 = CARTESIAN_POINT('',(7.427248643499,-30.15,-6.328369351124));
#1417 = CARTESIAN_POINT('',(7.460772339922,-30.15,-6.364535252122));
#1418 = CARTESIAN_POINT('',(7.488215167245,-30.15,-6.402750916179));
#1419 = CARTESIAN_POINT('',(7.508539696651,-30.15,-6.442651077223));
#1420 = CARTESIAN_POINT('',(7.520923149795,-30.15,-6.483663395449));
#1421 = CARTESIAN_POINT('',(7.525157212309,-30.15,-6.525));
#1422 = PCURVE('',#271,#1423);
#1423 = DEFINITIONAL_REPRESENTATION('',(#1424),#1457);
#1424 = B_SPLINE_CURVE_WITH_KNOTS('',7,(#1425,#1426,#1427,#1428,#1429,
    #1430,#1431,#1432,#1433,#1434,#1435,#1436,#1437,#1438,#1439,#1440,
    #1441,#1442,#1443,#1444,#1445,#1446,#1447,#1448,#1449,#1450,#1451,
    #1452,#1453,#1454,#1455,#1456),.UNSPECIFIED.,.F.,.F.,(8,6,6,6,6,8),(
    0.,0.202930861409,0.542348370316,0.776764188114,0.85422365967,1.),
  .UNSPECIFIED.);
#1425 = CARTESIAN_POINT('',(-2.197995740971E-08,2.430293927749));
#1426 = CARTESIAN_POINT('',(5.771235797126E-02,2.430293923419));
#1427 = CARTESIAN_POINT('',(0.115441761626,2.443555261811));
#1428 = CARTESIAN_POINT('',(0.171384609722,2.470092805055));
#1429 = CARTESIAN_POINT('',(0.224103774204,2.508579142362));
#1430 = CARTESIAN_POINT('',(0.272696164149,2.557207378946));
#1431 = CARTESIAN_POINT('',(0.316673674529,2.614103760613));
#1432 = CARTESIAN_POINT('',(0.421380291079,2.78374405173));
#1433 = CARTESIAN_POINT('',(0.473451628792,2.908261025498));
#1434 = CARTESIAN_POINT('',(0.512138419729,3.044688040076));
#1435 = CARTESIAN_POINT('',(0.538076701344,3.18847183436));
#1436 = CARTESIAN_POINT('',(0.552060766415,3.336112229983));
#1437 = CARTESIAN_POINT('',(0.554775035724,3.485312569697));
#1438 = CARTESIAN_POINT('',(0.540299847785,3.73721074472));
#1439 = CARTESIAN_POINT('',(0.529025106851,3.839715570379));
#1440 = CARTESIAN_POINT('',(0.512446096276,3.941155900004));
#1441 = CARTESIAN_POINT('',(0.490505163506,4.040704693108));
#1442 = CARTESIAN_POINT('',(0.463079845807,4.137261101844));
#1443 = CARTESIAN_POINT('',(0.430007509465,4.229435898254));
#1444 = CARTESIAN_POINT('',(0.378120268031,4.343599492736));
#1445 = CARTESIAN_POINT('',(0.364590984126,4.371247671599));
#1446 = CARTESIAN_POINT('',(0.35041245025,4.39811431929));
#1447 = CARTESIAN_POINT('',(0.335579460232,4.42411153962));
#1448 = CARTESIAN_POINT('',(0.320089847049,4.449139648373));
#1449 = CARTESIAN_POINT('',(0.303945693299,4.473088019513));
#1450 = CARTESIAN_POINT('',(0.255554111372,4.538646801107));
#1451 = CARTESIAN_POINT('',(0.221630648876,4.577248643499));
#1452 = CARTESIAN_POINT('',(0.185464747878,4.610772339922));
#1453 = CARTESIAN_POINT('',(0.147249083821,4.638215167245));
#1454 = CARTESIAN_POINT('',(0.107348922777,4.658539696651));
#1455 = CARTESIAN_POINT('',(6.633660455082E-02,4.670923149795));
#1456 = CARTESIAN_POINT('',(2.5E-02,4.675157212309));
#1457 = ( GEOMETRIC_REPRESENTATION_CONTEXT(2) 
PARAMETRIC_REPRESENTATION_CONTEXT() REPRESENTATION_CONTEXT('2D SPACE',''
  ) );
#1458 = PCURVE('',#1459,#1464);
#1459 = TOROIDAL_SURFACE('',#1460,19.289538762916,0.55);
#1460 = AXIS2_PLACEMENT_3D('',#1461,#1462,#1463);
#1461 = CARTESIAN_POINT('',(15.85,-13.36046123708,-6.55));
#1462 = DIRECTION('',(0.,0.,1.));
#1463 = DIRECTION('',(1.,0.,0.));
#1464 = DEFINITIONAL_REPRESENTATION('',(#1465),#1498);
#1465 = B_SPLINE_CURVE_WITH_KNOTS('',7,(#1466,#1467,#1468,#1469,#1470,
    #1471,#1472,#1473,#1474,#1475,#1476,#1477,#1478,#1479,#1480,#1481,
    #1482,#1483,#1484,#1485,#1486,#1487,#1488,#1489,#1490,#1491,#1492,
    #1493,#1494,#1495,#1496,#1497),.UNSPECIFIED.,.F.,.F.,(8,6,6,6,6,8),(
    0.,0.202930861409,0.542348370316,0.776764188114,0.85422365967,1.),
  .UNSPECIFIED.);
#1466 = CARTESIAN_POINT('',(4.150530759135,6.283185267216));
#1467 = CARTESIAN_POINT('',(4.15053075895,6.388116867127));
#1468 = CARTESIAN_POINT('',(4.151096432272,6.493079192546));
#1469 = CARTESIAN_POINT('',(4.152228386696,6.596681736527));
#1470 = CARTESIAN_POINT('',(4.153872635776,6.698198015016));
#1471 = CARTESIAN_POINT('',(4.155956948427,6.797184725349));
#1472 = CARTESIAN_POINT('',(4.158405372334,6.893411119474));
#1473 = CARTESIAN_POINT('',(4.165737714219,7.143088319075));
#1474 = CARTESIAN_POINT('',(4.171149902743,7.291424956875));
#1475 = CARTESIAN_POINT('',(4.177125935865,7.433838935933));
#1476 = CARTESIAN_POINT('',(4.183481713682,7.57157326917));
#1477 = CARTESIAN_POINT('',(4.190068769313,7.705990117096));
#1478 = CARTESIAN_POINT('',(4.196786666218,7.83851026951));
#1479 = CARTESIAN_POINT('',(4.208229305034,8.06317452717));
#1480 = CARTESIAN_POINT('',(4.212914094208,8.154858629912));
#1481 = CARTESIAN_POINT('',(4.217578547231,8.247118504963));
#1482 = CARTESIAN_POINT('',(4.222183575811,8.340519375434));
#1483 = CARTESIAN_POINT('',(4.226676066193,8.43564851129));
#1484 = CARTESIAN_POINT('',(4.230987576275,8.533140912831));
#1485 = CARTESIAN_POINT('',(4.236351923446,8.667286235803));
#1486 = CARTESIAN_POINT('',(4.23765320497,8.700954675154));
#1487 = CARTESIAN_POINT('',(4.238919713696,8.735003243508));
#1488 = CARTESIAN_POINT('',(4.240147097385,8.769457779096));
#1489 = CARTESIAN_POINT('',(4.241330419671,8.80434095093));
#1490 = CARTESIAN_POINT('',(4.242464199647,8.839672187296));
#1491 = CARTESIAN_POINT('',(4.245571688177,8.942833476768));
#1492 = CARTESIAN_POINT('',(4.247406277734,9.011909494781));
#1493 = CARTESIAN_POINT('',(4.249003324903,9.082732403482));
#1494 = CARTESIAN_POINT('',(4.250313178665,9.155211169794));
#1495 = CARTESIAN_POINT('',(4.251284447766,9.229128066233));
#1496 = CARTESIAN_POINT('',(4.251876412346,9.304072523005));
#1497 = CARTESIAN_POINT('',(4.252078831632,9.379307748352));
#1498 = ( GEOMETRIC_REPRESENTATION_CONTEXT(2) 
PARAMETRIC_REPRESENTATION_CONTEXT() REPRESENTATION_CONTEXT('2D SPACE',''
  ) );
#1499 = ORIENTED_EDGE('',*,*,#1500,.F.);
#1500 = EDGE_CURVE('',#1501,#1386,#1503,.T.);
#1501 = VERTEX_POINT('',#1502);
#1502 = CARTESIAN_POINT('',(7.525157212309,-30.15,-6.575));
#1503 = SURFACE_CURVE('',#1504,(#1537,#1573),.PCURVE_S1.);
#1504 = B_SPLINE_CURVE_WITH_KNOTS('',7,(#1505,#1506,#1507,#1508,#1509,
    #1510,#1511,#1512,#1513,#1514,#1515,#1516,#1517,#1518,#1519,#1520,
    #1521,#1522,#1523,#1524,#1525,#1526,#1527,#1528,#1529,#1530,#1531,
    #1532,#1533,#1534,#1535,#1536),.UNSPECIFIED.,.F.,.F.,(8,6,6,6,6,8),(
    0.,0.145074300609,0.222479671638,0.456816505258,0.79828589489,1.),
  .UNSPECIFIED.);
#1505 = CARTESIAN_POINT('',(7.525157212309,-30.15,-6.575));
#1506 = CARTESIAN_POINT('',(7.520943548167,-30.15,-6.616137457886));
#1507 = CARTESIAN_POINT('',(7.508658790741,-30.15,-6.656954194741));
#1508 = CARTESIAN_POINT('',(7.488507901149,-30.15,-6.696673509394));
#1509 = CARTESIAN_POINT('',(7.461298955871,-30.15,-6.734729868702));
#1510 = CARTESIAN_POINT('',(7.428052761246,-30.15,-6.770761045561));
#1511 = CARTESIAN_POINT('',(7.389758548175,-30.15,-6.804574658644));
#1512 = CARTESIAN_POINT('',(7.324608762105,-30.15,-6.852903863842));
#1513 = CARTESIAN_POINT('',(7.300737415951,-30.15,-6.869072919452));
#1514 = CARTESIAN_POINT('',(7.275782595937,-30.15,-6.884588481087));
#1515 = CARTESIAN_POINT('',(7.249855147337,-30.15,-6.899448275486));
#1516 = CARTESIAN_POINT('',(7.223054998553,-30.15,-6.913654334944));
#1517 = CARTESIAN_POINT('',(7.195470286343,-30.15,-6.927211776539));
#1518 = CARTESIAN_POINT('',(7.081519883141,-30.15,-6.979228857796));
#1519 = CARTESIAN_POINT('',(6.989467509911,-30.15,-7.012402946954));
#1520 = CARTESIAN_POINT('',(6.893010994278,-30.15,-7.039930212955));
#1521 = CARTESIAN_POINT('',(6.793544608251,-30.15,-7.061973853791));
#1522 = CARTESIAN_POINT('',(6.692172192553,-30.15,-7.078657380361));
#1523 = CARTESIAN_POINT('',(6.589721709567,-30.15,-7.090039775008));
#1524 = CARTESIAN_POINT('',(6.336969725391,-30.15,-7.104845038125));
#1525 = CARTESIAN_POINT('',(6.186850933365,-30.15,-7.102212517522));
#1526 = CARTESIAN_POINT('',(6.038292080134,-30.15,-7.088180977991));
#1527 = CARTESIAN_POINT('',(5.893624882292,-30.15,-7.062050746809));
#1528 = CARTESIAN_POINT('',(5.756419065581,-30.15,-7.02301111868));
#1529 = CARTESIAN_POINT('',(5.631321879217,-30.15,-6.970415571937));
#1530 = CARTESIAN_POINT('',(5.462064889073,-30.15,-6.865091311925));
#1531 = CARTESIAN_POINT('',(5.405756516767,-30.15,-6.821240985274));
#1532 = CARTESIAN_POINT('',(5.357660325454,-30.15,-6.772841298115));
#1533 = CARTESIAN_POINT('',(5.319617003593,-30.15,-6.720379449729));
#1534 = CARTESIAN_POINT('',(5.293396503609,-30.15,-6.664749466485));
#1535 = CARTESIAN_POINT('',(5.280293932052,-30.15,-6.607365872126));
#1536 = CARTESIAN_POINT('',(5.280293927749,-30.15,-6.55000002198));
#1537 = PCURVE('',#271,#1538);
#1538 = DEFINITIONAL_REPRESENTATION('',(#1539),#1572);
#1539 = B_SPLINE_CURVE_WITH_KNOTS('',7,(#1540,#1541,#1542,#1543,#1544,
    #1545,#1546,#1547,#1548,#1549,#1550,#1551,#1552,#1553,#1554,#1555,
    #1556,#1557,#1558,#1559,#1560,#1561,#1562,#1563,#1564,#1565,#1566,
    #1567,#1568,#1569,#1570,#1571),.UNSPECIFIED.,.F.,.F.,(8,6,6,6,6,8),(
    0.,0.145074300609,0.222479671638,0.456816505258,0.79828589489,1.),
  .UNSPECIFIED.);
#1540 = CARTESIAN_POINT('',(-2.5E-02,4.675157212309));
#1541 = CARTESIAN_POINT('',(-6.613745788637E-02,4.670943548167));
#1542 = CARTESIAN_POINT('',(-0.106954194741,4.658658790741));
#1543 = CARTESIAN_POINT('',(-0.146673509394,4.638507901149));
#1544 = CARTESIAN_POINT('',(-0.184729868702,4.611298955871));
#1545 = CARTESIAN_POINT('',(-0.220761045561,4.578052761246));
#1546 = CARTESIAN_POINT('',(-0.254574658644,4.539758548175));
#1547 = CARTESIAN_POINT('',(-0.302903863842,4.474608762105));
#1548 = CARTESIAN_POINT('',(-0.319072919452,4.450737415951));
#1549 = CARTESIAN_POINT('',(-0.334588481087,4.425782595937));
#1550 = CARTESIAN_POINT('',(-0.349448275486,4.399855147337));
#1551 = CARTESIAN_POINT('',(-0.363654334944,4.373054998553));
#1552 = CARTESIAN_POINT('',(-0.377211776539,4.345470286343));
#1553 = CARTESIAN_POINT('',(-0.429228857796,4.231519883141));
#1554 = CARTESIAN_POINT('',(-0.462402946954,4.139467509911));
#1555 = CARTESIAN_POINT('',(-0.489930212955,4.043010994278));
#1556 = CARTESIAN_POINT('',(-0.511973853791,3.943544608251));
#1557 = CARTESIAN_POINT('',(-0.528657380361,3.842172192553));
#1558 = CARTESIAN_POINT('',(-0.540039775008,3.739721709567));
#1559 = CARTESIAN_POINT('',(-0.554845038125,3.486969725391));
#1560 = CARTESIAN_POINT('',(-0.552212517522,3.336850933365));
#1561 = CARTESIAN_POINT('',(-0.538180977991,3.188292080134));
#1562 = CARTESIAN_POINT('',(-0.512050746809,3.043624882292));
#1563 = CARTESIAN_POINT('',(-0.47301111868,2.906419065581));
#1564 = CARTESIAN_POINT('',(-0.420415571937,2.781321879217));
#1565 = CARTESIAN_POINT('',(-0.315091311925,2.612064889073));
#1566 = CARTESIAN_POINT('',(-0.271240985274,2.555756516767));
#1567 = CARTESIAN_POINT('',(-0.222841298115,2.507660325454));
#1568 = CARTESIAN_POINT('',(-0.170379449729,2.469617003593));
#1569 = CARTESIAN_POINT('',(-0.114749466485,2.443396503609));
#1570 = CARTESIAN_POINT('',(-5.736587212553E-02,2.430293932052));
#1571 = CARTESIAN_POINT('',(-2.197995740971E-08,2.430293927749));
#1572 = ( GEOMETRIC_REPRESENTATION_CONTEXT(2) 
PARAMETRIC_REPRESENTATION_CONTEXT() REPRESENTATION_CONTEXT('2D SPACE',''
  ) );
#1573 = PCURVE('',#1459,#1574);
#1574 = DEFINITIONAL_REPRESENTATION('',(#1575),#1608);
#1575 = B_SPLINE_CURVE_WITH_KNOTS('',7,(#1576,#1577,#1578,#1579,#1580,
    #1581,#1582,#1583,#1584,#1585,#1586,#1587,#1588,#1589,#1590,#1591,
    #1592,#1593,#1594,#1595,#1596,#1597,#1598,#1599,#1600,#1601,#1602,
    #1603,#1604,#1605,#1606,#1607),.UNSPECIFIED.,.F.,.F.,(8,6,6,6,6,8),(
    0.,0.145074300609,0.222479671638,0.456816505258,0.79828589489,1.),
  .UNSPECIFIED.);
#1576 = CARTESIAN_POINT('',(4.252078831632,3.187062866007));
#1577 = CARTESIAN_POINT('',(4.251877387538,3.261935631874));
#1578 = CARTESIAN_POINT('',(4.251290140673,3.336521262534));
#1579 = CARTESIAN_POINT('',(4.250327168021,3.410093177357));
#1580 = CARTESIAN_POINT('',(4.249028460629,3.482244669262));
#1581 = CARTESIAN_POINT('',(4.247444585685,3.552758816944));
#1582 = CARTESIAN_POINT('',(4.245624526603,3.621543755192));
#1583 = CARTESIAN_POINT('',(4.242536210978,3.724429383971));
#1584 = CARTESIAN_POINT('',(4.241405993957,3.75976134472));
#1585 = CARTESIAN_POINT('',(4.240226044085,3.794645004529));
#1586 = CARTESIAN_POINT('',(4.239001853138,3.829099569445));
#1587 = CARTESIAN_POINT('',(4.237738369639,3.863147547711));
#1588 = CARTESIAN_POINT('',(4.236439957841,3.896814664881));
#1589 = CARTESIAN_POINT('',(4.231085125446,4.030987874867));
#1590 = CARTESIAN_POINT('',(4.226778891324,4.128499799455));
#1591 = CARTESIAN_POINT('',(4.222290543607,4.223638187371));
#1592 = CARTESIAN_POINT('',(4.217688782657,4.317038140264));
#1593 = CARTESIAN_POINT('',(4.213026878619,4.409287125673));
#1594 = CARTESIAN_POINT('',(4.208343978735,4.500950723299));
#1595 = CARTESIAN_POINT('',(4.196861070956,4.726390733647));
#1596 = CARTESIAN_POINT('',(4.190101287695,4.859684365343));
#1597 = CARTESIAN_POINT('',(4.183473110586,4.994893916499));
#1598 = CARTESIAN_POINT('',(4.177078536573,5.133463249009));
#1599 = CARTESIAN_POINT('',(4.171069016065,5.276778082592));
#1600 = CARTESIAN_POINT('',(4.165632379188,5.426098764873));
#1601 = CARTESIAN_POINT('',(4.158317638454,5.676417486723));
#1602 = CARTESIAN_POINT('',(4.155894763609,5.772148031936));
#1603 = CARTESIAN_POINT('',(4.153833380788,5.87060287216));
#1604 = CARTESIAN_POINT('',(4.152208091878,5.971550286105));
#1605 = CARTESIAN_POINT('',(4.151089660185,6.074550125792));
#1606 = CARTESIAN_POINT('',(4.150530759318,6.178883721497));
#1607 = CARTESIAN_POINT('',(4.150530759135,6.283185267216));
#1608 = ( GEOMETRIC_REPRESENTATION_CONTEXT(2) 
PARAMETRIC_REPRESENTATION_CONTEXT() REPRESENTATION_CONTEXT('2D SPACE',''
  ) );
#1609 = ORIENTED_EDGE('',*,*,#1610,.F.);
#1610 = EDGE_CURVE('',#1611,#1501,#1613,.T.);
#1611 = VERTEX_POINT('',#1612);
#1612 = CARTESIAN_POINT('',(7.755396766991,-30.15,-6.575));
#1613 = SURFACE_CURVE('',#1614,(#1618,#1625),.PCURVE_S1.);
#1614 = LINE('',#1615,#1616);
#1615 = CARTESIAN_POINT('',(5.773339008769,-30.15,-6.575));
#1616 = VECTOR('',#1617,1.);
#1617 = DIRECTION('',(-1.,5.E-17,0.));
#1618 = PCURVE('',#271,#1619);
#1619 = DEFINITIONAL_REPRESENTATION('',(#1620),#1624);
#1620 = LINE('',#1621,#1622);
#1621 = CARTESIAN_POINT('',(-2.5E-02,2.923339008769));
#1622 = VECTOR('',#1623,1.);
#1623 = DIRECTION('',(1.5E-32,-1.));
#1624 = ( GEOMETRIC_REPRESENTATION_CONTEXT(2) 
PARAMETRIC_REPRESENTATION_CONTEXT() REPRESENTATION_CONTEXT('2D SPACE',''
  ) );
#1625 = PCURVE('',#1626,#1631);
#1626 = PLANE('',#1627);
#1627 = AXIS2_PLACEMENT_3D('',#1628,#1629,#1630);
#1628 = CARTESIAN_POINT('',(8.696678017538,-30.62686919548,-6.575));
#1629 = DIRECTION('',(0.,0.,-1.));
#1630 = DIRECTION('',(0.923854150572,-0.38274470404,0.));
#1631 = DEFINITIONAL_REPRESENTATION('',(#1632),#1636);
#1632 = LINE('',#1633,#1634);
#1633 = CARTESIAN_POINT('',(-2.88325803587,0.678334938197));
#1634 = VECTOR('',#1635,1.);
#1635 = DIRECTION('',(-0.923854150572,0.38274470404));
#1636 = ( GEOMETRIC_REPRESENTATION_CONTEXT(2) 
PARAMETRIC_REPRESENTATION_CONTEXT() REPRESENTATION_CONTEXT('2D SPACE',''
  ) );
#1637 = ORIENTED_EDGE('',*,*,#1638,.F.);
#1638 = EDGE_CURVE('',#1639,#1611,#1641,.T.);
#1639 = VERTEX_POINT('',#1640);
#1640 = CARTESIAN_POINT('',(10.773904052589,-30.15,-6.575));
#1641 = SURFACE_CURVE('',#1642,(#1687,#1735),.PCURVE_S1.);
#1642 = B_SPLINE_CURVE_WITH_KNOTS('',7,(#1643,#1644,#1645,#1646,#1647,
    #1648,#1649,#1650,#1651,#1652,#1653,#1654,#1655,#1656,#1657,#1658,
    #1659,#1660,#1661,#1662,#1663,#1664,#1665,#1666,#1667,#1668,#1669,
    #1670,#1671,#1672,#1673,#1674,#1675,#1676,#1677,#1678,#1679,#1680,
    #1681,#1682,#1683,#1684,#1685,#1686),.UNSPECIFIED.,.F.,.F.,(8,6,6,6,
    6,6,6,8),(0.,9.379330290897E-02,0.247956064394,0.430034364243,
    0.633033369478,0.810623430169,0.89732962793,1.),.UNSPECIFIED.);
#1643 = CARTESIAN_POINT('',(10.773904052589,-30.15,-6.575));
#1644 = CARTESIAN_POINT('',(10.769249572231,-30.15,-6.604603451262));
#1645 = CARTESIAN_POINT('',(10.758205985201,-30.15,-6.633887003501));
#1646 = CARTESIAN_POINT('',(10.741062031432,-30.15,-6.662346788314));
#1647 = CARTESIAN_POINT('',(10.718633353718,-30.15,-6.689678288034));
#1648 = CARTESIAN_POINT('',(10.691846060173,-30.15,-6.715725658062));
#1649 = CARTESIAN_POINT('',(10.661504129652,-30.15,-6.740440214259));
#1650 = CARTESIAN_POINT('',(10.57356737153,-30.15,-6.802322282806));
#1651 = CARTESIAN_POINT('',(10.511051344738,-30.15,-6.83723060386));
#1652 = CARTESIAN_POINT('',(10.443155632852,-30.15,-6.868948923459));
#1653 = CARTESIAN_POINT('',(10.37145560557,-30.15,-6.897736249759));
#1654 = CARTESIAN_POINT('',(10.297051902645,-30.15,-6.923853522681));
#1655 = CARTESIAN_POINT('',(10.22055252728,-30.15,-6.947537620667));
#1656 = CARTESIAN_POINT('',(10.049592502107,-30.15,-6.994330680618));
#1657 = CARTESIAN_POINT('',(9.95465795162,-30.15,-7.016484771535));
#1658 = CARTESIAN_POINT('',(9.858085910193,-30.15,-7.035723440036));
#1659 = CARTESIAN_POINT('',(9.760353794383,-30.15,-7.052172178198));
#1660 = CARTESIAN_POINT('',(9.661841086445,-30.15,-7.065906679024));
#1661 = CARTESIAN_POINT('',(9.562836091743,-30.15,-7.076950928394));
#1662 = CARTESIAN_POINT('',(9.352905156914,-30.15,-7.094572630615));
#1663 = CARTESIAN_POINT('',(9.241975947162,-30.15,-7.100485961943));
#1664 = CARTESIAN_POINT('',(9.131128945663,-30.15,-7.102996931964));
#1665 = CARTESIAN_POINT('',(9.020723754464,-30.15,-7.102000654177));
#1666 = CARTESIAN_POINT('',(8.911161989915,-30.15,-7.097338938445));
#1667 = CARTESIAN_POINT('',(8.802921670466,-30.15,-7.08880043221));
#1668 = CARTESIAN_POINT('',(8.603586859791,-30.15,-7.064980780031));
#1669 = CARTESIAN_POINT('',(8.512122313545,-30.15,-7.050686686447));
#1670 = CARTESIAN_POINT('',(8.422535074152,-30.15,-7.033021350592));
#1671 = CARTESIAN_POINT('',(8.33536862237,-30.15,-7.011747406062));
#1672 = CARTESIAN_POINT('',(8.251381693661,-30.15,-6.986610202121));
#1673 = CARTESIAN_POINT('',(8.171585275232,-30.15,-6.957356188512));
#1674 = CARTESIAN_POINT('',(8.061055473017,-30.15,-6.907329464002));
#1675 = CARTESIAN_POINT('',(8.026129583895,-30.15,-6.889885517435));
#1676 = CARTESIAN_POINT('',(7.992698391722,-30.15,-6.871386360677));
#1677 = CARTESIAN_POINT('',(7.960958481053,-30.15,-6.851817596491));
#1678 = CARTESIAN_POINT('',(7.931135593342,-30.15,-6.831179494357));
#1679 = CARTESIAN_POINT('',(7.903476890295,-30.15,-6.80949280261));
#1680 = CARTESIAN_POINT('',(7.848363570005,-30.15,-6.759939004136));
#1681 = CARTESIAN_POINT('',(7.821870586281,-30.15,-6.731657532494));
#1682 = CARTESIAN_POINT('',(7.799230024468,-30.15,-6.702063509832));
#1683 = CARTESIAN_POINT('',(7.78090838798,-30.15,-6.671321456494));
#1684 = CARTESIAN_POINT('',(7.767328160245,-30.15,-6.639671644422));
#1685 = CARTESIAN_POINT('',(7.758794981445,-30.15,-6.607433812243));
#1686 = CARTESIAN_POINT('',(7.755396766991,-30.15,-6.575));
#1687 = PCURVE('',#271,#1688);
#1688 = DEFINITIONAL_REPRESENTATION('',(#1689),#1734);
#1689 = B_SPLINE_CURVE_WITH_KNOTS('',7,(#1690,#1691,#1692,#1693,#1694,
    #1695,#1696,#1697,#1698,#1699,#1700,#1701,#1702,#1703,#1704,#1705,
    #1706,#1707,#1708,#1709,#1710,#1711,#1712,#1713,#1714,#1715,#1716,
    #1717,#1718,#1719,#1720,#1721,#1722,#1723,#1724,#1725,#1726,#1727,
    #1728,#1729,#1730,#1731,#1732,#1733),.UNSPECIFIED.,.F.,.F.,(8,6,6,6,
    6,6,6,8),(0.,9.379330290897E-02,0.247956064394,0.430034364243,
    0.633033369478,0.810623430169,0.89732962793,1.),.UNSPECIFIED.);
#1690 = CARTESIAN_POINT('',(-2.5E-02,7.923904052589));
#1691 = CARTESIAN_POINT('',(-5.460345126247E-02,7.919249572231));
#1692 = CARTESIAN_POINT('',(-8.388700350114E-02,7.908205985201));
#1693 = CARTESIAN_POINT('',(-0.112346788314,7.891062031432));
#1694 = CARTESIAN_POINT('',(-0.139678288034,7.868633353718));
#1695 = CARTESIAN_POINT('',(-0.165725658062,7.841846060173));
#1696 = CARTESIAN_POINT('',(-0.190440214259,7.811504129652));
#1697 = CARTESIAN_POINT('',(-0.252322282806,7.72356737153));
#1698 = CARTESIAN_POINT('',(-0.28723060386,7.661051344738));
#1699 = CARTESIAN_POINT('',(-0.318948923459,7.593155632852));
#1700 = CARTESIAN_POINT('',(-0.347736249759,7.52145560557));
#1701 = CARTESIAN_POINT('',(-0.373853522681,7.447051902645));
#1702 = CARTESIAN_POINT('',(-0.397537620667,7.37055252728));
#1703 = CARTESIAN_POINT('',(-0.444330680618,7.199592502107));
#1704 = CARTESIAN_POINT('',(-0.466484771535,7.10465795162));
#1705 = CARTESIAN_POINT('',(-0.485723440036,7.008085910193));
#1706 = CARTESIAN_POINT('',(-0.502172178198,6.910353794383));
#1707 = CARTESIAN_POINT('',(-0.515906679024,6.811841086445));
#1708 = CARTESIAN_POINT('',(-0.526950928394,6.712836091743));
#1709 = CARTESIAN_POINT('',(-0.544572630615,6.502905156914));
#1710 = CARTESIAN_POINT('',(-0.550485961943,6.391975947162));
#1711 = CARTESIAN_POINT('',(-0.552996931964,6.281128945663));
#1712 = CARTESIAN_POINT('',(-0.552000654177,6.170723754464));
#1713 = CARTESIAN_POINT('',(-0.547338938445,6.061161989915));
#1714 = CARTESIAN_POINT('',(-0.53880043221,5.952921670466));
#1715 = CARTESIAN_POINT('',(-0.514980780031,5.753586859791));
#1716 = CARTESIAN_POINT('',(-0.500686686447,5.662122313545));
#1717 = CARTESIAN_POINT('',(-0.483021350592,5.572535074152));
#1718 = CARTESIAN_POINT('',(-0.461747406062,5.48536862237));
#1719 = CARTESIAN_POINT('',(-0.436610202121,5.401381693661));
#1720 = CARTESIAN_POINT('',(-0.407356188512,5.321585275232));
#1721 = CARTESIAN_POINT('',(-0.357329464002,5.211055473017));
#1722 = CARTESIAN_POINT('',(-0.339885517435,5.176129583895));
#1723 = CARTESIAN_POINT('',(-0.321386360677,5.142698391722));
#1724 = CARTESIAN_POINT('',(-0.301817596491,5.110958481053));
#1725 = CARTESIAN_POINT('',(-0.281179494357,5.081135593342));
#1726 = CARTESIAN_POINT('',(-0.25949280261,5.053476890295));
#1727 = CARTESIAN_POINT('',(-0.209939004136,4.998363570005));
#1728 = CARTESIAN_POINT('',(-0.181657532494,4.971870586281));
#1729 = CARTESIAN_POINT('',(-0.152063509832,4.949230024468));
#1730 = CARTESIAN_POINT('',(-0.121321456494,4.93090838798));
#1731 = CARTESIAN_POINT('',(-8.967164442235E-02,4.917328160245));
#1732 = CARTESIAN_POINT('',(-5.743381224266E-02,4.908794981445));
#1733 = CARTESIAN_POINT('',(-2.5E-02,4.905396766991));
#1734 = ( GEOMETRIC_REPRESENTATION_CONTEXT(2) 
PARAMETRIC_REPRESENTATION_CONTEXT() REPRESENTATION_CONTEXT('2D SPACE',''
  ) );
#1735 = PCURVE('',#1736,#1741);
#1736 = TOROIDAL_SURFACE('',#1737,18.089538762916,0.55);
#1737 = AXIS2_PLACEMENT_3D('',#1738,#1739,#1740);
#1738 = CARTESIAN_POINT('',(15.85,-13.36046123708,-6.55));
#1739 = DIRECTION('',(0.,0.,1.));
#1740 = DIRECTION('',(1.,0.,0.));
#1741 = DEFINITIONAL_REPRESENTATION('',(#1742),#1787);
#1742 = B_SPLINE_CURVE_WITH_KNOTS('',7,(#1743,#1744,#1745,#1746,#1747,
    #1748,#1749,#1750,#1751,#1752,#1753,#1754,#1755,#1756,#1757,#1758,
    #1759,#1760,#1761,#1762,#1763,#1764,#1765,#1766,#1767,#1768,#1769,
    #1770,#1771,#1772,#1773,#1774,#1775,#1776,#1777,#1778,#1779,#1780,
    #1781,#1782,#1783,#1784,#1785,#1786),.UNSPECIFIED.,.F.,.F.,(8,6,6,6,
    6,6,6,8),(0.,9.379330290897E-02,0.247956064394,0.430034364243,
    0.633033369478,0.810623430169,0.89732962793,1.),.UNSPECIFIED.);
#1743 = CARTESIAN_POINT('',(4.418789685304,3.187062866007));
#1744 = CARTESIAN_POINT('',(4.418535678425,3.240943012937));
#1745 = CARTESIAN_POINT('',(4.417933050889,3.294394458461));
#1746 = CARTESIAN_POINT('',(4.416997762847,3.346754467639));
#1747 = CARTESIAN_POINT('',(4.415775058526,3.397680993953));
#1748 = CARTESIAN_POINT('',(4.414316320479,3.447020774637));
#1749 = CARTESIAN_POINT('',(4.412666151914,3.494742830168));
#1750 = CARTESIAN_POINT('',(4.407890502862,3.616864724041));
#1751 = CARTESIAN_POINT('',(4.404501794257,3.688593477852));
#1752 = CARTESIAN_POINT('',(4.400830693015,3.757014483192));
#1753 = CARTESIAN_POINT('',(4.396965158182,3.822643463103));
#1754 = CARTESIAN_POINT('',(4.392966295207,3.885971248987));
#1755 = CARTESIAN_POINT('',(4.388868077949,3.94747018673));
#1756 = CARTESIAN_POINT('',(4.379740470418,4.07880263277));
#1757 = CARTESIAN_POINT('',(4.374691265546,4.147920721445));
#1758 = CARTESIAN_POINT('',(4.369576046771,4.215680935494));
#1759 = CARTESIAN_POINT('',(4.364421554394,4.282488852776));
#1760 = CARTESIAN_POINT('',(4.359248832626,4.348694723067));
#1761 = CARTESIAN_POINT('',(4.3540736942,4.414605451808));
#1762 = CARTESIAN_POINT('',(4.343150496156,4.554039278198));
#1763 = CARTESIAN_POINT('',(4.337408019285,4.627527895009));
#1764 = CARTESIAN_POINT('',(4.331699853533,4.701417680342));
#1765 = CARTESIAN_POINT('',(4.326044746149,4.77607060955));
#1766 = CARTESIAN_POINT('',(4.320462996186,4.851832640159));
#1767 = CARTESIAN_POINT('',(4.314978044774,4.929083727023));
#1768 = CARTESIAN_POINT('',(4.304929578595,5.077598618676));
#1769 = CARTESIAN_POINT('',(4.300340708941,5.14834314683));
#1770 = CARTESIAN_POINT('',(4.295867168808,5.220894382597));
#1771 = CARTESIAN_POINT('',(4.291534745257,5.295590566132));
#1772 = CARTESIAN_POINT('',(4.287379117997,5.372757925956));
#1773 = CARTESIAN_POINT('',(4.283447329739,5.452757017819));
#1774 = CARTESIAN_POINT('',(4.278021060946,5.576737053864));
#1775 = CARTESIAN_POINT('',(4.276309846963,5.618180293452));
#1776 = CARTESIAN_POINT('',(4.274674987885,5.660439094023));
#1777 = CARTESIAN_POINT('',(4.273125609941,5.703547455858));
#1778 = CARTESIAN_POINT('',(4.271672195538,5.747525028153));
#1779 = CARTESIAN_POINT('',(4.270326216404,5.792374517195));
#1780 = CARTESIAN_POINT('',(4.267647505555,5.892198708663));
#1781 = CARTESIAN_POINT('',(4.266362183782,5.947540382412));
#1782 = CARTESIAN_POINT('',(4.265265496985,6.004023269364));
#1783 = CARTESIAN_POINT('',(4.264379091039,6.061514534763));
#1784 = CARTESIAN_POINT('',(4.263722572482,6.119823806957));
#1785 = CARTESIAN_POINT('',(4.263310152587,6.178683512477));
#1786 = CARTESIAN_POINT('',(4.26314592515,6.237715094763));
#1787 = ( GEOMETRIC_REPRESENTATION_CONTEXT(2) 
PARAMETRIC_REPRESENTATION_CONTEXT() REPRESENTATION_CONTEXT('2D SPACE',''
  ) );
#1788 = ORIENTED_EDGE('',*,*,#1789,.F.);
#1789 = EDGE_CURVE('',#1790,#1639,#1792,.T.);
#1790 = VERTEX_POINT('',#1791);
#1791 = CARTESIAN_POINT('',(11.135228233489,-30.15,-6.575));
#1792 = SURFACE_CURVE('',#1793,(#1797,#1804),.PCURVE_S1.);
#1793 = LINE('',#1794,#1795);
#1794 = CARTESIAN_POINT('',(6.002985831193,-30.15,-6.575));
#1795 = VECTOR('',#1796,1.);
#1796 = DIRECTION('',(-1.,5.E-17,0.));
#1797 = PCURVE('',#271,#1798);
#1798 = DEFINITIONAL_REPRESENTATION('',(#1799),#1803);
#1799 = LINE('',#1800,#1801);
#1800 = CARTESIAN_POINT('',(-2.5E-02,3.152985831193));
#1801 = VECTOR('',#1802,1.);
#1802 = DIRECTION('',(1.5E-32,-1.));
#1803 = ( GEOMETRIC_REPRESENTATION_CONTEXT(2) 
PARAMETRIC_REPRESENTATION_CONTEXT() REPRESENTATION_CONTEXT('2D SPACE',''
  ) );
#1804 = PCURVE('',#1805,#1810);
#1805 = PLANE('',#1806);
#1806 = AXIS2_PLACEMENT_3D('',#1807,#1808,#1809);
#1807 = CARTESIAN_POINT('',(9.155971662386,-29.51824421479,-6.575));
#1808 = DIRECTION('',(0.,0.,-1.));
#1809 = DIRECTION('',(0.923854150572,-0.38274470404,0.));
#1810 = DEFINITIONAL_REPRESENTATION('',(#1811),#1815);
#1811 = LINE('',#1812,#1813);
#1812 = CARTESIAN_POINT('',(-2.671097865808,1.790438833114));
#1813 = VECTOR('',#1814,1.);
#1814 = DIRECTION('',(-0.923854150572,0.38274470404));
#1815 = ( GEOMETRIC_REPRESENTATION_CONTEXT(2) 
PARAMETRIC_REPRESENTATION_CONTEXT() REPRESENTATION_CONTEXT('2D SPACE',''
  ) );
#1816 = ORIENTED_EDGE('',*,*,#1817,.F.);
#1817 = EDGE_CURVE('',#788,#1790,#1818,.T.);
#1818 = SURFACE_CURVE('',#1819,(#1857,#1898),.PCURVE_S1.);
#1819 = B_SPLINE_CURVE_WITH_KNOTS('',8,(#1820,#1821,#1822,#1823,#1824,
    #1825,#1826,#1827,#1828,#1829,#1830,#1831,#1832,#1833,#1834,#1835,
    #1836,#1837,#1838,#1839,#1840,#1841,#1842,#1843,#1844,#1845,#1846,
    #1847,#1848,#1849,#1850,#1851,#1852,#1853,#1854,#1855,#1856),
  .UNSPECIFIED.,.F.,.F.,(9,7,7,7,7,9),(0.,0.307438775623,0.532458646922,
    0.768563114924,0.920053398044,1.),.UNSPECIFIED.);
#1820 = CARTESIAN_POINT('',(15.85,-30.15,-7.09083269132));
#1821 = CARTESIAN_POINT('',(15.645441329611,-30.15,-7.09083269132));
#1822 = CARTESIAN_POINT('',(15.44088344628,-30.15,-7.091358925394));
#1823 = CARTESIAN_POINT('',(15.236491861352,-30.15,-7.092413287592));
#1824 = CARTESIAN_POINT('',(15.03241798321,-30.15,-7.093902947068));
#1825 = CARTESIAN_POINT('',(14.828801213058,-30.15,-7.095649790016));
#1826 = CARTESIAN_POINT('',(14.625771688384,-30.15,-7.097400502181));
#1827 = CARTESIAN_POINT('',(14.423453674092,-30.15,-7.098837291951));
#1828 = CARTESIAN_POINT('',(14.074499848897,-30.15,-7.100139628336));
#1829 = CARTESIAN_POINT('',(13.92748509559,-30.15,-7.100322757905));
#1830 = CARTESIAN_POINT('',(13.780959152768,-30.15,-7.099993009119));
#1831 = CARTESIAN_POINT('',(13.63496941598,-30.15,-7.098986490794));
#1832 = CARTESIAN_POINT('',(13.489577365026,-30.15,-7.097123313074));
#1833 = CARTESIAN_POINT('',(13.344860710334,-30.15,-7.094205225687));
#1834 = CARTESIAN_POINT('',(13.20091718563,-30.15,-7.090008635526));
#1835 = CARTESIAN_POINT('',(12.907776208258,-30.15,-7.078254831395));
#1836 = CARTESIAN_POINT('',(12.758815187717,-30.15,-7.070547791045));
#1837 = CARTESIAN_POINT('',(12.610990188855,-30.15,-7.060851580385));
#1838 = CARTESIAN_POINT('',(12.464470327561,-30.15,-7.048812270224));
#1839 = CARTESIAN_POINT('',(12.319577864629,-30.15,-7.034028467334));
#1840 = CARTESIAN_POINT('',(12.176850643132,-30.15,-7.015988959092));
#1841 = CARTESIAN_POINT('',(12.037010186503,-30.15,-6.994109074245));
#1842 = CARTESIAN_POINT('',(11.814108668442,-30.15,-6.950329950208));
#1843 = CARTESIAN_POINT('',(11.728990300112,-30.15,-6.931312462888));
#1844 = CARTESIAN_POINT('',(11.645881293299,-30.15,-6.910109836505));
#1845 = CARTESIAN_POINT('',(11.565191366178,-30.15,-6.886406510998));
#1846 = CARTESIAN_POINT('',(11.487697625877,-30.15,-6.859873534742));
#1847 = CARTESIAN_POINT('',(11.414641261332,-30.15,-6.830147520674));
#1848 = CARTESIAN_POINT('',(11.347640123138,-30.15,-6.796897160402));
#1849 = CARTESIAN_POINT('',(11.258192593911,-30.15,-6.740034042787));
#1850 = CARTESIAN_POINT('',(11.229677007083,-30.15,-6.719303994707));
#1851 = CARTESIAN_POINT('',(11.203963683286,-30.15,-6.697471769682));
#1852 = CARTESIAN_POINT('',(11.181557745583,-30.15,-6.674565165344));
#1853 = CARTESIAN_POINT('',(11.16300763503,-30.15,-6.650666786299));
#1854 = CARTESIAN_POINT('',(11.148853604668,-30.15,-6.625929368953));
#1855 = CARTESIAN_POINT('',(11.139535494425,-30.15,-6.600592610325));
#1856 = CARTESIAN_POINT('',(11.135228233489,-30.15,-6.575));
#1857 = PCURVE('',#271,#1858);
#1858 = DEFINITIONAL_REPRESENTATION('',(#1859),#1897);
#1859 = B_SPLINE_CURVE_WITH_KNOTS('',8,(#1860,#1861,#1862,#1863,#1864,
    #1865,#1866,#1867,#1868,#1869,#1870,#1871,#1872,#1873,#1874,#1875,
    #1876,#1877,#1878,#1879,#1880,#1881,#1882,#1883,#1884,#1885,#1886,
    #1887,#1888,#1889,#1890,#1891,#1892,#1893,#1894,#1895,#1896),
  .UNSPECIFIED.,.F.,.F.,(9,7,7,7,7,9),(0.,0.307438775623,0.532458646922,
    0.768563114924,0.920053398044,1.),.UNSPECIFIED.);
#1860 = CARTESIAN_POINT('',(-0.54083269132,13.));
#1861 = CARTESIAN_POINT('',(-0.54083269132,12.795441329611));
#1862 = CARTESIAN_POINT('',(-0.541358925394,12.59088344628));
#1863 = CARTESIAN_POINT('',(-0.542413287592,12.386491861352));
#1864 = CARTESIAN_POINT('',(-0.543902947068,12.18241798321));
#1865 = CARTESIAN_POINT('',(-0.545649790016,11.978801213058));
#1866 = CARTESIAN_POINT('',(-0.547400502181,11.775771688384));
#1867 = CARTESIAN_POINT('',(-0.548837291951,11.573453674092));
#1868 = CARTESIAN_POINT('',(-0.550139628336,11.224499848897));
#1869 = CARTESIAN_POINT('',(-0.550322757905,11.07748509559));
#1870 = CARTESIAN_POINT('',(-0.549993009119,10.930959152768));
#1871 = CARTESIAN_POINT('',(-0.548986490794,10.78496941598));
#1872 = CARTESIAN_POINT('',(-0.547123313074,10.639577365026));
#1873 = CARTESIAN_POINT('',(-0.544205225687,10.494860710334));
#1874 = CARTESIAN_POINT('',(-0.540008635526,10.35091718563));
#1875 = CARTESIAN_POINT('',(-0.528254831395,10.057776208258));
#1876 = CARTESIAN_POINT('',(-0.520547791045,9.908815187717));
#1877 = CARTESIAN_POINT('',(-0.510851580385,9.760990188855));
#1878 = CARTESIAN_POINT('',(-0.498812270224,9.614470327561));
#1879 = CARTESIAN_POINT('',(-0.484028467334,9.469577864629));
#1880 = CARTESIAN_POINT('',(-0.465988959092,9.326850643132));
#1881 = CARTESIAN_POINT('',(-0.444109074245,9.187010186503));
#1882 = CARTESIAN_POINT('',(-0.400329950208,8.964108668442));
#1883 = CARTESIAN_POINT('',(-0.381312462888,8.878990300112));
#1884 = CARTESIAN_POINT('',(-0.360109836505,8.795881293299));
#1885 = CARTESIAN_POINT('',(-0.336406510998,8.715191366178));
#1886 = CARTESIAN_POINT('',(-0.309873534742,8.637697625877));
#1887 = CARTESIAN_POINT('',(-0.280147520674,8.564641261332));
#1888 = CARTESIAN_POINT('',(-0.246897160402,8.497640123138));
#1889 = CARTESIAN_POINT('',(-0.190034042787,8.408192593911));
#1890 = CARTESIAN_POINT('',(-0.169303994707,8.379677007083));
#1891 = CARTESIAN_POINT('',(-0.147471769682,8.353963683286));
#1892 = CARTESIAN_POINT('',(-0.124565165344,8.331557745583));
#1893 = CARTESIAN_POINT('',(-0.100666786299,8.31300763503));
#1894 = CARTESIAN_POINT('',(-7.592936895304E-02,8.298853604668));
#1895 = CARTESIAN_POINT('',(-5.059261032513E-02,8.289535494425));
#1896 = CARTESIAN_POINT('',(-2.5E-02,8.285228233489));
#1897 = ( GEOMETRIC_REPRESENTATION_CONTEXT(2) 
PARAMETRIC_REPRESENTATION_CONTEXT() REPRESENTATION_CONTEXT('2D SPACE',''
  ) );
#1898 = PCURVE('',#1899,#1904);
#1899 = TOROIDAL_SURFACE('',#1900,16.889538762916,0.55);
#1900 = AXIS2_PLACEMENT_3D('',#1901,#1902,#1903);
#1901 = CARTESIAN_POINT('',(15.85,-13.36046123708,-6.55));
#1902 = DIRECTION('',(0.,0.,1.));
#1903 = DIRECTION('',(1.,0.,0.));
#1904 = DEFINITIONAL_REPRESENTATION('',(#1905),#1943);
#1905 = B_SPLINE_CURVE_WITH_KNOTS('',8,(#1906,#1907,#1908,#1909,#1910,
    #1911,#1912,#1913,#1914,#1915,#1916,#1917,#1918,#1919,#1920,#1921,
    #1922,#1923,#1924,#1925,#1926,#1927,#1928,#1929,#1930,#1931,#1932,
    #1933,#1934,#1935,#1936,#1937,#1938,#1939,#1940,#1941,#1942),
  .UNSPECIFIED.,.F.,.F.,(9,7,7,7,7,9),(0.,0.307438775623,0.532458646922,
    0.768563114924,0.920053398044,1.),.UNSPECIFIED.);
#1906 = CARTESIAN_POINT('',(4.712388980385,4.529553843392));
#1907 = CARTESIAN_POINT('',(4.700205282352,4.529553843392));
#1908 = CARTESIAN_POINT('',(4.688021631044,4.534820027853));
#1909 = CARTESIAN_POINT('',(4.675853396995,4.545354004737));
#1910 = CARTESIAN_POINT('',(4.663715108919,4.561095290104));
#1911 = CARTESIAN_POINT('',(4.651620456186,4.58193306611));
#1912 = CARTESIAN_POINT('',(4.639582347477,4.607729728394));
#1913 = CARTESIAN_POINT('',(4.627613025653,4.638356222847));
#1914 = CARTESIAN_POINT('',(4.607022625667,4.699636577192));
#1915 = CARTESIAN_POINT('',(4.598364642113,4.728080613635));
#1916 = CARTESIAN_POINT('',(4.589754054218,4.759043099206));
#1917 = CARTESIAN_POINT('',(4.581195323728,4.792512018215));
#1918 = CARTESIAN_POINT('',(4.572693616404,4.828494470738));
#1919 = CARTESIAN_POINT('',(4.564254893651,4.867025414962));
#1920 = CARTESIAN_POINT('',(4.555886087453,4.908182202302));
#1921 = CARTESIAN_POINT('',(4.538896224096,4.998191263672));
#1922 = CARTESIAN_POINT('',(4.530291506973,5.047278541115));
#1923 = CARTESIAN_POINT('',(4.521782479852,5.099559046088));
#1924 = CARTESIAN_POINT('',(4.513379844542,5.155290440744));
#1925 = CARTESIAN_POINT('',(4.505102789567,5.214776780499));
#1926 = CARTESIAN_POINT('',(4.496982116402,5.278479891808));
#1927 = CARTESIAN_POINT('',(4.489058096656,5.346965736275));
#1928 = CARTESIAN_POINT('',(4.476477768502,5.46921607284));
#1929 = CARTESIAN_POINT('',(4.471686773675,5.519279602228));
#1930 = CARTESIAN_POINT('',(4.467021440921,5.572061880998));
#1931 = CARTESIAN_POINT('',(4.462504103362,5.627990829759));
#1932 = CARTESIAN_POINT('',(4.458177310904,5.687464817732));
#1933 = CARTESIAN_POINT('',(4.454108719313,5.750937632367));
#1934 = CARTESIAN_POINT('',(4.450385773142,5.81885675473));
#1935 = CARTESIAN_POINT('',(4.445424326568,5.930689860945));
#1936 = CARTESIAN_POINT('',(4.443844457545,5.970756498239));
#1937 = CARTESIAN_POINT('',(4.442421364693,6.012283702625));
#1938 = CARTESIAN_POINT('',(4.441182499623,6.055235995256));
#1939 = CARTESIAN_POINT('',(4.440157607985,6.099507202298));
#1940 = CARTESIAN_POINT('',(4.439375983114,6.144907628723));
#1941 = CARTESIAN_POINT('',(4.438861517888,6.191134931105));
#1942 = CARTESIAN_POINT('',(4.438623725323,6.237715094763));
#1943 = ( GEOMETRIC_REPRESENTATION_CONTEXT(2) 
PARAMETRIC_REPRESENTATION_CONTEXT() REPRESENTATION_CONTEXT('2D SPACE',''
  ) );
#1944 = ADVANCED_FACE('',(#1945),#301,.T.);
#1945 = FACE_BOUND('',#1946,.F.);
#1946 = EDGE_LOOP('',(#1947,#1948,#1949,#1970));
#1947 = ORIENTED_EDGE('',*,*,#287,.F.);
#1948 = ORIENTED_EDGE('',*,*,#850,.T.);
#1949 = ORIENTED_EDGE('',*,*,#1950,.T.);
#1950 = EDGE_CURVE('',#818,#486,#1951,.T.);
#1951 = SURFACE_CURVE('',#1952,(#1956,#1963),.PCURVE_S1.);
#1952 = LINE('',#1953,#1954);
#1953 = CARTESIAN_POINT('',(22.35,-29.15,-8.5));
#1954 = VECTOR('',#1955,1.);
#1955 = DIRECTION('',(6.E-17,0.707106781187,-0.707106781187));
#1956 = PCURVE('',#301,#1957);
#1957 = DEFINITIONAL_REPRESENTATION('',(#1958),#1962);
#1958 = LINE('',#1959,#1960);
#1959 = CARTESIAN_POINT('',(-39.,9.50099190355E-16));
#1960 = VECTOR('',#1961,1.);
#1961 = DIRECTION('',(-3.431457505076E-18,1.));
#1962 = ( GEOMETRIC_REPRESENTATION_CONTEXT(2) 
PARAMETRIC_REPRESENTATION_CONTEXT() REPRESENTATION_CONTEXT('2D SPACE',''
  ) );
#1963 = PCURVE('',#838,#1964);
#1964 = DEFINITIONAL_REPRESENTATION('',(#1965),#1969);
#1965 = LINE('',#1966,#1967);
#1966 = CARTESIAN_POINT('',(-0.,-1.));
#1967 = VECTOR('',#1968,1.);
#1968 = DIRECTION('',(-0.,1.));
#1969 = ( GEOMETRIC_REPRESENTATION_CONTEXT(2) 
PARAMETRIC_REPRESENTATION_CONTEXT() REPRESENTATION_CONTEXT('2D SPACE',''
  ) );
#1970 = ORIENTED_EDGE('',*,*,#485,.F.);
#1971 = ADVANCED_FACE('',(#1972),#339,.F.);
#1972 = FACE_BOUND('',#1973,.F.);
#1973 = EDGE_LOOP('',(#1974,#1997,#2026,#2027));
#1974 = ORIENTED_EDGE('',*,*,#1975,.T.);
#1975 = EDGE_CURVE('',#320,#1976,#1978,.T.);
#1976 = VERTEX_POINT('',#1977);
#1977 = CARTESIAN_POINT('',(-17.25,38.85,-3.650510747871));
#1978 = SURFACE_CURVE('',#1979,(#1983,#1990),.PCURVE_S1.);
#1979 = LINE('',#1980,#1981);
#1980 = CARTESIAN_POINT('',(-17.25,38.85,-9.5));
#1981 = VECTOR('',#1982,1.);
#1982 = DIRECTION('',(0.,0.,1.));
#1983 = PCURVE('',#339,#1984);
#1984 = DEFINITIONAL_REPRESENTATION('',(#1985),#1989);
#1985 = LINE('',#1986,#1987);
#1986 = CARTESIAN_POINT('',(0.,-0.));
#1987 = VECTOR('',#1988,1.);
#1988 = DIRECTION('',(0.,-1.));
#1989 = ( GEOMETRIC_REPRESENTATION_CONTEXT(2) 
PARAMETRIC_REPRESENTATION_CONTEXT() REPRESENTATION_CONTEXT('2D SPACE',''
  ) );
#1990 = PCURVE('',#383,#1991);
#1991 = DEFINITIONAL_REPRESENTATION('',(#1992),#1996);
#1992 = LINE('',#1993,#1994);
#1993 = CARTESIAN_POINT('',(-3.994847639844,0.));
#1994 = VECTOR('',#1995,1.);
#1995 = DIRECTION('',(-0.,-1.));
#1996 = ( GEOMETRIC_REPRESENTATION_CONTEXT(2) 
PARAMETRIC_REPRESENTATION_CONTEXT() REPRESENTATION_CONTEXT('2D SPACE',''
  ) );
#1997 = ORIENTED_EDGE('',*,*,#1998,.F.);
#1998 = EDGE_CURVE('',#739,#1976,#1999,.T.);
#1999 = SURFACE_CURVE('',#2000,(#2005,#2016),.PCURVE_S1.);
#2000 = ELLIPSE('',#2001,2.500003004625,2.5);
#2001 = AXIS2_PLACEMENT_3D('',#2002,#2003,#2004);
#2002 = CARTESIAN_POINT('',(-16.74999699537,38.85,-6.1));
#2003 = DIRECTION('',(-0.,1.,0.));
#2004 = DIRECTION('',(1.,0.,0.));
#2005 = PCURVE('',#339,#2006);
#2006 = DEFINITIONAL_REPRESENTATION('',(#2007),#2015);
#2007 = ( BOUNDED_CURVE() B_SPLINE_CURVE(2,(#2008,#2009,#2010,#2011,
#2012,#2013,#2014),.UNSPECIFIED.,.T.,.F.) B_SPLINE_CURVE_WITH_KNOTS((1,2
    ,2,2,2,1),(-2.094395102393,0.,2.094395102393,4.188790204786,
6.28318530718,8.377580409573),.UNSPECIFIED.) CURVE() 
GEOMETRIC_REPRESENTATION_ITEM() RATIONAL_B_SPLINE_CURVE((1.,0.5,1.,0.5,
1.,0.5,1.)) REPRESENTATION_ITEM('') );
#2008 = CARTESIAN_POINT('',(-3.000006009251,-3.4));
#2009 = CARTESIAN_POINT('',(-3.000006009251,0.930127018922));
#2010 = CARTESIAN_POINT('',(0.749998497687,-1.234936490539));
#2011 = CARTESIAN_POINT('',(4.500003004625,-3.4));
#2012 = CARTESIAN_POINT('',(0.749998497687,-5.565063509461));
#2013 = CARTESIAN_POINT('',(-3.000006009251,-7.730127018922));
#2014 = CARTESIAN_POINT('',(-3.000006009251,-3.4));
#2015 = ( GEOMETRIC_REPRESENTATION_CONTEXT(2) 
PARAMETRIC_REPRESENTATION_CONTEXT() REPRESENTATION_CONTEXT('2D SPACE',''
  ) );
#2016 = PCURVE('',#671,#2017);
#2017 = DEFINITIONAL_REPRESENTATION('',(#2018),#2025);
#2018 = B_SPLINE_CURVE_WITH_KNOTS('',5,(#2019,#2020,#2021,#2022,#2023,
    #2024),.UNSPECIFIED.,.F.,.F.,(6,6),(3.14159265359,4.511030078289),
  .PIECEWISE_BEZIER_KNOTS.);
#2019 = CARTESIAN_POINT('',(0.,7.11E-15));
#2020 = CARTESIAN_POINT('',(-0.27388748494,7.11E-15));
#2021 = CARTESIAN_POINT('',(-0.54777496988,3.628179830814E-04));
#2022 = CARTESIAN_POINT('',(-0.821662454819,1.092648722865E-03));
#2023 = CARTESIAN_POINT('',(-1.095549939759,2.060640535901E-03));
#2024 = CARTESIAN_POINT('',(-1.369437424699,3.100771467146E-03));
#2025 = ( GEOMETRIC_REPRESENTATION_CONTEXT(2) 
PARAMETRIC_REPRESENTATION_CONTEXT() REPRESENTATION_CONTEXT('2D SPACE',''
  ) );
#2026 = ORIENTED_EDGE('',*,*,#738,.F.);
#2027 = ORIENTED_EDGE('',*,*,#317,.T.);
#2028 = ADVANCED_FACE('',(#2029),#383,.F.);
#2029 = FACE_BOUND('',#2030,.T.);
#2030 = EDGE_LOOP('',(#2031,#2032,#2076,#2105,#2133,#2155));
#2031 = ORIENTED_EDGE('',*,*,#1975,.T.);
#2032 = ORIENTED_EDGE('',*,*,#2033,.T.);
#2033 = EDGE_CURVE('',#1976,#2034,#2036,.T.);
#2034 = VERTEX_POINT('',#2035);
#2035 = CARTESIAN_POINT('',(-16.74938810838,38.457267888489,-3.6));
#2036 = SURFACE_CURVE('',#2037,(#2052,#2064),.PCURVE_S1.);
#2037 = B_SPLINE_CURVE_WITH_KNOTS('',7,(#2038,#2039,#2040,#2041,#2042,
    #2043,#2044,#2045,#2046,#2047,#2048,#2049,#2050,#2051),
  .UNSPECIFIED.,.F.,.F.,(8,6,8),(0.,0.680281564549,1.),.UNSPECIFIED.);
#2038 = CARTESIAN_POINT('',(-18.47294279384,40.314389118275,
    -4.286361891382));
#2039 = CARTESIAN_POINT('',(-18.35993844222,40.125153523379,
    -4.179428475306));
#2040 = CARTESIAN_POINT('',(-18.23643694718,39.936511082855,
    -4.078062127882));
#2041 = CARTESIAN_POINT('',(-18.10164209396,39.748576511367,
    -3.982873573748));
#2042 = CARTESIAN_POINT('',(-17.95471788634,39.561766148459,
    -3.894999225675));
#2043 = CARTESIAN_POINT('',(-17.7948346844,39.376803628881,
    -3.81611312545));
#2044 = CARTESIAN_POINT('',(-17.62125553951,39.194683975891,
    -3.748417471404));
#2045 = CARTESIAN_POINT('',(-17.34483813797,38.932882076639,
    -3.670034345037));
#2046 = CARTESIAN_POINT('',(-17.25332238732,38.850118872011,
    -3.648164041977));
#2047 = CARTESIAN_POINT('',(-17.15861882003,38.768439347772,
    -3.629815390093));
#2048 = CARTESIAN_POINT('',(-17.06073818314,38.688045255576,
    -3.615375337195));
#2049 = CARTESIAN_POINT('',(-16.95976516127,38.609188121548,
    -3.605280832877));
#2050 = CARTESIAN_POINT('',(-16.85588024874,38.53215784598,-3.6));
#2051 = CARTESIAN_POINT('',(-16.74938810838,38.457267888489,-3.6));
#2052 = PCURVE('',#383,#2053);
#2053 = DEFINITIONAL_REPRESENTATION('',(#2054),#2063);
#2054 = B_SPLINE_CURVE_WITH_KNOTS('',7,(#2055,#2056,#2057,#2058,#2059,
    #2060,#2061,#2062),.UNSPECIFIED.,.F.,.F.,(8,8),(0.772143281492,1.),
  .PIECEWISE_BEZIER_KNOTS.);
#2055 = CARTESIAN_POINT('',(-3.994847639999,-5.849489249637));
#2056 = CARTESIAN_POINT('',(-4.00943584663,-5.863119099571));
#2057 = CARTESIAN_POINT('',(-4.024157160326,-5.874864380524));
#2058 = CARTESIAN_POINT('',(-4.039007344775,-5.884583472545));
#2059 = CARTESIAN_POINT('',(-4.053978840601,-5.892122509981));
#2060 = CARTESIAN_POINT('',(-4.06906050838,-5.897317802567));
#2061 = CARTESIAN_POINT('',(-4.084237200124,-5.9));
#2062 = CARTESIAN_POINT('',(-4.099489159221,-5.9));
#2063 = ( GEOMETRIC_REPRESENTATION_CONTEXT(2) 
PARAMETRIC_REPRESENTATION_CONTEXT() REPRESENTATION_CONTEXT('2D SPACE',''
  ) );
#2064 = PCURVE('',#671,#2065);
#2065 = DEFINITIONAL_REPRESENTATION('',(#2066),#2075);
#2066 = B_SPLINE_CURVE_WITH_KNOTS('',7,(#2067,#2068,#2069,#2070,#2071,
    #2072,#2073,#2074),.UNSPECIFIED.,.F.,.F.,(8,8),(0.772143281492,1.),
  .PIECEWISE_BEZIER_KNOTS.);
#2067 = CARTESIAN_POINT('',(-1.369437425465,3.100771236365E-03));
#2068 = CARTESIAN_POINT('',(-1.39669701358,6.155718782838E-02));
#2069 = CARTESIAN_POINT('',(-1.424434529791,0.119410548157));
#2070 = CARTESIAN_POINT('',(-1.452667835856,0.176586234921));
#2071 = CARTESIAN_POINT('',(-1.481411629356,0.232996694708));
#2072 = CARTESIAN_POINT('',(-1.510677183262,0.288543261492));
#2073 = CARTESIAN_POINT('',(-1.540471563829,0.343118426228));
#2074 = CARTESIAN_POINT('',(-1.570796326795,0.396608552508));
#2075 = ( GEOMETRIC_REPRESENTATION_CONTEXT(2) 
PARAMETRIC_REPRESENTATION_CONTEXT() REPRESENTATION_CONTEXT('2D SPACE',''
  ) );
#2076 = ORIENTED_EDGE('',*,*,#2077,.T.);
#2077 = EDGE_CURVE('',#2034,#2078,#2080,.T.);
#2078 = VERTEX_POINT('',#2079);
#2079 = CARTESIAN_POINT('',(-13.25,37.35,-3.6));
#2080 = SURFACE_CURVE('',#2081,(#2086,#2093),.PCURVE_S1.);
#2081 = CIRCLE('',#2082,6.083333333333);
#2082 = AXIS2_PLACEMENT_3D('',#2083,#2084,#2085);
#2083 = CARTESIAN_POINT('',(-13.25,43.433333333333,-3.6));
#2084 = DIRECTION('',(0.,0.,1.));
#2085 = DIRECTION('',(1.,0.,0.));
#2086 = PCURVE('',#383,#2087);
#2087 = DEFINITIONAL_REPRESENTATION('',(#2088),#2092);
#2088 = LINE('',#2089,#2090);
#2089 = CARTESIAN_POINT('',(-0.,-5.9));
#2090 = VECTOR('',#2091,1.);
#2091 = DIRECTION('',(-1.,0.));
#2092 = ( GEOMETRIC_REPRESENTATION_CONTEXT(2) 
PARAMETRIC_REPRESENTATION_CONTEXT() REPRESENTATION_CONTEXT('2D SPACE',''
  ) );
#2093 = PCURVE('',#2094,#2099);
#2094 = PLANE('',#2095);
#2095 = AXIS2_PLACEMENT_3D('',#2096,#2097,#2098);
#2096 = CARTESIAN_POINT('',(2.85,6.474366065403,-3.6));
#2097 = DIRECTION('',(0.,0.,1.));
#2098 = DIRECTION('',(1.,0.,0.));
#2099 = DEFINITIONAL_REPRESENTATION('',(#2100),#2104);
#2100 = CIRCLE('',#2101,6.083333333333);
#2101 = AXIS2_PLACEMENT_2D('',#2102,#2103);
#2102 = CARTESIAN_POINT('',(-16.1,36.95896726793));
#2103 = DIRECTION('',(1.,0.));
#2104 = ( GEOMETRIC_REPRESENTATION_CONTEXT(2) 
PARAMETRIC_REPRESENTATION_CONTEXT() REPRESENTATION_CONTEXT('2D SPACE',''
  ) );
#2105 = ORIENTED_EDGE('',*,*,#2106,.F.);
#2106 = EDGE_CURVE('',#2107,#2078,#2109,.T.);
#2107 = VERTEX_POINT('',#2108);
#2108 = CARTESIAN_POINT('',(-13.25,37.35,-9.5));
#2109 = SURFACE_CURVE('',#2110,(#2114,#2121),.PCURVE_S1.);
#2110 = LINE('',#2111,#2112);
#2111 = CARTESIAN_POINT('',(-13.25,37.35,-9.5));
#2112 = VECTOR('',#2113,1.);
#2113 = DIRECTION('',(0.,0.,1.));
#2114 = PCURVE('',#383,#2115);
#2115 = DEFINITIONAL_REPRESENTATION('',(#2116),#2120);
#2116 = LINE('',#2117,#2118);
#2117 = CARTESIAN_POINT('',(-4.712388980385,0.));
#2118 = VECTOR('',#2119,1.);
#2119 = DIRECTION('',(-0.,-1.));
#2120 = ( GEOMETRIC_REPRESENTATION_CONTEXT(2) 
PARAMETRIC_REPRESENTATION_CONTEXT() REPRESENTATION_CONTEXT('2D SPACE',''
  ) );
#2121 = PCURVE('',#2122,#2127);
#2122 = PLANE('',#2123);
#2123 = AXIS2_PLACEMENT_3D('',#2124,#2125,#2126);
#2124 = CARTESIAN_POINT('',(18.95,37.35,-9.5));
#2125 = DIRECTION('',(0.,-1.,0.));
#2126 = DIRECTION('',(-1.,0.,0.));
#2127 = DEFINITIONAL_REPRESENTATION('',(#2128),#2132);
#2128 = LINE('',#2129,#2130);
#2129 = CARTESIAN_POINT('',(32.2,0.));
#2130 = VECTOR('',#2131,1.);
#2131 = DIRECTION('',(0.,-1.));
#2132 = ( GEOMETRIC_REPRESENTATION_CONTEXT(2) 
PARAMETRIC_REPRESENTATION_CONTEXT() REPRESENTATION_CONTEXT('2D SPACE',''
  ) );
#2133 = ORIENTED_EDGE('',*,*,#2134,.F.);
#2134 = EDGE_CURVE('',#352,#2107,#2135,.T.);
#2135 = SURFACE_CURVE('',#2136,(#2141,#2148),.PCURVE_S1.);
#2136 = CIRCLE('',#2137,6.083333333333);
#2137 = AXIS2_PLACEMENT_3D('',#2138,#2139,#2140);
#2138 = CARTESIAN_POINT('',(-13.25,43.433333333333,-9.5));
#2139 = DIRECTION('',(0.,0.,1.));
#2140 = DIRECTION('',(1.,0.,0.));
#2141 = PCURVE('',#383,#2142);
#2142 = DEFINITIONAL_REPRESENTATION('',(#2143),#2147);
#2143 = LINE('',#2144,#2145);
#2144 = CARTESIAN_POINT('',(-0.,0.));
#2145 = VECTOR('',#2146,1.);
#2146 = DIRECTION('',(-1.,0.));
#2147 = ( GEOMETRIC_REPRESENTATION_CONTEXT(2) 
PARAMETRIC_REPRESENTATION_CONTEXT() REPRESENTATION_CONTEXT('2D SPACE',''
  ) );
#2148 = PCURVE('',#416,#2149);
#2149 = DEFINITIONAL_REPRESENTATION('',(#2150),#2154);
#2150 = CIRCLE('',#2151,6.083333333333);
#2151 = AXIS2_PLACEMENT_2D('',#2152,#2153);
#2152 = CARTESIAN_POINT('',(-16.1,36.95896726793));
#2153 = DIRECTION('',(1.,0.));
#2154 = ( GEOMETRIC_REPRESENTATION_CONTEXT(2) 
PARAMETRIC_REPRESENTATION_CONTEXT() REPRESENTATION_CONTEXT('2D SPACE',''
  ) );
#2155 = ORIENTED_EDGE('',*,*,#351,.F.);
#2156 = ADVANCED_FACE('',(#2157),#416,.F.);
#2157 = FACE_BOUND('',#2158,.F.);
#2158 = EDGE_LOOP('',(#2159,#2160,#2183,#2212,#2233,#2234));
#2159 = ORIENTED_EDGE('',*,*,#574,.T.);
#2160 = ORIENTED_EDGE('',*,*,#2161,.T.);
#2161 = EDGE_CURVE('',#537,#2162,#2164,.T.);
#2162 = VERTEX_POINT('',#2163);
#2163 = CARTESIAN_POINT('',(22.44938810838,38.457267888489,-9.5));
#2164 = SURFACE_CURVE('',#2165,(#2169,#2176),.PCURVE_S1.);
#2165 = LINE('',#2166,#2167);
#2166 = CARTESIAN_POINT('',(22.350003004622,-25.64612403566,-9.5));
#2167 = VECTOR('',#2168,1.);
#2168 = DIRECTION('',(1.550385733568E-03,0.999998798151,0.));
#2169 = PCURVE('',#416,#2170);
#2170 = DEFINITIONAL_REPRESENTATION('',(#2171),#2175);
#2171 = LINE('',#2172,#2173);
#2172 = CARTESIAN_POINT('',(19.500003004622,-32.12049010106));
#2173 = VECTOR('',#2174,1.);
#2174 = DIRECTION('',(1.550385733568E-03,0.999998798151));
#2175 = ( GEOMETRIC_REPRESENTATION_CONTEXT(2) 
PARAMETRIC_REPRESENTATION_CONTEXT() REPRESENTATION_CONTEXT('2D SPACE',''
  ) );
#2176 = PCURVE('',#559,#2177);
#2177 = DEFINITIONAL_REPRESENTATION('',(#2178),#2182);
#2178 = LINE('',#2179,#2180);
#2179 = CARTESIAN_POINT('',(1.570796326795,0.));
#2180 = VECTOR('',#2181,1.);
#2181 = DIRECTION('',(0.,1.));
#2182 = ( GEOMETRIC_REPRESENTATION_CONTEXT(2) 
PARAMETRIC_REPRESENTATION_CONTEXT() REPRESENTATION_CONTEXT('2D SPACE',''
  ) );
#2183 = ORIENTED_EDGE('',*,*,#2184,.F.);
#2184 = EDGE_CURVE('',#2185,#2162,#2187,.T.);
#2185 = VERTEX_POINT('',#2186);
#2186 = CARTESIAN_POINT('',(18.95,37.35,-9.5));
#2187 = SURFACE_CURVE('',#2188,(#2193,#2200),.PCURVE_S1.);
#2188 = CIRCLE('',#2189,6.083333333333);
#2189 = AXIS2_PLACEMENT_3D('',#2190,#2191,#2192);
#2190 = CARTESIAN_POINT('',(18.95,43.433333333333,-9.5));
#2191 = DIRECTION('',(0.,0.,1.));
#2192 = DIRECTION('',(1.,0.,0.));
#2193 = PCURVE('',#416,#2194);
#2194 = DEFINITIONAL_REPRESENTATION('',(#2195),#2199);
#2195 = CIRCLE('',#2196,6.083333333333);
#2196 = AXIS2_PLACEMENT_2D('',#2197,#2198);
#2197 = CARTESIAN_POINT('',(16.1,36.95896726793));
#2198 = DIRECTION('',(1.,0.));
#2199 = ( GEOMETRIC_REPRESENTATION_CONTEXT(2) 
PARAMETRIC_REPRESENTATION_CONTEXT() REPRESENTATION_CONTEXT('2D SPACE',''
  ) );
#2200 = PCURVE('',#2201,#2206);
#2201 = CYLINDRICAL_SURFACE('',#2202,6.083333333333);
#2202 = AXIS2_PLACEMENT_3D('',#2203,#2204,#2205);
#2203 = CARTESIAN_POINT('',(18.95,43.433333333333,-9.5));
#2204 = DIRECTION('',(-0.,-0.,-1.));
#2205 = DIRECTION('',(1.,0.,0.));
#2206 = DEFINITIONAL_REPRESENTATION('',(#2207),#2211);
#2207 = LINE('',#2208,#2209);
#2208 = CARTESIAN_POINT('',(-0.,0.));
#2209 = VECTOR('',#2210,1.);
#2210 = DIRECTION('',(-1.,0.));
#2211 = ( GEOMETRIC_REPRESENTATION_CONTEXT(2) 
PARAMETRIC_REPRESENTATION_CONTEXT() REPRESENTATION_CONTEXT('2D SPACE',''
  ) );
#2212 = ORIENTED_EDGE('',*,*,#2213,.T.);
#2213 = EDGE_CURVE('',#2185,#2107,#2214,.T.);
#2214 = SURFACE_CURVE('',#2215,(#2219,#2226),.PCURVE_S1.);
#2215 = LINE('',#2216,#2217);
#2216 = CARTESIAN_POINT('',(18.95,37.35,-9.5));
#2217 = VECTOR('',#2218,1.);
#2218 = DIRECTION('',(-1.,0.,0.));
#2219 = PCURVE('',#416,#2220);
#2220 = DEFINITIONAL_REPRESENTATION('',(#2221),#2225);
#2221 = LINE('',#2222,#2223);
#2222 = CARTESIAN_POINT('',(16.1,30.875633934597));
#2223 = VECTOR('',#2224,1.);
#2224 = DIRECTION('',(-1.,0.));
#2225 = ( GEOMETRIC_REPRESENTATION_CONTEXT(2) 
PARAMETRIC_REPRESENTATION_CONTEXT() REPRESENTATION_CONTEXT('2D SPACE',''
  ) );
#2226 = PCURVE('',#2122,#2227);
#2227 = DEFINITIONAL_REPRESENTATION('',(#2228),#2232);
#2228 = LINE('',#2229,#2230);
#2229 = CARTESIAN_POINT('',(0.,-0.));
#2230 = VECTOR('',#2231,1.);
#2231 = DIRECTION('',(1.,0.));
#2232 = ( GEOMETRIC_REPRESENTATION_CONTEXT(2) 
PARAMETRIC_REPRESENTATION_CONTEXT() REPRESENTATION_CONTEXT('2D SPACE',''
  ) );
#2233 = ORIENTED_EDGE('',*,*,#2134,.F.);
#2234 = ORIENTED_EDGE('',*,*,#400,.T.);
#2235 = ADVANCED_FACE('',(#2236),#524,.T.);
#2236 = FACE_BOUND('',#2237,.F.);
#2237 = EDGE_LOOP('',(#2238,#2239,#2263,#2291));
#2238 = ORIENTED_EDGE('',*,*,#508,.T.);
#2239 = ORIENTED_EDGE('',*,*,#2240,.T.);
#2240 = EDGE_CURVE('',#486,#2241,#2243,.T.);
#2241 = VERTEX_POINT('',#2242);
#2242 = CARTESIAN_POINT('',(24.85,-28.15,-7.));
#2243 = SURFACE_CURVE('',#2244,(#2249,#2256),.PCURVE_S1.);
#2244 = CIRCLE('',#2245,2.5);
#2245 = AXIS2_PLACEMENT_3D('',#2246,#2247,#2248);
#2246 = CARTESIAN_POINT('',(22.35,-28.15,-7.));
#2247 = DIRECTION('',(-5.E-17,-1.,3.E-16));
#2248 = DIRECTION('',(0.,-3.E-16,-1.));
#2249 = PCURVE('',#524,#2250);
#2250 = DEFINITIONAL_REPRESENTATION('',(#2251),#2255);
#2251 = LINE('',#2252,#2253);
#2252 = CARTESIAN_POINT('',(-4.712388980385,-2.5));
#2253 = VECTOR('',#2254,1.);
#2254 = DIRECTION('',(-1.,0.));
#2255 = ( GEOMETRIC_REPRESENTATION_CONTEXT(2) 
PARAMETRIC_REPRESENTATION_CONTEXT() REPRESENTATION_CONTEXT('2D SPACE',''
  ) );
#2256 = PCURVE('',#838,#2257);
#2257 = DEFINITIONAL_REPRESENTATION('',(#2258),#2262);
#2258 = LINE('',#2259,#2260);
#2259 = CARTESIAN_POINT('',(-0.,0.));
#2260 = VECTOR('',#2261,1.);
#2261 = DIRECTION('',(-1.,0.));
#2262 = ( GEOMETRIC_REPRESENTATION_CONTEXT(2) 
PARAMETRIC_REPRESENTATION_CONTEXT() REPRESENTATION_CONTEXT('2D SPACE',''
  ) );
#2263 = ORIENTED_EDGE('',*,*,#2264,.F.);
#2264 = EDGE_CURVE('',#2265,#2241,#2267,.T.);
#2265 = VERTEX_POINT('',#2266);
#2266 = CARTESIAN_POINT('',(24.85,-25.65,-7.));
#2267 = SURFACE_CURVE('',#2268,(#2272,#2279),.PCURVE_S1.);
#2268 = LINE('',#2269,#2270);
#2269 = CARTESIAN_POINT('',(24.85,-25.65,-7.));
#2270 = VECTOR('',#2271,1.);
#2271 = DIRECTION('',(-8.E-17,-1.,2.2E-16));
#2272 = PCURVE('',#524,#2273);
#2273 = DEFINITIONAL_REPRESENTATION('',(#2274),#2278);
#2274 = LINE('',#2275,#2276);
#2275 = CARTESIAN_POINT('',(-6.28318530718,0.));
#2276 = VECTOR('',#2277,1.);
#2277 = DIRECTION('',(-0.,-1.));
#2278 = ( GEOMETRIC_REPRESENTATION_CONTEXT(2) 
PARAMETRIC_REPRESENTATION_CONTEXT() REPRESENTATION_CONTEXT('2D SPACE',''
  ) );
#2279 = PCURVE('',#2280,#2285);
#2280 = PLANE('',#2281);
#2281 = AXIS2_PLACEMENT_3D('',#2282,#2283,#2284);
#2282 = CARTESIAN_POINT('',(24.85,-25.65,-7.));
#2283 = DIRECTION('',(-1.,8.E-17,0.));
#2284 = DIRECTION('',(1.76E-32,2.2E-16,1.));
#2285 = DEFINITIONAL_REPRESENTATION('',(#2286),#2290);
#2286 = LINE('',#2287,#2288);
#2287 = CARTESIAN_POINT('',(0.,0.));
#2288 = VECTOR('',#2289,1.);
#2289 = DIRECTION('',(0.,-1.));
#2290 = ( GEOMETRIC_REPRESENTATION_CONTEXT(2) 
PARAMETRIC_REPRESENTATION_CONTEXT() REPRESENTATION_CONTEXT('2D SPACE',''
  ) );
#2291 = ORIENTED_EDGE('',*,*,#2292,.T.);
#2292 = EDGE_CURVE('',#2265,#509,#2293,.T.);
#2293 = SURFACE_CURVE('',#2294,(#2299,#2305),.PCURVE_S1.);
#2294 = ELLIPSE('',#2295,2.500003004625,2.5);
#2295 = AXIS2_PLACEMENT_3D('',#2296,#2297,#2298);
#2296 = CARTESIAN_POINT('',(22.349996995375,-25.65,-7.));
#2297 = DIRECTION('',(8.E-17,1.,0.));
#2298 = DIRECTION('',(1.,-8.E-17,0.));
#2299 = PCURVE('',#524,#2300);
#2300 = DEFINITIONAL_REPRESENTATION('',(#2301),#2304);
#2301 = B_SPLINE_CURVE_WITH_KNOTS('',1,(#2302,#2303),.UNSPECIFIED.,.F.,
  .F.,(2,2),(0.,1.570795124946),.PIECEWISE_BEZIER_KNOTS.);
#2302 = CARTESIAN_POINT('',(-6.28318530718,0.));
#2303 = CARTESIAN_POINT('',(-4.712388980385,0.));
#2304 = ( GEOMETRIC_REPRESENTATION_CONTEXT(2) 
PARAMETRIC_REPRESENTATION_CONTEXT() REPRESENTATION_CONTEXT('2D SPACE',''
  ) );
#2305 = PCURVE('',#559,#2306);
#2306 = DEFINITIONAL_REPRESENTATION('',(#2307),#2314);
#2307 = B_SPLINE_CURVE_WITH_KNOTS('',5,(#2308,#2309,#2310,#2311,#2312,
    #2313),.UNSPECIFIED.,.F.,.F.,(6,6),(0.,1.570796326795),
  .PIECEWISE_BEZIER_KNOTS.);
#2308 = CARTESIAN_POINT('',(0.,7.11E-15));
#2309 = CARTESIAN_POINT('',(0.314159265359,7.11E-15));
#2310 = CARTESIAN_POINT('',(0.628318530678,-4.768614085882E-04));
#2311 = CARTESIAN_POINT('',(0.942477796062,-1.439523723708E-03));
#2312 = CARTESIAN_POINT('',(1.256637061436,-2.658297421085E-03));
#2313 = CARTESIAN_POINT('',(1.570796326795,-3.875968992244E-03));
#2314 = ( GEOMETRIC_REPRESENTATION_CONTEXT(2) 
PARAMETRIC_REPRESENTATION_CONTEXT() REPRESENTATION_CONTEXT('2D SPACE',''
  ) );
#2315 = ADVANCED_FACE('',(#2316),#559,.T.);
#2316 = FACE_BOUND('',#2317,.T.);
#2317 = EDGE_LOOP('',(#2318,#2356,#2382,#2383,#2384,#2385));
#2318 = ORIENTED_EDGE('',*,*,#2319,.F.);
#2319 = EDGE_CURVE('',#2320,#2322,#2324,.T.);
#2320 = VERTEX_POINT('',#2321);
#2321 = CARTESIAN_POINT('',(24.95,38.85,-7.));
#2322 = VERTEX_POINT('',#2323);
#2323 = CARTESIAN_POINT('',(22.95,38.85,-9.449489252129));
#2324 = SURFACE_CURVE('',#2325,(#2330,#2340),.PCURVE_S1.);
#2325 = ELLIPSE('',#2326,2.500003004625,2.5);
#2326 = AXIS2_PLACEMENT_3D('',#2327,#2328,#2329);
#2327 = CARTESIAN_POINT('',(22.449996995375,38.85,-7.));
#2328 = DIRECTION('',(-2.487E-14,1.,0.));
#2329 = DIRECTION('',(1.,2.487E-14,0.));
#2330 = PCURVE('',#559,#2331);
#2331 = DEFINITIONAL_REPRESENTATION('',(#2332),#2339);
#2332 = B_SPLINE_CURVE_WITH_KNOTS('',5,(#2333,#2334,#2335,#2336,#2337,
    #2338),.UNSPECIFIED.,.F.,.F.,(6,6),(0.,1.369437424699),
  .PIECEWISE_BEZIER_KNOTS.);
#2333 = CARTESIAN_POINT('',(0.,64.500077519333));
#2334 = CARTESIAN_POINT('',(0.27388748494,64.500077519333));
#2335 = CARTESIAN_POINT('',(0.54777496988,64.49971470135));
#2336 = CARTESIAN_POINT('',(0.821662454819,64.498984870611));
#2337 = CARTESIAN_POINT('',(1.095549939759,64.498016878797));
#2338 = CARTESIAN_POINT('',(1.369437424699,64.496976747866));
#2339 = ( GEOMETRIC_REPRESENTATION_CONTEXT(2) 
PARAMETRIC_REPRESENTATION_CONTEXT() REPRESENTATION_CONTEXT('2D SPACE',''
  ) );
#2340 = PCURVE('',#2341,#2346);
#2341 = PLANE('',#2342);
#2342 = AXIS2_PLACEMENT_3D('',#2343,#2344,#2345);
#2343 = CARTESIAN_POINT('',(24.95,38.85,-9.5));
#2344 = DIRECTION('',(2.487E-14,-1.,0.));
#2345 = DIRECTION('',(-1.,-2.487E-14,0.));
#2346 = DEFINITIONAL_REPRESENTATION('',(#2347),#2355);
#2347 = ( BOUNDED_CURVE() B_SPLINE_CURVE(2,(#2348,#2349,#2350,#2351,
#2352,#2353,#2354),.UNSPECIFIED.,.T.,.F.) B_SPLINE_CURVE_WITH_KNOTS((1,2
    ,2,2,2,1),(-2.094395102393,0.,2.094395102393,4.188790204786,
6.28318530718,8.377580409573),.UNSPECIFIED.) CURVE() 
GEOMETRIC_REPRESENTATION_ITEM() RATIONAL_B_SPLINE_CURVE((1.,0.5,1.,0.5,
1.,0.5,1.)) REPRESENTATION_ITEM('') );
#2348 = CARTESIAN_POINT('',(-3.552713678801E-15,-2.5));
#2349 = CARTESIAN_POINT('',(-3.552713678801E-15,1.830127018922));
#2350 = CARTESIAN_POINT('',(3.750004506938,-0.334936490539));
#2351 = CARTESIAN_POINT('',(7.500009013876,-2.5));
#2352 = CARTESIAN_POINT('',(3.750004506938,-4.665063509461));
#2353 = CARTESIAN_POINT('',(4.440892098501E-16,-6.830127018922));
#2354 = CARTESIAN_POINT('',(-3.552713678801E-15,-2.5));
#2355 = ( GEOMETRIC_REPRESENTATION_CONTEXT(2) 
PARAMETRIC_REPRESENTATION_CONTEXT() REPRESENTATION_CONTEXT('2D SPACE',''
  ) );
#2356 = ORIENTED_EDGE('',*,*,#2357,.F.);
#2357 = EDGE_CURVE('',#2265,#2320,#2358,.T.);
#2358 = SURFACE_CURVE('',#2359,(#2363,#2370),.PCURVE_S1.);
#2359 = LINE('',#2360,#2361);
#2360 = CARTESIAN_POINT('',(24.85,-25.65,-7.));
#2361 = VECTOR('',#2362,1.);
#2362 = DIRECTION('',(1.550385733568E-03,0.999998798151,0.));
#2363 = PCURVE('',#559,#2364);
#2364 = DEFINITIONAL_REPRESENTATION('',(#2365),#2369);
#2365 = LINE('',#2366,#2367);
#2366 = CARTESIAN_POINT('',(0.,0.));
#2367 = VECTOR('',#2368,1.);
#2368 = DIRECTION('',(0.,1.));
#2369 = ( GEOMETRIC_REPRESENTATION_CONTEXT(2) 
PARAMETRIC_REPRESENTATION_CONTEXT() REPRESENTATION_CONTEXT('2D SPACE',''
  ) );
#2370 = PCURVE('',#2371,#2376);
#2371 = PLANE('',#2372);
#2372 = AXIS2_PLACEMENT_3D('',#2373,#2374,#2375);
#2373 = CARTESIAN_POINT('',(24.85,-25.65,-9.5));
#2374 = DIRECTION('',(-0.999998798151,1.550385733568E-03,0.));
#2375 = DIRECTION('',(1.550385733568E-03,0.999998798151,0.));
#2376 = DEFINITIONAL_REPRESENTATION('',(#2377),#2381);
#2377 = LINE('',#2378,#2379);
#2378 = CARTESIAN_POINT('',(0.,-2.5));
#2379 = VECTOR('',#2380,1.);
#2380 = DIRECTION('',(1.,0.));
#2381 = ( GEOMETRIC_REPRESENTATION_CONTEXT(2) 
PARAMETRIC_REPRESENTATION_CONTEXT() REPRESENTATION_CONTEXT('2D SPACE',''
  ) );
#2382 = ORIENTED_EDGE('',*,*,#2292,.T.);
#2383 = ORIENTED_EDGE('',*,*,#536,.T.);
#2384 = ORIENTED_EDGE('',*,*,#2161,.T.);
#2385 = ORIENTED_EDGE('',*,*,#2386,.F.);
#2386 = EDGE_CURVE('',#2322,#2162,#2387,.T.);
#2387 = SURFACE_CURVE('',#2388,(#2403,#2415),.PCURVE_S1.);
#2388 = B_SPLINE_CURVE_WITH_KNOTS('',7,(#2389,#2390,#2391,#2392,#2393,
    #2394,#2395,#2396,#2397,#2398,#2399,#2400,#2401,#2402),
  .UNSPECIFIED.,.F.,.F.,(8,6,8),(0.,0.680281564548,1.),.UNSPECIFIED.);
#2389 = CARTESIAN_POINT('',(24.172942793847,40.314389118275,
    -8.813638108618));
#2390 = CARTESIAN_POINT('',(24.059938442224,40.125153523379,
    -8.920571524694));
#2391 = CARTESIAN_POINT('',(23.936436947184,39.936511082855,
    -9.021937872118));
#2392 = CARTESIAN_POINT('',(23.801642093961,39.748576511366,
    -9.117126426252));
#2393 = CARTESIAN_POINT('',(23.654717886347,39.561766148459,
    -9.205000774325));
#2394 = CARTESIAN_POINT('',(23.494834684402,39.376803628881,
    -9.28388687455));
#2395 = CARTESIAN_POINT('',(23.32125553951,39.194683975891,
    -9.351582528596));
#2396 = CARTESIAN_POINT('',(23.044838137977,38.932882076639,
    -9.429965654963));
#2397 = CARTESIAN_POINT('',(22.953322387328,38.850118872011,
    -9.451835958023));
#2398 = CARTESIAN_POINT('',(22.858618820039,38.768439347772,
    -9.470184609907));
#2399 = CARTESIAN_POINT('',(22.760738183147,38.688045255575,
    -9.484624662805));
#2400 = CARTESIAN_POINT('',(22.659765161277,38.609188121548,
    -9.494719167123));
#2401 = CARTESIAN_POINT('',(22.555880248747,38.53215784598,-9.5));
#2402 = CARTESIAN_POINT('',(22.44938810838,38.457267888489,-9.5));
#2403 = PCURVE('',#559,#2404);
#2404 = DEFINITIONAL_REPRESENTATION('',(#2405),#2414);
#2405 = B_SPLINE_CURVE_WITH_KNOTS('',7,(#2406,#2407,#2408,#2409,#2410,
    #2411,#2412,#2413),.UNSPECIFIED.,.F.,.F.,(8,8),(0.772143281492,1.),
  .PIECEWISE_BEZIER_KNOTS.);
#2406 = CARTESIAN_POINT('',(1.369437425465,64.496976748097));
#2407 = CARTESIAN_POINT('',(1.39669701358,64.438520331505));
#2408 = CARTESIAN_POINT('',(1.424434529791,64.380666971176));
#2409 = CARTESIAN_POINT('',(1.452667835856,64.323491284412));
#2410 = CARTESIAN_POINT('',(1.481411629356,64.267080824626));
#2411 = CARTESIAN_POINT('',(1.510677183262,64.211534257841));
#2412 = CARTESIAN_POINT('',(1.540471563829,64.156959093105));
#2413 = CARTESIAN_POINT('',(1.570796326795,64.103468966825));
#2414 = ( GEOMETRIC_REPRESENTATION_CONTEXT(2) 
PARAMETRIC_REPRESENTATION_CONTEXT() REPRESENTATION_CONTEXT('2D SPACE',''
  ) );
#2415 = PCURVE('',#2201,#2416);
#2416 = DEFINITIONAL_REPRESENTATION('',(#2417),#2426);
#2417 = B_SPLINE_CURVE_WITH_KNOTS('',7,(#2418,#2419,#2420,#2421,#2422,
    #2423,#2424,#2425),.UNSPECIFIED.,.F.,.F.,(8,8),(0.772143281492,1.),
  .PIECEWISE_BEZIER_KNOTS.);
#2418 = CARTESIAN_POINT('',(-5.42993032077,-5.051075036295E-02));
#2419 = CARTESIAN_POINT('',(-5.41534211414,-3.688090042873E-02));
#2420 = CARTESIAN_POINT('',(-5.400620800443,-2.513561947602E-02));
#2421 = CARTESIAN_POINT('',(-5.385770615994,-1.541652745544E-02));
#2422 = CARTESIAN_POINT('',(-5.370799120168,-7.877490019302E-03));
#2423 = CARTESIAN_POINT('',(-5.355717452389,-2.68219743301E-03));
#2424 = CARTESIAN_POINT('',(-5.340540760646,4.12E-15));
#2425 = CARTESIAN_POINT('',(-5.325288801549,2.22E-15));
#2426 = ( GEOMETRIC_REPRESENTATION_CONTEXT(2) 
PARAMETRIC_REPRESENTATION_CONTEXT() REPRESENTATION_CONTEXT('2D SPACE',''
  ) );
#2427 = ADVANCED_FACE('',(#2428),#617,.F.);
#2428 = FACE_BOUND('',#2429,.F.);
#2429 = EDGE_LOOP('',(#2430,#2460,#2481,#2482,#2515,#2538));
#2430 = ORIENTED_EDGE('',*,*,#2431,.T.);
#2431 = EDGE_CURVE('',#2432,#2434,#2436,.T.);
#2432 = VERTEX_POINT('',#2433);
#2433 = CARTESIAN_POINT('',(22.35,-25.65,-3.6));
#2434 = VERTEX_POINT('',#2435);
#2435 = CARTESIAN_POINT('',(22.35,-28.15,-3.6));
#2436 = SURFACE_CURVE('',#2437,(#2441,#2448),.PCURVE_S1.);
#2437 = LINE('',#2438,#2439);
#2438 = CARTESIAN_POINT('',(22.35,-25.65,-3.6));
#2439 = VECTOR('',#2440,1.);
#2440 = DIRECTION('',(-8.E-17,-1.,2.2E-16));
#2441 = PCURVE('',#617,#2442);
#2442 = DEFINITIONAL_REPRESENTATION('',(#2443),#2447);
#2443 = LINE('',#2444,#2445);
#2444 = CARTESIAN_POINT('',(0.,0.));
#2445 = VECTOR('',#2446,1.);
#2446 = DIRECTION('',(-3.872E-48,-1.));
#2447 = ( GEOMETRIC_REPRESENTATION_CONTEXT(2) 
PARAMETRIC_REPRESENTATION_CONTEXT() REPRESENTATION_CONTEXT('2D SPACE',''
  ) );
#2448 = PCURVE('',#2449,#2454);
#2449 = CYLINDRICAL_SURFACE('',#2450,2.5);
#2450 = AXIS2_PLACEMENT_3D('',#2451,#2452,#2453);
#2451 = CARTESIAN_POINT('',(22.35,-25.65,-6.1));
#2452 = DIRECTION('',(8.E-17,1.,-2.2E-16));
#2453 = DIRECTION('',(1.,-8.E-17,8.480557193599E-49));
#2454 = DEFINITIONAL_REPRESENTATION('',(#2455),#2459);
#2455 = LINE('',#2456,#2457);
#2456 = CARTESIAN_POINT('',(-1.570796326795,0.));
#2457 = VECTOR('',#2458,1.);
#2458 = DIRECTION('',(-0.,-1.));
#2459 = ( GEOMETRIC_REPRESENTATION_CONTEXT(2) 
PARAMETRIC_REPRESENTATION_CONTEXT() REPRESENTATION_CONTEXT('2D SPACE',''
  ) );
#2460 = ORIENTED_EDGE('',*,*,#2461,.T.);
#2461 = EDGE_CURVE('',#2434,#602,#2462,.T.);
#2462 = SURFACE_CURVE('',#2463,(#2467,#2474),.PCURVE_S1.);
#2463 = LINE('',#2464,#2465);
#2464 = CARTESIAN_POINT('',(22.35,-28.15,-3.6));
#2465 = VECTOR('',#2466,1.);
#2466 = DIRECTION('',(-1.,8.E-17,0.));
#2467 = PCURVE('',#617,#2468);
#2468 = DEFINITIONAL_REPRESENTATION('',(#2469),#2473);
#2469 = LINE('',#2470,#2471);
#2470 = CARTESIAN_POINT('',(-2.E-16,-2.5));
#2471 = VECTOR('',#2472,1.);
#2472 = DIRECTION('',(1.,3.872E-48));
#2473 = ( GEOMETRIC_REPRESENTATION_CONTEXT(2) 
PARAMETRIC_REPRESENTATION_CONTEXT() REPRESENTATION_CONTEXT('2D SPACE',''
  ) );
#2474 = PCURVE('',#917,#2475);
#2475 = DEFINITIONAL_REPRESENTATION('',(#2476),#2480);
#2476 = LINE('',#2477,#2478);
#2477 = CARTESIAN_POINT('',(-8.E-17,1.414213562373));
#2478 = VECTOR('',#2479,1.);
#2479 = DIRECTION('',(-1.,1.261222617146E-32));
#2480 = ( GEOMETRIC_REPRESENTATION_CONTEXT(2) 
PARAMETRIC_REPRESENTATION_CONTEXT() REPRESENTATION_CONTEXT('2D SPACE',''
  ) );
#2481 = ORIENTED_EDGE('',*,*,#599,.F.);
#2482 = ORIENTED_EDGE('',*,*,#2483,.T.);
#2483 = EDGE_CURVE('',#600,#2484,#2486,.T.);
#2484 = VERTEX_POINT('',#2485);
#2485 = CARTESIAN_POINT('',(-16.64999699537,-25.65,-3.6));
#2486 = SURFACE_CURVE('',#2487,(#2492,#2505),.PCURVE_S1.);
#2487 = ELLIPSE('',#2488,2.500003004625,2.5);
#2488 = AXIS2_PLACEMENT_3D('',#2489,#2490,#2491);
#2489 = CARTESIAN_POINT('',(-16.64999699537,-25.65,-6.1));
#2490 = DIRECTION('',(8.E-17,1.,0.));
#2491 = DIRECTION('',(1.,-8.E-17,0.));
#2492 = PCURVE('',#617,#2493);
#2493 = DEFINITIONAL_REPRESENTATION('',(#2494),#2504);
#2494 = B_SPLINE_CURVE_WITH_KNOTS('',8,(#2495,#2496,#2497,#2498,#2499,
    #2500,#2501,#2502,#2503),.UNSPECIFIED.,.F.,.F.,(9,9),(4.712387778536
    ,4.712388980385),.PIECEWISE_BEZIER_KNOTS.);
#2495 = CARTESIAN_POINT('',(39.,3.552713678801E-15));
#2496 = CARTESIAN_POINT('',(38.999999624422,3.552713678801E-15));
#2497 = CARTESIAN_POINT('',(38.999999248816,1.579536501595E-11));
#2498 = CARTESIAN_POINT('',(38.999998873317,3.583622287806E-11));
#2499 = CARTESIAN_POINT('',(38.999998497553,7.300826609935E-11));
#2500 = CARTESIAN_POINT('',(38.999998122183,-1.666222715357E-12));
#2501 = CARTESIAN_POINT('',(38.999997746501,1.009325956147E-11));
#2502 = CARTESIAN_POINT('',(38.999997370953,3.552713678801E-15));
#2503 = CARTESIAN_POINT('',(38.999996995375,3.552713678801E-15));
#2504 = ( GEOMETRIC_REPRESENTATION_CONTEXT(2) 
PARAMETRIC_REPRESENTATION_CONTEXT() REPRESENTATION_CONTEXT('2D SPACE',''
  ) );
#2505 = PCURVE('',#671,#2506);
#2506 = DEFINITIONAL_REPRESENTATION('',(#2507),#2514);
#2507 = B_SPLINE_CURVE_WITH_KNOTS('',5,(#2508,#2509,#2510,#2511,#2512,
    #2513),.UNSPECIFIED.,.F.,.F.,(6,6),(3.14159265359,4.712388980385),
  .PIECEWISE_BEZIER_KNOTS.);
#2508 = CARTESIAN_POINT('',(0.,64.500077519333));
#2509 = CARTESIAN_POINT('',(-0.314159265359,64.500077519333));
#2510 = CARTESIAN_POINT('',(-0.628318530678,64.500554380742));
#2511 = CARTESIAN_POINT('',(-0.942477796062,64.501517043057));
#2512 = CARTESIAN_POINT('',(-1.256637061436,64.502735816754));
#2513 = CARTESIAN_POINT('',(-1.570796326795,64.503953488326));
#2514 = ( GEOMETRIC_REPRESENTATION_CONTEXT(2) 
PARAMETRIC_REPRESENTATION_CONTEXT() REPRESENTATION_CONTEXT('2D SPACE',''
  ) );
#2515 = ORIENTED_EDGE('',*,*,#2516,.T.);
#2516 = EDGE_CURVE('',#2484,#2517,#2519,.T.);
#2517 = VERTEX_POINT('',#2518);
#2518 = CARTESIAN_POINT('',(22.349996995375,-25.65,-3.6));
#2519 = SURFACE_CURVE('',#2520,(#2524,#2531),.PCURVE_S1.);
#2520 = LINE('',#2521,#2522);
#2521 = CARTESIAN_POINT('',(-19.15,-25.65,-3.6));
#2522 = VECTOR('',#2523,1.);
#2523 = DIRECTION('',(1.,-8.E-17,0.));
#2524 = PCURVE('',#617,#2525);
#2525 = DEFINITIONAL_REPRESENTATION('',(#2526),#2530);
#2526 = LINE('',#2527,#2528);
#2527 = CARTESIAN_POINT('',(41.5,-3.32E-15));
#2528 = VECTOR('',#2529,1.);
#2529 = DIRECTION('',(-1.,-3.872E-48));
#2530 = ( GEOMETRIC_REPRESENTATION_CONTEXT(2) 
PARAMETRIC_REPRESENTATION_CONTEXT() REPRESENTATION_CONTEXT('2D SPACE',''
  ) );
#2531 = PCURVE('',#2094,#2532);
#2532 = DEFINITIONAL_REPRESENTATION('',(#2533),#2537);
#2533 = LINE('',#2534,#2535);
#2534 = CARTESIAN_POINT('',(-22.,-32.1243660654));
#2535 = VECTOR('',#2536,1.);
#2536 = DIRECTION('',(1.,-8.E-17));
#2537 = ( GEOMETRIC_REPRESENTATION_CONTEXT(2) 
PARAMETRIC_REPRESENTATION_CONTEXT() REPRESENTATION_CONTEXT('2D SPACE',''
  ) );
#2538 = ORIENTED_EDGE('',*,*,#2539,.F.);
#2539 = EDGE_CURVE('',#2432,#2517,#2540,.T.);
#2540 = SURFACE_CURVE('',#2541,(#2546,#2559),.PCURVE_S1.);
#2541 = ELLIPSE('',#2542,2.500003004625,2.5);
#2542 = AXIS2_PLACEMENT_3D('',#2543,#2544,#2545);
#2543 = CARTESIAN_POINT('',(22.349996995375,-25.65,-6.1));
#2544 = DIRECTION('',(-8.E-17,-1.,0.));
#2545 = DIRECTION('',(1.,-8.E-17,0.));
#2546 = PCURVE('',#617,#2547);
#2547 = DEFINITIONAL_REPRESENTATION('',(#2548),#2558);
#2548 = B_SPLINE_CURVE_WITH_KNOTS('',8,(#2549,#2550,#2551,#2552,#2553,
    #2554,#2555,#2556,#2557),.UNSPECIFIED.,.F.,.F.,(9,9),(1.570795124946
    ,1.570796326795),.PIECEWISE_BEZIER_KNOTS.);
#2549 = CARTESIAN_POINT('',(0.,0.));
#2550 = CARTESIAN_POINT('',(3.755781641246E-07,0.));
#2551 = CARTESIAN_POINT('',(7.511391224568E-07,6.501466032205E-12));
#2552 = CARTESIAN_POINT('',(1.12683202147E-06,2.924593900389E-11));
#2553 = CARTESIAN_POINT('',(1.502231970818E-06,6.694378384964E-11));
#2554 = CARTESIAN_POINT('',(1.877964670882E-06,-5.24380538991E-12));
#2555 = CARTESIAN_POINT('',(2.253451921064E-06,-8.704148513061E-13));
#2556 = CARTESIAN_POINT('',(2.629047148872E-06,0.));
#2557 = CARTESIAN_POINT('',(3.004625312997E-06,0.));
#2558 = ( GEOMETRIC_REPRESENTATION_CONTEXT(2) 
PARAMETRIC_REPRESENTATION_CONTEXT() REPRESENTATION_CONTEXT('2D SPACE',''
  ) );
#2559 = PCURVE('',#2560,#2565);
#2560 = CYLINDRICAL_SURFACE('',#2561,2.5);
#2561 = AXIS2_PLACEMENT_3D('',#2562,#2563,#2564);
#2562 = CARTESIAN_POINT('',(22.350003004622,-25.64612403566,-6.1));
#2563 = DIRECTION('',(1.550385733568E-03,0.999998798151,0.));
#2564 = DIRECTION('',(0.999998798151,-1.550385733568E-03,0.));
#2565 = DEFINITIONAL_REPRESENTATION('',(#2566),#2573);
#2566 = B_SPLINE_CURVE_WITH_KNOTS('',5,(#2567,#2568,#2569,#2570,#2571,
    #2572),.UNSPECIFIED.,.F.,.F.,(6,6),(0.,1.570796326795),
  .PIECEWISE_BEZIER_KNOTS.);
#2567 = CARTESIAN_POINT('',(0.,7.11E-15));
#2568 = CARTESIAN_POINT('',(-0.314159265359,7.1E-15));
#2569 = CARTESIAN_POINT('',(-0.628318530678,-4.768614085883E-04));
#2570 = CARTESIAN_POINT('',(-0.942477796062,-1.439523723708E-03));
#2571 = CARTESIAN_POINT('',(-1.256637061436,-2.658297421085E-03));
#2572 = CARTESIAN_POINT('',(-1.570796326795,-3.875968992244E-03));
#2573 = ( GEOMETRIC_REPRESENTATION_CONTEXT(2) 
PARAMETRIC_REPRESENTATION_CONTEXT() REPRESENTATION_CONTEXT('2D SPACE',''
  ) );
#2574 = ADVANCED_FACE('',(#2575),#644,.T.);
#2575 = FACE_BOUND('',#2576,.F.);
#2576 = EDGE_LOOP('',(#2577,#2598,#2599,#2600));
#2577 = ORIENTED_EDGE('',*,*,#2578,.F.);
#2578 = EDGE_CURVE('',#874,#602,#2579,.T.);
#2579 = SURFACE_CURVE('',#2580,(#2584,#2591),.PCURVE_S1.);
#2580 = LINE('',#2581,#2582);
#2581 = CARTESIAN_POINT('',(-16.65,-29.15,-4.6));
#2582 = VECTOR('',#2583,1.);
#2583 = DIRECTION('',(6.E-17,0.707106781187,0.707106781187));
#2584 = PCURVE('',#644,#2585);
#2585 = DEFINITIONAL_REPRESENTATION('',(#2586),#2590);
#2586 = LINE('',#2587,#2588);
#2587 = CARTESIAN_POINT('',(4.4E-16,-1.));
#2588 = VECTOR('',#2589,1.);
#2589 = DIRECTION('',(-0.,1.));
#2590 = ( GEOMETRIC_REPRESENTATION_CONTEXT(2) 
PARAMETRIC_REPRESENTATION_CONTEXT() REPRESENTATION_CONTEXT('2D SPACE',''
  ) );
#2591 = PCURVE('',#917,#2592);
#2592 = DEFINITIONAL_REPRESENTATION('',(#2593),#2597);
#2593 = LINE('',#2594,#2595);
#2594 = CARTESIAN_POINT('',(-39.,-2.206173157302E-15));
#2595 = VECTOR('',#2596,1.);
#2596 = DIRECTION('',(3.431457505076E-18,1.));
#2597 = ( GEOMETRIC_REPRESENTATION_CONTEXT(2) 
PARAMETRIC_REPRESENTATION_CONTEXT() REPRESENTATION_CONTEXT('2D SPACE',''
  ) );
#2598 = ORIENTED_EDGE('',*,*,#873,.T.);
#2599 = ORIENTED_EDGE('',*,*,#689,.T.);
#2600 = ORIENTED_EDGE('',*,*,#629,.F.);
#2601 = ADVANCED_FACE('',(#2602),#671,.T.);
#2602 = FACE_BOUND('',#2603,.F.);
#2603 = EDGE_LOOP('',(#2604,#2605,#2606,#2627,#2628,#2629));
#2604 = ORIENTED_EDGE('',*,*,#1998,.T.);
#2605 = ORIENTED_EDGE('',*,*,#2033,.T.);
#2606 = ORIENTED_EDGE('',*,*,#2607,.T.);
#2607 = EDGE_CURVE('',#2034,#2484,#2608,.T.);
#2608 = SURFACE_CURVE('',#2609,(#2613,#2620),.PCURVE_S1.);
#2609 = LINE('',#2610,#2611);
#2610 = CARTESIAN_POINT('',(-16.75000300462,38.853875964334,-3.6));
#2611 = VECTOR('',#2612,1.);
#2612 = DIRECTION('',(1.550385733568E-03,-0.999998798151,0.));
#2613 = PCURVE('',#671,#2614);
#2614 = DEFINITIONAL_REPRESENTATION('',(#2615),#2619);
#2615 = LINE('',#2616,#2617);
#2616 = CARTESIAN_POINT('',(-1.570796326795,0.));
#2617 = VECTOR('',#2618,1.);
#2618 = DIRECTION('',(-0.,1.));
#2619 = ( GEOMETRIC_REPRESENTATION_CONTEXT(2) 
PARAMETRIC_REPRESENTATION_CONTEXT() REPRESENTATION_CONTEXT('2D SPACE',''
  ) );
#2620 = PCURVE('',#2094,#2621);
#2621 = DEFINITIONAL_REPRESENTATION('',(#2622),#2626);
#2622 = LINE('',#2623,#2624);
#2623 = CARTESIAN_POINT('',(-19.60000300462,32.379509898931));
#2624 = VECTOR('',#2625,1.);
#2625 = DIRECTION('',(1.550385733568E-03,-0.999998798151));
#2626 = ( GEOMETRIC_REPRESENTATION_CONTEXT(2) 
PARAMETRIC_REPRESENTATION_CONTEXT() REPRESENTATION_CONTEXT('2D SPACE',''
  ) );
#2627 = ORIENTED_EDGE('',*,*,#2483,.F.);
#2628 = ORIENTED_EDGE('',*,*,#657,.F.);
#2629 = ORIENTED_EDGE('',*,*,#761,.F.);
#2630 = ADVANCED_FACE('',(#2631),#805,.T.);
#2631 = FACE_BOUND('',#2632,.T.);
#2632 = EDGE_LOOP('',(#2633,#2657,#2685,#2714,#2742,#2764,#2765,#2800,
    #2835,#2868));
#2633 = ORIENTED_EDGE('',*,*,#2634,.F.);
#2634 = EDGE_CURVE('',#2635,#963,#2637,.T.);
#2635 = VERTEX_POINT('',#2636);
#2636 = CARTESIAN_POINT('',(15.85,-30.79943152439,-6.525));
#2637 = SURFACE_CURVE('',#2638,(#2643,#2650),.PCURVE_S1.);
#2638 = CIRCLE('',#2639,0.55);
#2639 = AXIS2_PLACEMENT_3D('',#2640,#2641,#2642);
#2640 = CARTESIAN_POINT('',(15.85,-30.25,-6.55));
#2641 = DIRECTION('',(-1.,1.8E-16,0.));
#2642 = DIRECTION('',(-1.8E-16,-1.,-0.));
#2643 = PCURVE('',#805,#2644);
#2644 = DEFINITIONAL_REPRESENTATION('',(#2645),#2649);
#2645 = LINE('',#2646,#2647);
#2646 = CARTESIAN_POINT('',(6.28318530718,0.));
#2647 = VECTOR('',#2648,1.);
#2648 = DIRECTION('',(-1.,-0.));
#2649 = ( GEOMETRIC_REPRESENTATION_CONTEXT(2) 
PARAMETRIC_REPRESENTATION_CONTEXT() REPRESENTATION_CONTEXT('2D SPACE',''
  ) );
#2650 = PCURVE('',#1083,#2651);
#2651 = DEFINITIONAL_REPRESENTATION('',(#2652),#2656);
#2652 = LINE('',#2653,#2654);
#2653 = CARTESIAN_POINT('',(4.712388980385,0.));
#2654 = VECTOR('',#2655,1.);
#2655 = DIRECTION('',(0.,1.));
#2656 = ( GEOMETRIC_REPRESENTATION_CONTEXT(2) 
PARAMETRIC_REPRESENTATION_CONTEXT() REPRESENTATION_CONTEXT('2D SPACE',''
  ) );
#2657 = ORIENTED_EDGE('',*,*,#2658,.T.);
#2658 = EDGE_CURVE('',#2635,#2659,#2661,.T.);
#2659 = VERTEX_POINT('',#2660);
#2660 = CARTESIAN_POINT('',(25.05,-30.79943152439,-6.525));
#2661 = SURFACE_CURVE('',#2662,(#2666,#2673),.PCURVE_S1.);
#2662 = LINE('',#2663,#2664);
#2663 = CARTESIAN_POINT('',(15.85,-30.79943152439,-6.525));
#2664 = VECTOR('',#2665,1.);
#2665 = DIRECTION('',(1.,-1.8E-16,0.));
#2666 = PCURVE('',#805,#2667);
#2667 = DEFINITIONAL_REPRESENTATION('',(#2668),#2672);
#2668 = LINE('',#2669,#2670);
#2669 = CARTESIAN_POINT('',(6.237715094763,0.));
#2670 = VECTOR('',#2671,1.);
#2671 = DIRECTION('',(0.,1.));
#2672 = ( GEOMETRIC_REPRESENTATION_CONTEXT(2) 
PARAMETRIC_REPRESENTATION_CONTEXT() REPRESENTATION_CONTEXT('2D SPACE',''
  ) );
#2673 = PCURVE('',#2674,#2679);
#2674 = PLANE('',#2675);
#2675 = AXIS2_PLACEMENT_3D('',#2676,#2677,#2678);
#2676 = CARTESIAN_POINT('',(15.85,-30.79943152439,-6.525));
#2677 = DIRECTION('',(0.,0.,-1.));
#2678 = DIRECTION('',(1.8E-16,1.,0.));
#2679 = DEFINITIONAL_REPRESENTATION('',(#2680),#2684);
#2680 = LINE('',#2681,#2682);
#2681 = CARTESIAN_POINT('',(0.,0.));
#2682 = VECTOR('',#2683,1.);
#2683 = DIRECTION('',(0.,1.));
#2684 = ( GEOMETRIC_REPRESENTATION_CONTEXT(2) 
PARAMETRIC_REPRESENTATION_CONTEXT() REPRESENTATION_CONTEXT('2D SPACE',''
  ) );
#2685 = ORIENTED_EDGE('',*,*,#2686,.T.);
#2686 = EDGE_CURVE('',#2659,#2687,#2689,.T.);
#2687 = VERTEX_POINT('',#2688);
#2688 = CARTESIAN_POINT('',(25.05,-30.79943152439,-6.575));
#2689 = SURFACE_CURVE('',#2690,(#2695,#2702),.PCURVE_S1.);
#2690 = CIRCLE('',#2691,0.55);
#2691 = AXIS2_PLACEMENT_3D('',#2692,#2693,#2694);
#2692 = CARTESIAN_POINT('',(25.05,-30.25,-6.55));
#2693 = DIRECTION('',(-1.,1.8E-16,-2.2E-16));
#2694 = DIRECTION('',(-1.8E-16,-1.,0.));
#2695 = PCURVE('',#805,#2696);
#2696 = DEFINITIONAL_REPRESENTATION('',(#2697),#2701);
#2697 = LINE('',#2698,#2699);
#2698 = CARTESIAN_POINT('',(6.28318530718,9.2));
#2699 = VECTOR('',#2700,1.);
#2700 = DIRECTION('',(-1.,-0.));
#2701 = ( GEOMETRIC_REPRESENTATION_CONTEXT(2) 
PARAMETRIC_REPRESENTATION_CONTEXT() REPRESENTATION_CONTEXT('2D SPACE',''
  ) );
#2702 = PCURVE('',#2703,#2708);
#2703 = PLANE('',#2704);
#2704 = AXIS2_PLACEMENT_3D('',#2705,#2706,#2707);
#2705 = CARTESIAN_POINT('',(25.05,-31.45,-6.55));
#2706 = DIRECTION('',(-1.,0.,0.));
#2707 = DIRECTION('',(0.,-1.,0.));
#2708 = DEFINITIONAL_REPRESENTATION('',(#2709),#2713);
#2709 = CIRCLE('',#2710,0.55);
#2710 = AXIS2_PLACEMENT_2D('',#2711,#2712);
#2711 = CARTESIAN_POINT('',(-1.2,8.881784197001E-16));
#2712 = DIRECTION('',(1.,0.));
#2713 = ( GEOMETRIC_REPRESENTATION_CONTEXT(2) 
PARAMETRIC_REPRESENTATION_CONTEXT() REPRESENTATION_CONTEXT('2D SPACE',''
  ) );
#2714 = ORIENTED_EDGE('',*,*,#2715,.F.);
#2715 = EDGE_CURVE('',#2716,#2687,#2718,.T.);
#2716 = VERTEX_POINT('',#2717);
#2717 = CARTESIAN_POINT('',(15.85,-30.79943152439,-6.575));
#2718 = SURFACE_CURVE('',#2719,(#2723,#2730),.PCURVE_S1.);
#2719 = LINE('',#2720,#2721);
#2720 = CARTESIAN_POINT('',(15.85,-30.79943152439,-6.575));
#2721 = VECTOR('',#2722,1.);
#2722 = DIRECTION('',(1.,0.,0.));
#2723 = PCURVE('',#805,#2724);
#2724 = DEFINITIONAL_REPRESENTATION('',(#2725),#2729);
#2725 = LINE('',#2726,#2727);
#2726 = CARTESIAN_POINT('',(4.5470212417E-02,0.));
#2727 = VECTOR('',#2728,1.);
#2728 = DIRECTION('',(0.,1.));
#2729 = ( GEOMETRIC_REPRESENTATION_CONTEXT(2) 
PARAMETRIC_REPRESENTATION_CONTEXT() REPRESENTATION_CONTEXT('2D SPACE',''
  ) );
#2730 = PCURVE('',#2731,#2736);
#2731 = PLANE('',#2732);
#2732 = AXIS2_PLACEMENT_3D('',#2733,#2734,#2735);
#2733 = CARTESIAN_POINT('',(15.85,-30.9005684756,-6.575));
#2734 = DIRECTION('',(0.,0.,1.));
#2735 = DIRECTION('',(-1.8E-16,-1.,0.));
#2736 = DEFINITIONAL_REPRESENTATION('',(#2737),#2741);
#2737 = LINE('',#2738,#2739);
#2738 = CARTESIAN_POINT('',(-0.101136951208,-1.820465121748E-17));
#2739 = VECTOR('',#2740,1.);
#2740 = DIRECTION('',(-1.8E-16,1.));
#2741 = ( GEOMETRIC_REPRESENTATION_CONTEXT(2) 
PARAMETRIC_REPRESENTATION_CONTEXT() REPRESENTATION_CONTEXT('2D SPACE',''
  ) );
#2742 = ORIENTED_EDGE('',*,*,#2743,.F.);
#2743 = EDGE_CURVE('',#788,#2716,#2744,.T.);
#2744 = SURFACE_CURVE('',#2745,(#2750,#2757),.PCURVE_S1.);
#2745 = CIRCLE('',#2746,0.55);
#2746 = AXIS2_PLACEMENT_3D('',#2747,#2748,#2749);
#2747 = CARTESIAN_POINT('',(15.85,-30.25,-6.55));
#2748 = DIRECTION('',(-1.,1.8E-16,0.));
#2749 = DIRECTION('',(-1.8E-16,-1.,-0.));
#2750 = PCURVE('',#805,#2751);
#2751 = DEFINITIONAL_REPRESENTATION('',(#2752),#2756);
#2752 = LINE('',#2753,#2754);
#2753 = CARTESIAN_POINT('',(6.28318530718,0.));
#2754 = VECTOR('',#2755,1.);
#2755 = DIRECTION('',(-1.,-0.));
#2756 = ( GEOMETRIC_REPRESENTATION_CONTEXT(2) 
PARAMETRIC_REPRESENTATION_CONTEXT() REPRESENTATION_CONTEXT('2D SPACE',''
  ) );
#2757 = PCURVE('',#1899,#2758);
#2758 = DEFINITIONAL_REPRESENTATION('',(#2759),#2763);
#2759 = LINE('',#2760,#2761);
#2760 = CARTESIAN_POINT('',(4.712388980385,0.));
#2761 = VECTOR('',#2762,1.);
#2762 = DIRECTION('',(0.,1.));
#2763 = ( GEOMETRIC_REPRESENTATION_CONTEXT(2) 
PARAMETRIC_REPRESENTATION_CONTEXT() REPRESENTATION_CONTEXT('2D SPACE',''
  ) );
#2764 = ORIENTED_EDGE('',*,*,#787,.T.);
#2765 = ORIENTED_EDGE('',*,*,#2766,.F.);
#2766 = EDGE_CURVE('',#2767,#790,#2769,.T.);
#2767 = VERTEX_POINT('',#2768);
#2768 = CARTESIAN_POINT('',(23.066227766017,-29.93377223398,-7.));
#2769 = SURFACE_CURVE('',#2770,(#2778,#2789),.PCURVE_S1.);
#2770 = B_SPLINE_CURVE_WITH_KNOTS('',6,(#2771,#2772,#2773,#2774,#2775,
    #2776,#2777),.UNSPECIFIED.,.F.,.F.,(7,7),(0.,1.),
  .PIECEWISE_BEZIER_KNOTS.);
#2771 = CARTESIAN_POINT('',(23.066227766017,-29.93377223398,-7.));
#2772 = CARTESIAN_POINT('',(23.032421456775,-29.96757854322,
    -7.023756652553));
#2773 = CARTESIAN_POINT('',(22.996416206105,-30.00263837488,
    -7.043841548373));
#2774 = CARTESIAN_POINT('',(22.958899143781,-30.03861061815,
    -7.060463334499));
#2775 = CARTESIAN_POINT('',(22.920358888707,-30.07525867619,
    -7.073771421865));
#2776 = CARTESIAN_POINT('',(22.881185819692,-30.1124142442,
    -7.083883082615));
#2777 = CARTESIAN_POINT('',(22.841680203168,-30.15,-7.090832691319));
#2778 = PCURVE('',#805,#2779);
#2779 = DEFINITIONAL_REPRESENTATION('',(#2780),#2788);
#2780 = B_SPLINE_CURVE_WITH_KNOTS('',6,(#2781,#2782,#2783,#2784,#2785,
    #2786,#2787),.UNSPECIFIED.,.F.,.F.,(7,7),(0.,1.),
  .PIECEWISE_BEZIER_KNOTS.);
#2781 = CARTESIAN_POINT('',(2.183351065135,7.216227766017));
#2782 = CARTESIAN_POINT('',(2.108225933486,7.182421456775));
#2783 = CARTESIAN_POINT('',(2.035074072088,7.146416206105));
#2784 = CARTESIAN_POINT('',(1.963424202956,7.108899143781));
#2785 = CARTESIAN_POINT('',(1.892900173046,7.070358888707));
#2786 = CARTESIAN_POINT('',(1.823127550833,7.031185819692));
#2787 = CARTESIAN_POINT('',(1.753631463788,6.991680203168));
#2788 = ( GEOMETRIC_REPRESENTATION_CONTEXT(2) 
PARAMETRIC_REPRESENTATION_CONTEXT() REPRESENTATION_CONTEXT('2D SPACE',''
  ) );
#2789 = PCURVE('',#838,#2790);
#2790 = DEFINITIONAL_REPRESENTATION('',(#2791),#2799);
#2791 = B_SPLINE_CURVE_WITH_KNOTS('',6,(#2792,#2793,#2794,#2795,#2796,
    #2797,#2798),.UNSPECIFIED.,.F.,.F.,(7,7),(0.,1.),
  .PIECEWISE_BEZIER_KNOTS.);
#2792 = CARTESIAN_POINT('',(-1.570796326795,-1.783772233983));
#2793 = CARTESIAN_POINT('',(-1.537627195856,-1.817578543225));
#2794 = CARTESIAN_POINT('',(-1.505827728506,-1.852638374883));
#2795 = CARTESIAN_POINT('',(-1.475066734851,-1.88861061816));
#2796 = CARTESIAN_POINT('',(-1.445201470287,-1.925258676197));
#2797 = CARTESIAN_POINT('',(-1.416138122714,-1.962414244207));
#2798 = CARTESIAN_POINT('',(-1.388116576751,-2.));
#2799 = ( GEOMETRIC_REPRESENTATION_CONTEXT(2) 
PARAMETRIC_REPRESENTATION_CONTEXT() REPRESENTATION_CONTEXT('2D SPACE',''
  ) );
#2800 = ORIENTED_EDGE('',*,*,#2801,.T.);
#2801 = EDGE_CURVE('',#2767,#2802,#2804,.T.);
#2802 = VERTEX_POINT('',#2803);
#2803 = CARTESIAN_POINT('',(23.066227766017,-29.93377223398,-6.1));
#2804 = SURFACE_CURVE('',#2805,(#2810,#2823),.PCURVE_S1.);
#2805 = ELLIPSE('',#2806,0.777817459305,0.55);
#2806 = AXIS2_PLACEMENT_3D('',#2807,#2808,#2809);
#2807 = CARTESIAN_POINT('',(22.75,-30.25,-6.55));
#2808 = DIRECTION('',(0.707106781187,-0.707106781187,1.E-17));
#2809 = DIRECTION('',(0.707106781187,0.707106781187,-1.E-17));
#2810 = PCURVE('',#805,#2811);
#2811 = DEFINITIONAL_REPRESENTATION('',(#2812),#2822);
#2812 = B_SPLINE_CURVE_WITH_KNOTS('',8,(#2813,#2814,#2815,#2816,#2817,
    #2818,#2819,#2820,#2821),.UNSPECIFIED.,.F.,.F.,(9,9),(4.903371614703
    ,7.662998999656),.PIECEWISE_BEZIER_KNOTS.);
#2813 = CARTESIAN_POINT('',(1.761778961114,7.004403065088));
#2814 = CARTESIAN_POINT('',(2.106732384233,7.190677913572));
#2815 = CARTESIAN_POINT('',(2.45168580735,7.362755275599));
#2816 = CARTESIAN_POINT('',(2.796639230471,7.486853714384));
#2817 = CARTESIAN_POINT('',(3.141592653584,7.532834711528));
#2818 = CARTESIAN_POINT('',(3.486546076701,7.486853714373));
#2819 = CARTESIAN_POINT('',(3.831499499826,7.362755275598));
#2820 = CARTESIAN_POINT('',(4.176452922947,7.190677913572));
#2821 = CARTESIAN_POINT('',(4.521406346066,7.004403065088));
#2822 = ( GEOMETRIC_REPRESENTATION_CONTEXT(2) 
PARAMETRIC_REPRESENTATION_CONTEXT() REPRESENTATION_CONTEXT('2D SPACE',''
  ) );
#2823 = PCURVE('',#2824,#2829);
#2824 = PLANE('',#2825);
#2825 = AXIS2_PLACEMENT_3D('',#2826,#2827,#2828);
#2826 = CARTESIAN_POINT('',(23.85,-29.15,-7.));
#2827 = DIRECTION('',(0.707106781187,-0.707106781187,1.E-17));
#2828 = DIRECTION('',(-1.029289321881E-16,-1.170710678119E-16,-1.));
#2829 = DEFINITIONAL_REPRESENTATION('',(#2830),#2834);
#2830 = ELLIPSE('',#2831,0.777817459305,0.55);
#2831 = AXIS2_PLACEMENT_2D('',#2832,#2833);
#2832 = CARTESIAN_POINT('',(-0.45,-1.55563491861));
#2833 = DIRECTION('',(-1.45563491861E-16,1.));
#2834 = ( GEOMETRIC_REPRESENTATION_CONTEXT(2) 
PARAMETRIC_REPRESENTATION_CONTEXT() REPRESENTATION_CONTEXT('2D SPACE',''
  ) );
#2835 = ORIENTED_EDGE('',*,*,#2836,.F.);
#2836 = EDGE_CURVE('',#930,#2802,#2837,.T.);
#2837 = SURFACE_CURVE('',#2838,(#2846,#2857),.PCURVE_S1.);
#2838 = B_SPLINE_CURVE_WITH_KNOTS('',6,(#2839,#2840,#2841,#2842,#2843,
    #2844,#2845),.UNSPECIFIED.,.F.,.F.,(7,7),(0.,1.),
  .PIECEWISE_BEZIER_KNOTS.);
#2839 = CARTESIAN_POINT('',(22.841680203168,-30.15,-6.009167308681));
#2840 = CARTESIAN_POINT('',(22.881185819728,-30.11241424417,
    -6.016116917391));
#2841 = CARTESIAN_POINT('',(22.920358888766,-30.07525867614,
    -6.026228578151));
#2842 = CARTESIAN_POINT('',(22.958899143854,-30.03861061808,
    -6.039536665528));
#2843 = CARTESIAN_POINT('',(22.996416206183,-30.00263837481,
    -6.056158451664));
#2844 = CARTESIAN_POINT('',(23.032421456831,-29.96757854316,
    -6.076243347486));
#2845 = CARTESIAN_POINT('',(23.066227766017,-29.93377223398,-6.1));
#2846 = PCURVE('',#805,#2847);
#2847 = DEFINITIONAL_REPRESENTATION('',(#2848),#2856);
#2848 = B_SPLINE_CURVE_WITH_KNOTS('',6,(#2849,#2850,#2851,#2852,#2853,
    #2854,#2855),.UNSPECIFIED.,.F.,.F.,(7,7),(0.,1.),
  .PIECEWISE_BEZIER_KNOTS.);
#2849 = CARTESIAN_POINT('',(4.529553843392,6.991680203168));
#2850 = CARTESIAN_POINT('',(4.460057756284,7.031185819728));
#2851 = CARTESIAN_POINT('',(4.39028513403,7.070358888766));
#2852 = CARTESIAN_POINT('',(4.319761104087,7.108899143854));
#2853 = CARTESIAN_POINT('',(4.248111234943,7.146416206183));
#2854 = CARTESIAN_POINT('',(4.17495937357,7.182421456831));
#2855 = CARTESIAN_POINT('',(4.099834242045,7.216227766017));
#2856 = ( GEOMETRIC_REPRESENTATION_CONTEXT(2) 
PARAMETRIC_REPRESENTATION_CONTEXT() REPRESENTATION_CONTEXT('2D SPACE',''
  ) );
#2857 = PCURVE('',#950,#2858);
#2858 = DEFINITIONAL_REPRESENTATION('',(#2859),#2867);
#2859 = B_SPLINE_CURVE_WITH_KNOTS('',6,(#2860,#2861,#2862,#2863,#2864,
    #2865,#2866),.UNSPECIFIED.,.F.,.F.,(7,7),(0.,1.),
  .PIECEWISE_BEZIER_KNOTS.);
#2860 = CARTESIAN_POINT('',(-0.182679750044,-2.));
#2861 = CARTESIAN_POINT('',(-0.154658204055,-1.962414244173));
#2862 = CARTESIAN_POINT('',(-0.125594856464,-1.925258676141));
#2863 = CARTESIAN_POINT('',(-9.572959188641E-02,-1.88861061809));
#2864 = CARTESIAN_POINT('',(-6.496859822388E-02,-1.852638374809));
#2865 = CARTESIAN_POINT('',(-3.316913088409E-02,-1.817578543169));
#2866 = CARTESIAN_POINT('',(3.4E-16,-1.783772233983));
#2867 = ( GEOMETRIC_REPRESENTATION_CONTEXT(2) 
PARAMETRIC_REPRESENTATION_CONTEXT() REPRESENTATION_CONTEXT('2D SPACE',''
  ) );
#2868 = ORIENTED_EDGE('',*,*,#962,.F.);
#2869 = ADVANCED_FACE('',(#2870),#1899,.T.);
#2870 = FACE_BOUND('',#2871,.T.);
#2871 = EDGE_LOOP('',(#2872,#2898,#2899));
#2872 = ORIENTED_EDGE('',*,*,#2873,.F.);
#2873 = EDGE_CURVE('',#1790,#2716,#2874,.T.);
#2874 = SURFACE_CURVE('',#2875,(#2880,#2887),.PCURVE_S1.);
#2875 = CIRCLE('',#2876,17.438970287312);
#2876 = AXIS2_PLACEMENT_3D('',#2877,#2878,#2879);
#2877 = CARTESIAN_POINT('',(15.85,-13.36046123708,-6.575));
#2878 = DIRECTION('',(0.,0.,1.));
#2879 = DIRECTION('',(1.,0.,0.));
#2880 = PCURVE('',#1899,#2881);
#2881 = DEFINITIONAL_REPRESENTATION('',(#2882),#2886);
#2882 = LINE('',#2883,#2884);
#2883 = CARTESIAN_POINT('',(0.,6.237715094763));
#2884 = VECTOR('',#2885,1.);
#2885 = DIRECTION('',(1.,0.));
#2886 = ( GEOMETRIC_REPRESENTATION_CONTEXT(2) 
PARAMETRIC_REPRESENTATION_CONTEXT() REPRESENTATION_CONTEXT('2D SPACE',''
  ) );
#2887 = PCURVE('',#1805,#2888);
#2888 = DEFINITIONAL_REPRESENTATION('',(#2889),#2897);
#2889 = ( BOUNDED_CURVE() B_SPLINE_CURVE(2,(#2890,#2891,#2892,#2893,
#2894,#2895,#2896),.UNSPECIFIED.,.T.,.F.) B_SPLINE_CURVE_WITH_KNOTS((1,2
    ,2,2,2,1),(-2.094395102393,0.,2.094395102393,4.188790204786,
6.28318530718,8.377580409573),.UNSPECIFIED.) CURVE() 
GEOMETRIC_REPRESENTATION_ITEM() RATIONAL_B_SPLINE_CURVE((1.,0.5,1.,0.5,
1.,0.5,1.)) REPRESENTATION_ITEM('') );
#2890 = CARTESIAN_POINT('',(16.111065081635,-24.1642122843));
#2891 = CARTESIAN_POINT('',(4.550191418661,-52.06939556974));
#2892 = CARTESIAN_POINT('',(-13.8359693723,-28.10479364494));
#2893 = CARTESIAN_POINT('',(-32.22213016327,-4.140191720146));
#2894 = CARTESIAN_POINT('',(-2.275095709331,-0.199610359503));
#2895 = CARTESIAN_POINT('',(27.671938744609,3.740971001139));
#2896 = CARTESIAN_POINT('',(16.111065081635,-24.1642122843));
#2897 = ( GEOMETRIC_REPRESENTATION_CONTEXT(2) 
PARAMETRIC_REPRESENTATION_CONTEXT() REPRESENTATION_CONTEXT('2D SPACE',''
  ) );
#2898 = ORIENTED_EDGE('',*,*,#1817,.F.);
#2899 = ORIENTED_EDGE('',*,*,#2743,.T.);
#2900 = ADVANCED_FACE('',(#2901),#1805,.T.);
#2901 = FACE_BOUND('',#2902,.T.);
#2902 = EDGE_LOOP('',(#2903,#2904,#2905,#2928));
#2903 = ORIENTED_EDGE('',*,*,#1789,.F.);
#2904 = ORIENTED_EDGE('',*,*,#2873,.T.);
#2905 = ORIENTED_EDGE('',*,*,#2906,.T.);
#2906 = EDGE_CURVE('',#2716,#2907,#2909,.T.);
#2907 = VERTEX_POINT('',#2908);
#2908 = CARTESIAN_POINT('',(15.85,-30.9005684756,-6.575));
#2909 = SURFACE_CURVE('',#2910,(#2914,#2921),.PCURVE_S1.);
#2910 = LINE('',#2911,#2912);
#2911 = CARTESIAN_POINT('',(15.85,-30.9005684756,-6.575));
#2912 = VECTOR('',#2913,1.);
#2913 = DIRECTION('',(-2.2E-16,-1.,-0.));
#2914 = PCURVE('',#1805,#2915);
#2915 = DEFINITIONAL_REPRESENTATION('',(#2916),#2920);
#2916 = LINE('',#2917,#2918);
#2917 = CARTESIAN_POINT('',(6.713383153843,-1.285037889131));
#2918 = VECTOR('',#2919,1.);
#2919 = DIRECTION('',(0.38274470404,0.923854150572));
#2920 = ( GEOMETRIC_REPRESENTATION_CONTEXT(2) 
PARAMETRIC_REPRESENTATION_CONTEXT() REPRESENTATION_CONTEXT('2D SPACE',''
  ) );
#2921 = PCURVE('',#2731,#2922);
#2922 = DEFINITIONAL_REPRESENTATION('',(#2923),#2927);
#2923 = LINE('',#2924,#2925);
#2924 = CARTESIAN_POINT('',(0.,0.));
#2925 = VECTOR('',#2926,1.);
#2926 = DIRECTION('',(1.,-4.E-17));
#2927 = ( GEOMETRIC_REPRESENTATION_CONTEXT(2) 
PARAMETRIC_REPRESENTATION_CONTEXT() REPRESENTATION_CONTEXT('2D SPACE',''
  ) );
#2928 = ORIENTED_EDGE('',*,*,#2929,.F.);
#2929 = EDGE_CURVE('',#1639,#2907,#2930,.T.);
#2930 = SURFACE_CURVE('',#2931,(#2936,#2947),.PCURVE_S1.);
#2931 = CIRCLE('',#2932,17.54010723852);
#2932 = AXIS2_PLACEMENT_3D('',#2933,#2934,#2935);
#2933 = CARTESIAN_POINT('',(15.85,-13.36046123708,-6.575));
#2934 = DIRECTION('',(0.,0.,1.));
#2935 = DIRECTION('',(1.,0.,0.));
#2936 = PCURVE('',#1805,#2937);
#2937 = DEFINITIONAL_REPRESENTATION('',(#2938),#2946);
#2938 = ( BOUNDED_CURVE() B_SPLINE_CURVE(2,(#2939,#2940,#2941,#2942,
#2943,#2944,#2945),.UNSPECIFIED.,.T.,.F.) B_SPLINE_CURVE_WITH_KNOTS((1,2
    ,2,2,2,1),(-2.094395102393,0.,2.094395102393,4.188790204786,
6.28318530718,8.377580409573),.UNSPECIFIED.) CURVE() 
GEOMETRIC_REPRESENTATION_ITEM() RATIONAL_B_SPLINE_CURVE((1.,0.5,1.,0.5,
1.,0.5,1.)) REPRESENTATION_ITEM('') );
#2939 = CARTESIAN_POINT('',(16.204500873785,-24.20292191675));
#2940 = CARTESIAN_POINT('',(4.576580160652,-52.26994074144));
#2941 = CARTESIAN_POINT('',(-13.91621079345,-28.16635659834));
#2942 = CARTESIAN_POINT('',(-32.40900174757,-4.062772455231));
#2943 = CARTESIAN_POINT('',(-2.288290080326,-9.933777365006E-02));
#2944 = CARTESIAN_POINT('',(27.832421586918,3.864096907931));
#2945 = CARTESIAN_POINT('',(16.204500873785,-24.20292191675));
#2946 = ( GEOMETRIC_REPRESENTATION_CONTEXT(2) 
PARAMETRIC_REPRESENTATION_CONTEXT() REPRESENTATION_CONTEXT('2D SPACE',''
  ) );
#2947 = PCURVE('',#1736,#2948);
#2948 = DEFINITIONAL_REPRESENTATION('',(#2949),#2953);
#2949 = LINE('',#2950,#2951);
#2950 = CARTESIAN_POINT('',(0.,3.187062866007));
#2951 = VECTOR('',#2952,1.);
#2952 = DIRECTION('',(1.,0.));
#2953 = ( GEOMETRIC_REPRESENTATION_CONTEXT(2) 
PARAMETRIC_REPRESENTATION_CONTEXT() REPRESENTATION_CONTEXT('2D SPACE',''
  ) );
#2954 = ADVANCED_FACE('',(#2955),#1736,.T.);
#2955 = FACE_BOUND('',#2956,.T.);
#2956 = EDGE_LOOP('',(#2957,#2958,#2959,#2988));
#2957 = ORIENTED_EDGE('',*,*,#1638,.F.);
#2958 = ORIENTED_EDGE('',*,*,#2929,.T.);
#2959 = ORIENTED_EDGE('',*,*,#2960,.T.);
#2960 = EDGE_CURVE('',#2907,#2961,#2963,.T.);
#2961 = VERTEX_POINT('',#2962);
#2962 = CARTESIAN_POINT('',(15.85,-31.99943152439,-6.575));
#2963 = SURFACE_CURVE('',#2964,(#2969,#2976),.PCURVE_S1.);
#2964 = CIRCLE('',#2965,0.55);
#2965 = AXIS2_PLACEMENT_3D('',#2966,#2967,#2968);
#2966 = CARTESIAN_POINT('',(15.85,-31.45,-6.55));
#2967 = DIRECTION('',(-1.,1.8E-16,0.));
#2968 = DIRECTION('',(-1.8E-16,-1.,-0.));
#2969 = PCURVE('',#1736,#2970);
#2970 = DEFINITIONAL_REPRESENTATION('',(#2971),#2975);
#2971 = LINE('',#2972,#2973);
#2972 = CARTESIAN_POINT('',(4.712388980385,0.));
#2973 = VECTOR('',#2974,1.);
#2974 = DIRECTION('',(0.,1.));
#2975 = ( GEOMETRIC_REPRESENTATION_CONTEXT(2) 
PARAMETRIC_REPRESENTATION_CONTEXT() REPRESENTATION_CONTEXT('2D SPACE',''
  ) );
#2976 = PCURVE('',#2977,#2982);
#2977 = CYLINDRICAL_SURFACE('',#2978,0.55);
#2978 = AXIS2_PLACEMENT_3D('',#2979,#2980,#2981);
#2979 = CARTESIAN_POINT('',(15.85,-31.45,-6.55));
#2980 = DIRECTION('',(1.,0.,0.));
#2981 = DIRECTION('',(0.,-1.,0.));
#2982 = DEFINITIONAL_REPRESENTATION('',(#2983),#2987);
#2983 = LINE('',#2984,#2985);
#2984 = CARTESIAN_POINT('',(6.28318530718,0.));
#2985 = VECTOR('',#2986,1.);
#2986 = DIRECTION('',(-1.,-0.));
#2987 = ( GEOMETRIC_REPRESENTATION_CONTEXT(2) 
PARAMETRIC_REPRESENTATION_CONTEXT() REPRESENTATION_CONTEXT('2D SPACE',''
  ) );
#2988 = ORIENTED_EDGE('',*,*,#2989,.F.);
#2989 = EDGE_CURVE('',#1611,#2961,#2990,.T.);
#2990 = SURFACE_CURVE('',#2991,(#2996,#3003),.PCURVE_S1.);
#2991 = CIRCLE('',#2992,18.638970287312);
#2992 = AXIS2_PLACEMENT_3D('',#2993,#2994,#2995);
#2993 = CARTESIAN_POINT('',(15.85,-13.36046123708,-6.575));
#2994 = DIRECTION('',(0.,0.,1.));
#2995 = DIRECTION('',(1.,0.,0.));
#2996 = PCURVE('',#1736,#2997);
#2997 = DEFINITIONAL_REPRESENTATION('',(#2998),#3002);
#2998 = LINE('',#2999,#3000);
#2999 = CARTESIAN_POINT('',(0.,6.237715094763));
#3000 = VECTOR('',#3001,1.);
#3001 = DIRECTION('',(1.,0.));
#3002 = ( GEOMETRIC_REPRESENTATION_CONTEXT(2) 
PARAMETRIC_REPRESENTATION_CONTEXT() REPRESENTATION_CONTEXT('2D SPACE',''
  ) );
#3003 = PCURVE('',#1626,#3004);
#3004 = DEFINITIONAL_REPRESENTATION('',(#3005),#3013);
#3005 = ( BOUNDED_CURVE() B_SPLINE_CURVE(2,(#3006,#3007,#3008,#3009,
#3010,#3011,#3012),.UNSPECIFIED.,.T.,.F.) B_SPLINE_CURVE_WITH_KNOTS((1,2
    ,2,2,2,1),(-2.094395102393,0.,2.094395102393,4.188790204786,
6.28318530718,8.377580409573),.UNSPECIFIED.) CURVE() 
GEOMETRIC_REPRESENTATION_ITEM() RATIONAL_B_SPLINE_CURVE((1.,0.5,1.,0.5,
1.,0.5,1.)) REPRESENTATION_ITEM('') );
#3006 = CARTESIAN_POINT('',(17.219690062321,-25.82350592915));
#3007 = CARTESIAN_POINT('',(4.863296470877,-55.64888400767));
#3008 = CARTESIAN_POINT('',(-14.78804182688,-30.03524421906));
#3009 = CARTESIAN_POINT('',(-34.43938012464,-4.421604430449));
#3010 = CARTESIAN_POINT('',(-2.431648235439,-0.209866140535));
#3011 = CARTESIAN_POINT('',(29.576083653766,4.00187214938));
#3012 = CARTESIAN_POINT('',(17.219690062321,-25.82350592915));
#3013 = ( GEOMETRIC_REPRESENTATION_CONTEXT(2) 
PARAMETRIC_REPRESENTATION_CONTEXT() REPRESENTATION_CONTEXT('2D SPACE',''
  ) );
#3014 = ADVANCED_FACE('',(#3015),#1626,.T.);
#3015 = FACE_BOUND('',#3016,.T.);
#3016 = EDGE_LOOP('',(#3017,#3018,#3019,#3047));
#3017 = ORIENTED_EDGE('',*,*,#1610,.F.);
#3018 = ORIENTED_EDGE('',*,*,#2989,.T.);
#3019 = ORIENTED_EDGE('',*,*,#3020,.T.);
#3020 = EDGE_CURVE('',#2961,#3021,#3023,.T.);
#3021 = VERTEX_POINT('',#3022);
#3022 = CARTESIAN_POINT('',(15.85,-32.1005684756,-6.575));
#3023 = SURFACE_CURVE('',#3024,(#3028,#3035),.PCURVE_S1.);
#3024 = LINE('',#3025,#3026);
#3025 = CARTESIAN_POINT('',(15.85,-32.1005684756,-6.575));
#3026 = VECTOR('',#3027,1.);
#3027 = DIRECTION('',(-2.2E-16,-1.,-1.54E-15));
#3028 = PCURVE('',#1626,#3029);
#3029 = DEFINITIONAL_REPRESENTATION('',(#3030),#3034);
#3030 = LINE('',#3031,#3032);
#3031 = CARTESIAN_POINT('',(7.172676798691,-1.376412908445));
#3032 = VECTOR('',#3033,1.);
#3033 = DIRECTION('',(0.38274470404,0.923854150572));
#3034 = ( GEOMETRIC_REPRESENTATION_CONTEXT(2) 
PARAMETRIC_REPRESENTATION_CONTEXT() REPRESENTATION_CONTEXT('2D SPACE',''
  ) );
#3035 = PCURVE('',#3036,#3041);
#3036 = PLANE('',#3037);
#3037 = AXIS2_PLACEMENT_3D('',#3038,#3039,#3040);
#3038 = CARTESIAN_POINT('',(15.85,-32.1005684756,-6.575));
#3039 = DIRECTION('',(0.,-1.54E-15,1.));
#3040 = DIRECTION('',(-1.8E-16,-1.,-1.54E-15));
#3041 = DEFINITIONAL_REPRESENTATION('',(#3042),#3046);
#3042 = LINE('',#3043,#3044);
#3043 = CARTESIAN_POINT('',(-0.,0.));
#3044 = VECTOR('',#3045,1.);
#3045 = DIRECTION('',(1.,-4.E-17));
#3046 = ( GEOMETRIC_REPRESENTATION_CONTEXT(2) 
PARAMETRIC_REPRESENTATION_CONTEXT() REPRESENTATION_CONTEXT('2D SPACE',''
  ) );
#3047 = ORIENTED_EDGE('',*,*,#3048,.F.);
#3048 = EDGE_CURVE('',#1501,#3021,#3049,.T.);
#3049 = SURFACE_CURVE('',#3050,(#3055,#3066),.PCURVE_S1.);
#3050 = CIRCLE('',#3051,18.74010723852);
#3051 = AXIS2_PLACEMENT_3D('',#3052,#3053,#3054);
#3052 = CARTESIAN_POINT('',(15.85,-13.36046123708,-6.575));
#3053 = DIRECTION('',(0.,0.,1.));
#3054 = DIRECTION('',(1.,0.,0.));
#3055 = PCURVE('',#1626,#3056);
#3056 = DEFINITIONAL_REPRESENTATION('',(#3057),#3065);
#3057 = ( BOUNDED_CURVE() B_SPLINE_CURVE(2,(#3058,#3059,#3060,#3061,
#3062,#3063,#3064),.UNSPECIFIED.,.T.,.F.) B_SPLINE_CURVE_WITH_KNOTS((1,2
    ,2,2,2,1),(-2.094395102393,0.,2.094395102393,4.188790204786,
6.28318530718,8.377580409573),.UNSPECIFIED.) CURVE() 
GEOMETRIC_REPRESENTATION_ITEM() RATIONAL_B_SPLINE_CURVE((1.,0.5,1.,0.5,
1.,0.5,1.)) REPRESENTATION_ITEM('') );
#3058 = CARTESIAN_POINT('',(17.313125854471,-25.8622155616));
#3059 = CARTESIAN_POINT('',(4.889685212868,-55.84942917938));
#3060 = CARTESIAN_POINT('',(-14.86828324803,-30.09680717246));
#3061 = CARTESIAN_POINT('',(-34.62625170894,-4.344185165534));
#3062 = CARTESIAN_POINT('',(-2.444842606434,-0.109593554681));
#3063 = CARTESIAN_POINT('',(29.736566496075,4.124998056171));
#3064 = CARTESIAN_POINT('',(17.313125854471,-25.8622155616));
#3065 = ( GEOMETRIC_REPRESENTATION_CONTEXT(2) 
PARAMETRIC_REPRESENTATION_CONTEXT() REPRESENTATION_CONTEXT('2D SPACE',''
  ) );
#3066 = PCURVE('',#1459,#3067);
#3067 = DEFINITIONAL_REPRESENTATION('',(#3068),#3072);
#3068 = LINE('',#3069,#3070);
#3069 = CARTESIAN_POINT('',(0.,3.187062866007));
#3070 = VECTOR('',#3071,1.);
#3071 = DIRECTION('',(1.,0.));
#3072 = ( GEOMETRIC_REPRESENTATION_CONTEXT(2) 
PARAMETRIC_REPRESENTATION_CONTEXT() REPRESENTATION_CONTEXT('2D SPACE',''
  ) );
#3073 = ADVANCED_FACE('',(#3074),#1459,.T.);
#3074 = FACE_BOUND('',#3075,.T.);
#3075 = EDGE_LOOP('',(#3076,#3077,#3078,#3107,#3129));
#3076 = ORIENTED_EDGE('',*,*,#1500,.F.);
#3077 = ORIENTED_EDGE('',*,*,#3048,.T.);
#3078 = ORIENTED_EDGE('',*,*,#3079,.T.);
#3079 = EDGE_CURVE('',#3021,#3080,#3082,.T.);
#3080 = VERTEX_POINT('',#3081);
#3081 = CARTESIAN_POINT('',(15.85,-32.1005684756,-6.525));
#3082 = SURFACE_CURVE('',#3083,(#3088,#3095),.PCURVE_S1.);
#3083 = CIRCLE('',#3084,0.55);
#3084 = AXIS2_PLACEMENT_3D('',#3085,#3086,#3087);
#3085 = CARTESIAN_POINT('',(15.85,-32.65,-6.55));
#3086 = DIRECTION('',(-1.,1.8E-16,0.));
#3087 = DIRECTION('',(-1.8E-16,-1.,-0.));
#3088 = PCURVE('',#1459,#3089);
#3089 = DEFINITIONAL_REPRESENTATION('',(#3090),#3094);
#3090 = LINE('',#3091,#3092);
#3091 = CARTESIAN_POINT('',(4.712388980385,0.));
#3092 = VECTOR('',#3093,1.);
#3093 = DIRECTION('',(0.,1.));
#3094 = ( GEOMETRIC_REPRESENTATION_CONTEXT(2) 
PARAMETRIC_REPRESENTATION_CONTEXT() REPRESENTATION_CONTEXT('2D SPACE',''
  ) );
#3095 = PCURVE('',#3096,#3101);
#3096 = CYLINDRICAL_SURFACE('',#3097,0.55);
#3097 = AXIS2_PLACEMENT_3D('',#3098,#3099,#3100);
#3098 = CARTESIAN_POINT('',(15.85,-32.65,-6.55));
#3099 = DIRECTION('',(1.,0.,0.));
#3100 = DIRECTION('',(0.,-1.,0.));
#3101 = DEFINITIONAL_REPRESENTATION('',(#3102),#3106);
#3102 = LINE('',#3103,#3104);
#3103 = CARTESIAN_POINT('',(12.566370614359,0.));
#3104 = VECTOR('',#3105,1.);
#3105 = DIRECTION('',(-1.,-0.));
#3106 = ( GEOMETRIC_REPRESENTATION_CONTEXT(2) 
PARAMETRIC_REPRESENTATION_CONTEXT() REPRESENTATION_CONTEXT('2D SPACE',''
  ) );
#3107 = ORIENTED_EDGE('',*,*,#3108,.F.);
#3108 = EDGE_CURVE('',#1358,#3080,#3109,.T.);
#3109 = SURFACE_CURVE('',#3110,(#3115,#3122),.PCURVE_S1.);
#3110 = CIRCLE('',#3111,18.74010723852);
#3111 = AXIS2_PLACEMENT_3D('',#3112,#3113,#3114);
#3112 = CARTESIAN_POINT('',(15.85,-13.36046123708,-6.525));
#3113 = DIRECTION('',(0.,0.,1.));
#3114 = DIRECTION('',(1.,0.,0.));
#3115 = PCURVE('',#1459,#3116);
#3116 = DEFINITIONAL_REPRESENTATION('',(#3117),#3121);
#3117 = LINE('',#3118,#3119);
#3118 = CARTESIAN_POINT('',(0.,9.379307748352));
#3119 = VECTOR('',#3120,1.);
#3120 = DIRECTION('',(1.,0.));
#3121 = ( GEOMETRIC_REPRESENTATION_CONTEXT(2) 
PARAMETRIC_REPRESENTATION_CONTEXT() REPRESENTATION_CONTEXT('2D SPACE',''
  ) );
#3122 = PCURVE('',#1373,#3123);
#3123 = DEFINITIONAL_REPRESENTATION('',(#3124),#3128);
#3124 = CIRCLE('',#3125,18.74010723852);
#3125 = AXIS2_PLACEMENT_2D('',#3126,#3127);
#3126 = CARTESIAN_POINT('',(3.178592932979E-16,18.689538762916));
#3127 = DIRECTION('',(0.923854150572,0.38274470404));
#3128 = ( GEOMETRIC_REPRESENTATION_CONTEXT(2) 
PARAMETRIC_REPRESENTATION_CONTEXT() REPRESENTATION_CONTEXT('2D SPACE',''
  ) );
#3129 = ORIENTED_EDGE('',*,*,#1385,.F.);
#3130 = ADVANCED_FACE('',(#3131),#1373,.T.);
#3131 = FACE_BOUND('',#3132,.T.);
#3132 = EDGE_LOOP('',(#3133,#3134,#3135,#3163));
#3133 = ORIENTED_EDGE('',*,*,#1357,.F.);
#3134 = ORIENTED_EDGE('',*,*,#3108,.T.);
#3135 = ORIENTED_EDGE('',*,*,#3136,.T.);
#3136 = EDGE_CURVE('',#3080,#3137,#3139,.T.);
#3137 = VERTEX_POINT('',#3138);
#3138 = CARTESIAN_POINT('',(15.85,-31.99943152439,-6.525));
#3139 = SURFACE_CURVE('',#3140,(#3144,#3151),.PCURVE_S1.);
#3140 = LINE('',#3141,#3142);
#3141 = CARTESIAN_POINT('',(15.85,-31.99943152439,-6.525));
#3142 = VECTOR('',#3143,1.);
#3143 = DIRECTION('',(2.2E-16,1.,8.6E-16));
#3144 = PCURVE('',#1373,#3145);
#3145 = DEFINITIONAL_REPRESENTATION('',(#3146),#3150);
#3146 = LINE('',#3147,#3148);
#3147 = CARTESIAN_POINT('',(7.133967166233,1.469848700595));
#3148 = VECTOR('',#3149,1.);
#3149 = DIRECTION('',(-0.38274470404,0.923854150572));
#3150 = ( GEOMETRIC_REPRESENTATION_CONTEXT(2) 
PARAMETRIC_REPRESENTATION_CONTEXT() REPRESENTATION_CONTEXT('2D SPACE',''
  ) );
#3151 = PCURVE('',#3152,#3157);
#3152 = PLANE('',#3153);
#3153 = AXIS2_PLACEMENT_3D('',#3154,#3155,#3156);
#3154 = CARTESIAN_POINT('',(15.85,-31.99943152439,-6.525));
#3155 = DIRECTION('',(0.,8.6E-16,-1.));
#3156 = DIRECTION('',(1.8E-16,1.,8.6E-16));
#3157 = DEFINITIONAL_REPRESENTATION('',(#3158),#3162);
#3158 = LINE('',#3159,#3160);
#3159 = CARTESIAN_POINT('',(0.,0.));
#3160 = VECTOR('',#3161,1.);
#3161 = DIRECTION('',(1.,4.E-17));
#3162 = ( GEOMETRIC_REPRESENTATION_CONTEXT(2) 
PARAMETRIC_REPRESENTATION_CONTEXT() REPRESENTATION_CONTEXT('2D SPACE',''
  ) );
#3163 = ORIENTED_EDGE('',*,*,#3164,.F.);
#3164 = EDGE_CURVE('',#1165,#3137,#3165,.T.);
#3165 = SURFACE_CURVE('',#3166,(#3171,#3178),.PCURVE_S1.);
#3166 = CIRCLE('',#3167,18.638970287312);
#3167 = AXIS2_PLACEMENT_3D('',#3168,#3169,#3170);
#3168 = CARTESIAN_POINT('',(15.85,-13.36046123708,-6.525));
#3169 = DIRECTION('',(0.,0.,1.));
#3170 = DIRECTION('',(1.,0.,0.));
#3171 = PCURVE('',#1373,#3172);
#3172 = DEFINITIONAL_REPRESENTATION('',(#3173),#3177);
#3173 = CIRCLE('',#3174,18.638970287312);
#3174 = AXIS2_PLACEMENT_2D('',#3175,#3176);
#3175 = CARTESIAN_POINT('',(3.178592932979E-16,18.689538762916));
#3176 = DIRECTION('',(0.923854150572,0.38274470404));
#3177 = ( GEOMETRIC_REPRESENTATION_CONTEXT(2) 
PARAMETRIC_REPRESENTATION_CONTEXT() REPRESENTATION_CONTEXT('2D SPACE',''
  ) );
#3178 = PCURVE('',#1290,#3179);
#3179 = DEFINITIONAL_REPRESENTATION('',(#3180),#3184);
#3180 = LINE('',#3181,#3182);
#3181 = CARTESIAN_POINT('',(0.,4.5470212417E-02));
#3182 = VECTOR('',#3183,1.);
#3183 = DIRECTION('',(1.,0.));
#3184 = ( GEOMETRIC_REPRESENTATION_CONTEXT(2) 
PARAMETRIC_REPRESENTATION_CONTEXT() REPRESENTATION_CONTEXT('2D SPACE',''
  ) );
#3185 = ADVANCED_FACE('',(#3186),#1290,.T.);
#3186 = FACE_BOUND('',#3187,.T.);
#3187 = EDGE_LOOP('',(#3188,#3189,#3190,#3219));
#3188 = ORIENTED_EDGE('',*,*,#1164,.F.);
#3189 = ORIENTED_EDGE('',*,*,#3164,.T.);
#3190 = ORIENTED_EDGE('',*,*,#3191,.T.);
#3191 = EDGE_CURVE('',#3137,#3192,#3194,.T.);
#3192 = VERTEX_POINT('',#3193);
#3193 = CARTESIAN_POINT('',(15.85,-30.9005684756,-6.525));
#3194 = SURFACE_CURVE('',#3195,(#3200,#3207),.PCURVE_S1.);
#3195 = CIRCLE('',#3196,0.55);
#3196 = AXIS2_PLACEMENT_3D('',#3197,#3198,#3199);
#3197 = CARTESIAN_POINT('',(15.85,-31.45,-6.55));
#3198 = DIRECTION('',(-1.,1.8E-16,0.));
#3199 = DIRECTION('',(-1.8E-16,-1.,-0.));
#3200 = PCURVE('',#1290,#3201);
#3201 = DEFINITIONAL_REPRESENTATION('',(#3202),#3206);
#3202 = LINE('',#3203,#3204);
#3203 = CARTESIAN_POINT('',(4.712388980385,0.));
#3204 = VECTOR('',#3205,1.);
#3205 = DIRECTION('',(0.,1.));
#3206 = ( GEOMETRIC_REPRESENTATION_CONTEXT(2) 
PARAMETRIC_REPRESENTATION_CONTEXT() REPRESENTATION_CONTEXT('2D SPACE',''
  ) );
#3207 = PCURVE('',#3208,#3213);
#3208 = CYLINDRICAL_SURFACE('',#3209,0.55);
#3209 = AXIS2_PLACEMENT_3D('',#3210,#3211,#3212);
#3210 = CARTESIAN_POINT('',(15.85,-31.45,-6.55));
#3211 = DIRECTION('',(1.,0.,0.));
#3212 = DIRECTION('',(0.,-1.,0.));
#3213 = DEFINITIONAL_REPRESENTATION('',(#3214),#3218);
#3214 = LINE('',#3215,#3216);
#3215 = CARTESIAN_POINT('',(6.28318530718,0.));
#3216 = VECTOR('',#3217,1.);
#3217 = DIRECTION('',(-1.,-0.));
#3218 = ( GEOMETRIC_REPRESENTATION_CONTEXT(2) 
PARAMETRIC_REPRESENTATION_CONTEXT() REPRESENTATION_CONTEXT('2D SPACE',''
  ) );
#3219 = ORIENTED_EDGE('',*,*,#3220,.F.);
#3220 = EDGE_CURVE('',#1137,#3192,#3221,.T.);
#3221 = SURFACE_CURVE('',#3222,(#3227,#3234),.PCURVE_S1.);
#3222 = CIRCLE('',#3223,17.54010723852);
#3223 = AXIS2_PLACEMENT_3D('',#3224,#3225,#3226);
#3224 = CARTESIAN_POINT('',(15.85,-13.36046123708,-6.525));
#3225 = DIRECTION('',(0.,0.,1.));
#3226 = DIRECTION('',(1.,0.,0.));
#3227 = PCURVE('',#1290,#3228);
#3228 = DEFINITIONAL_REPRESENTATION('',(#3229),#3233);
#3229 = LINE('',#3230,#3231);
#3230 = CARTESIAN_POINT('',(0.,3.096122441173));
#3231 = VECTOR('',#3232,1.);
#3232 = DIRECTION('',(1.,0.));
#3233 = ( GEOMETRIC_REPRESENTATION_CONTEXT(2) 
PARAMETRIC_REPRESENTATION_CONTEXT() REPRESENTATION_CONTEXT('2D SPACE',''
  ) );
#3234 = PCURVE('',#1152,#3235);
#3235 = DEFINITIONAL_REPRESENTATION('',(#3236),#3240);
#3236 = CIRCLE('',#3237,17.54010723852);
#3237 = AXIS2_PLACEMENT_2D('',#3238,#3239);
#3238 = CARTESIAN_POINT('',(-1.365600486641E-15,17.489538762916));
#3239 = DIRECTION('',(0.923854150572,0.38274470404));
#3240 = ( GEOMETRIC_REPRESENTATION_CONTEXT(2) 
PARAMETRIC_REPRESENTATION_CONTEXT() REPRESENTATION_CONTEXT('2D SPACE',''
  ) );
#3241 = ADVANCED_FACE('',(#3242),#1152,.T.);
#3242 = FACE_BOUND('',#3243,.T.);
#3243 = EDGE_LOOP('',(#3244,#3245,#3246,#3267));
#3244 = ORIENTED_EDGE('',*,*,#1136,.F.);
#3245 = ORIENTED_EDGE('',*,*,#3220,.T.);
#3246 = ORIENTED_EDGE('',*,*,#3247,.T.);
#3247 = EDGE_CURVE('',#3192,#2635,#3248,.T.);
#3248 = SURFACE_CURVE('',#3249,(#3253,#3260),.PCURVE_S1.);
#3249 = LINE('',#3250,#3251);
#3250 = CARTESIAN_POINT('',(15.85,-30.79943152439,-6.525));
#3251 = VECTOR('',#3252,1.);
#3252 = DIRECTION('',(2.2E-16,1.,0.));
#3253 = PCURVE('',#1152,#3254);
#3254 = DEFINITIONAL_REPRESENTATION('',(#3255),#3259);
#3255 = LINE('',#3256,#3257);
#3256 = CARTESIAN_POINT('',(6.674673521385,1.378473681281));
#3257 = VECTOR('',#3258,1.);
#3258 = DIRECTION('',(-0.38274470404,0.923854150572));
#3259 = ( GEOMETRIC_REPRESENTATION_CONTEXT(2) 
PARAMETRIC_REPRESENTATION_CONTEXT() REPRESENTATION_CONTEXT('2D SPACE',''
  ) );
#3260 = PCURVE('',#2674,#3261);
#3261 = DEFINITIONAL_REPRESENTATION('',(#3262),#3266);
#3262 = LINE('',#3263,#3264);
#3263 = CARTESIAN_POINT('',(0.,0.));
#3264 = VECTOR('',#3265,1.);
#3265 = DIRECTION('',(1.,4.E-17));
#3266 = ( GEOMETRIC_REPRESENTATION_CONTEXT(2) 
PARAMETRIC_REPRESENTATION_CONTEXT() REPRESENTATION_CONTEXT('2D SPACE',''
  ) );
#3267 = ORIENTED_EDGE('',*,*,#3268,.F.);
#3268 = EDGE_CURVE('',#986,#2635,#3269,.T.);
#3269 = SURFACE_CURVE('',#3270,(#3275,#3282),.PCURVE_S1.);
#3270 = CIRCLE('',#3271,17.438970287312);
#3271 = AXIS2_PLACEMENT_3D('',#3272,#3273,#3274);
#3272 = CARTESIAN_POINT('',(15.85,-13.36046123708,-6.525));
#3273 = DIRECTION('',(0.,0.,1.));
#3274 = DIRECTION('',(1.,0.,0.));
#3275 = PCURVE('',#1152,#3276);
#3276 = DEFINITIONAL_REPRESENTATION('',(#3277),#3281);
#3277 = CIRCLE('',#3278,17.438970287312);
#3278 = AXIS2_PLACEMENT_2D('',#3279,#3280);
#3279 = CARTESIAN_POINT('',(-1.365600486641E-15,17.489538762916));
#3280 = DIRECTION('',(0.923854150572,0.38274470404));
#3281 = ( GEOMETRIC_REPRESENTATION_CONTEXT(2) 
PARAMETRIC_REPRESENTATION_CONTEXT() REPRESENTATION_CONTEXT('2D SPACE',''
  ) );
#3282 = PCURVE('',#1083,#3283);
#3283 = DEFINITIONAL_REPRESENTATION('',(#3284),#3288);
#3284 = LINE('',#3285,#3286);
#3285 = CARTESIAN_POINT('',(0.,4.5470212417E-02));
#3286 = VECTOR('',#3287,1.);
#3287 = DIRECTION('',(1.,0.));
#3288 = ( GEOMETRIC_REPRESENTATION_CONTEXT(2) 
PARAMETRIC_REPRESENTATION_CONTEXT() REPRESENTATION_CONTEXT('2D SPACE',''
  ) );
#3289 = ADVANCED_FACE('',(#3290),#1083,.T.);
#3290 = FACE_BOUND('',#3291,.T.);
#3291 = EDGE_LOOP('',(#3292,#3293,#3294));
#3292 = ORIENTED_EDGE('',*,*,#985,.F.);
#3293 = ORIENTED_EDGE('',*,*,#3268,.T.);
#3294 = ORIENTED_EDGE('',*,*,#2634,.T.);
#3295 = ADVANCED_FACE('',(#3296),#950,.T.);
#3296 = FACE_BOUND('',#3297,.F.);
#3297 = EDGE_LOOP('',(#3298,#3321,#3322,#3323,#3344));
#3298 = ORIENTED_EDGE('',*,*,#3299,.F.);
#3299 = EDGE_CURVE('',#2802,#3300,#3302,.T.);
#3300 = VERTEX_POINT('',#3301);
#3301 = CARTESIAN_POINT('',(24.85,-28.15,-6.1));
#3302 = SURFACE_CURVE('',#3303,(#3307,#3314),.PCURVE_S1.);
#3303 = LINE('',#3304,#3305);
#3304 = CARTESIAN_POINT('',(23.85,-29.15,-6.1));
#3305 = VECTOR('',#3306,1.);
#3306 = DIRECTION('',(0.707106781187,0.707106781187,-1.6E-16));
#3307 = PCURVE('',#950,#3308);
#3308 = DEFINITIONAL_REPRESENTATION('',(#3309),#3313);
#3309 = LINE('',#3310,#3311);
#3310 = CARTESIAN_POINT('',(3.4E-16,-1.));
#3311 = VECTOR('',#3312,1.);
#3312 = DIRECTION('',(-0.,1.));
#3313 = ( GEOMETRIC_REPRESENTATION_CONTEXT(2) 
PARAMETRIC_REPRESENTATION_CONTEXT() REPRESENTATION_CONTEXT('2D SPACE',''
  ) );
#3314 = PCURVE('',#2824,#3315);
#3315 = DEFINITIONAL_REPRESENTATION('',(#3316),#3320);
#3316 = LINE('',#3317,#3318);
#3317 = CARTESIAN_POINT('',(-0.9,-1.400071426749E-16));
#3318 = VECTOR('',#3319,1.);
#3319 = DIRECTION('',(4.43650813896E-18,1.));
#3320 = ( GEOMETRIC_REPRESENTATION_CONTEXT(2) 
PARAMETRIC_REPRESENTATION_CONTEXT() REPRESENTATION_CONTEXT('2D SPACE',''
  ) );
#3321 = ORIENTED_EDGE('',*,*,#2836,.F.);
#3322 = ORIENTED_EDGE('',*,*,#929,.T.);
#3323 = ORIENTED_EDGE('',*,*,#3324,.T.);
#3324 = EDGE_CURVE('',#902,#2434,#3325,.T.);
#3325 = SURFACE_CURVE('',#3326,(#3330,#3337),.PCURVE_S1.);
#3326 = LINE('',#3327,#3328);
#3327 = CARTESIAN_POINT('',(22.35,-28.15,-3.6));
#3328 = VECTOR('',#3329,1.);
#3329 = DIRECTION('',(-2.E-16,0.707106781187,0.707106781187));
#3330 = PCURVE('',#950,#3331);
#3331 = DEFINITIONAL_REPRESENTATION('',(#3332),#3336);
#3332 = LINE('',#3333,#3334);
#3333 = CARTESIAN_POINT('',(-1.570796326795,0.));
#3334 = VECTOR('',#3335,1.);
#3335 = DIRECTION('',(-0.,1.));
#3336 = ( GEOMETRIC_REPRESENTATION_CONTEXT(2) 
PARAMETRIC_REPRESENTATION_CONTEXT() REPRESENTATION_CONTEXT('2D SPACE',''
  ) );
#3337 = PCURVE('',#917,#3338);
#3338 = DEFINITIONAL_REPRESENTATION('',(#3339),#3343);
#3339 = LINE('',#3340,#3341);
#3340 = CARTESIAN_POINT('',(-8.E-17,1.414213562373));
#3341 = VECTOR('',#3342,1.);
#3342 = DIRECTION('',(-2.565685424949E-16,1.));
#3343 = ( GEOMETRIC_REPRESENTATION_CONTEXT(2) 
PARAMETRIC_REPRESENTATION_CONTEXT() REPRESENTATION_CONTEXT('2D SPACE',''
  ) );
#3344 = ORIENTED_EDGE('',*,*,#3345,.F.);
#3345 = EDGE_CURVE('',#3300,#2434,#3346,.T.);
#3346 = SURFACE_CURVE('',#3347,(#3352,#3359),.PCURVE_S1.);
#3347 = CIRCLE('',#3348,2.5);
#3348 = AXIS2_PLACEMENT_3D('',#3349,#3350,#3351);
#3349 = CARTESIAN_POINT('',(22.35,-28.15,-6.1));
#3350 = DIRECTION('',(-5.E-17,-1.,3.E-16));
#3351 = DIRECTION('',(1.,-5.E-17,1.8E-16));
#3352 = PCURVE('',#950,#3353);
#3353 = DEFINITIONAL_REPRESENTATION('',(#3354),#3358);
#3354 = LINE('',#3355,#3356);
#3355 = CARTESIAN_POINT('',(-0.,0.));
#3356 = VECTOR('',#3357,1.);
#3357 = DIRECTION('',(-1.,0.));
#3358 = ( GEOMETRIC_REPRESENTATION_CONTEXT(2) 
PARAMETRIC_REPRESENTATION_CONTEXT() REPRESENTATION_CONTEXT('2D SPACE',''
  ) );
#3359 = PCURVE('',#2449,#3360);
#3360 = DEFINITIONAL_REPRESENTATION('',(#3361),#3365);
#3361 = LINE('',#3362,#3363);
#3362 = CARTESIAN_POINT('',(-3.6E-16,-2.5));
#3363 = VECTOR('',#3364,1.);
#3364 = DIRECTION('',(-1.,0.));
#3365 = ( GEOMETRIC_REPRESENTATION_CONTEXT(2) 
PARAMETRIC_REPRESENTATION_CONTEXT() REPRESENTATION_CONTEXT('2D SPACE',''
  ) );
#3366 = ADVANCED_FACE('',(#3367),#917,.T.);
#3367 = FACE_BOUND('',#3368,.F.);
#3368 = EDGE_LOOP('',(#3369,#3370,#3371,#3372));
#3369 = ORIENTED_EDGE('',*,*,#3324,.F.);
#3370 = ORIENTED_EDGE('',*,*,#901,.T.);
#3371 = ORIENTED_EDGE('',*,*,#2578,.T.);
#3372 = ORIENTED_EDGE('',*,*,#2461,.F.);
#3373 = ADVANCED_FACE('',(#3374),#838,.T.);
#3374 = FACE_BOUND('',#3375,.F.);
#3375 = EDGE_LOOP('',(#3376,#3377,#3378,#3379,#3400));
#3376 = ORIENTED_EDGE('',*,*,#1950,.F.);
#3377 = ORIENTED_EDGE('',*,*,#817,.T.);
#3378 = ORIENTED_EDGE('',*,*,#2766,.F.);
#3379 = ORIENTED_EDGE('',*,*,#3380,.T.);
#3380 = EDGE_CURVE('',#2767,#2241,#3381,.T.);
#3381 = SURFACE_CURVE('',#3382,(#3386,#3393),.PCURVE_S1.);
#3382 = LINE('',#3383,#3384);
#3383 = CARTESIAN_POINT('',(23.85,-29.15,-7.));
#3384 = VECTOR('',#3385,1.);
#3385 = DIRECTION('',(0.707106781187,0.707106781187,-1.6E-16));
#3386 = PCURVE('',#838,#3387);
#3387 = DEFINITIONAL_REPRESENTATION('',(#3388),#3392);
#3388 = LINE('',#3389,#3390);
#3389 = CARTESIAN_POINT('',(-1.570796326795,-1.));
#3390 = VECTOR('',#3391,1.);
#3391 = DIRECTION('',(-0.,1.));
#3392 = ( GEOMETRIC_REPRESENTATION_CONTEXT(2) 
PARAMETRIC_REPRESENTATION_CONTEXT() REPRESENTATION_CONTEXT('2D SPACE',''
  ) );
#3393 = PCURVE('',#2824,#3394);
#3394 = DEFINITIONAL_REPRESENTATION('',(#3395),#3399);
#3395 = LINE('',#3396,#3397);
#3396 = CARTESIAN_POINT('',(8.881784197001E-16,1.381681363642E-31));
#3397 = VECTOR('',#3398,1.);
#3398 = DIRECTION('',(4.43650813896E-18,1.));
#3399 = ( GEOMETRIC_REPRESENTATION_CONTEXT(2) 
PARAMETRIC_REPRESENTATION_CONTEXT() REPRESENTATION_CONTEXT('2D SPACE',''
  ) );
#3400 = ORIENTED_EDGE('',*,*,#2240,.F.);
#3401 = ADVANCED_FACE('',(#3402),#2094,.T.);
#3402 = FACE_BOUND('',#3403,.T.);
#3403 = EDGE_LOOP('',(#3404,#3405,#3428,#3452,#3473,#3474));
#3404 = ORIENTED_EDGE('',*,*,#2516,.T.);
#3405 = ORIENTED_EDGE('',*,*,#3406,.T.);
#3406 = EDGE_CURVE('',#2517,#3407,#3409,.T.);
#3407 = VERTEX_POINT('',#3408);
#3408 = CARTESIAN_POINT('',(22.44938810838,38.457267888489,-3.6));
#3409 = SURFACE_CURVE('',#3410,(#3414,#3421),.PCURVE_S1.);
#3410 = LINE('',#3411,#3412);
#3411 = CARTESIAN_POINT('',(22.350003004622,-25.64612403566,-3.6));
#3412 = VECTOR('',#3413,1.);
#3413 = DIRECTION('',(1.550385733568E-03,0.999998798151,0.));
#3414 = PCURVE('',#2094,#3415);
#3415 = DEFINITIONAL_REPRESENTATION('',(#3416),#3420);
#3416 = LINE('',#3417,#3418);
#3417 = CARTESIAN_POINT('',(19.500003004622,-32.12049010106));
#3418 = VECTOR('',#3419,1.);
#3419 = DIRECTION('',(1.550385733568E-03,0.999998798151));
#3420 = ( GEOMETRIC_REPRESENTATION_CONTEXT(2) 
PARAMETRIC_REPRESENTATION_CONTEXT() REPRESENTATION_CONTEXT('2D SPACE',''
  ) );
#3421 = PCURVE('',#2560,#3422);
#3422 = DEFINITIONAL_REPRESENTATION('',(#3423),#3427);
#3423 = LINE('',#3424,#3425);
#3424 = CARTESIAN_POINT('',(-1.570796326795,0.));
#3425 = VECTOR('',#3426,1.);
#3426 = DIRECTION('',(-0.,1.));
#3427 = ( GEOMETRIC_REPRESENTATION_CONTEXT(2) 
PARAMETRIC_REPRESENTATION_CONTEXT() REPRESENTATION_CONTEXT('2D SPACE',''
  ) );
#3428 = ORIENTED_EDGE('',*,*,#3429,.F.);
#3429 = EDGE_CURVE('',#3430,#3407,#3432,.T.);
#3430 = VERTEX_POINT('',#3431);
#3431 = CARTESIAN_POINT('',(18.95,37.35,-3.6));
#3432 = SURFACE_CURVE('',#3433,(#3438,#3445),.PCURVE_S1.);
#3433 = CIRCLE('',#3434,6.083333333333);
#3434 = AXIS2_PLACEMENT_3D('',#3435,#3436,#3437);
#3435 = CARTESIAN_POINT('',(18.95,43.433333333333,-3.6));
#3436 = DIRECTION('',(0.,0.,1.));
#3437 = DIRECTION('',(1.,0.,0.));
#3438 = PCURVE('',#2094,#3439);
#3439 = DEFINITIONAL_REPRESENTATION('',(#3440),#3444);
#3440 = CIRCLE('',#3441,6.083333333333);
#3441 = AXIS2_PLACEMENT_2D('',#3442,#3443);
#3442 = CARTESIAN_POINT('',(16.1,36.95896726793));
#3443 = DIRECTION('',(1.,0.));
#3444 = ( GEOMETRIC_REPRESENTATION_CONTEXT(2) 
PARAMETRIC_REPRESENTATION_CONTEXT() REPRESENTATION_CONTEXT('2D SPACE',''
  ) );
#3445 = PCURVE('',#2201,#3446);
#3446 = DEFINITIONAL_REPRESENTATION('',(#3447),#3451);
#3447 = LINE('',#3448,#3449);
#3448 = CARTESIAN_POINT('',(-0.,-5.9));
#3449 = VECTOR('',#3450,1.);
#3450 = DIRECTION('',(-1.,0.));
#3451 = ( GEOMETRIC_REPRESENTATION_CONTEXT(2) 
PARAMETRIC_REPRESENTATION_CONTEXT() REPRESENTATION_CONTEXT('2D SPACE',''
  ) );
#3452 = ORIENTED_EDGE('',*,*,#3453,.T.);
#3453 = EDGE_CURVE('',#3430,#2078,#3454,.T.);
#3454 = SURFACE_CURVE('',#3455,(#3459,#3466),.PCURVE_S1.);
#3455 = LINE('',#3456,#3457);
#3456 = CARTESIAN_POINT('',(18.95,37.35,-3.6));
#3457 = VECTOR('',#3458,1.);
#3458 = DIRECTION('',(-1.,0.,0.));
#3459 = PCURVE('',#2094,#3460);
#3460 = DEFINITIONAL_REPRESENTATION('',(#3461),#3465);
#3461 = LINE('',#3462,#3463);
#3462 = CARTESIAN_POINT('',(16.1,30.875633934597));
#3463 = VECTOR('',#3464,1.);
#3464 = DIRECTION('',(-1.,0.));
#3465 = ( GEOMETRIC_REPRESENTATION_CONTEXT(2) 
PARAMETRIC_REPRESENTATION_CONTEXT() REPRESENTATION_CONTEXT('2D SPACE',''
  ) );
#3466 = PCURVE('',#2122,#3467);
#3467 = DEFINITIONAL_REPRESENTATION('',(#3468),#3472);
#3468 = LINE('',#3469,#3470);
#3469 = CARTESIAN_POINT('',(0.,-5.9));
#3470 = VECTOR('',#3471,1.);
#3471 = DIRECTION('',(1.,0.));
#3472 = ( GEOMETRIC_REPRESENTATION_CONTEXT(2) 
PARAMETRIC_REPRESENTATION_CONTEXT() REPRESENTATION_CONTEXT('2D SPACE',''
  ) );
#3473 = ORIENTED_EDGE('',*,*,#2077,.F.);
#3474 = ORIENTED_EDGE('',*,*,#2607,.T.);
#3475 = ADVANCED_FACE('',(#3476),#2122,.F.);
#3476 = FACE_BOUND('',#3477,.F.);
#3477 = EDGE_LOOP('',(#3478,#3499,#3500,#3501));
#3478 = ORIENTED_EDGE('',*,*,#3479,.T.);
#3479 = EDGE_CURVE('',#2185,#3430,#3480,.T.);
#3480 = SURFACE_CURVE('',#3481,(#3485,#3492),.PCURVE_S1.);
#3481 = LINE('',#3482,#3483);
#3482 = CARTESIAN_POINT('',(18.95,37.35,-9.5));
#3483 = VECTOR('',#3484,1.);
#3484 = DIRECTION('',(0.,0.,1.));
#3485 = PCURVE('',#2122,#3486);
#3486 = DEFINITIONAL_REPRESENTATION('',(#3487),#3491);
#3487 = LINE('',#3488,#3489);
#3488 = CARTESIAN_POINT('',(0.,-0.));
#3489 = VECTOR('',#3490,1.);
#3490 = DIRECTION('',(0.,-1.));
#3491 = ( GEOMETRIC_REPRESENTATION_CONTEXT(2) 
PARAMETRIC_REPRESENTATION_CONTEXT() REPRESENTATION_CONTEXT('2D SPACE',''
  ) );
#3492 = PCURVE('',#2201,#3493);
#3493 = DEFINITIONAL_REPRESENTATION('',(#3494),#3498);
#3494 = LINE('',#3495,#3496);
#3495 = CARTESIAN_POINT('',(-4.712388980385,0.));
#3496 = VECTOR('',#3497,1.);
#3497 = DIRECTION('',(-0.,-1.));
#3498 = ( GEOMETRIC_REPRESENTATION_CONTEXT(2) 
PARAMETRIC_REPRESENTATION_CONTEXT() REPRESENTATION_CONTEXT('2D SPACE',''
  ) );
#3499 = ORIENTED_EDGE('',*,*,#3453,.T.);
#3500 = ORIENTED_EDGE('',*,*,#2106,.F.);
#3501 = ORIENTED_EDGE('',*,*,#2213,.F.);
#3502 = ADVANCED_FACE('',(#3503),#2201,.F.);
#3503 = FACE_BOUND('',#3504,.T.);
#3504 = EDGE_LOOP('',(#3505,#3528,#3529,#3530,#3531,#3532));
#3505 = ORIENTED_EDGE('',*,*,#3506,.F.);
#3506 = EDGE_CURVE('',#2322,#3507,#3509,.T.);
#3507 = VERTEX_POINT('',#3508);
#3508 = CARTESIAN_POINT('',(22.95,38.85,-3.650510747871));
#3509 = SURFACE_CURVE('',#3510,(#3514,#3521),.PCURVE_S1.);
#3510 = LINE('',#3511,#3512);
#3511 = CARTESIAN_POINT('',(22.95,38.85,-9.5));
#3512 = VECTOR('',#3513,1.);
#3513 = DIRECTION('',(0.,0.,1.));
#3514 = PCURVE('',#2201,#3515);
#3515 = DEFINITIONAL_REPRESENTATION('',(#3516),#3520);
#3516 = LINE('',#3517,#3518);
#3517 = CARTESIAN_POINT('',(-5.429930320926,0.));
#3518 = VECTOR('',#3519,1.);
#3519 = DIRECTION('',(-0.,-1.));
#3520 = ( GEOMETRIC_REPRESENTATION_CONTEXT(2) 
PARAMETRIC_REPRESENTATION_CONTEXT() REPRESENTATION_CONTEXT('2D SPACE',''
  ) );
#3521 = PCURVE('',#2341,#3522);
#3522 = DEFINITIONAL_REPRESENTATION('',(#3523),#3527);
#3523 = LINE('',#3524,#3525);
#3524 = CARTESIAN_POINT('',(2.,0.));
#3525 = VECTOR('',#3526,1.);
#3526 = DIRECTION('',(0.,-1.));
#3527 = ( GEOMETRIC_REPRESENTATION_CONTEXT(2) 
PARAMETRIC_REPRESENTATION_CONTEXT() REPRESENTATION_CONTEXT('2D SPACE',''
  ) );
#3528 = ORIENTED_EDGE('',*,*,#2386,.T.);
#3529 = ORIENTED_EDGE('',*,*,#2184,.F.);
#3530 = ORIENTED_EDGE('',*,*,#3479,.T.);
#3531 = ORIENTED_EDGE('',*,*,#3429,.T.);
#3532 = ORIENTED_EDGE('',*,*,#3533,.F.);
#3533 = EDGE_CURVE('',#3507,#3407,#3534,.T.);
#3534 = SURFACE_CURVE('',#3535,(#3550,#3562),.PCURVE_S1.);
#3535 = B_SPLINE_CURVE_WITH_KNOTS('',7,(#3536,#3537,#3538,#3539,#3540,
    #3541,#3542,#3543,#3544,#3545,#3546,#3547,#3548,#3549),
  .UNSPECIFIED.,.F.,.F.,(8,6,8),(0.,0.680281564548,1.),.UNSPECIFIED.);
#3536 = CARTESIAN_POINT('',(24.172942793847,40.314389118275,
    -4.286361891382));
#3537 = CARTESIAN_POINT('',(24.059938442224,40.125153523379,
    -4.179428475306));
#3538 = CARTESIAN_POINT('',(23.936436947184,39.936511082855,
    -4.078062127882));
#3539 = CARTESIAN_POINT('',(23.801642093961,39.748576511366,
    -3.982873573748));
#3540 = CARTESIAN_POINT('',(23.654717886347,39.561766148459,
    -3.894999225675));
#3541 = CARTESIAN_POINT('',(23.494834684402,39.376803628881,
    -3.81611312545));
#3542 = CARTESIAN_POINT('',(23.32125553951,39.194683975891,
    -3.748417471404));
#3543 = CARTESIAN_POINT('',(23.044838137977,38.932882076639,
    -3.670034345037));
#3544 = CARTESIAN_POINT('',(22.953322387328,38.850118872011,
    -3.648164041977));
#3545 = CARTESIAN_POINT('',(22.858618820039,38.768439347772,
    -3.629815390093));
#3546 = CARTESIAN_POINT('',(22.760738183147,38.688045255575,
    -3.615375337195));
#3547 = CARTESIAN_POINT('',(22.659765161277,38.609188121548,
    -3.605280832877));
#3548 = CARTESIAN_POINT('',(22.555880248747,38.53215784598,-3.6));
#3549 = CARTESIAN_POINT('',(22.44938810838,38.457267888489,-3.6));
#3550 = PCURVE('',#2201,#3551);
#3551 = DEFINITIONAL_REPRESENTATION('',(#3552),#3561);
#3552 = B_SPLINE_CURVE_WITH_KNOTS('',7,(#3553,#3554,#3555,#3556,#3557,
    #3558,#3559,#3560),.UNSPECIFIED.,.F.,.F.,(8,8),(0.772143281492,1.),
  .PIECEWISE_BEZIER_KNOTS.);
#3553 = CARTESIAN_POINT('',(-5.42993032077,-5.849489249637));
#3554 = CARTESIAN_POINT('',(-5.41534211414,-5.863119099571));
#3555 = CARTESIAN_POINT('',(-5.400620800443,-5.874864380524));
#3556 = CARTESIAN_POINT('',(-5.385770615994,-5.884583472545));
#3557 = CARTESIAN_POINT('',(-5.370799120168,-5.892122509981));
#3558 = CARTESIAN_POINT('',(-5.355717452389,-5.897317802567));
#3559 = CARTESIAN_POINT('',(-5.340540760646,-5.9));
#3560 = CARTESIAN_POINT('',(-5.325288801549,-5.9));
#3561 = ( GEOMETRIC_REPRESENTATION_CONTEXT(2) 
PARAMETRIC_REPRESENTATION_CONTEXT() REPRESENTATION_CONTEXT('2D SPACE',''
  ) );
#3562 = PCURVE('',#2560,#3563);
#3563 = DEFINITIONAL_REPRESENTATION('',(#3564),#3573);
#3564 = B_SPLINE_CURVE_WITH_KNOTS('',7,(#3565,#3566,#3567,#3568,#3569,
    #3570,#3571,#3572),.UNSPECIFIED.,.F.,.F.,(8,8),(0.772143281492,1.),
  .PIECEWISE_BEZIER_KNOTS.);
#3565 = CARTESIAN_POINT('',(-1.369437425465,64.496976748097));
#3566 = CARTESIAN_POINT('',(-1.39669701358,64.438520331505));
#3567 = CARTESIAN_POINT('',(-1.424434529791,64.380666971176));
#3568 = CARTESIAN_POINT('',(-1.452667835856,64.323491284412));
#3569 = CARTESIAN_POINT('',(-1.481411629356,64.267080824626));
#3570 = CARTESIAN_POINT('',(-1.510677183262,64.211534257841));
#3571 = CARTESIAN_POINT('',(-1.540471563829,64.156959093105));
#3572 = CARTESIAN_POINT('',(-1.570796326795,64.103468966825));
#3573 = ( GEOMETRIC_REPRESENTATION_CONTEXT(2) 
PARAMETRIC_REPRESENTATION_CONTEXT() REPRESENTATION_CONTEXT('2D SPACE',''
  ) );
#3574 = ADVANCED_FACE('',(#3575),#2280,.F.);
#3575 = FACE_BOUND('',#3576,.F.);
#3576 = EDGE_LOOP('',(#3577,#3578,#3599,#3622));
#3577 = ORIENTED_EDGE('',*,*,#2264,.T.);
#3578 = ORIENTED_EDGE('',*,*,#3579,.T.);
#3579 = EDGE_CURVE('',#2241,#3300,#3580,.T.);
#3580 = SURFACE_CURVE('',#3581,(#3585,#3592),.PCURVE_S1.);
#3581 = LINE('',#3582,#3583);
#3582 = CARTESIAN_POINT('',(24.85,-28.15,-7.));
#3583 = VECTOR('',#3584,1.);
#3584 = DIRECTION('',(0.,2.2E-16,1.));
#3585 = PCURVE('',#2280,#3586);
#3586 = DEFINITIONAL_REPRESENTATION('',(#3587),#3591);
#3587 = LINE('',#3588,#3589);
#3588 = CARTESIAN_POINT('',(3.381784197001E-16,-2.5));
#3589 = VECTOR('',#3590,1.);
#3590 = DIRECTION('',(1.,0.));
#3591 = ( GEOMETRIC_REPRESENTATION_CONTEXT(2) 
PARAMETRIC_REPRESENTATION_CONTEXT() REPRESENTATION_CONTEXT('2D SPACE',''
  ) );
#3592 = PCURVE('',#2824,#3593);
#3593 = DEFINITIONAL_REPRESENTATION('',(#3594),#3598);
#3594 = LINE('',#3595,#3596);
#3595 = CARTESIAN_POINT('',(-2.2E-16,1.414213562373));
#3596 = VECTOR('',#3597,1.);
#3597 = DIRECTION('',(-1.,0.));
#3598 = ( GEOMETRIC_REPRESENTATION_CONTEXT(2) 
PARAMETRIC_REPRESENTATION_CONTEXT() REPRESENTATION_CONTEXT('2D SPACE',''
  ) );
#3599 = ORIENTED_EDGE('',*,*,#3600,.F.);
#3600 = EDGE_CURVE('',#3601,#3300,#3603,.T.);
#3601 = VERTEX_POINT('',#3602);
#3602 = CARTESIAN_POINT('',(24.85,-25.65,-6.1));
#3603 = SURFACE_CURVE('',#3604,(#3608,#3615),.PCURVE_S1.);
#3604 = LINE('',#3605,#3606);
#3605 = CARTESIAN_POINT('',(24.85,-25.65,-6.1));
#3606 = VECTOR('',#3607,1.);
#3607 = DIRECTION('',(-8.E-17,-1.,2.2E-16));
#3608 = PCURVE('',#2280,#3609);
#3609 = DEFINITIONAL_REPRESENTATION('',(#3610),#3614);
#3610 = LINE('',#3611,#3612);
#3611 = CARTESIAN_POINT('',(0.9,-1.98E-16));
#3612 = VECTOR('',#3613,1.);
#3613 = DIRECTION('',(0.,-1.));
#3614 = ( GEOMETRIC_REPRESENTATION_CONTEXT(2) 
PARAMETRIC_REPRESENTATION_CONTEXT() REPRESENTATION_CONTEXT('2D SPACE',''
  ) );
#3615 = PCURVE('',#2449,#3616);
#3616 = DEFINITIONAL_REPRESENTATION('',(#3617),#3621);
#3617 = LINE('',#3618,#3619);
#3618 = CARTESIAN_POINT('',(-2.E-17,0.));
#3619 = VECTOR('',#3620,1.);
#3620 = DIRECTION('',(-0.,-1.));
#3621 = ( GEOMETRIC_REPRESENTATION_CONTEXT(2) 
PARAMETRIC_REPRESENTATION_CONTEXT() REPRESENTATION_CONTEXT('2D SPACE',''
  ) );
#3622 = ORIENTED_EDGE('',*,*,#3623,.F.);
#3623 = EDGE_CURVE('',#2265,#3601,#3624,.T.);
#3624 = SURFACE_CURVE('',#3625,(#3629,#3636),.PCURVE_S1.);
#3625 = LINE('',#3626,#3627);
#3626 = CARTESIAN_POINT('',(24.85,-25.65,-9.5));
#3627 = VECTOR('',#3628,1.);
#3628 = DIRECTION('',(0.,0.,1.));
#3629 = PCURVE('',#2280,#3630);
#3630 = DEFINITIONAL_REPRESENTATION('',(#3631),#3635);
#3631 = LINE('',#3632,#3633);
#3632 = CARTESIAN_POINT('',(-2.5,-3.002713678801E-15));
#3633 = VECTOR('',#3634,1.);
#3634 = DIRECTION('',(1.,-2.2E-16));
#3635 = ( GEOMETRIC_REPRESENTATION_CONTEXT(2) 
PARAMETRIC_REPRESENTATION_CONTEXT() REPRESENTATION_CONTEXT('2D SPACE',''
  ) );
#3636 = PCURVE('',#2371,#3637);
#3637 = DEFINITIONAL_REPRESENTATION('',(#3638),#3642);
#3638 = LINE('',#3639,#3640);
#3639 = CARTESIAN_POINT('',(0.,0.));
#3640 = VECTOR('',#3641,1.);
#3641 = DIRECTION('',(0.,-1.));
#3642 = ( GEOMETRIC_REPRESENTATION_CONTEXT(2) 
PARAMETRIC_REPRESENTATION_CONTEXT() REPRESENTATION_CONTEXT('2D SPACE',''
  ) );
#3643 = ADVANCED_FACE('',(#3644),#2341,.F.);
#3644 = FACE_BOUND('',#3645,.F.);
#3645 = EDGE_LOOP('',(#3646,#3669,#3694,#3695));
#3646 = ORIENTED_EDGE('',*,*,#3647,.T.);
#3647 = EDGE_CURVE('',#2320,#3648,#3650,.T.);
#3648 = VERTEX_POINT('',#3649);
#3649 = CARTESIAN_POINT('',(24.95,38.85,-6.1));
#3650 = SURFACE_CURVE('',#3651,(#3655,#3662),.PCURVE_S1.);
#3651 = LINE('',#3652,#3653);
#3652 = CARTESIAN_POINT('',(24.95,38.85,-9.5));
#3653 = VECTOR('',#3654,1.);
#3654 = DIRECTION('',(0.,0.,1.));
#3655 = PCURVE('',#2341,#3656);
#3656 = DEFINITIONAL_REPRESENTATION('',(#3657),#3661);
#3657 = LINE('',#3658,#3659);
#3658 = CARTESIAN_POINT('',(0.,0.));
#3659 = VECTOR('',#3660,1.);
#3660 = DIRECTION('',(0.,-1.));
#3661 = ( GEOMETRIC_REPRESENTATION_CONTEXT(2) 
PARAMETRIC_REPRESENTATION_CONTEXT() REPRESENTATION_CONTEXT('2D SPACE',''
  ) );
#3662 = PCURVE('',#2371,#3663);
#3663 = DEFINITIONAL_REPRESENTATION('',(#3664),#3668);
#3664 = LINE('',#3665,#3666);
#3665 = CARTESIAN_POINT('',(64.500077519333,0.));
#3666 = VECTOR('',#3667,1.);
#3667 = DIRECTION('',(0.,-1.));
#3668 = ( GEOMETRIC_REPRESENTATION_CONTEXT(2) 
PARAMETRIC_REPRESENTATION_CONTEXT() REPRESENTATION_CONTEXT('2D SPACE',''
  ) );
#3669 = ORIENTED_EDGE('',*,*,#3670,.T.);
#3670 = EDGE_CURVE('',#3648,#3507,#3671,.T.);
#3671 = SURFACE_CURVE('',#3672,(#3677,#3684),.PCURVE_S1.);
#3672 = ELLIPSE('',#3673,2.500003004625,2.5);
#3673 = AXIS2_PLACEMENT_3D('',#3674,#3675,#3676);
#3674 = CARTESIAN_POINT('',(22.449996995375,38.85,-6.1));
#3675 = DIRECTION('',(2.487E-14,-1.,0.));
#3676 = DIRECTION('',(1.,2.487E-14,0.));
#3677 = PCURVE('',#2341,#3678);
#3678 = DEFINITIONAL_REPRESENTATION('',(#3679),#3683);
#3679 = ELLIPSE('',#3680,2.500003004625,2.5);
#3680 = AXIS2_PLACEMENT_2D('',#3681,#3682);
#3681 = CARTESIAN_POINT('',(2.500003004625,-3.4));
#3682 = DIRECTION('',(-1.,0.));
#3683 = ( GEOMETRIC_REPRESENTATION_CONTEXT(2) 
PARAMETRIC_REPRESENTATION_CONTEXT() REPRESENTATION_CONTEXT('2D SPACE',''
  ) );
#3684 = PCURVE('',#2560,#3685);
#3685 = DEFINITIONAL_REPRESENTATION('',(#3686),#3693);
#3686 = B_SPLINE_CURVE_WITH_KNOTS('',5,(#3687,#3688,#3689,#3690,#3691,
    #3692),.UNSPECIFIED.,.F.,.F.,(6,6),(0.,1.369437424699),
  .PIECEWISE_BEZIER_KNOTS.);
#3687 = CARTESIAN_POINT('',(0.,64.500077519333));
#3688 = CARTESIAN_POINT('',(-0.27388748494,64.500077519333));
#3689 = CARTESIAN_POINT('',(-0.54777496988,64.49971470135));
#3690 = CARTESIAN_POINT('',(-0.821662454819,64.498984870611));
#3691 = CARTESIAN_POINT('',(-1.095549939759,64.498016878797));
#3692 = CARTESIAN_POINT('',(-1.369437424699,64.496976747866));
#3693 = ( GEOMETRIC_REPRESENTATION_CONTEXT(2) 
PARAMETRIC_REPRESENTATION_CONTEXT() REPRESENTATION_CONTEXT('2D SPACE',''
  ) );
#3694 = ORIENTED_EDGE('',*,*,#3506,.F.);
#3695 = ORIENTED_EDGE('',*,*,#2319,.F.);
#3696 = ADVANCED_FACE('',(#3697),#2371,.F.);
#3697 = FACE_BOUND('',#3698,.F.);
#3698 = EDGE_LOOP('',(#3699,#3700,#3721,#3722));
#3699 = ORIENTED_EDGE('',*,*,#3623,.T.);
#3700 = ORIENTED_EDGE('',*,*,#3701,.T.);
#3701 = EDGE_CURVE('',#3601,#3648,#3702,.T.);
#3702 = SURFACE_CURVE('',#3703,(#3707,#3714),.PCURVE_S1.);
#3703 = LINE('',#3704,#3705);
#3704 = CARTESIAN_POINT('',(24.85,-25.65,-6.1));
#3705 = VECTOR('',#3706,1.);
#3706 = DIRECTION('',(1.550385733568E-03,0.999998798151,0.));
#3707 = PCURVE('',#2371,#3708);
#3708 = DEFINITIONAL_REPRESENTATION('',(#3709),#3713);
#3709 = LINE('',#3710,#3711);
#3710 = CARTESIAN_POINT('',(0.,-3.4));
#3711 = VECTOR('',#3712,1.);
#3712 = DIRECTION('',(1.,0.));
#3713 = ( GEOMETRIC_REPRESENTATION_CONTEXT(2) 
PARAMETRIC_REPRESENTATION_CONTEXT() REPRESENTATION_CONTEXT('2D SPACE',''
  ) );
#3714 = PCURVE('',#2560,#3715);
#3715 = DEFINITIONAL_REPRESENTATION('',(#3716),#3720);
#3716 = LINE('',#3717,#3718);
#3717 = CARTESIAN_POINT('',(-0.,0.));
#3718 = VECTOR('',#3719,1.);
#3719 = DIRECTION('',(-0.,1.));
#3720 = ( GEOMETRIC_REPRESENTATION_CONTEXT(2) 
PARAMETRIC_REPRESENTATION_CONTEXT() REPRESENTATION_CONTEXT('2D SPACE',''
  ) );
#3721 = ORIENTED_EDGE('',*,*,#3647,.F.);
#3722 = ORIENTED_EDGE('',*,*,#2357,.F.);
#3723 = ADVANCED_FACE('',(#3724),#2449,.T.);
#3724 = FACE_BOUND('',#3725,.F.);
#3725 = EDGE_LOOP('',(#3726,#3727,#3728,#3729));
#3726 = ORIENTED_EDGE('',*,*,#3600,.T.);
#3727 = ORIENTED_EDGE('',*,*,#3345,.T.);
#3728 = ORIENTED_EDGE('',*,*,#2431,.F.);
#3729 = ORIENTED_EDGE('',*,*,#3730,.F.);
#3730 = EDGE_CURVE('',#3601,#2432,#3731,.T.);
#3731 = SURFACE_CURVE('',#3732,(#3737,#3743),.PCURVE_S1.);
#3732 = ELLIPSE('',#3733,2.500003004625,2.5);
#3733 = AXIS2_PLACEMENT_3D('',#3734,#3735,#3736);
#3734 = CARTESIAN_POINT('',(22.349996995375,-25.65,-6.1));
#3735 = DIRECTION('',(-8.E-17,-1.,0.));
#3736 = DIRECTION('',(1.,-8.E-17,0.));
#3737 = PCURVE('',#2449,#3738);
#3738 = DEFINITIONAL_REPRESENTATION('',(#3739),#3742);
#3739 = B_SPLINE_CURVE_WITH_KNOTS('',1,(#3740,#3741),.UNSPECIFIED.,.F.,
  .F.,(2,2),(0.,1.570795124946),.PIECEWISE_BEZIER_KNOTS.);
#3740 = CARTESIAN_POINT('',(-2.E-17,0.));
#3741 = CARTESIAN_POINT('',(-1.570796326795,0.));
#3742 = ( GEOMETRIC_REPRESENTATION_CONTEXT(2) 
PARAMETRIC_REPRESENTATION_CONTEXT() REPRESENTATION_CONTEXT('2D SPACE',''
  ) );
#3743 = PCURVE('',#2560,#3744);
#3744 = DEFINITIONAL_REPRESENTATION('',(#3745),#3752);
#3745 = B_SPLINE_CURVE_WITH_KNOTS('',5,(#3746,#3747,#3748,#3749,#3750,
    #3751),.UNSPECIFIED.,.F.,.F.,(6,6),(0.,1.570796326795),
  .PIECEWISE_BEZIER_KNOTS.);
#3746 = CARTESIAN_POINT('',(0.,7.11E-15));
#3747 = CARTESIAN_POINT('',(-0.314159265359,7.1E-15));
#3748 = CARTESIAN_POINT('',(-0.628318530678,-4.768614085883E-04));
#3749 = CARTESIAN_POINT('',(-0.942477796062,-1.439523723708E-03));
#3750 = CARTESIAN_POINT('',(-1.256637061436,-2.658297421085E-03));
#3751 = CARTESIAN_POINT('',(-1.570796326795,-3.875968992244E-03));
#3752 = ( GEOMETRIC_REPRESENTATION_CONTEXT(2) 
PARAMETRIC_REPRESENTATION_CONTEXT() REPRESENTATION_CONTEXT('2D SPACE',''
  ) );
#3753 = ADVANCED_FACE('',(#3754),#2560,.T.);
#3754 = FACE_BOUND('',#3755,.F.);
#3755 = EDGE_LOOP('',(#3756,#3757,#3758,#3759,#3760,#3761));
#3756 = ORIENTED_EDGE('',*,*,#3670,.F.);
#3757 = ORIENTED_EDGE('',*,*,#3701,.F.);
#3758 = ORIENTED_EDGE('',*,*,#3730,.T.);
#3759 = ORIENTED_EDGE('',*,*,#2539,.T.);
#3760 = ORIENTED_EDGE('',*,*,#3406,.T.);
#3761 = ORIENTED_EDGE('',*,*,#3533,.F.);
#3762 = ADVANCED_FACE('',(#3763),#2824,.T.);
#3763 = FACE_BOUND('',#3764,.F.);
#3764 = EDGE_LOOP('',(#3765,#3766,#3767,#3768));
#3765 = ORIENTED_EDGE('',*,*,#3380,.F.);
#3766 = ORIENTED_EDGE('',*,*,#2801,.T.);
#3767 = ORIENTED_EDGE('',*,*,#3299,.T.);
#3768 = ORIENTED_EDGE('',*,*,#3579,.F.);
#3769 = ADVANCED_FACE('',(#3770),#2731,.F.);
#3770 = FACE_BOUND('',#3771,.F.);
#3771 = EDGE_LOOP('',(#3772,#3773,#3774,#3797));
#3772 = ORIENTED_EDGE('',*,*,#2715,.F.);
#3773 = ORIENTED_EDGE('',*,*,#2906,.T.);
#3774 = ORIENTED_EDGE('',*,*,#3775,.T.);
#3775 = EDGE_CURVE('',#2907,#3776,#3778,.T.);
#3776 = VERTEX_POINT('',#3777);
#3777 = CARTESIAN_POINT('',(25.05,-30.9005684756,-6.575));
#3778 = SURFACE_CURVE('',#3779,(#3783,#3790),.PCURVE_S1.);
#3779 = LINE('',#3780,#3781);
#3780 = CARTESIAN_POINT('',(15.85,-30.9005684756,-6.575));
#3781 = VECTOR('',#3782,1.);
#3782 = DIRECTION('',(1.,-1.8E-16,0.));
#3783 = PCURVE('',#2731,#3784);
#3784 = DEFINITIONAL_REPRESENTATION('',(#3785),#3789);
#3785 = LINE('',#3786,#3787);
#3786 = CARTESIAN_POINT('',(0.,0.));
#3787 = VECTOR('',#3788,1.);
#3788 = DIRECTION('',(0.,1.));
#3789 = ( GEOMETRIC_REPRESENTATION_CONTEXT(2) 
PARAMETRIC_REPRESENTATION_CONTEXT() REPRESENTATION_CONTEXT('2D SPACE',''
  ) );
#3790 = PCURVE('',#2977,#3791);
#3791 = DEFINITIONAL_REPRESENTATION('',(#3792),#3796);
#3792 = LINE('',#3793,#3794);
#3793 = CARTESIAN_POINT('',(3.096122441173,0.));
#3794 = VECTOR('',#3795,1.);
#3795 = DIRECTION('',(0.,1.));
#3796 = ( GEOMETRIC_REPRESENTATION_CONTEXT(2) 
PARAMETRIC_REPRESENTATION_CONTEXT() REPRESENTATION_CONTEXT('2D SPACE',''
  ) );
#3797 = ORIENTED_EDGE('',*,*,#3798,.T.);
#3798 = EDGE_CURVE('',#3776,#2687,#3799,.T.);
#3799 = SURFACE_CURVE('',#3800,(#3804,#3811),.PCURVE_S1.);
#3800 = LINE('',#3801,#3802);
#3801 = CARTESIAN_POINT('',(25.05,-30.9005684756,-6.575));
#3802 = VECTOR('',#3803,1.);
#3803 = DIRECTION('',(1.8E-16,1.,0.));
#3804 = PCURVE('',#2731,#3805);
#3805 = DEFINITIONAL_REPRESENTATION('',(#3806),#3810);
#3806 = LINE('',#3807,#3808);
#3807 = CARTESIAN_POINT('',(-1.656E-15,9.2));
#3808 = VECTOR('',#3809,1.);
#3809 = DIRECTION('',(-1.,0.));
#3810 = ( GEOMETRIC_REPRESENTATION_CONTEXT(2) 
PARAMETRIC_REPRESENTATION_CONTEXT() REPRESENTATION_CONTEXT('2D SPACE',''
  ) );
#3811 = PCURVE('',#2703,#3812);
#3812 = DEFINITIONAL_REPRESENTATION('',(#3813),#3817);
#3813 = LINE('',#3814,#3815);
#3814 = CARTESIAN_POINT('',(-0.549431524396,-2.5E-02));
#3815 = VECTOR('',#3816,1.);
#3816 = DIRECTION('',(-1.,0.));
#3817 = ( GEOMETRIC_REPRESENTATION_CONTEXT(2) 
PARAMETRIC_REPRESENTATION_CONTEXT() REPRESENTATION_CONTEXT('2D SPACE',''
  ) );
#3818 = ADVANCED_FACE('',(#3819),#2703,.F.);
#3819 = FACE_BOUND('',#3820,.F.);
#3820 = EDGE_LOOP('',(#3821,#3851,#3872,#3873,#3874,#3898,#3921,#3945));
#3821 = ORIENTED_EDGE('',*,*,#3822,.F.);
#3822 = EDGE_CURVE('',#3823,#3825,#3827,.T.);
#3823 = VERTEX_POINT('',#3824);
#3824 = CARTESIAN_POINT('',(25.05,-30.9005684756,-6.525));
#3825 = VERTEX_POINT('',#3826);
#3826 = CARTESIAN_POINT('',(25.05,-31.99943152439,-6.525));
#3827 = SURFACE_CURVE('',#3828,(#3833,#3844),.PCURVE_S1.);
#3828 = CIRCLE('',#3829,0.55);
#3829 = AXIS2_PLACEMENT_3D('',#3830,#3831,#3832);
#3830 = CARTESIAN_POINT('',(25.05,-31.45,-6.55));
#3831 = DIRECTION('',(1.,0.,0.));
#3832 = DIRECTION('',(0.,-1.,0.));
#3833 = PCURVE('',#2703,#3834);
#3834 = DEFINITIONAL_REPRESENTATION('',(#3835),#3843);
#3835 = ( BOUNDED_CURVE() B_SPLINE_CURVE(2,(#3836,#3837,#3838,#3839,
#3840,#3841,#3842),.UNSPECIFIED.,.T.,.F.) B_SPLINE_CURVE_WITH_KNOTS((1,2
    ,2,2,2,1),(-2.094395102393,0.,2.094395102393,4.188790204786,
6.28318530718,8.377580409573),.UNSPECIFIED.) CURVE() 
GEOMETRIC_REPRESENTATION_ITEM() RATIONAL_B_SPLINE_CURVE((1.,0.5,1.,0.5,
1.,0.5,1.)) REPRESENTATION_ITEM('') );
#3836 = CARTESIAN_POINT('',(0.55,1.7763568394E-15));
#3837 = CARTESIAN_POINT('',(0.55,-0.952627944163));
#3838 = CARTESIAN_POINT('',(-0.275,-0.476313972081));
#3839 = CARTESIAN_POINT('',(-1.1,1.641645691494E-15));
#3840 = CARTESIAN_POINT('',(-0.275,0.476313972081));
#3841 = CARTESIAN_POINT('',(0.55,0.952627944163));
#3842 = CARTESIAN_POINT('',(0.55,1.7763568394E-15));
#3843 = ( GEOMETRIC_REPRESENTATION_CONTEXT(2) 
PARAMETRIC_REPRESENTATION_CONTEXT() REPRESENTATION_CONTEXT('2D SPACE',''
  ) );
#3844 = PCURVE('',#3208,#3845);
#3845 = DEFINITIONAL_REPRESENTATION('',(#3846),#3850);
#3846 = LINE('',#3847,#3848);
#3847 = CARTESIAN_POINT('',(0.,9.2));
#3848 = VECTOR('',#3849,1.);
#3849 = DIRECTION('',(1.,0.));
#3850 = ( GEOMETRIC_REPRESENTATION_CONTEXT(2) 
PARAMETRIC_REPRESENTATION_CONTEXT() REPRESENTATION_CONTEXT('2D SPACE',''
  ) );
#3851 = ORIENTED_EDGE('',*,*,#3852,.F.);
#3852 = EDGE_CURVE('',#2659,#3823,#3853,.T.);
#3853 = SURFACE_CURVE('',#3854,(#3858,#3865),.PCURVE_S1.);
#3854 = LINE('',#3855,#3856);
#3855 = CARTESIAN_POINT('',(25.05,-30.79943152439,-6.525));
#3856 = VECTOR('',#3857,1.);
#3857 = DIRECTION('',(-1.8E-16,-1.,-0.));
#3858 = PCURVE('',#2703,#3859);
#3859 = DEFINITIONAL_REPRESENTATION('',(#3860),#3864);
#3860 = LINE('',#3861,#3862);
#3861 = CARTESIAN_POINT('',(-0.650568475604,2.5E-02));
#3862 = VECTOR('',#3863,1.);
#3863 = DIRECTION('',(1.,0.));
#3864 = ( GEOMETRIC_REPRESENTATION_CONTEXT(2) 
PARAMETRIC_REPRESENTATION_CONTEXT() REPRESENTATION_CONTEXT('2D SPACE',''
  ) );
#3865 = PCURVE('',#2674,#3866);
#3866 = DEFINITIONAL_REPRESENTATION('',(#3867),#3871);
#3867 = LINE('',#3868,#3869);
#3868 = CARTESIAN_POINT('',(1.656E-15,9.2));
#3869 = VECTOR('',#3870,1.);
#3870 = DIRECTION('',(-1.,0.));
#3871 = ( GEOMETRIC_REPRESENTATION_CONTEXT(2) 
PARAMETRIC_REPRESENTATION_CONTEXT() REPRESENTATION_CONTEXT('2D SPACE',''
  ) );
#3872 = ORIENTED_EDGE('',*,*,#2686,.T.);
#3873 = ORIENTED_EDGE('',*,*,#3798,.F.);
#3874 = ORIENTED_EDGE('',*,*,#3875,.T.);
#3875 = EDGE_CURVE('',#3776,#3876,#3878,.T.);
#3876 = VERTEX_POINT('',#3877);
#3877 = CARTESIAN_POINT('',(25.05,-31.99943152439,-6.575));
#3878 = SURFACE_CURVE('',#3879,(#3884,#3891),.PCURVE_S1.);
#3879 = CIRCLE('',#3880,0.55);
#3880 = AXIS2_PLACEMENT_3D('',#3881,#3882,#3883);
#3881 = CARTESIAN_POINT('',(25.05,-31.45,-6.55));
#3882 = DIRECTION('',(-1.,1.8E-16,-2.2E-16));
#3883 = DIRECTION('',(-1.8E-16,-1.,0.));
#3884 = PCURVE('',#2703,#3885);
#3885 = DEFINITIONAL_REPRESENTATION('',(#3886),#3890);
#3886 = CIRCLE('',#3887,0.55);
#3887 = AXIS2_PLACEMENT_2D('',#3888,#3889);
#3888 = CARTESIAN_POINT('',(1.42108547152E-14,1.7763568394E-15));
#3889 = DIRECTION('',(1.,0.));
#3890 = ( GEOMETRIC_REPRESENTATION_CONTEXT(2) 
PARAMETRIC_REPRESENTATION_CONTEXT() REPRESENTATION_CONTEXT('2D SPACE',''
  ) );
#3891 = PCURVE('',#2977,#3892);
#3892 = DEFINITIONAL_REPRESENTATION('',(#3893),#3897);
#3893 = LINE('',#3894,#3895);
#3894 = CARTESIAN_POINT('',(6.28318530718,9.2));
#3895 = VECTOR('',#3896,1.);
#3896 = DIRECTION('',(-1.,-0.));
#3897 = ( GEOMETRIC_REPRESENTATION_CONTEXT(2) 
PARAMETRIC_REPRESENTATION_CONTEXT() REPRESENTATION_CONTEXT('2D SPACE',''
  ) );
#3898 = ORIENTED_EDGE('',*,*,#3899,.F.);
#3899 = EDGE_CURVE('',#3900,#3876,#3902,.T.);
#3900 = VERTEX_POINT('',#3901);
#3901 = CARTESIAN_POINT('',(25.05,-32.1005684756,-6.575));
#3902 = SURFACE_CURVE('',#3903,(#3907,#3914),.PCURVE_S1.);
#3903 = LINE('',#3904,#3905);
#3904 = CARTESIAN_POINT('',(25.05,-32.1005684756,-6.575));
#3905 = VECTOR('',#3906,1.);
#3906 = DIRECTION('',(1.8E-16,1.,1.54E-15));
#3907 = PCURVE('',#2703,#3908);
#3908 = DEFINITIONAL_REPRESENTATION('',(#3909),#3913);
#3909 = LINE('',#3910,#3911);
#3910 = CARTESIAN_POINT('',(0.650568475604,-2.5E-02));
#3911 = VECTOR('',#3912,1.);
#3912 = DIRECTION('',(-1.,1.54E-15));
#3913 = ( GEOMETRIC_REPRESENTATION_CONTEXT(2) 
PARAMETRIC_REPRESENTATION_CONTEXT() REPRESENTATION_CONTEXT('2D SPACE',''
  ) );
#3914 = PCURVE('',#3036,#3915);
#3915 = DEFINITIONAL_REPRESENTATION('',(#3916),#3920);
#3916 = LINE('',#3917,#3918);
#3917 = CARTESIAN_POINT('',(-1.656E-15,9.2));
#3918 = VECTOR('',#3919,1.);
#3919 = DIRECTION('',(-1.,-4.26888E-46));
#3920 = ( GEOMETRIC_REPRESENTATION_CONTEXT(2) 
PARAMETRIC_REPRESENTATION_CONTEXT() REPRESENTATION_CONTEXT('2D SPACE',''
  ) );
#3921 = ORIENTED_EDGE('',*,*,#3922,.T.);
#3922 = EDGE_CURVE('',#3900,#3923,#3925,.T.);
#3923 = VERTEX_POINT('',#3924);
#3924 = CARTESIAN_POINT('',(25.05,-32.1005684756,-6.525));
#3925 = SURFACE_CURVE('',#3926,(#3931,#3938),.PCURVE_S1.);
#3926 = CIRCLE('',#3927,0.55);
#3927 = AXIS2_PLACEMENT_3D('',#3928,#3929,#3930);
#3928 = CARTESIAN_POINT('',(25.05,-32.65,-6.55));
#3929 = DIRECTION('',(-1.,1.8E-16,-2.2E-16));
#3930 = DIRECTION('',(-1.8E-16,-1.,0.));
#3931 = PCURVE('',#2703,#3932);
#3932 = DEFINITIONAL_REPRESENTATION('',(#3933),#3937);
#3933 = CIRCLE('',#3934,0.55);
#3934 = AXIS2_PLACEMENT_2D('',#3935,#3936);
#3935 = CARTESIAN_POINT('',(1.2,8.881784197001E-16));
#3936 = DIRECTION('',(1.,0.));
#3937 = ( GEOMETRIC_REPRESENTATION_CONTEXT(2) 
PARAMETRIC_REPRESENTATION_CONTEXT() REPRESENTATION_CONTEXT('2D SPACE',''
  ) );
#3938 = PCURVE('',#3096,#3939);
#3939 = DEFINITIONAL_REPRESENTATION('',(#3940),#3944);
#3940 = LINE('',#3941,#3942);
#3941 = CARTESIAN_POINT('',(12.566370614359,9.2));
#3942 = VECTOR('',#3943,1.);
#3943 = DIRECTION('',(-1.,-0.));
#3944 = ( GEOMETRIC_REPRESENTATION_CONTEXT(2) 
PARAMETRIC_REPRESENTATION_CONTEXT() REPRESENTATION_CONTEXT('2D SPACE',''
  ) );
#3945 = ORIENTED_EDGE('',*,*,#3946,.F.);
#3946 = EDGE_CURVE('',#3825,#3923,#3947,.T.);
#3947 = SURFACE_CURVE('',#3948,(#3952,#3959),.PCURVE_S1.);
#3948 = LINE('',#3949,#3950);
#3949 = CARTESIAN_POINT('',(25.05,-31.99943152439,-6.525));
#3950 = VECTOR('',#3951,1.);
#3951 = DIRECTION('',(-1.8E-16,-1.,-8.6E-16));
#3952 = PCURVE('',#2703,#3953);
#3953 = DEFINITIONAL_REPRESENTATION('',(#3954),#3958);
#3954 = LINE('',#3955,#3956);
#3955 = CARTESIAN_POINT('',(0.549431524396,2.5E-02));
#3956 = VECTOR('',#3957,1.);
#3957 = DIRECTION('',(1.,-8.6E-16));
#3958 = ( GEOMETRIC_REPRESENTATION_CONTEXT(2) 
PARAMETRIC_REPRESENTATION_CONTEXT() REPRESENTATION_CONTEXT('2D SPACE',''
  ) );
#3959 = PCURVE('',#3152,#3960);
#3960 = DEFINITIONAL_REPRESENTATION('',(#3961),#3965);
#3961 = LINE('',#3962,#3963);
#3962 = CARTESIAN_POINT('',(1.656E-15,9.2));
#3963 = VECTOR('',#3964,1.);
#3964 = DIRECTION('',(-1.,1.33128E-46));
#3965 = ( GEOMETRIC_REPRESENTATION_CONTEXT(2) 
PARAMETRIC_REPRESENTATION_CONTEXT() REPRESENTATION_CONTEXT('2D SPACE',''
  ) );
#3966 = ADVANCED_FACE('',(#3967),#2674,.F.);
#3967 = FACE_BOUND('',#3968,.F.);
#3968 = EDGE_LOOP('',(#3969,#3990,#3991,#3992));
#3969 = ORIENTED_EDGE('',*,*,#3970,.F.);
#3970 = EDGE_CURVE('',#3192,#3823,#3971,.T.);
#3971 = SURFACE_CURVE('',#3972,(#3976,#3983),.PCURVE_S1.);
#3972 = LINE('',#3973,#3974);
#3973 = CARTESIAN_POINT('',(15.85,-30.9005684756,-6.525));
#3974 = VECTOR('',#3975,1.);
#3975 = DIRECTION('',(1.,0.,0.));
#3976 = PCURVE('',#2674,#3977);
#3977 = DEFINITIONAL_REPRESENTATION('',(#3978),#3982);
#3978 = LINE('',#3979,#3980);
#3979 = CARTESIAN_POINT('',(-0.101136951208,1.820465121748E-17));
#3980 = VECTOR('',#3981,1.);
#3981 = DIRECTION('',(1.8E-16,1.));
#3982 = ( GEOMETRIC_REPRESENTATION_CONTEXT(2) 
PARAMETRIC_REPRESENTATION_CONTEXT() REPRESENTATION_CONTEXT('2D SPACE',''
  ) );
#3983 = PCURVE('',#3208,#3984);
#3984 = DEFINITIONAL_REPRESENTATION('',(#3985),#3989);
#3985 = LINE('',#3986,#3987);
#3986 = CARTESIAN_POINT('',(3.187062866007,0.));
#3987 = VECTOR('',#3988,1.);
#3988 = DIRECTION('',(0.,1.));
#3989 = ( GEOMETRIC_REPRESENTATION_CONTEXT(2) 
PARAMETRIC_REPRESENTATION_CONTEXT() REPRESENTATION_CONTEXT('2D SPACE',''
  ) );
#3990 = ORIENTED_EDGE('',*,*,#3247,.T.);
#3991 = ORIENTED_EDGE('',*,*,#2658,.T.);
#3992 = ORIENTED_EDGE('',*,*,#3852,.T.);
#3993 = ADVANCED_FACE('',(#3994),#2977,.T.);
#3994 = FACE_BOUND('',#3995,.T.);
#3995 = EDGE_LOOP('',(#3996,#3997,#3998,#4019));
#3996 = ORIENTED_EDGE('',*,*,#3775,.T.);
#3997 = ORIENTED_EDGE('',*,*,#3875,.T.);
#3998 = ORIENTED_EDGE('',*,*,#3999,.F.);
#3999 = EDGE_CURVE('',#2961,#3876,#4000,.T.);
#4000 = SURFACE_CURVE('',#4001,(#4005,#4012),.PCURVE_S1.);
#4001 = LINE('',#4002,#4003);
#4002 = CARTESIAN_POINT('',(15.85,-31.99943152439,-6.575));
#4003 = VECTOR('',#4004,1.);
#4004 = DIRECTION('',(1.,0.,0.));
#4005 = PCURVE('',#2977,#4006);
#4006 = DEFINITIONAL_REPRESENTATION('',(#4007),#4011);
#4007 = LINE('',#4008,#4009);
#4008 = CARTESIAN_POINT('',(4.5470212417E-02,0.));
#4009 = VECTOR('',#4010,1.);
#4010 = DIRECTION('',(0.,1.));
#4011 = ( GEOMETRIC_REPRESENTATION_CONTEXT(2) 
PARAMETRIC_REPRESENTATION_CONTEXT() REPRESENTATION_CONTEXT('2D SPACE',''
  ) );
#4012 = PCURVE('',#3036,#4013);
#4013 = DEFINITIONAL_REPRESENTATION('',(#4014),#4018);
#4014 = LINE('',#4015,#4016);
#4015 = CARTESIAN_POINT('',(-0.101136951208,-1.820465121748E-17));
#4016 = VECTOR('',#4017,1.);
#4017 = DIRECTION('',(-1.8E-16,1.));
#4018 = ( GEOMETRIC_REPRESENTATION_CONTEXT(2) 
PARAMETRIC_REPRESENTATION_CONTEXT() REPRESENTATION_CONTEXT('2D SPACE',''
  ) );
#4019 = ORIENTED_EDGE('',*,*,#2960,.F.);
#4020 = ADVANCED_FACE('',(#4021),#3036,.F.);
#4021 = FACE_BOUND('',#4022,.F.);
#4022 = EDGE_LOOP('',(#4023,#4024,#4025,#4046));
#4023 = ORIENTED_EDGE('',*,*,#3999,.F.);
#4024 = ORIENTED_EDGE('',*,*,#3020,.T.);
#4025 = ORIENTED_EDGE('',*,*,#4026,.T.);
#4026 = EDGE_CURVE('',#3021,#3900,#4027,.T.);
#4027 = SURFACE_CURVE('',#4028,(#4032,#4039),.PCURVE_S1.);
#4028 = LINE('',#4029,#4030);
#4029 = CARTESIAN_POINT('',(15.85,-32.1005684756,-6.575));
#4030 = VECTOR('',#4031,1.);
#4031 = DIRECTION('',(1.,-1.8E-16,0.));
#4032 = PCURVE('',#3036,#4033);
#4033 = DEFINITIONAL_REPRESENTATION('',(#4034),#4038);
#4034 = LINE('',#4035,#4036);
#4035 = CARTESIAN_POINT('',(-0.,0.));
#4036 = VECTOR('',#4037,1.);
#4037 = DIRECTION('',(4.26888E-46,1.));
#4038 = ( GEOMETRIC_REPRESENTATION_CONTEXT(2) 
PARAMETRIC_REPRESENTATION_CONTEXT() REPRESENTATION_CONTEXT('2D SPACE',''
  ) );
#4039 = PCURVE('',#3096,#4040);
#4040 = DEFINITIONAL_REPRESENTATION('',(#4041),#4045);
#4041 = LINE('',#4042,#4043);
#4042 = CARTESIAN_POINT('',(9.379307748352,0.));
#4043 = VECTOR('',#4044,1.);
#4044 = DIRECTION('',(0.,1.));
#4045 = ( GEOMETRIC_REPRESENTATION_CONTEXT(2) 
PARAMETRIC_REPRESENTATION_CONTEXT() REPRESENTATION_CONTEXT('2D SPACE',''
  ) );
#4046 = ORIENTED_EDGE('',*,*,#3899,.T.);
#4047 = ADVANCED_FACE('',(#4048),#3096,.T.);
#4048 = FACE_BOUND('',#4049,.T.);
#4049 = EDGE_LOOP('',(#4050,#4051,#4052,#4073));
#4050 = ORIENTED_EDGE('',*,*,#4026,.T.);
#4051 = ORIENTED_EDGE('',*,*,#3922,.T.);
#4052 = ORIENTED_EDGE('',*,*,#4053,.F.);
#4053 = EDGE_CURVE('',#3080,#3923,#4054,.T.);
#4054 = SURFACE_CURVE('',#4055,(#4059,#4066),.PCURVE_S1.);
#4055 = LINE('',#4056,#4057);
#4056 = CARTESIAN_POINT('',(15.85,-32.1005684756,-6.525));
#4057 = VECTOR('',#4058,1.);
#4058 = DIRECTION('',(1.,0.,0.));
#4059 = PCURVE('',#3096,#4060);
#4060 = DEFINITIONAL_REPRESENTATION('',(#4061),#4065);
#4061 = LINE('',#4062,#4063);
#4062 = CARTESIAN_POINT('',(3.187062866007,0.));
#4063 = VECTOR('',#4064,1.);
#4064 = DIRECTION('',(0.,1.));
#4065 = ( GEOMETRIC_REPRESENTATION_CONTEXT(2) 
PARAMETRIC_REPRESENTATION_CONTEXT() REPRESENTATION_CONTEXT('2D SPACE',''
  ) );
#4066 = PCURVE('',#3152,#4067);
#4067 = DEFINITIONAL_REPRESENTATION('',(#4068),#4072);
#4068 = LINE('',#4069,#4070);
#4069 = CARTESIAN_POINT('',(-0.101136951208,1.820465121748E-17));
#4070 = VECTOR('',#4071,1.);
#4071 = DIRECTION('',(1.8E-16,1.));
#4072 = ( GEOMETRIC_REPRESENTATION_CONTEXT(2) 
PARAMETRIC_REPRESENTATION_CONTEXT() REPRESENTATION_CONTEXT('2D SPACE',''
  ) );
#4073 = ORIENTED_EDGE('',*,*,#3079,.F.);
#4074 = ADVANCED_FACE('',(#4075),#3152,.F.);
#4075 = FACE_BOUND('',#4076,.F.);
#4076 = EDGE_LOOP('',(#4077,#4078,#4079,#4100));
#4077 = ORIENTED_EDGE('',*,*,#4053,.F.);
#4078 = ORIENTED_EDGE('',*,*,#3136,.T.);
#4079 = ORIENTED_EDGE('',*,*,#4080,.T.);
#4080 = EDGE_CURVE('',#3137,#3825,#4081,.T.);
#4081 = SURFACE_CURVE('',#4082,(#4086,#4093),.PCURVE_S1.);
#4082 = LINE('',#4083,#4084);
#4083 = CARTESIAN_POINT('',(15.85,-31.99943152439,-6.525));
#4084 = VECTOR('',#4085,1.);
#4085 = DIRECTION('',(1.,0.,0.));
#4086 = PCURVE('',#3152,#4087);
#4087 = DEFINITIONAL_REPRESENTATION('',(#4088),#4092);
#4088 = LINE('',#4089,#4090);
#4089 = CARTESIAN_POINT('',(0.,0.));
#4090 = VECTOR('',#4091,1.);
#4091 = DIRECTION('',(1.8E-16,1.));
#4092 = ( GEOMETRIC_REPRESENTATION_CONTEXT(2) 
PARAMETRIC_REPRESENTATION_CONTEXT() REPRESENTATION_CONTEXT('2D SPACE',''
  ) );
#4093 = PCURVE('',#3208,#4094);
#4094 = DEFINITIONAL_REPRESENTATION('',(#4095),#4099);
#4095 = LINE('',#4096,#4097);
#4096 = CARTESIAN_POINT('',(6.237715094763,0.));
#4097 = VECTOR('',#4098,1.);
#4098 = DIRECTION('',(0.,1.));
#4099 = ( GEOMETRIC_REPRESENTATION_CONTEXT(2) 
PARAMETRIC_REPRESENTATION_CONTEXT() REPRESENTATION_CONTEXT('2D SPACE',''
  ) );
#4100 = ORIENTED_EDGE('',*,*,#3946,.T.);
#4101 = ADVANCED_FACE('',(#4102),#3208,.T.);
#4102 = FACE_BOUND('',#4103,.T.);
#4103 = EDGE_LOOP('',(#4104,#4105,#4106,#4107));
#4104 = ORIENTED_EDGE('',*,*,#4080,.T.);
#4105 = ORIENTED_EDGE('',*,*,#3822,.F.);
#4106 = ORIENTED_EDGE('',*,*,#3970,.F.);
#4107 = ORIENTED_EDGE('',*,*,#3191,.F.);
#4108 = ( GEOMETRIC_REPRESENTATION_CONTEXT(3) 
GLOBAL_UNCERTAINTY_ASSIGNED_CONTEXT((#4112)) 
GLOBAL_UNIT_ASSIGNED_CONTEXT((#4109,#4110,#4111)) REPRESENTATION_CONTEXT
('Context #1','3D Context with UNIT and UNCERTAINTY') );
#4109 = ( LENGTH_UNIT() NAMED_UNIT(*) SI_UNIT(.MILLI.,.METRE.) );
#4110 = ( NAMED_UNIT(*) PLANE_ANGLE_UNIT() SI_UNIT($,.RADIAN.) );
#4111 = ( NAMED_UNIT(*) SI_UNIT($,.STERADIAN.) SOLID_ANGLE_UNIT() );
#4112 = UNCERTAINTY_MEASURE_WITH_UNIT(LENGTH_MEASURE(2.E-06),#4109,
  'distance_accuracy_value','confusion accuracy');
#4113 = PRODUCT_RELATED_PRODUCT_CATEGORY('part',$,(#7));
ENDSEC;
END-ISO-10303-21;
