ISO-10303-21;
HEADER;
FILE_DESCRIPTION(('Open CASCADE Model'),'2;1');
FILE_NAME('Open CASCADE Shape Model','2026-09-13T21:42:18',('Author'),(
    'Open CASCADE'),'Open CASCADE STEP processor 7.9','Open CASCADE 7.9'
  ,'Unknown');
FILE_SCHEMA(('AUTOMOTIVE_DESIGN { 1 0 10303 214 1 1 1 1 }'));
ENDSEC;
DATA;
#1 = APPLICATION_PROTOCOL_DEFINITION('international standard',
  'automotive_design',2000,#2);
#2 = APPLICATION_CONTEXT(
  'core data for automotive mechanical design processes');
#3 = SHAPE_DEFINITION_REPRESENTATION(#4,#10);
#4 = PRODUCT_DEFINITION_SHAPE('','',#5);
#5 = PRODUCT_DEFINITION('design','',#6,#9);
#6 = PRODUCT_DEFINITION_FORMATION('','',#7);
#7 = PRODUCT('Open CASCADE STEP translator 7.9 4',
  'Open CASCADE STEP translator 7.9 4','',(#8));
#8 = PRODUCT_CONTEXT('',#2,'mechanical');
#9 = PRODUCT_DEFINITION_CONTEXT('part definition',#2,'design');
#10 = ADVANCED_BREP_SHAPE_REPRESENTATION('',(#11,#15),#2778);
#11 = AXIS2_PLACEMENT_3D('',#12,#13,#14);
#12 = CARTESIAN_POINT('',(0.,0.,0.));
#13 = DIRECTION('',(0.,0.,1.));
#14 = DIRECTION('',(1.,0.,-0.));
#15 = MANIFOLD_SOLID_BREP('',#16);
#16 = CLOSED_SHELL('',(#17,#137,#224,#311,#360,#420,#506,#533,#698,#899,
    #949,#1056,#1111,#1165,#1220,#1252,#1306,#1747,#1824,#2054,#2131,
    #2207,#2256,#2306,#2355,#2383,#2430,#2457,#2484,#2511,#2518,#2565,
    #2592,#2619,#2646,#2653,#2680,#2731,#2758,#2765));
#17 = ADVANCED_FACE('',(#18),#32,.T.);
#18 = FACE_BOUND('',#19,.T.);
#19 = EDGE_LOOP('',(#20,#55,#83,#111));
#20 = ORIENTED_EDGE('',*,*,#21,.F.);
#21 = EDGE_CURVE('',#22,#24,#26,.T.);
#22 = VERTEX_POINT('',#23);
#23 = CARTESIAN_POINT('',(-29.4,32.675,4.));
#24 = VERTEX_POINT('',#25);
#25 = CARTESIAN_POINT('',(-29.7,32.675,3.7));
#26 = SURFACE_CURVE('',#27,(#31,#43),.PCURVE_S1.);
#27 = LINE('',#28,#29);
#28 = CARTESIAN_POINT('',(-29.7,32.675,3.7));
#29 = VECTOR('',#30,1.);
#30 = DIRECTION('',(-0.707106781187,-3.34E-15,-0.707106781187));
#31 = PCURVE('',#32,#37);
#32 = PLANE('',#33);
#33 = AXIS2_PLACEMENT_3D('',#34,#35,#36);
#34 = CARTESIAN_POINT('',(-29.55,32.675,3.85));
#35 = DIRECTION('',(-0.707106781187,-1.1E-16,0.707106781187));
#36 = DIRECTION('',(-7.427817459305E-16,1.,-5.872182540695E-16));
#37 = DEFINITIONAL_REPRESENTATION('',(#38),#42);
#38 = LINE('',#39,#40);
#39 = CARTESIAN_POINT('',(-1.13276762955E-15,0.212132034356));
#40 = VECTOR('',#41,1.);
#41 = DIRECTION('',(-2.399547981022E-15,1.));
#42 = ( GEOMETRIC_REPRESENTATION_CONTEXT(2) 
PARAMETRIC_REPRESENTATION_CONTEXT() REPRESENTATION_CONTEXT('2D SPACE',''
  ) );
#43 = PCURVE('',#44,#49);
#44 = CONICAL_SURFACE('',#45,1.,0.785398163397);
#45 = AXIS2_PLACEMENT_3D('',#46,#47,#48);
#46 = CARTESIAN_POINT('',(-28.7,32.675,3.7));
#47 = DIRECTION('',(-5.E-16,-8.9E-16,-1.));
#48 = DIRECTION('',(4.E-15,-1.,8.9E-16));
#49 = DEFINITIONAL_REPRESENTATION('',(#50),#54);
#50 = LINE('',#51,#52);
#51 = CARTESIAN_POINT('',(1.570796326795,0.));
#52 = VECTOR('',#53,1.);
#53 = DIRECTION('',(0.,1.));
#54 = ( GEOMETRIC_REPRESENTATION_CONTEXT(2) 
PARAMETRIC_REPRESENTATION_CONTEXT() REPRESENTATION_CONTEXT('2D SPACE',''
  ) );
#55 = ORIENTED_EDGE('',*,*,#56,.T.);
#56 = EDGE_CURVE('',#22,#57,#59,.T.);
#57 = VERTEX_POINT('',#58);
#58 = CARTESIAN_POINT('',(-29.4,36.025,4.));
#59 = SURFACE_CURVE('',#60,(#64,#71),.PCURVE_S1.);
#60 = LINE('',#61,#62);
#61 = CARTESIAN_POINT('',(-29.4,32.675,4.));
#62 = VECTOR('',#63,1.);
#63 = DIRECTION('',(-4.4E-16,1.,-8.9E-16));
#64 = PCURVE('',#32,#65);
#65 = DEFINITIONAL_REPRESENTATION('',(#66),#70);
#66 = LINE('',#67,#68);
#67 = CARTESIAN_POINT('',(-1.995E-16,-0.212132034356));
#68 = VECTOR('',#69,1.);
#69 = DIRECTION('',(1.,-1.552652204184E-31));
#70 = ( GEOMETRIC_REPRESENTATION_CONTEXT(2) 
PARAMETRIC_REPRESENTATION_CONTEXT() REPRESENTATION_CONTEXT('2D SPACE',''
  ) );
#71 = PCURVE('',#72,#77);
#72 = PLANE('',#73);
#73 = AXIS2_PLACEMENT_3D('',#74,#75,#76);
#74 = CARTESIAN_POINT('',(-27.95469879513,33.909729146982,4.));
#75 = DIRECTION('',(5.9E-16,9.2E-16,1.));
#76 = DIRECTION('',(-1.384663367524E-47,1.,-9.2E-16));
#77 = DEFINITIONAL_REPRESENTATION('',(#78),#82);
#78 = LINE('',#79,#80);
#79 = CARTESIAN_POINT('',(-1.234729146982,1.445301204862));
#80 = VECTOR('',#81,1.);
#81 = DIRECTION('',(1.,4.4E-16));
#82 = ( GEOMETRIC_REPRESENTATION_CONTEXT(2) 
PARAMETRIC_REPRESENTATION_CONTEXT() REPRESENTATION_CONTEXT('2D SPACE',''
  ) );
#83 = ORIENTED_EDGE('',*,*,#84,.T.);
#84 = EDGE_CURVE('',#57,#85,#87,.T.);
#85 = VERTEX_POINT('',#86);
#86 = CARTESIAN_POINT('',(-29.7,36.025,3.7));
#87 = SURFACE_CURVE('',#88,(#92,#99),.PCURVE_S1.);
#88 = LINE('',#89,#90);
#89 = CARTESIAN_POINT('',(-29.55,36.025,3.85));
#90 = VECTOR('',#91,1.);
#91 = DIRECTION('',(-0.707106781187,-9.4E-16,-0.707106781187));
#92 = PCURVE('',#32,#93);
#93 = DEFINITIONAL_REPRESENTATION('',(#94),#98);
#94 = LINE('',#95,#96);
#95 = CARTESIAN_POINT('',(3.35,3.036891455276E-16));
#96 = VECTOR('',#97,1.);
#97 = DIRECTION('',(4.520189781082E-19,1.));
#98 = ( GEOMETRIC_REPRESENTATION_CONTEXT(2) 
PARAMETRIC_REPRESENTATION_CONTEXT() REPRESENTATION_CONTEXT('2D SPACE',''
  ) );
#99 = PCURVE('',#100,#105);
#100 = CONICAL_SURFACE('',#101,4.,0.785398163397);
#101 = AXIS2_PLACEMENT_3D('',#102,#103,#104);
#102 = CARTESIAN_POINT('',(-29.4,36.025,2.54E-15));
#103 = DIRECTION('',(1.,4.4E-16,-9.4E-16));
#104 = DIRECTION('',(9.4E-16,1.E-17,1.));
#105 = DEFINITIONAL_REPRESENTATION('',(#106),#110);
#106 = LINE('',#107,#108);
#107 = CARTESIAN_POINT('',(-0.,-0.15));
#108 = VECTOR('',#109,1.);
#109 = DIRECTION('',(-0.,-1.));
#110 = ( GEOMETRIC_REPRESENTATION_CONTEXT(2) 
PARAMETRIC_REPRESENTATION_CONTEXT() REPRESENTATION_CONTEXT('2D SPACE',''
  ) );
#111 = ORIENTED_EDGE('',*,*,#112,.F.);
#112 = EDGE_CURVE('',#24,#85,#113,.T.);
#113 = SURFACE_CURVE('',#114,(#118,#125),.PCURVE_S1.);
#114 = LINE('',#115,#116);
#115 = CARTESIAN_POINT('',(-29.7,32.675,3.7));
#116 = VECTOR('',#117,1.);
#117 = DIRECTION('',(-4.4E-16,1.,-8.9E-16));
#118 = PCURVE('',#32,#119);
#119 = DEFINITIONAL_REPRESENTATION('',(#120),#124);
#120 = LINE('',#121,#122);
#121 = CARTESIAN_POINT('',(-2.445892098501E-16,0.212132034356));
#122 = VECTOR('',#123,1.);
#123 = DIRECTION('',(1.,-1.552652204184E-31));
#124 = ( GEOMETRIC_REPRESENTATION_CONTEXT(2) 
PARAMETRIC_REPRESENTATION_CONTEXT() REPRESENTATION_CONTEXT('2D SPACE',''
  ) );
#125 = PCURVE('',#126,#131);
#126 = PLANE('',#127);
#127 = AXIS2_PLACEMENT_3D('',#128,#129,#130);
#128 = CARTESIAN_POINT('',(-29.7,35.118739126171,-1.7763568394E-15));
#129 = DIRECTION('',(1.,7.8E-16,-6.E-17));
#130 = DIRECTION('',(7.8E-16,-1.,5.6E-16));
#131 = DEFINITIONAL_REPRESENTATION('',(#132),#136);
#132 = LINE('',#133,#134);
#133 = CARTESIAN_POINT('',(2.443739126171,-3.7));
#134 = VECTOR('',#135,1.);
#135 = DIRECTION('',(-1.,3.3E-16));
#136 = ( GEOMETRIC_REPRESENTATION_CONTEXT(2) 
PARAMETRIC_REPRESENTATION_CONTEXT() REPRESENTATION_CONTEXT('2D SPACE',''
  ) );
#137 = ADVANCED_FACE('',(#138),#44,.T.);
#138 = FACE_BOUND('',#139,.T.);
#139 = EDGE_LOOP('',(#140,#170,#196,#197));
#140 = ORIENTED_EDGE('',*,*,#141,.F.);
#141 = EDGE_CURVE('',#142,#144,#146,.T.);
#142 = VERTEX_POINT('',#143);
#143 = CARTESIAN_POINT('',(-28.7,31.975,4.));
#144 = VERTEX_POINT('',#145);
#145 = CARTESIAN_POINT('',(-28.7,31.675,3.7));
#146 = SURFACE_CURVE('',#147,(#151,#158),.PCURVE_S1.);
#147 = LINE('',#148,#149);
#148 = CARTESIAN_POINT('',(-28.7,31.825,3.85));
#149 = VECTOR('',#150,1.);
#150 = DIRECTION('',(1.6E-16,-0.707106781187,-0.707106781187));
#151 = PCURVE('',#44,#152);
#152 = DEFINITIONAL_REPRESENTATION('',(#153),#157);
#153 = LINE('',#154,#155);
#154 = CARTESIAN_POINT('',(0.,-0.15));
#155 = VECTOR('',#156,1.);
#156 = DIRECTION('',(0.,1.));
#157 = ( GEOMETRIC_REPRESENTATION_CONTEXT(2) 
PARAMETRIC_REPRESENTATION_CONTEXT() REPRESENTATION_CONTEXT('2D SPACE',''
  ) );
#158 = PCURVE('',#159,#164);
#159 = PLANE('',#160);
#160 = AXIS2_PLACEMENT_3D('',#161,#162,#163);
#161 = CARTESIAN_POINT('',(-27.5,31.825,3.85));
#162 = DIRECTION('',(9.6E-16,-0.707106781187,0.707106781187));
#163 = DIRECTION('',(-8.E-17,-0.707106781187,-0.707106781187));
#164 = DEFINITIONAL_REPRESENTATION('',(#165),#169);
#165 = LINE('',#166,#167);
#166 = CARTESIAN_POINT('',(1.352073966947E-15,-1.2));
#167 = VECTOR('',#168,1.);
#168 = DIRECTION('',(1.,2.4E-16));
#169 = ( GEOMETRIC_REPRESENTATION_CONTEXT(2) 
PARAMETRIC_REPRESENTATION_CONTEXT() REPRESENTATION_CONTEXT('2D SPACE',''
  ) );
#170 = ORIENTED_EDGE('',*,*,#171,.T.);
#171 = EDGE_CURVE('',#142,#22,#172,.T.);
#172 = SURFACE_CURVE('',#173,(#178,#185),.PCURVE_S1.);
#173 = CIRCLE('',#174,0.7);
#174 = AXIS2_PLACEMENT_3D('',#175,#176,#177);
#175 = CARTESIAN_POINT('',(-28.7,32.675,4.));
#176 = DIRECTION('',(-5.E-16,-8.9E-16,-1.));
#177 = DIRECTION('',(4.E-15,-1.,8.9E-16));
#178 = PCURVE('',#44,#179);
#179 = DEFINITIONAL_REPRESENTATION('',(#180),#184);
#180 = LINE('',#181,#182);
#181 = CARTESIAN_POINT('',(0.,-0.3));
#182 = VECTOR('',#183,1.);
#183 = DIRECTION('',(1.,0.));
#184 = ( GEOMETRIC_REPRESENTATION_CONTEXT(2) 
PARAMETRIC_REPRESENTATION_CONTEXT() REPRESENTATION_CONTEXT('2D SPACE',''
  ) );
#185 = PCURVE('',#72,#186);
#186 = DEFINITIONAL_REPRESENTATION('',(#187),#195);
#187 = ( BOUNDED_CURVE() B_SPLINE_CURVE(2,(#188,#189,#190,#191,#192,#193
,#194),.UNSPECIFIED.,.T.,.F.) B_SPLINE_CURVE_WITH_KNOTS((1,2,2,2,2,1),(
    -2.094395102393,0.,2.094395102393,4.188790204786,6.28318530718,
8.377580409573),.UNSPECIFIED.) CURVE() GEOMETRIC_REPRESENTATION_ITEM() 
RATIONAL_B_SPLINE_CURVE((1.,0.5,1.,0.5,1.,0.5,1.)) REPRESENTATION_ITEM(
  '') );
#188 = CARTESIAN_POINT('',(-1.934729146982,0.745301204862));
#189 = CARTESIAN_POINT('',(-1.934729146982,1.95773677016));
#190 = CARTESIAN_POINT('',(-0.884729146982,1.351518987511));
#191 = CARTESIAN_POINT('',(0.165270853018,0.745301204862));
#192 = CARTESIAN_POINT('',(-0.884729146982,0.139083422213));
#193 = CARTESIAN_POINT('',(-1.934729146982,-0.467134360436));
#194 = CARTESIAN_POINT('',(-1.934729146982,0.745301204862));
#195 = ( GEOMETRIC_REPRESENTATION_CONTEXT(2) 
PARAMETRIC_REPRESENTATION_CONTEXT() REPRESENTATION_CONTEXT('2D SPACE',''
  ) );
#196 = ORIENTED_EDGE('',*,*,#21,.T.);
#197 = ORIENTED_EDGE('',*,*,#198,.F.);
#198 = EDGE_CURVE('',#144,#24,#199,.T.);
#199 = SURFACE_CURVE('',#200,(#205,#212),.PCURVE_S1.);
#200 = CIRCLE('',#201,1.);
#201 = AXIS2_PLACEMENT_3D('',#202,#203,#204);
#202 = CARTESIAN_POINT('',(-28.7,32.675,3.7));
#203 = DIRECTION('',(-5.E-16,-8.9E-16,-1.));
#204 = DIRECTION('',(4.E-15,-1.,8.9E-16));
#205 = PCURVE('',#44,#206);
#206 = DEFINITIONAL_REPRESENTATION('',(#207),#211);
#207 = LINE('',#208,#209);
#208 = CARTESIAN_POINT('',(0.,0.));
#209 = VECTOR('',#210,1.);
#210 = DIRECTION('',(1.,0.));
#211 = ( GEOMETRIC_REPRESENTATION_CONTEXT(2) 
PARAMETRIC_REPRESENTATION_CONTEXT() REPRESENTATION_CONTEXT('2D SPACE',''
  ) );
#212 = PCURVE('',#213,#218);
#213 = CYLINDRICAL_SURFACE('',#214,1.);
#214 = AXIS2_PLACEMENT_3D('',#215,#216,#217);
#215 = CARTESIAN_POINT('',(-28.7,32.675,-4.));
#216 = DIRECTION('',(9.4E-16,4.4E-16,1.));
#217 = DIRECTION('',(7.2E-16,-1.,4.4E-16));
#218 = DEFINITIONAL_REPRESENTATION('',(#219),#223);
#219 = LINE('',#220,#221);
#220 = CARTESIAN_POINT('',(-0.,7.7));
#221 = VECTOR('',#222,1.);
#222 = DIRECTION('',(-1.,0.));
#223 = ( GEOMETRIC_REPRESENTATION_CONTEXT(2) 
PARAMETRIC_REPRESENTATION_CONTEXT() REPRESENTATION_CONTEXT('2D SPACE',''
  ) );
#224 = ADVANCED_FACE('',(#225),#100,.T.);
#225 = FACE_BOUND('',#226,.T.);
#226 = EDGE_LOOP('',(#227,#228,#257,#285));
#227 = ORIENTED_EDGE('',*,*,#84,.F.);
#228 = ORIENTED_EDGE('',*,*,#229,.T.);
#229 = EDGE_CURVE('',#57,#230,#232,.T.);
#230 = VERTEX_POINT('',#231);
#231 = CARTESIAN_POINT('',(-29.4,36.025,-4.));
#232 = SURFACE_CURVE('',#233,(#238,#245),.PCURVE_S1.);
#233 = CIRCLE('',#234,4.);
#234 = AXIS2_PLACEMENT_3D('',#235,#236,#237);
#235 = CARTESIAN_POINT('',(-29.4,36.025,2.54E-15));
#236 = DIRECTION('',(-1.,-4.4E-16,9.4E-16));
#237 = DIRECTION('',(9.4E-16,1.E-17,1.));
#238 = PCURVE('',#100,#239);
#239 = DEFINITIONAL_REPRESENTATION('',(#240),#244);
#240 = LINE('',#241,#242);
#241 = CARTESIAN_POINT('',(-0.,-0.));
#242 = VECTOR('',#243,1.);
#243 = DIRECTION('',(-1.,-0.));
#244 = ( GEOMETRIC_REPRESENTATION_CONTEXT(2) 
PARAMETRIC_REPRESENTATION_CONTEXT() REPRESENTATION_CONTEXT('2D SPACE',''
  ) );
#245 = PCURVE('',#246,#251);
#246 = CYLINDRICAL_SURFACE('',#247,4.);
#247 = AXIS2_PLACEMENT_3D('',#248,#249,#250);
#248 = CARTESIAN_POINT('',(-26.2,36.025,-8.E-17));
#249 = DIRECTION('',(1.,6.7E-16,-7.2E-16));
#250 = DIRECTION('',(-6.7E-16,1.,-8.9E-16));
#251 = DEFINITIONAL_REPRESENTATION('',(#252),#256);
#252 = LINE('',#253,#254);
#253 = CARTESIAN_POINT('',(-4.712388980385,-3.2));
#254 = VECTOR('',#255,1.);
#255 = DIRECTION('',(-1.,-7.1E-16));
#256 = ( GEOMETRIC_REPRESENTATION_CONTEXT(2) 
PARAMETRIC_REPRESENTATION_CONTEXT() REPRESENTATION_CONTEXT('2D SPACE',''
  ) );
#257 = ORIENTED_EDGE('',*,*,#258,.T.);
#258 = EDGE_CURVE('',#230,#259,#261,.T.);
#259 = VERTEX_POINT('',#260);
#260 = CARTESIAN_POINT('',(-29.7,36.025,-3.7));
#261 = SURFACE_CURVE('',#262,(#266,#273),.PCURVE_S1.);
#262 = LINE('',#263,#264);
#263 = CARTESIAN_POINT('',(-29.4,36.025,-4.));
#264 = VECTOR('',#265,1.);
#265 = DIRECTION('',(-0.707106781187,-3.9E-16,0.707106781187));
#266 = PCURVE('',#100,#267);
#267 = DEFINITIONAL_REPRESENTATION('',(#268),#272);
#268 = LINE('',#269,#270);
#269 = CARTESIAN_POINT('',(-3.14159265359,-0.));
#270 = VECTOR('',#271,1.);
#271 = DIRECTION('',(-0.,-1.));
#272 = ( GEOMETRIC_REPRESENTATION_CONTEXT(2) 
PARAMETRIC_REPRESENTATION_CONTEXT() REPRESENTATION_CONTEXT('2D SPACE',''
  ) );
#273 = PCURVE('',#274,#279);
#274 = PLANE('',#275);
#275 = AXIS2_PLACEMENT_3D('',#276,#277,#278);
#276 = CARTESIAN_POINT('',(-29.55,36.025,-3.85));
#277 = DIRECTION('',(-0.707106781187,-1.08E-15,-0.707106781187));
#278 = DIRECTION('',(5.386753236815E-16,-1.,9.886753236815E-16));
#279 = DEFINITIONAL_REPRESENTATION('',(#280),#284);
#280 = LINE('',#281,#282);
#281 = CARTESIAN_POINT('',(-1.982634717478E-15,-0.212132034356));
#282 = VECTOR('',#283,1.);
#283 = DIRECTION('',(7.081980515339E-16,1.));
#284 = ( GEOMETRIC_REPRESENTATION_CONTEXT(2) 
PARAMETRIC_REPRESENTATION_CONTEXT() REPRESENTATION_CONTEXT('2D SPACE',''
  ) );
#285 = ORIENTED_EDGE('',*,*,#286,.F.);
#286 = EDGE_CURVE('',#85,#259,#287,.T.);
#287 = SURFACE_CURVE('',#288,(#293,#300),.PCURVE_S1.);
#288 = CIRCLE('',#289,3.7);
#289 = AXIS2_PLACEMENT_3D('',#290,#291,#292);
#290 = CARTESIAN_POINT('',(-29.7,36.025,2.82E-15));
#291 = DIRECTION('',(-1.,-4.4E-16,9.4E-16));
#292 = DIRECTION('',(9.4E-16,1.E-17,1.));
#293 = PCURVE('',#100,#294);
#294 = DEFINITIONAL_REPRESENTATION('',(#295),#299);
#295 = LINE('',#296,#297);
#296 = CARTESIAN_POINT('',(-0.,-0.3));
#297 = VECTOR('',#298,1.);
#298 = DIRECTION('',(-1.,-0.));
#299 = ( GEOMETRIC_REPRESENTATION_CONTEXT(2) 
PARAMETRIC_REPRESENTATION_CONTEXT() REPRESENTATION_CONTEXT('2D SPACE',''
  ) );
#300 = PCURVE('',#126,#301);
#301 = DEFINITIONAL_REPRESENTATION('',(#302),#310);
#302 = ( BOUNDED_CURVE() B_SPLINE_CURVE(2,(#303,#304,#305,#306,#307,#308
,#309),.UNSPECIFIED.,.T.,.F.) B_SPLINE_CURVE_WITH_KNOTS((1,2,2,2,2,1),(
    -2.094395102393,0.,2.094395102393,4.188790204786,6.28318530718,
8.377580409573),.UNSPECIFIED.) CURVE() GEOMETRIC_REPRESENTATION_ITEM() 
RATIONAL_B_SPLINE_CURVE((1.,0.5,1.,0.5,1.,0.5,1.)) REPRESENTATION_ITEM(
  '') );
#303 = CARTESIAN_POINT('',(-0.906260873829,-3.7));
#304 = CARTESIAN_POINT('',(-7.314848861834,-3.7));
#305 = CARTESIAN_POINT('',(-4.110554867832,1.85));
#306 = CARTESIAN_POINT('',(-0.906260873829,7.4));
#307 = CARTESIAN_POINT('',(2.298033120173,1.85));
#308 = CARTESIAN_POINT('',(5.502327114176,-3.7));
#309 = CARTESIAN_POINT('',(-0.906260873829,-3.7));
#310 = ( GEOMETRIC_REPRESENTATION_CONTEXT(2) 
PARAMETRIC_REPRESENTATION_CONTEXT() REPRESENTATION_CONTEXT('2D SPACE',''
  ) );
#311 = ADVANCED_FACE('',(#312),#126,.F.);
#312 = FACE_BOUND('',#313,.F.);
#313 = EDGE_LOOP('',(#314,#337,#358,#359));
#314 = ORIENTED_EDGE('',*,*,#315,.F.);
#315 = EDGE_CURVE('',#316,#24,#318,.T.);
#316 = VERTEX_POINT('',#317);
#317 = CARTESIAN_POINT('',(-29.7,32.675,-3.7));
#318 = SURFACE_CURVE('',#319,(#323,#330),.PCURVE_S1.);
#319 = LINE('',#320,#321);
#320 = CARTESIAN_POINT('',(-29.7,32.675,-4.));
#321 = VECTOR('',#322,1.);
#322 = DIRECTION('',(9.4E-16,4.4E-16,1.));
#323 = PCURVE('',#126,#324);
#324 = DEFINITIONAL_REPRESENTATION('',(#325),#329);
#325 = LINE('',#326,#327);
#326 = CARTESIAN_POINT('',(2.443739126171,4.));
#327 = VECTOR('',#328,1.);
#328 = DIRECTION('',(1.2E-16,-1.));
#329 = ( GEOMETRIC_REPRESENTATION_CONTEXT(2) 
PARAMETRIC_REPRESENTATION_CONTEXT() REPRESENTATION_CONTEXT('2D SPACE',''
  ) );
#330 = PCURVE('',#213,#331);
#331 = DEFINITIONAL_REPRESENTATION('',(#332),#336);
#332 = LINE('',#333,#334);
#333 = CARTESIAN_POINT('',(-1.570796326795,0.));
#334 = VECTOR('',#335,1.);
#335 = DIRECTION('',(-0.,1.));
#336 = ( GEOMETRIC_REPRESENTATION_CONTEXT(2) 
PARAMETRIC_REPRESENTATION_CONTEXT() REPRESENTATION_CONTEXT('2D SPACE',''
  ) );
#337 = ORIENTED_EDGE('',*,*,#338,.F.);
#338 = EDGE_CURVE('',#259,#316,#339,.T.);
#339 = SURFACE_CURVE('',#340,(#344,#351),.PCURVE_S1.);
#340 = LINE('',#341,#342);
#341 = CARTESIAN_POINT('',(-29.7,36.025,-3.7));
#342 = VECTOR('',#343,1.);
#343 = DIRECTION('',(4.4E-16,-1.,8.9E-16));
#344 = PCURVE('',#126,#345);
#345 = DEFINITIONAL_REPRESENTATION('',(#346),#350);
#346 = LINE('',#347,#348);
#347 = CARTESIAN_POINT('',(-0.906260873829,3.7));
#348 = VECTOR('',#349,1.);
#349 = DIRECTION('',(1.,-3.3E-16));
#350 = ( GEOMETRIC_REPRESENTATION_CONTEXT(2) 
PARAMETRIC_REPRESENTATION_CONTEXT() REPRESENTATION_CONTEXT('2D SPACE',''
  ) );
#351 = PCURVE('',#274,#352);
#352 = DEFINITIONAL_REPRESENTATION('',(#353),#357);
#353 = LINE('',#354,#355);
#354 = CARTESIAN_POINT('',(1.198884876874E-17,0.212132034356));
#355 = VECTOR('',#356,1.);
#356 = DIRECTION('',(1.,-3.266366542636E-32));
#357 = ( GEOMETRIC_REPRESENTATION_CONTEXT(2) 
PARAMETRIC_REPRESENTATION_CONTEXT() REPRESENTATION_CONTEXT('2D SPACE',''
  ) );
#358 = ORIENTED_EDGE('',*,*,#286,.F.);
#359 = ORIENTED_EDGE('',*,*,#112,.F.);
#360 = ADVANCED_FACE('',(#361),#213,.T.);
#361 = FACE_BOUND('',#362,.F.);
#362 = EDGE_LOOP('',(#363,#391,#418,#419));
#363 = ORIENTED_EDGE('',*,*,#364,.F.);
#364 = EDGE_CURVE('',#365,#144,#367,.T.);
#365 = VERTEX_POINT('',#366);
#366 = CARTESIAN_POINT('',(-28.7,31.675,-3.7));
#367 = SURFACE_CURVE('',#368,(#372,#379),.PCURVE_S1.);
#368 = LINE('',#369,#370);
#369 = CARTESIAN_POINT('',(-28.7,31.675,-4.));
#370 = VECTOR('',#371,1.);
#371 = DIRECTION('',(9.4E-16,4.4E-16,1.));
#372 = PCURVE('',#213,#373);
#373 = DEFINITIONAL_REPRESENTATION('',(#374),#378);
#374 = LINE('',#375,#376);
#375 = CARTESIAN_POINT('',(-0.,0.));
#376 = VECTOR('',#377,1.);
#377 = DIRECTION('',(-0.,1.));
#378 = ( GEOMETRIC_REPRESENTATION_CONTEXT(2) 
PARAMETRIC_REPRESENTATION_CONTEXT() REPRESENTATION_CONTEXT('2D SPACE',''
  ) );
#379 = PCURVE('',#380,#385);
#380 = PLANE('',#381);
#381 = AXIS2_PLACEMENT_3D('',#382,#383,#384);
#382 = CARTESIAN_POINT('',(-27.5,31.675,4.9E-15));
#383 = DIRECTION('',(1.89E-15,-1.,5.E-16));
#384 = DIRECTION('',(1.,1.89E-15,-1.1E-16));
#385 = DEFINITIONAL_REPRESENTATION('',(#386),#390);
#386 = LINE('',#387,#388);
#387 = CARTESIAN_POINT('',(-1.2,-4.));
#388 = VECTOR('',#389,1.);
#389 = DIRECTION('',(8.3E-16,1.));
#390 = ( GEOMETRIC_REPRESENTATION_CONTEXT(2) 
PARAMETRIC_REPRESENTATION_CONTEXT() REPRESENTATION_CONTEXT('2D SPACE',''
  ) );
#391 = ORIENTED_EDGE('',*,*,#392,.F.);
#392 = EDGE_CURVE('',#316,#365,#393,.T.);
#393 = SURFACE_CURVE('',#394,(#399,#406),.PCURVE_S1.);
#394 = CIRCLE('',#395,1.);
#395 = AXIS2_PLACEMENT_3D('',#396,#397,#398);
#396 = CARTESIAN_POINT('',(-28.7,32.675,-3.7));
#397 = DIRECTION('',(5.E-16,8.9E-16,1.));
#398 = DIRECTION('',(-1.,-0.,5.E-16));
#399 = PCURVE('',#213,#400);
#400 = DEFINITIONAL_REPRESENTATION('',(#401),#405);
#401 = LINE('',#402,#403);
#402 = CARTESIAN_POINT('',(-1.570796326795,0.3));
#403 = VECTOR('',#404,1.);
#404 = DIRECTION('',(1.,-0.));
#405 = ( GEOMETRIC_REPRESENTATION_CONTEXT(2) 
PARAMETRIC_REPRESENTATION_CONTEXT() REPRESENTATION_CONTEXT('2D SPACE',''
  ) );
#406 = PCURVE('',#407,#412);
#407 = CONICAL_SURFACE('',#408,1.,0.785398163397);
#408 = AXIS2_PLACEMENT_3D('',#409,#410,#411);
#409 = CARTESIAN_POINT('',(-28.7,32.675,-3.7));
#410 = DIRECTION('',(5.E-16,8.9E-16,1.));
#411 = DIRECTION('',(-1.,-0.,5.E-16));
#412 = DEFINITIONAL_REPRESENTATION('',(#413),#417);
#413 = LINE('',#414,#415);
#414 = CARTESIAN_POINT('',(0.,0.));
#415 = VECTOR('',#416,1.);
#416 = DIRECTION('',(1.,0.));
#417 = ( GEOMETRIC_REPRESENTATION_CONTEXT(2) 
PARAMETRIC_REPRESENTATION_CONTEXT() REPRESENTATION_CONTEXT('2D SPACE',''
  ) );
#418 = ORIENTED_EDGE('',*,*,#315,.T.);
#419 = ORIENTED_EDGE('',*,*,#198,.F.);
#420 = ADVANCED_FACE('',(#421),#407,.T.);
#421 = FACE_BOUND('',#422,.T.);
#422 = EDGE_LOOP('',(#423,#446,#479,#505));
#423 = ORIENTED_EDGE('',*,*,#424,.F.);
#424 = EDGE_CURVE('',#425,#316,#427,.T.);
#425 = VERTEX_POINT('',#426);
#426 = CARTESIAN_POINT('',(-29.4,32.675,-4.));
#427 = SURFACE_CURVE('',#428,(#432,#439),.PCURVE_S1.);
#428 = LINE('',#429,#430);
#429 = CARTESIAN_POINT('',(-29.55,32.675,-3.85));
#430 = VECTOR('',#431,1.);
#431 = DIRECTION('',(-0.707106781187,3.1E-16,0.707106781187));
#432 = PCURVE('',#407,#433);
#433 = DEFINITIONAL_REPRESENTATION('',(#434),#438);
#434 = LINE('',#435,#436);
#435 = CARTESIAN_POINT('',(6.7E-16,-0.15));
#436 = VECTOR('',#437,1.);
#437 = DIRECTION('',(0.,1.));
#438 = ( GEOMETRIC_REPRESENTATION_CONTEXT(2) 
PARAMETRIC_REPRESENTATION_CONTEXT() REPRESENTATION_CONTEXT('2D SPACE',''
  ) );
#439 = PCURVE('',#274,#440);
#440 = DEFINITIONAL_REPRESENTATION('',(#441),#445);
#441 = LINE('',#442,#443);
#442 = CARTESIAN_POINT('',(3.35,1.901104943083E-16));
#443 = VECTOR('',#444,1.);
#444 = DIRECTION('',(8.198051533947E-18,1.));
#445 = ( GEOMETRIC_REPRESENTATION_CONTEXT(2) 
PARAMETRIC_REPRESENTATION_CONTEXT() REPRESENTATION_CONTEXT('2D SPACE',''
  ) );
#446 = ORIENTED_EDGE('',*,*,#447,.T.);
#447 = EDGE_CURVE('',#425,#448,#450,.T.);
#448 = VERTEX_POINT('',#449);
#449 = CARTESIAN_POINT('',(-28.7,31.975,-4.));
#450 = SURFACE_CURVE('',#451,(#456,#463),.PCURVE_S1.);
#451 = CIRCLE('',#452,0.7);
#452 = AXIS2_PLACEMENT_3D('',#453,#454,#455);
#453 = CARTESIAN_POINT('',(-28.7,32.675,-4.));
#454 = DIRECTION('',(5.E-16,8.9E-16,1.));
#455 = DIRECTION('',(-1.,-0.,5.E-16));
#456 = PCURVE('',#407,#457);
#457 = DEFINITIONAL_REPRESENTATION('',(#458),#462);
#458 = LINE('',#459,#460);
#459 = CARTESIAN_POINT('',(0.,-0.3));
#460 = VECTOR('',#461,1.);
#461 = DIRECTION('',(1.,0.));
#462 = ( GEOMETRIC_REPRESENTATION_CONTEXT(2) 
PARAMETRIC_REPRESENTATION_CONTEXT() REPRESENTATION_CONTEXT('2D SPACE',''
  ) );
#463 = PCURVE('',#464,#469);
#464 = PLANE('',#465);
#465 = AXIS2_PLACEMENT_3D('',#466,#467,#468);
#466 = CARTESIAN_POINT('',(-27.95469879513,33.909729146982,-4.));
#467 = DIRECTION('',(-5.1E-16,-7.3E-16,-1.));
#468 = DIRECTION('',(9.959468122612E-48,-1.,7.3E-16));
#469 = DEFINITIONAL_REPRESENTATION('',(#470),#478);
#470 = ( BOUNDED_CURVE() B_SPLINE_CURVE(2,(#471,#472,#473,#474,#475,#476
,#477),.UNSPECIFIED.,.T.,.F.) B_SPLINE_CURVE_WITH_KNOTS((1,2,2,2,2,1),(
    -2.094395102393,0.,2.094395102393,4.188790204786,6.28318530718,
8.377580409573),.UNSPECIFIED.) CURVE() GEOMETRIC_REPRESENTATION_ITEM() 
RATIONAL_B_SPLINE_CURVE((1.,0.5,1.,0.5,1.,0.5,1.)) REPRESENTATION_ITEM(
  '') );
#471 = CARTESIAN_POINT('',(1.234729146982,1.445301204862));
#472 = CARTESIAN_POINT('',(2.447164712281,1.445301204862));
#473 = CARTESIAN_POINT('',(1.840946929632,0.395301204862));
#474 = CARTESIAN_POINT('',(1.234729146982,-0.654698795138));
#475 = CARTESIAN_POINT('',(0.628511364333,0.395301204862));
#476 = CARTESIAN_POINT('',(2.229358168419E-02,1.445301204862));
#477 = CARTESIAN_POINT('',(1.234729146982,1.445301204862));
#478 = ( GEOMETRIC_REPRESENTATION_CONTEXT(2) 
PARAMETRIC_REPRESENTATION_CONTEXT() REPRESENTATION_CONTEXT('2D SPACE',''
  ) );
#479 = ORIENTED_EDGE('',*,*,#480,.T.);
#480 = EDGE_CURVE('',#448,#365,#481,.T.);
#481 = SURFACE_CURVE('',#482,(#486,#493),.PCURVE_S1.);
#482 = LINE('',#483,#484);
#483 = CARTESIAN_POINT('',(-28.7,31.675,-3.7));
#484 = VECTOR('',#485,1.);
#485 = DIRECTION('',(9.4E-16,-0.707106781187,0.707106781187));
#486 = PCURVE('',#407,#487);
#487 = DEFINITIONAL_REPRESENTATION('',(#488),#492);
#488 = LINE('',#489,#490);
#489 = CARTESIAN_POINT('',(1.570796326795,0.));
#490 = VECTOR('',#491,1.);
#491 = DIRECTION('',(0.,1.));
#492 = ( GEOMETRIC_REPRESENTATION_CONTEXT(2) 
PARAMETRIC_REPRESENTATION_CONTEXT() REPRESENTATION_CONTEXT('2D SPACE',''
  ) );
#493 = PCURVE('',#494,#499);
#494 = PLANE('',#495);
#495 = AXIS2_PLACEMENT_3D('',#496,#497,#498);
#496 = CARTESIAN_POINT('',(-27.5,31.825,-3.85));
#497 = DIRECTION('',(6.E-16,-0.707106781187,-0.707106781187));
#498 = DIRECTION('',(-8.E-17,0.707106781187,-0.707106781187));
#499 = DEFINITIONAL_REPRESENTATION('',(#500),#504);
#500 = LINE('',#501,#502);
#501 = CARTESIAN_POINT('',(-0.212132034356,-1.2));
#502 = VECTOR('',#503,1.);
#503 = DIRECTION('',(-1.,8.6E-16));
#504 = ( GEOMETRIC_REPRESENTATION_CONTEXT(2) 
PARAMETRIC_REPRESENTATION_CONTEXT() REPRESENTATION_CONTEXT('2D SPACE',''
  ) );
#505 = ORIENTED_EDGE('',*,*,#392,.F.);
#506 = ADVANCED_FACE('',(#507),#274,.T.);
#507 = FACE_BOUND('',#508,.T.);
#508 = EDGE_LOOP('',(#509,#510,#531,#532));
#509 = ORIENTED_EDGE('',*,*,#258,.F.);
#510 = ORIENTED_EDGE('',*,*,#511,.T.);
#511 = EDGE_CURVE('',#230,#425,#512,.T.);
#512 = SURFACE_CURVE('',#513,(#517,#524),.PCURVE_S1.);
#513 = LINE('',#514,#515);
#514 = CARTESIAN_POINT('',(-29.4,36.025,-4.));
#515 = VECTOR('',#516,1.);
#516 = DIRECTION('',(4.4E-16,-1.,8.9E-16));
#517 = PCURVE('',#274,#518);
#518 = DEFINITIONAL_REPRESENTATION('',(#519),#523);
#519 = LINE('',#520,#521);
#520 = CARTESIAN_POINT('',(1.888939039072E-18,-0.212132034356));
#521 = VECTOR('',#522,1.);
#522 = DIRECTION('',(1.,-3.266366542636E-32));
#523 = ( GEOMETRIC_REPRESENTATION_CONTEXT(2) 
PARAMETRIC_REPRESENTATION_CONTEXT() REPRESENTATION_CONTEXT('2D SPACE',''
  ) );
#524 = PCURVE('',#464,#525);
#525 = DEFINITIONAL_REPRESENTATION('',(#526),#530);
#526 = LINE('',#527,#528);
#527 = CARTESIAN_POINT('',(-2.115270853018,1.445301204862));
#528 = VECTOR('',#529,1.);
#529 = DIRECTION('',(1.,-4.4E-16));
#530 = ( GEOMETRIC_REPRESENTATION_CONTEXT(2) 
PARAMETRIC_REPRESENTATION_CONTEXT() REPRESENTATION_CONTEXT('2D SPACE',''
  ) );
#531 = ORIENTED_EDGE('',*,*,#424,.T.);
#532 = ORIENTED_EDGE('',*,*,#338,.F.);
#533 = ADVANCED_FACE('',(#534),#72,.T.);
#534 = FACE_BOUND('',#535,.T.);
#535 = EDGE_LOOP('',(#536,#559,#560,#561,#584,#612,#640,#672));
#536 = ORIENTED_EDGE('',*,*,#537,.T.);
#537 = EDGE_CURVE('',#538,#57,#540,.T.);
#538 = VERTEX_POINT('',#539);
#539 = CARTESIAN_POINT('',(-27.05,36.025,4.));
#540 = SURFACE_CURVE('',#541,(#545,#552),.PCURVE_S1.);
#541 = LINE('',#542,#543);
#542 = CARTESIAN_POINT('',(-26.2,36.025,4.));
#543 = VECTOR('',#544,1.);
#544 = DIRECTION('',(-1.,-6.1E-16,2.8E-16));
#545 = PCURVE('',#72,#546);
#546 = DEFINITIONAL_REPRESENTATION('',(#547),#551);
#547 = LINE('',#548,#549);
#548 = CARTESIAN_POINT('',(2.115270853018,-1.754698795138));
#549 = VECTOR('',#550,1.);
#550 = DIRECTION('',(-6.1E-16,1.));
#551 = ( GEOMETRIC_REPRESENTATION_CONTEXT(2) 
PARAMETRIC_REPRESENTATION_CONTEXT() REPRESENTATION_CONTEXT('2D SPACE',''
  ) );
#552 = PCURVE('',#246,#553);
#553 = DEFINITIONAL_REPRESENTATION('',(#554),#558);
#554 = LINE('',#555,#556);
#555 = CARTESIAN_POINT('',(-4.712388980385,1.E-15));
#556 = VECTOR('',#557,1.);
#557 = DIRECTION('',(-0.,-1.));
#558 = ( GEOMETRIC_REPRESENTATION_CONTEXT(2) 
PARAMETRIC_REPRESENTATION_CONTEXT() REPRESENTATION_CONTEXT('2D SPACE',''
  ) );
#559 = ORIENTED_EDGE('',*,*,#56,.F.);
#560 = ORIENTED_EDGE('',*,*,#171,.F.);
#561 = ORIENTED_EDGE('',*,*,#562,.F.);
#562 = EDGE_CURVE('',#563,#142,#565,.T.);
#563 = VERTEX_POINT('',#564);
#564 = CARTESIAN_POINT('',(-26.3,31.975,4.));
#565 = SURFACE_CURVE('',#566,(#570,#577),.PCURVE_S1.);
#566 = LINE('',#567,#568);
#567 = CARTESIAN_POINT('',(-27.,31.975,4.));
#568 = VECTOR('',#569,1.);
#569 = DIRECTION('',(-1.,-7.2E-16,5.E-16));
#570 = PCURVE('',#72,#571);
#571 = DEFINITIONAL_REPRESENTATION('',(#572),#576);
#572 = LINE('',#573,#574);
#573 = CARTESIAN_POINT('',(-1.934729146982,-0.954698795138));
#574 = VECTOR('',#575,1.);
#575 = DIRECTION('',(-7.2E-16,1.));
#576 = ( GEOMETRIC_REPRESENTATION_CONTEXT(2) 
PARAMETRIC_REPRESENTATION_CONTEXT() REPRESENTATION_CONTEXT('2D SPACE',''
  ) );
#577 = PCURVE('',#159,#578);
#578 = DEFINITIONAL_REPRESENTATION('',(#579),#583);
#579 = LINE('',#580,#581);
#580 = CARTESIAN_POINT('',(-0.212132034356,0.5));
#581 = VECTOR('',#582,1.);
#582 = DIRECTION('',(2.35563491861E-16,-1.));
#583 = ( GEOMETRIC_REPRESENTATION_CONTEXT(2) 
PARAMETRIC_REPRESENTATION_CONTEXT() REPRESENTATION_CONTEXT('2D SPACE',''
  ) );
#584 = ORIENTED_EDGE('',*,*,#585,.T.);
#585 = EDGE_CURVE('',#563,#586,#588,.T.);
#586 = VERTEX_POINT('',#587);
#587 = CARTESIAN_POINT('',(-26.3,33.407,4.));
#588 = SURFACE_CURVE('',#589,(#593,#600),.PCURVE_S1.);
#589 = LINE('',#590,#591);
#590 = CARTESIAN_POINT('',(-26.3,31.675,4.));
#591 = VECTOR('',#592,1.);
#592 = DIRECTION('',(0.,1.,-2.E-17));
#593 = PCURVE('',#72,#594);
#594 = DEFINITIONAL_REPRESENTATION('',(#595),#599);
#595 = LINE('',#596,#597);
#596 = CARTESIAN_POINT('',(-2.234729146982,-1.654698795138));
#597 = VECTOR('',#598,1.);
#598 = DIRECTION('',(1.,5.31E-31));
#599 = ( GEOMETRIC_REPRESENTATION_CONTEXT(2) 
PARAMETRIC_REPRESENTATION_CONTEXT() REPRESENTATION_CONTEXT('2D SPACE',''
  ) );
#600 = PCURVE('',#601,#606);
#601 = PLANE('',#602);
#602 = AXIS2_PLACEMENT_3D('',#603,#604,#605);
#603 = CARTESIAN_POINT('',(-26.3,35.917990468923,1.110223024625E-16));
#604 = DIRECTION('',(1.,6.7E-16,-1.7E-16));
#605 = DIRECTION('',(6.7E-16,-1.,3.3E-16));
#606 = DEFINITIONAL_REPRESENTATION('',(#607),#611);
#607 = LINE('',#608,#609);
#608 = CARTESIAN_POINT('',(4.242990468923,-4.));
#609 = VECTOR('',#610,1.);
#610 = DIRECTION('',(-1.,-3.1E-16));
#611 = ( GEOMETRIC_REPRESENTATION_CONTEXT(2) 
PARAMETRIC_REPRESENTATION_CONTEXT() REPRESENTATION_CONTEXT('2D SPACE',''
  ) );
#612 = ORIENTED_EDGE('',*,*,#613,.T.);
#613 = EDGE_CURVE('',#586,#614,#616,.T.);
#614 = VERTEX_POINT('',#615);
#615 = CARTESIAN_POINT('',(-27.,33.407,4.));
#616 = SURFACE_CURVE('',#617,(#621,#628),.PCURVE_S1.);
#617 = LINE('',#618,#619);
#618 = CARTESIAN_POINT('',(-26.2,33.407,4.));
#619 = VECTOR('',#620,1.);
#620 = DIRECTION('',(-1.,-7.2E-16,1.7E-16));
#621 = PCURVE('',#72,#622);
#622 = DEFINITIONAL_REPRESENTATION('',(#623),#627);
#623 = LINE('',#624,#625);
#624 = CARTESIAN_POINT('',(-0.502729146982,-1.754698795138));
#625 = VECTOR('',#626,1.);
#626 = DIRECTION('',(-7.2E-16,1.));
#627 = ( GEOMETRIC_REPRESENTATION_CONTEXT(2) 
PARAMETRIC_REPRESENTATION_CONTEXT() REPRESENTATION_CONTEXT('2D SPACE',''
  ) );
#628 = PCURVE('',#629,#634);
#629 = CYLINDRICAL_SURFACE('',#630,2.);
#630 = AXIS2_PLACEMENT_3D('',#631,#632,#633);
#631 = CARTESIAN_POINT('',(-26.2,33.407,6.));
#632 = DIRECTION('',(1.,6.7E-16,-3.9E-16));
#633 = DIRECTION('',(-6.7E-16,1.,-1.E-15));
#634 = DEFINITIONAL_REPRESENTATION('',(#635),#639);
#635 = LINE('',#636,#637);
#636 = CARTESIAN_POINT('',(-1.570796326795,0.));
#637 = VECTOR('',#638,1.);
#638 = DIRECTION('',(-0.,-1.));
#639 = ( GEOMETRIC_REPRESENTATION_CONTEXT(2) 
PARAMETRIC_REPRESENTATION_CONTEXT() REPRESENTATION_CONTEXT('2D SPACE',''
  ) );
#640 = ORIENTED_EDGE('',*,*,#641,.T.);
#641 = EDGE_CURVE('',#614,#642,#644,.T.);
#642 = VERTEX_POINT('',#643);
#643 = CARTESIAN_POINT('',(-27.05,33.857,4.));
#644 = SURFACE_CURVE('',#645,(#650,#657),.PCURVE_S1.);
#645 = HYPERBOLA('',#646,2.,2.);
#646 = AXIS2_PLACEMENT_3D('',#647,#648,#649);
#647 = CARTESIAN_POINT('',(-25.,33.407,4.));
#648 = DIRECTION('',(-2.8E-16,-7.8E-16,-1.));
#649 = DIRECTION('',(-1.,-7.8E-16,2.8E-16));
#650 = PCURVE('',#72,#651);
#651 = DEFINITIONAL_REPRESENTATION('',(#652),#656);
#652 = HYPERBOLA('',#653,2.,2.);
#653 = AXIS2_PLACEMENT_2D('',#654,#655);
#654 = CARTESIAN_POINT('',(-0.502729146982,-2.954698795138));
#655 = DIRECTION('',(-7.8E-16,1.));
#656 = ( GEOMETRIC_REPRESENTATION_CONTEXT(2) 
PARAMETRIC_REPRESENTATION_CONTEXT() REPRESENTATION_CONTEXT('2D SPACE',''
  ) );
#657 = PCURVE('',#658,#663);
#658 = CONICAL_SURFACE('',#659,2.,0.785398163397);
#659 = AXIS2_PLACEMENT_3D('',#660,#661,#662);
#660 = CARTESIAN_POINT('',(-27.,33.407,6.));
#661 = DIRECTION('',(-1.,-6.7E-16,3.9E-16));
#662 = DIRECTION('',(-7.679409458798E-16,0.924986486388,-0.38));
#663 = DEFINITIONAL_REPRESENTATION('',(#664),#671);
#664 = B_SPLINE_CURVE_WITH_KNOTS('',5,(#665,#666,#667,#668,#669,#670),
  .UNSPECIFIED.,.F.,.F.,(6,6),(-2.2E-16,0.223143551314),
  .PIECEWISE_BEZIER_KNOTS.);
#665 = CARTESIAN_POINT('',(1.181000030321,3.938584771209E-15));
#666 = CARTESIAN_POINT('',(1.136371320058,3.917371567773E-15));
#667 = CARTESIAN_POINT('',(1.091742588245,4.979296900819E-03));
#668 = CARTESIAN_POINT('',(1.047299151323,1.493794025442E-02));
#669 = CARTESIAN_POINT('',(1.003225793107,2.991708038172E-02));
#670 = CARTESIAN_POINT('',(0.959685587973,5.E-02));
#671 = ( GEOMETRIC_REPRESENTATION_CONTEXT(2) 
PARAMETRIC_REPRESENTATION_CONTEXT() REPRESENTATION_CONTEXT('2D SPACE',''
  ) );
#672 = ORIENTED_EDGE('',*,*,#673,.T.);
#673 = EDGE_CURVE('',#642,#538,#674,.T.);
#674 = SURFACE_CURVE('',#675,(#679,#686),.PCURVE_S1.);
#675 = LINE('',#676,#677);
#676 = CARTESIAN_POINT('',(-27.05,33.796495234461,4.));
#677 = VECTOR('',#678,1.);
#678 = DIRECTION('',(-5.6E-16,1.,-7.8E-16));
#679 = PCURVE('',#72,#680);
#680 = DEFINITIONAL_REPRESENTATION('',(#681),#685);
#681 = LINE('',#682,#683);
#682 = CARTESIAN_POINT('',(-0.113233912521,-0.904698795138));
#683 = VECTOR('',#684,1.);
#684 = DIRECTION('',(1.,5.6E-16));
#685 = ( GEOMETRIC_REPRESENTATION_CONTEXT(2) 
PARAMETRIC_REPRESENTATION_CONTEXT() REPRESENTATION_CONTEXT('2D SPACE',''
  ) );
#686 = PCURVE('',#687,#692);
#687 = PLANE('',#688);
#688 = AXIS2_PLACEMENT_3D('',#689,#690,#691);
#689 = CARTESIAN_POINT('',(-27.05,35.917990468923,-7.771561172376E-16));
#690 = DIRECTION('',(1.,8.9E-16,6.E-17));
#691 = DIRECTION('',(8.9E-16,-1.,7.8E-16));
#692 = DEFINITIONAL_REPRESENTATION('',(#693),#697);
#693 = LINE('',#694,#695);
#694 = CARTESIAN_POINT('',(2.121495234461,-4.));
#695 = VECTOR('',#696,1.);
#696 = DIRECTION('',(-1.,0.));
#697 = ( GEOMETRIC_REPRESENTATION_CONTEXT(2) 
PARAMETRIC_REPRESENTATION_CONTEXT() REPRESENTATION_CONTEXT('2D SPACE',''
  ) );
#698 = ADVANCED_FACE('',(#699),#687,.F.);
#699 = FACE_BOUND('',#700,.F.);
#700 = EDGE_LOOP('',(#701,#729,#730,#754,#787,#815,#844,#872));
#701 = ORIENTED_EDGE('',*,*,#702,.T.);
#702 = EDGE_CURVE('',#703,#642,#705,.T.);
#703 = VERTEX_POINT('',#704);
#704 = CARTESIAN_POINT('',(-27.05,35.303222297095,5.221));
#705 = SURFACE_CURVE('',#706,(#711,#722),.PCURVE_S1.);
#706 = CIRCLE('',#707,2.05);
#707 = AXIS2_PLACEMENT_3D('',#708,#709,#710);
#708 = CARTESIAN_POINT('',(-27.05,33.407,6.));
#709 = DIRECTION('',(-1.,2.2E-16,1.28E-15));
#710 = DIRECTION('',(-2.829029729947E-16,0.924986486388,-0.38));
#711 = PCURVE('',#687,#712);
#712 = DEFINITIONAL_REPRESENTATION('',(#713),#721);
#713 = ( BOUNDED_CURVE() B_SPLINE_CURVE(2,(#714,#715,#716,#717,#718,#719
,#720),.UNSPECIFIED.,.T.,.F.) B_SPLINE_CURVE_WITH_KNOTS((1,2,2,2,2,1),(
    -2.094395102393,0.,2.094395102393,4.188790204786,6.28318530718,
8.377580409573),.UNSPECIFIED.) CURVE() GEOMETRIC_REPRESENTATION_ITEM() 
RATIONAL_B_SPLINE_CURVE((1.,0.5,1.,0.5,1.,0.5,1.)) REPRESENTATION_ITEM(
  '') );
#714 = CARTESIAN_POINT('',(0.614768171828,-5.221));
#715 = CARTESIAN_POINT('',(1.964035750924,-1.936646638987));
#716 = CARTESIAN_POINT('',(4.133735407018,-4.747323319493));
#717 = CARTESIAN_POINT('',(6.303435063113,-7.558));
#718 = CARTESIAN_POINT('',(2.784467827922,-8.031676680507));
#719 = CARTESIAN_POINT('',(-0.734499407268,-8.505353361013));
#720 = CARTESIAN_POINT('',(0.614768171828,-5.221));
#721 = ( GEOMETRIC_REPRESENTATION_CONTEXT(2) 
PARAMETRIC_REPRESENTATION_CONTEXT() REPRESENTATION_CONTEXT('2D SPACE',''
  ) );
#722 = PCURVE('',#658,#723);
#723 = DEFINITIONAL_REPRESENTATION('',(#724),#728);
#724 = LINE('',#725,#726);
#725 = CARTESIAN_POINT('',(0.,5.E-02));
#726 = VECTOR('',#727,1.);
#727 = DIRECTION('',(1.,0.));
#728 = ( GEOMETRIC_REPRESENTATION_CONTEXT(2) 
PARAMETRIC_REPRESENTATION_CONTEXT() REPRESENTATION_CONTEXT('2D SPACE',''
  ) );
#729 = ORIENTED_EDGE('',*,*,#673,.T.);
#730 = ORIENTED_EDGE('',*,*,#731,.F.);
#731 = EDGE_CURVE('',#732,#538,#734,.T.);
#732 = VERTEX_POINT('',#733);
#733 = CARTESIAN_POINT('',(-27.05,39.535165619915,1.918003472564));
#734 = SURFACE_CURVE('',#735,(#740,#747),.PCURVE_S1.);
#735 = CIRCLE('',#736,4.);
#736 = AXIS2_PLACEMENT_3D('',#737,#738,#739);
#737 = CARTESIAN_POINT('',(-27.05,36.025,3.6E-16));
#738 = DIRECTION('',(1.,1.1E-16,-9.4E-16));
#739 = DIRECTION('',(-1.1E-16,1.,-7.8E-16));
#740 = PCURVE('',#687,#741);
#741 = DEFINITIONAL_REPRESENTATION('',(#742),#746);
#742 = CIRCLE('',#743,4.);
#743 = AXIS2_PLACEMENT_2D('',#744,#745);
#744 = CARTESIAN_POINT('',(-0.107009531077,-1.193690458865E-15));
#745 = DIRECTION('',(-1.,0.));
#746 = ( GEOMETRIC_REPRESENTATION_CONTEXT(2) 
PARAMETRIC_REPRESENTATION_CONTEXT() REPRESENTATION_CONTEXT('2D SPACE',''
  ) );
#747 = PCURVE('',#246,#748);
#748 = DEFINITIONAL_REPRESENTATION('',(#749),#753);
#749 = LINE('',#750,#751);
#750 = CARTESIAN_POINT('',(-12.56637061435,-0.85));
#751 = VECTOR('',#752,1.);
#752 = DIRECTION('',(1.,-2.1E-16));
#753 = ( GEOMETRIC_REPRESENTATION_CONTEXT(2) 
PARAMETRIC_REPRESENTATION_CONTEXT() REPRESENTATION_CONTEXT('2D SPACE',''
  ) );
#754 = ORIENTED_EDGE('',*,*,#755,.T.);
#755 = EDGE_CURVE('',#732,#756,#758,.T.);
#756 = VERTEX_POINT('',#757);
#757 = CARTESIAN_POINT('',(-27.05,39.475,2.428991560298));
#758 = SURFACE_CURVE('',#759,(#764,#775),.PCURVE_S1.);
#759 = CIRCLE('',#760,2.2);
#760 = AXIS2_PLACEMENT_3D('',#761,#762,#763);
#761 = CARTESIAN_POINT('',(-27.05,41.675,2.428991560298));
#762 = DIRECTION('',(-1.,2.2E-16,1.28E-15));
#763 = DIRECTION('',(-7.076600320621E-16,-0.918699186992,-0.394957977284
    ));
#764 = PCURVE('',#687,#765);
#765 = DEFINITIONAL_REPRESENTATION('',(#766),#774);
#766 = ( BOUNDED_CURVE() B_SPLINE_CURVE(2,(#767,#768,#769,#770,#771,#772
,#773),.UNSPECIFIED.,.T.,.F.) B_SPLINE_CURVE_WITH_KNOTS((1,2,2,2,2,1),(
    -2.094395102393,0.,2.094395102393,4.188790204786,6.28318530718,
8.377580409573),.UNSPECIFIED.) CURVE() GEOMETRIC_REPRESENTATION_ITEM() 
RATIONAL_B_SPLINE_CURVE((1.,0.5,1.,0.5,1.,0.5,1.)) REPRESENTATION_ITEM(
  '') );
#767 = CARTESIAN_POINT('',(-3.735871319695,-1.560084010273));
#768 = CARTESIAN_POINT('',(-2.230879295971,-5.060798081506));
#769 = CARTESIAN_POINT('',(-6.015082624906,-4.613802370927));
#770 = CARTESIAN_POINT('',(-9.799285953841,-4.166806660349));
#771 = CARTESIAN_POINT('',(-7.52007464863,-1.113088299695));
#772 = CARTESIAN_POINT('',(-5.240863343419,1.94063006096));
#773 = CARTESIAN_POINT('',(-3.735871319695,-1.560084010273));
#774 = ( GEOMETRIC_REPRESENTATION_CONTEXT(2) 
PARAMETRIC_REPRESENTATION_CONTEXT() REPRESENTATION_CONTEXT('2D SPACE',''
  ) );
#775 = PCURVE('',#776,#781);
#776 = CONICAL_SURFACE('',#777,2.15,0.785398163397);
#777 = AXIS2_PLACEMENT_3D('',#778,#779,#780);
#778 = CARTESIAN_POINT('',(-27.,41.675,2.428991560298));
#779 = DIRECTION('',(-1.,-6.7E-16,3.9E-16));
#780 = DIRECTION('',(4.614948441437E-16,-0.918699186992,-0.394957977284)
  );
#781 = DEFINITIONAL_REPRESENTATION('',(#782),#786);
#782 = LINE('',#783,#784);
#783 = CARTESIAN_POINT('',(0.,5.E-02));
#784 = VECTOR('',#785,1.);
#785 = DIRECTION('',(1.,0.));
#786 = ( GEOMETRIC_REPRESENTATION_CONTEXT(2) 
PARAMETRIC_REPRESENTATION_CONTEXT() REPRESENTATION_CONTEXT('2D SPACE',''
  ) );
#787 = ORIENTED_EDGE('',*,*,#788,.T.);
#788 = EDGE_CURVE('',#756,#789,#791,.T.);
#789 = VERTEX_POINT('',#790);
#790 = CARTESIAN_POINT('',(-27.05,39.475,5.05));
#791 = SURFACE_CURVE('',#792,(#796,#803),.PCURVE_S1.);
#792 = LINE('',#793,#794);
#793 = CARTESIAN_POINT('',(-27.05,39.475,2.428991560298));
#794 = VECTOR('',#795,1.);
#795 = DIRECTION('',(1.28E-15,-1.1E-16,1.));
#796 = PCURVE('',#687,#797);
#797 = DEFINITIONAL_REPRESENTATION('',(#798),#802);
#798 = LINE('',#799,#800);
#799 = CARTESIAN_POINT('',(-3.557009531077,-2.428991560298));
#800 = VECTOR('',#801,1.);
#801 = DIRECTION('',(8.9E-16,-1.));
#802 = ( GEOMETRIC_REPRESENTATION_CONTEXT(2) 
PARAMETRIC_REPRESENTATION_CONTEXT() REPRESENTATION_CONTEXT('2D SPACE',''
  ) );
#803 = PCURVE('',#804,#809);
#804 = PLANE('',#805);
#805 = AXIS2_PLACEMENT_3D('',#806,#807,#808);
#806 = CARTESIAN_POINT('',(-27.025,39.5,2.428991560298));
#807 = DIRECTION('',(0.707106781187,-0.707106781187,4.3E-16));
#808 = DIRECTION('',(2.809440840898E-16,8.890559159102E-16,1.));
#809 = DEFINITIONAL_REPRESENTATION('',(#810),#814);
#810 = LINE('',#811,#812);
#811 = CARTESIAN_POINT('',(-2.925E-17,3.535533905933E-02));
#812 = VECTOR('',#813,1.);
#813 = DIRECTION('',(1.,-3.451266460342E-30));
#814 = ( GEOMETRIC_REPRESENTATION_CONTEXT(2) 
PARAMETRIC_REPRESENTATION_CONTEXT() REPRESENTATION_CONTEXT('2D SPACE',''
  ) );
#815 = ORIENTED_EDGE('',*,*,#816,.T.);
#816 = EDGE_CURVE('',#789,#817,#819,.T.);
#817 = VERTEX_POINT('',#818);
#818 = CARTESIAN_POINT('',(-27.05,39.025,5.5));
#819 = SURFACE_CURVE('',#820,(#825,#832),.PCURVE_S1.);
#820 = CIRCLE('',#821,0.45);
#821 = AXIS2_PLACEMENT_3D('',#822,#823,#824);
#822 = CARTESIAN_POINT('',(-27.05,39.025,5.05));
#823 = DIRECTION('',(1.,-2.2E-16,-1.28E-15));
#824 = DIRECTION('',(2.2E-16,1.,1.22E-15));
#825 = PCURVE('',#687,#826);
#826 = DEFINITIONAL_REPRESENTATION('',(#827),#831);
#827 = CIRCLE('',#828,0.45);
#828 = AXIS2_PLACEMENT_2D('',#829,#830);
#829 = CARTESIAN_POINT('',(-3.107009531077,-5.05));
#830 = DIRECTION('',(-1.,-2.E-15));
#831 = ( GEOMETRIC_REPRESENTATION_CONTEXT(2) 
PARAMETRIC_REPRESENTATION_CONTEXT() REPRESENTATION_CONTEXT('2D SPACE',''
  ) );
#832 = PCURVE('',#833,#838);
#833 = CONICAL_SURFACE('',#834,0.5,0.785398163397);
#834 = AXIS2_PLACEMENT_3D('',#835,#836,#837);
#835 = CARTESIAN_POINT('',(-27.,39.025,5.05));
#836 = DIRECTION('',(1.,6.7E-16,-3.9E-16));
#837 = DIRECTION('',(-6.7E-16,1.,1.22E-15));
#838 = DEFINITIONAL_REPRESENTATION('',(#839),#843);
#839 = LINE('',#840,#841);
#840 = CARTESIAN_POINT('',(0.,-5.E-02));
#841 = VECTOR('',#842,1.);
#842 = DIRECTION('',(1.,-0.));
#843 = ( GEOMETRIC_REPRESENTATION_CONTEXT(2) 
PARAMETRIC_REPRESENTATION_CONTEXT() REPRESENTATION_CONTEXT('2D SPACE',''
  ) );
#844 = ORIENTED_EDGE('',*,*,#845,.T.);
#845 = EDGE_CURVE('',#817,#846,#848,.T.);
#846 = VERTEX_POINT('',#847);
#847 = CARTESIAN_POINT('',(-27.05,35.719466215969,5.5));
#848 = SURFACE_CURVE('',#849,(#853,#860),.PCURVE_S1.);
#849 = LINE('',#850,#851);
#850 = CARTESIAN_POINT('',(-27.05,39.025,5.5));
#851 = VECTOR('',#852,1.);
#852 = DIRECTION('',(-2.2E-16,-1.,1.27E-15));
#853 = PCURVE('',#687,#854);
#854 = DEFINITIONAL_REPRESENTATION('',(#855),#859);
#855 = LINE('',#856,#857);
#856 = CARTESIAN_POINT('',(-3.107009531077,-5.5));
#857 = VECTOR('',#858,1.);
#858 = DIRECTION('',(1.,-4.9E-16));
#859 = ( GEOMETRIC_REPRESENTATION_CONTEXT(2) 
PARAMETRIC_REPRESENTATION_CONTEXT() REPRESENTATION_CONTEXT('2D SPACE',''
  ) );
#860 = PCURVE('',#861,#866);
#861 = PLANE('',#862);
#862 = AXIS2_PLACEMENT_3D('',#863,#864,#865);
#863 = CARTESIAN_POINT('',(-27.025,39.025,5.525));
#864 = DIRECTION('',(0.707106781187,3.6E-16,-0.707106781187));
#865 = DIRECTION('',(7.795584412272E-16,-1.,2.704415587728E-16));
#866 = DEFINITIONAL_REPRESENTATION('',(#867),#871);
#867 = LINE('',#868,#869);
#868 = CARTESIAN_POINT('',(-2.625E-17,3.535533905933E-02));
#869 = VECTOR('',#870,1.);
#870 = DIRECTION('',(1.,3.496355667314E-30));
#871 = ( GEOMETRIC_REPRESENTATION_CONTEXT(2) 
PARAMETRIC_REPRESENTATION_CONTEXT() REPRESENTATION_CONTEXT('2D SPACE',''
  ) );
#872 = ORIENTED_EDGE('',*,*,#873,.T.);
#873 = EDGE_CURVE('',#846,#703,#874,.T.);
#874 = SURFACE_CURVE('',#875,(#880,#887),.PCURVE_S1.);
#875 = CIRCLE('',#876,0.45);
#876 = AXIS2_PLACEMENT_3D('',#877,#878,#879);
#877 = CARTESIAN_POINT('',(-27.05,35.719466215969,5.05));
#878 = DIRECTION('',(1.,-2.2E-16,-1.28E-15));
#879 = DIRECTION('',(1.28E-15,2.72E-15,1.));
#880 = PCURVE('',#687,#881);
#881 = DEFINITIONAL_REPRESENTATION('',(#882),#886);
#882 = CIRCLE('',#883,0.45);
#883 = AXIS2_PLACEMENT_2D('',#884,#885);
#884 = CARTESIAN_POINT('',(0.198524252953,-5.05));
#885 = DIRECTION('',(-1.94E-15,-1.));
#886 = ( GEOMETRIC_REPRESENTATION_CONTEXT(2) 
PARAMETRIC_REPRESENTATION_CONTEXT() REPRESENTATION_CONTEXT('2D SPACE',''
  ) );
#887 = PCURVE('',#888,#893);
#888 = CONICAL_SURFACE('',#889,0.5,0.785398163397);
#889 = AXIS2_PLACEMENT_3D('',#890,#891,#892);
#890 = CARTESIAN_POINT('',(-27.,35.719466215969,5.05));
#891 = DIRECTION('',(1.,6.7E-16,-3.9E-16));
#892 = DIRECTION('',(3.9E-16,2.72E-15,1.));
#893 = DEFINITIONAL_REPRESENTATION('',(#894),#898);
#894 = LINE('',#895,#896);
#895 = CARTESIAN_POINT('',(0.,-5.E-02));
#896 = VECTOR('',#897,1.);
#897 = DIRECTION('',(1.,-0.));
#898 = ( GEOMETRIC_REPRESENTATION_CONTEXT(2) 
PARAMETRIC_REPRESENTATION_CONTEXT() REPRESENTATION_CONTEXT('2D SPACE',''
  ) );
#899 = ADVANCED_FACE('',(#900),#658,.F.);
#900 = FACE_BOUND('',#901,.F.);
#901 = EDGE_LOOP('',(#902,#925,#947,#948));
#902 = ORIENTED_EDGE('',*,*,#903,.F.);
#903 = EDGE_CURVE('',#904,#703,#906,.T.);
#904 = VERTEX_POINT('',#905);
#905 = CARTESIAN_POINT('',(-27.,35.256972972776,5.24));
#906 = SURFACE_CURVE('',#907,(#911,#918),.PCURVE_S1.);
#907 = LINE('',#908,#909);
#908 = CARTESIAN_POINT('',(-27.,35.256972972776,5.24));
#909 = VECTOR('',#910,1.);
#910 = DIRECTION('',(-0.707106781187,0.654064217031,-0.268700576851));
#911 = PCURVE('',#658,#912);
#912 = DEFINITIONAL_REPRESENTATION('',(#913),#917);
#913 = LINE('',#914,#915);
#914 = CARTESIAN_POINT('',(-2.2E-16,0.));
#915 = VECTOR('',#916,1.);
#916 = DIRECTION('',(0.,1.));
#917 = ( GEOMETRIC_REPRESENTATION_CONTEXT(2) 
PARAMETRIC_REPRESENTATION_CONTEXT() REPRESENTATION_CONTEXT('2D SPACE',''
  ) );
#918 = PCURVE('',#888,#919);
#919 = DEFINITIONAL_REPRESENTATION('',(#920),#924);
#920 = LINE('',#921,#922);
#921 = CARTESIAN_POINT('',(1.181000030321,-0.));
#922 = VECTOR('',#923,1.);
#923 = DIRECTION('',(0.,-1.));
#924 = ( GEOMETRIC_REPRESENTATION_CONTEXT(2) 
PARAMETRIC_REPRESENTATION_CONTEXT() REPRESENTATION_CONTEXT('2D SPACE',''
  ) );
#925 = ORIENTED_EDGE('',*,*,#926,.T.);
#926 = EDGE_CURVE('',#904,#614,#927,.T.);
#927 = SURFACE_CURVE('',#928,(#933,#940),.PCURVE_S1.);
#928 = CIRCLE('',#929,2.);
#929 = AXIS2_PLACEMENT_3D('',#930,#931,#932);
#930 = CARTESIAN_POINT('',(-27.,33.407,6.));
#931 = DIRECTION('',(-1.,2.2E-16,1.28E-15));
#932 = DIRECTION('',(-2.829029729947E-16,0.924986486388,-0.38));
#933 = PCURVE('',#658,#934);
#934 = DEFINITIONAL_REPRESENTATION('',(#935),#939);
#935 = LINE('',#936,#937);
#936 = CARTESIAN_POINT('',(0.,0.));
#937 = VECTOR('',#938,1.);
#938 = DIRECTION('',(1.,0.));
#939 = ( GEOMETRIC_REPRESENTATION_CONTEXT(2) 
PARAMETRIC_REPRESENTATION_CONTEXT() REPRESENTATION_CONTEXT('2D SPACE',''
  ) );
#940 = PCURVE('',#629,#941);
#941 = DEFINITIONAL_REPRESENTATION('',(#942),#946);
#942 = LINE('',#943,#944);
#943 = CARTESIAN_POINT('',(-0.389796296474,-0.8));
#944 = VECTOR('',#945,1.);
#945 = DIRECTION('',(-1.,0.));
#946 = ( GEOMETRIC_REPRESENTATION_CONTEXT(2) 
PARAMETRIC_REPRESENTATION_CONTEXT() REPRESENTATION_CONTEXT('2D SPACE',''
  ) );
#947 = ORIENTED_EDGE('',*,*,#641,.T.);
#948 = ORIENTED_EDGE('',*,*,#702,.F.);
#949 = ADVANCED_FACE('',(#950),#776,.F.);
#950 = FACE_BOUND('',#951,.F.);
#951 = EDGE_LOOP('',(#952,#1005,#1034,#1055));
#952 = ORIENTED_EDGE('',*,*,#953,.T.);
#953 = EDGE_CURVE('',#732,#954,#956,.T.);
#954 = VERTEX_POINT('',#955);
#955 = CARTESIAN_POINT('',(-27.,39.699796747967,1.579831909137));
#956 = SURFACE_CURVE('',#957,(#965,#976),.PCURVE_S1.);
#957 = B_SPLINE_CURVE_WITH_KNOTS('',6,(#958,#959,#960,#961,#962,#963,
    #964),.UNSPECIFIED.,.F.,.F.,(7,7),(0.,1.),.PIECEWISE_BEZIER_KNOTS.);
#958 = CARTESIAN_POINT('',(-27.05,39.535165619915,1.918003472564));
#959 = CARTESIAN_POINT('',(-27.03446836443,39.56352995345,1.8660934996)
  );
#960 = CARTESIAN_POINT('',(-27.02124756659,39.59184825016,1.812078604366
    ));
#961 = CARTESIAN_POINT('',(-27.01079961347,39.619920775833,
    1.756070394352));
#962 = CARTESIAN_POINT('',(-27.00359747842,39.647483686394,1.69833120738
    ));
#963 = CARTESIAN_POINT('',(-27.,39.674224003474,1.639315856611));
#964 = CARTESIAN_POINT('',(-27.,39.699796747967,1.579831909137));
#965 = PCURVE('',#776,#966);
#966 = DEFINITIONAL_REPRESENTATION('',(#967),#975);
#967 = B_SPLINE_CURVE_WITH_KNOTS('',6,(#968,#969,#970,#971,#972,#973,
    #974),.UNSPECIFIED.,.F.,.F.,(7,7),(0.,1.),.PIECEWISE_BEZIER_KNOTS.);
#968 = CARTESIAN_POINT('',(0.171614010006,5.E-02));
#969 = CARTESIAN_POINT('',(0.145669261789,3.44683644335E-02));
#970 = CARTESIAN_POINT('',(0.118359035354,2.124756659618E-02));
#971 = CARTESIAN_POINT('',(8.980245548565E-02,1.079961347597E-02));
#972 = CARTESIAN_POINT('',(6.024505542574E-02,3.597478428829E-03));
#973 = CARTESIAN_POINT('',(3.011535517306E-02,9.899494936612E-17));
#974 = CARTESIAN_POINT('',(0.,0.));
#975 = ( GEOMETRIC_REPRESENTATION_CONTEXT(2) 
PARAMETRIC_REPRESENTATION_CONTEXT() REPRESENTATION_CONTEXT('2D SPACE',''
  ) );
#976 = PCURVE('',#246,#977);
#977 = DEFINITIONAL_REPRESENTATION('',(#978),#1004);
#978 = B_SPLINE_CURVE_WITH_KNOTS('',3,(#979,#980,#981,#982,#983,#984,
    #985,#986,#987,#988,#989,#990,#991,#992,#993,#994,#995,#996,#997,
    #998,#999,#1000,#1001,#1002,#1003),.UNSPECIFIED.,.F.,.F.,(4,1,1,1,1,
    1,1,1,1,1,1,1,1,1,1,1,1,1,1,1,1,1,4),(0.,4.545454545455E-02,
    9.090909090909E-02,0.136363636364,0.181818181818,0.227272727273,
    0.272727272727,0.318181818182,0.363636363636,0.409090909091,
    0.454545454545,0.5,0.545454545455,0.590909090909,0.636363636364,
    0.681818181818,0.727272727273,0.772727272727,0.818181818182,
    0.863636363636,0.909090909091,0.954545454545,1.),
  .QUASI_UNIFORM_KNOTS.);
#979 = CARTESIAN_POINT('',(-5.783099467617,-0.85));
#980 = CARTESIAN_POINT('',(-5.784443868718,-0.848588032731));
#981 = CARTESIAN_POINT('',(-5.787142117357,-0.845811843801));
#982 = CARTESIAN_POINT('',(-5.79121725211,-0.8417960052));
#983 = CARTESIAN_POINT('',(-5.795319595496,-0.837933825552));
#984 = CARTESIAN_POINT('',(-5.799448509128,-0.834230497369));
#985 = CARTESIAN_POINT('',(-5.803603296876,-0.830691174478));
#986 = CARTESIAN_POINT('',(-5.807783195401,-0.82732095107));
#987 = CARTESIAN_POINT('',(-5.811987374347,-0.824124840774));
#988 = CARTESIAN_POINT('',(-5.816214933712,-0.821107754705));
#989 = CARTESIAN_POINT('',(-5.820464901735,-0.818274478765));
#990 = CARTESIAN_POINT('',(-5.824736232402,-0.815629650127));
#991 = CARTESIAN_POINT('',(-5.829027802819,-0.813177732911));
#992 = CARTESIAN_POINT('',(-5.833338410361,-0.810922993058));
#993 = CARTESIAN_POINT('',(-5.837666769646,-0.808869472403));
#994 = CARTESIAN_POINT('',(-5.842011509298,-0.807020961932));
#995 = CARTESIAN_POINT('',(-5.846371168527,-0.805380974262));
#996 = CARTESIAN_POINT('',(-5.85074419347,-0.803952715208));
#997 = CARTESIAN_POINT('',(-5.855128933447,-0.802739054965));
#998 = CARTESIAN_POINT('',(-5.859523636626,-0.801742496892));
#999 = CARTESIAN_POINT('',(-5.863926446906,-0.800965151476));
#1000 = CARTESIAN_POINT('',(-5.868335395295,-0.800408687102));
#1001 = CARTESIAN_POINT('',(-5.872748410864,-0.800074363612));
#1002 = CARTESIAN_POINT('',(-5.875691642086,-0.799999956589));
#1003 = CARTESIAN_POINT('',(-5.877163198112,-0.8));
#1004 = ( GEOMETRIC_REPRESENTATION_CONTEXT(2) 
PARAMETRIC_REPRESENTATION_CONTEXT() REPRESENTATION_CONTEXT('2D SPACE',''
  ) );
#1005 = ORIENTED_EDGE('',*,*,#1006,.T.);
#1006 = EDGE_CURVE('',#954,#1007,#1009,.T.);
#1007 = VERTEX_POINT('',#1008);
#1008 = CARTESIAN_POINT('',(-27.,39.525,2.428991560298));
#1009 = SURFACE_CURVE('',#1010,(#1015,#1022),.PCURVE_S1.);
#1010 = CIRCLE('',#1011,2.15);
#1011 = AXIS2_PLACEMENT_3D('',#1012,#1013,#1014);
#1012 = CARTESIAN_POINT('',(-27.,41.675,2.428991560298));
#1013 = DIRECTION('',(-1.,2.2E-16,1.28E-15));
#1014 = DIRECTION('',(-7.076600320621E-16,-0.918699186992,
    -0.394957977284));
#1015 = PCURVE('',#776,#1016);
#1016 = DEFINITIONAL_REPRESENTATION('',(#1017),#1021);
#1017 = LINE('',#1018,#1019);
#1018 = CARTESIAN_POINT('',(0.,0.));
#1019 = VECTOR('',#1020,1.);
#1020 = DIRECTION('',(1.,0.));
#1021 = ( GEOMETRIC_REPRESENTATION_CONTEXT(2) 
PARAMETRIC_REPRESENTATION_CONTEXT() REPRESENTATION_CONTEXT('2D SPACE',''
  ) );
#1022 = PCURVE('',#1023,#1028);
#1023 = CYLINDRICAL_SURFACE('',#1024,2.15);
#1024 = AXIS2_PLACEMENT_3D('',#1025,#1026,#1027);
#1025 = CARTESIAN_POINT('',(-26.2,41.675,2.428991560298));
#1026 = DIRECTION('',(1.,6.7E-16,-3.9E-16));
#1027 = DIRECTION('',(-6.7E-16,1.,-1.E-15));
#1028 = DEFINITIONAL_REPRESENTATION('',(#1029),#1033);
#1029 = LINE('',#1030,#1031);
#1030 = CARTESIAN_POINT('',(-2.735570544522,-0.8));
#1031 = VECTOR('',#1032,1.);
#1032 = DIRECTION('',(-1.,0.));
#1033 = ( GEOMETRIC_REPRESENTATION_CONTEXT(2) 
PARAMETRIC_REPRESENTATION_CONTEXT() REPRESENTATION_CONTEXT('2D SPACE',''
  ) );
#1034 = ORIENTED_EDGE('',*,*,#1035,.T.);
#1035 = EDGE_CURVE('',#1007,#756,#1036,.T.);
#1036 = SURFACE_CURVE('',#1037,(#1041,#1048),.PCURVE_S1.);
#1037 = LINE('',#1038,#1039);
#1038 = CARTESIAN_POINT('',(-27.,39.525,2.428991560298));
#1039 = VECTOR('',#1040,1.);
#1040 = DIRECTION('',(-0.707106781187,-0.707106781187,1.5E-15));
#1041 = PCURVE('',#776,#1042);
#1042 = DEFINITIONAL_REPRESENTATION('',(#1043),#1047);
#1043 = LINE('',#1044,#1045);
#1044 = CARTESIAN_POINT('',(0.406022109068,0.));
#1045 = VECTOR('',#1046,1.);
#1046 = DIRECTION('',(0.,1.));
#1047 = ( GEOMETRIC_REPRESENTATION_CONTEXT(2) 
PARAMETRIC_REPRESENTATION_CONTEXT() REPRESENTATION_CONTEXT('2D SPACE',''
  ) );
#1048 = PCURVE('',#804,#1049);
#1049 = DEFINITIONAL_REPRESENTATION('',(#1050),#1054);
#1050 = LINE('',#1051,#1052);
#1051 = CARTESIAN_POINT('',(-4.148392098501E-16,-3.535533905933E-02));
#1052 = VECTOR('',#1053,1.);
#1053 = DIRECTION('',(6.726850660117E-16,1.));
#1054 = ( GEOMETRIC_REPRESENTATION_CONTEXT(2) 
PARAMETRIC_REPRESENTATION_CONTEXT() REPRESENTATION_CONTEXT('2D SPACE',''
  ) );
#1055 = ORIENTED_EDGE('',*,*,#755,.F.);
#1056 = ADVANCED_FACE('',(#1057),#888,.T.);
#1057 = FACE_BOUND('',#1058,.F.);
#1058 = EDGE_LOOP('',(#1059,#1082,#1109,#1110));
#1059 = ORIENTED_EDGE('',*,*,#1060,.F.);
#1060 = EDGE_CURVE('',#1061,#846,#1063,.T.);
#1061 = VERTEX_POINT('',#1062);
#1062 = CARTESIAN_POINT('',(-27.,35.719466215969,5.55));
#1063 = SURFACE_CURVE('',#1064,(#1068,#1075),.PCURVE_S1.);
#1064 = LINE('',#1065,#1066);
#1065 = CARTESIAN_POINT('',(-27.025,35.719466215969,5.525));
#1066 = VECTOR('',#1067,1.);
#1067 = DIRECTION('',(-0.707106781187,-7.4E-16,-0.707106781187));
#1068 = PCURVE('',#888,#1069);
#1069 = DEFINITIONAL_REPRESENTATION('',(#1070),#1074);
#1070 = LINE('',#1071,#1072);
#1071 = CARTESIAN_POINT('',(-8.9E-16,-2.5E-02));
#1072 = VECTOR('',#1073,1.);
#1073 = DIRECTION('',(0.,-1.));
#1074 = ( GEOMETRIC_REPRESENTATION_CONTEXT(2) 
PARAMETRIC_REPRESENTATION_CONTEXT() REPRESENTATION_CONTEXT('2D SPACE',''
  ) );
#1075 = PCURVE('',#861,#1076);
#1076 = DEFINITIONAL_REPRESENTATION('',(#1077),#1081);
#1077 = LINE('',#1078,#1079);
#1078 = CARTESIAN_POINT('',(3.305533784031,9.909493381004E-17));
#1079 = VECTOR('',#1080,1.);
#1080 = DIRECTION('',(-2.462120245876E-18,1.));
#1081 = ( GEOMETRIC_REPRESENTATION_CONTEXT(2) 
PARAMETRIC_REPRESENTATION_CONTEXT() REPRESENTATION_CONTEXT('2D SPACE',''
  ) );
#1082 = ORIENTED_EDGE('',*,*,#1083,.T.);
#1083 = EDGE_CURVE('',#1061,#904,#1084,.T.);
#1084 = SURFACE_CURVE('',#1085,(#1090,#1097),.PCURVE_S1.);
#1085 = CIRCLE('',#1086,0.5);
#1086 = AXIS2_PLACEMENT_3D('',#1087,#1088,#1089);
#1087 = CARTESIAN_POINT('',(-27.,35.719466215969,5.05));
#1088 = DIRECTION('',(1.,-2.2E-16,-1.28E-15));
#1089 = DIRECTION('',(1.28E-15,2.72E-15,1.));
#1090 = PCURVE('',#888,#1091);
#1091 = DEFINITIONAL_REPRESENTATION('',(#1092),#1096);
#1092 = LINE('',#1093,#1094);
#1093 = CARTESIAN_POINT('',(0.,-0.));
#1094 = VECTOR('',#1095,1.);
#1095 = DIRECTION('',(1.,-0.));
#1096 = ( GEOMETRIC_REPRESENTATION_CONTEXT(2) 
PARAMETRIC_REPRESENTATION_CONTEXT() REPRESENTATION_CONTEXT('2D SPACE',''
  ) );
#1097 = PCURVE('',#1098,#1103);
#1098 = CYLINDRICAL_SURFACE('',#1099,0.5);
#1099 = AXIS2_PLACEMENT_3D('',#1100,#1101,#1102);
#1100 = CARTESIAN_POINT('',(-26.2,35.719466215969,5.05));
#1101 = DIRECTION('',(1.,6.7E-16,-3.9E-16));
#1102 = DIRECTION('',(-6.7E-16,1.,-1.E-15));
#1103 = DEFINITIONAL_REPRESENTATION('',(#1104),#1108);
#1104 = LINE('',#1105,#1106);
#1105 = CARTESIAN_POINT('',(-4.712388980385,-0.8));
#1106 = VECTOR('',#1107,1.);
#1107 = DIRECTION('',(1.,-0.));
#1108 = ( GEOMETRIC_REPRESENTATION_CONTEXT(2) 
PARAMETRIC_REPRESENTATION_CONTEXT() REPRESENTATION_CONTEXT('2D SPACE',''
  ) );
#1109 = ORIENTED_EDGE('',*,*,#903,.T.);
#1110 = ORIENTED_EDGE('',*,*,#873,.F.);
#1111 = ADVANCED_FACE('',(#1112),#861,.F.);
#1112 = FACE_BOUND('',#1113,.F.);
#1113 = EDGE_LOOP('',(#1114,#1137,#1163,#1164));
#1114 = ORIENTED_EDGE('',*,*,#1115,.F.);
#1115 = EDGE_CURVE('',#1116,#817,#1118,.T.);
#1116 = VERTEX_POINT('',#1117);
#1117 = CARTESIAN_POINT('',(-27.,39.025,5.55));
#1118 = SURFACE_CURVE('',#1119,(#1123,#1130),.PCURVE_S1.);
#1119 = LINE('',#1120,#1121);
#1120 = CARTESIAN_POINT('',(-27.,39.025,5.55));
#1121 = VECTOR('',#1122,1.);
#1122 = DIRECTION('',(-0.707106781187,9.8E-16,-0.707106781187));
#1123 = PCURVE('',#861,#1124);
#1124 = DEFINITIONAL_REPRESENTATION('',(#1125),#1129);
#1125 = LINE('',#1126,#1127);
#1126 = CARTESIAN_POINT('',(2.24669604925E-15,-3.535533905933E-02));
#1127 = VECTOR('',#1128,1.);
#1128 = DIRECTION('',(-1.722462120246E-15,1.));
#1129 = ( GEOMETRIC_REPRESENTATION_CONTEXT(2) 
PARAMETRIC_REPRESENTATION_CONTEXT() REPRESENTATION_CONTEXT('2D SPACE',''
  ) );
#1130 = PCURVE('',#833,#1131);
#1131 = DEFINITIONAL_REPRESENTATION('',(#1132),#1136);
#1132 = LINE('',#1133,#1134);
#1133 = CARTESIAN_POINT('',(1.570796326795,-0.));
#1134 = VECTOR('',#1135,1.);
#1135 = DIRECTION('',(0.,-1.));
#1136 = ( GEOMETRIC_REPRESENTATION_CONTEXT(2) 
PARAMETRIC_REPRESENTATION_CONTEXT() REPRESENTATION_CONTEXT('2D SPACE',''
  ) );
#1137 = ORIENTED_EDGE('',*,*,#1138,.T.);
#1138 = EDGE_CURVE('',#1116,#1061,#1139,.T.);
#1139 = SURFACE_CURVE('',#1140,(#1144,#1151),.PCURVE_S1.);
#1140 = LINE('',#1141,#1142);
#1141 = CARTESIAN_POINT('',(-27.,39.025,5.55));
#1142 = VECTOR('',#1143,1.);
#1143 = DIRECTION('',(-2.2E-16,-1.,1.27E-15));
#1144 = PCURVE('',#861,#1145);
#1145 = DEFINITIONAL_REPRESENTATION('',(#1146),#1150);
#1146 = LINE('',#1147,#1148);
#1147 = CARTESIAN_POINT('',(2.625E-17,-3.535533905933E-02));
#1148 = VECTOR('',#1149,1.);
#1149 = DIRECTION('',(1.,3.496355667314E-30));
#1150 = ( GEOMETRIC_REPRESENTATION_CONTEXT(2) 
PARAMETRIC_REPRESENTATION_CONTEXT() REPRESENTATION_CONTEXT('2D SPACE',''
  ) );
#1151 = PCURVE('',#1152,#1157);
#1152 = PLANE('',#1153);
#1153 = AXIS2_PLACEMENT_3D('',#1154,#1155,#1156);
#1154 = CARTESIAN_POINT('',(-26.2,39.025,5.55));
#1155 = DIRECTION('',(1.05E-15,3.8E-16,1.));
#1156 = DIRECTION('',(-2.2E-16,-1.,3.8E-16));
#1157 = DEFINITIONAL_REPRESENTATION('',(#1158),#1162);
#1158 = LINE('',#1159,#1160);
#1159 = CARTESIAN_POINT('',(6.200892098501E-16,-0.8));
#1160 = VECTOR('',#1161,1.);
#1161 = DIRECTION('',(1.,-9.413418723394E-31));
#1162 = ( GEOMETRIC_REPRESENTATION_CONTEXT(2) 
PARAMETRIC_REPRESENTATION_CONTEXT() REPRESENTATION_CONTEXT('2D SPACE',''
  ) );
#1163 = ORIENTED_EDGE('',*,*,#1060,.T.);
#1164 = ORIENTED_EDGE('',*,*,#845,.F.);
#1165 = ADVANCED_FACE('',(#1166),#833,.T.);
#1166 = FACE_BOUND('',#1167,.F.);
#1167 = EDGE_LOOP('',(#1168,#1191,#1218,#1219));
#1168 = ORIENTED_EDGE('',*,*,#1169,.F.);
#1169 = EDGE_CURVE('',#1170,#789,#1172,.T.);
#1170 = VERTEX_POINT('',#1171);
#1171 = CARTESIAN_POINT('',(-27.,39.525,5.05));
#1172 = SURFACE_CURVE('',#1173,(#1177,#1184),.PCURVE_S1.);
#1173 = LINE('',#1174,#1175);
#1174 = CARTESIAN_POINT('',(-27.025,39.5,5.05));
#1175 = VECTOR('',#1176,1.);
#1176 = DIRECTION('',(-0.707106781187,-0.707106781187,8.2E-16));
#1177 = PCURVE('',#833,#1178);
#1178 = DEFINITIONAL_REPRESENTATION('',(#1179),#1183);
#1179 = LINE('',#1180,#1181);
#1180 = CARTESIAN_POINT('',(-8.9E-16,-2.5E-02));
#1181 = VECTOR('',#1182,1.);
#1182 = DIRECTION('',(0.,-1.));
#1183 = ( GEOMETRIC_REPRESENTATION_CONTEXT(2) 
PARAMETRIC_REPRESENTATION_CONTEXT() REPRESENTATION_CONTEXT('2D SPACE',''
  ) );
#1184 = PCURVE('',#804,#1185);
#1185 = DEFINITIONAL_REPRESENTATION('',(#1186),#1190);
#1186 = LINE('',#1187,#1188);
#1187 = CARTESIAN_POINT('',(2.621008439702,1.272792279856E-16));
#1188 = VECTOR('',#1189,1.);
#1189 = DIRECTION('',(-7.31493398826E-18,1.));
#1190 = ( GEOMETRIC_REPRESENTATION_CONTEXT(2) 
PARAMETRIC_REPRESENTATION_CONTEXT() REPRESENTATION_CONTEXT('2D SPACE',''
  ) );
#1191 = ORIENTED_EDGE('',*,*,#1192,.T.);
#1192 = EDGE_CURVE('',#1170,#1116,#1193,.T.);
#1193 = SURFACE_CURVE('',#1194,(#1199,#1206),.PCURVE_S1.);
#1194 = CIRCLE('',#1195,0.5);
#1195 = AXIS2_PLACEMENT_3D('',#1196,#1197,#1198);
#1196 = CARTESIAN_POINT('',(-27.,39.025,5.05));
#1197 = DIRECTION('',(1.,-2.2E-16,-1.28E-15));
#1198 = DIRECTION('',(2.2E-16,1.,1.22E-15));
#1199 = PCURVE('',#833,#1200);
#1200 = DEFINITIONAL_REPRESENTATION('',(#1201),#1205);
#1201 = LINE('',#1202,#1203);
#1202 = CARTESIAN_POINT('',(0.,-0.));
#1203 = VECTOR('',#1204,1.);
#1204 = DIRECTION('',(1.,-0.));
#1205 = ( GEOMETRIC_REPRESENTATION_CONTEXT(2) 
PARAMETRIC_REPRESENTATION_CONTEXT() REPRESENTATION_CONTEXT('2D SPACE',''
  ) );
#1206 = PCURVE('',#1207,#1212);
#1207 = CYLINDRICAL_SURFACE('',#1208,0.5);
#1208 = AXIS2_PLACEMENT_3D('',#1209,#1210,#1211);
#1209 = CARTESIAN_POINT('',(-26.2,39.025,5.05));
#1210 = DIRECTION('',(1.,6.7E-16,-3.9E-16));
#1211 = DIRECTION('',(-6.7E-16,1.,-1.E-15));
#1212 = DEFINITIONAL_REPRESENTATION('',(#1213),#1217);
#1213 = LINE('',#1214,#1215);
#1214 = CARTESIAN_POINT('',(-6.28318530718,-0.8));
#1215 = VECTOR('',#1216,1.);
#1216 = DIRECTION('',(1.,-0.));
#1217 = ( GEOMETRIC_REPRESENTATION_CONTEXT(2) 
PARAMETRIC_REPRESENTATION_CONTEXT() REPRESENTATION_CONTEXT('2D SPACE',''
  ) );
#1218 = ORIENTED_EDGE('',*,*,#1115,.T.);
#1219 = ORIENTED_EDGE('',*,*,#816,.F.);
#1220 = ADVANCED_FACE('',(#1221),#804,.F.);
#1221 = FACE_BOUND('',#1222,.F.);
#1222 = EDGE_LOOP('',(#1223,#1224,#1250,#1251));
#1223 = ORIENTED_EDGE('',*,*,#1035,.F.);
#1224 = ORIENTED_EDGE('',*,*,#1225,.T.);
#1225 = EDGE_CURVE('',#1007,#1170,#1226,.T.);
#1226 = SURFACE_CURVE('',#1227,(#1231,#1238),.PCURVE_S1.);
#1227 = LINE('',#1228,#1229);
#1228 = CARTESIAN_POINT('',(-27.,39.525,2.428991560298));
#1229 = VECTOR('',#1230,1.);
#1230 = DIRECTION('',(1.28E-15,-1.1E-16,1.));
#1231 = PCURVE('',#804,#1232);
#1232 = DEFINITIONAL_REPRESENTATION('',(#1233),#1237);
#1233 = LINE('',#1234,#1235);
#1234 = CARTESIAN_POINT('',(2.925E-17,-3.535533905933E-02));
#1235 = VECTOR('',#1236,1.);
#1236 = DIRECTION('',(1.,-3.451266460342E-30));
#1237 = ( GEOMETRIC_REPRESENTATION_CONTEXT(2) 
PARAMETRIC_REPRESENTATION_CONTEXT() REPRESENTATION_CONTEXT('2D SPACE',''
  ) );
#1238 = PCURVE('',#1239,#1244);
#1239 = PLANE('',#1240);
#1240 = AXIS2_PLACEMENT_3D('',#1241,#1242,#1243);
#1241 = CARTESIAN_POINT('',(-26.2,39.525,2.428991560298));
#1242 = DIRECTION('',(1.7E-16,1.,-7.8E-16));
#1243 = DIRECTION('',(1.28E-15,7.8E-16,1.));
#1244 = DEFINITIONAL_REPRESENTATION('',(#1245),#1249);
#1245 = LINE('',#1246,#1247);
#1246 = CARTESIAN_POINT('',(-5.799107901499E-16,-0.8));
#1247 = VECTOR('',#1248,1.);
#1248 = DIRECTION('',(1.,1.972152263053E-31));
#1249 = ( GEOMETRIC_REPRESENTATION_CONTEXT(2) 
PARAMETRIC_REPRESENTATION_CONTEXT() REPRESENTATION_CONTEXT('2D SPACE',''
  ) );
#1250 = ORIENTED_EDGE('',*,*,#1169,.T.);
#1251 = ORIENTED_EDGE('',*,*,#788,.F.);
#1252 = ADVANCED_FACE('',(#1253),#629,.F.);
#1253 = FACE_BOUND('',#1254,.T.);
#1254 = EDGE_LOOP('',(#1255,#1283,#1304,#1305));
#1255 = ORIENTED_EDGE('',*,*,#1256,.F.);
#1256 = EDGE_CURVE('',#1257,#586,#1259,.T.);
#1257 = VERTEX_POINT('',#1258);
#1258 = CARTESIAN_POINT('',(-26.3,35.256972972776,5.24));
#1259 = SURFACE_CURVE('',#1260,(#1265,#1272),.PCURVE_S1.);
#1260 = CIRCLE('',#1261,2.);
#1261 = AXIS2_PLACEMENT_3D('',#1262,#1263,#1264);
#1262 = CARTESIAN_POINT('',(-26.3,33.407,6.));
#1263 = DIRECTION('',(-1.,-7.418425463553E-49,1.7E-16));
#1264 = DIRECTION('',(-4.76E-32,1.,-2.8E-16));
#1265 = PCURVE('',#629,#1266);
#1266 = DEFINITIONAL_REPRESENTATION('',(#1267),#1271);
#1267 = LINE('',#1268,#1269);
#1268 = CARTESIAN_POINT('',(8.9E-16,-0.1));
#1269 = VECTOR('',#1270,1.);
#1270 = DIRECTION('',(-1.,0.));
#1271 = ( GEOMETRIC_REPRESENTATION_CONTEXT(2) 
PARAMETRIC_REPRESENTATION_CONTEXT() REPRESENTATION_CONTEXT('2D SPACE',''
  ) );
#1272 = PCURVE('',#601,#1273);
#1273 = DEFINITIONAL_REPRESENTATION('',(#1274),#1282);
#1274 = ( BOUNDED_CURVE() B_SPLINE_CURVE(2,(#1275,#1276,#1277,#1278,
#1279,#1280,#1281),.UNSPECIFIED.,.T.,.F.) B_SPLINE_CURVE_WITH_KNOTS((1,2
    ,2,2,2,1),(-2.094395102393,0.,2.094395102393,4.188790204786,
6.28318530718,8.377580409573),.UNSPECIFIED.) CURVE() 
GEOMETRIC_REPRESENTATION_ITEM() RATIONAL_B_SPLINE_CURVE((1.,0.5,1.,0.5,
1.,0.5,1.)) REPRESENTATION_ITEM('') );
#1275 = CARTESIAN_POINT('',(0.510990468923,-6.));
#1276 = CARTESIAN_POINT('',(0.510990468923,-2.535898384862));
#1277 = CARTESIAN_POINT('',(3.510990468923,-4.267949192431));
#1278 = CARTESIAN_POINT('',(6.510990468923,-6.));
#1279 = CARTESIAN_POINT('',(3.510990468923,-7.732050807569));
#1280 = CARTESIAN_POINT('',(0.510990468923,-9.464101615138));
#1281 = CARTESIAN_POINT('',(0.510990468923,-6.));
#1282 = ( GEOMETRIC_REPRESENTATION_CONTEXT(2) 
PARAMETRIC_REPRESENTATION_CONTEXT() REPRESENTATION_CONTEXT('2D SPACE',''
  ) );
#1283 = ORIENTED_EDGE('',*,*,#1284,.T.);
#1284 = EDGE_CURVE('',#1257,#904,#1285,.T.);
#1285 = SURFACE_CURVE('',#1286,(#1290,#1297),.PCURVE_S1.);
#1286 = LINE('',#1287,#1288);
#1287 = CARTESIAN_POINT('',(-26.2,35.256972972776,5.24));
#1288 = VECTOR('',#1289,1.);
#1289 = DIRECTION('',(-1.,-7.2E-16,1.7E-16));
#1290 = PCURVE('',#629,#1291);
#1291 = DEFINITIONAL_REPRESENTATION('',(#1292),#1296);
#1292 = LINE('',#1293,#1294);
#1293 = CARTESIAN_POINT('',(-0.389796296474,0.));
#1294 = VECTOR('',#1295,1.);
#1295 = DIRECTION('',(-0.,-1.));
#1296 = ( GEOMETRIC_REPRESENTATION_CONTEXT(2) 
PARAMETRIC_REPRESENTATION_CONTEXT() REPRESENTATION_CONTEXT('2D SPACE',''
  ) );
#1297 = PCURVE('',#1098,#1298);
#1298 = DEFINITIONAL_REPRESENTATION('',(#1299),#1303);
#1299 = LINE('',#1300,#1301);
#1300 = CARTESIAN_POINT('',(-3.531388950064,0.));
#1301 = VECTOR('',#1302,1.);
#1302 = DIRECTION('',(-0.,-1.));
#1303 = ( GEOMETRIC_REPRESENTATION_CONTEXT(2) 
PARAMETRIC_REPRESENTATION_CONTEXT() REPRESENTATION_CONTEXT('2D SPACE',''
  ) );
#1304 = ORIENTED_EDGE('',*,*,#926,.T.);
#1305 = ORIENTED_EDGE('',*,*,#613,.F.);
#1306 = ADVANCED_FACE('',(#1307),#601,.T.);
#1307 = FACE_BOUND('',#1308,.T.);
#1308 = EDGE_LOOP('',(#1309,#1310,#1333,#1356,#1379,#1402,#1435,#1468,
    #1496,#1529,#1557,#1590,#1618,#1646,#1669,#1697,#1720,#1746));
#1309 = ORIENTED_EDGE('',*,*,#585,.F.);
#1310 = ORIENTED_EDGE('',*,*,#1311,.T.);
#1311 = EDGE_CURVE('',#563,#1312,#1314,.T.);
#1312 = VERTEX_POINT('',#1313);
#1313 = CARTESIAN_POINT('',(-26.3,31.675,3.7));
#1314 = SURFACE_CURVE('',#1315,(#1319,#1326),.PCURVE_S1.);
#1315 = LINE('',#1316,#1317);
#1316 = CARTESIAN_POINT('',(-26.3,31.885747617231,3.910747617231));
#1317 = VECTOR('',#1318,1.);
#1318 = DIRECTION('',(2.E-16,-0.707106781187,-0.707106781187));
#1319 = PCURVE('',#601,#1320);
#1320 = DEFINITIONAL_REPRESENTATION('',(#1321),#1325);
#1321 = LINE('',#1322,#1323);
#1322 = CARTESIAN_POINT('',(4.032242851692,-3.910747617231));
#1323 = VECTOR('',#1324,1.);
#1324 = DIRECTION('',(0.707106781187,0.707106781187));
#1325 = ( GEOMETRIC_REPRESENTATION_CONTEXT(2) 
PARAMETRIC_REPRESENTATION_CONTEXT() REPRESENTATION_CONTEXT('2D SPACE',''
  ) );
#1326 = PCURVE('',#159,#1327);
#1327 = DEFINITIONAL_REPRESENTATION('',(#1328),#1332);
#1328 = LINE('',#1329,#1330);
#1329 = CARTESIAN_POINT('',(-8.591010416949E-02,1.2));
#1330 = VECTOR('',#1331,1.);
#1331 = DIRECTION('',(1.,2.8E-16));
#1332 = ( GEOMETRIC_REPRESENTATION_CONTEXT(2) 
PARAMETRIC_REPRESENTATION_CONTEXT() REPRESENTATION_CONTEXT('2D SPACE',''
  ) );
#1333 = ORIENTED_EDGE('',*,*,#1334,.F.);
#1334 = EDGE_CURVE('',#1335,#1312,#1337,.T.);
#1335 = VERTEX_POINT('',#1336);
#1336 = CARTESIAN_POINT('',(-26.3,31.675,-3.7));
#1337 = SURFACE_CURVE('',#1338,(#1342,#1349),.PCURVE_S1.);
#1338 = LINE('',#1339,#1340);
#1339 = CARTESIAN_POINT('',(-26.3,31.675,-4.));
#1340 = VECTOR('',#1341,1.);
#1341 = DIRECTION('',(1.7E-16,-1.7E-16,1.));
#1342 = PCURVE('',#601,#1343);
#1343 = DEFINITIONAL_REPRESENTATION('',(#1344),#1348);
#1344 = LINE('',#1345,#1346);
#1345 = CARTESIAN_POINT('',(4.242990468923,4.));
#1346 = VECTOR('',#1347,1.);
#1347 = DIRECTION('',(5.E-16,-1.));
#1348 = ( GEOMETRIC_REPRESENTATION_CONTEXT(2) 
PARAMETRIC_REPRESENTATION_CONTEXT() REPRESENTATION_CONTEXT('2D SPACE',''
  ) );
#1349 = PCURVE('',#380,#1350);
#1350 = DEFINITIONAL_REPRESENTATION('',(#1351),#1355);
#1351 = LINE('',#1352,#1353);
#1352 = CARTESIAN_POINT('',(1.2,-4.));
#1353 = VECTOR('',#1354,1.);
#1354 = DIRECTION('',(6.E-17,1.));
#1355 = ( GEOMETRIC_REPRESENTATION_CONTEXT(2) 
PARAMETRIC_REPRESENTATION_CONTEXT() REPRESENTATION_CONTEXT('2D SPACE',''
  ) );
#1356 = ORIENTED_EDGE('',*,*,#1357,.F.);
#1357 = EDGE_CURVE('',#1358,#1335,#1360,.T.);
#1358 = VERTEX_POINT('',#1359);
#1359 = CARTESIAN_POINT('',(-26.3,31.975,-4.));
#1360 = SURFACE_CURVE('',#1361,(#1365,#1372),.PCURVE_S1.);
#1361 = LINE('',#1362,#1363);
#1362 = CARTESIAN_POINT('',(-26.3,31.885747617231,-3.910747617231));
#1363 = VECTOR('',#1364,1.);
#1364 = DIRECTION('',(7.5E-16,-0.707106781187,0.707106781187));
#1365 = PCURVE('',#601,#1366);
#1366 = DEFINITIONAL_REPRESENTATION('',(#1367),#1371);
#1367 = LINE('',#1368,#1369);
#1368 = CARTESIAN_POINT('',(4.032242851692,3.910747617231));
#1369 = VECTOR('',#1370,1.);
#1370 = DIRECTION('',(0.707106781187,-0.707106781187));
#1371 = ( GEOMETRIC_REPRESENTATION_CONTEXT(2) 
PARAMETRIC_REPRESENTATION_CONTEXT() REPRESENTATION_CONTEXT('2D SPACE',''
  ) );
#1372 = PCURVE('',#494,#1373);
#1373 = DEFINITIONAL_REPRESENTATION('',(#1374),#1378);
#1374 = LINE('',#1375,#1376);
#1375 = CARTESIAN_POINT('',(8.591010416949E-02,1.2));
#1376 = VECTOR('',#1377,1.);
#1377 = DIRECTION('',(-1.,6.7E-16));
#1378 = ( GEOMETRIC_REPRESENTATION_CONTEXT(2) 
PARAMETRIC_REPRESENTATION_CONTEXT() REPRESENTATION_CONTEXT('2D SPACE',''
  ) );
#1379 = ORIENTED_EDGE('',*,*,#1380,.F.);
#1380 = EDGE_CURVE('',#1381,#1358,#1383,.T.);
#1381 = VERTEX_POINT('',#1382);
#1382 = CARTESIAN_POINT('',(-26.3,33.407,-4.));
#1383 = SURFACE_CURVE('',#1384,(#1388,#1395),.PCURVE_S1.);
#1384 = LINE('',#1385,#1386);
#1385 = CARTESIAN_POINT('',(-26.3,33.407,-4.));
#1386 = VECTOR('',#1387,1.);
#1387 = DIRECTION('',(0.,-1.,2.E-17));
#1388 = PCURVE('',#601,#1389);
#1389 = DEFINITIONAL_REPRESENTATION('',(#1390),#1394);
#1390 = LINE('',#1391,#1392);
#1391 = CARTESIAN_POINT('',(2.510990468923,4.));
#1392 = VECTOR('',#1393,1.);
#1393 = DIRECTION('',(1.,3.1E-16));
#1394 = ( GEOMETRIC_REPRESENTATION_CONTEXT(2) 
PARAMETRIC_REPRESENTATION_CONTEXT() REPRESENTATION_CONTEXT('2D SPACE',''
  ) );
#1395 = PCURVE('',#464,#1396);
#1396 = DEFINITIONAL_REPRESENTATION('',(#1397),#1401);
#1397 = LINE('',#1398,#1399);
#1398 = CARTESIAN_POINT('',(0.502729146982,-1.654698795138));
#1399 = VECTOR('',#1400,1.);
#1400 = DIRECTION('',(1.,-3.621E-31));
#1401 = ( GEOMETRIC_REPRESENTATION_CONTEXT(2) 
PARAMETRIC_REPRESENTATION_CONTEXT() REPRESENTATION_CONTEXT('2D SPACE',''
  ) );
#1402 = ORIENTED_EDGE('',*,*,#1403,.T.);
#1403 = EDGE_CURVE('',#1381,#1404,#1406,.T.);
#1404 = VERTEX_POINT('',#1405);
#1405 = CARTESIAN_POINT('',(-26.3,35.256972972776,-5.24));
#1406 = SURFACE_CURVE('',#1407,(#1412,#1423),.PCURVE_S1.);
#1407 = CIRCLE('',#1408,2.);
#1408 = AXIS2_PLACEMENT_3D('',#1409,#1410,#1411);
#1409 = CARTESIAN_POINT('',(-26.3,33.407,-6.));
#1410 = DIRECTION('',(-1.,-7.418425463553E-49,1.7E-16));
#1411 = DIRECTION('',(-4.76E-32,1.,-2.8E-16));
#1412 = PCURVE('',#601,#1413);
#1413 = DEFINITIONAL_REPRESENTATION('',(#1414),#1422);
#1414 = ( BOUNDED_CURVE() B_SPLINE_CURVE(2,(#1415,#1416,#1417,#1418,
#1419,#1420,#1421),.UNSPECIFIED.,.T.,.F.) B_SPLINE_CURVE_WITH_KNOTS((1,2
    ,2,2,2,1),(-2.094395102393,0.,2.094395102393,4.188790204786,
6.28318530718,8.377580409573),.UNSPECIFIED.) CURVE() 
GEOMETRIC_REPRESENTATION_ITEM() RATIONAL_B_SPLINE_CURVE((1.,0.5,1.,0.5,
1.,0.5,1.)) REPRESENTATION_ITEM('') );
#1415 = CARTESIAN_POINT('',(0.510990468923,6.));
#1416 = CARTESIAN_POINT('',(0.510990468923,9.464101615138));
#1417 = CARTESIAN_POINT('',(3.510990468923,7.732050807569));
#1418 = CARTESIAN_POINT('',(6.510990468923,6.));
#1419 = CARTESIAN_POINT('',(3.510990468923,4.267949192431));
#1420 = CARTESIAN_POINT('',(0.510990468923,2.535898384862));
#1421 = CARTESIAN_POINT('',(0.510990468923,6.));
#1422 = ( GEOMETRIC_REPRESENTATION_CONTEXT(2) 
PARAMETRIC_REPRESENTATION_CONTEXT() REPRESENTATION_CONTEXT('2D SPACE',''
  ) );
#1423 = PCURVE('',#1424,#1429);
#1424 = CYLINDRICAL_SURFACE('',#1425,2.);
#1425 = AXIS2_PLACEMENT_3D('',#1426,#1427,#1428);
#1426 = CARTESIAN_POINT('',(-26.2,33.407,-6.));
#1427 = DIRECTION('',(1.,6.7E-16,-3.9E-16));
#1428 = DIRECTION('',(-6.7E-16,1.,-1.E-15));
#1429 = DEFINITIONAL_REPRESENTATION('',(#1430),#1434);
#1430 = LINE('',#1431,#1432);
#1431 = CARTESIAN_POINT('',(1.78E-15,-1.E-01));
#1432 = VECTOR('',#1433,1.);
#1433 = DIRECTION('',(-1.,0.));
#1434 = ( GEOMETRIC_REPRESENTATION_CONTEXT(2) 
PARAMETRIC_REPRESENTATION_CONTEXT() REPRESENTATION_CONTEXT('2D SPACE',''
  ) );
#1435 = ORIENTED_EDGE('',*,*,#1436,.F.);
#1436 = EDGE_CURVE('',#1437,#1404,#1439,.T.);
#1437 = VERTEX_POINT('',#1438);
#1438 = CARTESIAN_POINT('',(-26.3,35.719466215969,-5.55));
#1439 = SURFACE_CURVE('',#1440,(#1445,#1456),.PCURVE_S1.);
#1440 = CIRCLE('',#1441,0.5);
#1441 = AXIS2_PLACEMENT_3D('',#1442,#1443,#1444);
#1442 = CARTESIAN_POINT('',(-26.3,35.719466215969,-5.05));
#1443 = DIRECTION('',(-1.,-7.418425463553E-49,1.7E-16));
#1444 = DIRECTION('',(-4.76E-32,1.,-2.8E-16));
#1445 = PCURVE('',#601,#1446);
#1446 = DEFINITIONAL_REPRESENTATION('',(#1447),#1455);
#1447 = ( BOUNDED_CURVE() B_SPLINE_CURVE(2,(#1448,#1449,#1450,#1451,
#1452,#1453,#1454),.UNSPECIFIED.,.T.,.F.) B_SPLINE_CURVE_WITH_KNOTS((1,2
    ,2,2,2,1),(-2.094395102393,0.,2.094395102393,4.188790204786,
6.28318530718,8.377580409573),.UNSPECIFIED.) CURVE() 
GEOMETRIC_REPRESENTATION_ITEM() RATIONAL_B_SPLINE_CURVE((1.,0.5,1.,0.5,
1.,0.5,1.)) REPRESENTATION_ITEM('') );
#1448 = CARTESIAN_POINT('',(-0.301475747047,5.05));
#1449 = CARTESIAN_POINT('',(-0.301475747047,5.916025403784));
#1450 = CARTESIAN_POINT('',(0.448524252953,5.483012701892));
#1451 = CARTESIAN_POINT('',(1.198524252953,5.05));
#1452 = CARTESIAN_POINT('',(0.448524252953,4.616987298108));
#1453 = CARTESIAN_POINT('',(-0.301475747047,4.183974596216));
#1454 = CARTESIAN_POINT('',(-0.301475747047,5.05));
#1455 = ( GEOMETRIC_REPRESENTATION_CONTEXT(2) 
PARAMETRIC_REPRESENTATION_CONTEXT() REPRESENTATION_CONTEXT('2D SPACE',''
  ) );
#1456 = PCURVE('',#1457,#1462);
#1457 = CYLINDRICAL_SURFACE('',#1458,0.5);
#1458 = AXIS2_PLACEMENT_3D('',#1459,#1460,#1461);
#1459 = CARTESIAN_POINT('',(-26.2,35.719466215969,-5.05));
#1460 = DIRECTION('',(1.,6.7E-16,-3.9E-16));
#1461 = DIRECTION('',(-6.7E-16,1.,-1.E-15));
#1462 = DEFINITIONAL_REPRESENTATION('',(#1463),#1467);
#1463 = LINE('',#1464,#1465);
#1464 = CARTESIAN_POINT('',(8.9E-16,-1.E-01));
#1465 = VECTOR('',#1466,1.);
#1466 = DIRECTION('',(-1.,0.));
#1467 = ( GEOMETRIC_REPRESENTATION_CONTEXT(2) 
PARAMETRIC_REPRESENTATION_CONTEXT() REPRESENTATION_CONTEXT('2D SPACE',''
  ) );
#1468 = ORIENTED_EDGE('',*,*,#1469,.T.);
#1469 = EDGE_CURVE('',#1437,#1470,#1472,.T.);
#1470 = VERTEX_POINT('',#1471);
#1471 = CARTESIAN_POINT('',(-26.3,39.025,-5.55));
#1472 = SURFACE_CURVE('',#1473,(#1477,#1484),.PCURVE_S1.);
#1473 = LINE('',#1474,#1475);
#1474 = CARTESIAN_POINT('',(-26.3,35.719466215969,-5.55));
#1475 = VECTOR('',#1476,1.);
#1476 = DIRECTION('',(0.,1.,-2.8E-16));
#1477 = PCURVE('',#601,#1478);
#1478 = DEFINITIONAL_REPRESENTATION('',(#1479),#1483);
#1479 = LINE('',#1480,#1481);
#1480 = CARTESIAN_POINT('',(0.198524252953,5.55));
#1481 = VECTOR('',#1482,1.);
#1482 = DIRECTION('',(-1.,-5.E-17));
#1483 = ( GEOMETRIC_REPRESENTATION_CONTEXT(2) 
PARAMETRIC_REPRESENTATION_CONTEXT() REPRESENTATION_CONTEXT('2D SPACE',''
  ) );
#1484 = PCURVE('',#1485,#1490);
#1485 = PLANE('',#1486);
#1486 = AXIS2_PLACEMENT_3D('',#1487,#1488,#1489);
#1487 = CARTESIAN_POINT('',(-26.2,35.719466215969,-5.55));
#1488 = DIRECTION('',(-1.05E-15,-1.1E-16,-1.));
#1489 = DIRECTION('',(2.2E-16,1.,-1.1E-16));
#1490 = DEFINITIONAL_REPRESENTATION('',(#1491),#1495);
#1491 = LINE('',#1492,#1493);
#1492 = CARTESIAN_POINT('',(4.220892098501E-16,-9.999999999999E-02));
#1493 = VECTOR('',#1494,1.);
#1494 = DIRECTION('',(1.,-2.2E-16));
#1495 = ( GEOMETRIC_REPRESENTATION_CONTEXT(2) 
PARAMETRIC_REPRESENTATION_CONTEXT() REPRESENTATION_CONTEXT('2D SPACE',''
  ) );
#1496 = ORIENTED_EDGE('',*,*,#1497,.F.);
#1497 = EDGE_CURVE('',#1498,#1470,#1500,.T.);
#1498 = VERTEX_POINT('',#1499);
#1499 = CARTESIAN_POINT('',(-26.3,39.525,-5.05));
#1500 = SURFACE_CURVE('',#1501,(#1506,#1517),.PCURVE_S1.);
#1501 = CIRCLE('',#1502,0.5);
#1502 = AXIS2_PLACEMENT_3D('',#1503,#1504,#1505);
#1503 = CARTESIAN_POINT('',(-26.3,39.025,-5.05));
#1504 = DIRECTION('',(-1.,-7.418425463553E-49,1.7E-16));
#1505 = DIRECTION('',(-4.76E-32,1.,-2.8E-16));
#1506 = PCURVE('',#601,#1507);
#1507 = DEFINITIONAL_REPRESENTATION('',(#1508),#1516);
#1508 = ( BOUNDED_CURVE() B_SPLINE_CURVE(2,(#1509,#1510,#1511,#1512,
#1513,#1514,#1515),.UNSPECIFIED.,.T.,.F.) B_SPLINE_CURVE_WITH_KNOTS((1,2
    ,2,2,2,1),(-2.094395102393,0.,2.094395102393,4.188790204786,
6.28318530718,8.377580409573),.UNSPECIFIED.) CURVE() 
GEOMETRIC_REPRESENTATION_ITEM() RATIONAL_B_SPLINE_CURVE((1.,0.5,1.,0.5,
1.,0.5,1.)) REPRESENTATION_ITEM('') );
#1509 = CARTESIAN_POINT('',(-3.607009531077,5.05));
#1510 = CARTESIAN_POINT('',(-3.607009531077,5.916025403784));
#1511 = CARTESIAN_POINT('',(-2.857009531077,5.483012701892));
#1512 = CARTESIAN_POINT('',(-2.107009531077,5.05));
#1513 = CARTESIAN_POINT('',(-2.857009531077,4.616987298108));
#1514 = CARTESIAN_POINT('',(-3.607009531077,4.183974596216));
#1515 = CARTESIAN_POINT('',(-3.607009531077,5.05));
#1516 = ( GEOMETRIC_REPRESENTATION_CONTEXT(2) 
PARAMETRIC_REPRESENTATION_CONTEXT() REPRESENTATION_CONTEXT('2D SPACE',''
  ) );
#1517 = PCURVE('',#1518,#1523);
#1518 = CYLINDRICAL_SURFACE('',#1519,0.5);
#1519 = AXIS2_PLACEMENT_3D('',#1520,#1521,#1522);
#1520 = CARTESIAN_POINT('',(-26.2,39.025,-5.05));
#1521 = DIRECTION('',(1.,6.7E-16,-3.9E-16));
#1522 = DIRECTION('',(-6.7E-16,1.,-1.E-15));
#1523 = DEFINITIONAL_REPRESENTATION('',(#1524),#1528);
#1524 = LINE('',#1525,#1526);
#1525 = CARTESIAN_POINT('',(8.9E-16,-1.E-01));
#1526 = VECTOR('',#1527,1.);
#1527 = DIRECTION('',(-1.,0.));
#1528 = ( GEOMETRIC_REPRESENTATION_CONTEXT(2) 
PARAMETRIC_REPRESENTATION_CONTEXT() REPRESENTATION_CONTEXT('2D SPACE',''
  ) );
#1529 = ORIENTED_EDGE('',*,*,#1530,.T.);
#1530 = EDGE_CURVE('',#1498,#1531,#1533,.T.);
#1531 = VERTEX_POINT('',#1532);
#1532 = CARTESIAN_POINT('',(-26.3,39.525,-2.428991560298));
#1533 = SURFACE_CURVE('',#1534,(#1538,#1545),.PCURVE_S1.);
#1534 = LINE('',#1535,#1536);
#1535 = CARTESIAN_POINT('',(-26.3,39.525,-5.05));
#1536 = VECTOR('',#1537,1.);
#1537 = DIRECTION('',(1.7E-16,-1.7E-16,1.));
#1538 = PCURVE('',#601,#1539);
#1539 = DEFINITIONAL_REPRESENTATION('',(#1540),#1544);
#1540 = LINE('',#1541,#1542);
#1541 = CARTESIAN_POINT('',(-3.607009531077,5.05));
#1542 = VECTOR('',#1543,1.);
#1543 = DIRECTION('',(5.E-16,-1.));
#1544 = ( GEOMETRIC_REPRESENTATION_CONTEXT(2) 
PARAMETRIC_REPRESENTATION_CONTEXT() REPRESENTATION_CONTEXT('2D SPACE',''
  ) );
#1545 = PCURVE('',#1546,#1551);
#1546 = PLANE('',#1547);
#1547 = AXIS2_PLACEMENT_3D('',#1548,#1549,#1550);
#1548 = CARTESIAN_POINT('',(-26.2,39.525,-5.05));
#1549 = DIRECTION('',(1.7E-16,1.,-7.8E-16));
#1550 = DIRECTION('',(1.28E-15,7.8E-16,1.));
#1551 = DEFINITIONAL_REPRESENTATION('',(#1552),#1556);
#1552 = LINE('',#1553,#1554);
#1553 = CARTESIAN_POINT('',(5.201070518201E-15,-1.E-01));
#1554 = VECTOR('',#1555,1.);
#1555 = DIRECTION('',(1.,-1.11E-15));
#1556 = ( GEOMETRIC_REPRESENTATION_CONTEXT(2) 
PARAMETRIC_REPRESENTATION_CONTEXT() REPRESENTATION_CONTEXT('2D SPACE',''
  ) );
#1557 = ORIENTED_EDGE('',*,*,#1558,.T.);
#1558 = EDGE_CURVE('',#1531,#1559,#1561,.T.);
#1559 = VERTEX_POINT('',#1560);
#1560 = CARTESIAN_POINT('',(-26.3,39.699796747967,-1.579831909137));
#1561 = SURFACE_CURVE('',#1562,(#1567,#1578),.PCURVE_S1.);
#1562 = CIRCLE('',#1563,2.15);
#1563 = AXIS2_PLACEMENT_3D('',#1564,#1565,#1566);
#1564 = CARTESIAN_POINT('',(-26.3,41.675,-2.428991560298));
#1565 = DIRECTION('',(-1.,-7.418425463553E-49,1.7E-16));
#1566 = DIRECTION('',(-4.76E-32,1.,-2.8E-16));
#1567 = PCURVE('',#601,#1568);
#1568 = DEFINITIONAL_REPRESENTATION('',(#1569),#1577);
#1569 = ( BOUNDED_CURVE() B_SPLINE_CURVE(2,(#1570,#1571,#1572,#1573,
#1574,#1575,#1576),.UNSPECIFIED.,.T.,.F.) B_SPLINE_CURVE_WITH_KNOTS((1,2
    ,2,2,2,1),(-2.094395102393,0.,2.094395102393,4.188790204786,
6.28318530718,8.377580409573),.UNSPECIFIED.) CURVE() 
GEOMETRIC_REPRESENTATION_ITEM() RATIONAL_B_SPLINE_CURVE((1.,0.5,1.,0.5,
1.,0.5,1.)) REPRESENTATION_ITEM('') );
#1570 = CARTESIAN_POINT('',(-7.907009531077,2.428991560298));
#1571 = CARTESIAN_POINT('',(-7.907009531077,6.152900796571));
#1572 = CARTESIAN_POINT('',(-4.682009531077,4.290946178435));
#1573 = CARTESIAN_POINT('',(-1.457009531077,2.428991560298));
#1574 = CARTESIAN_POINT('',(-4.682009531077,0.567036942162));
#1575 = CARTESIAN_POINT('',(-7.907009531077,-1.294917675975));
#1576 = CARTESIAN_POINT('',(-7.907009531077,2.428991560298));
#1577 = ( GEOMETRIC_REPRESENTATION_CONTEXT(2) 
PARAMETRIC_REPRESENTATION_CONTEXT() REPRESENTATION_CONTEXT('2D SPACE',''
  ) );
#1578 = PCURVE('',#1579,#1584);
#1579 = CYLINDRICAL_SURFACE('',#1580,2.15);
#1580 = AXIS2_PLACEMENT_3D('',#1581,#1582,#1583);
#1581 = CARTESIAN_POINT('',(-26.2,41.675,-2.428991560298));
#1582 = DIRECTION('',(1.,6.7E-16,-3.9E-16));
#1583 = DIRECTION('',(-6.7E-16,1.,-1.E-15));
#1584 = DEFINITIONAL_REPRESENTATION('',(#1585),#1589);
#1585 = LINE('',#1586,#1587);
#1586 = CARTESIAN_POINT('',(8.9E-16,-1.E-01));
#1587 = VECTOR('',#1588,1.);
#1588 = DIRECTION('',(-1.,0.));
#1589 = ( GEOMETRIC_REPRESENTATION_CONTEXT(2) 
PARAMETRIC_REPRESENTATION_CONTEXT() REPRESENTATION_CONTEXT('2D SPACE',''
  ) );
#1590 = ORIENTED_EDGE('',*,*,#1591,.F.);
#1591 = EDGE_CURVE('',#1592,#1559,#1594,.T.);
#1592 = VERTEX_POINT('',#1593);
#1593 = CARTESIAN_POINT('',(-26.3,39.699796747967,1.579831909137));
#1594 = SURFACE_CURVE('',#1595,(#1600,#1611),.PCURVE_S1.);
#1595 = CIRCLE('',#1596,4.);
#1596 = AXIS2_PLACEMENT_3D('',#1597,#1598,#1599);
#1597 = CARTESIAN_POINT('',(-26.3,36.025,-8.326672684689E-17));
#1598 = DIRECTION('',(-1.,-7.418425463553E-49,1.7E-16));
#1599 = DIRECTION('',(-4.76E-32,1.,-2.8E-16));
#1600 = PCURVE('',#601,#1601);
#1601 = DEFINITIONAL_REPRESENTATION('',(#1602),#1610);
#1602 = ( BOUNDED_CURVE() B_SPLINE_CURVE(2,(#1603,#1604,#1605,#1606,
#1607,#1608,#1609),.UNSPECIFIED.,.T.,.F.) B_SPLINE_CURVE_WITH_KNOTS((1,2
    ,2,2,2,1),(-2.094395102393,0.,2.094395102393,4.188790204786,
6.28318530718,8.377580409573),.UNSPECIFIED.) CURVE() 
GEOMETRIC_REPRESENTATION_ITEM() RATIONAL_B_SPLINE_CURVE((1.,0.5,1.,0.5,
1.,0.5,1.)) REPRESENTATION_ITEM('') );
#1603 = CARTESIAN_POINT('',(-4.107009531077,-4.102411594609E-17));
#1604 = CARTESIAN_POINT('',(-4.107009531077,6.928203230276));
#1605 = CARTESIAN_POINT('',(1.892990468923,3.464101615138));
#1606 = CARTESIAN_POINT('',(7.892990468923,1.538693323372E-15));
#1607 = CARTESIAN_POINT('',(1.892990468923,-3.464101615138));
#1608 = CARTESIAN_POINT('',(-4.107009531077,-6.928203230276));
#1609 = CARTESIAN_POINT('',(-4.107009531077,-4.102411594609E-17));
#1610 = ( GEOMETRIC_REPRESENTATION_CONTEXT(2) 
PARAMETRIC_REPRESENTATION_CONTEXT() REPRESENTATION_CONTEXT('2D SPACE',''
  ) );
#1611 = PCURVE('',#246,#1612);
#1612 = DEFINITIONAL_REPRESENTATION('',(#1613),#1617);
#1613 = LINE('',#1614,#1615);
#1614 = CARTESIAN_POINT('',(-0.,-0.1));
#1615 = VECTOR('',#1616,1.);
#1616 = DIRECTION('',(-1.,4.4E-16));
#1617 = ( GEOMETRIC_REPRESENTATION_CONTEXT(2) 
PARAMETRIC_REPRESENTATION_CONTEXT() REPRESENTATION_CONTEXT('2D SPACE',''
  ) );
#1618 = ORIENTED_EDGE('',*,*,#1619,.T.);
#1619 = EDGE_CURVE('',#1592,#1620,#1622,.T.);
#1620 = VERTEX_POINT('',#1621);
#1621 = CARTESIAN_POINT('',(-26.3,39.525,2.428991560298));
#1622 = SURFACE_CURVE('',#1623,(#1628,#1639),.PCURVE_S1.);
#1623 = CIRCLE('',#1624,2.15);
#1624 = AXIS2_PLACEMENT_3D('',#1625,#1626,#1627);
#1625 = CARTESIAN_POINT('',(-26.3,41.675,2.428991560298));
#1626 = DIRECTION('',(-1.,-7.418425463553E-49,1.7E-16));
#1627 = DIRECTION('',(-4.76E-32,1.,-2.8E-16));
#1628 = PCURVE('',#601,#1629);
#1629 = DEFINITIONAL_REPRESENTATION('',(#1630),#1638);
#1630 = ( BOUNDED_CURVE() B_SPLINE_CURVE(2,(#1631,#1632,#1633,#1634,
#1635,#1636,#1637),.UNSPECIFIED.,.T.,.F.) B_SPLINE_CURVE_WITH_KNOTS((1,2
    ,2,2,2,1),(-2.094395102393,0.,2.094395102393,4.188790204786,
6.28318530718,8.377580409573),.UNSPECIFIED.) CURVE() 
GEOMETRIC_REPRESENTATION_ITEM() RATIONAL_B_SPLINE_CURVE((1.,0.5,1.,0.5,
1.,0.5,1.)) REPRESENTATION_ITEM('') );
#1631 = CARTESIAN_POINT('',(-7.907009531077,-2.428991560298));
#1632 = CARTESIAN_POINT('',(-7.907009531077,1.294917675975));
#1633 = CARTESIAN_POINT('',(-4.682009531077,-0.567036942162));
#1634 = CARTESIAN_POINT('',(-1.457009531077,-2.428991560298));
#1635 = CARTESIAN_POINT('',(-4.682009531077,-4.290946178435));
#1636 = CARTESIAN_POINT('',(-7.907009531077,-6.152900796571));
#1637 = CARTESIAN_POINT('',(-7.907009531077,-2.428991560298));
#1638 = ( GEOMETRIC_REPRESENTATION_CONTEXT(2) 
PARAMETRIC_REPRESENTATION_CONTEXT() REPRESENTATION_CONTEXT('2D SPACE',''
  ) );
#1639 = PCURVE('',#1023,#1640);
#1640 = DEFINITIONAL_REPRESENTATION('',(#1641),#1645);
#1641 = LINE('',#1642,#1643);
#1642 = CARTESIAN_POINT('',(1.78E-15,-0.1));
#1643 = VECTOR('',#1644,1.);
#1644 = DIRECTION('',(-1.,0.));
#1645 = ( GEOMETRIC_REPRESENTATION_CONTEXT(2) 
PARAMETRIC_REPRESENTATION_CONTEXT() REPRESENTATION_CONTEXT('2D SPACE',''
  ) );
#1646 = ORIENTED_EDGE('',*,*,#1647,.T.);
#1647 = EDGE_CURVE('',#1620,#1648,#1650,.T.);
#1648 = VERTEX_POINT('',#1649);
#1649 = CARTESIAN_POINT('',(-26.3,39.525,5.05));
#1650 = SURFACE_CURVE('',#1651,(#1655,#1662),.PCURVE_S1.);
#1651 = LINE('',#1652,#1653);
#1652 = CARTESIAN_POINT('',(-26.3,39.525,2.428991560298));
#1653 = VECTOR('',#1654,1.);
#1654 = DIRECTION('',(1.7E-16,-1.7E-16,1.));
#1655 = PCURVE('',#601,#1656);
#1656 = DEFINITIONAL_REPRESENTATION('',(#1657),#1661);
#1657 = LINE('',#1658,#1659);
#1658 = CARTESIAN_POINT('',(-3.607009531077,-2.428991560298));
#1659 = VECTOR('',#1660,1.);
#1660 = DIRECTION('',(5.E-16,-1.));
#1661 = ( GEOMETRIC_REPRESENTATION_CONTEXT(2) 
PARAMETRIC_REPRESENTATION_CONTEXT() REPRESENTATION_CONTEXT('2D SPACE',''
  ) );
#1662 = PCURVE('',#1239,#1663);
#1663 = DEFINITIONAL_REPRESENTATION('',(#1664),#1668);
#1664 = LINE('',#1665,#1666);
#1665 = CARTESIAN_POINT('',(7.601784197001E-16,-0.1));
#1666 = VECTOR('',#1667,1.);
#1667 = DIRECTION('',(1.,-1.11E-15));
#1668 = ( GEOMETRIC_REPRESENTATION_CONTEXT(2) 
PARAMETRIC_REPRESENTATION_CONTEXT() REPRESENTATION_CONTEXT('2D SPACE',''
  ) );
#1669 = ORIENTED_EDGE('',*,*,#1670,.F.);
#1670 = EDGE_CURVE('',#1671,#1648,#1673,.T.);
#1671 = VERTEX_POINT('',#1672);
#1672 = CARTESIAN_POINT('',(-26.3,39.025,5.55));
#1673 = SURFACE_CURVE('',#1674,(#1679,#1690),.PCURVE_S1.);
#1674 = CIRCLE('',#1675,0.5);
#1675 = AXIS2_PLACEMENT_3D('',#1676,#1677,#1678);
#1676 = CARTESIAN_POINT('',(-26.3,39.025,5.05));
#1677 = DIRECTION('',(-1.,-7.418425463553E-49,1.7E-16));
#1678 = DIRECTION('',(-4.76E-32,1.,-2.8E-16));
#1679 = PCURVE('',#601,#1680);
#1680 = DEFINITIONAL_REPRESENTATION('',(#1681),#1689);
#1681 = ( BOUNDED_CURVE() B_SPLINE_CURVE(2,(#1682,#1683,#1684,#1685,
#1686,#1687,#1688),.UNSPECIFIED.,.T.,.F.) B_SPLINE_CURVE_WITH_KNOTS((1,2
    ,2,2,2,1),(-2.094395102393,0.,2.094395102393,4.188790204786,
6.28318530718,8.377580409573),.UNSPECIFIED.) CURVE() 
GEOMETRIC_REPRESENTATION_ITEM() RATIONAL_B_SPLINE_CURVE((1.,0.5,1.,0.5,
1.,0.5,1.)) REPRESENTATION_ITEM('') );
#1682 = CARTESIAN_POINT('',(-3.607009531077,-5.05));
#1683 = CARTESIAN_POINT('',(-3.607009531077,-4.183974596216));
#1684 = CARTESIAN_POINT('',(-2.857009531077,-4.616987298108));
#1685 = CARTESIAN_POINT('',(-2.107009531077,-5.05));
#1686 = CARTESIAN_POINT('',(-2.857009531077,-5.483012701892));
#1687 = CARTESIAN_POINT('',(-3.607009531077,-5.916025403784));
#1688 = CARTESIAN_POINT('',(-3.607009531077,-5.05));
#1689 = ( GEOMETRIC_REPRESENTATION_CONTEXT(2) 
PARAMETRIC_REPRESENTATION_CONTEXT() REPRESENTATION_CONTEXT('2D SPACE',''
  ) );
#1690 = PCURVE('',#1207,#1691);
#1691 = DEFINITIONAL_REPRESENTATION('',(#1692),#1696);
#1692 = LINE('',#1693,#1694);
#1693 = CARTESIAN_POINT('',(1.78E-15,-0.1));
#1694 = VECTOR('',#1695,1.);
#1695 = DIRECTION('',(-1.,0.));
#1696 = ( GEOMETRIC_REPRESENTATION_CONTEXT(2) 
PARAMETRIC_REPRESENTATION_CONTEXT() REPRESENTATION_CONTEXT('2D SPACE',''
  ) );
#1697 = ORIENTED_EDGE('',*,*,#1698,.T.);
#1698 = EDGE_CURVE('',#1671,#1699,#1701,.T.);
#1699 = VERTEX_POINT('',#1700);
#1700 = CARTESIAN_POINT('',(-26.3,35.719466215969,5.55));
#1701 = SURFACE_CURVE('',#1702,(#1706,#1713),.PCURVE_S1.);
#1702 = LINE('',#1703,#1704);
#1703 = CARTESIAN_POINT('',(-26.3,39.025,5.55));
#1704 = VECTOR('',#1705,1.);
#1705 = DIRECTION('',(0.,-1.,5.5E-16));
#1706 = PCURVE('',#601,#1707);
#1707 = DEFINITIONAL_REPRESENTATION('',(#1708),#1712);
#1708 = LINE('',#1709,#1710);
#1709 = CARTESIAN_POINT('',(-3.107009531077,-5.55));
#1710 = VECTOR('',#1711,1.);
#1711 = DIRECTION('',(1.,-2.2E-16));
#1712 = ( GEOMETRIC_REPRESENTATION_CONTEXT(2) 
PARAMETRIC_REPRESENTATION_CONTEXT() REPRESENTATION_CONTEXT('2D SPACE',''
  ) );
#1713 = PCURVE('',#1152,#1714);
#1714 = DEFINITIONAL_REPRESENTATION('',(#1715),#1719);
#1715 = LINE('',#1716,#1717);
#1716 = CARTESIAN_POINT('',(2.24244604925E-15,-0.1));
#1717 = VECTOR('',#1718,1.);
#1718 = DIRECTION('',(1.,2.2E-16));
#1719 = ( GEOMETRIC_REPRESENTATION_CONTEXT(2) 
PARAMETRIC_REPRESENTATION_CONTEXT() REPRESENTATION_CONTEXT('2D SPACE',''
  ) );
#1720 = ORIENTED_EDGE('',*,*,#1721,.F.);
#1721 = EDGE_CURVE('',#1257,#1699,#1722,.T.);
#1722 = SURFACE_CURVE('',#1723,(#1728,#1739),.PCURVE_S1.);
#1723 = CIRCLE('',#1724,0.5);
#1724 = AXIS2_PLACEMENT_3D('',#1725,#1726,#1727);
#1725 = CARTESIAN_POINT('',(-26.3,35.719466215969,5.05));
#1726 = DIRECTION('',(-1.,-7.418425463553E-49,1.7E-16));
#1727 = DIRECTION('',(-4.76E-32,1.,-2.8E-16));
#1728 = PCURVE('',#601,#1729);
#1729 = DEFINITIONAL_REPRESENTATION('',(#1730),#1738);
#1730 = ( BOUNDED_CURVE() B_SPLINE_CURVE(2,(#1731,#1732,#1733,#1734,
#1735,#1736,#1737),.UNSPECIFIED.,.T.,.F.) B_SPLINE_CURVE_WITH_KNOTS((1,2
    ,2,2,2,1),(-2.094395102393,0.,2.094395102393,4.188790204786,
6.28318530718,8.377580409573),.UNSPECIFIED.) CURVE() 
GEOMETRIC_REPRESENTATION_ITEM() RATIONAL_B_SPLINE_CURVE((1.,0.5,1.,0.5,
1.,0.5,1.)) REPRESENTATION_ITEM('') );
#1731 = CARTESIAN_POINT('',(-0.301475747047,-5.05));
#1732 = CARTESIAN_POINT('',(-0.301475747047,-4.183974596216));
#1733 = CARTESIAN_POINT('',(0.448524252953,-4.616987298108));
#1734 = CARTESIAN_POINT('',(1.198524252953,-5.05));
#1735 = CARTESIAN_POINT('',(0.448524252953,-5.483012701892));
#1736 = CARTESIAN_POINT('',(-0.301475747047,-5.916025403784));
#1737 = CARTESIAN_POINT('',(-0.301475747047,-5.05));
#1738 = ( GEOMETRIC_REPRESENTATION_CONTEXT(2) 
PARAMETRIC_REPRESENTATION_CONTEXT() REPRESENTATION_CONTEXT('2D SPACE',''
  ) );
#1739 = PCURVE('',#1098,#1740);
#1740 = DEFINITIONAL_REPRESENTATION('',(#1741),#1745);
#1741 = LINE('',#1742,#1743);
#1742 = CARTESIAN_POINT('',(8.9E-16,-0.1));
#1743 = VECTOR('',#1744,1.);
#1744 = DIRECTION('',(-1.,0.));
#1745 = ( GEOMETRIC_REPRESENTATION_CONTEXT(2) 
PARAMETRIC_REPRESENTATION_CONTEXT() REPRESENTATION_CONTEXT('2D SPACE',''
  ) );
#1746 = ORIENTED_EDGE('',*,*,#1256,.T.);
#1747 = ADVANCED_FACE('',(#1748),#1579,.F.);
#1748 = FACE_BOUND('',#1749,.T.);
#1749 = EDGE_LOOP('',(#1750,#1751,#1774,#1803));
#1750 = ORIENTED_EDGE('',*,*,#1558,.F.);
#1751 = ORIENTED_EDGE('',*,*,#1752,.T.);
#1752 = EDGE_CURVE('',#1531,#1753,#1755,.T.);
#1753 = VERTEX_POINT('',#1754);
#1754 = CARTESIAN_POINT('',(-27.,39.525,-2.428991560298));
#1755 = SURFACE_CURVE('',#1756,(#1760,#1767),.PCURVE_S1.);
#1756 = LINE('',#1757,#1758);
#1757 = CARTESIAN_POINT('',(-26.2,39.525,-2.428991560298));
#1758 = VECTOR('',#1759,1.);
#1759 = DIRECTION('',(-1.,-7.2E-16,1.7E-16));
#1760 = PCURVE('',#1579,#1761);
#1761 = DEFINITIONAL_REPRESENTATION('',(#1762),#1766);
#1762 = LINE('',#1763,#1764);
#1763 = CARTESIAN_POINT('',(-3.14159265359,0.));
#1764 = VECTOR('',#1765,1.);
#1765 = DIRECTION('',(-0.,-1.));
#1766 = ( GEOMETRIC_REPRESENTATION_CONTEXT(2) 
PARAMETRIC_REPRESENTATION_CONTEXT() REPRESENTATION_CONTEXT('2D SPACE',''
  ) );
#1767 = PCURVE('',#1546,#1768);
#1768 = DEFINITIONAL_REPRESENTATION('',(#1769),#1773);
#1769 = LINE('',#1770,#1771);
#1770 = CARTESIAN_POINT('',(2.621008439702,-1.489080281822E-17));
#1771 = VECTOR('',#1772,1.);
#1772 = DIRECTION('',(-1.11E-15,-1.));
#1773 = ( GEOMETRIC_REPRESENTATION_CONTEXT(2) 
PARAMETRIC_REPRESENTATION_CONTEXT() REPRESENTATION_CONTEXT('2D SPACE',''
  ) );
#1774 = ORIENTED_EDGE('',*,*,#1775,.T.);
#1775 = EDGE_CURVE('',#1753,#1776,#1778,.T.);
#1776 = VERTEX_POINT('',#1777);
#1777 = CARTESIAN_POINT('',(-27.,39.699796747967,-1.579831909137));
#1778 = SURFACE_CURVE('',#1779,(#1784,#1791),.PCURVE_S1.);
#1779 = CIRCLE('',#1780,2.15);
#1780 = AXIS2_PLACEMENT_3D('',#1781,#1782,#1783);
#1781 = CARTESIAN_POINT('',(-27.,41.675,-2.428991560298));
#1782 = DIRECTION('',(-1.,2.2E-16,1.28E-15));
#1783 = DIRECTION('',(-2.2E-16,-1.,1.38E-15));
#1784 = PCURVE('',#1579,#1785);
#1785 = DEFINITIONAL_REPRESENTATION('',(#1786),#1790);
#1786 = LINE('',#1787,#1788);
#1787 = CARTESIAN_POINT('',(-3.14159265359,-0.8));
#1788 = VECTOR('',#1789,1.);
#1789 = DIRECTION('',(-1.,0.));
#1790 = ( GEOMETRIC_REPRESENTATION_CONTEXT(2) 
PARAMETRIC_REPRESENTATION_CONTEXT() REPRESENTATION_CONTEXT('2D SPACE',''
  ) );
#1791 = PCURVE('',#1792,#1797);
#1792 = CONICAL_SURFACE('',#1793,2.15,0.785398163397);
#1793 = AXIS2_PLACEMENT_3D('',#1794,#1795,#1796);
#1794 = CARTESIAN_POINT('',(-27.,41.675,-2.428991560298));
#1795 = DIRECTION('',(-1.,-6.7E-16,3.9E-16));
#1796 = DIRECTION('',(6.7E-16,-1.,1.38E-15));
#1797 = DEFINITIONAL_REPRESENTATION('',(#1798),#1802);
#1798 = LINE('',#1799,#1800);
#1799 = CARTESIAN_POINT('',(0.,0.));
#1800 = VECTOR('',#1801,1.);
#1801 = DIRECTION('',(1.,0.));
#1802 = ( GEOMETRIC_REPRESENTATION_CONTEXT(2) 
PARAMETRIC_REPRESENTATION_CONTEXT() REPRESENTATION_CONTEXT('2D SPACE',''
  ) );
#1803 = ORIENTED_EDGE('',*,*,#1804,.F.);
#1804 = EDGE_CURVE('',#1559,#1776,#1805,.T.);
#1805 = SURFACE_CURVE('',#1806,(#1810,#1817),.PCURVE_S1.);
#1806 = LINE('',#1807,#1808);
#1807 = CARTESIAN_POINT('',(-26.2,39.699796747967,-1.579831909137));
#1808 = VECTOR('',#1809,1.);
#1809 = DIRECTION('',(-1.,-7.2E-16,1.7E-16));
#1810 = PCURVE('',#1579,#1811);
#1811 = DEFINITIONAL_REPRESENTATION('',(#1812),#1816);
#1812 = LINE('',#1813,#1814);
#1813 = CARTESIAN_POINT('',(-3.547614762657,0.));
#1814 = VECTOR('',#1815,1.);
#1815 = DIRECTION('',(-0.,-1.));
#1816 = ( GEOMETRIC_REPRESENTATION_CONTEXT(2) 
PARAMETRIC_REPRESENTATION_CONTEXT() REPRESENTATION_CONTEXT('2D SPACE',''
  ) );
#1817 = PCURVE('',#246,#1818);
#1818 = DEFINITIONAL_REPRESENTATION('',(#1819),#1823);
#1819 = LINE('',#1820,#1821);
#1820 = CARTESIAN_POINT('',(-6.689207416247,-6.E-17));
#1821 = VECTOR('',#1822,1.);
#1822 = DIRECTION('',(-1.6E-16,-1.));
#1823 = ( GEOMETRIC_REPRESENTATION_CONTEXT(2) 
PARAMETRIC_REPRESENTATION_CONTEXT() REPRESENTATION_CONTEXT('2D SPACE',''
  ) );
#1824 = ADVANCED_FACE('',(#1825),#1839,.F.);
#1825 = FACE_BOUND('',#1826,.F.);
#1826 = EDGE_LOOP('',(#1827,#1857,#1890,#1919,#1947,#1976,#2004,#2032));
#1827 = ORIENTED_EDGE('',*,*,#1828,.T.);
#1828 = EDGE_CURVE('',#1829,#1831,#1833,.T.);
#1829 = VERTEX_POINT('',#1830);
#1830 = CARTESIAN_POINT('',(-27.05,36.025,-4.));
#1831 = VERTEX_POINT('',#1832);
#1832 = CARTESIAN_POINT('',(-27.05,33.857,-4.));
#1833 = SURFACE_CURVE('',#1834,(#1838,#1850),.PCURVE_S1.);
#1834 = LINE('',#1835,#1836);
#1835 = CARTESIAN_POINT('',(-27.05,35.971495234461,-4.));
#1836 = VECTOR('',#1837,1.);
#1837 = DIRECTION('',(5.6E-16,-1.,7.8E-16));
#1838 = PCURVE('',#1839,#1844);
#1839 = PLANE('',#1840);
#1840 = AXIS2_PLACEMENT_3D('',#1841,#1842,#1843);
#1841 = CARTESIAN_POINT('',(-27.05,35.917990468923,-7.771561172376E-16)
  );
#1842 = DIRECTION('',(1.,8.9E-16,6.E-17));
#1843 = DIRECTION('',(8.9E-16,-1.,7.8E-16));
#1844 = DEFINITIONAL_REPRESENTATION('',(#1845),#1849);
#1845 = LINE('',#1846,#1847);
#1846 = CARTESIAN_POINT('',(-5.350476553862E-02,4.));
#1847 = VECTOR('',#1848,1.);
#1848 = DIRECTION('',(1.,0.));
#1849 = ( GEOMETRIC_REPRESENTATION_CONTEXT(2) 
PARAMETRIC_REPRESENTATION_CONTEXT() REPRESENTATION_CONTEXT('2D SPACE',''
  ) );
#1850 = PCURVE('',#464,#1851);
#1851 = DEFINITIONAL_REPRESENTATION('',(#1852),#1856);
#1852 = LINE('',#1853,#1854);
#1853 = CARTESIAN_POINT('',(-2.061766087479,-0.904698795138));
#1854 = VECTOR('',#1855,1.);
#1855 = DIRECTION('',(1.,-5.6E-16));
#1856 = ( GEOMETRIC_REPRESENTATION_CONTEXT(2) 
PARAMETRIC_REPRESENTATION_CONTEXT() REPRESENTATION_CONTEXT('2D SPACE',''
  ) );
#1857 = ORIENTED_EDGE('',*,*,#1858,.T.);
#1858 = EDGE_CURVE('',#1831,#1859,#1861,.T.);
#1859 = VERTEX_POINT('',#1860);
#1860 = CARTESIAN_POINT('',(-27.05,35.303222297095,-5.221));
#1861 = SURFACE_CURVE('',#1862,(#1867,#1878),.PCURVE_S1.);
#1862 = CIRCLE('',#1863,2.05);
#1863 = AXIS2_PLACEMENT_3D('',#1864,#1865,#1866);
#1864 = CARTESIAN_POINT('',(-27.05,33.407,-6.));
#1865 = DIRECTION('',(-1.,2.2E-16,1.28E-15));
#1866 = DIRECTION('',(1.28E-15,-1.E-15,1.));
#1867 = PCURVE('',#1839,#1868);
#1868 = DEFINITIONAL_REPRESENTATION('',(#1869),#1877);
#1869 = ( BOUNDED_CURVE() B_SPLINE_CURVE(2,(#1870,#1871,#1872,#1873,
#1874,#1875,#1876),.UNSPECIFIED.,.T.,.F.) B_SPLINE_CURVE_WITH_KNOTS((1,2
    ,2,2,2,1),(-2.094395102393,0.,2.094395102393,4.188790204786,
6.28318530718,8.377580409573),.UNSPECIFIED.) CURVE() 
GEOMETRIC_REPRESENTATION_ITEM() RATIONAL_B_SPLINE_CURVE((1.,0.5,1.,0.5,
1.,0.5,1.)) REPRESENTATION_ITEM('') );
#1870 = CARTESIAN_POINT('',(2.510990468923,3.95));
#1871 = CARTESIAN_POINT('',(-1.039713686593,3.95));
#1872 = CARTESIAN_POINT('',(0.735638391165,7.025));
#1873 = CARTESIAN_POINT('',(2.510990468923,10.1));
#1874 = CARTESIAN_POINT('',(4.286342546681,7.025));
#1875 = CARTESIAN_POINT('',(6.061694624439,3.95));
#1876 = CARTESIAN_POINT('',(2.510990468923,3.95));
#1877 = ( GEOMETRIC_REPRESENTATION_CONTEXT(2) 
PARAMETRIC_REPRESENTATION_CONTEXT() REPRESENTATION_CONTEXT('2D SPACE',''
  ) );
#1878 = PCURVE('',#1879,#1884);
#1879 = CONICAL_SURFACE('',#1880,2.,0.785398163397);
#1880 = AXIS2_PLACEMENT_3D('',#1881,#1882,#1883);
#1881 = CARTESIAN_POINT('',(-27.,33.407,-6.));
#1882 = DIRECTION('',(-1.,-6.7E-16,3.9E-16));
#1883 = DIRECTION('',(3.9E-16,-1.E-15,1.));
#1884 = DEFINITIONAL_REPRESENTATION('',(#1885),#1889);
#1885 = LINE('',#1886,#1887);
#1886 = CARTESIAN_POINT('',(0.,5.E-02));
#1887 = VECTOR('',#1888,1.);
#1888 = DIRECTION('',(1.,0.));
#1889 = ( GEOMETRIC_REPRESENTATION_CONTEXT(2) 
PARAMETRIC_REPRESENTATION_CONTEXT() REPRESENTATION_CONTEXT('2D SPACE',''
  ) );
#1890 = ORIENTED_EDGE('',*,*,#1891,.T.);
#1891 = EDGE_CURVE('',#1859,#1892,#1894,.T.);
#1892 = VERTEX_POINT('',#1893);
#1893 = CARTESIAN_POINT('',(-27.05,35.719466215969,-5.5));
#1894 = SURFACE_CURVE('',#1895,(#1900,#1907),.PCURVE_S1.);
#1895 = CIRCLE('',#1896,0.45);
#1896 = AXIS2_PLACEMENT_3D('',#1897,#1898,#1899);
#1897 = CARTESIAN_POINT('',(-27.05,35.719466215969,-5.05));
#1898 = DIRECTION('',(1.,-2.2E-16,-1.28E-15));
#1899 = DIRECTION('',(-6.898970270053E-16,-0.924986486388,-0.38));
#1900 = PCURVE('',#1839,#1901);
#1901 = DEFINITIONAL_REPRESENTATION('',(#1902),#1906);
#1902 = CIRCLE('',#1903,0.45);
#1903 = AXIS2_PLACEMENT_2D('',#1904,#1905);
#1904 = CARTESIAN_POINT('',(0.198524252953,5.05));
#1905 = DIRECTION('',(0.924986486388,0.38));
#1906 = ( GEOMETRIC_REPRESENTATION_CONTEXT(2) 
PARAMETRIC_REPRESENTATION_CONTEXT() REPRESENTATION_CONTEXT('2D SPACE',''
  ) );
#1907 = PCURVE('',#1908,#1913);
#1908 = CONICAL_SURFACE('',#1909,0.5,0.785398163397);
#1909 = AXIS2_PLACEMENT_3D('',#1910,#1911,#1912);
#1910 = CARTESIAN_POINT('',(-27.,35.719466215969,-5.05));
#1911 = DIRECTION('',(1.,6.7E-16,-3.9E-16));
#1912 = DIRECTION('',(4.715409458798E-16,-0.924986486388,-0.38));
#1913 = DEFINITIONAL_REPRESENTATION('',(#1914),#1918);
#1914 = LINE('',#1915,#1916);
#1915 = CARTESIAN_POINT('',(0.,-5.E-02));
#1916 = VECTOR('',#1917,1.);
#1917 = DIRECTION('',(1.,-0.));
#1918 = ( GEOMETRIC_REPRESENTATION_CONTEXT(2) 
PARAMETRIC_REPRESENTATION_CONTEXT() REPRESENTATION_CONTEXT('2D SPACE',''
  ) );
#1919 = ORIENTED_EDGE('',*,*,#1920,.T.);
#1920 = EDGE_CURVE('',#1892,#1921,#1923,.T.);
#1921 = VERTEX_POINT('',#1922);
#1922 = CARTESIAN_POINT('',(-27.05,39.025,-5.5));
#1923 = SURFACE_CURVE('',#1924,(#1928,#1935),.PCURVE_S1.);
#1924 = LINE('',#1925,#1926);
#1925 = CARTESIAN_POINT('',(-27.05,35.719466215969,-5.5));
#1926 = VECTOR('',#1927,1.);
#1927 = DIRECTION('',(2.2E-16,1.,-1.E-15));
#1928 = PCURVE('',#1839,#1929);
#1929 = DEFINITIONAL_REPRESENTATION('',(#1930),#1934);
#1930 = LINE('',#1931,#1932);
#1931 = CARTESIAN_POINT('',(0.198524252953,5.5));
#1932 = VECTOR('',#1933,1.);
#1933 = DIRECTION('',(-1.,2.2E-16));
#1934 = ( GEOMETRIC_REPRESENTATION_CONTEXT(2) 
PARAMETRIC_REPRESENTATION_CONTEXT() REPRESENTATION_CONTEXT('2D SPACE',''
  ) );
#1935 = PCURVE('',#1936,#1941);
#1936 = PLANE('',#1937);
#1937 = AXIS2_PLACEMENT_3D('',#1938,#1939,#1940);
#1938 = CARTESIAN_POINT('',(-27.025,35.719466215969,-5.525));
#1939 = DIRECTION('',(0.707106781187,7.1E-16,0.707106781187));
#1940 = DIRECTION('',(1.079541853576E-16,1.,-1.112045814642E-15));
#1941 = DEFINITIONAL_REPRESENTATION('',(#1942),#1946);
#1942 = LINE('',#1943,#1944);
#1943 = CARTESIAN_POINT('',(-3.05E-17,3.535533905933E-02));
#1944 = VECTOR('',#1945,1.);
#1945 = DIRECTION('',(1.,-2.803245358612E-31));
#1946 = ( GEOMETRIC_REPRESENTATION_CONTEXT(2) 
PARAMETRIC_REPRESENTATION_CONTEXT() REPRESENTATION_CONTEXT('2D SPACE',''
  ) );
#1947 = ORIENTED_EDGE('',*,*,#1948,.T.);
#1948 = EDGE_CURVE('',#1921,#1949,#1951,.T.);
#1949 = VERTEX_POINT('',#1950);
#1950 = CARTESIAN_POINT('',(-27.05,39.475,-5.05));
#1951 = SURFACE_CURVE('',#1952,(#1957,#1964),.PCURVE_S1.);
#1952 = CIRCLE('',#1953,0.45);
#1953 = AXIS2_PLACEMENT_3D('',#1954,#1955,#1956);
#1954 = CARTESIAN_POINT('',(-27.05,39.025,-5.05));
#1955 = DIRECTION('',(1.,-2.2E-16,-1.28E-15));
#1956 = DIRECTION('',(-1.28E-15,-2.33E-15,-1.));
#1957 = PCURVE('',#1839,#1958);
#1958 = DEFINITIONAL_REPRESENTATION('',(#1959),#1963);
#1959 = CIRCLE('',#1960,0.45);
#1960 = AXIS2_PLACEMENT_2D('',#1961,#1962);
#1961 = CARTESIAN_POINT('',(-3.107009531077,5.05));
#1962 = DIRECTION('',(1.55E-15,1.));
#1963 = ( GEOMETRIC_REPRESENTATION_CONTEXT(2) 
PARAMETRIC_REPRESENTATION_CONTEXT() REPRESENTATION_CONTEXT('2D SPACE',''
  ) );
#1964 = PCURVE('',#1965,#1970);
#1965 = CONICAL_SURFACE('',#1966,0.5,0.785398163397);
#1966 = AXIS2_PLACEMENT_3D('',#1967,#1968,#1969);
#1967 = CARTESIAN_POINT('',(-27.,39.025,-5.05));
#1968 = DIRECTION('',(1.,6.7E-16,-3.9E-16));
#1969 = DIRECTION('',(-3.9E-16,-2.33E-15,-1.));
#1970 = DEFINITIONAL_REPRESENTATION('',(#1971),#1975);
#1971 = LINE('',#1972,#1973);
#1972 = CARTESIAN_POINT('',(0.,-5.E-02));
#1973 = VECTOR('',#1974,1.);
#1974 = DIRECTION('',(1.,-0.));
#1975 = ( GEOMETRIC_REPRESENTATION_CONTEXT(2) 
PARAMETRIC_REPRESENTATION_CONTEXT() REPRESENTATION_CONTEXT('2D SPACE',''
  ) );
#1976 = ORIENTED_EDGE('',*,*,#1977,.T.);
#1977 = EDGE_CURVE('',#1949,#1978,#1980,.T.);
#1978 = VERTEX_POINT('',#1979);
#1979 = CARTESIAN_POINT('',(-27.05,39.475,-2.428991560298));
#1980 = SURFACE_CURVE('',#1981,(#1985,#1992),.PCURVE_S1.);
#1981 = LINE('',#1982,#1983);
#1982 = CARTESIAN_POINT('',(-27.05,39.475,-5.05));
#1983 = VECTOR('',#1984,1.);
#1984 = DIRECTION('',(1.28E-15,-1.1E-16,1.));
#1985 = PCURVE('',#1839,#1986);
#1986 = DEFINITIONAL_REPRESENTATION('',(#1987),#1991);
#1987 = LINE('',#1988,#1989);
#1988 = CARTESIAN_POINT('',(-3.557009531077,5.05));
#1989 = VECTOR('',#1990,1.);
#1990 = DIRECTION('',(8.9E-16,-1.));
#1991 = ( GEOMETRIC_REPRESENTATION_CONTEXT(2) 
PARAMETRIC_REPRESENTATION_CONTEXT() REPRESENTATION_CONTEXT('2D SPACE',''
  ) );
#1992 = PCURVE('',#1993,#1998);
#1993 = PLANE('',#1994);
#1994 = AXIS2_PLACEMENT_3D('',#1995,#1996,#1997);
#1995 = CARTESIAN_POINT('',(-27.025,39.5,-5.05));
#1996 = DIRECTION('',(0.707106781187,-0.707106781187,4.3E-16));
#1997 = DIRECTION('',(2.809440840898E-16,8.890559159102E-16,1.));
#1998 = DEFINITIONAL_REPRESENTATION('',(#1999),#2003);
#1999 = LINE('',#2000,#2001);
#2000 = CARTESIAN_POINT('',(-2.925E-17,3.535533905933E-02));
#2001 = VECTOR('',#2002,1.);
#2002 = DIRECTION('',(1.,-3.451266460342E-30));
#2003 = ( GEOMETRIC_REPRESENTATION_CONTEXT(2) 
PARAMETRIC_REPRESENTATION_CONTEXT() REPRESENTATION_CONTEXT('2D SPACE',''
  ) );
#2004 = ORIENTED_EDGE('',*,*,#2005,.T.);
#2005 = EDGE_CURVE('',#1978,#2006,#2008,.T.);
#2006 = VERTEX_POINT('',#2007);
#2007 = CARTESIAN_POINT('',(-27.05,39.535165619915,-1.918003472564));
#2008 = SURFACE_CURVE('',#2009,(#2014,#2025),.PCURVE_S1.);
#2009 = CIRCLE('',#2010,2.2);
#2010 = AXIS2_PLACEMENT_3D('',#2011,#2012,#2013);
#2011 = CARTESIAN_POINT('',(-27.05,41.675,-2.428991560298));
#2012 = DIRECTION('',(-1.,2.2E-16,1.28E-15));
#2013 = DIRECTION('',(-2.2E-16,-1.,1.38E-15));
#2014 = PCURVE('',#1839,#2015);
#2015 = DEFINITIONAL_REPRESENTATION('',(#2016),#2024);
#2016 = ( BOUNDED_CURVE() B_SPLINE_CURVE(2,(#2017,#2018,#2019,#2020,
#2021,#2022,#2023),.UNSPECIFIED.,.T.,.F.) B_SPLINE_CURVE_WITH_KNOTS((1,2
    ,2,2,2,1),(-2.094395102393,0.,2.094395102393,4.188790204786,
6.28318530718,8.377580409573),.UNSPECIFIED.) CURVE() 
GEOMETRIC_REPRESENTATION_ITEM() RATIONAL_B_SPLINE_CURVE((1.,0.5,1.,0.5,
1.,0.5,1.)) REPRESENTATION_ITEM('') );
#2017 = CARTESIAN_POINT('',(-3.557009531077,2.428991560298));
#2018 = CARTESIAN_POINT('',(-3.557009531077,-1.381520216353));
#2019 = CARTESIAN_POINT('',(-6.857009531077,0.523735671973));
#2020 = CARTESIAN_POINT('',(-10.15700953107,2.428991560298));
#2021 = CARTESIAN_POINT('',(-6.857009531077,4.334247448624));
#2022 = CARTESIAN_POINT('',(-3.557009531077,6.23950333695));
#2023 = CARTESIAN_POINT('',(-3.557009531077,2.428991560298));
#2024 = ( GEOMETRIC_REPRESENTATION_CONTEXT(2) 
PARAMETRIC_REPRESENTATION_CONTEXT() REPRESENTATION_CONTEXT('2D SPACE',''
  ) );
#2025 = PCURVE('',#1792,#2026);
#2026 = DEFINITIONAL_REPRESENTATION('',(#2027),#2031);
#2027 = LINE('',#2028,#2029);
#2028 = CARTESIAN_POINT('',(0.,5.E-02));
#2029 = VECTOR('',#2030,1.);
#2030 = DIRECTION('',(1.,0.));
#2031 = ( GEOMETRIC_REPRESENTATION_CONTEXT(2) 
PARAMETRIC_REPRESENTATION_CONTEXT() REPRESENTATION_CONTEXT('2D SPACE',''
  ) );
#2032 = ORIENTED_EDGE('',*,*,#2033,.F.);
#2033 = EDGE_CURVE('',#1829,#2006,#2034,.T.);
#2034 = SURFACE_CURVE('',#2035,(#2040,#2047),.PCURVE_S1.);
#2035 = CIRCLE('',#2036,4.);
#2036 = AXIS2_PLACEMENT_3D('',#2037,#2038,#2039);
#2037 = CARTESIAN_POINT('',(-27.05,36.025,3.6E-16));
#2038 = DIRECTION('',(1.,1.1E-16,-9.4E-16));
#2039 = DIRECTION('',(-1.1E-16,1.,-7.8E-16));
#2040 = PCURVE('',#1839,#2041);
#2041 = DEFINITIONAL_REPRESENTATION('',(#2042),#2046);
#2042 = CIRCLE('',#2043,4.);
#2043 = AXIS2_PLACEMENT_2D('',#2044,#2045);
#2044 = CARTESIAN_POINT('',(-0.107009531077,-1.193690458865E-15));
#2045 = DIRECTION('',(-1.,0.));
#2046 = ( GEOMETRIC_REPRESENTATION_CONTEXT(2) 
PARAMETRIC_REPRESENTATION_CONTEXT() REPRESENTATION_CONTEXT('2D SPACE',''
  ) );
#2047 = PCURVE('',#246,#2048);
#2048 = DEFINITIONAL_REPRESENTATION('',(#2049),#2053);
#2049 = LINE('',#2050,#2051);
#2050 = CARTESIAN_POINT('',(-12.56637061435,-0.85));
#2051 = VECTOR('',#2052,1.);
#2052 = DIRECTION('',(1.,1.14E-15));
#2053 = ( GEOMETRIC_REPRESENTATION_CONTEXT(2) 
PARAMETRIC_REPRESENTATION_CONTEXT() REPRESENTATION_CONTEXT('2D SPACE',''
  ) );
#2054 = ADVANCED_FACE('',(#2055),#1792,.F.);
#2055 = FACE_BOUND('',#2056,.F.);
#2056 = EDGE_LOOP('',(#2057,#2078,#2079,#2130));
#2057 = ORIENTED_EDGE('',*,*,#2058,.F.);
#2058 = EDGE_CURVE('',#1753,#1978,#2059,.T.);
#2059 = SURFACE_CURVE('',#2060,(#2064,#2071),.PCURVE_S1.);
#2060 = LINE('',#2061,#2062);
#2061 = CARTESIAN_POINT('',(-27.025,39.5,-2.428991560298));
#2062 = VECTOR('',#2063,1.);
#2063 = DIRECTION('',(-0.707106781187,-0.707106781187,8.2E-16));
#2064 = PCURVE('',#1792,#2065);
#2065 = DEFINITIONAL_REPRESENTATION('',(#2066),#2070);
#2066 = LINE('',#2067,#2068);
#2067 = CARTESIAN_POINT('',(0.,2.5E-02));
#2068 = VECTOR('',#2069,1.);
#2069 = DIRECTION('',(0.,1.));
#2070 = ( GEOMETRIC_REPRESENTATION_CONTEXT(2) 
PARAMETRIC_REPRESENTATION_CONTEXT() REPRESENTATION_CONTEXT('2D SPACE',''
  ) );
#2071 = PCURVE('',#1993,#2072);
#2072 = DEFINITIONAL_REPRESENTATION('',(#2073),#2077);
#2073 = LINE('',#2074,#2075);
#2074 = CARTESIAN_POINT('',(2.621008439702,4.877460505142E-17));
#2075 = VECTOR('',#2076,1.);
#2076 = DIRECTION('',(-7.31493398826E-18,1.));
#2077 = ( GEOMETRIC_REPRESENTATION_CONTEXT(2) 
PARAMETRIC_REPRESENTATION_CONTEXT() REPRESENTATION_CONTEXT('2D SPACE',''
  ) );
#2078 = ORIENTED_EDGE('',*,*,#1775,.T.);
#2079 = ORIENTED_EDGE('',*,*,#2080,.T.);
#2080 = EDGE_CURVE('',#1776,#2006,#2081,.T.);
#2081 = SURFACE_CURVE('',#2082,(#2090,#2101),.PCURVE_S1.);
#2082 = B_SPLINE_CURVE_WITH_KNOTS('',6,(#2083,#2084,#2085,#2086,#2087,
    #2088,#2089),.UNSPECIFIED.,.F.,.F.,(7,7),(0.,1.),
  .PIECEWISE_BEZIER_KNOTS.);
#2083 = CARTESIAN_POINT('',(-27.,39.699796747967,-1.579831909137));
#2084 = CARTESIAN_POINT('',(-27.,39.674223969839,-1.639315934849));
#2085 = CARTESIAN_POINT('',(-27.00359748811,39.647483606225,
    -1.69833138529));
#2086 = CARTESIAN_POINT('',(-27.0107996462,39.619920673099,
    -1.756070604352));
#2087 = CARTESIAN_POINT('',(-27.02124760959,39.591848150221,
    -1.812078798475));
#2088 = CARTESIAN_POINT('',(-27.03446840357,39.563529881968,
    -1.86609363042));
#2089 = CARTESIAN_POINT('',(-27.05,39.535165619915,-1.918003472564));
#2090 = PCURVE('',#1792,#2091);
#2091 = DEFINITIONAL_REPRESENTATION('',(#2092),#2100);
#2092 = B_SPLINE_CURVE_WITH_KNOTS('',6,(#2093,#2094,#2095,#2096,#2097,
    #2098,#2099),.UNSPECIFIED.,.F.,.F.,(7,7),(0.,1.),
  .PIECEWISE_BEZIER_KNOTS.);
#2093 = CARTESIAN_POINT('',(0.406022109068,2.614880876828E-14));
#2094 = CARTESIAN_POINT('',(0.375906714285,2.612052449703E-14));
#2095 = CARTESIAN_POINT('',(0.345776962834,3.597488111899E-03));
#2096 = CARTESIAN_POINT('',(0.316219545934,1.079964620605E-02));
#2097 = CARTESIAN_POINT('',(0.287662975175,2.124760959512E-02));
#2098 = CARTESIAN_POINT('',(0.260352781894,3.446840357516E-02));
#2099 = CARTESIAN_POINT('',(0.234408099061,5.E-02));
#2100 = ( GEOMETRIC_REPRESENTATION_CONTEXT(2) 
PARAMETRIC_REPRESENTATION_CONTEXT() REPRESENTATION_CONTEXT('2D SPACE',''
  ) );
#2101 = PCURVE('',#246,#2102);
#2102 = DEFINITIONAL_REPRESENTATION('',(#2103),#2129);
#2103 = B_SPLINE_CURVE_WITH_KNOTS('',3,(#2104,#2105,#2106,#2107,#2108,
    #2109,#2110,#2111,#2112,#2113,#2114,#2115,#2116,#2117,#2118,#2119,
    #2120,#2121,#2122,#2123,#2124,#2125,#2126,#2127,#2128),
  .UNSPECIFIED.,.F.,.F.,(4,1,1,1,1,1,1,1,1,1,1,1,1,1,1,1,1,1,1,1,1,1,4),
  (0.,4.545454545455E-02,9.090909090909E-02,0.136363636364,
    0.181818181818,0.227272727273,0.272727272727,0.318181818182,
    0.363636363636,0.409090909091,0.454545454545,0.5,0.545454545455,
    0.590909090909,0.636363636364,0.681818181818,0.727272727273,
    0.772727272727,0.818181818182,0.863636363636,0.909090909091,
    0.954545454545,1.),.QUASI_UNIFORM_KNOTS.);
#2104 = CARTESIAN_POINT('',(-6.689207416247,-0.8));
#2105 = CARTESIAN_POINT('',(-6.690678974212,-0.799999956586));
#2106 = CARTESIAN_POINT('',(-6.693622209427,-0.800074363815));
#2107 = CARTESIAN_POINT('',(-6.698035231125,-0.800408688228));
#2108 = CARTESIAN_POINT('',(-6.702444185562,-0.800965154131));
#2109 = CARTESIAN_POINT('',(-6.706847001635,-0.80174250163));
#2110 = CARTESIAN_POINT('',(-6.711241710208,-0.80273906226));
#2111 = CARTESIAN_POINT('',(-6.715626455061,-0.803952725439));
#2112 = CARTESIAN_POINT('',(-6.719999484269,-0.805380987696));
#2113 = CARTESIAN_POINT('',(-6.724359147075,-0.807020978709));
#2114 = CARTESIAN_POINT('',(-6.728703889561,-0.808869492533));
#2115 = CARTESIAN_POINT('',(-6.733032250889,-0.810923016413));
#2116 = CARTESIAN_POINT('',(-6.737342859649,-0.813177759224));
#2117 = CARTESIAN_POINT('',(-6.741634430431,-0.81562967899));
#2118 = CARTESIAN_POINT('',(-6.74590576059,-0.81827450963));
#2119 = CARTESIAN_POINT('',(-6.750155727209,-0.821107786881));
#2120 = CARTESIAN_POINT('',(-6.754383284259,-0.824124873433));
#2121 = CARTESIAN_POINT('',(-6.758587459956,-0.827320983242));
#2122 = CARTESIAN_POINT('',(-6.762767354277,-0.830691205049));
#2123 = CARTESIAN_POINT('',(-6.766922136836,-0.834230525077));
#2124 = CARTESIAN_POINT('',(-6.771051044259,-0.837933848982));
#2125 = CARTESIAN_POINT('',(-6.775153380378,-0.841796022769));
#2126 = CARTESIAN_POINT('',(-6.779228506755,-0.845811853748));
#2127 = CARTESIAN_POINT('',(-6.781926749028,-0.848588036287));
#2128 = CARTESIAN_POINT('',(-6.783271146742,-0.85));
#2129 = ( GEOMETRIC_REPRESENTATION_CONTEXT(2) 
PARAMETRIC_REPRESENTATION_CONTEXT() REPRESENTATION_CONTEXT('2D SPACE',''
  ) );
#2130 = ORIENTED_EDGE('',*,*,#2005,.F.);
#2131 = ADVANCED_FACE('',(#2132),#1879,.F.);
#2132 = FACE_BOUND('',#2133,.F.);
#2133 = EDGE_LOOP('',(#2134,#2161,#2185,#2206));
#2134 = ORIENTED_EDGE('',*,*,#2135,.T.);
#2135 = EDGE_CURVE('',#1831,#2136,#2138,.T.);
#2136 = VERTEX_POINT('',#2137);
#2137 = CARTESIAN_POINT('',(-27.,33.407,-4.));
#2138 = SURFACE_CURVE('',#2139,(#2144,#2154),.PCURVE_S1.);
#2139 = HYPERBOLA('',#2140,2.,2.);
#2140 = AXIS2_PLACEMENT_3D('',#2141,#2142,#2143);
#2141 = CARTESIAN_POINT('',(-25.,33.407,-4.));
#2142 = DIRECTION('',(2.8E-16,7.8E-16,1.));
#2143 = DIRECTION('',(-1.,-7.8E-16,2.8E-16));
#2144 = PCURVE('',#1879,#2145);
#2145 = DEFINITIONAL_REPRESENTATION('',(#2146),#2153);
#2146 = B_SPLINE_CURVE_WITH_KNOTS('',5,(#2147,#2148,#2149,#2150,#2151,
    #2152),.UNSPECIFIED.,.F.,.F.,(6,6),(-0.223143551314,1.11E-15),
  .PIECEWISE_BEZIER_KNOTS.);
#2147 = CARTESIAN_POINT('',(0.221314442348,5.E-02));
#2148 = CARTESIAN_POINT('',(0.177774237213,2.991708038172E-02));
#2149 = CARTESIAN_POINT('',(0.133700878998,1.493794025442E-02));
#2150 = CARTESIAN_POINT('',(8.925744207587E-02,4.979296900814E-03));
#2151 = CARTESIAN_POINT('',(4.462871026284E-02,-1.626345596729E-16));
#2152 = CARTESIAN_POINT('',(0.,-5.656854249492E-17));
#2153 = ( GEOMETRIC_REPRESENTATION_CONTEXT(2) 
PARAMETRIC_REPRESENTATION_CONTEXT() REPRESENTATION_CONTEXT('2D SPACE',''
  ) );
#2154 = PCURVE('',#464,#2155);
#2155 = DEFINITIONAL_REPRESENTATION('',(#2156),#2160);
#2156 = HYPERBOLA('',#2157,2.,2.);
#2157 = AXIS2_PLACEMENT_2D('',#2158,#2159);
#2158 = CARTESIAN_POINT('',(0.502729146982,-2.954698795138));
#2159 = DIRECTION('',(7.8E-16,1.));
#2160 = ( GEOMETRIC_REPRESENTATION_CONTEXT(2) 
PARAMETRIC_REPRESENTATION_CONTEXT() REPRESENTATION_CONTEXT('2D SPACE',''
  ) );
#2161 = ORIENTED_EDGE('',*,*,#2162,.T.);
#2162 = EDGE_CURVE('',#2136,#2163,#2165,.T.);
#2163 = VERTEX_POINT('',#2164);
#2164 = CARTESIAN_POINT('',(-27.,35.256972972776,-5.24));
#2165 = SURFACE_CURVE('',#2166,(#2171,#2178),.PCURVE_S1.);
#2166 = CIRCLE('',#2167,2.);
#2167 = AXIS2_PLACEMENT_3D('',#2168,#2169,#2170);
#2168 = CARTESIAN_POINT('',(-27.,33.407,-6.));
#2169 = DIRECTION('',(-1.,2.2E-16,1.28E-15));
#2170 = DIRECTION('',(1.28E-15,-1.E-15,1.));
#2171 = PCURVE('',#1879,#2172);
#2172 = DEFINITIONAL_REPRESENTATION('',(#2173),#2177);
#2173 = LINE('',#2174,#2175);
#2174 = CARTESIAN_POINT('',(0.,0.));
#2175 = VECTOR('',#2176,1.);
#2176 = DIRECTION('',(1.,0.));
#2177 = ( GEOMETRIC_REPRESENTATION_CONTEXT(2) 
PARAMETRIC_REPRESENTATION_CONTEXT() REPRESENTATION_CONTEXT('2D SPACE',''
  ) );
#2178 = PCURVE('',#1424,#2179);
#2179 = DEFINITIONAL_REPRESENTATION('',(#2180),#2184);
#2180 = LINE('',#2181,#2182);
#2181 = CARTESIAN_POINT('',(-4.712388980385,-0.8));
#2182 = VECTOR('',#2183,1.);
#2183 = DIRECTION('',(-1.,0.));
#2184 = ( GEOMETRIC_REPRESENTATION_CONTEXT(2) 
PARAMETRIC_REPRESENTATION_CONTEXT() REPRESENTATION_CONTEXT('2D SPACE',''
  ) );
#2185 = ORIENTED_EDGE('',*,*,#2186,.T.);
#2186 = EDGE_CURVE('',#2163,#1859,#2187,.T.);
#2187 = SURFACE_CURVE('',#2188,(#2192,#2199),.PCURVE_S1.);
#2188 = LINE('',#2189,#2190);
#2189 = CARTESIAN_POINT('',(-27.,35.256972972776,-5.24));
#2190 = VECTOR('',#2191,1.);
#2191 = DIRECTION('',(-0.707106781187,0.654064217031,0.268700576851));
#2192 = PCURVE('',#1879,#2193);
#2193 = DEFINITIONAL_REPRESENTATION('',(#2194),#2198);
#2194 = LINE('',#2195,#2196);
#2195 = CARTESIAN_POINT('',(1.181000030321,0.));
#2196 = VECTOR('',#2197,1.);
#2197 = DIRECTION('',(0.,1.));
#2198 = ( GEOMETRIC_REPRESENTATION_CONTEXT(2) 
PARAMETRIC_REPRESENTATION_CONTEXT() REPRESENTATION_CONTEXT('2D SPACE',''
  ) );
#2199 = PCURVE('',#1908,#2200);
#2200 = DEFINITIONAL_REPRESENTATION('',(#2201),#2205);
#2201 = LINE('',#2202,#2203);
#2202 = CARTESIAN_POINT('',(-4.4E-16,-0.));
#2203 = VECTOR('',#2204,1.);
#2204 = DIRECTION('',(0.,-1.));
#2205 = ( GEOMETRIC_REPRESENTATION_CONTEXT(2) 
PARAMETRIC_REPRESENTATION_CONTEXT() REPRESENTATION_CONTEXT('2D SPACE',''
  ) );
#2206 = ORIENTED_EDGE('',*,*,#1858,.F.);
#2207 = ADVANCED_FACE('',(#2208),#1993,.F.);
#2208 = FACE_BOUND('',#2209,.F.);
#2209 = EDGE_LOOP('',(#2210,#2233,#2254,#2255));
#2210 = ORIENTED_EDGE('',*,*,#2211,.F.);
#2211 = EDGE_CURVE('',#2212,#1949,#2214,.T.);
#2212 = VERTEX_POINT('',#2213);
#2213 = CARTESIAN_POINT('',(-27.,39.525,-5.05));
#2214 = SURFACE_CURVE('',#2215,(#2219,#2226),.PCURVE_S1.);
#2215 = LINE('',#2216,#2217);
#2216 = CARTESIAN_POINT('',(-27.,39.525,-5.05));
#2217 = VECTOR('',#2218,1.);
#2218 = DIRECTION('',(-0.707106781187,-0.707106781187,3.69E-15));
#2219 = PCURVE('',#1993,#2220);
#2220 = DEFINITIONAL_REPRESENTATION('',(#2221),#2225);
#2221 = LINE('',#2222,#2223);
#2222 = CARTESIAN_POINT('',(-2.6352852591E-15,-3.535533905933E-02));
#2223 = VECTOR('',#2224,1.);
#2224 = DIRECTION('',(2.862685066012E-15,1.));
#2225 = ( GEOMETRIC_REPRESENTATION_CONTEXT(2) 
PARAMETRIC_REPRESENTATION_CONTEXT() REPRESENTATION_CONTEXT('2D SPACE',''
  ) );
#2226 = PCURVE('',#1965,#2227);
#2227 = DEFINITIONAL_REPRESENTATION('',(#2228),#2232);
#2228 = LINE('',#2229,#2230);
#2229 = CARTESIAN_POINT('',(1.570796326795,-0.));
#2230 = VECTOR('',#2231,1.);
#2231 = DIRECTION('',(0.,-1.));
#2232 = ( GEOMETRIC_REPRESENTATION_CONTEXT(2) 
PARAMETRIC_REPRESENTATION_CONTEXT() REPRESENTATION_CONTEXT('2D SPACE',''
  ) );
#2233 = ORIENTED_EDGE('',*,*,#2234,.T.);
#2234 = EDGE_CURVE('',#2212,#1753,#2235,.T.);
#2235 = SURFACE_CURVE('',#2236,(#2240,#2247),.PCURVE_S1.);
#2236 = LINE('',#2237,#2238);
#2237 = CARTESIAN_POINT('',(-27.,39.525,-5.05));
#2238 = VECTOR('',#2239,1.);
#2239 = DIRECTION('',(1.28E-15,-1.1E-16,1.));
#2240 = PCURVE('',#1993,#2241);
#2241 = DEFINITIONAL_REPRESENTATION('',(#2242),#2246);
#2242 = LINE('',#2243,#2244);
#2243 = CARTESIAN_POINT('',(2.925E-17,-3.535533905933E-02));
#2244 = VECTOR('',#2245,1.);
#2245 = DIRECTION('',(1.,-3.451266460342E-30));
#2246 = ( GEOMETRIC_REPRESENTATION_CONTEXT(2) 
PARAMETRIC_REPRESENTATION_CONTEXT() REPRESENTATION_CONTEXT('2D SPACE',''
  ) );
#2247 = PCURVE('',#1546,#2248);
#2248 = DEFINITIONAL_REPRESENTATION('',(#2249),#2253);
#2249 = LINE('',#2250,#2251);
#2250 = CARTESIAN_POINT('',(-1.024E-15,-0.8));
#2251 = VECTOR('',#2252,1.);
#2252 = DIRECTION('',(1.,1.972152263053E-31));
#2253 = ( GEOMETRIC_REPRESENTATION_CONTEXT(2) 
PARAMETRIC_REPRESENTATION_CONTEXT() REPRESENTATION_CONTEXT('2D SPACE',''
  ) );
#2254 = ORIENTED_EDGE('',*,*,#2058,.T.);
#2255 = ORIENTED_EDGE('',*,*,#1977,.F.);
#2256 = ADVANCED_FACE('',(#2257),#1965,.T.);
#2257 = FACE_BOUND('',#2258,.F.);
#2258 = EDGE_LOOP('',(#2259,#2282,#2304,#2305));
#2259 = ORIENTED_EDGE('',*,*,#2260,.F.);
#2260 = EDGE_CURVE('',#2261,#1921,#2263,.T.);
#2261 = VERTEX_POINT('',#2262);
#2262 = CARTESIAN_POINT('',(-27.,39.025,-5.55));
#2263 = SURFACE_CURVE('',#2264,(#2268,#2275),.PCURVE_S1.);
#2264 = LINE('',#2265,#2266);
#2265 = CARTESIAN_POINT('',(-27.025,39.025,-5.525));
#2266 = VECTOR('',#2267,1.);
#2267 = DIRECTION('',(-0.707106781187,-3.9E-16,0.707106781187));
#2268 = PCURVE('',#1965,#2269);
#2269 = DEFINITIONAL_REPRESENTATION('',(#2270),#2274);
#2270 = LINE('',#2271,#2272);
#2271 = CARTESIAN_POINT('',(-1.11E-15,-2.5E-02));
#2272 = VECTOR('',#2273,1.);
#2273 = DIRECTION('',(0.,-1.));
#2274 = ( GEOMETRIC_REPRESENTATION_CONTEXT(2) 
PARAMETRIC_REPRESENTATION_CONTEXT() REPRESENTATION_CONTEXT('2D SPACE',''
  ) );
#2275 = PCURVE('',#1936,#2276);
#2276 = DEFINITIONAL_REPRESENTATION('',(#2277),#2281);
#2277 = LINE('',#2278,#2279);
#2278 = CARTESIAN_POINT('',(3.305533784031,1.039239293411E-16));
#2279 = VECTOR('',#2280,1.);
#2280 = DIRECTION('',(-1.252670273048E-15,1.));
#2281 = ( GEOMETRIC_REPRESENTATION_CONTEXT(2) 
PARAMETRIC_REPRESENTATION_CONTEXT() REPRESENTATION_CONTEXT('2D SPACE',''
  ) );
#2282 = ORIENTED_EDGE('',*,*,#2283,.T.);
#2283 = EDGE_CURVE('',#2261,#2212,#2284,.T.);
#2284 = SURFACE_CURVE('',#2285,(#2290,#2297),.PCURVE_S1.);
#2285 = CIRCLE('',#2286,0.5);
#2286 = AXIS2_PLACEMENT_3D('',#2287,#2288,#2289);
#2287 = CARTESIAN_POINT('',(-27.,39.025,-5.05));
#2288 = DIRECTION('',(1.,-2.2E-16,-1.28E-15));
#2289 = DIRECTION('',(-1.28E-15,-2.33E-15,-1.));
#2290 = PCURVE('',#1965,#2291);
#2291 = DEFINITIONAL_REPRESENTATION('',(#2292),#2296);
#2292 = LINE('',#2293,#2294);
#2293 = CARTESIAN_POINT('',(0.,-0.));
#2294 = VECTOR('',#2295,1.);
#2295 = DIRECTION('',(1.,-0.));
#2296 = ( GEOMETRIC_REPRESENTATION_CONTEXT(2) 
PARAMETRIC_REPRESENTATION_CONTEXT() REPRESENTATION_CONTEXT('2D SPACE',''
  ) );
#2297 = PCURVE('',#1518,#2298);
#2298 = DEFINITIONAL_REPRESENTATION('',(#2299),#2303);
#2299 = LINE('',#2300,#2301);
#2300 = CARTESIAN_POINT('',(-1.570796326795,-0.8));
#2301 = VECTOR('',#2302,1.);
#2302 = DIRECTION('',(1.,-0.));
#2303 = ( GEOMETRIC_REPRESENTATION_CONTEXT(2) 
PARAMETRIC_REPRESENTATION_CONTEXT() REPRESENTATION_CONTEXT('2D SPACE',''
  ) );
#2304 = ORIENTED_EDGE('',*,*,#2211,.T.);
#2305 = ORIENTED_EDGE('',*,*,#1948,.F.);
#2306 = ADVANCED_FACE('',(#2307),#1936,.F.);
#2307 = FACE_BOUND('',#2308,.F.);
#2308 = EDGE_LOOP('',(#2309,#2332,#2353,#2354));
#2309 = ORIENTED_EDGE('',*,*,#2310,.F.);
#2310 = EDGE_CURVE('',#2311,#1892,#2313,.T.);
#2311 = VERTEX_POINT('',#2312);
#2312 = CARTESIAN_POINT('',(-27.,35.719466215969,-5.55));
#2313 = SURFACE_CURVE('',#2314,(#2318,#2325),.PCURVE_S1.);
#2314 = LINE('',#2315,#2316);
#2315 = CARTESIAN_POINT('',(-27.,35.719466215969,-5.55));
#2316 = VECTOR('',#2317,1.);
#2317 = DIRECTION('',(-0.707106781187,6.8E-16,0.707106781187));
#2318 = PCURVE('',#1936,#2319);
#2319 = DEFINITIONAL_REPRESENTATION('',(#2320),#2324);
#2320 = LINE('',#2321,#2322);
#2321 = CARTESIAN_POINT('',(4.745892098501E-16,-3.535533905933E-02));
#2322 = VECTOR('',#2323,1.);
#2323 = DIRECTION('',(-1.826702730476E-16,1.));
#2324 = ( GEOMETRIC_REPRESENTATION_CONTEXT(2) 
PARAMETRIC_REPRESENTATION_CONTEXT() REPRESENTATION_CONTEXT('2D SPACE',''
  ) );
#2325 = PCURVE('',#1908,#2326);
#2326 = DEFINITIONAL_REPRESENTATION('',(#2327),#2331);
#2327 = LINE('',#2328,#2329);
#2328 = CARTESIAN_POINT('',(1.181000030321,-0.));
#2329 = VECTOR('',#2330,1.);
#2330 = DIRECTION('',(0.,-1.));
#2331 = ( GEOMETRIC_REPRESENTATION_CONTEXT(2) 
PARAMETRIC_REPRESENTATION_CONTEXT() REPRESENTATION_CONTEXT('2D SPACE',''
  ) );
#2332 = ORIENTED_EDGE('',*,*,#2333,.T.);
#2333 = EDGE_CURVE('',#2311,#2261,#2334,.T.);
#2334 = SURFACE_CURVE('',#2335,(#2339,#2346),.PCURVE_S1.);
#2335 = LINE('',#2336,#2337);
#2336 = CARTESIAN_POINT('',(-27.,35.719466215969,-5.55));
#2337 = VECTOR('',#2338,1.);
#2338 = DIRECTION('',(2.2E-16,1.,-1.E-15));
#2339 = PCURVE('',#1936,#2340);
#2340 = DEFINITIONAL_REPRESENTATION('',(#2341),#2345);
#2341 = LINE('',#2342,#2343);
#2342 = CARTESIAN_POINT('',(8.601115123126E-17,-3.535533905933E-02));
#2343 = VECTOR('',#2344,1.);
#2344 = DIRECTION('',(1.,-2.803245358612E-31));
#2345 = ( GEOMETRIC_REPRESENTATION_CONTEXT(2) 
PARAMETRIC_REPRESENTATION_CONTEXT() REPRESENTATION_CONTEXT('2D SPACE',''
  ) );
#2346 = PCURVE('',#1485,#2347);
#2347 = DEFINITIONAL_REPRESENTATION('',(#2348),#2352);
#2348 = LINE('',#2349,#2350);
#2349 = CARTESIAN_POINT('',(-7.311115123126E-16,-0.8));
#2350 = VECTOR('',#2351,1.);
#2351 = DIRECTION('',(1.,9.290128085092E-31));
#2352 = ( GEOMETRIC_REPRESENTATION_CONTEXT(2) 
PARAMETRIC_REPRESENTATION_CONTEXT() REPRESENTATION_CONTEXT('2D SPACE',''
  ) );
#2353 = ORIENTED_EDGE('',*,*,#2260,.T.);
#2354 = ORIENTED_EDGE('',*,*,#1920,.F.);
#2355 = ADVANCED_FACE('',(#2356),#1908,.T.);
#2356 = FACE_BOUND('',#2357,.F.);
#2357 = EDGE_LOOP('',(#2358,#2359,#2381,#2382));
#2358 = ORIENTED_EDGE('',*,*,#2186,.F.);
#2359 = ORIENTED_EDGE('',*,*,#2360,.T.);
#2360 = EDGE_CURVE('',#2163,#2311,#2361,.T.);
#2361 = SURFACE_CURVE('',#2362,(#2367,#2374),.PCURVE_S1.);
#2362 = CIRCLE('',#2363,0.5);
#2363 = AXIS2_PLACEMENT_3D('',#2364,#2365,#2366);
#2364 = CARTESIAN_POINT('',(-27.,35.719466215969,-5.05));
#2365 = DIRECTION('',(1.,-2.2E-16,-1.28E-15));
#2366 = DIRECTION('',(-6.898970270053E-16,-0.924986486388,-0.38));
#2367 = PCURVE('',#1908,#2368);
#2368 = DEFINITIONAL_REPRESENTATION('',(#2369),#2373);
#2369 = LINE('',#2370,#2371);
#2370 = CARTESIAN_POINT('',(0.,-0.));
#2371 = VECTOR('',#2372,1.);
#2372 = DIRECTION('',(1.,-0.));
#2373 = ( GEOMETRIC_REPRESENTATION_CONTEXT(2) 
PARAMETRIC_REPRESENTATION_CONTEXT() REPRESENTATION_CONTEXT('2D SPACE',''
  ) );
#2374 = PCURVE('',#1457,#2375);
#2375 = DEFINITIONAL_REPRESENTATION('',(#2376),#2380);
#2376 = LINE('',#2377,#2378);
#2377 = CARTESIAN_POINT('',(-2.751796357116,-0.8));
#2378 = VECTOR('',#2379,1.);
#2379 = DIRECTION('',(1.,-0.));
#2380 = ( GEOMETRIC_REPRESENTATION_CONTEXT(2) 
PARAMETRIC_REPRESENTATION_CONTEXT() REPRESENTATION_CONTEXT('2D SPACE',''
  ) );
#2381 = ORIENTED_EDGE('',*,*,#2310,.T.);
#2382 = ORIENTED_EDGE('',*,*,#1891,.F.);
#2383 = ADVANCED_FACE('',(#2384),#1023,.F.);
#2384 = FACE_BOUND('',#2385,.T.);
#2385 = EDGE_LOOP('',(#2386,#2387,#2408,#2409));
#2386 = ORIENTED_EDGE('',*,*,#1619,.F.);
#2387 = ORIENTED_EDGE('',*,*,#2388,.T.);
#2388 = EDGE_CURVE('',#1592,#954,#2389,.T.);
#2389 = SURFACE_CURVE('',#2390,(#2394,#2401),.PCURVE_S1.);
#2390 = LINE('',#2391,#2392);
#2391 = CARTESIAN_POINT('',(-26.2,39.699796747967,1.579831909137));
#2392 = VECTOR('',#2393,1.);
#2393 = DIRECTION('',(-1.,-7.2E-16,1.7E-16));
#2394 = PCURVE('',#1023,#2395);
#2395 = DEFINITIONAL_REPRESENTATION('',(#2396),#2400);
#2396 = LINE('',#2397,#2398);
#2397 = CARTESIAN_POINT('',(-2.735570544522,0.));
#2398 = VECTOR('',#2399,1.);
#2399 = DIRECTION('',(-0.,-1.));
#2400 = ( GEOMETRIC_REPRESENTATION_CONTEXT(2) 
PARAMETRIC_REPRESENTATION_CONTEXT() REPRESENTATION_CONTEXT('2D SPACE',''
  ) );
#2401 = PCURVE('',#246,#2402);
#2402 = DEFINITIONAL_REPRESENTATION('',(#2403),#2407);
#2403 = LINE('',#2404,#2405);
#2404 = CARTESIAN_POINT('',(-5.877163198112,1.69E-15));
#2405 = VECTOR('',#2406,1.);
#2406 = DIRECTION('',(-0.,-1.));
#2407 = ( GEOMETRIC_REPRESENTATION_CONTEXT(2) 
PARAMETRIC_REPRESENTATION_CONTEXT() REPRESENTATION_CONTEXT('2D SPACE',''
  ) );
#2408 = ORIENTED_EDGE('',*,*,#1006,.T.);
#2409 = ORIENTED_EDGE('',*,*,#2410,.F.);
#2410 = EDGE_CURVE('',#1620,#1007,#2411,.T.);
#2411 = SURFACE_CURVE('',#2412,(#2416,#2423),.PCURVE_S1.);
#2412 = LINE('',#2413,#2414);
#2413 = CARTESIAN_POINT('',(-26.2,39.525,2.428991560298));
#2414 = VECTOR('',#2415,1.);
#2415 = DIRECTION('',(-1.,-7.2E-16,1.7E-16));
#2416 = PCURVE('',#1023,#2417);
#2417 = DEFINITIONAL_REPRESENTATION('',(#2418),#2422);
#2418 = LINE('',#2419,#2420);
#2419 = CARTESIAN_POINT('',(-3.14159265359,0.));
#2420 = VECTOR('',#2421,1.);
#2421 = DIRECTION('',(-0.,-1.));
#2422 = ( GEOMETRIC_REPRESENTATION_CONTEXT(2) 
PARAMETRIC_REPRESENTATION_CONTEXT() REPRESENTATION_CONTEXT('2D SPACE',''
  ) );
#2423 = PCURVE('',#1239,#2424);
#2424 = DEFINITIONAL_REPRESENTATION('',(#2425),#2429);
#2425 = LINE('',#2426,#2427);
#2426 = CARTESIAN_POINT('',(0.,0.));
#2427 = VECTOR('',#2428,1.);
#2428 = DIRECTION('',(-1.11E-15,-1.));
#2429 = ( GEOMETRIC_REPRESENTATION_CONTEXT(2) 
PARAMETRIC_REPRESENTATION_CONTEXT() REPRESENTATION_CONTEXT('2D SPACE',''
  ) );
#2430 = ADVANCED_FACE('',(#2431),#1098,.T.);
#2431 = FACE_BOUND('',#2432,.F.);
#2432 = EDGE_LOOP('',(#2433,#2434,#2435,#2436));
#2433 = ORIENTED_EDGE('',*,*,#1721,.F.);
#2434 = ORIENTED_EDGE('',*,*,#1284,.T.);
#2435 = ORIENTED_EDGE('',*,*,#1083,.F.);
#2436 = ORIENTED_EDGE('',*,*,#2437,.F.);
#2437 = EDGE_CURVE('',#1699,#1061,#2438,.T.);
#2438 = SURFACE_CURVE('',#2439,(#2443,#2450),.PCURVE_S1.);
#2439 = LINE('',#2440,#2441);
#2440 = CARTESIAN_POINT('',(-26.2,35.719466215969,5.55));
#2441 = VECTOR('',#2442,1.);
#2442 = DIRECTION('',(-1.,-7.2E-16,1.7E-16));
#2443 = PCURVE('',#1098,#2444);
#2444 = DEFINITIONAL_REPRESENTATION('',(#2445),#2449);
#2445 = LINE('',#2446,#2447);
#2446 = CARTESIAN_POINT('',(-4.712388980385,0.));
#2447 = VECTOR('',#2448,1.);
#2448 = DIRECTION('',(-0.,-1.));
#2449 = ( GEOMETRIC_REPRESENTATION_CONTEXT(2) 
PARAMETRIC_REPRESENTATION_CONTEXT() REPRESENTATION_CONTEXT('2D SPACE',''
  ) );
#2450 = PCURVE('',#1152,#2451);
#2451 = DEFINITIONAL_REPRESENTATION('',(#2452),#2456);
#2452 = LINE('',#2453,#2454);
#2453 = CARTESIAN_POINT('',(3.305533784031,-2.782567513278E-18));
#2454 = VECTOR('',#2455,1.);
#2455 = DIRECTION('',(9.4E-16,-1.));
#2456 = ( GEOMETRIC_REPRESENTATION_CONTEXT(2) 
PARAMETRIC_REPRESENTATION_CONTEXT() REPRESENTATION_CONTEXT('2D SPACE',''
  ) );
#2457 = ADVANCED_FACE('',(#2458),#1152,.T.);
#2458 = FACE_BOUND('',#2459,.T.);
#2459 = EDGE_LOOP('',(#2460,#2461,#2482,#2483));
#2460 = ORIENTED_EDGE('',*,*,#1698,.F.);
#2461 = ORIENTED_EDGE('',*,*,#2462,.T.);
#2462 = EDGE_CURVE('',#1671,#1116,#2463,.T.);
#2463 = SURFACE_CURVE('',#2464,(#2468,#2475),.PCURVE_S1.);
#2464 = LINE('',#2465,#2466);
#2465 = CARTESIAN_POINT('',(-26.2,39.025,5.55));
#2466 = VECTOR('',#2467,1.);
#2467 = DIRECTION('',(-1.,-7.2E-16,1.7E-16));
#2468 = PCURVE('',#1152,#2469);
#2469 = DEFINITIONAL_REPRESENTATION('',(#2470),#2474);
#2470 = LINE('',#2471,#2472);
#2471 = CARTESIAN_POINT('',(0.,0.));
#2472 = VECTOR('',#2473,1.);
#2473 = DIRECTION('',(9.4E-16,-1.));
#2474 = ( GEOMETRIC_REPRESENTATION_CONTEXT(2) 
PARAMETRIC_REPRESENTATION_CONTEXT() REPRESENTATION_CONTEXT('2D SPACE',''
  ) );
#2475 = PCURVE('',#1207,#2476);
#2476 = DEFINITIONAL_REPRESENTATION('',(#2477),#2481);
#2477 = LINE('',#2478,#2479);
#2478 = CARTESIAN_POINT('',(-4.712388980385,0.));
#2479 = VECTOR('',#2480,1.);
#2480 = DIRECTION('',(-0.,-1.));
#2481 = ( GEOMETRIC_REPRESENTATION_CONTEXT(2) 
PARAMETRIC_REPRESENTATION_CONTEXT() REPRESENTATION_CONTEXT('2D SPACE',''
  ) );
#2482 = ORIENTED_EDGE('',*,*,#1138,.T.);
#2483 = ORIENTED_EDGE('',*,*,#2437,.F.);
#2484 = ADVANCED_FACE('',(#2485),#1207,.T.);
#2485 = FACE_BOUND('',#2486,.F.);
#2486 = EDGE_LOOP('',(#2487,#2488,#2489,#2490));
#2487 = ORIENTED_EDGE('',*,*,#1670,.F.);
#2488 = ORIENTED_EDGE('',*,*,#2462,.T.);
#2489 = ORIENTED_EDGE('',*,*,#1192,.F.);
#2490 = ORIENTED_EDGE('',*,*,#2491,.F.);
#2491 = EDGE_CURVE('',#1648,#1170,#2492,.T.);
#2492 = SURFACE_CURVE('',#2493,(#2497,#2504),.PCURVE_S1.);
#2493 = LINE('',#2494,#2495);
#2494 = CARTESIAN_POINT('',(-26.2,39.525,5.05));
#2495 = VECTOR('',#2496,1.);
#2496 = DIRECTION('',(-1.,-7.2E-16,1.7E-16));
#2497 = PCURVE('',#1207,#2498);
#2498 = DEFINITIONAL_REPRESENTATION('',(#2499),#2503);
#2499 = LINE('',#2500,#2501);
#2500 = CARTESIAN_POINT('',(-6.28318530718,0.));
#2501 = VECTOR('',#2502,1.);
#2502 = DIRECTION('',(-0.,-1.));
#2503 = ( GEOMETRIC_REPRESENTATION_CONTEXT(2) 
PARAMETRIC_REPRESENTATION_CONTEXT() REPRESENTATION_CONTEXT('2D SPACE',''
  ) );
#2504 = PCURVE('',#1239,#2505);
#2505 = DEFINITIONAL_REPRESENTATION('',(#2506),#2510);
#2506 = LINE('',#2507,#2508);
#2507 = CARTESIAN_POINT('',(2.621008439702,-1.489080281822E-17));
#2508 = VECTOR('',#2509,1.);
#2509 = DIRECTION('',(-1.11E-15,-1.));
#2510 = ( GEOMETRIC_REPRESENTATION_CONTEXT(2) 
PARAMETRIC_REPRESENTATION_CONTEXT() REPRESENTATION_CONTEXT('2D SPACE',''
  ) );
#2511 = ADVANCED_FACE('',(#2512),#1239,.T.);
#2512 = FACE_BOUND('',#2513,.T.);
#2513 = EDGE_LOOP('',(#2514,#2515,#2516,#2517));
#2514 = ORIENTED_EDGE('',*,*,#1647,.F.);
#2515 = ORIENTED_EDGE('',*,*,#2410,.T.);
#2516 = ORIENTED_EDGE('',*,*,#1225,.T.);
#2517 = ORIENTED_EDGE('',*,*,#2491,.F.);
#2518 = ADVANCED_FACE('',(#2519),#1424,.F.);
#2519 = FACE_BOUND('',#2520,.T.);
#2520 = EDGE_LOOP('',(#2521,#2522,#2543,#2544));
#2521 = ORIENTED_EDGE('',*,*,#1403,.F.);
#2522 = ORIENTED_EDGE('',*,*,#2523,.T.);
#2523 = EDGE_CURVE('',#1381,#2136,#2524,.T.);
#2524 = SURFACE_CURVE('',#2525,(#2529,#2536),.PCURVE_S1.);
#2525 = LINE('',#2526,#2527);
#2526 = CARTESIAN_POINT('',(-26.2,33.407,-4.));
#2527 = VECTOR('',#2528,1.);
#2528 = DIRECTION('',(-1.,-7.2E-16,1.7E-16));
#2529 = PCURVE('',#1424,#2530);
#2530 = DEFINITIONAL_REPRESENTATION('',(#2531),#2535);
#2531 = LINE('',#2532,#2533);
#2532 = CARTESIAN_POINT('',(-4.712388980385,0.));
#2533 = VECTOR('',#2534,1.);
#2534 = DIRECTION('',(-0.,-1.));
#2535 = ( GEOMETRIC_REPRESENTATION_CONTEXT(2) 
PARAMETRIC_REPRESENTATION_CONTEXT() REPRESENTATION_CONTEXT('2D SPACE',''
  ) );
#2536 = PCURVE('',#464,#2537);
#2537 = DEFINITIONAL_REPRESENTATION('',(#2538),#2542);
#2538 = LINE('',#2539,#2540);
#2539 = CARTESIAN_POINT('',(0.502729146982,-1.754698795138));
#2540 = VECTOR('',#2541,1.);
#2541 = DIRECTION('',(7.2E-16,1.));
#2542 = ( GEOMETRIC_REPRESENTATION_CONTEXT(2) 
PARAMETRIC_REPRESENTATION_CONTEXT() REPRESENTATION_CONTEXT('2D SPACE',''
  ) );
#2543 = ORIENTED_EDGE('',*,*,#2162,.T.);
#2544 = ORIENTED_EDGE('',*,*,#2545,.F.);
#2545 = EDGE_CURVE('',#1404,#2163,#2546,.T.);
#2546 = SURFACE_CURVE('',#2547,(#2551,#2558),.PCURVE_S1.);
#2547 = LINE('',#2548,#2549);
#2548 = CARTESIAN_POINT('',(-26.2,35.256972972776,-5.24));
#2549 = VECTOR('',#2550,1.);
#2550 = DIRECTION('',(-1.,-7.2E-16,1.7E-16));
#2551 = PCURVE('',#1424,#2552);
#2552 = DEFINITIONAL_REPRESENTATION('',(#2553),#2557);
#2553 = LINE('',#2554,#2555);
#2554 = CARTESIAN_POINT('',(-5.893389010705,0.));
#2555 = VECTOR('',#2556,1.);
#2556 = DIRECTION('',(-0.,-1.));
#2557 = ( GEOMETRIC_REPRESENTATION_CONTEXT(2) 
PARAMETRIC_REPRESENTATION_CONTEXT() REPRESENTATION_CONTEXT('2D SPACE',''
  ) );
#2558 = PCURVE('',#1457,#2559);
#2559 = DEFINITIONAL_REPRESENTATION('',(#2560),#2564);
#2560 = LINE('',#2561,#2562);
#2561 = CARTESIAN_POINT('',(-2.751796357116,0.));
#2562 = VECTOR('',#2563,1.);
#2563 = DIRECTION('',(-0.,-1.));
#2564 = ( GEOMETRIC_REPRESENTATION_CONTEXT(2) 
PARAMETRIC_REPRESENTATION_CONTEXT() REPRESENTATION_CONTEXT('2D SPACE',''
  ) );
#2565 = ADVANCED_FACE('',(#2566),#1457,.T.);
#2566 = FACE_BOUND('',#2567,.F.);
#2567 = EDGE_LOOP('',(#2568,#2569,#2590,#2591));
#2568 = ORIENTED_EDGE('',*,*,#1436,.F.);
#2569 = ORIENTED_EDGE('',*,*,#2570,.T.);
#2570 = EDGE_CURVE('',#1437,#2311,#2571,.T.);
#2571 = SURFACE_CURVE('',#2572,(#2576,#2583),.PCURVE_S1.);
#2572 = LINE('',#2573,#2574);
#2573 = CARTESIAN_POINT('',(-26.2,35.719466215969,-5.55));
#2574 = VECTOR('',#2575,1.);
#2575 = DIRECTION('',(-1.,-7.2E-16,1.7E-16));
#2576 = PCURVE('',#1457,#2577);
#2577 = DEFINITIONAL_REPRESENTATION('',(#2578),#2582);
#2578 = LINE('',#2579,#2580);
#2579 = CARTESIAN_POINT('',(-1.570796326795,0.));
#2580 = VECTOR('',#2581,1.);
#2581 = DIRECTION('',(-0.,-1.));
#2582 = ( GEOMETRIC_REPRESENTATION_CONTEXT(2) 
PARAMETRIC_REPRESENTATION_CONTEXT() REPRESENTATION_CONTEXT('2D SPACE',''
  ) );
#2583 = PCURVE('',#1485,#2584);
#2584 = DEFINITIONAL_REPRESENTATION('',(#2585),#2589);
#2585 = LINE('',#2586,#2587);
#2586 = CARTESIAN_POINT('',(0.,0.));
#2587 = VECTOR('',#2588,1.);
#2588 = DIRECTION('',(-9.4E-16,-1.));
#2589 = ( GEOMETRIC_REPRESENTATION_CONTEXT(2) 
PARAMETRIC_REPRESENTATION_CONTEXT() REPRESENTATION_CONTEXT('2D SPACE',''
  ) );
#2590 = ORIENTED_EDGE('',*,*,#2360,.F.);
#2591 = ORIENTED_EDGE('',*,*,#2545,.F.);
#2592 = ADVANCED_FACE('',(#2593),#1485,.T.);
#2593 = FACE_BOUND('',#2594,.T.);
#2594 = EDGE_LOOP('',(#2595,#2596,#2597,#2598));
#2595 = ORIENTED_EDGE('',*,*,#1469,.F.);
#2596 = ORIENTED_EDGE('',*,*,#2570,.T.);
#2597 = ORIENTED_EDGE('',*,*,#2333,.T.);
#2598 = ORIENTED_EDGE('',*,*,#2599,.F.);
#2599 = EDGE_CURVE('',#1470,#2261,#2600,.T.);
#2600 = SURFACE_CURVE('',#2601,(#2605,#2612),.PCURVE_S1.);
#2601 = LINE('',#2602,#2603);
#2602 = CARTESIAN_POINT('',(-26.2,39.025,-5.55));
#2603 = VECTOR('',#2604,1.);
#2604 = DIRECTION('',(-1.,-7.2E-16,1.7E-16));
#2605 = PCURVE('',#1485,#2606);
#2606 = DEFINITIONAL_REPRESENTATION('',(#2607),#2611);
#2607 = LINE('',#2608,#2609);
#2608 = CARTESIAN_POINT('',(3.305533784031,2.782567513278E-18));
#2609 = VECTOR('',#2610,1.);
#2610 = DIRECTION('',(-9.4E-16,-1.));
#2611 = ( GEOMETRIC_REPRESENTATION_CONTEXT(2) 
PARAMETRIC_REPRESENTATION_CONTEXT() REPRESENTATION_CONTEXT('2D SPACE',''
  ) );
#2612 = PCURVE('',#1518,#2613);
#2613 = DEFINITIONAL_REPRESENTATION('',(#2614),#2618);
#2614 = LINE('',#2615,#2616);
#2615 = CARTESIAN_POINT('',(-1.570796326795,0.));
#2616 = VECTOR('',#2617,1.);
#2617 = DIRECTION('',(-0.,-1.));
#2618 = ( GEOMETRIC_REPRESENTATION_CONTEXT(2) 
PARAMETRIC_REPRESENTATION_CONTEXT() REPRESENTATION_CONTEXT('2D SPACE',''
  ) );
#2619 = ADVANCED_FACE('',(#2620),#1518,.T.);
#2620 = FACE_BOUND('',#2621,.F.);
#2621 = EDGE_LOOP('',(#2622,#2623,#2644,#2645));
#2622 = ORIENTED_EDGE('',*,*,#1497,.F.);
#2623 = ORIENTED_EDGE('',*,*,#2624,.T.);
#2624 = EDGE_CURVE('',#1498,#2212,#2625,.T.);
#2625 = SURFACE_CURVE('',#2626,(#2630,#2637),.PCURVE_S1.);
#2626 = LINE('',#2627,#2628);
#2627 = CARTESIAN_POINT('',(-26.2,39.525,-5.05));
#2628 = VECTOR('',#2629,1.);
#2629 = DIRECTION('',(-1.,-7.2E-16,1.7E-16));
#2630 = PCURVE('',#1518,#2631);
#2631 = DEFINITIONAL_REPRESENTATION('',(#2632),#2636);
#2632 = LINE('',#2633,#2634);
#2633 = CARTESIAN_POINT('',(-7.E-16,0.));
#2634 = VECTOR('',#2635,1.);
#2635 = DIRECTION('',(-0.,-1.));
#2636 = ( GEOMETRIC_REPRESENTATION_CONTEXT(2) 
PARAMETRIC_REPRESENTATION_CONTEXT() REPRESENTATION_CONTEXT('2D SPACE',''
  ) );
#2637 = PCURVE('',#1546,#2638);
#2638 = DEFINITIONAL_REPRESENTATION('',(#2639),#2643);
#2639 = LINE('',#2640,#2641);
#2640 = CARTESIAN_POINT('',(0.,0.));
#2641 = VECTOR('',#2642,1.);
#2642 = DIRECTION('',(-1.11E-15,-1.));
#2643 = ( GEOMETRIC_REPRESENTATION_CONTEXT(2) 
PARAMETRIC_REPRESENTATION_CONTEXT() REPRESENTATION_CONTEXT('2D SPACE',''
  ) );
#2644 = ORIENTED_EDGE('',*,*,#2283,.F.);
#2645 = ORIENTED_EDGE('',*,*,#2599,.F.);
#2646 = ADVANCED_FACE('',(#2647),#1546,.T.);
#2647 = FACE_BOUND('',#2648,.T.);
#2648 = EDGE_LOOP('',(#2649,#2650,#2651,#2652));
#2649 = ORIENTED_EDGE('',*,*,#1530,.F.);
#2650 = ORIENTED_EDGE('',*,*,#2624,.T.);
#2651 = ORIENTED_EDGE('',*,*,#2234,.T.);
#2652 = ORIENTED_EDGE('',*,*,#1752,.F.);
#2653 = ADVANCED_FACE('',(#2654),#159,.T.);
#2654 = FACE_BOUND('',#2655,.T.);
#2655 = EDGE_LOOP('',(#2656,#2657,#2658,#2679));
#2656 = ORIENTED_EDGE('',*,*,#562,.T.);
#2657 = ORIENTED_EDGE('',*,*,#141,.T.);
#2658 = ORIENTED_EDGE('',*,*,#2659,.F.);
#2659 = EDGE_CURVE('',#1312,#144,#2660,.T.);
#2660 = SURFACE_CURVE('',#2661,(#2665,#2672),.PCURVE_S1.);
#2661 = LINE('',#2662,#2663);
#2662 = CARTESIAN_POINT('',(-27.,31.675,3.7));
#2663 = VECTOR('',#2664,1.);
#2664 = DIRECTION('',(-1.,-7.2E-16,5.E-16));
#2665 = PCURVE('',#159,#2666);
#2666 = DEFINITIONAL_REPRESENTATION('',(#2667),#2671);
#2667 = LINE('',#2668,#2669);
#2668 = CARTESIAN_POINT('',(0.212132034356,0.5));
#2669 = VECTOR('',#2670,1.);
#2670 = DIRECTION('',(2.35563491861E-16,-1.));
#2671 = ( GEOMETRIC_REPRESENTATION_CONTEXT(2) 
PARAMETRIC_REPRESENTATION_CONTEXT() REPRESENTATION_CONTEXT('2D SPACE',''
  ) );
#2672 = PCURVE('',#380,#2673);
#2673 = DEFINITIONAL_REPRESENTATION('',(#2674),#2678);
#2674 = LINE('',#2675,#2676);
#2675 = CARTESIAN_POINT('',(0.5,3.7));
#2676 = VECTOR('',#2677,1.);
#2677 = DIRECTION('',(-1.,3.9E-16));
#2678 = ( GEOMETRIC_REPRESENTATION_CONTEXT(2) 
PARAMETRIC_REPRESENTATION_CONTEXT() REPRESENTATION_CONTEXT('2D SPACE',''
  ) );
#2679 = ORIENTED_EDGE('',*,*,#1311,.F.);
#2680 = ADVANCED_FACE('',(#2681),#464,.T.);
#2681 = FACE_BOUND('',#2682,.T.);
#2682 = EDGE_LOOP('',(#2683,#2684,#2685,#2706,#2707,#2708,#2709,#2710));
#2683 = ORIENTED_EDGE('',*,*,#447,.F.);
#2684 = ORIENTED_EDGE('',*,*,#511,.F.);
#2685 = ORIENTED_EDGE('',*,*,#2686,.F.);
#2686 = EDGE_CURVE('',#1829,#230,#2687,.T.);
#2687 = SURFACE_CURVE('',#2688,(#2692,#2699),.PCURVE_S1.);
#2688 = LINE('',#2689,#2690);
#2689 = CARTESIAN_POINT('',(-26.2,36.025,-4.));
#2690 = VECTOR('',#2691,1.);
#2691 = DIRECTION('',(-1.,-6.1E-16,2.8E-16));
#2692 = PCURVE('',#464,#2693);
#2693 = DEFINITIONAL_REPRESENTATION('',(#2694),#2698);
#2694 = LINE('',#2695,#2696);
#2695 = CARTESIAN_POINT('',(-2.115270853018,-1.754698795138));
#2696 = VECTOR('',#2697,1.);
#2697 = DIRECTION('',(6.1E-16,1.));
#2698 = ( GEOMETRIC_REPRESENTATION_CONTEXT(2) 
PARAMETRIC_REPRESENTATION_CONTEXT() REPRESENTATION_CONTEXT('2D SPACE',''
  ) );
#2699 = PCURVE('',#246,#2700);
#2700 = DEFINITIONAL_REPRESENTATION('',(#2701),#2705);
#2701 = LINE('',#2702,#2703);
#2702 = CARTESIAN_POINT('',(-7.853981633974,-7.8E-16));
#2703 = VECTOR('',#2704,1.);
#2704 = DIRECTION('',(-3.8E-16,-1.));
#2705 = ( GEOMETRIC_REPRESENTATION_CONTEXT(2) 
PARAMETRIC_REPRESENTATION_CONTEXT() REPRESENTATION_CONTEXT('2D SPACE',''
  ) );
#2706 = ORIENTED_EDGE('',*,*,#1828,.T.);
#2707 = ORIENTED_EDGE('',*,*,#2135,.T.);
#2708 = ORIENTED_EDGE('',*,*,#2523,.F.);
#2709 = ORIENTED_EDGE('',*,*,#1380,.T.);
#2710 = ORIENTED_EDGE('',*,*,#2711,.F.);
#2711 = EDGE_CURVE('',#448,#1358,#2712,.T.);
#2712 = SURFACE_CURVE('',#2713,(#2717,#2724),.PCURVE_S1.);
#2713 = LINE('',#2714,#2715);
#2714 = CARTESIAN_POINT('',(-27.,31.975,-4.));
#2715 = VECTOR('',#2716,1.);
#2716 = DIRECTION('',(1.,9.4E-16,-6.1E-16));
#2717 = PCURVE('',#464,#2718);
#2718 = DEFINITIONAL_REPRESENTATION('',(#2719),#2723);
#2719 = LINE('',#2720,#2721);
#2720 = CARTESIAN_POINT('',(1.934729146982,-0.954698795138));
#2721 = VECTOR('',#2722,1.);
#2722 = DIRECTION('',(-9.4E-16,-1.));
#2723 = ( GEOMETRIC_REPRESENTATION_CONTEXT(2) 
PARAMETRIC_REPRESENTATION_CONTEXT() REPRESENTATION_CONTEXT('2D SPACE',''
  ) );
#2724 = PCURVE('',#494,#2725);
#2725 = DEFINITIONAL_REPRESENTATION('',(#2726),#2730);
#2726 = LINE('',#2727,#2728);
#2727 = CARTESIAN_POINT('',(0.212132034356,0.5));
#2728 = VECTOR('',#2729,1.);
#2729 = DIRECTION('',(1.016015510839E-15,1.));
#2730 = ( GEOMETRIC_REPRESENTATION_CONTEXT(2) 
PARAMETRIC_REPRESENTATION_CONTEXT() REPRESENTATION_CONTEXT('2D SPACE',''
  ) );
#2731 = ADVANCED_FACE('',(#2732),#380,.T.);
#2732 = FACE_BOUND('',#2733,.T.);
#2733 = EDGE_LOOP('',(#2734,#2735,#2756,#2757));
#2734 = ORIENTED_EDGE('',*,*,#364,.F.);
#2735 = ORIENTED_EDGE('',*,*,#2736,.T.);
#2736 = EDGE_CURVE('',#365,#1335,#2737,.T.);
#2737 = SURFACE_CURVE('',#2738,(#2742,#2749),.PCURVE_S1.);
#2738 = LINE('',#2739,#2740);
#2739 = CARTESIAN_POINT('',(-28.7,31.675,-3.7));
#2740 = VECTOR('',#2741,1.);
#2741 = DIRECTION('',(1.,7.2E-16,-5.E-16));
#2742 = PCURVE('',#380,#2743);
#2743 = DEFINITIONAL_REPRESENTATION('',(#2744),#2748);
#2744 = LINE('',#2745,#2746);
#2745 = CARTESIAN_POINT('',(-1.2,-3.7));
#2746 = VECTOR('',#2747,1.);
#2747 = DIRECTION('',(1.,-3.9E-16));
#2748 = ( GEOMETRIC_REPRESENTATION_CONTEXT(2) 
PARAMETRIC_REPRESENTATION_CONTEXT() REPRESENTATION_CONTEXT('2D SPACE',''
  ) );
#2749 = PCURVE('',#494,#2750);
#2750 = DEFINITIONAL_REPRESENTATION('',(#2751),#2755);
#2751 = LINE('',#2752,#2753);
#2752 = CARTESIAN_POINT('',(-0.212132034356,-1.2));
#2753 = VECTOR('',#2754,1.);
#2754 = DIRECTION('',(7.826702730476E-16,1.));
#2755 = ( GEOMETRIC_REPRESENTATION_CONTEXT(2) 
PARAMETRIC_REPRESENTATION_CONTEXT() REPRESENTATION_CONTEXT('2D SPACE',''
  ) );
#2756 = ORIENTED_EDGE('',*,*,#1334,.T.);
#2757 = ORIENTED_EDGE('',*,*,#2659,.T.);
#2758 = ADVANCED_FACE('',(#2759),#494,.T.);
#2759 = FACE_BOUND('',#2760,.T.);
#2760 = EDGE_LOOP('',(#2761,#2762,#2763,#2764));
#2761 = ORIENTED_EDGE('',*,*,#480,.F.);
#2762 = ORIENTED_EDGE('',*,*,#2711,.T.);
#2763 = ORIENTED_EDGE('',*,*,#1357,.T.);
#2764 = ORIENTED_EDGE('',*,*,#2736,.F.);
#2765 = ADVANCED_FACE('',(#2766),#246,.T.);
#2766 = FACE_BOUND('',#2767,.F.);
#2767 = EDGE_LOOP('',(#2768,#2769,#2770,#2771,#2772,#2773,#2774,#2775,
    #2776,#2777));
#2768 = ORIENTED_EDGE('',*,*,#953,.F.);
#2769 = ORIENTED_EDGE('',*,*,#731,.T.);
#2770 = ORIENTED_EDGE('',*,*,#537,.T.);
#2771 = ORIENTED_EDGE('',*,*,#229,.T.);
#2772 = ORIENTED_EDGE('',*,*,#2686,.F.);
#2773 = ORIENTED_EDGE('',*,*,#2033,.T.);
#2774 = ORIENTED_EDGE('',*,*,#2080,.F.);
#2775 = ORIENTED_EDGE('',*,*,#1804,.F.);
#2776 = ORIENTED_EDGE('',*,*,#1591,.F.);
#2777 = ORIENTED_EDGE('',*,*,#2388,.T.);
#2778 = ( GEOMETRIC_REPRESENTATION_CONTEXT(3) 
GLOBAL_UNCERTAINTY_ASSIGNED_CONTEXT((#2782)) 
GLOBAL_UNIT_ASSIGNED_CONTEXT((#2779,#2780,#2781)) REPRESENTATION_CONTEXT
('Context #1','3D Context with UNIT and UNCERTAINTY') );
#2779 = ( LENGTH_UNIT() NAMED_UNIT(*) SI_UNIT(.MILLI.,.METRE.) );
#2780 = ( NAMED_UNIT(*) PLANE_ANGLE_UNIT() SI_UNIT($,.RADIAN.) );
#2781 = ( NAMED_UNIT(*) SI_UNIT($,.STERADIAN.) SOLID_ANGLE_UNIT() );
#2782 = UNCERTAINTY_MEASURE_WITH_UNIT(LENGTH_MEASURE(5.E-07),#2779,
  'distance_accuracy_value','confusion accuracy');
#2783 = PRODUCT_RELATED_PRODUCT_CATEGORY('part',$,(#7));
ENDSEC;
END-ISO-10303-21;
