ISO-10303-21;
HEADER;
FILE_DESCRIPTION(('Open CASCADE Model'),'2;1');
FILE_NAME('Open CASCADE Shape Model','2026-09-13T21:42:18',('Author'),(
    'Open CASCADE'),'Open CASCADE STEP processor 7.9','Open CASCADE 7.9'
  ,'Unknown');
FILE_SCHEMA(('AUTOMOTIVE_DESIGN { 1 0 10303 214 1 1 1 1 }'));
ENDSEC;
DATA;
#1 = APPLICATION_PROTOCOL_DEFINITION('international standard',
  'automotive_design',2000,#2);
#2 = APPLICATION_CONTEXT(
  'core data for automotive mechanical design processes');
#3 = SHAPE_DEFINITION_REPRESENTATION(#4,#10);
#4 = PRODUCT_DEFINITION_SHAPE('','',#5);
#5 = PRODUCT_DEFINITION('design','',#6,#9);
#6 = PRODUCT_DEFINITION_FORMATION('','',#7);
#7 = PRODUCT('Open CASCADE STEP translator 7.9 7',
  'Open CASCADE STEP translator 7.9 7','',(#8));
#8 = PRODUCT_CONTEXT('',#2,'mechanical');
#9 = PRODUCT_DEFINITION_CONTEXT('part definition',#2,'design');
#10 = ADVANCED_BREP_SHAPE_REPRESENTATION('',(#11,#15),#5132);
#11 = AXIS2_PLACEMENT_3D('',#12,#13,#14);
#12 = CARTESIAN_POINT('',(0.,0.,0.));
#13 = DIRECTION('',(0.,0.,1.));
#14 = DIRECTION('',(1.,0.,-0.));
#15 = MANIFOLD_SOLID_BREP('',#16);
#16 = CLOSED_SHELL('',(#17,#143,#234,#1392,#1468,#1538,#1714,#1763,#1840
    ,#1889,#1939,#2011,#2088,#2168,#2328,#2374,#2596,#2671,#2721,#2798,
    #2870,#2919,#2969,#3046,#3126,#3292,#3338,#3566,#3641,#3691,#3768,
    #3848,#4008,#4054,#4334,#4409,#4459,#4486,#4533,#4580,#4630,#4679,
    #4728,#4756,#4829,#4876,#4885,#4958,#4967,#4976,#4991,#5020,#5027,
    #5078,#5085,#5114,#5123));
#17 = ADVANCED_FACE('',(#18),#33,.T.);
#18 = FACE_BOUND('',#19,.T.);
#19 = EDGE_LOOP('',(#20,#60,#88,#117));
#20 = ORIENTED_EDGE('',*,*,#21,.T.);
#21 = EDGE_CURVE('',#22,#24,#26,.T.);
#22 = VERTEX_POINT('',#23);
#23 = CARTESIAN_POINT('',(-26.2,-8.45,3.6));
#24 = VERTEX_POINT('',#25);
#25 = CARTESIAN_POINT('',(-26.2,-6.95,2.1));
#26 = SURFACE_CURVE('',#27,(#32,#44),.PCURVE_S1.);
#27 = CIRCLE('',#28,1.5);
#28 = AXIS2_PLACEMENT_3D('',#29,#30,#31);
#29 = CARTESIAN_POINT('',(-26.2,-8.45,2.1));
#30 = DIRECTION('',(-1.,6.661338147751E-16,1.33226762955E-15));
#31 = DIRECTION('',(-6.661338147751E-16,-1.,1.33226762955E-15));
#32 = PCURVE('',#33,#38);
#33 = CYLINDRICAL_SURFACE('',#34,1.5);
#34 = AXIS2_PLACEMENT_3D('',#35,#36,#37);
#35 = CARTESIAN_POINT('',(-26.2,-8.45,2.1));
#36 = DIRECTION('',(1.,8.881784197001E-16,2.22044604925E-16));
#37 = DIRECTION('',(8.881784197001E-16,-1.,1.110223024625E-15));
#38 = DEFINITIONAL_REPRESENTATION('',(#39),#43);
#39 = LINE('',#40,#41);
#40 = CARTESIAN_POINT('',(6.28318530718,7.105427357601E-15));
#41 = VECTOR('',#42,1.);
#42 = DIRECTION('',(-1.,-2.261727773485E-15));
#43 = ( GEOMETRIC_REPRESENTATION_CONTEXT(2) 
PARAMETRIC_REPRESENTATION_CONTEXT() REPRESENTATION_CONTEXT('2D SPACE',''
  ) );
#44 = PCURVE('',#45,#50);
#45 = PLANE('',#46);
#46 = AXIS2_PLACEMENT_3D('',#47,#48,#49);
#47 = CARTESIAN_POINT('',(-26.2,-20.45,1.05));
#48 = DIRECTION('',(1.,1.33226762955E-15,6.661338147751E-16));
#49 = DIRECTION('',(-6.661338147751E-16,-6.661338147751E-16,1.));
#50 = DEFINITIONAL_REPRESENTATION('',(#51),#59);
#51 = ( BOUNDED_CURVE() B_SPLINE_CURVE(2,(#52,#53,#54,#55,#56,#57,#58),
.UNSPECIFIED.,.T.,.F.) B_SPLINE_CURVE_WITH_KNOTS((1,2,2,2,2,1),(
    -2.094395102393,0.,2.094395102393,4.188790204786,6.28318530718,
8.377580409573),.UNSPECIFIED.) CURVE() GEOMETRIC_REPRESENTATION_ITEM() 
RATIONAL_B_SPLINE_CURVE((1.,0.5,1.,0.5,1.,0.5,1.)) REPRESENTATION_ITEM(
  '') );
#52 = CARTESIAN_POINT('',(1.05,-10.5));
#53 = CARTESIAN_POINT('',(3.648076211353,-10.5));
#54 = CARTESIAN_POINT('',(2.349038105677,-12.75));
#55 = CARTESIAN_POINT('',(1.05,-15.));
#56 = CARTESIAN_POINT('',(-0.249038105677,-12.75));
#57 = CARTESIAN_POINT('',(-1.548076211353,-10.5));
#58 = CARTESIAN_POINT('',(1.05,-10.5));
#59 = ( GEOMETRIC_REPRESENTATION_CONTEXT(2) 
PARAMETRIC_REPRESENTATION_CONTEXT() REPRESENTATION_CONTEXT('2D SPACE',''
  ) );
#60 = ORIENTED_EDGE('',*,*,#61,.T.);
#61 = EDGE_CURVE('',#24,#62,#64,.T.);
#62 = VERTEX_POINT('',#63);
#63 = CARTESIAN_POINT('',(-27.5,-6.95,2.1));
#64 = SURFACE_CURVE('',#65,(#69,#76),.PCURVE_S1.);
#65 = LINE('',#66,#67);
#66 = CARTESIAN_POINT('',(-26.2,-6.95,2.1));
#67 = VECTOR('',#68,1.);
#68 = DIRECTION('',(-1.,-1.110223024625E-15,-4.440892098501E-16));
#69 = PCURVE('',#33,#70);
#70 = DEFINITIONAL_REPRESENTATION('',(#71),#75);
#71 = LINE('',#72,#73);
#72 = CARTESIAN_POINT('',(3.14159265359,0.));
#73 = VECTOR('',#74,1.);
#74 = DIRECTION('',(0.,-1.));
#75 = ( GEOMETRIC_REPRESENTATION_CONTEXT(2) 
PARAMETRIC_REPRESENTATION_CONTEXT() REPRESENTATION_CONTEXT('2D SPACE',''
  ) );
#76 = PCURVE('',#77,#82);
#77 = PLANE('',#78);
#78 = AXIS2_PLACEMENT_3D('',#79,#80,#81);
#79 = CARTESIAN_POINT('',(-25.47755474452,-6.95,0.697445255474));
#80 = DIRECTION('',(-3.618043996193E-16,1.,1.989943560916E-16));
#81 = DIRECTION('',(1.,3.618043996193E-16,5.545195763625E-48));
#82 = DEFINITIONAL_REPRESENTATION('',(#83),#87);
#83 = LINE('',#84,#85);
#84 = CARTESIAN_POINT('',(-0.72244525548,-1.402554744526));
#85 = VECTOR('',#86,1.);
#86 = DIRECTION('',(-1.,4.440892098501E-16));
#87 = ( GEOMETRIC_REPRESENTATION_CONTEXT(2) 
PARAMETRIC_REPRESENTATION_CONTEXT() REPRESENTATION_CONTEXT('2D SPACE',''
  ) );
#88 = ORIENTED_EDGE('',*,*,#89,.F.);
#89 = EDGE_CURVE('',#90,#62,#92,.T.);
#90 = VERTEX_POINT('',#91);
#91 = CARTESIAN_POINT('',(-27.5,-8.45,3.6));
#92 = SURFACE_CURVE('',#93,(#98,#105),.PCURVE_S1.);
#93 = CIRCLE('',#94,1.5);
#94 = AXIS2_PLACEMENT_3D('',#95,#96,#97);
#95 = CARTESIAN_POINT('',(-27.5,-8.45,2.1));
#96 = DIRECTION('',(-1.,2.22044604925E-16,8.881784197001E-16));
#97 = DIRECTION('',(8.881784197001E-16,-3.121368995575E-16,1.));
#98 = PCURVE('',#33,#99);
#99 = DEFINITIONAL_REPRESENTATION('',(#100),#104);
#100 = LINE('',#101,#102);
#101 = CARTESIAN_POINT('',(4.712388980385,-1.3));
#102 = VECTOR('',#103,1.);
#103 = DIRECTION('',(-1.,0.));
#104 = ( GEOMETRIC_REPRESENTATION_CONTEXT(2) 
PARAMETRIC_REPRESENTATION_CONTEXT() REPRESENTATION_CONTEXT('2D SPACE',''
  ) );
#105 = PCURVE('',#106,#111);
#106 = CONICAL_SURFACE('',#107,1.5,0.785398163397);
#107 = AXIS2_PLACEMENT_3D('',#108,#109,#110);
#108 = CARTESIAN_POINT('',(-27.5,-8.45,2.1));
#109 = DIRECTION('',(1.,4.440892098501E-16,-2.22044604925E-16));
#110 = DIRECTION('',(2.22044604925E-16,-3.121368995575E-16,1.));
#111 = DEFINITIONAL_REPRESENTATION('',(#112),#116);
#112 = LINE('',#113,#114);
#113 = CARTESIAN_POINT('',(6.28318530718,0.));
#114 = VECTOR('',#115,1.);
#115 = DIRECTION('',(-1.,2.827159716856E-16));
#116 = ( GEOMETRIC_REPRESENTATION_CONTEXT(2) 
PARAMETRIC_REPRESENTATION_CONTEXT() REPRESENTATION_CONTEXT('2D SPACE',''
  ) );
#117 = ORIENTED_EDGE('',*,*,#118,.F.);
#118 = EDGE_CURVE('',#22,#90,#119,.T.);
#119 = SURFACE_CURVE('',#120,(#124,#131),.PCURVE_S1.);
#120 = LINE('',#121,#122);
#121 = CARTESIAN_POINT('',(-26.2,-8.45,3.6));
#122 = VECTOR('',#123,1.);
#123 = DIRECTION('',(-1.,-1.110223024625E-15,-4.440892098501E-16));
#124 = PCURVE('',#33,#125);
#125 = DEFINITIONAL_REPRESENTATION('',(#126),#130);
#126 = LINE('',#127,#128);
#127 = CARTESIAN_POINT('',(4.712388980385,0.));
#128 = VECTOR('',#129,1.);
#129 = DIRECTION('',(0.,-1.));
#130 = ( GEOMETRIC_REPRESENTATION_CONTEXT(2) 
PARAMETRIC_REPRESENTATION_CONTEXT() REPRESENTATION_CONTEXT('2D SPACE',''
  ) );
#131 = PCURVE('',#132,#137);
#132 = PLANE('',#133);
#133 = AXIS2_PLACEMENT_3D('',#134,#135,#136);
#134 = CARTESIAN_POINT('',(-25.96607142857,-20.45,3.6));
#135 = DIRECTION('',(-3.308772578212E-15,6.020051735936E-16,1.));
#136 = DIRECTION('',(-1.,0.,-3.308772578212E-15));
#137 = DEFINITIONAL_REPRESENTATION('',(#138),#142);
#138 = LINE('',#139,#140);
#139 = CARTESIAN_POINT('',(0.23392857143,-12.));
#140 = VECTOR('',#141,1.);
#141 = DIRECTION('',(1.,1.110223024625E-15));
#142 = ( GEOMETRIC_REPRESENTATION_CONTEXT(2) 
PARAMETRIC_REPRESENTATION_CONTEXT() REPRESENTATION_CONTEXT('2D SPACE',''
  ) );
#143 = ADVANCED_FACE('',(#144),#106,.T.);
#144 = FACE_BOUND('',#145,.T.);
#145 = EDGE_LOOP('',(#146,#174,#175,#203));
#146 = ORIENTED_EDGE('',*,*,#147,.F.);
#147 = EDGE_CURVE('',#90,#148,#150,.T.);
#148 = VERTEX_POINT('',#149);
#149 = CARTESIAN_POINT('',(-27.7,-8.45,3.4));
#150 = SURFACE_CURVE('',#151,(#155,#162),.PCURVE_S1.);
#151 = LINE('',#152,#153);
#152 = CARTESIAN_POINT('',(-27.5,-8.45,3.6));
#153 = VECTOR('',#154,1.);
#154 = DIRECTION('',(-0.707106781187,-9.330437340102E-17,-0.707106781187
    ));
#155 = PCURVE('',#106,#156);
#156 = DEFINITIONAL_REPRESENTATION('',(#157),#161);
#157 = LINE('',#158,#159);
#158 = CARTESIAN_POINT('',(6.28318530718,0.));
#159 = VECTOR('',#160,1.);
#160 = DIRECTION('',(0.,-1.));
#161 = ( GEOMETRIC_REPRESENTATION_CONTEXT(2) 
PARAMETRIC_REPRESENTATION_CONTEXT() REPRESENTATION_CONTEXT('2D SPACE',''
  ) );
#162 = PCURVE('',#163,#168);
#163 = PLANE('',#164);
#164 = AXIS2_PLACEMENT_3D('',#165,#166,#167);
#165 = CARTESIAN_POINT('',(-27.6,-32.45,3.5));
#166 = DIRECTION('',(0.707106781187,6.292125374563E-16,-0.707106781187)
  );
#167 = DIRECTION('',(7.779873594305E-16,-1.,-1.118535446554E-16));
#168 = DEFINITIONAL_REPRESENTATION('',(#169),#173);
#169 = LINE('',#170,#171);
#170 = CARTESIAN_POINT('',(-24.,-0.141421356237));
#171 = VECTOR('',#172,1.);
#172 = DIRECTION('',(-3.777233642041E-16,1.));
#173 = ( GEOMETRIC_REPRESENTATION_CONTEXT(2) 
PARAMETRIC_REPRESENTATION_CONTEXT() REPRESENTATION_CONTEXT('2D SPACE',''
  ) );
#174 = ORIENTED_EDGE('',*,*,#89,.T.);
#175 = ORIENTED_EDGE('',*,*,#176,.T.);
#176 = EDGE_CURVE('',#62,#177,#179,.T.);
#177 = VERTEX_POINT('',#178);
#178 = CARTESIAN_POINT('',(-27.7,-7.15,2.1));
#179 = SURFACE_CURVE('',#180,(#184,#191),.PCURVE_S1.);
#180 = LINE('',#181,#182);
#181 = CARTESIAN_POINT('',(-27.5,-6.95,2.1));
#182 = VECTOR('',#183,1.);
#183 = DIRECTION('',(-0.707106781187,-0.707106781187,2.070158164576E-16)
  );
#184 = PCURVE('',#106,#185);
#185 = DEFINITIONAL_REPRESENTATION('',(#186),#190);
#186 = LINE('',#187,#188);
#187 = CARTESIAN_POINT('',(4.712388980385,0.));
#188 = VECTOR('',#189,1.);
#189 = DIRECTION('',(0.,-1.));
#190 = ( GEOMETRIC_REPRESENTATION_CONTEXT(2) 
PARAMETRIC_REPRESENTATION_CONTEXT() REPRESENTATION_CONTEXT('2D SPACE',''
  ) );
#191 = PCURVE('',#192,#197);
#192 = PLANE('',#193);
#193 = AXIS2_PLACEMENT_3D('',#194,#195,#196);
#194 = CARTESIAN_POINT('',(-27.6,-7.05,2.1));
#195 = DIRECTION('',(0.707106781187,-0.707106781187,6.281233527795E-16)
  );
#196 = DIRECTION('',(-1.110833747845E-16,7.772171895596E-16,1.));
#197 = DEFINITIONAL_REPRESENTATION('',(#198),#202);
#198 = LINE('',#199,#200);
#199 = CARTESIAN_POINT('',(6.661338147751E-17,-0.141421356237));
#200 = VECTOR('',#201,1.);
#201 = DIRECTION('',(-2.640119211476E-16,1.));
#202 = ( GEOMETRIC_REPRESENTATION_CONTEXT(2) 
PARAMETRIC_REPRESENTATION_CONTEXT() REPRESENTATION_CONTEXT('2D SPACE',''
  ) );
#203 = ORIENTED_EDGE('',*,*,#204,.F.);
#204 = EDGE_CURVE('',#148,#177,#205,.T.);
#205 = SURFACE_CURVE('',#206,(#211,#218),.PCURVE_S1.);
#206 = CIRCLE('',#207,1.3);
#207 = AXIS2_PLACEMENT_3D('',#208,#209,#210);
#208 = CARTESIAN_POINT('',(-27.7,-8.45,2.1));
#209 = DIRECTION('',(-1.,2.22044604925E-16,8.881784197001E-16));
#210 = DIRECTION('',(8.881784197001E-16,-3.121368995575E-16,1.));
#211 = PCURVE('',#106,#212);
#212 = DEFINITIONAL_REPRESENTATION('',(#213),#217);
#213 = LINE('',#214,#215);
#214 = CARTESIAN_POINT('',(6.28318530718,-0.2));
#215 = VECTOR('',#216,1.);
#216 = DIRECTION('',(-1.,1.249439879555E-16));
#217 = ( GEOMETRIC_REPRESENTATION_CONTEXT(2) 
PARAMETRIC_REPRESENTATION_CONTEXT() REPRESENTATION_CONTEXT('2D SPACE',''
  ) );
#218 = PCURVE('',#219,#224);
#219 = PLANE('',#220);
#220 = AXIS2_PLACEMENT_3D('',#221,#222,#223);
#221 = CARTESIAN_POINT('',(-27.7,-20.45,1.05));
#222 = DIRECTION('',(1.,1.33226762955E-15,6.661338147751E-16));
#223 = DIRECTION('',(-6.661338147751E-16,-6.661338147751E-16,1.));
#224 = DEFINITIONAL_REPRESENTATION('',(#225),#233);
#225 = ( BOUNDED_CURVE() B_SPLINE_CURVE(2,(#226,#227,#228,#229,#230,#231
,#232),.UNSPECIFIED.,.T.,.F.) B_SPLINE_CURVE_WITH_KNOTS((1,2,2,2,2,1),(
    -2.094395102393,0.,2.094395102393,4.188790204786,6.28318530718,
8.377580409573),.UNSPECIFIED.) CURVE() GEOMETRIC_REPRESENTATION_ITEM() 
RATIONAL_B_SPLINE_CURVE((1.,0.5,1.,0.5,1.,0.5,1.)) REPRESENTATION_ITEM(
  '') );
#226 = CARTESIAN_POINT('',(2.35,-12.));
#227 = CARTESIAN_POINT('',(2.35,-14.25166604984));
#228 = CARTESIAN_POINT('',(0.4,-13.12583302492));
#229 = CARTESIAN_POINT('',(-1.55,-12.));
#230 = CARTESIAN_POINT('',(0.4,-10.87416697508));
#231 = CARTESIAN_POINT('',(2.35,-9.74833395016));
#232 = CARTESIAN_POINT('',(2.35,-12.));
#233 = ( GEOMETRIC_REPRESENTATION_CONTEXT(2) 
PARAMETRIC_REPRESENTATION_CONTEXT() REPRESENTATION_CONTEXT('2D SPACE',''
  ) );
#234 = ADVANCED_FACE('',(#235),#45,.T.);
#235 = FACE_BOUND('',#236,.T.);
#236 = EDGE_LOOP('',(#237,#238,#261,#290,#318,#347,#375,#404,#432,#461,
    #484,#513,#541,#570,#598,#627,#655,#684,#707,#740,#768,#797,#825,
    #854,#882,#911,#944,#972,#1001,#1029,#1058,#1086,#1115,#1143,#1172,
    #1195,#1228,#1257,#1285,#1314,#1342,#1371));
#237 = ORIENTED_EDGE('',*,*,#21,.F.);
#238 = ORIENTED_EDGE('',*,*,#239,.T.);
#239 = EDGE_CURVE('',#22,#240,#242,.T.);
#240 = VERTEX_POINT('',#241);
#241 = CARTESIAN_POINT('',(-26.2,-11.2,3.6));
#242 = SURFACE_CURVE('',#243,(#247,#254),.PCURVE_S1.);
#243 = LINE('',#244,#245);
#244 = CARTESIAN_POINT('',(-26.2,-8.45,3.6));
#245 = VECTOR('',#246,1.);
#246 = DIRECTION('',(-6.661338147751E-16,-1.,1.33226762955E-15));
#247 = PCURVE('',#45,#248);
#248 = DEFINITIONAL_REPRESENTATION('',(#249),#253);
#249 = LINE('',#250,#251);
#250 = CARTESIAN_POINT('',(2.55,-12.));
#251 = VECTOR('',#252,1.);
#252 = DIRECTION('',(1.998401444325E-15,1.));
#253 = ( GEOMETRIC_REPRESENTATION_CONTEXT(2) 
PARAMETRIC_REPRESENTATION_CONTEXT() REPRESENTATION_CONTEXT('2D SPACE',''
  ) );
#254 = PCURVE('',#132,#255);
#255 = DEFINITIONAL_REPRESENTATION('',(#256),#260);
#256 = LINE('',#257,#258);
#257 = CARTESIAN_POINT('',(0.23392857143,-12.));
#258 = VECTOR('',#259,1.);
#259 = DIRECTION('',(6.661338147751E-16,1.));
#260 = ( GEOMETRIC_REPRESENTATION_CONTEXT(2) 
PARAMETRIC_REPRESENTATION_CONTEXT() REPRESENTATION_CONTEXT('2D SPACE',''
  ) );
#261 = ORIENTED_EDGE('',*,*,#262,.F.);
#262 = EDGE_CURVE('',#263,#240,#265,.T.);
#263 = VERTEX_POINT('',#264);
#264 = CARTESIAN_POINT('',(-26.2,-10.45,2.85));
#265 = SURFACE_CURVE('',#266,(#271,#278),.PCURVE_S1.);
#266 = CIRCLE('',#267,0.75);
#267 = AXIS2_PLACEMENT_3D('',#268,#269,#270);
#268 = CARTESIAN_POINT('',(-26.2,-11.2,2.85));
#269 = DIRECTION('',(1.,-4.440892098501E-16,-8.881784197001E-16));
#270 = DIRECTION('',(4.440892098501E-16,1.,-8.881784197001E-16));
#271 = PCURVE('',#45,#272);
#272 = DEFINITIONAL_REPRESENTATION('',(#273),#277);
#273 = CIRCLE('',#274,0.75);
#274 = AXIS2_PLACEMENT_2D('',#275,#276);
#275 = CARTESIAN_POINT('',(1.8,-9.25));
#276 = DIRECTION('',(-1.554312234475E-15,-1.));
#277 = ( GEOMETRIC_REPRESENTATION_CONTEXT(2) 
PARAMETRIC_REPRESENTATION_CONTEXT() REPRESENTATION_CONTEXT('2D SPACE',''
  ) );
#278 = PCURVE('',#279,#284);
#279 = CYLINDRICAL_SURFACE('',#280,0.75);
#280 = AXIS2_PLACEMENT_3D('',#281,#282,#283);
#281 = CARTESIAN_POINT('',(-26.2,-11.2,2.85));
#282 = DIRECTION('',(-1.,-4.440892098501E-16,4.930380657631E-32));
#283 = DIRECTION('',(-4.440892098501E-16,1.,-6.661338147751E-16));
#284 = DEFINITIONAL_REPRESENTATION('',(#285),#289);
#285 = LINE('',#286,#287);
#286 = CARTESIAN_POINT('',(6.28318530718,0.));
#287 = VECTOR('',#288,1.);
#288 = DIRECTION('',(-1.,0.));
#289 = ( GEOMETRIC_REPRESENTATION_CONTEXT(2) 
PARAMETRIC_REPRESENTATION_CONTEXT() REPRESENTATION_CONTEXT('2D SPACE',''
  ) );
#290 = ORIENTED_EDGE('',*,*,#291,.T.);
#291 = EDGE_CURVE('',#263,#292,#294,.T.);
#292 = VERTEX_POINT('',#293);
#293 = CARTESIAN_POINT('',(-26.2,-10.45,2.65));
#294 = SURFACE_CURVE('',#295,(#299,#306),.PCURVE_S1.);
#295 = LINE('',#296,#297);
#296 = CARTESIAN_POINT('',(-26.2,-10.45,2.85));
#297 = VECTOR('',#298,1.);
#298 = DIRECTION('',(-8.881784197001E-16,4.440892098501E-16,-1.));
#299 = PCURVE('',#45,#300);
#300 = DEFINITIONAL_REPRESENTATION('',(#301),#305);
#301 = LINE('',#302,#303);
#302 = CARTESIAN_POINT('',(1.8,-10.));
#303 = VECTOR('',#304,1.);
#304 = DIRECTION('',(-1.,2.22044604925E-16));
#305 = ( GEOMETRIC_REPRESENTATION_CONTEXT(2) 
PARAMETRIC_REPRESENTATION_CONTEXT() REPRESENTATION_CONTEXT('2D SPACE',''
  ) );
#306 = PCURVE('',#307,#312);
#307 = PLANE('',#308);
#308 = AXIS2_PLACEMENT_3D('',#309,#310,#311);
#309 = CARTESIAN_POINT('',(-26.2,-10.45,2.85));
#310 = DIRECTION('',(-4.930380657631E-32,1.,-4.440892098501E-16));
#311 = DIRECTION('',(-6.661338147751E-16,-4.440892098501E-16,-1.));
#312 = DEFINITIONAL_REPRESENTATION('',(#313),#317);
#313 = LINE('',#314,#315);
#314 = CARTESIAN_POINT('',(-0.,0.));
#315 = VECTOR('',#316,1.);
#316 = DIRECTION('',(1.,2.22044604925E-16));
#317 = ( GEOMETRIC_REPRESENTATION_CONTEXT(2) 
PARAMETRIC_REPRESENTATION_CONTEXT() REPRESENTATION_CONTEXT('2D SPACE',''
  ) );
#318 = ORIENTED_EDGE('',*,*,#319,.F.);
#319 = EDGE_CURVE('',#320,#292,#322,.T.);
#320 = VERTEX_POINT('',#321);
#321 = CARTESIAN_POINT('',(-26.2,-11.2,1.9));
#322 = SURFACE_CURVE('',#323,(#328,#335),.PCURVE_S1.);
#323 = CIRCLE('',#324,0.75);
#324 = AXIS2_PLACEMENT_3D('',#325,#326,#327);
#325 = CARTESIAN_POINT('',(-26.2,-11.2,2.65));
#326 = DIRECTION('',(1.,-4.440892098501E-16,-8.881784197001E-16));
#327 = DIRECTION('',(4.440892098501E-16,1.,-8.881784197001E-16));
#328 = PCURVE('',#45,#329);
#329 = DEFINITIONAL_REPRESENTATION('',(#330),#334);
#330 = CIRCLE('',#331,0.75);
#331 = AXIS2_PLACEMENT_2D('',#332,#333);
#332 = CARTESIAN_POINT('',(1.6,-9.25));
#333 = DIRECTION('',(-1.554312234475E-15,-1.));
#334 = ( GEOMETRIC_REPRESENTATION_CONTEXT(2) 
PARAMETRIC_REPRESENTATION_CONTEXT() REPRESENTATION_CONTEXT('2D SPACE',''
  ) );
#335 = PCURVE('',#336,#341);
#336 = CYLINDRICAL_SURFACE('',#337,0.75);
#337 = AXIS2_PLACEMENT_3D('',#338,#339,#340);
#338 = CARTESIAN_POINT('',(-26.2,-11.2,2.65));
#339 = DIRECTION('',(-1.,-4.440892098501E-16,4.930380657631E-32));
#340 = DIRECTION('',(-4.440892098501E-16,1.,-6.661338147751E-16));
#341 = DEFINITIONAL_REPRESENTATION('',(#342),#346);
#342 = LINE('',#343,#344);
#343 = CARTESIAN_POINT('',(6.28318530718,0.));
#344 = VECTOR('',#345,1.);
#345 = DIRECTION('',(-1.,0.));
#346 = ( GEOMETRIC_REPRESENTATION_CONTEXT(2) 
PARAMETRIC_REPRESENTATION_CONTEXT() REPRESENTATION_CONTEXT('2D SPACE',''
  ) );
#347 = ORIENTED_EDGE('',*,*,#348,.T.);
#348 = EDGE_CURVE('',#320,#349,#351,.T.);
#349 = VERTEX_POINT('',#350);
#350 = CARTESIAN_POINT('',(-26.2,-14.7,1.9));
#351 = SURFACE_CURVE('',#352,(#356,#363),.PCURVE_S1.);
#352 = LINE('',#353,#354);
#353 = CARTESIAN_POINT('',(-26.2,-11.2,1.9));
#354 = VECTOR('',#355,1.);
#355 = DIRECTION('',(-4.440892098501E-16,-1.,8.881784197001E-16));
#356 = PCURVE('',#45,#357);
#357 = DEFINITIONAL_REPRESENTATION('',(#358),#362);
#358 = LINE('',#359,#360);
#359 = CARTESIAN_POINT('',(0.85,-9.25));
#360 = VECTOR('',#361,1.);
#361 = DIRECTION('',(1.554312234475E-15,1.));
#362 = ( GEOMETRIC_REPRESENTATION_CONTEXT(2) 
PARAMETRIC_REPRESENTATION_CONTEXT() REPRESENTATION_CONTEXT('2D SPACE',''
  ) );
#363 = PCURVE('',#364,#369);
#364 = PLANE('',#365);
#365 = AXIS2_PLACEMENT_3D('',#366,#367,#368);
#366 = CARTESIAN_POINT('',(-26.2,-11.2,1.9));
#367 = DIRECTION('',(-4.440892098501E-16,-4.930380657631E-32,-1.));
#368 = DIRECTION('',(-2.22044604925E-16,-1.,1.479114197289E-31));
#369 = DEFINITIONAL_REPRESENTATION('',(#370),#374);
#370 = LINE('',#371,#372);
#371 = CARTESIAN_POINT('',(0.,0.));
#372 = VECTOR('',#373,1.);
#373 = DIRECTION('',(1.,2.220446049251E-16));
#374 = ( GEOMETRIC_REPRESENTATION_CONTEXT(2) 
PARAMETRIC_REPRESENTATION_CONTEXT() REPRESENTATION_CONTEXT('2D SPACE',''
  ) );
#375 = ORIENTED_EDGE('',*,*,#376,.F.);
#376 = EDGE_CURVE('',#377,#349,#379,.T.);
#377 = VERTEX_POINT('',#378);
#378 = CARTESIAN_POINT('',(-26.2,-15.45,2.65));
#379 = SURFACE_CURVE('',#380,(#385,#392),.PCURVE_S1.);
#380 = CIRCLE('',#381,0.75);
#381 = AXIS2_PLACEMENT_3D('',#382,#383,#384);
#382 = CARTESIAN_POINT('',(-26.2,-14.7,2.65));
#383 = DIRECTION('',(1.,-4.440892098501E-16,-8.881784197001E-16));
#384 = DIRECTION('',(4.440892098501E-16,1.,-8.881784197001E-16));
#385 = PCURVE('',#45,#386);
#386 = DEFINITIONAL_REPRESENTATION('',(#387),#391);
#387 = CIRCLE('',#388,0.75);
#388 = AXIS2_PLACEMENT_2D('',#389,#390);
#389 = CARTESIAN_POINT('',(1.6,-5.75));
#390 = DIRECTION('',(-1.554312234475E-15,-1.));
#391 = ( GEOMETRIC_REPRESENTATION_CONTEXT(2) 
PARAMETRIC_REPRESENTATION_CONTEXT() REPRESENTATION_CONTEXT('2D SPACE',''
  ) );
#392 = PCURVE('',#393,#398);
#393 = CYLINDRICAL_SURFACE('',#394,0.75);
#394 = AXIS2_PLACEMENT_3D('',#395,#396,#397);
#395 = CARTESIAN_POINT('',(-26.2,-14.7,2.65));
#396 = DIRECTION('',(-1.,-4.440892098501E-16,4.930380657631E-32));
#397 = DIRECTION('',(-4.440892098501E-16,1.,-6.661338147751E-16));
#398 = DEFINITIONAL_REPRESENTATION('',(#399),#403);
#399 = LINE('',#400,#401);
#400 = CARTESIAN_POINT('',(6.28318530718,0.));
#401 = VECTOR('',#402,1.);
#402 = DIRECTION('',(-1.,0.));
#403 = ( GEOMETRIC_REPRESENTATION_CONTEXT(2) 
PARAMETRIC_REPRESENTATION_CONTEXT() REPRESENTATION_CONTEXT('2D SPACE',''
  ) );
#404 = ORIENTED_EDGE('',*,*,#405,.T.);
#405 = EDGE_CURVE('',#377,#406,#408,.T.);
#406 = VERTEX_POINT('',#407);
#407 = CARTESIAN_POINT('',(-26.2,-15.45,2.85));
#408 = SURFACE_CURVE('',#409,(#413,#420),.PCURVE_S1.);
#409 = LINE('',#410,#411);
#410 = CARTESIAN_POINT('',(-26.2,-15.45,2.65));
#411 = VECTOR('',#412,1.);
#412 = DIRECTION('',(8.881784197001E-16,-4.440892098501E-16,1.));
#413 = PCURVE('',#45,#414);
#414 = DEFINITIONAL_REPRESENTATION('',(#415),#419);
#415 = LINE('',#416,#417);
#416 = CARTESIAN_POINT('',(1.6,-5.));
#417 = VECTOR('',#418,1.);
#418 = DIRECTION('',(1.,-2.22044604925E-16));
#419 = ( GEOMETRIC_REPRESENTATION_CONTEXT(2) 
PARAMETRIC_REPRESENTATION_CONTEXT() REPRESENTATION_CONTEXT('2D SPACE',''
  ) );
#420 = PCURVE('',#421,#426);
#421 = PLANE('',#422);
#422 = AXIS2_PLACEMENT_3D('',#423,#424,#425);
#423 = CARTESIAN_POINT('',(-26.2,-15.45,2.65));
#424 = DIRECTION('',(4.930380657631E-32,-1.,4.440892098501E-16));
#425 = DIRECTION('',(6.661338147751E-16,4.440892098501E-16,1.));
#426 = DEFINITIONAL_REPRESENTATION('',(#427),#431);
#427 = LINE('',#428,#429);
#428 = CARTESIAN_POINT('',(0.,0.));
#429 = VECTOR('',#430,1.);
#430 = DIRECTION('',(1.,-2.22044604925E-16));
#431 = ( GEOMETRIC_REPRESENTATION_CONTEXT(2) 
PARAMETRIC_REPRESENTATION_CONTEXT() REPRESENTATION_CONTEXT('2D SPACE',''
  ) );
#432 = ORIENTED_EDGE('',*,*,#433,.F.);
#433 = EDGE_CURVE('',#434,#406,#436,.T.);
#434 = VERTEX_POINT('',#435);
#435 = CARTESIAN_POINT('',(-26.2,-14.7,3.6));
#436 = SURFACE_CURVE('',#437,(#442,#449),.PCURVE_S1.);
#437 = CIRCLE('',#438,0.75);
#438 = AXIS2_PLACEMENT_3D('',#439,#440,#441);
#439 = CARTESIAN_POINT('',(-26.2,-14.7,2.85));
#440 = DIRECTION('',(1.,-4.440892098501E-16,-8.881784197001E-16));
#441 = DIRECTION('',(4.440892098501E-16,1.,-8.881784197001E-16));
#442 = PCURVE('',#45,#443);
#443 = DEFINITIONAL_REPRESENTATION('',(#444),#448);
#444 = CIRCLE('',#445,0.75);
#445 = AXIS2_PLACEMENT_2D('',#446,#447);
#446 = CARTESIAN_POINT('',(1.8,-5.75));
#447 = DIRECTION('',(-1.554312234475E-15,-1.));
#448 = ( GEOMETRIC_REPRESENTATION_CONTEXT(2) 
PARAMETRIC_REPRESENTATION_CONTEXT() REPRESENTATION_CONTEXT('2D SPACE',''
  ) );
#449 = PCURVE('',#450,#455);
#450 = CYLINDRICAL_SURFACE('',#451,0.75);
#451 = AXIS2_PLACEMENT_3D('',#452,#453,#454);
#452 = CARTESIAN_POINT('',(-26.2,-14.7,2.85));
#453 = DIRECTION('',(-1.,-4.440892098501E-16,4.930380657631E-32));
#454 = DIRECTION('',(-4.440892098501E-16,1.,-6.661338147751E-16));
#455 = DEFINITIONAL_REPRESENTATION('',(#456),#460);
#456 = LINE('',#457,#458);
#457 = CARTESIAN_POINT('',(6.28318530718,0.));
#458 = VECTOR('',#459,1.);
#459 = DIRECTION('',(-1.,0.));
#460 = ( GEOMETRIC_REPRESENTATION_CONTEXT(2) 
PARAMETRIC_REPRESENTATION_CONTEXT() REPRESENTATION_CONTEXT('2D SPACE',''
  ) );
#461 = ORIENTED_EDGE('',*,*,#462,.T.);
#462 = EDGE_CURVE('',#434,#463,#465,.T.);
#463 = VERTEX_POINT('',#464);
#464 = CARTESIAN_POINT('',(-26.2,-26.2,3.6));
#465 = SURFACE_CURVE('',#466,(#470,#477),.PCURVE_S1.);
#466 = LINE('',#467,#468);
#467 = CARTESIAN_POINT('',(-26.2,-8.45,3.6));
#468 = VECTOR('',#469,1.);
#469 = DIRECTION('',(-6.661338147751E-16,-1.,1.33226762955E-15));
#470 = PCURVE('',#45,#471);
#471 = DEFINITIONAL_REPRESENTATION('',(#472),#476);
#472 = LINE('',#473,#474);
#473 = CARTESIAN_POINT('',(2.55,-12.));
#474 = VECTOR('',#475,1.);
#475 = DIRECTION('',(1.998401444325E-15,1.));
#476 = ( GEOMETRIC_REPRESENTATION_CONTEXT(2) 
PARAMETRIC_REPRESENTATION_CONTEXT() REPRESENTATION_CONTEXT('2D SPACE',''
  ) );
#477 = PCURVE('',#132,#478);
#478 = DEFINITIONAL_REPRESENTATION('',(#479),#483);
#479 = LINE('',#480,#481);
#480 = CARTESIAN_POINT('',(0.23392857143,-12.));
#481 = VECTOR('',#482,1.);
#482 = DIRECTION('',(6.661338147751E-16,1.));
#483 = ( GEOMETRIC_REPRESENTATION_CONTEXT(2) 
PARAMETRIC_REPRESENTATION_CONTEXT() REPRESENTATION_CONTEXT('2D SPACE',''
  ) );
#484 = ORIENTED_EDGE('',*,*,#485,.F.);
#485 = EDGE_CURVE('',#486,#463,#488,.T.);
#486 = VERTEX_POINT('',#487);
#487 = CARTESIAN_POINT('',(-26.2,-25.45,2.85));
#488 = SURFACE_CURVE('',#489,(#494,#501),.PCURVE_S1.);
#489 = CIRCLE('',#490,0.75);
#490 = AXIS2_PLACEMENT_3D('',#491,#492,#493);
#491 = CARTESIAN_POINT('',(-26.2,-26.2,2.85));
#492 = DIRECTION('',(1.,-4.440892098501E-16,-8.881784197001E-16));
#493 = DIRECTION('',(4.440892098501E-16,1.,-8.881784197001E-16));
#494 = PCURVE('',#45,#495);
#495 = DEFINITIONAL_REPRESENTATION('',(#496),#500);
#496 = CIRCLE('',#497,0.75);
#497 = AXIS2_PLACEMENT_2D('',#498,#499);
#498 = CARTESIAN_POINT('',(1.8,5.75));
#499 = DIRECTION('',(-1.554312234475E-15,-1.));
#500 = ( GEOMETRIC_REPRESENTATION_CONTEXT(2) 
PARAMETRIC_REPRESENTATION_CONTEXT() REPRESENTATION_CONTEXT('2D SPACE',''
  ) );
#501 = PCURVE('',#502,#507);
#502 = CYLINDRICAL_SURFACE('',#503,0.75);
#503 = AXIS2_PLACEMENT_3D('',#504,#505,#506);
#504 = CARTESIAN_POINT('',(-26.2,-26.2,2.85));
#505 = DIRECTION('',(-1.,-4.440892098501E-16,4.930380657631E-32));
#506 = DIRECTION('',(-4.440892098501E-16,1.,-6.661338147751E-16));
#507 = DEFINITIONAL_REPRESENTATION('',(#508),#512);
#508 = LINE('',#509,#510);
#509 = CARTESIAN_POINT('',(6.28318530718,0.));
#510 = VECTOR('',#511,1.);
#511 = DIRECTION('',(-1.,0.));
#512 = ( GEOMETRIC_REPRESENTATION_CONTEXT(2) 
PARAMETRIC_REPRESENTATION_CONTEXT() REPRESENTATION_CONTEXT('2D SPACE',''
  ) );
#513 = ORIENTED_EDGE('',*,*,#514,.T.);
#514 = EDGE_CURVE('',#486,#515,#517,.T.);
#515 = VERTEX_POINT('',#516);
#516 = CARTESIAN_POINT('',(-26.2,-25.45,2.65));
#517 = SURFACE_CURVE('',#518,(#522,#529),.PCURVE_S1.);
#518 = LINE('',#519,#520);
#519 = CARTESIAN_POINT('',(-26.2,-25.45,2.85));
#520 = VECTOR('',#521,1.);
#521 = DIRECTION('',(-8.881784197001E-16,4.440892098501E-16,-1.));
#522 = PCURVE('',#45,#523);
#523 = DEFINITIONAL_REPRESENTATION('',(#524),#528);
#524 = LINE('',#525,#526);
#525 = CARTESIAN_POINT('',(1.8,5.));
#526 = VECTOR('',#527,1.);
#527 = DIRECTION('',(-1.,2.22044604925E-16));
#528 = ( GEOMETRIC_REPRESENTATION_CONTEXT(2) 
PARAMETRIC_REPRESENTATION_CONTEXT() REPRESENTATION_CONTEXT('2D SPACE',''
  ) );
#529 = PCURVE('',#530,#535);
#530 = PLANE('',#531);
#531 = AXIS2_PLACEMENT_3D('',#532,#533,#534);
#532 = CARTESIAN_POINT('',(-26.2,-25.45,2.85));
#533 = DIRECTION('',(-4.930380657631E-32,1.,-4.440892098501E-16));
#534 = DIRECTION('',(-6.661338147751E-16,-4.440892098501E-16,-1.));
#535 = DEFINITIONAL_REPRESENTATION('',(#536),#540);
#536 = LINE('',#537,#538);
#537 = CARTESIAN_POINT('',(-0.,0.));
#538 = VECTOR('',#539,1.);
#539 = DIRECTION('',(1.,2.22044604925E-16));
#540 = ( GEOMETRIC_REPRESENTATION_CONTEXT(2) 
PARAMETRIC_REPRESENTATION_CONTEXT() REPRESENTATION_CONTEXT('2D SPACE',''
  ) );
#541 = ORIENTED_EDGE('',*,*,#542,.F.);
#542 = EDGE_CURVE('',#543,#515,#545,.T.);
#543 = VERTEX_POINT('',#544);
#544 = CARTESIAN_POINT('',(-26.2,-26.2,1.9));
#545 = SURFACE_CURVE('',#546,(#551,#558),.PCURVE_S1.);
#546 = CIRCLE('',#547,0.75);
#547 = AXIS2_PLACEMENT_3D('',#548,#549,#550);
#548 = CARTESIAN_POINT('',(-26.2,-26.2,2.65));
#549 = DIRECTION('',(1.,-4.440892098501E-16,-8.881784197001E-16));
#550 = DIRECTION('',(4.440892098501E-16,1.,-8.881784197001E-16));
#551 = PCURVE('',#45,#552);
#552 = DEFINITIONAL_REPRESENTATION('',(#553),#557);
#553 = CIRCLE('',#554,0.75);
#554 = AXIS2_PLACEMENT_2D('',#555,#556);
#555 = CARTESIAN_POINT('',(1.6,5.75));
#556 = DIRECTION('',(-1.554312234475E-15,-1.));
#557 = ( GEOMETRIC_REPRESENTATION_CONTEXT(2) 
PARAMETRIC_REPRESENTATION_CONTEXT() REPRESENTATION_CONTEXT('2D SPACE',''
  ) );
#558 = PCURVE('',#559,#564);
#559 = CYLINDRICAL_SURFACE('',#560,0.75);
#560 = AXIS2_PLACEMENT_3D('',#561,#562,#563);
#561 = CARTESIAN_POINT('',(-26.2,-26.2,2.65));
#562 = DIRECTION('',(-1.,-4.440892098501E-16,4.930380657631E-32));
#563 = DIRECTION('',(-4.440892098501E-16,1.,-6.661338147751E-16));
#564 = DEFINITIONAL_REPRESENTATION('',(#565),#569);
#565 = LINE('',#566,#567);
#566 = CARTESIAN_POINT('',(6.28318530718,0.));
#567 = VECTOR('',#568,1.);
#568 = DIRECTION('',(-1.,0.));
#569 = ( GEOMETRIC_REPRESENTATION_CONTEXT(2) 
PARAMETRIC_REPRESENTATION_CONTEXT() REPRESENTATION_CONTEXT('2D SPACE',''
  ) );
#570 = ORIENTED_EDGE('',*,*,#571,.T.);
#571 = EDGE_CURVE('',#543,#572,#574,.T.);
#572 = VERTEX_POINT('',#573);
#573 = CARTESIAN_POINT('',(-26.2,-29.7,1.9));
#574 = SURFACE_CURVE('',#575,(#579,#586),.PCURVE_S1.);
#575 = LINE('',#576,#577);
#576 = CARTESIAN_POINT('',(-26.2,-26.2,1.9));
#577 = VECTOR('',#578,1.);
#578 = DIRECTION('',(-4.440892098501E-16,-1.,8.881784197001E-16));
#579 = PCURVE('',#45,#580);
#580 = DEFINITIONAL_REPRESENTATION('',(#581),#585);
#581 = LINE('',#582,#583);
#582 = CARTESIAN_POINT('',(0.85,5.75));
#583 = VECTOR('',#584,1.);
#584 = DIRECTION('',(1.554312234475E-15,1.));
#585 = ( GEOMETRIC_REPRESENTATION_CONTEXT(2) 
PARAMETRIC_REPRESENTATION_CONTEXT() REPRESENTATION_CONTEXT('2D SPACE',''
  ) );
#586 = PCURVE('',#587,#592);
#587 = PLANE('',#588);
#588 = AXIS2_PLACEMENT_3D('',#589,#590,#591);
#589 = CARTESIAN_POINT('',(-26.2,-26.2,1.9));
#590 = DIRECTION('',(-4.440892098501E-16,-4.930380657631E-32,-1.));
#591 = DIRECTION('',(-2.22044604925E-16,-1.,1.479114197289E-31));
#592 = DEFINITIONAL_REPRESENTATION('',(#593),#597);
#593 = LINE('',#594,#595);
#594 = CARTESIAN_POINT('',(0.,0.));
#595 = VECTOR('',#596,1.);
#596 = DIRECTION('',(1.,2.220446049251E-16));
#597 = ( GEOMETRIC_REPRESENTATION_CONTEXT(2) 
PARAMETRIC_REPRESENTATION_CONTEXT() REPRESENTATION_CONTEXT('2D SPACE',''
  ) );
#598 = ORIENTED_EDGE('',*,*,#599,.F.);
#599 = EDGE_CURVE('',#600,#572,#602,.T.);
#600 = VERTEX_POINT('',#601);
#601 = CARTESIAN_POINT('',(-26.2,-30.45,2.65));
#602 = SURFACE_CURVE('',#603,(#608,#615),.PCURVE_S1.);
#603 = CIRCLE('',#604,0.75);
#604 = AXIS2_PLACEMENT_3D('',#605,#606,#607);
#605 = CARTESIAN_POINT('',(-26.2,-29.7,2.65));
#606 = DIRECTION('',(1.,-4.440892098501E-16,-8.881784197001E-16));
#607 = DIRECTION('',(4.440892098501E-16,1.,-8.881784197001E-16));
#608 = PCURVE('',#45,#609);
#609 = DEFINITIONAL_REPRESENTATION('',(#610),#614);
#610 = CIRCLE('',#611,0.75);
#611 = AXIS2_PLACEMENT_2D('',#612,#613);
#612 = CARTESIAN_POINT('',(1.6,9.25));
#613 = DIRECTION('',(-1.554312234475E-15,-1.));
#614 = ( GEOMETRIC_REPRESENTATION_CONTEXT(2) 
PARAMETRIC_REPRESENTATION_CONTEXT() REPRESENTATION_CONTEXT('2D SPACE',''
  ) );
#615 = PCURVE('',#616,#621);
#616 = CYLINDRICAL_SURFACE('',#617,0.75);
#617 = AXIS2_PLACEMENT_3D('',#618,#619,#620);
#618 = CARTESIAN_POINT('',(-26.2,-29.7,2.65));
#619 = DIRECTION('',(-1.,-4.440892098501E-16,4.930380657631E-32));
#620 = DIRECTION('',(-4.440892098501E-16,1.,-6.661338147751E-16));
#621 = DEFINITIONAL_REPRESENTATION('',(#622),#626);
#622 = LINE('',#623,#624);
#623 = CARTESIAN_POINT('',(6.28318530718,0.));
#624 = VECTOR('',#625,1.);
#625 = DIRECTION('',(-1.,0.));
#626 = ( GEOMETRIC_REPRESENTATION_CONTEXT(2) 
PARAMETRIC_REPRESENTATION_CONTEXT() REPRESENTATION_CONTEXT('2D SPACE',''
  ) );
#627 = ORIENTED_EDGE('',*,*,#628,.T.);
#628 = EDGE_CURVE('',#600,#629,#631,.T.);
#629 = VERTEX_POINT('',#630);
#630 = CARTESIAN_POINT('',(-26.2,-30.45,2.85));
#631 = SURFACE_CURVE('',#632,(#636,#643),.PCURVE_S1.);
#632 = LINE('',#633,#634);
#633 = CARTESIAN_POINT('',(-26.2,-30.45,2.65));
#634 = VECTOR('',#635,1.);
#635 = DIRECTION('',(8.881784197001E-16,-4.440892098501E-16,1.));
#636 = PCURVE('',#45,#637);
#637 = DEFINITIONAL_REPRESENTATION('',(#638),#642);
#638 = LINE('',#639,#640);
#639 = CARTESIAN_POINT('',(1.6,10.));
#640 = VECTOR('',#641,1.);
#641 = DIRECTION('',(1.,-2.22044604925E-16));
#642 = ( GEOMETRIC_REPRESENTATION_CONTEXT(2) 
PARAMETRIC_REPRESENTATION_CONTEXT() REPRESENTATION_CONTEXT('2D SPACE',''
  ) );
#643 = PCURVE('',#644,#649);
#644 = PLANE('',#645);
#645 = AXIS2_PLACEMENT_3D('',#646,#647,#648);
#646 = CARTESIAN_POINT('',(-26.2,-30.45,2.65));
#647 = DIRECTION('',(4.930380657631E-32,-1.,4.440892098501E-16));
#648 = DIRECTION('',(6.661338147751E-16,4.440892098501E-16,1.));
#649 = DEFINITIONAL_REPRESENTATION('',(#650),#654);
#650 = LINE('',#651,#652);
#651 = CARTESIAN_POINT('',(0.,0.));
#652 = VECTOR('',#653,1.);
#653 = DIRECTION('',(1.,-2.22044604925E-16));
#654 = ( GEOMETRIC_REPRESENTATION_CONTEXT(2) 
PARAMETRIC_REPRESENTATION_CONTEXT() REPRESENTATION_CONTEXT('2D SPACE',''
  ) );
#655 = ORIENTED_EDGE('',*,*,#656,.F.);
#656 = EDGE_CURVE('',#657,#629,#659,.T.);
#657 = VERTEX_POINT('',#658);
#658 = CARTESIAN_POINT('',(-26.2,-29.7,3.6));
#659 = SURFACE_CURVE('',#660,(#665,#672),.PCURVE_S1.);
#660 = CIRCLE('',#661,0.75);
#661 = AXIS2_PLACEMENT_3D('',#662,#663,#664);
#662 = CARTESIAN_POINT('',(-26.2,-29.7,2.85));
#663 = DIRECTION('',(1.,-4.440892098501E-16,-8.881784197001E-16));
#664 = DIRECTION('',(4.440892098501E-16,1.,-8.881784197001E-16));
#665 = PCURVE('',#45,#666);
#666 = DEFINITIONAL_REPRESENTATION('',(#667),#671);
#667 = CIRCLE('',#668,0.75);
#668 = AXIS2_PLACEMENT_2D('',#669,#670);
#669 = CARTESIAN_POINT('',(1.8,9.25));
#670 = DIRECTION('',(-1.554312234475E-15,-1.));
#671 = ( GEOMETRIC_REPRESENTATION_CONTEXT(2) 
PARAMETRIC_REPRESENTATION_CONTEXT() REPRESENTATION_CONTEXT('2D SPACE',''
  ) );
#672 = PCURVE('',#673,#678);
#673 = CYLINDRICAL_SURFACE('',#674,0.75);
#674 = AXIS2_PLACEMENT_3D('',#675,#676,#677);
#675 = CARTESIAN_POINT('',(-26.2,-29.7,2.85));
#676 = DIRECTION('',(-1.,-4.440892098501E-16,4.930380657631E-32));
#677 = DIRECTION('',(-4.440892098501E-16,1.,-6.661338147751E-16));
#678 = DEFINITIONAL_REPRESENTATION('',(#679),#683);
#679 = LINE('',#680,#681);
#680 = CARTESIAN_POINT('',(6.28318530718,0.));
#681 = VECTOR('',#682,1.);
#682 = DIRECTION('',(-1.,0.));
#683 = ( GEOMETRIC_REPRESENTATION_CONTEXT(2) 
PARAMETRIC_REPRESENTATION_CONTEXT() REPRESENTATION_CONTEXT('2D SPACE',''
  ) );
#684 = ORIENTED_EDGE('',*,*,#685,.T.);
#685 = EDGE_CURVE('',#657,#686,#688,.T.);
#686 = VERTEX_POINT('',#687);
#687 = CARTESIAN_POINT('',(-26.2,-32.45,3.6));
#688 = SURFACE_CURVE('',#689,(#693,#700),.PCURVE_S1.);
#689 = LINE('',#690,#691);
#690 = CARTESIAN_POINT('',(-26.2,-8.45,3.6));
#691 = VECTOR('',#692,1.);
#692 = DIRECTION('',(-6.661338147751E-16,-1.,1.33226762955E-15));
#693 = PCURVE('',#45,#694);
#694 = DEFINITIONAL_REPRESENTATION('',(#695),#699);
#695 = LINE('',#696,#697);
#696 = CARTESIAN_POINT('',(2.55,-12.));
#697 = VECTOR('',#698,1.);
#698 = DIRECTION('',(1.998401444325E-15,1.));
#699 = ( GEOMETRIC_REPRESENTATION_CONTEXT(2) 
PARAMETRIC_REPRESENTATION_CONTEXT() REPRESENTATION_CONTEXT('2D SPACE',''
  ) );
#700 = PCURVE('',#132,#701);
#701 = DEFINITIONAL_REPRESENTATION('',(#702),#706);
#702 = LINE('',#703,#704);
#703 = CARTESIAN_POINT('',(0.23392857143,-12.));
#704 = VECTOR('',#705,1.);
#705 = DIRECTION('',(6.661338147751E-16,1.));
#706 = ( GEOMETRIC_REPRESENTATION_CONTEXT(2) 
PARAMETRIC_REPRESENTATION_CONTEXT() REPRESENTATION_CONTEXT('2D SPACE',''
  ) );
#707 = ORIENTED_EDGE('',*,*,#708,.F.);
#708 = EDGE_CURVE('',#709,#686,#711,.T.);
#709 = VERTEX_POINT('',#710);
#710 = CARTESIAN_POINT('',(-26.2,-33.95,2.1));
#711 = SURFACE_CURVE('',#712,(#717,#728),.PCURVE_S1.);
#712 = CIRCLE('',#713,1.5);
#713 = AXIS2_PLACEMENT_3D('',#714,#715,#716);
#714 = CARTESIAN_POINT('',(-26.2,-32.45,2.1));
#715 = DIRECTION('',(-1.,6.661338147751E-16,1.33226762955E-15));
#716 = DIRECTION('',(-6.661338147751E-16,-1.,1.33226762955E-15));
#717 = PCURVE('',#45,#718);
#718 = DEFINITIONAL_REPRESENTATION('',(#719),#727);
#719 = ( BOUNDED_CURVE() B_SPLINE_CURVE(2,(#720,#721,#722,#723,#724,#725
,#726),.UNSPECIFIED.,.T.,.F.) B_SPLINE_CURVE_WITH_KNOTS((1,2,2,2,2,1),(
    -2.094395102393,0.,2.094395102393,4.188790204786,6.28318530718,
8.377580409573),.UNSPECIFIED.) CURVE() GEOMETRIC_REPRESENTATION_ITEM() 
RATIONAL_B_SPLINE_CURVE((1.,0.5,1.,0.5,1.,0.5,1.)) REPRESENTATION_ITEM(
  '') );
#720 = CARTESIAN_POINT('',(1.05,13.5));
#721 = CARTESIAN_POINT('',(3.648076211353,13.5));
#722 = CARTESIAN_POINT('',(2.349038105677,11.25));
#723 = CARTESIAN_POINT('',(1.05,9.));
#724 = CARTESIAN_POINT('',(-0.249038105677,11.25));
#725 = CARTESIAN_POINT('',(-1.548076211353,13.5));
#726 = CARTESIAN_POINT('',(1.05,13.5));
#727 = ( GEOMETRIC_REPRESENTATION_CONTEXT(2) 
PARAMETRIC_REPRESENTATION_CONTEXT() REPRESENTATION_CONTEXT('2D SPACE',''
  ) );
#728 = PCURVE('',#729,#734);
#729 = CYLINDRICAL_SURFACE('',#730,1.5);
#730 = AXIS2_PLACEMENT_3D('',#731,#732,#733);
#731 = CARTESIAN_POINT('',(-26.2,-32.45,2.1));
#732 = DIRECTION('',(1.,8.881784197001E-16,2.22044604925E-16));
#733 = DIRECTION('',(8.881784197001E-16,-1.,1.110223024625E-15));
#734 = DEFINITIONAL_REPRESENTATION('',(#735),#739);
#735 = LINE('',#736,#737);
#736 = CARTESIAN_POINT('',(6.28318530718,0.));
#737 = VECTOR('',#738,1.);
#738 = DIRECTION('',(-1.,2.261727773485E-15));
#739 = ( GEOMETRIC_REPRESENTATION_CONTEXT(2) 
PARAMETRIC_REPRESENTATION_CONTEXT() REPRESENTATION_CONTEXT('2D SPACE',''
  ) );
#740 = ORIENTED_EDGE('',*,*,#741,.T.);
#741 = EDGE_CURVE('',#709,#742,#744,.T.);
#742 = VERTEX_POINT('',#743);
#743 = CARTESIAN_POINT('',(-26.2,-33.95,0.7));
#744 = SURFACE_CURVE('',#745,(#749,#756),.PCURVE_S1.);
#745 = LINE('',#746,#747);
#746 = CARTESIAN_POINT('',(-26.2,-33.95,2.1));
#747 = VECTOR('',#748,1.);
#748 = DIRECTION('',(-1.33226762955E-15,6.661338147751E-16,-1.));
#749 = PCURVE('',#45,#750);
#750 = DEFINITIONAL_REPRESENTATION('',(#751),#755);
#751 = LINE('',#752,#753);
#752 = CARTESIAN_POINT('',(1.05,13.5));
#753 = VECTOR('',#754,1.);
#754 = DIRECTION('',(-1.,0.));
#755 = ( GEOMETRIC_REPRESENTATION_CONTEXT(2) 
PARAMETRIC_REPRESENTATION_CONTEXT() REPRESENTATION_CONTEXT('2D SPACE',''
  ) );
#756 = PCURVE('',#757,#762);
#757 = PLANE('',#758);
#758 = AXIS2_PLACEMENT_3D('',#759,#760,#761);
#759 = CARTESIAN_POINT('',(-25.47755474452,-33.95,0.697445255474));
#760 = DIRECTION('',(1.277440860538E-15,-1.,-1.254666631697E-15));
#761 = DIRECTION('',(-1.,-1.277440860538E-15,5.295141809184E-47));
#762 = DEFINITIONAL_REPRESENTATION('',(#763),#767);
#763 = LINE('',#764,#765);
#764 = CARTESIAN_POINT('',(0.72244525548,-1.402554744526));
#765 = VECTOR('',#766,1.);
#766 = DIRECTION('',(1.33226762955E-15,1.));
#767 = ( GEOMETRIC_REPRESENTATION_CONTEXT(2) 
PARAMETRIC_REPRESENTATION_CONTEXT() REPRESENTATION_CONTEXT('2D SPACE',''
  ) );
#768 = ORIENTED_EDGE('',*,*,#769,.F.);
#769 = EDGE_CURVE('',#770,#742,#772,.T.);
#770 = VERTEX_POINT('',#771);
#771 = CARTESIAN_POINT('',(-26.2,-33.75,0.9));
#772 = SURFACE_CURVE('',#773,(#778,#785),.PCURVE_S1.);
#773 = CIRCLE('',#774,0.2);
#774 = AXIS2_PLACEMENT_3D('',#775,#776,#777);
#775 = CARTESIAN_POINT('',(-26.2,-33.75,0.7));
#776 = DIRECTION('',(1.,-4.440892098501E-16,-8.881784197001E-16));
#777 = DIRECTION('',(4.440892098501E-16,1.,-8.881784197001E-16));
#778 = PCURVE('',#45,#779);
#779 = DEFINITIONAL_REPRESENTATION('',(#780),#784);
#780 = CIRCLE('',#781,0.2);
#781 = AXIS2_PLACEMENT_2D('',#782,#783);
#782 = CARTESIAN_POINT('',(-0.35,13.3));
#783 = DIRECTION('',(-1.554312234475E-15,-1.));
#784 = ( GEOMETRIC_REPRESENTATION_CONTEXT(2) 
PARAMETRIC_REPRESENTATION_CONTEXT() REPRESENTATION_CONTEXT('2D SPACE',''
  ) );
#785 = PCURVE('',#786,#791);
#786 = CYLINDRICAL_SURFACE('',#787,0.2);
#787 = AXIS2_PLACEMENT_3D('',#788,#789,#790);
#788 = CARTESIAN_POINT('',(-26.2,-33.75,0.7));
#789 = DIRECTION('',(-1.,-4.440892098501E-16,4.930380657631E-32));
#790 = DIRECTION('',(-4.440892098501E-16,1.,-6.661338147751E-16));
#791 = DEFINITIONAL_REPRESENTATION('',(#792),#796);
#792 = LINE('',#793,#794);
#793 = CARTESIAN_POINT('',(6.28318530718,0.));
#794 = VECTOR('',#795,1.);
#795 = DIRECTION('',(-1.,0.));
#796 = ( GEOMETRIC_REPRESENTATION_CONTEXT(2) 
PARAMETRIC_REPRESENTATION_CONTEXT() REPRESENTATION_CONTEXT('2D SPACE',''
  ) );
#797 = ORIENTED_EDGE('',*,*,#798,.F.);
#798 = EDGE_CURVE('',#799,#770,#801,.T.);
#799 = VERTEX_POINT('',#800);
#800 = CARTESIAN_POINT('',(-26.2,-32.65,0.9));
#801 = SURFACE_CURVE('',#802,(#806,#813),.PCURVE_S1.);
#802 = LINE('',#803,#804);
#803 = CARTESIAN_POINT('',(-26.2,-32.65,0.9));
#804 = VECTOR('',#805,1.);
#805 = DIRECTION('',(-4.440892098501E-16,-1.,8.881784197001E-16));
#806 = PCURVE('',#45,#807);
#807 = DEFINITIONAL_REPRESENTATION('',(#808),#812);
#808 = LINE('',#809,#810);
#809 = CARTESIAN_POINT('',(-0.15,12.2));
#810 = VECTOR('',#811,1.);
#811 = DIRECTION('',(1.554312234475E-15,1.));
#812 = ( GEOMETRIC_REPRESENTATION_CONTEXT(2) 
PARAMETRIC_REPRESENTATION_CONTEXT() REPRESENTATION_CONTEXT('2D SPACE',''
  ) );
#813 = PCURVE('',#814,#819);
#814 = PLANE('',#815);
#815 = AXIS2_PLACEMENT_3D('',#816,#817,#818);
#816 = CARTESIAN_POINT('',(-26.2,-32.65,0.9));
#817 = DIRECTION('',(-4.440892098501E-16,-4.930380657631E-32,-1.));
#818 = DIRECTION('',(-2.22044604925E-16,-1.,1.479114197289E-31));
#819 = DEFINITIONAL_REPRESENTATION('',(#820),#824);
#820 = LINE('',#821,#822);
#821 = CARTESIAN_POINT('',(0.,0.));
#822 = VECTOR('',#823,1.);
#823 = DIRECTION('',(1.,2.220446049251E-16));
#824 = ( GEOMETRIC_REPRESENTATION_CONTEXT(2) 
PARAMETRIC_REPRESENTATION_CONTEXT() REPRESENTATION_CONTEXT('2D SPACE',''
  ) );
#825 = ORIENTED_EDGE('',*,*,#826,.F.);
#826 = EDGE_CURVE('',#827,#799,#829,.T.);
#827 = VERTEX_POINT('',#828);
#828 = CARTESIAN_POINT('',(-26.2,-32.45,0.7));
#829 = SURFACE_CURVE('',#830,(#835,#842),.PCURVE_S1.);
#830 = CIRCLE('',#831,0.2);
#831 = AXIS2_PLACEMENT_3D('',#832,#833,#834);
#832 = CARTESIAN_POINT('',(-26.2,-32.65,0.7));
#833 = DIRECTION('',(1.,-4.440892098501E-16,-8.881784197001E-16));
#834 = DIRECTION('',(4.440892098501E-16,1.,-8.881784197001E-16));
#835 = PCURVE('',#45,#836);
#836 = DEFINITIONAL_REPRESENTATION('',(#837),#841);
#837 = CIRCLE('',#838,0.2);
#838 = AXIS2_PLACEMENT_2D('',#839,#840);
#839 = CARTESIAN_POINT('',(-0.35,12.2));
#840 = DIRECTION('',(-1.554312234475E-15,-1.));
#841 = ( GEOMETRIC_REPRESENTATION_CONTEXT(2) 
PARAMETRIC_REPRESENTATION_CONTEXT() REPRESENTATION_CONTEXT('2D SPACE',''
  ) );
#842 = PCURVE('',#843,#848);
#843 = CYLINDRICAL_SURFACE('',#844,0.2);
#844 = AXIS2_PLACEMENT_3D('',#845,#846,#847);
#845 = CARTESIAN_POINT('',(-26.2,-32.65,0.7));
#846 = DIRECTION('',(-1.,-4.440892098501E-16,4.930380657631E-32));
#847 = DIRECTION('',(-4.440892098501E-16,1.,-6.661338147751E-16));
#848 = DEFINITIONAL_REPRESENTATION('',(#849),#853);
#849 = LINE('',#850,#851);
#850 = CARTESIAN_POINT('',(6.28318530718,0.));
#851 = VECTOR('',#852,1.);
#852 = DIRECTION('',(-1.,0.));
#853 = ( GEOMETRIC_REPRESENTATION_CONTEXT(2) 
PARAMETRIC_REPRESENTATION_CONTEXT() REPRESENTATION_CONTEXT('2D SPACE',''
  ) );
#854 = ORIENTED_EDGE('',*,*,#855,.F.);
#855 = EDGE_CURVE('',#856,#827,#858,.T.);
#856 = VERTEX_POINT('',#857);
#857 = CARTESIAN_POINT('',(-26.2,-32.45,-1.284523257867));
#858 = SURFACE_CURVE('',#859,(#863,#870),.PCURVE_S1.);
#859 = LINE('',#860,#861);
#860 = CARTESIAN_POINT('',(-26.2,-32.45,1.06581410364E-14));
#861 = VECTOR('',#862,1.);
#862 = DIRECTION('',(4.440892098501E-16,4.930380657631E-32,1.));
#863 = PCURVE('',#45,#864);
#864 = DEFINITIONAL_REPRESENTATION('',(#865),#869);
#865 = LINE('',#866,#867);
#866 = CARTESIAN_POINT('',(-1.05,12.));
#867 = VECTOR('',#868,1.);
#868 = DIRECTION('',(1.,-6.661338147751E-16));
#869 = ( GEOMETRIC_REPRESENTATION_CONTEXT(2) 
PARAMETRIC_REPRESENTATION_CONTEXT() REPRESENTATION_CONTEXT('2D SPACE',''
  ) );
#870 = PCURVE('',#871,#876);
#871 = PLANE('',#872);
#872 = AXIS2_PLACEMENT_3D('',#873,#874,#875);
#873 = CARTESIAN_POINT('',(-24.475,-32.45,-0.292261628933));
#874 = DIRECTION('',(-3.760415675311E-16,1.,-1.077214069208E-31));
#875 = DIRECTION('',(1.,3.760415675311E-16,-3.720920274764E-64));
#876 = DEFINITIONAL_REPRESENTATION('',(#877),#881);
#877 = LINE('',#878,#879);
#878 = CARTESIAN_POINT('',(-1.725,-0.292261628933));
#879 = VECTOR('',#880,1.);
#880 = DIRECTION('',(4.440892098501E-16,-1.));
#881 = ( GEOMETRIC_REPRESENTATION_CONTEXT(2) 
PARAMETRIC_REPRESENTATION_CONTEXT() REPRESENTATION_CONTEXT('2D SPACE',''
  ) );
#882 = ORIENTED_EDGE('',*,*,#883,.F.);
#883 = EDGE_CURVE('',#884,#856,#886,.T.);
#884 = VERTEX_POINT('',#885);
#885 = CARTESIAN_POINT('',(-26.2,-32.68076923076,-1.482142220615));
#886 = SURFACE_CURVE('',#887,(#892,#899),.PCURVE_S1.);
#887 = CIRCLE('',#888,0.2);
#888 = AXIS2_PLACEMENT_3D('',#889,#890,#891);
#889 = CARTESIAN_POINT('',(-26.2,-32.65,-1.284523257867));
#890 = DIRECTION('',(1.,-4.440892098501E-16,-8.881784197001E-16));
#891 = DIRECTION('',(4.440892098501E-16,1.,-8.881784197001E-16));
#892 = PCURVE('',#45,#893);
#893 = DEFINITIONAL_REPRESENTATION('',(#894),#898);
#894 = CIRCLE('',#895,0.2);
#895 = AXIS2_PLACEMENT_2D('',#896,#897);
#896 = CARTESIAN_POINT('',(-2.334523257867,12.2));
#897 = DIRECTION('',(-1.554312234475E-15,-1.));
#898 = ( GEOMETRIC_REPRESENTATION_CONTEXT(2) 
PARAMETRIC_REPRESENTATION_CONTEXT() REPRESENTATION_CONTEXT('2D SPACE',''
  ) );
#899 = PCURVE('',#900,#905);
#900 = CYLINDRICAL_SURFACE('',#901,0.2);
#901 = AXIS2_PLACEMENT_3D('',#902,#903,#904);
#902 = CARTESIAN_POINT('',(-26.2,-32.65,-1.284523257867));
#903 = DIRECTION('',(-1.,-4.440892098501E-16,4.930380657631E-32));
#904 = DIRECTION('',(-4.440892098501E-16,1.,-6.661338147751E-16));
#905 = DEFINITIONAL_REPRESENTATION('',(#906),#910);
#906 = LINE('',#907,#908);
#907 = CARTESIAN_POINT('',(6.28318530718,0.));
#908 = VECTOR('',#909,1.);
#909 = DIRECTION('',(-1.,0.));
#910 = ( GEOMETRIC_REPRESENTATION_CONTEXT(2) 
PARAMETRIC_REPRESENTATION_CONTEXT() REPRESENTATION_CONTEXT('2D SPACE',''
  ) );
#911 = ORIENTED_EDGE('',*,*,#912,.F.);
#912 = EDGE_CURVE('',#913,#884,#915,.T.);
#913 = VERTEX_POINT('',#914);
#914 = CARTESIAN_POINT('',(-26.2,-32.45,-1.5));
#915 = SURFACE_CURVE('',#916,(#921,#932),.PCURVE_S1.);
#916 = CIRCLE('',#917,1.5);
#917 = AXIS2_PLACEMENT_3D('',#918,#919,#920);
#918 = CARTESIAN_POINT('',(-26.2,-32.45,2.015054789695E-14));
#919 = DIRECTION('',(-1.,6.661338147751E-16,1.33226762955E-15));
#920 = DIRECTION('',(-6.661338147751E-16,-1.,1.33226762955E-15));
#921 = PCURVE('',#45,#922);
#922 = DEFINITIONAL_REPRESENTATION('',(#923),#931);
#923 = ( BOUNDED_CURVE() B_SPLINE_CURVE(2,(#924,#925,#926,#927,#928,#929
,#930),.UNSPECIFIED.,.T.,.F.) B_SPLINE_CURVE_WITH_KNOTS((1,2,2,2,2,1),(
    -2.094395102393,0.,2.094395102393,4.188790204786,6.28318530718,
8.377580409573),.UNSPECIFIED.) CURVE() GEOMETRIC_REPRESENTATION_ITEM() 
RATIONAL_B_SPLINE_CURVE((1.,0.5,1.,0.5,1.,0.5,1.)) REPRESENTATION_ITEM(
  '') );
#924 = CARTESIAN_POINT('',(-1.05,13.5));
#925 = CARTESIAN_POINT('',(1.548076211353,13.5));
#926 = CARTESIAN_POINT('',(0.249038105677,11.25));
#927 = CARTESIAN_POINT('',(-1.05,9.));
#928 = CARTESIAN_POINT('',(-2.349038105677,11.25));
#929 = CARTESIAN_POINT('',(-3.648076211353,13.5));
#930 = CARTESIAN_POINT('',(-1.05,13.5));
#931 = ( GEOMETRIC_REPRESENTATION_CONTEXT(2) 
PARAMETRIC_REPRESENTATION_CONTEXT() REPRESENTATION_CONTEXT('2D SPACE',''
  ) );
#932 = PCURVE('',#933,#938);
#933 = CYLINDRICAL_SURFACE('',#934,1.5);
#934 = AXIS2_PLACEMENT_3D('',#935,#936,#937);
#935 = CARTESIAN_POINT('',(-26.2,-32.45,1.59872115546E-14));
#936 = DIRECTION('',(1.,4.440892098501E-16,-2.22044604925E-16));
#937 = DIRECTION('',(4.440892098501E-16,-1.,6.661338147751E-16));
#938 = DEFINITIONAL_REPRESENTATION('',(#939),#943);
#939 = LINE('',#940,#941);
#940 = CARTESIAN_POINT('',(6.28318530718,-3.552713678801E-15));
#941 = VECTOR('',#942,1.);
#942 = DIRECTION('',(-1.,0.));
#943 = ( GEOMETRIC_REPRESENTATION_CONTEXT(2) 
PARAMETRIC_REPRESENTATION_CONTEXT() REPRESENTATION_CONTEXT('2D SPACE',''
  ) );
#944 = ORIENTED_EDGE('',*,*,#945,.T.);
#945 = EDGE_CURVE('',#913,#946,#948,.T.);
#946 = VERTEX_POINT('',#947);
#947 = CARTESIAN_POINT('',(-26.2,-22.2,-1.5));
#948 = SURFACE_CURVE('',#949,(#953,#960),.PCURVE_S1.);
#949 = LINE('',#950,#951);
#950 = CARTESIAN_POINT('',(-26.2,-32.45,-1.5));
#951 = VECTOR('',#952,1.);
#952 = DIRECTION('',(6.661338147751E-16,1.,-1.33226762955E-15));
#953 = PCURVE('',#45,#954);
#954 = DEFINITIONAL_REPRESENTATION('',(#955),#959);
#955 = LINE('',#956,#957);
#956 = CARTESIAN_POINT('',(-2.55,12.));
#957 = VECTOR('',#958,1.);
#958 = DIRECTION('',(-1.998401444325E-15,-1.));
#959 = ( GEOMETRIC_REPRESENTATION_CONTEXT(2) 
PARAMETRIC_REPRESENTATION_CONTEXT() REPRESENTATION_CONTEXT('2D SPACE',''
  ) );
#960 = PCURVE('',#961,#966);
#961 = PLANE('',#962);
#962 = AXIS2_PLACEMENT_3D('',#963,#964,#965);
#963 = CARTESIAN_POINT('',(-26.355,-20.45,-1.5));
#964 = DIRECTION('',(-1.346759590966E-15,-6.650076228268E-16,-1.));
#965 = DIRECTION('',(1.,0.,-1.346759590966E-15));
#966 = DEFINITIONAL_REPRESENTATION('',(#967),#971);
#967 = LINE('',#968,#969);
#968 = CARTESIAN_POINT('',(0.155,12.));
#969 = VECTOR('',#970,1.);
#970 = DIRECTION('',(6.661338147751E-16,-1.));
#971 = ( GEOMETRIC_REPRESENTATION_CONTEXT(2) 
PARAMETRIC_REPRESENTATION_CONTEXT() REPRESENTATION_CONTEXT('2D SPACE',''
  ) );
#972 = ORIENTED_EDGE('',*,*,#973,.F.);
#973 = EDGE_CURVE('',#974,#946,#976,.T.);
#974 = VERTEX_POINT('',#975);
#975 = CARTESIAN_POINT('',(-26.2,-22.95,-0.75));
#976 = SURFACE_CURVE('',#977,(#982,#989),.PCURVE_S1.);
#977 = CIRCLE('',#978,0.75);
#978 = AXIS2_PLACEMENT_3D('',#979,#980,#981);
#979 = CARTESIAN_POINT('',(-26.2,-22.2,-0.75));
#980 = DIRECTION('',(1.,-4.440892098501E-16,-8.881784197001E-16));
#981 = DIRECTION('',(4.440892098501E-16,1.,-8.881784197001E-16));
#982 = PCURVE('',#45,#983);
#983 = DEFINITIONAL_REPRESENTATION('',(#984),#988);
#984 = CIRCLE('',#985,0.75);
#985 = AXIS2_PLACEMENT_2D('',#986,#987);
#986 = CARTESIAN_POINT('',(-1.8,1.75));
#987 = DIRECTION('',(-1.554312234475E-15,-1.));
#988 = ( GEOMETRIC_REPRESENTATION_CONTEXT(2) 
PARAMETRIC_REPRESENTATION_CONTEXT() REPRESENTATION_CONTEXT('2D SPACE',''
  ) );
#989 = PCURVE('',#990,#995);
#990 = CYLINDRICAL_SURFACE('',#991,0.75);
#991 = AXIS2_PLACEMENT_3D('',#992,#993,#994);
#992 = CARTESIAN_POINT('',(-26.2,-22.2,-0.75));
#993 = DIRECTION('',(-1.,-4.440892098501E-16,4.930380657631E-32));
#994 = DIRECTION('',(-4.440892098501E-16,1.,-6.661338147751E-16));
#995 = DEFINITIONAL_REPRESENTATION('',(#996),#1000);
#996 = LINE('',#997,#998);
#997 = CARTESIAN_POINT('',(6.28318530718,0.));
#998 = VECTOR('',#999,1.);
#999 = DIRECTION('',(-1.,0.));
#1000 = ( GEOMETRIC_REPRESENTATION_CONTEXT(2) 
PARAMETRIC_REPRESENTATION_CONTEXT() REPRESENTATION_CONTEXT('2D SPACE',''
  ) );
#1001 = ORIENTED_EDGE('',*,*,#1002,.T.);
#1002 = EDGE_CURVE('',#974,#1003,#1005,.T.);
#1003 = VERTEX_POINT('',#1004);
#1004 = CARTESIAN_POINT('',(-26.2,-22.95,-0.55));
#1005 = SURFACE_CURVE('',#1006,(#1010,#1017),.PCURVE_S1.);
#1006 = LINE('',#1007,#1008);
#1007 = CARTESIAN_POINT('',(-26.2,-22.95,-0.75));
#1008 = VECTOR('',#1009,1.);
#1009 = DIRECTION('',(8.881784197001E-16,-4.440892098501E-16,1.));
#1010 = PCURVE('',#45,#1011);
#1011 = DEFINITIONAL_REPRESENTATION('',(#1012),#1016);
#1012 = LINE('',#1013,#1014);
#1013 = CARTESIAN_POINT('',(-1.8,2.5));
#1014 = VECTOR('',#1015,1.);
#1015 = DIRECTION('',(1.,-2.22044604925E-16));
#1016 = ( GEOMETRIC_REPRESENTATION_CONTEXT(2) 
PARAMETRIC_REPRESENTATION_CONTEXT() REPRESENTATION_CONTEXT('2D SPACE',''
  ) );
#1017 = PCURVE('',#1018,#1023);
#1018 = PLANE('',#1019);
#1019 = AXIS2_PLACEMENT_3D('',#1020,#1021,#1022);
#1020 = CARTESIAN_POINT('',(-26.2,-22.95,-0.75));
#1021 = DIRECTION('',(4.930380657631E-32,-1.,4.440892098501E-16));
#1022 = DIRECTION('',(6.661338147751E-16,4.440892098501E-16,1.));
#1023 = DEFINITIONAL_REPRESENTATION('',(#1024),#1028);
#1024 = LINE('',#1025,#1026);
#1025 = CARTESIAN_POINT('',(0.,0.));
#1026 = VECTOR('',#1027,1.);
#1027 = DIRECTION('',(1.,-2.22044604925E-16));
#1028 = ( GEOMETRIC_REPRESENTATION_CONTEXT(2) 
PARAMETRIC_REPRESENTATION_CONTEXT() REPRESENTATION_CONTEXT('2D SPACE',''
  ) );
#1029 = ORIENTED_EDGE('',*,*,#1030,.F.);
#1030 = EDGE_CURVE('',#1031,#1003,#1033,.T.);
#1031 = VERTEX_POINT('',#1032);
#1032 = CARTESIAN_POINT('',(-26.2,-22.2,0.2));
#1033 = SURFACE_CURVE('',#1034,(#1039,#1046),.PCURVE_S1.);
#1034 = CIRCLE('',#1035,0.75);
#1035 = AXIS2_PLACEMENT_3D('',#1036,#1037,#1038);
#1036 = CARTESIAN_POINT('',(-26.2,-22.2,-0.55));
#1037 = DIRECTION('',(1.,-4.440892098501E-16,-8.881784197001E-16));
#1038 = DIRECTION('',(4.440892098501E-16,1.,-8.881784197001E-16));
#1039 = PCURVE('',#45,#1040);
#1040 = DEFINITIONAL_REPRESENTATION('',(#1041),#1045);
#1041 = CIRCLE('',#1042,0.75);
#1042 = AXIS2_PLACEMENT_2D('',#1043,#1044);
#1043 = CARTESIAN_POINT('',(-1.6,1.75));
#1044 = DIRECTION('',(-1.554312234475E-15,-1.));
#1045 = ( GEOMETRIC_REPRESENTATION_CONTEXT(2) 
PARAMETRIC_REPRESENTATION_CONTEXT() REPRESENTATION_CONTEXT('2D SPACE',''
  ) );
#1046 = PCURVE('',#1047,#1052);
#1047 = CYLINDRICAL_SURFACE('',#1048,0.75);
#1048 = AXIS2_PLACEMENT_3D('',#1049,#1050,#1051);
#1049 = CARTESIAN_POINT('',(-26.2,-22.2,-0.55));
#1050 = DIRECTION('',(-1.,-4.440892098501E-16,4.930380657631E-32));
#1051 = DIRECTION('',(-4.440892098501E-16,1.,-6.661338147751E-16));
#1052 = DEFINITIONAL_REPRESENTATION('',(#1053),#1057);
#1053 = LINE('',#1054,#1055);
#1054 = CARTESIAN_POINT('',(6.28318530718,0.));
#1055 = VECTOR('',#1056,1.);
#1056 = DIRECTION('',(-1.,0.));
#1057 = ( GEOMETRIC_REPRESENTATION_CONTEXT(2) 
PARAMETRIC_REPRESENTATION_CONTEXT() REPRESENTATION_CONTEXT('2D SPACE',''
  ) );
#1058 = ORIENTED_EDGE('',*,*,#1059,.T.);
#1059 = EDGE_CURVE('',#1031,#1060,#1062,.T.);
#1060 = VERTEX_POINT('',#1061);
#1061 = CARTESIAN_POINT('',(-26.2,-18.7,0.2));
#1062 = SURFACE_CURVE('',#1063,(#1067,#1074),.PCURVE_S1.);
#1063 = LINE('',#1064,#1065);
#1064 = CARTESIAN_POINT('',(-26.2,-22.2,0.2));
#1065 = VECTOR('',#1066,1.);
#1066 = DIRECTION('',(4.440892098501E-16,1.,-8.881784197001E-16));
#1067 = PCURVE('',#45,#1068);
#1068 = DEFINITIONAL_REPRESENTATION('',(#1069),#1073);
#1069 = LINE('',#1070,#1071);
#1070 = CARTESIAN_POINT('',(-0.85,1.75));
#1071 = VECTOR('',#1072,1.);
#1072 = DIRECTION('',(-1.554312234475E-15,-1.));
#1073 = ( GEOMETRIC_REPRESENTATION_CONTEXT(2) 
PARAMETRIC_REPRESENTATION_CONTEXT() REPRESENTATION_CONTEXT('2D SPACE',''
  ) );
#1074 = PCURVE('',#1075,#1080);
#1075 = PLANE('',#1076);
#1076 = AXIS2_PLACEMENT_3D('',#1077,#1078,#1079);
#1077 = CARTESIAN_POINT('',(-26.2,-22.2,0.2));
#1078 = DIRECTION('',(4.440892098501E-16,4.930380657631E-32,1.));
#1079 = DIRECTION('',(2.22044604925E-16,1.,-1.479114197289E-31));
#1080 = DEFINITIONAL_REPRESENTATION('',(#1081),#1085);
#1081 = LINE('',#1082,#1083);
#1082 = CARTESIAN_POINT('',(0.,0.));
#1083 = VECTOR('',#1084,1.);
#1084 = DIRECTION('',(1.,-2.220446049251E-16));
#1085 = ( GEOMETRIC_REPRESENTATION_CONTEXT(2) 
PARAMETRIC_REPRESENTATION_CONTEXT() REPRESENTATION_CONTEXT('2D SPACE',''
  ) );
#1086 = ORIENTED_EDGE('',*,*,#1087,.F.);
#1087 = EDGE_CURVE('',#1088,#1060,#1090,.T.);
#1088 = VERTEX_POINT('',#1089);
#1089 = CARTESIAN_POINT('',(-26.2,-17.95,-0.55));
#1090 = SURFACE_CURVE('',#1091,(#1096,#1103),.PCURVE_S1.);
#1091 = CIRCLE('',#1092,0.75);
#1092 = AXIS2_PLACEMENT_3D('',#1093,#1094,#1095);
#1093 = CARTESIAN_POINT('',(-26.2,-18.7,-0.55));
#1094 = DIRECTION('',(1.,-4.440892098501E-16,-8.881784197001E-16));
#1095 = DIRECTION('',(4.440892098501E-16,1.,-8.881784197001E-16));
#1096 = PCURVE('',#45,#1097);
#1097 = DEFINITIONAL_REPRESENTATION('',(#1098),#1102);
#1098 = CIRCLE('',#1099,0.75);
#1099 = AXIS2_PLACEMENT_2D('',#1100,#1101);
#1100 = CARTESIAN_POINT('',(-1.6,-1.75));
#1101 = DIRECTION('',(-1.554312234475E-15,-1.));
#1102 = ( GEOMETRIC_REPRESENTATION_CONTEXT(2) 
PARAMETRIC_REPRESENTATION_CONTEXT() REPRESENTATION_CONTEXT('2D SPACE',''
  ) );
#1103 = PCURVE('',#1104,#1109);
#1104 = CYLINDRICAL_SURFACE('',#1105,0.75);
#1105 = AXIS2_PLACEMENT_3D('',#1106,#1107,#1108);
#1106 = CARTESIAN_POINT('',(-26.2,-18.7,-0.55));
#1107 = DIRECTION('',(-1.,-4.440892098501E-16,4.930380657631E-32));
#1108 = DIRECTION('',(-4.440892098501E-16,1.,-6.661338147751E-16));
#1109 = DEFINITIONAL_REPRESENTATION('',(#1110),#1114);
#1110 = LINE('',#1111,#1112);
#1111 = CARTESIAN_POINT('',(6.28318530718,0.));
#1112 = VECTOR('',#1113,1.);
#1113 = DIRECTION('',(-1.,0.));
#1114 = ( GEOMETRIC_REPRESENTATION_CONTEXT(2) 
PARAMETRIC_REPRESENTATION_CONTEXT() REPRESENTATION_CONTEXT('2D SPACE',''
  ) );
#1115 = ORIENTED_EDGE('',*,*,#1116,.T.);
#1116 = EDGE_CURVE('',#1088,#1117,#1119,.T.);
#1117 = VERTEX_POINT('',#1118);
#1118 = CARTESIAN_POINT('',(-26.2,-17.95,-0.75));
#1119 = SURFACE_CURVE('',#1120,(#1124,#1131),.PCURVE_S1.);
#1120 = LINE('',#1121,#1122);
#1121 = CARTESIAN_POINT('',(-26.2,-17.95,-0.55));
#1122 = VECTOR('',#1123,1.);
#1123 = DIRECTION('',(-8.881784197001E-16,4.440892098501E-16,-1.));
#1124 = PCURVE('',#45,#1125);
#1125 = DEFINITIONAL_REPRESENTATION('',(#1126),#1130);
#1126 = LINE('',#1127,#1128);
#1127 = CARTESIAN_POINT('',(-1.6,-2.5));
#1128 = VECTOR('',#1129,1.);
#1129 = DIRECTION('',(-1.,2.22044604925E-16));
#1130 = ( GEOMETRIC_REPRESENTATION_CONTEXT(2) 
PARAMETRIC_REPRESENTATION_CONTEXT() REPRESENTATION_CONTEXT('2D SPACE',''
  ) );
#1131 = PCURVE('',#1132,#1137);
#1132 = PLANE('',#1133);
#1133 = AXIS2_PLACEMENT_3D('',#1134,#1135,#1136);
#1134 = CARTESIAN_POINT('',(-26.2,-17.95,-0.55));
#1135 = DIRECTION('',(-4.930380657631E-32,1.,-4.440892098501E-16));
#1136 = DIRECTION('',(-6.661338147751E-16,-4.440892098501E-16,-1.));
#1137 = DEFINITIONAL_REPRESENTATION('',(#1138),#1142);
#1138 = LINE('',#1139,#1140);
#1139 = CARTESIAN_POINT('',(-0.,0.));
#1140 = VECTOR('',#1141,1.);
#1141 = DIRECTION('',(1.,2.22044604925E-16));
#1142 = ( GEOMETRIC_REPRESENTATION_CONTEXT(2) 
PARAMETRIC_REPRESENTATION_CONTEXT() REPRESENTATION_CONTEXT('2D SPACE',''
  ) );
#1143 = ORIENTED_EDGE('',*,*,#1144,.F.);
#1144 = EDGE_CURVE('',#1145,#1117,#1147,.T.);
#1145 = VERTEX_POINT('',#1146);
#1146 = CARTESIAN_POINT('',(-26.2,-18.7,-1.5));
#1147 = SURFACE_CURVE('',#1148,(#1153,#1160),.PCURVE_S1.);
#1148 = CIRCLE('',#1149,0.75);
#1149 = AXIS2_PLACEMENT_3D('',#1150,#1151,#1152);
#1150 = CARTESIAN_POINT('',(-26.2,-18.7,-0.75));
#1151 = DIRECTION('',(1.,-4.440892098501E-16,-8.881784197001E-16));
#1152 = DIRECTION('',(4.440892098501E-16,1.,-8.881784197001E-16));
#1153 = PCURVE('',#45,#1154);
#1154 = DEFINITIONAL_REPRESENTATION('',(#1155),#1159);
#1155 = CIRCLE('',#1156,0.75);
#1156 = AXIS2_PLACEMENT_2D('',#1157,#1158);
#1157 = CARTESIAN_POINT('',(-1.8,-1.75));
#1158 = DIRECTION('',(-1.554312234475E-15,-1.));
#1159 = ( GEOMETRIC_REPRESENTATION_CONTEXT(2) 
PARAMETRIC_REPRESENTATION_CONTEXT() REPRESENTATION_CONTEXT('2D SPACE',''
  ) );
#1160 = PCURVE('',#1161,#1166);
#1161 = CYLINDRICAL_SURFACE('',#1162,0.75);
#1162 = AXIS2_PLACEMENT_3D('',#1163,#1164,#1165);
#1163 = CARTESIAN_POINT('',(-26.2,-18.7,-0.75));
#1164 = DIRECTION('',(-1.,-4.440892098501E-16,4.930380657631E-32));
#1165 = DIRECTION('',(-4.440892098501E-16,1.,-6.661338147751E-16));
#1166 = DEFINITIONAL_REPRESENTATION('',(#1167),#1171);
#1167 = LINE('',#1168,#1169);
#1168 = CARTESIAN_POINT('',(6.28318530718,0.));
#1169 = VECTOR('',#1170,1.);
#1170 = DIRECTION('',(-1.,0.));
#1171 = ( GEOMETRIC_REPRESENTATION_CONTEXT(2) 
PARAMETRIC_REPRESENTATION_CONTEXT() REPRESENTATION_CONTEXT('2D SPACE',''
  ) );
#1172 = ORIENTED_EDGE('',*,*,#1173,.T.);
#1173 = EDGE_CURVE('',#1145,#1174,#1176,.T.);
#1174 = VERTEX_POINT('',#1175);
#1175 = CARTESIAN_POINT('',(-26.2,-8.45,-1.5));
#1176 = SURFACE_CURVE('',#1177,(#1181,#1188),.PCURVE_S1.);
#1177 = LINE('',#1178,#1179);
#1178 = CARTESIAN_POINT('',(-26.2,-32.45,-1.5));
#1179 = VECTOR('',#1180,1.);
#1180 = DIRECTION('',(6.661338147751E-16,1.,-1.33226762955E-15));
#1181 = PCURVE('',#45,#1182);
#1182 = DEFINITIONAL_REPRESENTATION('',(#1183),#1187);
#1183 = LINE('',#1184,#1185);
#1184 = CARTESIAN_POINT('',(-2.55,12.));
#1185 = VECTOR('',#1186,1.);
#1186 = DIRECTION('',(-1.998401444325E-15,-1.));
#1187 = ( GEOMETRIC_REPRESENTATION_CONTEXT(2) 
PARAMETRIC_REPRESENTATION_CONTEXT() REPRESENTATION_CONTEXT('2D SPACE',''
  ) );
#1188 = PCURVE('',#961,#1189);
#1189 = DEFINITIONAL_REPRESENTATION('',(#1190),#1194);
#1190 = LINE('',#1191,#1192);
#1191 = CARTESIAN_POINT('',(0.155,12.));
#1192 = VECTOR('',#1193,1.);
#1193 = DIRECTION('',(6.661338147751E-16,-1.));
#1194 = ( GEOMETRIC_REPRESENTATION_CONTEXT(2) 
PARAMETRIC_REPRESENTATION_CONTEXT() REPRESENTATION_CONTEXT('2D SPACE',''
  ) );
#1195 = ORIENTED_EDGE('',*,*,#1196,.F.);
#1196 = EDGE_CURVE('',#1197,#1174,#1199,.T.);
#1197 = VERTEX_POINT('',#1198);
#1198 = CARTESIAN_POINT('',(-26.2,-8.219230769231,-1.482142220615));
#1199 = SURFACE_CURVE('',#1200,(#1205,#1216),.PCURVE_S1.);
#1200 = CIRCLE('',#1201,1.5);
#1201 = AXIS2_PLACEMENT_3D('',#1202,#1203,#1204);
#1202 = CARTESIAN_POINT('',(-26.2,-8.45,-1.182387521226E-14));
#1203 = DIRECTION('',(-1.,6.661338147751E-16,1.33226762955E-15));
#1204 = DIRECTION('',(-6.661338147751E-16,-1.,1.33226762955E-15));
#1205 = PCURVE('',#45,#1206);
#1206 = DEFINITIONAL_REPRESENTATION('',(#1207),#1215);
#1207 = ( BOUNDED_CURVE() B_SPLINE_CURVE(2,(#1208,#1209,#1210,#1211,
#1212,#1213,#1214),.UNSPECIFIED.,.T.,.F.) B_SPLINE_CURVE_WITH_KNOTS((1,2
    ,2,2,2,1),(-2.094395102393,0.,2.094395102393,4.188790204786,
6.28318530718,8.377580409573),.UNSPECIFIED.) CURVE() 
GEOMETRIC_REPRESENTATION_ITEM() RATIONAL_B_SPLINE_CURVE((1.,0.5,1.,0.5,
1.,0.5,1.)) REPRESENTATION_ITEM('') );
#1208 = CARTESIAN_POINT('',(-1.05,-10.5));
#1209 = CARTESIAN_POINT('',(1.548076211353,-10.5));
#1210 = CARTESIAN_POINT('',(0.249038105677,-12.75));
#1211 = CARTESIAN_POINT('',(-1.05,-15.));
#1212 = CARTESIAN_POINT('',(-2.349038105677,-12.75));
#1213 = CARTESIAN_POINT('',(-3.648076211353,-10.5));
#1214 = CARTESIAN_POINT('',(-1.05,-10.5));
#1215 = ( GEOMETRIC_REPRESENTATION_CONTEXT(2) 
PARAMETRIC_REPRESENTATION_CONTEXT() REPRESENTATION_CONTEXT('2D SPACE',''
  ) );
#1216 = PCURVE('',#1217,#1222);
#1217 = CYLINDRICAL_SURFACE('',#1218,1.5);
#1218 = AXIS2_PLACEMENT_3D('',#1219,#1220,#1221);
#1219 = CARTESIAN_POINT('',(-26.2,-8.45,7.88860905221E-31));
#1220 = DIRECTION('',(1.,4.440892098501E-16,-2.22044604925E-16));
#1221 = DIRECTION('',(4.440892098501E-16,-1.,6.661338147751E-16));
#1222 = DEFINITIONAL_REPRESENTATION('',(#1223),#1227);
#1223 = LINE('',#1224,#1225);
#1224 = CARTESIAN_POINT('',(6.28318530718,-3.552713678801E-15));
#1225 = VECTOR('',#1226,1.);
#1226 = DIRECTION('',(-1.,0.));
#1227 = ( GEOMETRIC_REPRESENTATION_CONTEXT(2) 
PARAMETRIC_REPRESENTATION_CONTEXT() REPRESENTATION_CONTEXT('2D SPACE',''
  ) );
#1228 = ORIENTED_EDGE('',*,*,#1229,.F.);
#1229 = EDGE_CURVE('',#1230,#1197,#1232,.T.);
#1230 = VERTEX_POINT('',#1231);
#1231 = CARTESIAN_POINT('',(-26.2,-8.45,-1.284523257867));
#1232 = SURFACE_CURVE('',#1233,(#1238,#1245),.PCURVE_S1.);
#1233 = CIRCLE('',#1234,0.2);
#1234 = AXIS2_PLACEMENT_3D('',#1235,#1236,#1237);
#1235 = CARTESIAN_POINT('',(-26.2,-8.25,-1.284523257867));
#1236 = DIRECTION('',(1.,-4.440892098501E-16,-8.881784197001E-16));
#1237 = DIRECTION('',(4.440892098501E-16,1.,-8.881784197001E-16));
#1238 = PCURVE('',#45,#1239);
#1239 = DEFINITIONAL_REPRESENTATION('',(#1240),#1244);
#1240 = CIRCLE('',#1241,0.2);
#1241 = AXIS2_PLACEMENT_2D('',#1242,#1243);
#1242 = CARTESIAN_POINT('',(-2.334523257867,-12.2));
#1243 = DIRECTION('',(-1.554312234475E-15,-1.));
#1244 = ( GEOMETRIC_REPRESENTATION_CONTEXT(2) 
PARAMETRIC_REPRESENTATION_CONTEXT() REPRESENTATION_CONTEXT('2D SPACE',''
  ) );
#1245 = PCURVE('',#1246,#1251);
#1246 = CYLINDRICAL_SURFACE('',#1247,0.2);
#1247 = AXIS2_PLACEMENT_3D('',#1248,#1249,#1250);
#1248 = CARTESIAN_POINT('',(-26.2,-8.25,-1.284523257867));
#1249 = DIRECTION('',(-1.,-4.440892098501E-16,4.930380657631E-32));
#1250 = DIRECTION('',(-4.440892098501E-16,1.,-6.661338147751E-16));
#1251 = DEFINITIONAL_REPRESENTATION('',(#1252),#1256);
#1252 = LINE('',#1253,#1254);
#1253 = CARTESIAN_POINT('',(6.28318530718,0.));
#1254 = VECTOR('',#1255,1.);
#1255 = DIRECTION('',(-1.,0.));
#1256 = ( GEOMETRIC_REPRESENTATION_CONTEXT(2) 
PARAMETRIC_REPRESENTATION_CONTEXT() REPRESENTATION_CONTEXT('2D SPACE',''
  ) );
#1257 = ORIENTED_EDGE('',*,*,#1258,.T.);
#1258 = EDGE_CURVE('',#1230,#1259,#1261,.T.);
#1259 = VERTEX_POINT('',#1260);
#1260 = CARTESIAN_POINT('',(-26.2,-8.45,0.7));
#1261 = SURFACE_CURVE('',#1262,(#1266,#1273),.PCURVE_S1.);
#1262 = LINE('',#1263,#1264);
#1263 = CARTESIAN_POINT('',(-26.2,-8.45,-1.284523257867));
#1264 = VECTOR('',#1265,1.);
#1265 = DIRECTION('',(4.440892098501E-16,4.930380657631E-32,1.));
#1266 = PCURVE('',#45,#1267);
#1267 = DEFINITIONAL_REPRESENTATION('',(#1268),#1272);
#1268 = LINE('',#1269,#1270);
#1269 = CARTESIAN_POINT('',(-2.334523257867,-12.));
#1270 = VECTOR('',#1271,1.);
#1271 = DIRECTION('',(1.,-6.661338147751E-16));
#1272 = ( GEOMETRIC_REPRESENTATION_CONTEXT(2) 
PARAMETRIC_REPRESENTATION_CONTEXT() REPRESENTATION_CONTEXT('2D SPACE',''
  ) );
#1273 = PCURVE('',#1274,#1279);
#1274 = PLANE('',#1275);
#1275 = AXIS2_PLACEMENT_3D('',#1276,#1277,#1278);
#1276 = CARTESIAN_POINT('',(-24.475,-8.45,-0.292261628933));
#1277 = DIRECTION('',(4.699420676178E-16,-1.,2.691670937355E-16));
#1278 = DIRECTION('',(-1.,-4.699420676178E-16,-2.864418445993E-48));
#1279 = DEFINITIONAL_REPRESENTATION('',(#1280),#1284);
#1280 = LINE('',#1281,#1282);
#1281 = CARTESIAN_POINT('',(1.725,0.992261628934));
#1282 = VECTOR('',#1283,1.);
#1283 = DIRECTION('',(-4.440892098501E-16,-1.));
#1284 = ( GEOMETRIC_REPRESENTATION_CONTEXT(2) 
PARAMETRIC_REPRESENTATION_CONTEXT() REPRESENTATION_CONTEXT('2D SPACE',''
  ) );
#1285 = ORIENTED_EDGE('',*,*,#1286,.F.);
#1286 = EDGE_CURVE('',#1287,#1259,#1289,.T.);
#1287 = VERTEX_POINT('',#1288);
#1288 = CARTESIAN_POINT('',(-26.2,-8.25,0.9));
#1289 = SURFACE_CURVE('',#1290,(#1295,#1302),.PCURVE_S1.);
#1290 = CIRCLE('',#1291,0.2);
#1291 = AXIS2_PLACEMENT_3D('',#1292,#1293,#1294);
#1292 = CARTESIAN_POINT('',(-26.2,-8.25,0.7));
#1293 = DIRECTION('',(1.,-4.440892098501E-16,-8.881784197001E-16));
#1294 = DIRECTION('',(4.440892098501E-16,1.,-8.881784197001E-16));
#1295 = PCURVE('',#45,#1296);
#1296 = DEFINITIONAL_REPRESENTATION('',(#1297),#1301);
#1297 = CIRCLE('',#1298,0.2);
#1298 = AXIS2_PLACEMENT_2D('',#1299,#1300);
#1299 = CARTESIAN_POINT('',(-0.35,-12.2));
#1300 = DIRECTION('',(-1.554312234475E-15,-1.));
#1301 = ( GEOMETRIC_REPRESENTATION_CONTEXT(2) 
PARAMETRIC_REPRESENTATION_CONTEXT() REPRESENTATION_CONTEXT('2D SPACE',''
  ) );
#1302 = PCURVE('',#1303,#1308);
#1303 = CYLINDRICAL_SURFACE('',#1304,0.2);
#1304 = AXIS2_PLACEMENT_3D('',#1305,#1306,#1307);
#1305 = CARTESIAN_POINT('',(-26.2,-8.25,0.7));
#1306 = DIRECTION('',(-1.,-4.440892098501E-16,4.930380657631E-32));
#1307 = DIRECTION('',(-4.440892098501E-16,1.,-6.661338147751E-16));
#1308 = DEFINITIONAL_REPRESENTATION('',(#1309),#1313);
#1309 = LINE('',#1310,#1311);
#1310 = CARTESIAN_POINT('',(6.28318530718,0.));
#1311 = VECTOR('',#1312,1.);
#1312 = DIRECTION('',(-1.,0.));
#1313 = ( GEOMETRIC_REPRESENTATION_CONTEXT(2) 
PARAMETRIC_REPRESENTATION_CONTEXT() REPRESENTATION_CONTEXT('2D SPACE',''
  ) );
#1314 = ORIENTED_EDGE('',*,*,#1315,.T.);
#1315 = EDGE_CURVE('',#1287,#1316,#1318,.T.);
#1316 = VERTEX_POINT('',#1317);
#1317 = CARTESIAN_POINT('',(-26.2,-7.15,0.9));
#1318 = SURFACE_CURVE('',#1319,(#1323,#1330),.PCURVE_S1.);
#1319 = LINE('',#1320,#1321);
#1320 = CARTESIAN_POINT('',(-26.2,-8.25,0.9));
#1321 = VECTOR('',#1322,1.);
#1322 = DIRECTION('',(4.440892098501E-16,1.,-8.881784197001E-16));
#1323 = PCURVE('',#45,#1324);
#1324 = DEFINITIONAL_REPRESENTATION('',(#1325),#1329);
#1325 = LINE('',#1326,#1327);
#1326 = CARTESIAN_POINT('',(-0.15,-12.2));
#1327 = VECTOR('',#1328,1.);
#1328 = DIRECTION('',(-1.554312234475E-15,-1.));
#1329 = ( GEOMETRIC_REPRESENTATION_CONTEXT(2) 
PARAMETRIC_REPRESENTATION_CONTEXT() REPRESENTATION_CONTEXT('2D SPACE',''
  ) );
#1330 = PCURVE('',#1331,#1336);
#1331 = PLANE('',#1332);
#1332 = AXIS2_PLACEMENT_3D('',#1333,#1334,#1335);
#1333 = CARTESIAN_POINT('',(-26.2,-8.25,0.9));
#1334 = DIRECTION('',(4.440892098501E-16,4.930380657631E-32,1.));
#1335 = DIRECTION('',(2.22044604925E-16,1.,-1.479114197289E-31));
#1336 = DEFINITIONAL_REPRESENTATION('',(#1337),#1341);
#1337 = LINE('',#1338,#1339);
#1338 = CARTESIAN_POINT('',(0.,0.));
#1339 = VECTOR('',#1340,1.);
#1340 = DIRECTION('',(1.,-2.220446049251E-16));
#1341 = ( GEOMETRIC_REPRESENTATION_CONTEXT(2) 
PARAMETRIC_REPRESENTATION_CONTEXT() REPRESENTATION_CONTEXT('2D SPACE',''
  ) );
#1342 = ORIENTED_EDGE('',*,*,#1343,.F.);
#1343 = EDGE_CURVE('',#1344,#1316,#1346,.T.);
#1344 = VERTEX_POINT('',#1345);
#1345 = CARTESIAN_POINT('',(-26.2,-6.95,0.7));
#1346 = SURFACE_CURVE('',#1347,(#1352,#1359),.PCURVE_S1.);
#1347 = CIRCLE('',#1348,0.2);
#1348 = AXIS2_PLACEMENT_3D('',#1349,#1350,#1351);
#1349 = CARTESIAN_POINT('',(-26.2,-7.15,0.7));
#1350 = DIRECTION('',(1.,-4.440892098501E-16,-8.881784197001E-16));
#1351 = DIRECTION('',(4.440892098501E-16,1.,-8.881784197001E-16));
#1352 = PCURVE('',#45,#1353);
#1353 = DEFINITIONAL_REPRESENTATION('',(#1354),#1358);
#1354 = CIRCLE('',#1355,0.2);
#1355 = AXIS2_PLACEMENT_2D('',#1356,#1357);
#1356 = CARTESIAN_POINT('',(-0.35,-13.3));
#1357 = DIRECTION('',(-1.554312234475E-15,-1.));
#1358 = ( GEOMETRIC_REPRESENTATION_CONTEXT(2) 
PARAMETRIC_REPRESENTATION_CONTEXT() REPRESENTATION_CONTEXT('2D SPACE',''
  ) );
#1359 = PCURVE('',#1360,#1365);
#1360 = CYLINDRICAL_SURFACE('',#1361,0.2);
#1361 = AXIS2_PLACEMENT_3D('',#1362,#1363,#1364);
#1362 = CARTESIAN_POINT('',(-26.2,-7.15,0.7));
#1363 = DIRECTION('',(-1.,-4.440892098501E-16,4.930380657631E-32));
#1364 = DIRECTION('',(-4.440892098501E-16,1.,-6.661338147751E-16));
#1365 = DEFINITIONAL_REPRESENTATION('',(#1366),#1370);
#1366 = LINE('',#1367,#1368);
#1367 = CARTESIAN_POINT('',(6.28318530718,0.));
#1368 = VECTOR('',#1369,1.);
#1369 = DIRECTION('',(-1.,0.));
#1370 = ( GEOMETRIC_REPRESENTATION_CONTEXT(2) 
PARAMETRIC_REPRESENTATION_CONTEXT() REPRESENTATION_CONTEXT('2D SPACE',''
  ) );
#1371 = ORIENTED_EDGE('',*,*,#1372,.T.);
#1372 = EDGE_CURVE('',#1344,#24,#1373,.T.);
#1373 = SURFACE_CURVE('',#1374,(#1378,#1385),.PCURVE_S1.);
#1374 = LINE('',#1375,#1376);
#1375 = CARTESIAN_POINT('',(-26.2,-6.95,-1.430471345149E-14));
#1376 = VECTOR('',#1377,1.);
#1377 = DIRECTION('',(1.33226762955E-15,-6.661338147751E-16,1.));
#1378 = PCURVE('',#45,#1379);
#1379 = DEFINITIONAL_REPRESENTATION('',(#1380),#1384);
#1380 = LINE('',#1381,#1382);
#1381 = CARTESIAN_POINT('',(-1.05,-13.5));
#1382 = VECTOR('',#1383,1.);
#1383 = DIRECTION('',(1.,0.));
#1384 = ( GEOMETRIC_REPRESENTATION_CONTEXT(2) 
PARAMETRIC_REPRESENTATION_CONTEXT() REPRESENTATION_CONTEXT('2D SPACE',''
  ) );
#1385 = PCURVE('',#77,#1386);
#1386 = DEFINITIONAL_REPRESENTATION('',(#1387),#1391);
#1387 = LINE('',#1388,#1389);
#1388 = CARTESIAN_POINT('',(-0.72244525548,0.697445255474));
#1389 = VECTOR('',#1390,1.);
#1390 = DIRECTION('',(1.33226762955E-15,-1.));
#1391 = ( GEOMETRIC_REPRESENTATION_CONTEXT(2) 
PARAMETRIC_REPRESENTATION_CONTEXT() REPRESENTATION_CONTEXT('2D SPACE',''
  ) );
#1392 = ADVANCED_FACE('',(#1393),#163,.F.);
#1393 = FACE_BOUND('',#1394,.T.);
#1394 = EDGE_LOOP('',(#1395,#1425,#1446,#1447));
#1395 = ORIENTED_EDGE('',*,*,#1396,.F.);
#1396 = EDGE_CURVE('',#1397,#1399,#1401,.T.);
#1397 = VERTEX_POINT('',#1398);
#1398 = CARTESIAN_POINT('',(-27.5,-32.45,3.6));
#1399 = VERTEX_POINT('',#1400);
#1400 = CARTESIAN_POINT('',(-27.7,-32.45,3.4));
#1401 = SURFACE_CURVE('',#1402,(#1406,#1413),.PCURVE_S1.);
#1402 = LINE('',#1403,#1404);
#1403 = CARTESIAN_POINT('',(-27.5,-32.45,3.6));
#1404 = VECTOR('',#1405,1.);
#1405 = DIRECTION('',(-0.707106781187,2.03208158381E-15,-0.707106781187)
  );
#1406 = PCURVE('',#163,#1407);
#1407 = DEFINITIONAL_REPRESENTATION('',(#1408),#1412);
#1408 = LINE('',#1409,#1410);
#1409 = CARTESIAN_POINT('',(6.661338147751E-17,-0.141421356237));
#1410 = VECTOR('',#1411,1.);
#1411 = DIRECTION('',(-2.503109321415E-15,1.));
#1412 = ( GEOMETRIC_REPRESENTATION_CONTEXT(2) 
PARAMETRIC_REPRESENTATION_CONTEXT() REPRESENTATION_CONTEXT('2D SPACE',''
  ) );
#1413 = PCURVE('',#1414,#1419);
#1414 = CONICAL_SURFACE('',#1415,1.5,0.785398163397);
#1415 = AXIS2_PLACEMENT_3D('',#1416,#1417,#1418);
#1416 = CARTESIAN_POINT('',(-27.5,-32.45,2.1));
#1417 = DIRECTION('',(1.,4.440892098501E-16,-2.22044604925E-16));
#1418 = DIRECTION('',(4.440892098501E-16,-1.,-2.812564995717E-15));
#1419 = DEFINITIONAL_REPRESENTATION('',(#1420),#1424);
#1420 = LINE('',#1421,#1422);
#1421 = CARTESIAN_POINT('',(4.712388980385,0.));
#1422 = VECTOR('',#1423,1.);
#1423 = DIRECTION('',(0.,-1.));
#1424 = ( GEOMETRIC_REPRESENTATION_CONTEXT(2) 
PARAMETRIC_REPRESENTATION_CONTEXT() REPRESENTATION_CONTEXT('2D SPACE',''
  ) );
#1425 = ORIENTED_EDGE('',*,*,#1426,.T.);
#1426 = EDGE_CURVE('',#1397,#90,#1427,.T.);
#1427 = SURFACE_CURVE('',#1428,(#1432,#1439),.PCURVE_S1.);
#1428 = LINE('',#1429,#1430);
#1429 = CARTESIAN_POINT('',(-27.5,-32.45,3.6));
#1430 = VECTOR('',#1431,1.);
#1431 = DIRECTION('',(2.22044604925E-16,1.,-8.881784197001E-16));
#1432 = PCURVE('',#163,#1433);
#1433 = DEFINITIONAL_REPRESENTATION('',(#1434),#1438);
#1434 = LINE('',#1435,#1436);
#1435 = CARTESIAN_POINT('',(6.661338147751E-17,-0.141421356237));
#1436 = VECTOR('',#1437,1.);
#1437 = DIRECTION('',(-1.,2.594590537722E-31));
#1438 = ( GEOMETRIC_REPRESENTATION_CONTEXT(2) 
PARAMETRIC_REPRESENTATION_CONTEXT() REPRESENTATION_CONTEXT('2D SPACE',''
  ) );
#1439 = PCURVE('',#132,#1440);
#1440 = DEFINITIONAL_REPRESENTATION('',(#1441),#1445);
#1441 = LINE('',#1442,#1443);
#1442 = CARTESIAN_POINT('',(1.53392857143,12.));
#1443 = VECTOR('',#1444,1.);
#1444 = DIRECTION('',(-2.22044604925E-16,-1.));
#1445 = ( GEOMETRIC_REPRESENTATION_CONTEXT(2) 
PARAMETRIC_REPRESENTATION_CONTEXT() REPRESENTATION_CONTEXT('2D SPACE',''
  ) );
#1446 = ORIENTED_EDGE('',*,*,#147,.T.);
#1447 = ORIENTED_EDGE('',*,*,#1448,.F.);
#1448 = EDGE_CURVE('',#1399,#148,#1449,.T.);
#1449 = SURFACE_CURVE('',#1450,(#1454,#1461),.PCURVE_S1.);
#1450 = LINE('',#1451,#1452);
#1451 = CARTESIAN_POINT('',(-27.7,-32.45,3.4));
#1452 = VECTOR('',#1453,1.);
#1453 = DIRECTION('',(2.22044604925E-16,1.,-8.881784197001E-16));
#1454 = PCURVE('',#163,#1455);
#1455 = DEFINITIONAL_REPRESENTATION('',(#1456),#1460);
#1456 = LINE('',#1457,#1458);
#1457 = CARTESIAN_POINT('',(-6.661338147751E-17,0.141421356237));
#1458 = VECTOR('',#1459,1.);
#1459 = DIRECTION('',(-1.,2.594590537722E-31));
#1460 = ( GEOMETRIC_REPRESENTATION_CONTEXT(2) 
PARAMETRIC_REPRESENTATION_CONTEXT() REPRESENTATION_CONTEXT('2D SPACE',''
  ) );
#1461 = PCURVE('',#219,#1462);
#1462 = DEFINITIONAL_REPRESENTATION('',(#1463),#1467);
#1463 = LINE('',#1464,#1465);
#1464 = CARTESIAN_POINT('',(2.35,12.));
#1465 = VECTOR('',#1466,1.);
#1466 = DIRECTION('',(-1.554312234475E-15,-1.));
#1467 = ( GEOMETRIC_REPRESENTATION_CONTEXT(2) 
PARAMETRIC_REPRESENTATION_CONTEXT() REPRESENTATION_CONTEXT('2D SPACE',''
  ) );
#1468 = ADVANCED_FACE('',(#1469),#729,.T.);
#1469 = FACE_BOUND('',#1470,.T.);
#1470 = EDGE_LOOP('',(#1471,#1472,#1493,#1517));
#1471 = ORIENTED_EDGE('',*,*,#708,.T.);
#1472 = ORIENTED_EDGE('',*,*,#1473,.T.);
#1473 = EDGE_CURVE('',#686,#1397,#1474,.T.);
#1474 = SURFACE_CURVE('',#1475,(#1479,#1486),.PCURVE_S1.);
#1475 = LINE('',#1476,#1477);
#1476 = CARTESIAN_POINT('',(-26.2,-32.45,3.6));
#1477 = VECTOR('',#1478,1.);
#1478 = DIRECTION('',(-1.,-1.110223024625E-15,-4.440892098501E-16));
#1479 = PCURVE('',#729,#1480);
#1480 = DEFINITIONAL_REPRESENTATION('',(#1481),#1485);
#1481 = LINE('',#1482,#1483);
#1482 = CARTESIAN_POINT('',(4.712388980385,0.));
#1483 = VECTOR('',#1484,1.);
#1484 = DIRECTION('',(0.,-1.));
#1485 = ( GEOMETRIC_REPRESENTATION_CONTEXT(2) 
PARAMETRIC_REPRESENTATION_CONTEXT() REPRESENTATION_CONTEXT('2D SPACE',''
  ) );
#1486 = PCURVE('',#132,#1487);
#1487 = DEFINITIONAL_REPRESENTATION('',(#1488),#1492);
#1488 = LINE('',#1489,#1490);
#1489 = CARTESIAN_POINT('',(0.23392857143,12.));
#1490 = VECTOR('',#1491,1.);
#1491 = DIRECTION('',(1.,1.110223024625E-15));
#1492 = ( GEOMETRIC_REPRESENTATION_CONTEXT(2) 
PARAMETRIC_REPRESENTATION_CONTEXT() REPRESENTATION_CONTEXT('2D SPACE',''
  ) );
#1493 = ORIENTED_EDGE('',*,*,#1494,.F.);
#1494 = EDGE_CURVE('',#1495,#1397,#1497,.T.);
#1495 = VERTEX_POINT('',#1496);
#1496 = CARTESIAN_POINT('',(-27.5,-33.95,2.1));
#1497 = SURFACE_CURVE('',#1498,(#1503,#1510),.PCURVE_S1.);
#1498 = CIRCLE('',#1499,1.5);
#1499 = AXIS2_PLACEMENT_3D('',#1500,#1501,#1502);
#1500 = CARTESIAN_POINT('',(-27.5,-32.45,2.1));
#1501 = DIRECTION('',(-1.,2.22044604925E-16,8.881784197001E-16));
#1502 = DIRECTION('',(-2.22044604925E-16,-1.,-2.812564995717E-15));
#1503 = PCURVE('',#729,#1504);
#1504 = DEFINITIONAL_REPRESENTATION('',(#1505),#1509);
#1505 = LINE('',#1506,#1507);
#1506 = CARTESIAN_POINT('',(6.28318530718,-1.3));
#1507 = VECTOR('',#1508,1.);
#1508 = DIRECTION('',(-1.,0.));
#1509 = ( GEOMETRIC_REPRESENTATION_CONTEXT(2) 
PARAMETRIC_REPRESENTATION_CONTEXT() REPRESENTATION_CONTEXT('2D SPACE',''
  ) );
#1510 = PCURVE('',#1414,#1511);
#1511 = DEFINITIONAL_REPRESENTATION('',(#1512),#1516);
#1512 = LINE('',#1513,#1514);
#1513 = CARTESIAN_POINT('',(6.28318530718,0.));
#1514 = VECTOR('',#1515,1.);
#1515 = DIRECTION('',(-1.,0.));
#1516 = ( GEOMETRIC_REPRESENTATION_CONTEXT(2) 
PARAMETRIC_REPRESENTATION_CONTEXT() REPRESENTATION_CONTEXT('2D SPACE',''
  ) );
#1517 = ORIENTED_EDGE('',*,*,#1518,.F.);
#1518 = EDGE_CURVE('',#709,#1495,#1519,.T.);
#1519 = SURFACE_CURVE('',#1520,(#1524,#1531),.PCURVE_S1.);
#1520 = LINE('',#1521,#1522);
#1521 = CARTESIAN_POINT('',(-26.2,-33.95,2.1));
#1522 = VECTOR('',#1523,1.);
#1523 = DIRECTION('',(-1.,-1.110223024625E-15,-4.440892098501E-16));
#1524 = PCURVE('',#729,#1525);
#1525 = DEFINITIONAL_REPRESENTATION('',(#1526),#1530);
#1526 = LINE('',#1527,#1528);
#1527 = CARTESIAN_POINT('',(6.28318530718,0.));
#1528 = VECTOR('',#1529,1.);
#1529 = DIRECTION('',(0.,-1.));
#1530 = ( GEOMETRIC_REPRESENTATION_CONTEXT(2) 
PARAMETRIC_REPRESENTATION_CONTEXT() REPRESENTATION_CONTEXT('2D SPACE',''
  ) );
#1531 = PCURVE('',#757,#1532);
#1532 = DEFINITIONAL_REPRESENTATION('',(#1533),#1537);
#1533 = LINE('',#1534,#1535);
#1534 = CARTESIAN_POINT('',(0.72244525548,-1.402554744526));
#1535 = VECTOR('',#1536,1.);
#1536 = DIRECTION('',(1.,4.440892098501E-16));
#1537 = ( GEOMETRIC_REPRESENTATION_CONTEXT(2) 
PARAMETRIC_REPRESENTATION_CONTEXT() REPRESENTATION_CONTEXT('2D SPACE',''
  ) );
#1538 = ADVANCED_FACE('',(#1539),#219,.F.);
#1539 = FACE_BOUND('',#1540,.F.);
#1540 = EDGE_LOOP('',(#1541,#1542,#1543,#1571,#1599,#1632,#1660,#1693));
#1541 = ORIENTED_EDGE('',*,*,#204,.F.);
#1542 = ORIENTED_EDGE('',*,*,#1448,.F.);
#1543 = ORIENTED_EDGE('',*,*,#1544,.F.);
#1544 = EDGE_CURVE('',#1545,#1399,#1547,.T.);
#1545 = VERTEX_POINT('',#1546);
#1546 = CARTESIAN_POINT('',(-27.7,-33.75,2.1));
#1547 = SURFACE_CURVE('',#1548,(#1553,#1564),.PCURVE_S1.);
#1548 = CIRCLE('',#1549,1.3);
#1549 = AXIS2_PLACEMENT_3D('',#1550,#1551,#1552);
#1550 = CARTESIAN_POINT('',(-27.7,-32.45,2.1));
#1551 = DIRECTION('',(-1.,2.22044604925E-16,8.881784197001E-16));
#1552 = DIRECTION('',(-2.22044604925E-16,-1.,-2.812564995717E-15));
#1553 = PCURVE('',#219,#1554);
#1554 = DEFINITIONAL_REPRESENTATION('',(#1555),#1563);
#1555 = ( BOUNDED_CURVE() B_SPLINE_CURVE(2,(#1556,#1557,#1558,#1559,
#1560,#1561,#1562),.UNSPECIFIED.,.T.,.F.) B_SPLINE_CURVE_WITH_KNOTS((1,2
    ,2,2,2,1),(-2.094395102393,0.,2.094395102393,4.188790204786,
6.28318530718,8.377580409573),.UNSPECIFIED.) CURVE() 
GEOMETRIC_REPRESENTATION_ITEM() RATIONAL_B_SPLINE_CURVE((1.,0.5,1.,0.5,
1.,0.5,1.)) REPRESENTATION_ITEM('') );
#1556 = CARTESIAN_POINT('',(1.05,13.3));
#1557 = CARTESIAN_POINT('',(3.30166604984,13.3));
#1558 = CARTESIAN_POINT('',(2.17583302492,11.35));
#1559 = CARTESIAN_POINT('',(1.05,9.4));
#1560 = CARTESIAN_POINT('',(-7.583302491976E-02,11.35));
#1561 = CARTESIAN_POINT('',(-1.20166604984,13.3));
#1562 = CARTESIAN_POINT('',(1.05,13.3));
#1563 = ( GEOMETRIC_REPRESENTATION_CONTEXT(2) 
PARAMETRIC_REPRESENTATION_CONTEXT() REPRESENTATION_CONTEXT('2D SPACE',''
  ) );
#1564 = PCURVE('',#1414,#1565);
#1565 = DEFINITIONAL_REPRESENTATION('',(#1566),#1570);
#1566 = LINE('',#1567,#1568);
#1567 = CARTESIAN_POINT('',(6.28318530718,-0.2));
#1568 = VECTOR('',#1569,1.);
#1569 = DIRECTION('',(-1.,9.995519036438E-16));
#1570 = ( GEOMETRIC_REPRESENTATION_CONTEXT(2) 
PARAMETRIC_REPRESENTATION_CONTEXT() REPRESENTATION_CONTEXT('2D SPACE',''
  ) );
#1571 = ORIENTED_EDGE('',*,*,#1572,.F.);
#1572 = EDGE_CURVE('',#1573,#1545,#1575,.T.);
#1573 = VERTEX_POINT('',#1574);
#1574 = CARTESIAN_POINT('',(-27.7,-33.75,2.13162820728E-14));
#1575 = SURFACE_CURVE('',#1576,(#1580,#1587),.PCURVE_S1.);
#1576 = LINE('',#1577,#1578);
#1577 = CARTESIAN_POINT('',(-27.7,-33.75,1.784128400573E-14));
#1578 = VECTOR('',#1579,1.);
#1579 = DIRECTION('',(8.881784197001E-16,-2.22044604925E-16,1.));
#1580 = PCURVE('',#219,#1581);
#1581 = DEFINITIONAL_REPRESENTATION('',(#1582),#1586);
#1582 = LINE('',#1583,#1584);
#1583 = CARTESIAN_POINT('',(-1.05,13.3));
#1584 = VECTOR('',#1585,1.);
#1585 = DIRECTION('',(1.,-4.440892098501E-16));
#1586 = ( GEOMETRIC_REPRESENTATION_CONTEXT(2) 
PARAMETRIC_REPRESENTATION_CONTEXT() REPRESENTATION_CONTEXT('2D SPACE',''
  ) );
#1587 = PCURVE('',#1588,#1593);
#1588 = PLANE('',#1589);
#1589 = AXIS2_PLACEMENT_3D('',#1590,#1591,#1592);
#1590 = CARTESIAN_POINT('',(-27.6,-33.85,1.786348846622E-14));
#1591 = DIRECTION('',(0.707106781187,0.707106781187,-4.082059813413E-16)
  );
#1592 = DIRECTION('',(-8.437567298399E-16,2.664662947852E-16,-1.));
#1593 = DEFINITIONAL_REPRESENTATION('',(#1594),#1598);
#1594 = LINE('',#1595,#1596);
#1595 = CARTESIAN_POINT('',(1.332267629525E-16,0.141421356237));
#1596 = VECTOR('',#1597,1.);
#1597 = DIRECTION('',(-1.,0.));
#1598 = ( GEOMETRIC_REPRESENTATION_CONTEXT(2) 
PARAMETRIC_REPRESENTATION_CONTEXT() REPRESENTATION_CONTEXT('2D SPACE',''
  ) );
#1599 = ORIENTED_EDGE('',*,*,#1600,.F.);
#1600 = EDGE_CURVE('',#1601,#1573,#1603,.T.);
#1601 = VERTEX_POINT('',#1602);
#1602 = CARTESIAN_POINT('',(-27.7,-32.45,-1.3));
#1603 = SURFACE_CURVE('',#1604,(#1609,#1620),.PCURVE_S1.);
#1604 = CIRCLE('',#1605,1.3);
#1605 = AXIS2_PLACEMENT_3D('',#1606,#1607,#1608);
#1606 = CARTESIAN_POINT('',(-27.7,-32.45,2.303712776097E-14));
#1607 = DIRECTION('',(-1.,2.22044604925E-16,8.881784197001E-16));
#1608 = DIRECTION('',(-8.881784197001E-16,2.22044604925E-16,-1.));
#1609 = PCURVE('',#219,#1610);
#1610 = DEFINITIONAL_REPRESENTATION('',(#1611),#1619);
#1611 = ( BOUNDED_CURVE() B_SPLINE_CURVE(2,(#1612,#1613,#1614,#1615,
#1616,#1617,#1618),.UNSPECIFIED.,.T.,.F.) B_SPLINE_CURVE_WITH_KNOTS((1,2
    ,2,2,2,1),(-2.094395102393,0.,2.094395102393,4.188790204786,
6.28318530718,8.377580409573),.UNSPECIFIED.) CURVE() 
GEOMETRIC_REPRESENTATION_ITEM() RATIONAL_B_SPLINE_CURVE((1.,0.5,1.,0.5,
1.,0.5,1.)) REPRESENTATION_ITEM('') );
#1612 = CARTESIAN_POINT('',(-2.35,12.));
#1613 = CARTESIAN_POINT('',(-2.35,14.25166604984));
#1614 = CARTESIAN_POINT('',(-0.4,13.12583302492));
#1615 = CARTESIAN_POINT('',(1.55,12.));
#1616 = CARTESIAN_POINT('',(-0.4,10.87416697508));
#1617 = CARTESIAN_POINT('',(-2.35,9.74833395016));
#1618 = CARTESIAN_POINT('',(-2.35,12.));
#1619 = ( GEOMETRIC_REPRESENTATION_CONTEXT(2) 
PARAMETRIC_REPRESENTATION_CONTEXT() REPRESENTATION_CONTEXT('2D SPACE',''
  ) );
#1620 = PCURVE('',#1621,#1626);
#1621 = CONICAL_SURFACE('',#1622,1.5,0.785398163397);
#1622 = AXIS2_PLACEMENT_3D('',#1623,#1624,#1625);
#1623 = CARTESIAN_POINT('',(-27.5,-32.45,2.299271883999E-14));
#1624 = DIRECTION('',(1.,4.440892098501E-16,-2.22044604925E-16));
#1625 = DIRECTION('',(-2.22044604925E-16,2.22044604925E-16,-1.));
#1626 = DEFINITIONAL_REPRESENTATION('',(#1627),#1631);
#1627 = LINE('',#1628,#1629);
#1628 = CARTESIAN_POINT('',(6.28318530718,-0.2));
#1629 = VECTOR('',#1630,1.);
#1630 = DIRECTION('',(-1.,-9.245855108705E-16));
#1631 = ( GEOMETRIC_REPRESENTATION_CONTEXT(2) 
PARAMETRIC_REPRESENTATION_CONTEXT() REPRESENTATION_CONTEXT('2D SPACE',''
  ) );
#1632 = ORIENTED_EDGE('',*,*,#1633,.F.);
#1633 = EDGE_CURVE('',#1634,#1601,#1636,.T.);
#1634 = VERTEX_POINT('',#1635);
#1635 = CARTESIAN_POINT('',(-27.7,-8.45,-1.3));
#1636 = SURFACE_CURVE('',#1637,(#1641,#1648),.PCURVE_S1.);
#1637 = LINE('',#1638,#1639);
#1638 = CARTESIAN_POINT('',(-27.7,-8.45,-1.3));
#1639 = VECTOR('',#1640,1.);
#1640 = DIRECTION('',(-2.22044604925E-16,-1.,8.881784197001E-16));
#1641 = PCURVE('',#219,#1642);
#1642 = DEFINITIONAL_REPRESENTATION('',(#1643),#1647);
#1643 = LINE('',#1644,#1645);
#1644 = CARTESIAN_POINT('',(-2.35,-12.));
#1645 = VECTOR('',#1646,1.);
#1646 = DIRECTION('',(1.554312234475E-15,1.));
#1647 = ( GEOMETRIC_REPRESENTATION_CONTEXT(2) 
PARAMETRIC_REPRESENTATION_CONTEXT() REPRESENTATION_CONTEXT('2D SPACE',''
  ) );
#1648 = PCURVE('',#1649,#1654);
#1649 = PLANE('',#1650);
#1650 = AXIS2_PLACEMENT_3D('',#1651,#1652,#1653);
#1651 = CARTESIAN_POINT('',(-27.6,-8.45,-1.4));
#1652 = DIRECTION('',(0.707106781187,6.283338759992E-16,0.707106781187)
  );
#1653 = DIRECTION('',(1.108123677443E-16,1.,-9.994106568808E-16));
#1654 = DEFINITIONAL_REPRESENTATION('',(#1655),#1659);
#1655 = LINE('',#1656,#1657);
#1656 = CARTESIAN_POINT('',(-1.110223024625E-16,0.141421356237));
#1657 = VECTOR('',#1658,1.);
#1658 = DIRECTION('',(-1.,1.349082391612E-32));
#1659 = ( GEOMETRIC_REPRESENTATION_CONTEXT(2) 
PARAMETRIC_REPRESENTATION_CONTEXT() REPRESENTATION_CONTEXT('2D SPACE',''
  ) );
#1660 = ORIENTED_EDGE('',*,*,#1661,.F.);
#1661 = EDGE_CURVE('',#1662,#1634,#1664,.T.);
#1662 = VERTEX_POINT('',#1663);
#1663 = CARTESIAN_POINT('',(-27.7,-7.15,0.));
#1664 = SURFACE_CURVE('',#1665,(#1670,#1681),.PCURVE_S1.);
#1665 = CIRCLE('',#1666,1.3);
#1666 = AXIS2_PLACEMENT_3D('',#1667,#1668,#1669);
#1667 = CARTESIAN_POINT('',(-27.7,-8.45,-8.937295348233E-15));
#1668 = DIRECTION('',(-1.,2.22044604925E-16,8.881784197001E-16));
#1669 = DIRECTION('',(2.22044604925E-16,1.,1.898821519315E-15));
#1670 = PCURVE('',#219,#1671);
#1671 = DEFINITIONAL_REPRESENTATION('',(#1672),#1680);
#1672 = ( BOUNDED_CURVE() B_SPLINE_CURVE(2,(#1673,#1674,#1675,#1676,
#1677,#1678,#1679),.UNSPECIFIED.,.T.,.F.) B_SPLINE_CURVE_WITH_KNOTS((1,2
    ,2,2,2,1),(-2.094395102393,0.,2.094395102393,4.188790204786,
6.28318530718,8.377580409573),.UNSPECIFIED.) CURVE() 
GEOMETRIC_REPRESENTATION_ITEM() RATIONAL_B_SPLINE_CURVE((1.,0.5,1.,0.5,
1.,0.5,1.)) REPRESENTATION_ITEM('') );
#1673 = CARTESIAN_POINT('',(-1.05,-13.3));
#1674 = CARTESIAN_POINT('',(-3.30166604984,-13.3));
#1675 = CARTESIAN_POINT('',(-2.17583302492,-11.35));
#1676 = CARTESIAN_POINT('',(-1.05,-9.4));
#1677 = CARTESIAN_POINT('',(7.583302491975E-02,-11.35));
#1678 = CARTESIAN_POINT('',(1.20166604984,-13.3));
#1679 = CARTESIAN_POINT('',(-1.05,-13.3));
#1680 = ( GEOMETRIC_REPRESENTATION_CONTEXT(2) 
PARAMETRIC_REPRESENTATION_CONTEXT() REPRESENTATION_CONTEXT('2D SPACE',''
  ) );
#1681 = PCURVE('',#1682,#1687);
#1682 = CONICAL_SURFACE('',#1683,1.5,0.785398163397);
#1683 = AXIS2_PLACEMENT_3D('',#1684,#1685,#1686);
#1684 = CARTESIAN_POINT('',(-27.5,-8.45,-8.981704269218E-15));
#1685 = DIRECTION('',(1.,4.440892098501E-16,-2.22044604925E-16));
#1686 = DIRECTION('',(-4.440892098501E-16,1.,1.898821519315E-15));
#1687 = DEFINITIONAL_REPRESENTATION('',(#1688),#1692);
#1688 = LINE('',#1689,#1690);
#1689 = CARTESIAN_POINT('',(6.28318530718,-0.2));
#1690 = VECTOR('',#1691,1.);
#1691 = DIRECTION('',(-1.,0.));
#1692 = ( GEOMETRIC_REPRESENTATION_CONTEXT(2) 
PARAMETRIC_REPRESENTATION_CONTEXT() REPRESENTATION_CONTEXT('2D SPACE',''
  ) );
#1693 = ORIENTED_EDGE('',*,*,#1694,.F.);
#1694 = EDGE_CURVE('',#177,#1662,#1695,.T.);
#1695 = SURFACE_CURVE('',#1696,(#1700,#1707),.PCURVE_S1.);
#1696 = LINE('',#1697,#1698);
#1697 = CARTESIAN_POINT('',(-27.7,-7.15,2.1));
#1698 = VECTOR('',#1699,1.);
#1699 = DIRECTION('',(-8.881784197001E-16,2.22044604925E-16,-1.));
#1700 = PCURVE('',#219,#1701);
#1701 = DEFINITIONAL_REPRESENTATION('',(#1702),#1706);
#1702 = LINE('',#1703,#1704);
#1703 = CARTESIAN_POINT('',(1.05,-13.3));
#1704 = VECTOR('',#1705,1.);
#1705 = DIRECTION('',(-1.,4.440892098501E-16));
#1706 = ( GEOMETRIC_REPRESENTATION_CONTEXT(2) 
PARAMETRIC_REPRESENTATION_CONTEXT() REPRESENTATION_CONTEXT('2D SPACE',''
  ) );
#1707 = PCURVE('',#192,#1708);
#1708 = DEFINITIONAL_REPRESENTATION('',(#1709),#1713);
#1709 = LINE('',#1710,#1711);
#1710 = CARTESIAN_POINT('',(-6.661338147751E-17,0.141421356237));
#1711 = VECTOR('',#1712,1.);
#1712 = DIRECTION('',(-1.,9.860761315263E-32));
#1713 = ( GEOMETRIC_REPRESENTATION_CONTEXT(2) 
PARAMETRIC_REPRESENTATION_CONTEXT() REPRESENTATION_CONTEXT('2D SPACE',''
  ) );
#1714 = ADVANCED_FACE('',(#1715),#192,.F.);
#1715 = FACE_BOUND('',#1716,.T.);
#1716 = EDGE_LOOP('',(#1717,#1718,#1741,#1762));
#1717 = ORIENTED_EDGE('',*,*,#176,.F.);
#1718 = ORIENTED_EDGE('',*,*,#1719,.T.);
#1719 = EDGE_CURVE('',#62,#1720,#1722,.T.);
#1720 = VERTEX_POINT('',#1721);
#1721 = CARTESIAN_POINT('',(-27.5,-6.95,0.));
#1722 = SURFACE_CURVE('',#1723,(#1727,#1734),.PCURVE_S1.);
#1723 = LINE('',#1724,#1725);
#1724 = CARTESIAN_POINT('',(-27.5,-6.95,2.1));
#1725 = VECTOR('',#1726,1.);
#1726 = DIRECTION('',(-8.881784197001E-16,2.22044604925E-16,-1.));
#1727 = PCURVE('',#192,#1728);
#1728 = DEFINITIONAL_REPRESENTATION('',(#1729),#1733);
#1729 = LINE('',#1730,#1731);
#1730 = CARTESIAN_POINT('',(6.661338147751E-17,-0.141421356237));
#1731 = VECTOR('',#1732,1.);
#1732 = DIRECTION('',(-1.,9.860761315263E-32));
#1733 = ( GEOMETRIC_REPRESENTATION_CONTEXT(2) 
PARAMETRIC_REPRESENTATION_CONTEXT() REPRESENTATION_CONTEXT('2D SPACE',''
  ) );
#1734 = PCURVE('',#77,#1735);
#1735 = DEFINITIONAL_REPRESENTATION('',(#1736),#1740);
#1736 = LINE('',#1737,#1738);
#1737 = CARTESIAN_POINT('',(-2.02244525548,-1.402554744526));
#1738 = VECTOR('',#1739,1.);
#1739 = DIRECTION('',(-8.881784197001E-16,1.));
#1740 = ( GEOMETRIC_REPRESENTATION_CONTEXT(2) 
PARAMETRIC_REPRESENTATION_CONTEXT() REPRESENTATION_CONTEXT('2D SPACE',''
  ) );
#1741 = ORIENTED_EDGE('',*,*,#1742,.T.);
#1742 = EDGE_CURVE('',#1720,#1662,#1743,.T.);
#1743 = SURFACE_CURVE('',#1744,(#1748,#1755),.PCURVE_S1.);
#1744 = LINE('',#1745,#1746);
#1745 = CARTESIAN_POINT('',(-27.6,-7.05,-6.206146707655E-15));
#1746 = VECTOR('',#1747,1.);
#1747 = DIRECTION('',(-0.707106781187,-0.707106781187,4.710277376048E-16
    ));
#1748 = PCURVE('',#192,#1749);
#1749 = DEFINITIONAL_REPRESENTATION('',(#1750),#1754);
#1750 = LINE('',#1751,#1752);
#1751 = CARTESIAN_POINT('',(-2.1,-3.611212654973E-16));
#1752 = VECTOR('',#1753,1.);
#1753 = DIRECTION('',(-3.381255055004E-28,1.));
#1754 = ( GEOMETRIC_REPRESENTATION_CONTEXT(2) 
PARAMETRIC_REPRESENTATION_CONTEXT() REPRESENTATION_CONTEXT('2D SPACE',''
  ) );
#1755 = PCURVE('',#1682,#1756);
#1756 = DEFINITIONAL_REPRESENTATION('',(#1757),#1761);
#1757 = LINE('',#1758,#1759);
#1758 = CARTESIAN_POINT('',(6.28318530718,-0.1));
#1759 = VECTOR('',#1760,1.);
#1760 = DIRECTION('',(0.,-1.));
#1761 = ( GEOMETRIC_REPRESENTATION_CONTEXT(2) 
PARAMETRIC_REPRESENTATION_CONTEXT() REPRESENTATION_CONTEXT('2D SPACE',''
  ) );
#1762 = ORIENTED_EDGE('',*,*,#1694,.F.);
#1763 = ADVANCED_FACE('',(#1764),#1360,.T.);
#1764 = FACE_BOUND('',#1765,.T.);
#1765 = EDGE_LOOP('',(#1766,#1767,#1790,#1819));
#1766 = ORIENTED_EDGE('',*,*,#1343,.T.);
#1767 = ORIENTED_EDGE('',*,*,#1768,.T.);
#1768 = EDGE_CURVE('',#1316,#1769,#1771,.T.);
#1769 = VERTEX_POINT('',#1770);
#1770 = CARTESIAN_POINT('',(-22.75,-7.15,0.9));
#1771 = SURFACE_CURVE('',#1772,(#1776,#1783),.PCURVE_S1.);
#1772 = LINE('',#1773,#1774);
#1773 = CARTESIAN_POINT('',(-26.2,-7.15,0.9));
#1774 = VECTOR('',#1775,1.);
#1775 = DIRECTION('',(1.,6.661338147751E-16,2.22044604925E-16));
#1776 = PCURVE('',#1360,#1777);
#1777 = DEFINITIONAL_REPRESENTATION('',(#1778),#1782);
#1778 = LINE('',#1779,#1780);
#1779 = CARTESIAN_POINT('',(4.712388980385,0.));
#1780 = VECTOR('',#1781,1.);
#1781 = DIRECTION('',(1.287215101015E-15,-1.));
#1782 = ( GEOMETRIC_REPRESENTATION_CONTEXT(2) 
PARAMETRIC_REPRESENTATION_CONTEXT() REPRESENTATION_CONTEXT('2D SPACE',''
  ) );
#1783 = PCURVE('',#1331,#1784);
#1784 = DEFINITIONAL_REPRESENTATION('',(#1785),#1789);
#1785 = LINE('',#1786,#1787);
#1786 = CARTESIAN_POINT('',(1.1,2.442490654175E-16));
#1787 = VECTOR('',#1788,1.);
#1788 = DIRECTION('',(8.881784197001E-16,-1.));
#1789 = ( GEOMETRIC_REPRESENTATION_CONTEXT(2) 
PARAMETRIC_REPRESENTATION_CONTEXT() REPRESENTATION_CONTEXT('2D SPACE',''
  ) );
#1790 = ORIENTED_EDGE('',*,*,#1791,.F.);
#1791 = EDGE_CURVE('',#1792,#1769,#1794,.T.);
#1792 = VERTEX_POINT('',#1793);
#1793 = CARTESIAN_POINT('',(-22.75,-6.95,0.7));
#1794 = SURFACE_CURVE('',#1795,(#1800,#1807),.PCURVE_S1.);
#1795 = CIRCLE('',#1796,0.2);
#1796 = AXIS2_PLACEMENT_3D('',#1797,#1798,#1799);
#1797 = CARTESIAN_POINT('',(-22.75,-7.15,0.7));
#1798 = DIRECTION('',(1.,-4.440892098501E-16,-8.881784197001E-16));
#1799 = DIRECTION('',(4.440892098501E-16,1.,-8.881784197001E-16));
#1800 = PCURVE('',#1360,#1801);
#1801 = DEFINITIONAL_REPRESENTATION('',(#1802),#1806);
#1802 = LINE('',#1803,#1804);
#1803 = CARTESIAN_POINT('',(6.28318530718,-3.45));
#1804 = VECTOR('',#1805,1.);
#1805 = DIRECTION('',(-1.,0.));
#1806 = ( GEOMETRIC_REPRESENTATION_CONTEXT(2) 
PARAMETRIC_REPRESENTATION_CONTEXT() REPRESENTATION_CONTEXT('2D SPACE',''
  ) );
#1807 = PCURVE('',#1808,#1813);
#1808 = PLANE('',#1809);
#1809 = AXIS2_PLACEMENT_3D('',#1810,#1811,#1812);
#1810 = CARTESIAN_POINT('',(-22.75,-20.45,1.125832951957));
#1811 = DIRECTION('',(1.,8.881784197001E-16,4.440892098501E-16));
#1812 = DIRECTION('',(-4.440892098501E-16,-4.440892098501E-16,1.));
#1813 = DEFINITIONAL_REPRESENTATION('',(#1814),#1818);
#1814 = CIRCLE('',#1815,0.2);
#1815 = AXIS2_PLACEMENT_2D('',#1816,#1817);
#1816 = CARTESIAN_POINT('',(-0.425832951957,-13.3));
#1817 = DIRECTION('',(-1.33226762955E-15,-1.));
#1818 = ( GEOMETRIC_REPRESENTATION_CONTEXT(2) 
PARAMETRIC_REPRESENTATION_CONTEXT() REPRESENTATION_CONTEXT('2D SPACE',''
  ) );
#1819 = ORIENTED_EDGE('',*,*,#1820,.F.);
#1820 = EDGE_CURVE('',#1344,#1792,#1821,.T.);
#1821 = SURFACE_CURVE('',#1822,(#1826,#1833),.PCURVE_S1.);
#1822 = LINE('',#1823,#1824);
#1823 = CARTESIAN_POINT('',(-26.2,-6.95,0.7));
#1824 = VECTOR('',#1825,1.);
#1825 = DIRECTION('',(1.,6.661338147751E-16,2.22044604925E-16));
#1826 = PCURVE('',#1360,#1827);
#1827 = DEFINITIONAL_REPRESENTATION('',(#1828),#1832);
#1828 = LINE('',#1829,#1830);
#1829 = CARTESIAN_POINT('',(6.28318530718,0.));
#1830 = VECTOR('',#1831,1.);
#1831 = DIRECTION('',(0.,-1.));
#1832 = ( GEOMETRIC_REPRESENTATION_CONTEXT(2) 
PARAMETRIC_REPRESENTATION_CONTEXT() REPRESENTATION_CONTEXT('2D SPACE',''
  ) );
#1833 = PCURVE('',#77,#1834);
#1834 = DEFINITIONAL_REPRESENTATION('',(#1835),#1839);
#1835 = LINE('',#1836,#1837);
#1836 = CARTESIAN_POINT('',(-0.72244525548,-2.554744526E-03));
#1837 = VECTOR('',#1838,1.);
#1838 = DIRECTION('',(1.,-2.22044604925E-16));
#1839 = ( GEOMETRIC_REPRESENTATION_CONTEXT(2) 
PARAMETRIC_REPRESENTATION_CONTEXT() REPRESENTATION_CONTEXT('2D SPACE',''
  ) );
#1840 = ADVANCED_FACE('',(#1841),#1331,.T.);
#1841 = FACE_BOUND('',#1842,.T.);
#1842 = EDGE_LOOP('',(#1843,#1866,#1887,#1888));
#1843 = ORIENTED_EDGE('',*,*,#1844,.T.);
#1844 = EDGE_CURVE('',#1287,#1845,#1847,.T.);
#1845 = VERTEX_POINT('',#1846);
#1846 = CARTESIAN_POINT('',(-22.75,-8.25,0.9));
#1847 = SURFACE_CURVE('',#1848,(#1852,#1859),.PCURVE_S1.);
#1848 = LINE('',#1849,#1850);
#1849 = CARTESIAN_POINT('',(-26.2,-8.25,0.9));
#1850 = VECTOR('',#1851,1.);
#1851 = DIRECTION('',(1.,6.661338147751E-16,2.22044604925E-16));
#1852 = PCURVE('',#1331,#1853);
#1853 = DEFINITIONAL_REPRESENTATION('',(#1854),#1858);
#1854 = LINE('',#1855,#1856);
#1855 = CARTESIAN_POINT('',(0.,0.));
#1856 = VECTOR('',#1857,1.);
#1857 = DIRECTION('',(8.881784197001E-16,-1.));
#1858 = ( GEOMETRIC_REPRESENTATION_CONTEXT(2) 
PARAMETRIC_REPRESENTATION_CONTEXT() REPRESENTATION_CONTEXT('2D SPACE',''
  ) );
#1859 = PCURVE('',#1303,#1860);
#1860 = DEFINITIONAL_REPRESENTATION('',(#1861),#1865);
#1861 = LINE('',#1862,#1863);
#1862 = CARTESIAN_POINT('',(4.712388980385,0.));
#1863 = VECTOR('',#1864,1.);
#1864 = DIRECTION('',(0.,-1.));
#1865 = ( GEOMETRIC_REPRESENTATION_CONTEXT(2) 
PARAMETRIC_REPRESENTATION_CONTEXT() REPRESENTATION_CONTEXT('2D SPACE',''
  ) );
#1866 = ORIENTED_EDGE('',*,*,#1867,.T.);
#1867 = EDGE_CURVE('',#1845,#1769,#1868,.T.);
#1868 = SURFACE_CURVE('',#1869,(#1873,#1880),.PCURVE_S1.);
#1869 = LINE('',#1870,#1871);
#1870 = CARTESIAN_POINT('',(-22.75,-8.25,0.9));
#1871 = VECTOR('',#1872,1.);
#1872 = DIRECTION('',(4.440892098501E-16,1.,-8.881784197001E-16));
#1873 = PCURVE('',#1331,#1874);
#1874 = DEFINITIONAL_REPRESENTATION('',(#1875),#1879);
#1875 = LINE('',#1876,#1877);
#1876 = CARTESIAN_POINT('',(7.660538869913E-16,-3.45));
#1877 = VECTOR('',#1878,1.);
#1878 = DIRECTION('',(1.,-2.220446049251E-16));
#1879 = ( GEOMETRIC_REPRESENTATION_CONTEXT(2) 
PARAMETRIC_REPRESENTATION_CONTEXT() REPRESENTATION_CONTEXT('2D SPACE',''
  ) );
#1880 = PCURVE('',#1808,#1881);
#1881 = DEFINITIONAL_REPRESENTATION('',(#1882),#1886);
#1882 = LINE('',#1883,#1884);
#1883 = CARTESIAN_POINT('',(-0.225832951957,-12.2));
#1884 = VECTOR('',#1885,1.);
#1885 = DIRECTION('',(-1.33226762955E-15,-1.));
#1886 = ( GEOMETRIC_REPRESENTATION_CONTEXT(2) 
PARAMETRIC_REPRESENTATION_CONTEXT() REPRESENTATION_CONTEXT('2D SPACE',''
  ) );
#1887 = ORIENTED_EDGE('',*,*,#1768,.F.);
#1888 = ORIENTED_EDGE('',*,*,#1315,.F.);
#1889 = ADVANCED_FACE('',(#1890),#1303,.T.);
#1890 = FACE_BOUND('',#1891,.T.);
#1891 = EDGE_LOOP('',(#1892,#1893,#1916,#1938));
#1892 = ORIENTED_EDGE('',*,*,#1286,.T.);
#1893 = ORIENTED_EDGE('',*,*,#1894,.T.);
#1894 = EDGE_CURVE('',#1259,#1895,#1897,.T.);
#1895 = VERTEX_POINT('',#1896);
#1896 = CARTESIAN_POINT('',(-22.75,-8.45,0.7));
#1897 = SURFACE_CURVE('',#1898,(#1902,#1909),.PCURVE_S1.);
#1898 = LINE('',#1899,#1900);
#1899 = CARTESIAN_POINT('',(-26.2,-8.45,0.7));
#1900 = VECTOR('',#1901,1.);
#1901 = DIRECTION('',(1.,6.661338147751E-16,2.22044604925E-16));
#1902 = PCURVE('',#1303,#1903);
#1903 = DEFINITIONAL_REPRESENTATION('',(#1904),#1908);
#1904 = LINE('',#1905,#1906);
#1905 = CARTESIAN_POINT('',(3.14159265359,0.));
#1906 = VECTOR('',#1907,1.);
#1907 = DIRECTION('',(1.029772080812E-15,-1.));
#1908 = ( GEOMETRIC_REPRESENTATION_CONTEXT(2) 
PARAMETRIC_REPRESENTATION_CONTEXT() REPRESENTATION_CONTEXT('2D SPACE',''
  ) );
#1909 = PCURVE('',#1274,#1910);
#1910 = DEFINITIONAL_REPRESENTATION('',(#1911),#1915);
#1911 = LINE('',#1912,#1913);
#1912 = CARTESIAN_POINT('',(1.725,-0.992261628933));
#1913 = VECTOR('',#1914,1.);
#1914 = DIRECTION('',(-1.,-2.22044604925E-16));
#1915 = ( GEOMETRIC_REPRESENTATION_CONTEXT(2) 
PARAMETRIC_REPRESENTATION_CONTEXT() REPRESENTATION_CONTEXT('2D SPACE',''
  ) );
#1916 = ORIENTED_EDGE('',*,*,#1917,.F.);
#1917 = EDGE_CURVE('',#1845,#1895,#1918,.T.);
#1918 = SURFACE_CURVE('',#1919,(#1924,#1931),.PCURVE_S1.);
#1919 = CIRCLE('',#1920,0.2);
#1920 = AXIS2_PLACEMENT_3D('',#1921,#1922,#1923);
#1921 = CARTESIAN_POINT('',(-22.75,-8.25,0.7));
#1922 = DIRECTION('',(1.,-4.440892098501E-16,-8.881784197001E-16));
#1923 = DIRECTION('',(4.440892098501E-16,1.,-8.881784197001E-16));
#1924 = PCURVE('',#1303,#1925);
#1925 = DEFINITIONAL_REPRESENTATION('',(#1926),#1930);
#1926 = LINE('',#1927,#1928);
#1927 = CARTESIAN_POINT('',(6.28318530718,-3.45));
#1928 = VECTOR('',#1929,1.);
#1929 = DIRECTION('',(-1.,0.));
#1930 = ( GEOMETRIC_REPRESENTATION_CONTEXT(2) 
PARAMETRIC_REPRESENTATION_CONTEXT() REPRESENTATION_CONTEXT('2D SPACE',''
  ) );
#1931 = PCURVE('',#1808,#1932);
#1932 = DEFINITIONAL_REPRESENTATION('',(#1933),#1937);
#1933 = CIRCLE('',#1934,0.2);
#1934 = AXIS2_PLACEMENT_2D('',#1935,#1936);
#1935 = CARTESIAN_POINT('',(-0.425832951957,-12.2));
#1936 = DIRECTION('',(-1.33226762955E-15,-1.));
#1937 = ( GEOMETRIC_REPRESENTATION_CONTEXT(2) 
PARAMETRIC_REPRESENTATION_CONTEXT() REPRESENTATION_CONTEXT('2D SPACE',''
  ) );
#1938 = ORIENTED_EDGE('',*,*,#1844,.F.);
#1939 = ADVANCED_FACE('',(#1940),#1246,.T.);
#1940 = FACE_BOUND('',#1941,.T.);
#1941 = EDGE_LOOP('',(#1942,#1943,#1966,#1990));
#1942 = ORIENTED_EDGE('',*,*,#1229,.T.);
#1943 = ORIENTED_EDGE('',*,*,#1944,.T.);
#1944 = EDGE_CURVE('',#1197,#1945,#1947,.T.);
#1945 = VERTEX_POINT('',#1946);
#1946 = CARTESIAN_POINT('',(-22.75,-8.219230769231,-1.482142220615));
#1947 = SURFACE_CURVE('',#1948,(#1952,#1959),.PCURVE_S1.);
#1948 = LINE('',#1949,#1950);
#1949 = CARTESIAN_POINT('',(-26.2,-8.219230769231,-1.482142220615));
#1950 = VECTOR('',#1951,1.);
#1951 = DIRECTION('',(1.,6.661338147751E-16,2.22044604925E-16));
#1952 = PCURVE('',#1246,#1953);
#1953 = DEFINITIONAL_REPRESENTATION('',(#1954),#1958);
#1954 = LINE('',#1955,#1956);
#1955 = CARTESIAN_POINT('',(1.416336728311,0.));
#1956 = VECTOR('',#1957,1.);
#1957 = DIRECTION('',(-1.930822651522E-16,-1.));
#1958 = ( GEOMETRIC_REPRESENTATION_CONTEXT(2) 
PARAMETRIC_REPRESENTATION_CONTEXT() REPRESENTATION_CONTEXT('2D SPACE',''
  ) );
#1959 = PCURVE('',#1217,#1960);
#1960 = DEFINITIONAL_REPRESENTATION('',(#1961),#1965);
#1961 = LINE('',#1962,#1963);
#1962 = CARTESIAN_POINT('',(1.725255925279,0.));
#1963 = VECTOR('',#1964,1.);
#1964 = DIRECTION('',(6.436075505073E-17,1.));
#1965 = ( GEOMETRIC_REPRESENTATION_CONTEXT(2) 
PARAMETRIC_REPRESENTATION_CONTEXT() REPRESENTATION_CONTEXT('2D SPACE',''
  ) );
#1966 = ORIENTED_EDGE('',*,*,#1967,.F.);
#1967 = EDGE_CURVE('',#1968,#1945,#1970,.T.);
#1968 = VERTEX_POINT('',#1969);
#1969 = CARTESIAN_POINT('',(-22.75,-8.45,-1.284523257867));
#1970 = SURFACE_CURVE('',#1971,(#1976,#1983),.PCURVE_S1.);
#1971 = CIRCLE('',#1972,0.2);
#1972 = AXIS2_PLACEMENT_3D('',#1973,#1974,#1975);
#1973 = CARTESIAN_POINT('',(-22.75,-8.25,-1.284523257867));
#1974 = DIRECTION('',(1.,-4.440892098501E-16,-8.881784197001E-16));
#1975 = DIRECTION('',(4.440892098501E-16,1.,-8.881784197001E-16));
#1976 = PCURVE('',#1246,#1977);
#1977 = DEFINITIONAL_REPRESENTATION('',(#1978),#1982);
#1978 = LINE('',#1979,#1980);
#1979 = CARTESIAN_POINT('',(6.28318530718,-3.45));
#1980 = VECTOR('',#1981,1.);
#1981 = DIRECTION('',(-1.,0.));
#1982 = ( GEOMETRIC_REPRESENTATION_CONTEXT(2) 
PARAMETRIC_REPRESENTATION_CONTEXT() REPRESENTATION_CONTEXT('2D SPACE',''
  ) );
#1983 = PCURVE('',#1808,#1984);
#1984 = DEFINITIONAL_REPRESENTATION('',(#1985),#1989);
#1985 = CIRCLE('',#1986,0.2);
#1986 = AXIS2_PLACEMENT_2D('',#1987,#1988);
#1987 = CARTESIAN_POINT('',(-2.410356209824,-12.2));
#1988 = DIRECTION('',(-1.33226762955E-15,-1.));
#1989 = ( GEOMETRIC_REPRESENTATION_CONTEXT(2) 
PARAMETRIC_REPRESENTATION_CONTEXT() REPRESENTATION_CONTEXT('2D SPACE',''
  ) );
#1990 = ORIENTED_EDGE('',*,*,#1991,.F.);
#1991 = EDGE_CURVE('',#1230,#1968,#1992,.T.);
#1992 = SURFACE_CURVE('',#1993,(#1997,#2004),.PCURVE_S1.);
#1993 = LINE('',#1994,#1995);
#1994 = CARTESIAN_POINT('',(-26.2,-8.45,-1.284523257867));
#1995 = VECTOR('',#1996,1.);
#1996 = DIRECTION('',(1.,6.661338147751E-16,2.22044604925E-16));
#1997 = PCURVE('',#1246,#1998);
#1998 = DEFINITIONAL_REPRESENTATION('',(#1999),#2003);
#1999 = LINE('',#2000,#2001);
#2000 = CARTESIAN_POINT('',(3.14159265359,0.));
#2001 = VECTOR('',#2002,1.);
#2002 = DIRECTION('',(9.010505707103E-16,-1.));
#2003 = ( GEOMETRIC_REPRESENTATION_CONTEXT(2) 
PARAMETRIC_REPRESENTATION_CONTEXT() REPRESENTATION_CONTEXT('2D SPACE',''
  ) );
#2004 = PCURVE('',#1274,#2005);
#2005 = DEFINITIONAL_REPRESENTATION('',(#2006),#2010);
#2006 = LINE('',#2007,#2008);
#2007 = CARTESIAN_POINT('',(1.725,0.992261628934));
#2008 = VECTOR('',#2009,1.);
#2009 = DIRECTION('',(-1.,-2.22044604925E-16));
#2010 = ( GEOMETRIC_REPRESENTATION_CONTEXT(2) 
PARAMETRIC_REPRESENTATION_CONTEXT() REPRESENTATION_CONTEXT('2D SPACE',''
  ) );
#2011 = ADVANCED_FACE('',(#2012),#1161,.T.);
#2012 = FACE_BOUND('',#2013,.T.);
#2013 = EDGE_LOOP('',(#2014,#2015,#2038,#2067));
#2014 = ORIENTED_EDGE('',*,*,#1144,.T.);
#2015 = ORIENTED_EDGE('',*,*,#2016,.T.);
#2016 = EDGE_CURVE('',#1117,#2017,#2019,.T.);
#2017 = VERTEX_POINT('',#2018);
#2018 = CARTESIAN_POINT('',(-22.75,-17.95,-0.75));
#2019 = SURFACE_CURVE('',#2020,(#2024,#2031),.PCURVE_S1.);
#2020 = LINE('',#2021,#2022);
#2021 = CARTESIAN_POINT('',(-26.2,-17.95,-0.75));
#2022 = VECTOR('',#2023,1.);
#2023 = DIRECTION('',(1.,6.661338147751E-16,2.22044604925E-16));
#2024 = PCURVE('',#1161,#2025);
#2025 = DEFINITIONAL_REPRESENTATION('',(#2026),#2030);
#2026 = LINE('',#2027,#2028);
#2027 = CARTESIAN_POINT('',(0.,0.));
#2028 = VECTOR('',#2029,1.);
#2029 = DIRECTION('',(0.,-1.));
#2030 = ( GEOMETRIC_REPRESENTATION_CONTEXT(2) 
PARAMETRIC_REPRESENTATION_CONTEXT() REPRESENTATION_CONTEXT('2D SPACE',''
  ) );
#2031 = PCURVE('',#1132,#2032);
#2032 = DEFINITIONAL_REPRESENTATION('',(#2033),#2037);
#2033 = LINE('',#2034,#2035);
#2034 = CARTESIAN_POINT('',(0.2,-1.33226762955E-16));
#2035 = VECTOR('',#2036,1.);
#2036 = DIRECTION('',(-8.881784197001E-16,-1.));
#2037 = ( GEOMETRIC_REPRESENTATION_CONTEXT(2) 
PARAMETRIC_REPRESENTATION_CONTEXT() REPRESENTATION_CONTEXT('2D SPACE',''
  ) );
#2038 = ORIENTED_EDGE('',*,*,#2039,.F.);
#2039 = EDGE_CURVE('',#2040,#2017,#2042,.T.);
#2040 = VERTEX_POINT('',#2041);
#2041 = CARTESIAN_POINT('',(-22.75,-18.7,-1.5));
#2042 = SURFACE_CURVE('',#2043,(#2048,#2055),.PCURVE_S1.);
#2043 = CIRCLE('',#2044,0.75);
#2044 = AXIS2_PLACEMENT_3D('',#2045,#2046,#2047);
#2045 = CARTESIAN_POINT('',(-22.75,-18.7,-0.75));
#2046 = DIRECTION('',(1.,-4.440892098501E-16,-8.881784197001E-16));
#2047 = DIRECTION('',(4.440892098501E-16,1.,-8.881784197001E-16));
#2048 = PCURVE('',#1161,#2049);
#2049 = DEFINITIONAL_REPRESENTATION('',(#2050),#2054);
#2050 = LINE('',#2051,#2052);
#2051 = CARTESIAN_POINT('',(6.28318530718,-3.45));
#2052 = VECTOR('',#2053,1.);
#2053 = DIRECTION('',(-1.,0.));
#2054 = ( GEOMETRIC_REPRESENTATION_CONTEXT(2) 
PARAMETRIC_REPRESENTATION_CONTEXT() REPRESENTATION_CONTEXT('2D SPACE',''
  ) );
#2055 = PCURVE('',#2056,#2061);
#2056 = PLANE('',#2057);
#2057 = AXIS2_PLACEMENT_3D('',#2058,#2059,#2060);
#2058 = CARTESIAN_POINT('',(-22.75,-20.45,1.125832951957));
#2059 = DIRECTION('',(1.,8.881784197001E-16,4.440892098501E-16));
#2060 = DIRECTION('',(-4.440892098501E-16,-4.440892098501E-16,1.));
#2061 = DEFINITIONAL_REPRESENTATION('',(#2062),#2066);
#2062 = CIRCLE('',#2063,0.75);
#2063 = AXIS2_PLACEMENT_2D('',#2064,#2065);
#2064 = CARTESIAN_POINT('',(-1.875832951957,-1.75));
#2065 = DIRECTION('',(-1.33226762955E-15,-1.));
#2066 = ( GEOMETRIC_REPRESENTATION_CONTEXT(2) 
PARAMETRIC_REPRESENTATION_CONTEXT() REPRESENTATION_CONTEXT('2D SPACE',''
  ) );
#2067 = ORIENTED_EDGE('',*,*,#2068,.F.);
#2068 = EDGE_CURVE('',#1145,#2040,#2069,.T.);
#2069 = SURFACE_CURVE('',#2070,(#2074,#2081),.PCURVE_S1.);
#2070 = LINE('',#2071,#2072);
#2071 = CARTESIAN_POINT('',(-26.2,-18.7,-1.5));
#2072 = VECTOR('',#2073,1.);
#2073 = DIRECTION('',(1.,6.661338147751E-16,2.22044604925E-16));
#2074 = PCURVE('',#1161,#2075);
#2075 = DEFINITIONAL_REPRESENTATION('',(#2076),#2080);
#2076 = LINE('',#2077,#2078);
#2077 = CARTESIAN_POINT('',(1.570796326795,0.));
#2078 = VECTOR('',#2079,1.);
#2079 = DIRECTION('',(-1.351575856065E-15,-1.));
#2080 = ( GEOMETRIC_REPRESENTATION_CONTEXT(2) 
PARAMETRIC_REPRESENTATION_CONTEXT() REPRESENTATION_CONTEXT('2D SPACE',''
  ) );
#2081 = PCURVE('',#961,#2082);
#2082 = DEFINITIONAL_REPRESENTATION('',(#2083),#2087);
#2083 = LINE('',#2084,#2085);
#2084 = CARTESIAN_POINT('',(0.155,-1.75));
#2085 = VECTOR('',#2086,1.);
#2086 = DIRECTION('',(1.,-6.661338147751E-16));
#2087 = ( GEOMETRIC_REPRESENTATION_CONTEXT(2) 
PARAMETRIC_REPRESENTATION_CONTEXT() REPRESENTATION_CONTEXT('2D SPACE',''
  ) );
#2088 = ADVANCED_FACE('',(#2089),#1132,.T.);
#2089 = FACE_BOUND('',#2090,.T.);
#2090 = EDGE_LOOP('',(#2091,#2092,#2115,#2167));
#2091 = ORIENTED_EDGE('',*,*,#1116,.F.);
#2092 = ORIENTED_EDGE('',*,*,#2093,.T.);
#2093 = EDGE_CURVE('',#1088,#2094,#2096,.T.);
#2094 = VERTEX_POINT('',#2095);
#2095 = CARTESIAN_POINT('',(-22.95,-17.95,-0.55));
#2096 = SURFACE_CURVE('',#2097,(#2101,#2108),.PCURVE_S1.);
#2097 = LINE('',#2098,#2099);
#2098 = CARTESIAN_POINT('',(-26.2,-17.95,-0.55));
#2099 = VECTOR('',#2100,1.);
#2100 = DIRECTION('',(1.,6.661338147751E-16,2.22044604925E-16));
#2101 = PCURVE('',#1132,#2102);
#2102 = DEFINITIONAL_REPRESENTATION('',(#2103),#2107);
#2103 = LINE('',#2104,#2105);
#2104 = CARTESIAN_POINT('',(-0.,0.));
#2105 = VECTOR('',#2106,1.);
#2106 = DIRECTION('',(-8.881784197001E-16,-1.));
#2107 = ( GEOMETRIC_REPRESENTATION_CONTEXT(2) 
PARAMETRIC_REPRESENTATION_CONTEXT() REPRESENTATION_CONTEXT('2D SPACE',''
  ) );
#2108 = PCURVE('',#1104,#2109);
#2109 = DEFINITIONAL_REPRESENTATION('',(#2110),#2114);
#2110 = LINE('',#2111,#2112);
#2111 = CARTESIAN_POINT('',(6.28318530718,0.));
#2112 = VECTOR('',#2113,1.);
#2113 = DIRECTION('',(0.,-1.));
#2114 = ( GEOMETRIC_REPRESENTATION_CONTEXT(2) 
PARAMETRIC_REPRESENTATION_CONTEXT() REPRESENTATION_CONTEXT('2D SPACE',''
  ) );
#2115 = ORIENTED_EDGE('',*,*,#2116,.F.);
#2116 = EDGE_CURVE('',#2017,#2094,#2117,.T.);
#2117 = SURFACE_CURVE('',#2118,(#2124,#2133),.PCURVE_S1.);
#2118 = B_SPLINE_CURVE_WITH_KNOTS('',4,(#2119,#2120,#2121,#2122,#2123),
  .UNSPECIFIED.,.F.,.F.,(5,5),(0.,1.),.PIECEWISE_BEZIER_KNOTS.);
#2119 = CARTESIAN_POINT('',(-22.75,-17.95,-0.75));
#2120 = CARTESIAN_POINT('',(-22.80001586342,-17.95,-0.699984136571));
#2121 = CARTESIAN_POINT('',(-22.8500214619,-17.95,-0.649978538092));
#2122 = CARTESIAN_POINT('',(-22.90001634197,-17.95,-0.59998365803));
#2123 = CARTESIAN_POINT('',(-22.95,-17.95,-0.55));
#2124 = PCURVE('',#1132,#2125);
#2125 = DEFINITIONAL_REPRESENTATION('',(#2126),#2132);
#2126 = B_SPLINE_CURVE_WITH_KNOTS('',4,(#2127,#2128,#2129,#2130,#2131),
  .UNSPECIFIED.,.F.,.F.,(5,5),(0.,1.),.PIECEWISE_BEZIER_KNOTS.);
#2127 = CARTESIAN_POINT('',(0.2,-3.45));
#2128 = CARTESIAN_POINT('',(0.149984136571,-3.39998413658));
#2129 = CARTESIAN_POINT('',(9.9978538092E-02,-3.3499785381));
#2130 = CARTESIAN_POINT('',(4.998365803E-02,-3.29998365803));
#2131 = CARTESIAN_POINT('',(-2.109423746788E-15,-3.25));
#2132 = ( GEOMETRIC_REPRESENTATION_CONTEXT(2) 
PARAMETRIC_REPRESENTATION_CONTEXT() REPRESENTATION_CONTEXT('2D SPACE',''
  ) );
#2133 = PCURVE('',#2134,#2139);
#2134 = B_SPLINE_SURFACE_WITH_KNOTS('',1,1,(
    (#2135,#2136)
    ,(#2137,#2138
    )),.UNSPECIFIED.,.F.,.F.,.F.,(2,2),(2,2),(0.,22.),(0.,1.),
  .PIECEWISE_BEZIER_KNOTS.);
#2135 = CARTESIAN_POINT('',(-22.75,-9.45,-0.75));
#2136 = CARTESIAN_POINT('',(-23.75,-10.45,0.25));
#2137 = CARTESIAN_POINT('',(-22.75,-31.45,-0.75));
#2138 = CARTESIAN_POINT('',(-23.75,-30.45,0.25));
#2139 = DEFINITIONAL_REPRESENTATION('',(#2140),#2166);
#2140 = B_SPLINE_CURVE_WITH_KNOTS('',3,(#2141,#2142,#2143,#2144,#2145,
    #2146,#2147,#2148,#2149,#2150,#2151,#2152,#2153,#2154,#2155,#2156,
    #2157,#2158,#2159,#2160,#2161,#2162,#2163,#2164,#2165),
  .UNSPECIFIED.,.F.,.F.,(4,1,1,1,1,1,1,1,1,1,1,1,1,1,1,1,1,1,1,1,1,1,4),
  (0.,4.545454545455E-02,9.090909090909E-02,0.136363636364,
    0.181818181818,0.227272727273,0.272727272727,0.318181818182,
    0.363636363636,0.409090909091,0.454545454545,0.5,0.545454545455,
    0.590909090909,0.636363636364,0.681818181818,0.727272727273,
    0.772727272727,0.818181818182,0.863636363636,0.909090909091,
    0.954545454545,1.),.QUASI_UNIFORM_KNOTS.);
#2141 = CARTESIAN_POINT('',(8.5,0.));
#2142 = CARTESIAN_POINT('',(8.499311076259,3.03126444954E-03));
#2143 = CARTESIAN_POINT('',(8.497932108988,9.093708515993E-03));
#2144 = CARTESIAN_POINT('',(8.495860290716,1.818711908748E-02));
#2145 = CARTESIAN_POINT('',(8.493785097095,2.728027310248E-02));
#2146 = CARTESIAN_POINT('',(8.491706520107,3.637316952566E-02));
#2147 = CARTESIAN_POINT('',(8.489624551712,4.546580731703E-02));
#2148 = CARTESIAN_POINT('',(8.487539183845,5.455818543137E-02));
#2149 = CARTESIAN_POINT('',(8.485450408417,6.365030281832E-02));
#2150 = CARTESIAN_POINT('',(8.483358217316,7.27421584224E-02));
#2151 = CARTESIAN_POINT('',(8.481262602404,8.183375118296E-02));
#2152 = CARTESIAN_POINT('',(8.479163555517,9.092508003424E-02));
#2153 = CARTESIAN_POINT('',(8.47706106847,0.100016143905));
#2154 = CARTESIAN_POINT('',(8.474955133049,0.10910694172));
#2155 = CARTESIAN_POINT('',(8.472845741019,0.118197472398));
#2156 = CARTESIAN_POINT('',(8.470732884117,0.127287734851));
#2157 = CARTESIAN_POINT('',(8.468616554056,0.13637772799));
#2158 = CARTESIAN_POINT('',(8.466496742525,0.145467450717));
#2159 = CARTESIAN_POINT('',(8.464373441185,0.15455690193));
#2160 = CARTESIAN_POINT('',(8.462246641673,0.163646080522));
#2161 = CARTESIAN_POINT('',(8.460116335603,0.172734985383));
#2162 = CARTESIAN_POINT('',(8.457982514558,0.181823615393));
#2163 = CARTESIAN_POINT('',(8.455845170102,0.190911969433));
#2164 = CARTESIAN_POINT('',(8.454417919208,0.196970687392));
#2165 = CARTESIAN_POINT('',(8.453703703704,0.2));
#2166 = ( GEOMETRIC_REPRESENTATION_CONTEXT(2) 
PARAMETRIC_REPRESENTATION_CONTEXT() REPRESENTATION_CONTEXT('2D SPACE',''
  ) );
#2167 = ORIENTED_EDGE('',*,*,#2016,.F.);
#2168 = ADVANCED_FACE('',(#2169),#1104,.T.);
#2169 = FACE_BOUND('',#2170,.T.);
#2170 = EDGE_LOOP('',(#2171,#2194,#2326,#2327));
#2171 = ORIENTED_EDGE('',*,*,#2172,.T.);
#2172 = EDGE_CURVE('',#1060,#2173,#2175,.T.);
#2173 = VERTEX_POINT('',#2174);
#2174 = CARTESIAN_POINT('',(-23.7,-18.7,0.2));
#2175 = SURFACE_CURVE('',#2176,(#2180,#2187),.PCURVE_S1.);
#2176 = LINE('',#2177,#2178);
#2177 = CARTESIAN_POINT('',(-26.2,-18.7,0.2));
#2178 = VECTOR('',#2179,1.);
#2179 = DIRECTION('',(1.,6.661338147751E-16,2.22044604925E-16));
#2180 = PCURVE('',#1104,#2181);
#2181 = DEFINITIONAL_REPRESENTATION('',(#2182),#2186);
#2182 = LINE('',#2183,#2184);
#2183 = CARTESIAN_POINT('',(4.712388980385,0.));
#2184 = VECTOR('',#2185,1.);
#2185 = DIRECTION('',(0.,-1.));
#2186 = ( GEOMETRIC_REPRESENTATION_CONTEXT(2) 
PARAMETRIC_REPRESENTATION_CONTEXT() REPRESENTATION_CONTEXT('2D SPACE',''
  ) );
#2187 = PCURVE('',#1075,#2188);
#2188 = DEFINITIONAL_REPRESENTATION('',(#2189),#2193);
#2189 = LINE('',#2190,#2191);
#2190 = CARTESIAN_POINT('',(3.5,7.771561172375E-16));
#2191 = VECTOR('',#2192,1.);
#2192 = DIRECTION('',(8.881784197001E-16,-1.));
#2193 = ( GEOMETRIC_REPRESENTATION_CONTEXT(2) 
PARAMETRIC_REPRESENTATION_CONTEXT() REPRESENTATION_CONTEXT('2D SPACE',''
  ) );
#2194 = ORIENTED_EDGE('',*,*,#2195,.F.);
#2195 = EDGE_CURVE('',#2094,#2173,#2196,.T.);
#2196 = SURFACE_CURVE('',#2197,(#2224,#2275),.PCURVE_S1.);
#2197 = B_SPLINE_CURVE_WITH_KNOTS('',7,(#2198,#2199,#2200,#2201,#2202,
    #2203,#2204,#2205,#2206,#2207,#2208,#2209,#2210,#2211,#2212,#2213,
    #2214,#2215,#2216,#2217,#2218,#2219,#2220,#2221,#2222,#2223),
  .UNSPECIFIED.,.F.,.F.,(8,6,6,6,8),(0.,0.23627045311,0.494248645195,
    0.646685003415,1.),.UNSPECIFIED.);
#2198 = CARTESIAN_POINT('',(-22.95,-17.95,-0.55));
#2199 = CARTESIAN_POINT('',(-22.98572727796,-17.95,-0.514272722031));
#2200 = CARTESIAN_POINT('',(-23.02153182809,-17.95198549093,
    -0.478468171907));
#2201 = CARTESIAN_POINT('',(-23.05733371944,-17.95597224318,
    -0.442666280554));
#2202 = CARTESIAN_POINT('',(-23.09304591402,-17.96198183467,
    -0.406954085972));
#2203 = CARTESIAN_POINT('',(-23.12857328765,-17.97004001744,
    -0.371426712343));
#2204 = CARTESIAN_POINT('',(-23.16381165087,-17.98017508431,
    -0.336188349129));
#2205 = CARTESIAN_POINT('',(-23.23668242297,-18.0057820626,
    -0.263317577026));
#2206 = CARTESIAN_POINT('',(-23.27423162029,-18.02165691076,
    -0.225768379701));
#2207 = CARTESIAN_POINT('',(-23.31114780774,-18.04007830174,
    -0.188852192253));
#2208 = CARTESIAN_POINT('',(-23.34725434738,-18.06108137536,
    -0.15274565262));
#2209 = CARTESIAN_POINT('',(-23.38234688531,-18.0846889596,
    -0.11765311469));
#2210 = CARTESIAN_POINT('',(-23.41619571965,-18.11090164079,
    -8.380428034603E-02));
#2211 = CARTESIAN_POINT('',(-23.46766485985,-18.1566972653,
    -3.233514014663E-02));
#2212 = CARTESIAN_POINT('',(-23.48625747383,-18.17460376492,
    -1.374252616707E-02));
#2213 = CARTESIAN_POINT('',(-23.50427269333,-18.19339904511,
    4.272693332228E-03));
#2214 = CARTESIAN_POINT('',(-23.52165353888,-18.21306945517,
    2.165353888895E-02));
#2215 = CARTESIAN_POINT('',(-23.53834057836,-18.2335946714,
    3.834057836537E-02));
#2216 = CARTESIAN_POINT('',(-23.55427313664,-18.2549463874,
    5.427313664723E-02));
#2217 = CARTESIAN_POINT('',(-23.6044293447,-18.3284042366,0.104429344707
    ));
#2218 = CARTESIAN_POINT('',(-23.63514764594,-18.38404532342,
    0.135147645949));
#2219 = CARTESIAN_POINT('',(-23.66067075025,-18.4434293199,0.16067075025
    ));
#2220 = CARTESIAN_POINT('',(-23.68028529717,-18.50576768344,
    0.180285297175));
#2221 = CARTESIAN_POINT('',(-23.69348252179,-18.57009448042,
    0.193482521793));
#2222 = CARTESIAN_POINT('',(-23.7,-18.63527149362,0.2));
#2223 = CARTESIAN_POINT('',(-23.7,-18.7,0.2));
#2224 = PCURVE('',#1104,#2225);
#2225 = DEFINITIONAL_REPRESENTATION('',(#2226),#2274);
#2226 = B_SPLINE_CURVE_WITH_KNOTS('',3,(#2227,#2228,#2229,#2230,#2231,
    #2232,#2233,#2234,#2235,#2236,#2237,#2238,#2239,#2240,#2241,#2242,
    #2243,#2244,#2245,#2246,#2247,#2248,#2249,#2250,#2251,#2252,#2253,
    #2254,#2255,#2256,#2257,#2258,#2259,#2260,#2261,#2262,#2263,#2264,
    #2265,#2266,#2267,#2268,#2269,#2270,#2271,#2272,#2273),
  .UNSPECIFIED.,.F.,.F.,(4,1,1,1,1,1,1,1,1,1,1,1,1,1,1,1,1,1,1,1,1,1,1,1
    ,1,1,1,1,1,1,1,1,1,1,1,1,1,1,1,1,1,1,1,1,4),(0.,2.272727272727E-02,
    4.545454545455E-02,6.818181818182E-02,9.090909090909E-02,
    0.113636363636,0.136363636364,0.159090909091,0.181818181818,
    0.204545454545,0.227272727273,0.25,0.272727272727,0.295454545455,
    0.318181818182,0.340909090909,0.363636363636,0.386363636364,
    0.409090909091,0.431818181818,0.454545454545,0.477272727273,0.5,
    0.522727272727,0.545454545455,0.568181818182,0.590909090909,
    0.613636363636,0.636363636364,0.659090909091,0.681818181818,
    0.704545454545,0.727272727273,0.75,0.772727272727,0.795454545455,
    0.818181818182,0.840909090909,0.863636363636,0.886363636364,
    0.909090909091,0.931818181818,0.954545454545,0.977272727273,1.),
  .QUASI_UNIFORM_KNOTS.);
#2227 = CARTESIAN_POINT('',(6.28318530718,-3.25));
#2228 = CARTESIAN_POINT('',(6.272493473837,-3.241981147841));
#2229 = CARTESIAN_POINT('',(6.25109634873,-3.225933264772));
#2230 = CARTESIAN_POINT('',(6.218947796923,-3.201846689599));
#2231 = CARTESIAN_POINT('',(6.186733769926,-3.177760934761));
#2232 = CARTESIAN_POINT('',(6.154442084264,-3.15369232287));
#2233 = CARTESIAN_POINT('',(6.122060757483,-3.129657695031));
#2234 = CARTESIAN_POINT('',(6.089577990601,-3.105674499134));
#2235 = CARTESIAN_POINT('',(6.056982095334,-3.081760791823));
#2236 = CARTESIAN_POINT('',(6.024261438455,-3.057935264242));
#2237 = CARTESIAN_POINT('',(5.991404378608,-3.034217259017));
#2238 = CARTESIAN_POINT('',(5.958399222364,-3.010626798485));
#2239 = CARTESIAN_POINT('',(5.925234117329,-2.987184576723));
#2240 = CARTESIAN_POINT('',(5.891899994745,-2.963914081386));
#2241 = CARTESIAN_POINT('',(5.858384947987,-2.940837646988));
#2242 = CARTESIAN_POINT('',(5.824678495602,-2.917979550198));
#2243 = CARTESIAN_POINT('',(5.790770689114,-2.895365381325));
#2244 = CARTESIAN_POINT('',(5.756652281703,-2.873022172366));
#2245 = CARTESIAN_POINT('',(5.722314630723,-2.850978323346));
#2246 = CARTESIAN_POINT('',(5.68774968029,-2.829263578904));
#2247 = CARTESIAN_POINT('',(5.652949963793,-2.807909005608));
#2248 = CARTESIAN_POINT('',(5.617908516996,-2.786946916124));
#2249 = CARTESIAN_POINT('',(5.582619193873,-2.766411005211));
#2250 = CARTESIAN_POINT('',(5.547075519024,-2.746335691593));
#2251 = CARTESIAN_POINT('',(5.511275595208,-2.726758727966));
#2252 = CARTESIAN_POINT('',(5.475218121187,-2.707718631577));
#2253 = CARTESIAN_POINT('',(5.43890257226,-2.689254754101));
#2254 = CARTESIAN_POINT('',(5.402330193694,-2.671407566896));
#2255 = CARTESIAN_POINT('',(5.36550389333,-2.654218312892));
#2256 = CARTESIAN_POINT('',(5.32842816269,-2.637728766318));
#2257 = CARTESIAN_POINT('',(5.291110237873,-2.621981194428));
#2258 = CARTESIAN_POINT('',(5.253536848159,-2.607009301441));
#2259 = CARTESIAN_POINT('',(5.215732737655,-2.592861664795));
#2260 = CARTESIAN_POINT('',(5.177716191604,-2.579581597223));
#2261 = CARTESIAN_POINT('',(5.139506859673,-2.567210517764));
#2262 = CARTESIAN_POINT('',(5.101123886417,-2.55578688146));
#2263 = CARTESIAN_POINT('',(5.062586656984,-2.545346286402));
#2264 = CARTESIAN_POINT('',(5.023914861109,-2.535921248493));
#2265 = CARTESIAN_POINT('',(4.985128760425,-2.527541044785));
#2266 = CARTESIAN_POINT('',(4.946249425659,-2.52023151252));
#2267 = CARTESIAN_POINT('',(4.907299006883,-2.514014835492));
#2268 = CARTESIAN_POINT('',(4.868301036862,-2.50890928507));
#2269 = CARTESIAN_POINT('',(4.829280728129,-2.504928995869));
#2270 = CARTESIAN_POINT('',(4.790265449699,-2.50208346974));
#2271 = CARTESIAN_POINT('',(4.751284711766,-2.500377934394));
#2272 = CARTESIAN_POINT('',(4.725343034098,-2.499999537231));
#2273 = CARTESIAN_POINT('',(4.712388980385,-2.5));
#2274 = ( GEOMETRIC_REPRESENTATION_CONTEXT(2) 
PARAMETRIC_REPRESENTATION_CONTEXT() REPRESENTATION_CONTEXT('2D SPACE',''
  ) );
#2275 = PCURVE('',#2134,#2276);
#2276 = DEFINITIONAL_REPRESENTATION('',(#2277),#2325);
#2277 = B_SPLINE_CURVE_WITH_KNOTS('',3,(#2278,#2279,#2280,#2281,#2282,
    #2283,#2284,#2285,#2286,#2287,#2288,#2289,#2290,#2291,#2292,#2293,
    #2294,#2295,#2296,#2297,#2298,#2299,#2300,#2301,#2302,#2303,#2304,
    #2305,#2306,#2307,#2308,#2309,#2310,#2311,#2312,#2313,#2314,#2315,
    #2316,#2317,#2318,#2319,#2320,#2321,#2322,#2323,#2324),
  .UNSPECIFIED.,.F.,.F.,(4,1,1,1,1,1,1,1,1,1,1,1,1,1,1,1,1,1,1,1,1,1,1,1
    ,1,1,1,1,1,1,1,1,1,1,1,1,1,1,1,1,1,1,1,1,4),(0.,2.272727272727E-02,
    4.545454545455E-02,6.818181818182E-02,9.090909090909E-02,
    0.113636363636,0.136363636364,0.159090909091,0.181818181818,
    0.204545454545,0.227272727273,0.25,0.272727272727,0.295454545455,
    0.318181818182,0.340909090909,0.363636363636,0.386363636364,
    0.409090909091,0.431818181818,0.454545454545,0.477272727273,0.5,
    0.522727272727,0.545454545455,0.568181818182,0.590909090909,
    0.613636363636,0.636363636364,0.659090909091,0.681818181818,
    0.704545454545,0.727272727273,0.75,0.772727272727,0.795454545455,
    0.818181818182,0.840909090909,0.863636363636,0.886363636364,
    0.909090909091,0.931818181818,0.954545454545,0.977272727273,1.),
  .QUASI_UNIFORM_KNOTS.);
#2278 = CARTESIAN_POINT('',(8.453703703704,0.2));
#2279 = CARTESIAN_POINT('',(8.451813157577,0.20801885216));
#2280 = CARTESIAN_POINT('',(8.448283038284,0.22406673523));
#2281 = CARTESIAN_POINT('',(8.44375335254,0.248153310403));
#2282 = CARTESIAN_POINT('',(8.440001485083,0.272239065241));
#2283 = CARTESIAN_POINT('',(8.43704063329,0.296307677133));
#2284 = CARTESIAN_POINT('',(8.43488452352,0.320342304972));
#2285 = CARTESIAN_POINT('',(8.433547458402,0.344325500869));
#2286 = CARTESIAN_POINT('',(8.433044257643,0.368239208179));
#2287 = CARTESIAN_POINT('',(8.43339022453,0.39206473576));
#2288 = CARTESIAN_POINT('',(8.434601105802,0.415782740984));
#2289 = CARTESIAN_POINT('',(8.43669304134,0.439373201516));
#2290 = CARTESIAN_POINT('',(8.439682549502,0.462815423278));
#2291 = CARTESIAN_POINT('',(8.443586143615,0.486085918617));
#2292 = CARTESIAN_POINT('',(8.448420690781,0.509162353015));
#2293 = CARTESIAN_POINT('',(8.454203047944,0.532020449805));
#2294 = CARTESIAN_POINT('',(8.460949918323,0.554634618677));
#2295 = CARTESIAN_POINT('',(8.468677662137,0.576977827636));
#2296 = CARTESIAN_POINT('',(8.4774021125,0.599021676655));
#2297 = CARTESIAN_POINT('',(8.487138386759,0.620736421097));
#2298 = CARTESIAN_POINT('',(8.497900681663,0.642090994393));
#2299 = CARTESIAN_POINT('',(8.509702109028,0.663053083877));
#2300 = CARTESIAN_POINT('',(8.522554357633,0.683588994791));
#2301 = CARTESIAN_POINT('',(8.536467982878,0.703664308409));
#2302 = CARTESIAN_POINT('',(8.551450102344,0.723241272036));
#2303 = CARTESIAN_POINT('',(8.56750539324,0.742281368424));
#2304 = CARTESIAN_POINT('',(8.584635918585,0.760745245902));
#2305 = CARTESIAN_POINT('',(8.602840308204,0.778592433107));
#2306 = CARTESIAN_POINT('',(8.622113422678,0.795781687111));
#2307 = CARTESIAN_POINT('',(8.642446147146,0.812271233685));
#2308 = CARTESIAN_POINT('',(8.663824186036,0.828018805576));
#2309 = CARTESIAN_POINT('',(8.686242198252,0.842990698563));
#2310 = CARTESIAN_POINT('',(8.709668995048,0.857138335208));
#2311 = CARTESIAN_POINT('',(8.734071873458,0.87041840278));
#2312 = CARTESIAN_POINT('',(8.759412537245,0.882789482239));
#2313 = CARTESIAN_POINT('',(8.785648227963,0.894213118543));
#2314 = CARTESIAN_POINT('',(8.81273146778,0.9046537136));
#2315 = CARTESIAN_POINT('',(8.840610183005,0.914078751509));
#2316 = CARTESIAN_POINT('',(8.869227735501,0.922458955217));
#2317 = CARTESIAN_POINT('',(8.89852298852,0.929768487481));
#2318 = CARTESIAN_POINT('',(8.928430377537,0.935985164509));
#2319 = CARTESIAN_POINT('',(8.958879980665,0.941090714931));
#2320 = CARTESIAN_POINT('',(8.989797642639,0.945071004132));
#2321 = CARTESIAN_POINT('',(9.021104944077,0.94791653026));
#2322 = CARTESIAN_POINT('',(9.052719796679,0.949622065606));
#2323 = CARTESIAN_POINT('',(9.073943099261,0.950000462769));
#2324 = CARTESIAN_POINT('',(9.084577114428,0.95));
#2325 = ( GEOMETRIC_REPRESENTATION_CONTEXT(2) 
PARAMETRIC_REPRESENTATION_CONTEXT() REPRESENTATION_CONTEXT('2D SPACE',''
  ) );
#2326 = ORIENTED_EDGE('',*,*,#2093,.F.);
#2327 = ORIENTED_EDGE('',*,*,#1087,.T.);
#2328 = ADVANCED_FACE('',(#2329),#1075,.T.);
#2329 = FACE_BOUND('',#2330,.T.);
#2330 = EDGE_LOOP('',(#2331,#2332,#2355,#2373));
#2331 = ORIENTED_EDGE('',*,*,#1059,.F.);
#2332 = ORIENTED_EDGE('',*,*,#2333,.T.);
#2333 = EDGE_CURVE('',#1031,#2334,#2336,.T.);
#2334 = VERTEX_POINT('',#2335);
#2335 = CARTESIAN_POINT('',(-23.7,-22.2,0.2));
#2336 = SURFACE_CURVE('',#2337,(#2341,#2348),.PCURVE_S1.);
#2337 = LINE('',#2338,#2339);
#2338 = CARTESIAN_POINT('',(-26.2,-22.2,0.2));
#2339 = VECTOR('',#2340,1.);
#2340 = DIRECTION('',(1.,6.661338147751E-16,2.22044604925E-16));
#2341 = PCURVE('',#1075,#2342);
#2342 = DEFINITIONAL_REPRESENTATION('',(#2343),#2347);
#2343 = LINE('',#2344,#2345);
#2344 = CARTESIAN_POINT('',(0.,0.));
#2345 = VECTOR('',#2346,1.);
#2346 = DIRECTION('',(8.881784197001E-16,-1.));
#2347 = ( GEOMETRIC_REPRESENTATION_CONTEXT(2) 
PARAMETRIC_REPRESENTATION_CONTEXT() REPRESENTATION_CONTEXT('2D SPACE',''
  ) );
#2348 = PCURVE('',#1047,#2349);
#2349 = DEFINITIONAL_REPRESENTATION('',(#2350),#2354);
#2350 = LINE('',#2351,#2352);
#2351 = CARTESIAN_POINT('',(4.712388980385,0.));
#2352 = VECTOR('',#2353,1.);
#2353 = DIRECTION('',(0.,-1.));
#2354 = ( GEOMETRIC_REPRESENTATION_CONTEXT(2) 
PARAMETRIC_REPRESENTATION_CONTEXT() REPRESENTATION_CONTEXT('2D SPACE',''
  ) );
#2355 = ORIENTED_EDGE('',*,*,#2356,.T.);
#2356 = EDGE_CURVE('',#2334,#2173,#2357,.T.);
#2357 = SURFACE_CURVE('',#2358,(#2361,#2367),.PCURVE_S1.);
#2358 = B_SPLINE_CURVE_WITH_KNOTS('',1,(#2359,#2360),.UNSPECIFIED.,.F.,
  .F.,(2,2),(0.,1.),.PIECEWISE_BEZIER_KNOTS.);
#2359 = CARTESIAN_POINT('',(-23.7,-22.2,0.2));
#2360 = CARTESIAN_POINT('',(-23.7,-18.7,0.2));
#2361 = PCURVE('',#1075,#2362);
#2362 = DEFINITIONAL_REPRESENTATION('',(#2363),#2366);
#2363 = B_SPLINE_CURVE_WITH_KNOTS('',1,(#2364,#2365),.UNSPECIFIED.,.F.,
  .F.,(2,2),(0.,1.),.PIECEWISE_BEZIER_KNOTS.);
#2364 = CARTESIAN_POINT('',(3.552713678801E-15,-2.5));
#2365 = CARTESIAN_POINT('',(3.5,-2.5));
#2366 = ( GEOMETRIC_REPRESENTATION_CONTEXT(2) 
PARAMETRIC_REPRESENTATION_CONTEXT() REPRESENTATION_CONTEXT('2D SPACE',''
  ) );
#2367 = PCURVE('',#2134,#2368);
#2368 = DEFINITIONAL_REPRESENTATION('',(#2369),#2372);
#2369 = B_SPLINE_CURVE_WITH_KNOTS('',1,(#2370,#2371),.UNSPECIFIED.,.F.,
  .F.,(2,2),(0.,1.),.PIECEWISE_BEZIER_KNOTS.);
#2370 = CARTESIAN_POINT('',(12.915422885572,0.95));
#2371 = CARTESIAN_POINT('',(9.084577114428,0.95));
#2372 = ( GEOMETRIC_REPRESENTATION_CONTEXT(2) 
PARAMETRIC_REPRESENTATION_CONTEXT() REPRESENTATION_CONTEXT('2D SPACE',''
  ) );
#2373 = ORIENTED_EDGE('',*,*,#2172,.F.);
#2374 = ADVANCED_FACE('',(#2375),#1047,.T.);
#2375 = FACE_BOUND('',#2376,.T.);
#2376 = EDGE_LOOP('',(#2377,#2400,#2594,#2595));
#2377 = ORIENTED_EDGE('',*,*,#2378,.T.);
#2378 = EDGE_CURVE('',#1003,#2379,#2381,.T.);
#2379 = VERTEX_POINT('',#2380);
#2380 = CARTESIAN_POINT('',(-22.95,-22.95,-0.55));
#2381 = SURFACE_CURVE('',#2382,(#2386,#2393),.PCURVE_S1.);
#2382 = LINE('',#2383,#2384);
#2383 = CARTESIAN_POINT('',(-26.2,-22.95,-0.55));
#2384 = VECTOR('',#2385,1.);
#2385 = DIRECTION('',(1.,6.661338147751E-16,2.22044604925E-16));
#2386 = PCURVE('',#1047,#2387);
#2387 = DEFINITIONAL_REPRESENTATION('',(#2388),#2392);
#2388 = LINE('',#2389,#2390);
#2389 = CARTESIAN_POINT('',(3.14159265359,0.));
#2390 = VECTOR('',#2391,1.);
#2391 = DIRECTION('',(1.366428338E-16,-1.));
#2392 = ( GEOMETRIC_REPRESENTATION_CONTEXT(2) 
PARAMETRIC_REPRESENTATION_CONTEXT() REPRESENTATION_CONTEXT('2D SPACE',''
  ) );
#2393 = PCURVE('',#1018,#2394);
#2394 = DEFINITIONAL_REPRESENTATION('',(#2395),#2399);
#2395 = LINE('',#2396,#2397);
#2396 = CARTESIAN_POINT('',(0.2,1.33226762955E-16));
#2397 = VECTOR('',#2398,1.);
#2398 = DIRECTION('',(8.881784197001E-16,-1.));
#2399 = ( GEOMETRIC_REPRESENTATION_CONTEXT(2) 
PARAMETRIC_REPRESENTATION_CONTEXT() REPRESENTATION_CONTEXT('2D SPACE',''
  ) );
#2400 = ORIENTED_EDGE('',*,*,#2401,.F.);
#2401 = EDGE_CURVE('',#2334,#2379,#2402,.T.);
#2402 = SURFACE_CURVE('',#2403,(#2448,#2521),.PCURVE_S1.);
#2403 = B_SPLINE_CURVE_WITH_KNOTS('',7,(#2404,#2405,#2406,#2407,#2408,
    #2409,#2410,#2411,#2412,#2413,#2414,#2415,#2416,#2417,#2418,#2419,
    #2420,#2421,#2422,#2423,#2424,#2425,#2426,#2427,#2428,#2429,#2430,
    #2431,#2432,#2433,#2434,#2435,#2436,#2437,#2438,#2439,#2440,#2441,
    #2442,#2443,#2444,#2445,#2446,#2447),.UNSPECIFIED.,.F.,.F.,(8,6,6,6,
    6,6,6,8),(0.,0.354370818857,0.505806918645,0.763000322905,
    0.971940384459,0.986097025395,0.992704953398,1.),.UNSPECIFIED.);
#2404 = CARTESIAN_POINT('',(-23.7,-22.2,0.2));
#2405 = CARTESIAN_POINT('',(-23.7,-22.26492139805,0.2));
#2406 = CARTESIAN_POINT('',(-23.69344361689,-22.33029519368,
    0.193443616897));
#2407 = CARTESIAN_POINT('',(-23.68016670156,-22.39480919952,
    0.180166701568));
#2408 = CARTESIAN_POINT('',(-23.6604359183,-22.45731515408,
    0.160435918305));
#2409 = CARTESIAN_POINT('',(-23.63476636202,-22.5168400664,
    0.134766362021));
#2410 = CARTESIAN_POINT('',(-23.60387913845,-22.57259092324,
    0.103879138457));
#2411 = CARTESIAN_POINT('',(-23.5536055996,-22.64594751734,
    5.360559960037E-02));
#2412 = CARTESIAN_POINT('',(-23.53775150501,-22.66713026871,
    3.775150501905E-02));
#2413 = CARTESIAN_POINT('',(-23.52115449188,-22.68749655623,
    2.115449188862E-02));
#2414 = CARTESIAN_POINT('',(-23.50387402226,-22.70701879371,
    3.874022261385E-03));
#2415 = CARTESIAN_POINT('',(-23.48596832698,-22.72567715322,
    -1.403167301817E-02));
#2416 = CARTESIAN_POINT('',(-23.46749323857,-22.74345829714,
    -3.250676142282E-02));
#2417 = CARTESIAN_POINT('',(-23.41624535796,-22.789049327,
    -8.375464203913E-02));
#2418 = CARTESIAN_POINT('',(-23.38250264152,-22.81518670299,
    -0.117497358475));
#2419 = CARTESIAN_POINT('',(-23.34752326574,-22.83873492068,
    -0.152476734257));
#2420 = CARTESIAN_POINT('',(-23.31153491202,-22.8596944758,
    -0.188465087979));
#2421 = CARTESIAN_POINT('',(-23.27474020781,-22.87808788097,
    -0.225259792187));
#2422 = CARTESIAN_POINT('',(-23.23731438216,-22.89394986909,
    -0.262685617834));
#2423 = CARTESIAN_POINT('',(-23.16860421941,-22.91817733831,
    -0.331395780581));
#2424 = CARTESIAN_POINT('',(-23.13748823662,-22.92738989053,
    -0.36251176338));
#2425 = CARTESIAN_POINT('',(-23.10613461184,-22.93497522429,
    -0.393865388159));
#2426 = CARTESIAN_POINT('',(-23.07461656312,-22.94095294921,
    -0.425383436876));
#2427 = CARTESIAN_POINT('',(-23.04300139653,-22.94534134569,
    -0.456998603463));
#2428 = CARTESIAN_POINT('',(-23.01135101512,-22.94815639678,
    -0.48864898488));
#2429 = CARTESIAN_POINT('',(-22.97757944697,-22.94949581299,
    -0.522420553025));
#2430 = CARTESIAN_POINT('',(-22.97543657088,-22.94957364118,
    -0.524563429119));
#2431 = CARTESIAN_POINT('',(-22.97329381785,-22.94964430862,
    -0.52670618215));
#2432 = CARTESIAN_POINT('',(-22.97115120612,-22.94970781919,
    -0.52884879388));
#2433 = CARTESIAN_POINT('',(-22.96900875387,-22.94976417669,
    -0.530991246124));
#2434 = CARTESIAN_POINT('',(-22.96686647924,-22.94981338488,
    -0.533133520754));
#2435 = CARTESIAN_POINT('',(-22.96372453716,-22.94987508105,
    -0.536275462835));
#2436 = CARTESIAN_POINT('',(-22.96272467485,-22.94989315864,
    -0.537275325146));
#2437 = CARTESIAN_POINT('',(-22.96172481336,-22.94990968035,
    -0.538275186634));
#2438 = CARTESIAN_POINT('',(-22.9607249527,-22.94992464636,
    -0.539275047299));
#2439 = CARTESIAN_POINT('',(-22.95972509285,-22.94993805678,
    -0.540274907145));
#2440 = CARTESIAN_POINT('',(-22.95872523382,-22.94994991173,
    -0.541274766173));
#2441 = CARTESIAN_POINT('',(-22.95662154817,-22.9499715819,
    -0.543378451824));
#2442 = CARTESIAN_POINT('',(-22.95551778164,-22.94998105619,
    -0.544482218357));
#2443 = CARTESIAN_POINT('',(-22.95441408169,-22.94998863466,
    -0.545585918304));
#2444 = CARTESIAN_POINT('',(-22.95331045226,-22.94999431781,
    -0.546689547738));
#2445 = CARTESIAN_POINT('',(-22.95220689551,-22.94999810609,
    -0.547793104487));
#2446 = CARTESIAN_POINT('',(-22.95110341187,-22.95,-0.548896588129));
#2447 = CARTESIAN_POINT('',(-22.95,-22.95,-0.55));
#2448 = PCURVE('',#1047,#2449);
#2449 = DEFINITIONAL_REPRESENTATION('',(#2450),#2520);
#2450 = B_SPLINE_CURVE_WITH_KNOTS('',3,(#2451,#2452,#2453,#2454,#2455,
    #2456,#2457,#2458,#2459,#2460,#2461,#2462,#2463,#2464,#2465,#2466,
    #2467,#2468,#2469,#2470,#2471,#2472,#2473,#2474,#2475,#2476,#2477,
    #2478,#2479,#2480,#2481,#2482,#2483,#2484,#2485,#2486,#2487,#2488,
    #2489,#2490,#2491,#2492,#2493,#2494,#2495,#2496,#2497,#2498,#2499,
    #2500,#2501,#2502,#2503,#2504,#2505,#2506,#2507,#2508,#2509,#2510,
    #2511,#2512,#2513,#2514,#2515,#2516,#2517,#2518,#2519),
  .UNSPECIFIED.,.F.,.F.,(4,1,1,1,1,1,1,1,1,1,1,1,1,1,1,1,1,1,1,1,1,1,1,1
    ,1,1,1,1,1,1,1,1,1,1,1,1,1,1,1,1,1,1,1,1,1,1,1,1,1,1,1,1,1,1,1,1,1,1
    ,1,1,1,1,1,1,1,1,4),(0.,1.515151515152E-02,3.030303030303E-02,
    4.545454545455E-02,6.060606060606E-02,7.575757575758E-02,
    9.090909090909E-02,0.106060606061,0.121212121212,0.136363636364,
    0.151515151515,0.166666666667,0.181818181818,0.19696969697,
    0.212121212121,0.227272727273,0.242424242424,0.257575757576,
    0.272727272727,0.287878787879,0.30303030303,0.318181818182,
    0.333333333333,0.348484848485,0.363636363636,0.378787878788,
    0.393939393939,0.409090909091,0.424242424242,0.439393939394,
    0.454545454545,0.469696969697,0.484848484848,0.5,0.515151515152,
    0.530303030303,0.545454545455,0.560606060606,0.575757575758,
    0.590909090909,0.606060606061,0.621212121212,0.636363636364,
    0.651515151515,0.666666666667,0.681818181818,0.69696969697,
    0.712121212121,0.727272727273,0.742424242424,0.757575757576,
    0.772727272727,0.787878787879,0.80303030303,0.818181818182,
    0.833333333333,0.848484848485,0.863636363636,0.878787878788,
    0.893939393939,0.909090909091,0.924242424242,0.939393939394,
    0.954545454545,0.969696969697,0.984848484848,1.),
  .QUASI_UNIFORM_KNOTS.);
#2451 = CARTESIAN_POINT('',(4.712388980385,-2.5));
#2452 = CARTESIAN_POINT('',(4.703753142862,-2.499999905493));
#2453 = CARTESIAN_POINT('',(4.686466256009,-2.500167875726));
#2454 = CARTESIAN_POINT('',(4.66050045094,-2.500925160232));
#2455 = CARTESIAN_POINT('',(4.6345095926,-2.502189056439));
#2456 = CARTESIAN_POINT('',(4.608503189423,-2.503959337948));
#2457 = CARTESIAN_POINT('',(4.582490237055,-2.506234860662));
#2458 = CARTESIAN_POINT('',(4.55647919042,-2.509013470971));
#2459 = CARTESIAN_POINT('',(4.530478044632,-2.51229209239));
#2460 = CARTESIAN_POINT('',(4.504494381374,-2.51606676005));
#2461 = CARTESIAN_POINT('',(4.478535419621,-2.520332665067));
#2462 = CARTESIAN_POINT('',(4.452608060785,-2.525084192402));
#2463 = CARTESIAN_POINT('',(4.426718931354,-2.530314956847));
#2464 = CARTESIAN_POINT('',(4.40087442262,-2.536017836123));
#2465 = CARTESIAN_POINT('',(4.375080727974,-2.542185001604));
#2466 = CARTESIAN_POINT('',(4.349343877984,-2.548807946765));
#2467 = CARTESIAN_POINT('',(4.323669773475,-2.555877513563));
#2468 = CARTESIAN_POINT('',(4.298064216867,-2.563383916919));
#2469 = CARTESIAN_POINT('',(4.272532941778,-2.571316767559));
#2470 = CARTESIAN_POINT('',(4.247081641531,-2.579665093135));
#2471 = CARTESIAN_POINT('',(4.221715994885,-2.588417358774));
#2472 = CARTESIAN_POINT('',(4.196441695647,-2.597561483699));
#2473 = CARTESIAN_POINT('',(4.171264461701,-2.60708486729));
#2474 = CARTESIAN_POINT('',(4.146190114886,-2.616974375601));
#2475 = CARTESIAN_POINT('',(4.121224390602,-2.62721647201));
#2476 = CARTESIAN_POINT('',(4.096373750114,-2.6377968074));
#2477 = CARTESIAN_POINT('',(4.071629563559,-2.648707414754));
#2478 = CARTESIAN_POINT('',(4.046995621358,-2.65993510036));
#2479 = CARTESIAN_POINT('',(4.022473123415,-2.6714676067));
#2480 = CARTESIAN_POINT('',(3.998063483961,-2.683292521979));
#2481 = CARTESIAN_POINT('',(3.97376760697,-2.695397609747));
#2482 = CARTESIAN_POINT('',(3.949586103486,-2.707770757798));
#2483 = CARTESIAN_POINT('',(3.925519250112,-2.720400029895));
#2484 = CARTESIAN_POINT('',(3.901567019237,-2.733273686892));
#2485 = CARTESIAN_POINT('',(3.877729058522,-2.746380227436));
#2486 = CARTESIAN_POINT('',(3.854004778325,-2.759708380976));
#2487 = CARTESIAN_POINT('',(3.830394278791,-2.773246566734));
#2488 = CARTESIAN_POINT('',(3.806895671265,-2.786984440566));
#2489 = CARTESIAN_POINT('',(3.783507298117,-2.800911708115));
#2490 = CARTESIAN_POINT('',(3.760227291797,-2.815018365793));
#2491 = CARTESIAN_POINT('',(3.737053695597,-2.829294641524));
#2492 = CARTESIAN_POINT('',(3.713984433069,-2.843731015936));
#2493 = CARTESIAN_POINT('',(3.691017317027,-2.858318221998));
#2494 = CARTESIAN_POINT('',(3.668150046875,-2.873047250435));
#2495 = CARTESIAN_POINT('',(3.64538020791,-2.887909353589));
#2496 = CARTESIAN_POINT('',(3.622705268848,-2.902896049703));
#2497 = CARTESIAN_POINT('',(3.600122578532,-2.917999127084));
#2498 = CARTESIAN_POINT('',(3.577629361495,-2.933210648308));
#2499 = CARTESIAN_POINT('',(3.555222712464,-2.948522954402));
#2500 = CARTESIAN_POINT('',(3.532899589623,-2.963928669054));
#2501 = CARTESIAN_POINT('',(3.510656807161,-2.97942070275));
#2502 = CARTESIAN_POINT('',(3.488491025137,-2.994992257162));
#2503 = CARTESIAN_POINT('',(3.466398743959,-3.010636828616));
#2504 = CARTESIAN_POINT('',(3.444377563201,-3.02634729358));
#2505 = CARTESIAN_POINT('',(3.422423835939,-3.042117577039));
#2506 = CARTESIAN_POINT('',(3.400534172418,-3.057941579384));
#2507 = CARTESIAN_POINT('',(3.378705128945,-3.073813388777));
#2508 = CARTESIAN_POINT('',(3.356933281804,-3.089727221002));
#2509 = CARTESIAN_POINT('',(3.335215197958,-3.105677432269));
#2510 = CARTESIAN_POINT('',(3.313547432967,-3.121658512704));
#2511 = CARTESIAN_POINT('',(3.291926522621,-3.137665084164));
#2512 = CARTESIAN_POINT('',(3.270348971903,-3.153691900061));
#2513 = CARTESIAN_POINT('',(3.248811260302,-3.169733832802));
#2514 = CARTESIAN_POINT('',(3.227309783807,-3.185785908794));
#2515 = CARTESIAN_POINT('',(3.205841033317,-3.201843165543));
#2516 = CARTESIAN_POINT('',(3.18440089015,-3.217901172825));
#2517 = CARTESIAN_POINT('',(3.162987216303,-3.233954075469));
#2518 = CARTESIAN_POINT('',(3.148723029914,-3.244652221755));
#2519 = CARTESIAN_POINT('',(3.14159265359,-3.25));
#2520 = ( GEOMETRIC_REPRESENTATION_CONTEXT(2) 
PARAMETRIC_REPRESENTATION_CONTEXT() REPRESENTATION_CONTEXT('2D SPACE',''
  ) );
#2521 = PCURVE('',#2134,#2522);
#2522 = DEFINITIONAL_REPRESENTATION('',(#2523),#2593);
#2523 = B_SPLINE_CURVE_WITH_KNOTS('',3,(#2524,#2525,#2526,#2527,#2528,
    #2529,#2530,#2531,#2532,#2533,#2534,#2535,#2536,#2537,#2538,#2539,
    #2540,#2541,#2542,#2543,#2544,#2545,#2546,#2547,#2548,#2549,#2550,
    #2551,#2552,#2553,#2554,#2555,#2556,#2557,#2558,#2559,#2560,#2561,
    #2562,#2563,#2564,#2565,#2566,#2567,#2568,#2569,#2570,#2571,#2572,
    #2573,#2574,#2575,#2576,#2577,#2578,#2579,#2580,#2581,#2582,#2583,
    #2584,#2585,#2586,#2587,#2588,#2589,#2590,#2591,#2592),
  .UNSPECIFIED.,.F.,.F.,(4,1,1,1,1,1,1,1,1,1,1,1,1,1,1,1,1,1,1,1,1,1,1,1
    ,1,1,1,1,1,1,1,1,1,1,1,1,1,1,1,1,1,1,1,1,1,1,1,1,1,1,1,1,1,1,1,1,1,1
    ,1,1,1,1,1,1,1,1,4),(0.,1.515151515152E-02,3.030303030303E-02,
    4.545454545455E-02,6.060606060606E-02,7.575757575758E-02,
    9.090909090909E-02,0.106060606061,0.121212121212,0.136363636364,
    0.151515151515,0.166666666667,0.181818181818,0.19696969697,
    0.212121212121,0.227272727273,0.242424242424,0.257575757576,
    0.272727272727,0.287878787879,0.30303030303,0.318181818182,
    0.333333333333,0.348484848485,0.363636363636,0.378787878788,
    0.393939393939,0.409090909091,0.424242424242,0.439393939394,
    0.454545454545,0.469696969697,0.484848484848,0.5,0.515151515152,
    0.530303030303,0.545454545455,0.560606060606,0.575757575758,
    0.590909090909,0.606060606061,0.621212121212,0.636363636364,
    0.651515151515,0.666666666667,0.681818181818,0.69696969697,
    0.712121212121,0.727272727273,0.742424242424,0.757575757576,
    0.772727272727,0.787878787879,0.80303030303,0.818181818182,
    0.833333333333,0.848484848485,0.863636363636,0.878787878788,
    0.893939393939,0.909090909091,0.924242424242,0.939393939394,
    0.954545454545,0.969696969697,0.984848484848,1.),
  .QUASI_UNIFORM_KNOTS.);
#2524 = CARTESIAN_POINT('',(12.915422885572,0.95));
#2525 = CARTESIAN_POINT('',(12.922512020063,0.950000094507));
#2526 = CARTESIAN_POINT('',(12.936670744171,0.949832124274));
#2527 = CARTESIAN_POINT('',(12.957824102669,0.949074839769));
#2528 = CARTESIAN_POINT('',(12.978866342041,0.947810943561));
#2529 = CARTESIAN_POINT('',(12.999772115287,0.946040662053));
#2530 = CARTESIAN_POINT('',(13.020516781274,0.943765139339));
#2531 = CARTESIAN_POINT('',(13.0410765156,0.940986529031));
#2532 = CARTESIAN_POINT('',(13.061428299916,0.937707907612));
#2533 = CARTESIAN_POINT('',(13.081549942679,0.933933239952));
#2534 = CARTESIAN_POINT('',(13.101420090347,0.929667334936));
#2535 = CARTESIAN_POINT('',(13.121018240004,0.924915807601));
#2536 = CARTESIAN_POINT('',(13.14032475048,0.919685043156));
#2537 = CARTESIAN_POINT('',(13.159320852768,0.91398216388));
#2538 = CARTESIAN_POINT('',(13.177988659555,0.907814998399));
#2539 = CARTESIAN_POINT('',(13.196311173948,0.901192053238));
#2540 = CARTESIAN_POINT('',(13.2142722974,0.89412248644));
#2541 = CARTESIAN_POINT('',(13.231856836883,0.886616083083));
#2542 = CARTESIAN_POINT('',(13.249050511373,0.878683232444));
#2543 = CARTESIAN_POINT('',(13.265839957492,0.870334906868));
#2544 = CARTESIAN_POINT('',(13.28221273513,0.861582641228));
#2545 = CARTESIAN_POINT('',(13.298157330152,0.852438516303));
#2546 = CARTESIAN_POINT('',(13.313663165216,0.842915132712));
#2547 = CARTESIAN_POINT('',(13.328720577725,0.833025624401));
#2548 = CARTESIAN_POINT('',(13.34332091811,0.822783527991));
#2549 = CARTESIAN_POINT('',(13.357456196932,0.8122031926));
#2550 = CARTESIAN_POINT('',(13.371127628864,0.801292585248));
#2551 = CARTESIAN_POINT('',(13.384329866013,0.790064899642));
#2552 = CARTESIAN_POINT('',(13.397059782502,0.778532393302));
#2553 = CARTESIAN_POINT('',(13.409314773972,0.766707478024));
#2554 = CARTESIAN_POINT('',(13.421093147749,0.754602390256));
#2555 = CARTESIAN_POINT('',(13.432393952256,0.742229242204));
#2556 = CARTESIAN_POINT('',(13.443216957682,0.729599970107));
#2557 = CARTESIAN_POINT('',(13.453562591822,0.71672631311));
#2558 = CARTESIAN_POINT('',(13.46343190396,0.703619772567));
#2559 = CARTESIAN_POINT('',(13.472826461899,0.690291619026));
#2560 = CARTESIAN_POINT('',(13.481748006195,0.676753433268));
#2561 = CARTESIAN_POINT('',(13.490199440325,0.663015559436));
#2562 = CARTESIAN_POINT('',(13.498183844758,0.649088291887));
#2563 = CARTESIAN_POINT('',(13.505704642745,0.634981634208));
#2564 = CARTESIAN_POINT('',(13.512765520771,0.620705358477));
#2565 = CARTESIAN_POINT('',(13.519370415208,0.606268984066));
#2566 = CARTESIAN_POINT('',(13.525523481704,0.591681778003));
#2567 = CARTESIAN_POINT('',(13.531229069699,0.576952749566));
#2568 = CARTESIAN_POINT('',(13.53649169607,0.562090646412));
#2569 = CARTESIAN_POINT('',(13.541316019539,0.547103950299));
#2570 = CARTESIAN_POINT('',(13.545706815407,0.532000872918));
#2571 = CARTESIAN_POINT('',(13.549668950748,0.516789351694));
#2572 = CARTESIAN_POINT('',(13.553207359976,0.501477045601));
#2573 = CARTESIAN_POINT('',(13.556327021068,0.486071330949));
#2574 = CARTESIAN_POINT('',(13.55903293138,0.470579297253));
#2575 = CARTESIAN_POINT('',(13.561330087048,0.455007742842));
#2576 = CARTESIAN_POINT('',(13.563223451045,0.439363171388));
#2577 = CARTESIAN_POINT('',(13.564717889238,0.423652706424));
#2578 = CARTESIAN_POINT('',(13.565818317562,0.407882422964));
#2579 = CARTESIAN_POINT('',(13.566529565795,0.392058420618));
#2580 = CARTESIAN_POINT('',(13.566856398082,0.376186611225));
#2581 = CARTESIAN_POINT('',(13.566803499352,0.360272779));
#2582 = CARTESIAN_POINT('',(13.566375471127,0.344322567733));
#2583 = CARTESIAN_POINT('',(13.565576824994,0.328341487298));
#2584 = CARTESIAN_POINT('',(13.56441197713,0.312334915838));
#2585 = CARTESIAN_POINT('',(13.562885242009,0.296308099941));
#2586 = CARTESIAN_POINT('',(13.561000829349,0.2802661672));
#2587 = CARTESIAN_POINT('',(13.558762829892,0.264214091207));
#2588 = CARTESIAN_POINT('',(13.556175243523,0.248156834458));
#2589 = CARTESIAN_POINT('',(13.553241850116,0.232098827177));
#2590 = CARTESIAN_POINT('',(13.54996666797,0.216045924534));
#2591 = CARTESIAN_POINT('',(13.54755710283,0.205347778246));
#2592 = CARTESIAN_POINT('',(13.546296296296,0.2));
#2593 = ( GEOMETRIC_REPRESENTATION_CONTEXT(2) 
PARAMETRIC_REPRESENTATION_CONTEXT() REPRESENTATION_CONTEXT('2D SPACE',''
  ) );
#2594 = ORIENTED_EDGE('',*,*,#2333,.F.);
#2595 = ORIENTED_EDGE('',*,*,#1030,.T.);
#2596 = ADVANCED_FACE('',(#2597),#1018,.T.);
#2597 = FACE_BOUND('',#2598,.T.);
#2598 = EDGE_LOOP('',(#2599,#2600,#2623,#2670));
#2599 = ORIENTED_EDGE('',*,*,#1002,.F.);
#2600 = ORIENTED_EDGE('',*,*,#2601,.T.);
#2601 = EDGE_CURVE('',#974,#2602,#2604,.T.);
#2602 = VERTEX_POINT('',#2603);
#2603 = CARTESIAN_POINT('',(-22.75,-22.95,-0.75));
#2604 = SURFACE_CURVE('',#2605,(#2609,#2616),.PCURVE_S1.);
#2605 = LINE('',#2606,#2607);
#2606 = CARTESIAN_POINT('',(-26.2,-22.95,-0.75));
#2607 = VECTOR('',#2608,1.);
#2608 = DIRECTION('',(1.,6.661338147751E-16,2.22044604925E-16));
#2609 = PCURVE('',#1018,#2610);
#2610 = DEFINITIONAL_REPRESENTATION('',(#2611),#2615);
#2611 = LINE('',#2612,#2613);
#2612 = CARTESIAN_POINT('',(0.,0.));
#2613 = VECTOR('',#2614,1.);
#2614 = DIRECTION('',(8.881784197001E-16,-1.));
#2615 = ( GEOMETRIC_REPRESENTATION_CONTEXT(2) 
PARAMETRIC_REPRESENTATION_CONTEXT() REPRESENTATION_CONTEXT('2D SPACE',''
  ) );
#2616 = PCURVE('',#990,#2617);
#2617 = DEFINITIONAL_REPRESENTATION('',(#2618),#2622);
#2618 = LINE('',#2619,#2620);
#2619 = CARTESIAN_POINT('',(3.14159265359,0.));
#2620 = VECTOR('',#2621,1.);
#2621 = DIRECTION('',(1.287215101015E-16,-1.));
#2622 = ( GEOMETRIC_REPRESENTATION_CONTEXT(2) 
PARAMETRIC_REPRESENTATION_CONTEXT() REPRESENTATION_CONTEXT('2D SPACE',''
  ) );
#2623 = ORIENTED_EDGE('',*,*,#2624,.T.);
#2624 = EDGE_CURVE('',#2602,#2379,#2625,.T.);
#2625 = SURFACE_CURVE('',#2626,(#2632,#2641),.PCURVE_S1.);
#2626 = B_SPLINE_CURVE_WITH_KNOTS('',4,(#2627,#2628,#2629,#2630,#2631),
  .UNSPECIFIED.,.F.,.F.,(5,5),(0.,1.),.PIECEWISE_BEZIER_KNOTS.);
#2627 = CARTESIAN_POINT('',(-22.75,-22.95,-0.75));
#2628 = CARTESIAN_POINT('',(-22.80001586342,-22.95,-0.699984136571));
#2629 = CARTESIAN_POINT('',(-22.8500214619,-22.95,-0.649978538092));
#2630 = CARTESIAN_POINT('',(-22.90001634197,-22.95,-0.59998365803));
#2631 = CARTESIAN_POINT('',(-22.95,-22.95,-0.55));
#2632 = PCURVE('',#1018,#2633);
#2633 = DEFINITIONAL_REPRESENTATION('',(#2634),#2640);
#2634 = B_SPLINE_CURVE_WITH_KNOTS('',4,(#2635,#2636,#2637,#2638,#2639),
  .UNSPECIFIED.,.F.,.F.,(5,5),(0.,1.),.PIECEWISE_BEZIER_KNOTS.);
#2635 = CARTESIAN_POINT('',(2.331468351713E-15,-3.45));
#2636 = CARTESIAN_POINT('',(5.0015863429E-02,-3.39998413658));
#2637 = CARTESIAN_POINT('',(0.100021461908,-3.3499785381));
#2638 = CARTESIAN_POINT('',(0.15001634197,-3.29998365803));
#2639 = CARTESIAN_POINT('',(0.2,-3.25));
#2640 = ( GEOMETRIC_REPRESENTATION_CONTEXT(2) 
PARAMETRIC_REPRESENTATION_CONTEXT() REPRESENTATION_CONTEXT('2D SPACE',''
  ) );
#2641 = PCURVE('',#2134,#2642);
#2642 = DEFINITIONAL_REPRESENTATION('',(#2643),#2669);
#2643 = B_SPLINE_CURVE_WITH_KNOTS('',3,(#2644,#2645,#2646,#2647,#2648,
    #2649,#2650,#2651,#2652,#2653,#2654,#2655,#2656,#2657,#2658,#2659,
    #2660,#2661,#2662,#2663,#2664,#2665,#2666,#2667,#2668),
  .UNSPECIFIED.,.F.,.F.,(4,1,1,1,1,1,1,1,1,1,1,1,1,1,1,1,1,1,1,1,1,1,4),
  (0.,4.545454545455E-02,9.090909090909E-02,0.136363636364,
    0.181818181818,0.227272727273,0.272727272727,0.318181818182,
    0.363636363636,0.409090909091,0.454545454545,0.5,0.545454545455,
    0.590909090909,0.636363636364,0.681818181818,0.727272727273,
    0.772727272727,0.818181818182,0.863636363636,0.909090909091,
    0.954545454545,1.),.QUASI_UNIFORM_KNOTS.);
#2644 = CARTESIAN_POINT('',(13.5,0.));
#2645 = CARTESIAN_POINT('',(13.500688923741,3.03126444954E-03));
#2646 = CARTESIAN_POINT('',(13.502067891012,9.093708515993E-03));
#2647 = CARTESIAN_POINT('',(13.504139709284,1.818711908748E-02));
#2648 = CARTESIAN_POINT('',(13.506214902905,2.728027310248E-02));
#2649 = CARTESIAN_POINT('',(13.508293479893,3.637316952566E-02));
#2650 = CARTESIAN_POINT('',(13.510375448288,4.546580731703E-02));
#2651 = CARTESIAN_POINT('',(13.512460816155,5.455818543137E-02));
#2652 = CARTESIAN_POINT('',(13.514549591583,6.365030281832E-02));
#2653 = CARTESIAN_POINT('',(13.516641782684,7.27421584224E-02));
#2654 = CARTESIAN_POINT('',(13.518737397596,8.183375118296E-02));
#2655 = CARTESIAN_POINT('',(13.520836444483,9.092508003424E-02));
#2656 = CARTESIAN_POINT('',(13.52293893153,0.100016143905));
#2657 = CARTESIAN_POINT('',(13.52504486695,0.10910694172));
#2658 = CARTESIAN_POINT('',(13.527154258981,0.118197472398));
#2659 = CARTESIAN_POINT('',(13.529267115883,0.127287734851));
#2660 = CARTESIAN_POINT('',(13.531383445944,0.13637772799));
#2661 = CARTESIAN_POINT('',(13.533503257475,0.145467450717));
#2662 = CARTESIAN_POINT('',(13.535626558815,0.15455690193));
#2663 = CARTESIAN_POINT('',(13.537753358327,0.163646080522));
#2664 = CARTESIAN_POINT('',(13.539883664397,0.172734985383));
#2665 = CARTESIAN_POINT('',(13.542017485442,0.181823615393));
#2666 = CARTESIAN_POINT('',(13.544154829898,0.190911969433));
#2667 = CARTESIAN_POINT('',(13.545582080792,0.196970687392));
#2668 = CARTESIAN_POINT('',(13.546296296296,0.2));
#2669 = ( GEOMETRIC_REPRESENTATION_CONTEXT(2) 
PARAMETRIC_REPRESENTATION_CONTEXT() REPRESENTATION_CONTEXT('2D SPACE',''
  ) );
#2670 = ORIENTED_EDGE('',*,*,#2378,.F.);
#2671 = ADVANCED_FACE('',(#2672),#990,.T.);
#2672 = FACE_BOUND('',#2673,.T.);
#2673 = EDGE_LOOP('',(#2674,#2675,#2698,#2720));
#2674 = ORIENTED_EDGE('',*,*,#973,.T.);
#2675 = ORIENTED_EDGE('',*,*,#2676,.T.);
#2676 = EDGE_CURVE('',#946,#2677,#2679,.T.);
#2677 = VERTEX_POINT('',#2678);
#2678 = CARTESIAN_POINT('',(-22.75,-22.2,-1.5));
#2679 = SURFACE_CURVE('',#2680,(#2684,#2691),.PCURVE_S1.);
#2680 = LINE('',#2681,#2682);
#2681 = CARTESIAN_POINT('',(-26.2,-22.2,-1.5));
#2682 = VECTOR('',#2683,1.);
#2683 = DIRECTION('',(1.,6.661338147751E-16,2.22044604925E-16));
#2684 = PCURVE('',#990,#2685);
#2685 = DEFINITIONAL_REPRESENTATION('',(#2686),#2690);
#2686 = LINE('',#2687,#2688);
#2687 = CARTESIAN_POINT('',(1.570796326795,0.));
#2688 = VECTOR('',#2689,1.);
#2689 = DIRECTION('',(-1.351575856065E-15,-1.));
#2690 = ( GEOMETRIC_REPRESENTATION_CONTEXT(2) 
PARAMETRIC_REPRESENTATION_CONTEXT() REPRESENTATION_CONTEXT('2D SPACE',''
  ) );
#2691 = PCURVE('',#961,#2692);
#2692 = DEFINITIONAL_REPRESENTATION('',(#2693),#2697);
#2693 = LINE('',#2694,#2695);
#2694 = CARTESIAN_POINT('',(0.155,1.75));
#2695 = VECTOR('',#2696,1.);
#2696 = DIRECTION('',(1.,-6.661338147751E-16));
#2697 = ( GEOMETRIC_REPRESENTATION_CONTEXT(2) 
PARAMETRIC_REPRESENTATION_CONTEXT() REPRESENTATION_CONTEXT('2D SPACE',''
  ) );
#2698 = ORIENTED_EDGE('',*,*,#2699,.F.);
#2699 = EDGE_CURVE('',#2602,#2677,#2700,.T.);
#2700 = SURFACE_CURVE('',#2701,(#2706,#2713),.PCURVE_S1.);
#2701 = CIRCLE('',#2702,0.75);
#2702 = AXIS2_PLACEMENT_3D('',#2703,#2704,#2705);
#2703 = CARTESIAN_POINT('',(-22.75,-22.2,-0.75));
#2704 = DIRECTION('',(1.,-4.440892098501E-16,-8.881784197001E-16));
#2705 = DIRECTION('',(4.440892098501E-16,1.,-8.881784197001E-16));
#2706 = PCURVE('',#990,#2707);
#2707 = DEFINITIONAL_REPRESENTATION('',(#2708),#2712);
#2708 = LINE('',#2709,#2710);
#2709 = CARTESIAN_POINT('',(6.28318530718,-3.45));
#2710 = VECTOR('',#2711,1.);
#2711 = DIRECTION('',(-1.,0.));
#2712 = ( GEOMETRIC_REPRESENTATION_CONTEXT(2) 
PARAMETRIC_REPRESENTATION_CONTEXT() REPRESENTATION_CONTEXT('2D SPACE',''
  ) );
#2713 = PCURVE('',#2056,#2714);
#2714 = DEFINITIONAL_REPRESENTATION('',(#2715),#2719);
#2715 = CIRCLE('',#2716,0.75);
#2716 = AXIS2_PLACEMENT_2D('',#2717,#2718);
#2717 = CARTESIAN_POINT('',(-1.875832951957,1.75));
#2718 = DIRECTION('',(-1.33226762955E-15,-1.));
#2719 = ( GEOMETRIC_REPRESENTATION_CONTEXT(2) 
PARAMETRIC_REPRESENTATION_CONTEXT() REPRESENTATION_CONTEXT('2D SPACE',''
  ) );
#2720 = ORIENTED_EDGE('',*,*,#2601,.F.);
#2721 = ADVANCED_FACE('',(#2722),#900,.T.);
#2722 = FACE_BOUND('',#2723,.T.);
#2723 = EDGE_LOOP('',(#2724,#2725,#2748,#2777));
#2724 = ORIENTED_EDGE('',*,*,#883,.T.);
#2725 = ORIENTED_EDGE('',*,*,#2726,.T.);
#2726 = EDGE_CURVE('',#856,#2727,#2729,.T.);
#2727 = VERTEX_POINT('',#2728);
#2728 = CARTESIAN_POINT('',(-22.75,-32.45,-1.284523257867));
#2729 = SURFACE_CURVE('',#2730,(#2734,#2741),.PCURVE_S1.);
#2730 = LINE('',#2731,#2732);
#2731 = CARTESIAN_POINT('',(-26.2,-32.45,-1.284523257867));
#2732 = VECTOR('',#2733,1.);
#2733 = DIRECTION('',(1.,6.661338147751E-16,2.22044604925E-16));
#2734 = PCURVE('',#900,#2735);
#2735 = DEFINITIONAL_REPRESENTATION('',(#2736),#2740);
#2736 = LINE('',#2737,#2738);
#2737 = CARTESIAN_POINT('',(0.,0.));
#2738 = VECTOR('',#2739,1.);
#2739 = DIRECTION('',(0.,-1.));
#2740 = ( GEOMETRIC_REPRESENTATION_CONTEXT(2) 
PARAMETRIC_REPRESENTATION_CONTEXT() REPRESENTATION_CONTEXT('2D SPACE',''
  ) );
#2741 = PCURVE('',#871,#2742);
#2742 = DEFINITIONAL_REPRESENTATION('',(#2743),#2747);
#2743 = LINE('',#2744,#2745);
#2744 = CARTESIAN_POINT('',(-1.725,0.992261628934));
#2745 = VECTOR('',#2746,1.);
#2746 = DIRECTION('',(1.,-2.22044604925E-16));
#2747 = ( GEOMETRIC_REPRESENTATION_CONTEXT(2) 
PARAMETRIC_REPRESENTATION_CONTEXT() REPRESENTATION_CONTEXT('2D SPACE',''
  ) );
#2748 = ORIENTED_EDGE('',*,*,#2749,.F.);
#2749 = EDGE_CURVE('',#2750,#2727,#2752,.T.);
#2750 = VERTEX_POINT('',#2751);
#2751 = CARTESIAN_POINT('',(-22.75,-32.68076923076,-1.482142220615));
#2752 = SURFACE_CURVE('',#2753,(#2758,#2765),.PCURVE_S1.);
#2753 = CIRCLE('',#2754,0.2);
#2754 = AXIS2_PLACEMENT_3D('',#2755,#2756,#2757);
#2755 = CARTESIAN_POINT('',(-22.75,-32.65,-1.284523257866));
#2756 = DIRECTION('',(1.,-4.440892098501E-16,-8.881784197001E-16));
#2757 = DIRECTION('',(4.440892098501E-16,1.,-8.881784197001E-16));
#2758 = PCURVE('',#900,#2759);
#2759 = DEFINITIONAL_REPRESENTATION('',(#2760),#2764);
#2760 = LINE('',#2761,#2762);
#2761 = CARTESIAN_POINT('',(6.28318530718,-3.45));
#2762 = VECTOR('',#2763,1.);
#2763 = DIRECTION('',(-1.,0.));
#2764 = ( GEOMETRIC_REPRESENTATION_CONTEXT(2) 
PARAMETRIC_REPRESENTATION_CONTEXT() REPRESENTATION_CONTEXT('2D SPACE',''
  ) );
#2765 = PCURVE('',#2766,#2771);
#2766 = PLANE('',#2767);
#2767 = AXIS2_PLACEMENT_3D('',#2768,#2769,#2770);
#2768 = CARTESIAN_POINT('',(-22.75,-20.45,1.125832951957));
#2769 = DIRECTION('',(1.,8.881784197001E-16,4.440892098501E-16));
#2770 = DIRECTION('',(-4.440892098501E-16,-4.440892098501E-16,1.));
#2771 = DEFINITIONAL_REPRESENTATION('',(#2772),#2776);
#2772 = CIRCLE('',#2773,0.2);
#2773 = AXIS2_PLACEMENT_2D('',#2774,#2775);
#2774 = CARTESIAN_POINT('',(-2.410356209823,12.2));
#2775 = DIRECTION('',(-1.33226762955E-15,-1.));
#2776 = ( GEOMETRIC_REPRESENTATION_CONTEXT(2) 
PARAMETRIC_REPRESENTATION_CONTEXT() REPRESENTATION_CONTEXT('2D SPACE',''
  ) );
#2777 = ORIENTED_EDGE('',*,*,#2778,.F.);
#2778 = EDGE_CURVE('',#884,#2750,#2779,.T.);
#2779 = SURFACE_CURVE('',#2780,(#2784,#2791),.PCURVE_S1.);
#2780 = LINE('',#2781,#2782);
#2781 = CARTESIAN_POINT('',(-26.2,-32.68076923076,-1.482142220615));
#2782 = VECTOR('',#2783,1.);
#2783 = DIRECTION('',(1.,6.661338147751E-16,2.22044604925E-16));
#2784 = PCURVE('',#900,#2785);
#2785 = DEFINITIONAL_REPRESENTATION('',(#2786),#2790);
#2786 = LINE('',#2787,#2788);
#2787 = CARTESIAN_POINT('',(1.725255925234,0.));
#2788 = VECTOR('',#2789,1.);
#2789 = DIRECTION('',(1.029772080812E-14,-1.));
#2790 = ( GEOMETRIC_REPRESENTATION_CONTEXT(2) 
PARAMETRIC_REPRESENTATION_CONTEXT() REPRESENTATION_CONTEXT('2D SPACE',''
  ) );
#2791 = PCURVE('',#933,#2792);
#2792 = DEFINITIONAL_REPRESENTATION('',(#2793),#2797);
#2793 = LINE('',#2794,#2795);
#2794 = CARTESIAN_POINT('',(1.416336728317,0.));
#2795 = VECTOR('',#2796,1.);
#2796 = DIRECTION('',(-1.544658121218E-15,1.));
#2797 = ( GEOMETRIC_REPRESENTATION_CONTEXT(2) 
PARAMETRIC_REPRESENTATION_CONTEXT() REPRESENTATION_CONTEXT('2D SPACE',''
  ) );
#2798 = ADVANCED_FACE('',(#2799),#843,.T.);
#2799 = FACE_BOUND('',#2800,.T.);
#2800 = EDGE_LOOP('',(#2801,#2802,#2825,#2849));
#2801 = ORIENTED_EDGE('',*,*,#826,.T.);
#2802 = ORIENTED_EDGE('',*,*,#2803,.T.);
#2803 = EDGE_CURVE('',#799,#2804,#2806,.T.);
#2804 = VERTEX_POINT('',#2805);
#2805 = CARTESIAN_POINT('',(-22.75,-32.65,0.9));
#2806 = SURFACE_CURVE('',#2807,(#2811,#2818),.PCURVE_S1.);
#2807 = LINE('',#2808,#2809);
#2808 = CARTESIAN_POINT('',(-26.2,-32.65,0.9));
#2809 = VECTOR('',#2810,1.);
#2810 = DIRECTION('',(1.,6.661338147751E-16,2.22044604925E-16));
#2811 = PCURVE('',#843,#2812);
#2812 = DEFINITIONAL_REPRESENTATION('',(#2813),#2817);
#2813 = LINE('',#2814,#2815);
#2814 = CARTESIAN_POINT('',(4.712388980385,0.));
#2815 = VECTOR('',#2816,1.);
#2816 = DIRECTION('',(-1.029772080812E-14,-1.));
#2817 = ( GEOMETRIC_REPRESENTATION_CONTEXT(2) 
PARAMETRIC_REPRESENTATION_CONTEXT() REPRESENTATION_CONTEXT('2D SPACE',''
  ) );
#2818 = PCURVE('',#814,#2819);
#2819 = DEFINITIONAL_REPRESENTATION('',(#2820),#2824);
#2820 = LINE('',#2821,#2822);
#2821 = CARTESIAN_POINT('',(0.,0.));
#2822 = VECTOR('',#2823,1.);
#2823 = DIRECTION('',(-8.881784197001E-16,-1.));
#2824 = ( GEOMETRIC_REPRESENTATION_CONTEXT(2) 
PARAMETRIC_REPRESENTATION_CONTEXT() REPRESENTATION_CONTEXT('2D SPACE',''
  ) );
#2825 = ORIENTED_EDGE('',*,*,#2826,.F.);
#2826 = EDGE_CURVE('',#2827,#2804,#2829,.T.);
#2827 = VERTEX_POINT('',#2828);
#2828 = CARTESIAN_POINT('',(-22.75,-32.45,0.7));
#2829 = SURFACE_CURVE('',#2830,(#2835,#2842),.PCURVE_S1.);
#2830 = CIRCLE('',#2831,0.2);
#2831 = AXIS2_PLACEMENT_3D('',#2832,#2833,#2834);
#2832 = CARTESIAN_POINT('',(-22.75,-32.65,0.7));
#2833 = DIRECTION('',(1.,-4.440892098501E-16,-8.881784197001E-16));
#2834 = DIRECTION('',(4.440892098501E-16,1.,-8.881784197001E-16));
#2835 = PCURVE('',#843,#2836);
#2836 = DEFINITIONAL_REPRESENTATION('',(#2837),#2841);
#2837 = LINE('',#2838,#2839);
#2838 = CARTESIAN_POINT('',(6.28318530718,-3.45));
#2839 = VECTOR('',#2840,1.);
#2840 = DIRECTION('',(-1.,0.));
#2841 = ( GEOMETRIC_REPRESENTATION_CONTEXT(2) 
PARAMETRIC_REPRESENTATION_CONTEXT() REPRESENTATION_CONTEXT('2D SPACE',''
  ) );
#2842 = PCURVE('',#2766,#2843);
#2843 = DEFINITIONAL_REPRESENTATION('',(#2844),#2848);
#2844 = CIRCLE('',#2845,0.2);
#2845 = AXIS2_PLACEMENT_2D('',#2846,#2847);
#2846 = CARTESIAN_POINT('',(-0.425832951957,12.2));
#2847 = DIRECTION('',(-1.33226762955E-15,-1.));
#2848 = ( GEOMETRIC_REPRESENTATION_CONTEXT(2) 
PARAMETRIC_REPRESENTATION_CONTEXT() REPRESENTATION_CONTEXT('2D SPACE',''
  ) );
#2849 = ORIENTED_EDGE('',*,*,#2850,.F.);
#2850 = EDGE_CURVE('',#827,#2827,#2851,.T.);
#2851 = SURFACE_CURVE('',#2852,(#2856,#2863),.PCURVE_S1.);
#2852 = LINE('',#2853,#2854);
#2853 = CARTESIAN_POINT('',(-26.2,-32.45,0.7));
#2854 = VECTOR('',#2855,1.);
#2855 = DIRECTION('',(1.,6.661338147751E-16,2.22044604925E-16));
#2856 = PCURVE('',#843,#2857);
#2857 = DEFINITIONAL_REPRESENTATION('',(#2858),#2862);
#2858 = LINE('',#2859,#2860);
#2859 = CARTESIAN_POINT('',(6.28318530718,0.));
#2860 = VECTOR('',#2861,1.);
#2861 = DIRECTION('',(0.,-1.));
#2862 = ( GEOMETRIC_REPRESENTATION_CONTEXT(2) 
PARAMETRIC_REPRESENTATION_CONTEXT() REPRESENTATION_CONTEXT('2D SPACE',''
  ) );
#2863 = PCURVE('',#871,#2864);
#2864 = DEFINITIONAL_REPRESENTATION('',(#2865),#2869);
#2865 = LINE('',#2866,#2867);
#2866 = CARTESIAN_POINT('',(-1.725,-0.992261628933));
#2867 = VECTOR('',#2868,1.);
#2868 = DIRECTION('',(1.,-2.22044604925E-16));
#2869 = ( GEOMETRIC_REPRESENTATION_CONTEXT(2) 
PARAMETRIC_REPRESENTATION_CONTEXT() REPRESENTATION_CONTEXT('2D SPACE',''
  ) );
#2870 = ADVANCED_FACE('',(#2871),#814,.F.);
#2871 = FACE_BOUND('',#2872,.F.);
#2872 = EDGE_LOOP('',(#2873,#2874,#2897,#2918));
#2873 = ORIENTED_EDGE('',*,*,#2803,.T.);
#2874 = ORIENTED_EDGE('',*,*,#2875,.T.);
#2875 = EDGE_CURVE('',#2804,#2876,#2878,.T.);
#2876 = VERTEX_POINT('',#2877);
#2877 = CARTESIAN_POINT('',(-22.75,-33.75,0.9));
#2878 = SURFACE_CURVE('',#2879,(#2883,#2890),.PCURVE_S1.);
#2879 = LINE('',#2880,#2881);
#2880 = CARTESIAN_POINT('',(-22.75,-32.65,0.9));
#2881 = VECTOR('',#2882,1.);
#2882 = DIRECTION('',(-4.440892098501E-16,-1.,8.881784197001E-16));
#2883 = PCURVE('',#814,#2884);
#2884 = DEFINITIONAL_REPRESENTATION('',(#2885),#2889);
#2885 = LINE('',#2886,#2887);
#2886 = CARTESIAN_POINT('',(-7.660538869913E-16,-3.45));
#2887 = VECTOR('',#2888,1.);
#2888 = DIRECTION('',(1.,2.220446049251E-16));
#2889 = ( GEOMETRIC_REPRESENTATION_CONTEXT(2) 
PARAMETRIC_REPRESENTATION_CONTEXT() REPRESENTATION_CONTEXT('2D SPACE',''
  ) );
#2890 = PCURVE('',#2766,#2891);
#2891 = DEFINITIONAL_REPRESENTATION('',(#2892),#2896);
#2892 = LINE('',#2893,#2894);
#2893 = CARTESIAN_POINT('',(-0.225832951957,12.2));
#2894 = VECTOR('',#2895,1.);
#2895 = DIRECTION('',(1.33226762955E-15,1.));
#2896 = ( GEOMETRIC_REPRESENTATION_CONTEXT(2) 
PARAMETRIC_REPRESENTATION_CONTEXT() REPRESENTATION_CONTEXT('2D SPACE',''
  ) );
#2897 = ORIENTED_EDGE('',*,*,#2898,.F.);
#2898 = EDGE_CURVE('',#770,#2876,#2899,.T.);
#2899 = SURFACE_CURVE('',#2900,(#2904,#2911),.PCURVE_S1.);
#2900 = LINE('',#2901,#2902);
#2901 = CARTESIAN_POINT('',(-26.2,-33.75,0.9));
#2902 = VECTOR('',#2903,1.);
#2903 = DIRECTION('',(1.,6.661338147751E-16,2.22044604925E-16));
#2904 = PCURVE('',#814,#2905);
#2905 = DEFINITIONAL_REPRESENTATION('',(#2906),#2910);
#2906 = LINE('',#2907,#2908);
#2907 = CARTESIAN_POINT('',(1.1,-2.442490654175E-16));
#2908 = VECTOR('',#2909,1.);
#2909 = DIRECTION('',(-8.881784197001E-16,-1.));
#2910 = ( GEOMETRIC_REPRESENTATION_CONTEXT(2) 
PARAMETRIC_REPRESENTATION_CONTEXT() REPRESENTATION_CONTEXT('2D SPACE',''
  ) );
#2911 = PCURVE('',#786,#2912);
#2912 = DEFINITIONAL_REPRESENTATION('',(#2913),#2917);
#2913 = LINE('',#2914,#2915);
#2914 = CARTESIAN_POINT('',(4.712388980385,0.));
#2915 = VECTOR('',#2916,1.);
#2916 = DIRECTION('',(-1.029772080812E-14,-1.));
#2917 = ( GEOMETRIC_REPRESENTATION_CONTEXT(2) 
PARAMETRIC_REPRESENTATION_CONTEXT() REPRESENTATION_CONTEXT('2D SPACE',''
  ) );
#2918 = ORIENTED_EDGE('',*,*,#798,.F.);
#2919 = ADVANCED_FACE('',(#2920),#786,.T.);
#2920 = FACE_BOUND('',#2921,.T.);
#2921 = EDGE_LOOP('',(#2922,#2923,#2946,#2968));
#2922 = ORIENTED_EDGE('',*,*,#769,.T.);
#2923 = ORIENTED_EDGE('',*,*,#2924,.T.);
#2924 = EDGE_CURVE('',#742,#2925,#2927,.T.);
#2925 = VERTEX_POINT('',#2926);
#2926 = CARTESIAN_POINT('',(-22.75,-33.95,0.7));
#2927 = SURFACE_CURVE('',#2928,(#2932,#2939),.PCURVE_S1.);
#2928 = LINE('',#2929,#2930);
#2929 = CARTESIAN_POINT('',(-26.2,-33.95,0.7));
#2930 = VECTOR('',#2931,1.);
#2931 = DIRECTION('',(1.,6.661338147751E-16,2.22044604925E-16));
#2932 = PCURVE('',#786,#2933);
#2933 = DEFINITIONAL_REPRESENTATION('',(#2934),#2938);
#2934 = LINE('',#2935,#2936);
#2935 = CARTESIAN_POINT('',(3.14159265359,0.));
#2936 = VECTOR('',#2937,1.);
#2937 = DIRECTION('',(1.029772080812E-15,-1.));
#2938 = ( GEOMETRIC_REPRESENTATION_CONTEXT(2) 
PARAMETRIC_REPRESENTATION_CONTEXT() REPRESENTATION_CONTEXT('2D SPACE',''
  ) );
#2939 = PCURVE('',#757,#2940);
#2940 = DEFINITIONAL_REPRESENTATION('',(#2941),#2945);
#2941 = LINE('',#2942,#2943);
#2942 = CARTESIAN_POINT('',(0.72244525548,-2.554744526E-03));
#2943 = VECTOR('',#2944,1.);
#2944 = DIRECTION('',(-1.,-2.22044604925E-16));
#2945 = ( GEOMETRIC_REPRESENTATION_CONTEXT(2) 
PARAMETRIC_REPRESENTATION_CONTEXT() REPRESENTATION_CONTEXT('2D SPACE',''
  ) );
#2946 = ORIENTED_EDGE('',*,*,#2947,.F.);
#2947 = EDGE_CURVE('',#2876,#2925,#2948,.T.);
#2948 = SURFACE_CURVE('',#2949,(#2954,#2961),.PCURVE_S1.);
#2949 = CIRCLE('',#2950,0.2);
#2950 = AXIS2_PLACEMENT_3D('',#2951,#2952,#2953);
#2951 = CARTESIAN_POINT('',(-22.75,-33.75,0.7));
#2952 = DIRECTION('',(1.,-4.440892098501E-16,-8.881784197001E-16));
#2953 = DIRECTION('',(4.440892098501E-16,1.,-8.881784197001E-16));
#2954 = PCURVE('',#786,#2955);
#2955 = DEFINITIONAL_REPRESENTATION('',(#2956),#2960);
#2956 = LINE('',#2957,#2958);
#2957 = CARTESIAN_POINT('',(6.28318530718,-3.45));
#2958 = VECTOR('',#2959,1.);
#2959 = DIRECTION('',(-1.,0.));
#2960 = ( GEOMETRIC_REPRESENTATION_CONTEXT(2) 
PARAMETRIC_REPRESENTATION_CONTEXT() REPRESENTATION_CONTEXT('2D SPACE',''
  ) );
#2961 = PCURVE('',#2766,#2962);
#2962 = DEFINITIONAL_REPRESENTATION('',(#2963),#2967);
#2963 = CIRCLE('',#2964,0.2);
#2964 = AXIS2_PLACEMENT_2D('',#2965,#2966);
#2965 = CARTESIAN_POINT('',(-0.425832951957,13.3));
#2966 = DIRECTION('',(-1.33226762955E-15,-1.));
#2967 = ( GEOMETRIC_REPRESENTATION_CONTEXT(2) 
PARAMETRIC_REPRESENTATION_CONTEXT() REPRESENTATION_CONTEXT('2D SPACE',''
  ) );
#2968 = ORIENTED_EDGE('',*,*,#2898,.F.);
#2969 = ADVANCED_FACE('',(#2970),#673,.T.);
#2970 = FACE_BOUND('',#2971,.T.);
#2971 = EDGE_LOOP('',(#2972,#2973,#2996,#3025));
#2972 = ORIENTED_EDGE('',*,*,#656,.T.);
#2973 = ORIENTED_EDGE('',*,*,#2974,.T.);
#2974 = EDGE_CURVE('',#629,#2975,#2977,.T.);
#2975 = VERTEX_POINT('',#2976);
#2976 = CARTESIAN_POINT('',(-22.75,-30.45,2.85));
#2977 = SURFACE_CURVE('',#2978,(#2982,#2989),.PCURVE_S1.);
#2978 = LINE('',#2979,#2980);
#2979 = CARTESIAN_POINT('',(-26.2,-30.45,2.85));
#2980 = VECTOR('',#2981,1.);
#2981 = DIRECTION('',(1.,6.661338147751E-16,2.22044604925E-16));
#2982 = PCURVE('',#673,#2983);
#2983 = DEFINITIONAL_REPRESENTATION('',(#2984),#2988);
#2984 = LINE('',#2985,#2986);
#2985 = CARTESIAN_POINT('',(3.14159265359,0.));
#2986 = VECTOR('',#2987,1.);
#2987 = DIRECTION('',(2.574430202029E-16,-1.));
#2988 = ( GEOMETRIC_REPRESENTATION_CONTEXT(2) 
PARAMETRIC_REPRESENTATION_CONTEXT() REPRESENTATION_CONTEXT('2D SPACE',''
  ) );
#2989 = PCURVE('',#644,#2990);
#2990 = DEFINITIONAL_REPRESENTATION('',(#2991),#2995);
#2991 = LINE('',#2992,#2993);
#2992 = CARTESIAN_POINT('',(0.2,1.33226762955E-16));
#2993 = VECTOR('',#2994,1.);
#2994 = DIRECTION('',(8.881784197001E-16,-1.));
#2995 = ( GEOMETRIC_REPRESENTATION_CONTEXT(2) 
PARAMETRIC_REPRESENTATION_CONTEXT() REPRESENTATION_CONTEXT('2D SPACE',''
  ) );
#2996 = ORIENTED_EDGE('',*,*,#2997,.F.);
#2997 = EDGE_CURVE('',#2998,#2975,#3000,.T.);
#2998 = VERTEX_POINT('',#2999);
#2999 = CARTESIAN_POINT('',(-22.75,-29.7,3.6));
#3000 = SURFACE_CURVE('',#3001,(#3006,#3013),.PCURVE_S1.);
#3001 = CIRCLE('',#3002,0.75);
#3002 = AXIS2_PLACEMENT_3D('',#3003,#3004,#3005);
#3003 = CARTESIAN_POINT('',(-22.75,-29.7,2.85));
#3004 = DIRECTION('',(1.,-4.440892098501E-16,-8.881784197001E-16));
#3005 = DIRECTION('',(4.440892098501E-16,1.,-8.881784197001E-16));
#3006 = PCURVE('',#673,#3007);
#3007 = DEFINITIONAL_REPRESENTATION('',(#3008),#3012);
#3008 = LINE('',#3009,#3010);
#3009 = CARTESIAN_POINT('',(6.28318530718,-3.45));
#3010 = VECTOR('',#3011,1.);
#3011 = DIRECTION('',(-1.,0.));
#3012 = ( GEOMETRIC_REPRESENTATION_CONTEXT(2) 
PARAMETRIC_REPRESENTATION_CONTEXT() REPRESENTATION_CONTEXT('2D SPACE',''
  ) );
#3013 = PCURVE('',#3014,#3019);
#3014 = PLANE('',#3015);
#3015 = AXIS2_PLACEMENT_3D('',#3016,#3017,#3018);
#3016 = CARTESIAN_POINT('',(-22.75,-20.45,1.125832951957));
#3017 = DIRECTION('',(1.,8.881784197001E-16,4.440892098501E-16));
#3018 = DIRECTION('',(-4.440892098501E-16,-4.440892098501E-16,1.));
#3019 = DEFINITIONAL_REPRESENTATION('',(#3020),#3024);
#3020 = CIRCLE('',#3021,0.75);
#3021 = AXIS2_PLACEMENT_2D('',#3022,#3023);
#3022 = CARTESIAN_POINT('',(1.724167048043,9.25));
#3023 = DIRECTION('',(-1.33226762955E-15,-1.));
#3024 = ( GEOMETRIC_REPRESENTATION_CONTEXT(2) 
PARAMETRIC_REPRESENTATION_CONTEXT() REPRESENTATION_CONTEXT('2D SPACE',''
  ) );
#3025 = ORIENTED_EDGE('',*,*,#3026,.F.);
#3026 = EDGE_CURVE('',#657,#2998,#3027,.T.);
#3027 = SURFACE_CURVE('',#3028,(#3032,#3039),.PCURVE_S1.);
#3028 = LINE('',#3029,#3030);
#3029 = CARTESIAN_POINT('',(-26.2,-29.7,3.6));
#3030 = VECTOR('',#3031,1.);
#3031 = DIRECTION('',(1.,6.661338147751E-16,2.22044604925E-16));
#3032 = PCURVE('',#673,#3033);
#3033 = DEFINITIONAL_REPRESENTATION('',(#3034),#3038);
#3034 = LINE('',#3035,#3036);
#3035 = CARTESIAN_POINT('',(4.712388980385,0.));
#3036 = VECTOR('',#3037,1.);
#3037 = DIRECTION('',(1.287215101015E-15,-1.));
#3038 = ( GEOMETRIC_REPRESENTATION_CONTEXT(2) 
PARAMETRIC_REPRESENTATION_CONTEXT() REPRESENTATION_CONTEXT('2D SPACE',''
  ) );
#3039 = PCURVE('',#132,#3040);
#3040 = DEFINITIONAL_REPRESENTATION('',(#3041),#3045);
#3041 = LINE('',#3042,#3043);
#3042 = CARTESIAN_POINT('',(0.23392857143,9.25));
#3043 = VECTOR('',#3044,1.);
#3044 = DIRECTION('',(-1.,-6.661338147751E-16));
#3045 = ( GEOMETRIC_REPRESENTATION_CONTEXT(2) 
PARAMETRIC_REPRESENTATION_CONTEXT() REPRESENTATION_CONTEXT('2D SPACE',''
  ) );
#3046 = ADVANCED_FACE('',(#3047),#644,.T.);
#3047 = FACE_BOUND('',#3048,.T.);
#3048 = EDGE_LOOP('',(#3049,#3050,#3073,#3125));
#3049 = ORIENTED_EDGE('',*,*,#628,.F.);
#3050 = ORIENTED_EDGE('',*,*,#3051,.T.);
#3051 = EDGE_CURVE('',#600,#3052,#3054,.T.);
#3052 = VERTEX_POINT('',#3053);
#3053 = CARTESIAN_POINT('',(-22.95,-30.45,2.65));
#3054 = SURFACE_CURVE('',#3055,(#3059,#3066),.PCURVE_S1.);
#3055 = LINE('',#3056,#3057);
#3056 = CARTESIAN_POINT('',(-26.2,-30.45,2.65));
#3057 = VECTOR('',#3058,1.);
#3058 = DIRECTION('',(1.,6.661338147751E-16,2.22044604925E-16));
#3059 = PCURVE('',#644,#3060);
#3060 = DEFINITIONAL_REPRESENTATION('',(#3061),#3065);
#3061 = LINE('',#3062,#3063);
#3062 = CARTESIAN_POINT('',(0.,0.));
#3063 = VECTOR('',#3064,1.);
#3064 = DIRECTION('',(8.881784197001E-16,-1.));
#3065 = ( GEOMETRIC_REPRESENTATION_CONTEXT(2) 
PARAMETRIC_REPRESENTATION_CONTEXT() REPRESENTATION_CONTEXT('2D SPACE',''
  ) );
#3066 = PCURVE('',#616,#3067);
#3067 = DEFINITIONAL_REPRESENTATION('',(#3068),#3072);
#3068 = LINE('',#3069,#3070);
#3069 = CARTESIAN_POINT('',(3.14159265359,0.));
#3070 = VECTOR('',#3071,1.);
#3071 = DIRECTION('',(2.732856676E-16,-1.));
#3072 = ( GEOMETRIC_REPRESENTATION_CONTEXT(2) 
PARAMETRIC_REPRESENTATION_CONTEXT() REPRESENTATION_CONTEXT('2D SPACE',''
  ) );
#3073 = ORIENTED_EDGE('',*,*,#3074,.F.);
#3074 = EDGE_CURVE('',#2975,#3052,#3075,.T.);
#3075 = SURFACE_CURVE('',#3076,(#3082,#3091),.PCURVE_S1.);
#3076 = B_SPLINE_CURVE_WITH_KNOTS('',4,(#3077,#3078,#3079,#3080,#3081),
  .UNSPECIFIED.,.F.,.F.,(5,5),(0.,1.),.PIECEWISE_BEZIER_KNOTS.);
#3077 = CARTESIAN_POINT('',(-22.75,-30.45,2.85));
#3078 = CARTESIAN_POINT('',(-22.80020191695,-30.45,2.799798083045));
#3079 = CARTESIAN_POINT('',(-22.85027187638,-30.45,2.749728123617));
#3080 = CARTESIAN_POINT('',(-22.90020593503,-30.45,2.699794064964));
#3081 = CARTESIAN_POINT('',(-22.95,-30.45,2.65));
#3082 = PCURVE('',#644,#3083);
#3083 = DEFINITIONAL_REPRESENTATION('',(#3084),#3090);
#3084 = B_SPLINE_CURVE_WITH_KNOTS('',4,(#3085,#3086,#3087,#3088,#3089),
  .UNSPECIFIED.,.F.,.F.,(5,5),(0.,1.),.PIECEWISE_BEZIER_KNOTS.);
#3085 = CARTESIAN_POINT('',(0.2,-3.45));
#3086 = CARTESIAN_POINT('',(0.149798083045,-3.39979808305));
#3087 = CARTESIAN_POINT('',(9.9728123617E-02,-3.34972812362));
#3088 = CARTESIAN_POINT('',(4.9794064964E-02,-3.29979406497));
#3089 = CARTESIAN_POINT('',(2.22044604925E-15,-3.25));
#3090 = ( GEOMETRIC_REPRESENTATION_CONTEXT(2) 
PARAMETRIC_REPRESENTATION_CONTEXT() REPRESENTATION_CONTEXT('2D SPACE',''
  ) );
#3091 = PCURVE('',#3092,#3097);
#3092 = B_SPLINE_SURFACE_WITH_KNOTS('',1,1,(
    (#3093,#3094)
    ,(#3095,#3096
    )),.UNSPECIFIED.,.F.,.F.,.F.,(2,2),(2,2),(0.,22.),(0.,1.),
  .PIECEWISE_BEZIER_KNOTS.);
#3093 = CARTESIAN_POINT('',(-22.75,-31.45,2.85));
#3094 = CARTESIAN_POINT('',(-23.75,-30.45,1.85));
#3095 = CARTESIAN_POINT('',(-22.75,-9.45,2.85));
#3096 = CARTESIAN_POINT('',(-23.75,-10.45,1.85));
#3097 = DEFINITIONAL_REPRESENTATION('',(#3098),#3124);
#3098 = B_SPLINE_CURVE_WITH_KNOTS('',3,(#3099,#3100,#3101,#3102,#3103,
    #3104,#3105,#3106,#3107,#3108,#3109,#3110,#3111,#3112,#3113,#3114,
    #3115,#3116,#3117,#3118,#3119,#3120,#3121,#3122,#3123),
  .UNSPECIFIED.,.F.,.F.,(4,1,1,1,1,1,1,1,1,1,1,1,1,1,1,1,1,1,1,1,1,1,4),
  (0.,4.545454545455E-02,9.090909090909E-02,0.136363636364,
    0.181818181818,0.227272727273,0.272727272727,0.318181818182,
    0.363636363636,0.409090909091,0.454545454545,0.5,0.545454545455,
    0.590909090909,0.636363636364,0.681818181818,0.727272727273,
    0.772727272727,0.818181818182,0.863636363636,0.909090909091,
    0.954545454545,1.),.QUASI_UNIFORM_KNOTS.);
#3099 = CARTESIAN_POINT('',(1.,0.));
#3100 = CARTESIAN_POINT('',(0.997234054164,3.042540420089E-03));
#3101 = CARTESIAN_POINT('',(0.991698563628,9.126530707069E-03));
#3102 = CARTESIAN_POINT('',(0.983384519874,1.824923556558E-02));
#3103 = CARTESIAN_POINT('',(0.975059656804,2.736865094576E-02));
#3104 = CARTESIAN_POINT('',(0.966723963083,3.648476792022E-02));
#3105 = CARTESIAN_POINT('',(0.958377427397,4.559757754772E-02));
#3106 = CARTESIAN_POINT('',(0.950020038458,5.470707087132E-02));
#3107 = CARTESIAN_POINT('',(0.941651784999,6.381323891883E-02));
#3108 = CARTESIAN_POINT('',(0.933272655777,7.291607270272E-02));
#3109 = CARTESIAN_POINT('',(0.924882639573,8.201556322011E-02));
#3110 = CARTESIAN_POINT('',(0.916481725195,9.111170145281E-02));
#3111 = CARTESIAN_POINT('',(0.908069901472,0.100204478367));
#3112 = CARTESIAN_POINT('',(0.899647157261,0.109293884915));
#3113 = CARTESIAN_POINT('',(0.891213481443,0.118379912031));
#3114 = CARTESIAN_POINT('',(0.882768862924,0.127462550636));
#3115 = CARTESIAN_POINT('',(0.874313290637,0.136541791636));
#3116 = CARTESIAN_POINT('',(0.865846753541,0.145617625919));
#3117 = CARTESIAN_POINT('',(0.857369240622,0.154690044362));
#3118 = CARTESIAN_POINT('',(0.84888074089,0.163759037822));
#3119 = CARTESIAN_POINT('',(0.840381243386,0.172824597144));
#3120 = CARTESIAN_POINT('',(0.831870737175,0.181886713155));
#3121 = CARTESIAN_POINT('',(0.82334921135,0.190945376671));
#3122 = CARTESIAN_POINT('',(0.817660840478,0.19698217788));
#3123 = CARTESIAN_POINT('',(0.814814814815,0.2));
#3124 = ( GEOMETRIC_REPRESENTATION_CONTEXT(2) 
PARAMETRIC_REPRESENTATION_CONTEXT() REPRESENTATION_CONTEXT('2D SPACE',''
  ) );
#3125 = ORIENTED_EDGE('',*,*,#2974,.F.);
#3126 = ADVANCED_FACE('',(#3127),#616,.T.);
#3127 = FACE_BOUND('',#3128,.T.);
#3128 = EDGE_LOOP('',(#3129,#3152,#3290,#3291));
#3129 = ORIENTED_EDGE('',*,*,#3130,.T.);
#3130 = EDGE_CURVE('',#572,#3131,#3133,.T.);
#3131 = VERTEX_POINT('',#3132);
#3132 = CARTESIAN_POINT('',(-23.7,-29.7,1.9));
#3133 = SURFACE_CURVE('',#3134,(#3138,#3145),.PCURVE_S1.);
#3134 = LINE('',#3135,#3136);
#3135 = CARTESIAN_POINT('',(-26.2,-29.7,1.9));
#3136 = VECTOR('',#3137,1.);
#3137 = DIRECTION('',(1.,6.661338147751E-16,2.22044604925E-16));
#3138 = PCURVE('',#616,#3139);
#3139 = DEFINITIONAL_REPRESENTATION('',(#3140),#3144);
#3140 = LINE('',#3141,#3142);
#3141 = CARTESIAN_POINT('',(1.570796326795,0.));
#3142 = VECTOR('',#3143,1.);
#3143 = DIRECTION('',(0.,-1.));
#3144 = ( GEOMETRIC_REPRESENTATION_CONTEXT(2) 
PARAMETRIC_REPRESENTATION_CONTEXT() REPRESENTATION_CONTEXT('2D SPACE',''
  ) );
#3145 = PCURVE('',#587,#3146);
#3146 = DEFINITIONAL_REPRESENTATION('',(#3147),#3151);
#3147 = LINE('',#3148,#3149);
#3148 = CARTESIAN_POINT('',(3.5,-7.771561172375E-16));
#3149 = VECTOR('',#3150,1.);
#3150 = DIRECTION('',(-8.881784197001E-16,-1.));
#3151 = ( GEOMETRIC_REPRESENTATION_CONTEXT(2) 
PARAMETRIC_REPRESENTATION_CONTEXT() REPRESENTATION_CONTEXT('2D SPACE',''
  ) );
#3152 = ORIENTED_EDGE('',*,*,#3153,.F.);
#3153 = EDGE_CURVE('',#3052,#3131,#3154,.T.);
#3154 = SURFACE_CURVE('',#3155,(#3188,#3239),.PCURVE_S1.);
#3155 = B_SPLINE_CURVE_WITH_KNOTS('',6,(#3156,#3157,#3158,#3159,#3160,
    #3161,#3162,#3163,#3164,#3165,#3166,#3167,#3168,#3169,#3170,#3171,
    #3172,#3173,#3174,#3175,#3176,#3177,#3178,#3179,#3180,#3181,#3182,
    #3183,#3184,#3185,#3186,#3187),.UNSPECIFIED.,.F.,.F.,(7,5,5,5,5,5,7)
  ,(0.,0.242307917295,0.490273791842,0.610807777929,0.674556322755,
    0.804289128917,1.),.UNSPECIFIED.);
#3156 = CARTESIAN_POINT('',(-22.95,-30.45,2.65));
#3157 = CARTESIAN_POINT('',(-22.98956794087,-30.45,2.610432059126));
#3158 = CARTESIAN_POINT('',(-23.02944602493,-30.44749530285,
    2.570553975062));
#3159 = CARTESIAN_POINT('',(-23.06955446371,-30.44241089182,
    2.530445536282));
#3160 = CARTESIAN_POINT('',(-23.10979365299,-30.43464561788,
    2.490206347004));
#3161 = CARTESIAN_POINT('',(-23.15003889959,-30.42406891156,
    2.449961100408));
#3162 = CARTESIAN_POINT('',(-23.23116765523,-30.39664964899,
    2.368832344761));
#3163 = CARTESIAN_POINT('',(-23.27202559475,-30.37967236529,
    2.32797440525));
#3164 = CARTESIAN_POINT('',(-23.31256020764,-30.35940845111,
    2.287439792354));
#3165 = CARTESIAN_POINT('',(-23.35252298807,-30.3356526407,
    2.247477011924));
#3166 = CARTESIAN_POINT('',(-23.39156136964,-30.30821004692,
    2.208438630354));
#3167 = CARTESIAN_POINT('',(-23.44751721751,-30.26173190517,
    2.152482782481));
#3168 = CARTESIAN_POINT('',(-23.46548838389,-30.24562711419,
    2.134511616107));
#3169 = CARTESIAN_POINT('',(-23.48307183207,-30.22860745153,
    2.116928167922));
#3170 = CARTESIAN_POINT('',(-23.50020074501,-30.21066785921,
    2.099799254985));
#3171 = CARTESIAN_POINT('',(-23.51680014907,-30.19181590745,
    2.083199850927));
#3172 = CARTESIAN_POINT('',(-23.54124601179,-30.16163692968,
    2.058753988205));
#3173 = CARTESIAN_POINT('',(-23.5495318377,-30.15094916356,
    2.050468162292));
#3174 = CARTESIAN_POINT('',(-23.55763478987,-30.14001720749,
    2.042365210128));
#3175 = CARTESIAN_POINT('',(-23.56554253611,-30.12884654142,
    2.034457463888));
#3176 = CARTESIAN_POINT('',(-23.57324259572,-30.11744431197,
    2.026757404279));
#3177 = CARTESIAN_POINT('',(-23.595944148,-30.08216167503,2.004055851998
    ));
#3178 = CARTESIAN_POINT('',(-23.61025600565,-30.05757809203,
    1.989743994351));
#3179 = CARTESIAN_POINT('',(-23.6235481195,-30.03215012842,
    1.976451880494));
#3180 = CARTESIAN_POINT('',(-23.63572056643,-30.00598324836,
    1.964279433563));
#3181 = CARTESIAN_POINT('',(-23.64669116913,-29.97920792074,
    1.953308830862));
#3182 = CARTESIAN_POINT('',(-23.6710548993,-29.91090657541,
    1.928945100691));
#3183 = CARTESIAN_POINT('',(-23.68284991325,-29.86878371676,
    1.917150086747));
#3184 = CARTESIAN_POINT('',(-23.69158491221,-29.82616101919,
    1.908415087782));
#3185 = CARTESIAN_POINT('',(-23.69726057884,-29.78354867681,
    1.902739421158));
#3186 = CARTESIAN_POINT('',(-23.7,-29.74137806956,1.9));
#3187 = CARTESIAN_POINT('',(-23.7,-29.7,1.9));
#3188 = PCURVE('',#616,#3189);
#3189 = DEFINITIONAL_REPRESENTATION('',(#3190),#3238);
#3190 = B_SPLINE_CURVE_WITH_KNOTS('',3,(#3191,#3192,#3193,#3194,#3195,
    #3196,#3197,#3198,#3199,#3200,#3201,#3202,#3203,#3204,#3205,#3206,
    #3207,#3208,#3209,#3210,#3211,#3212,#3213,#3214,#3215,#3216,#3217,
    #3218,#3219,#3220,#3221,#3222,#3223,#3224,#3225,#3226,#3227,#3228,
    #3229,#3230,#3231,#3232,#3233,#3234,#3235,#3236,#3237),
  .UNSPECIFIED.,.F.,.F.,(4,1,1,1,1,1,1,1,1,1,1,1,1,1,1,1,1,1,1,1,1,1,1,1
    ,1,1,1,1,1,1,1,1,1,1,1,1,1,1,1,1,1,1,1,1,4),(0.,2.272727272727E-02,
    4.545454545455E-02,6.818181818182E-02,9.090909090909E-02,
    0.113636363636,0.136363636364,0.159090909091,0.181818181818,
    0.204545454545,0.227272727273,0.25,0.272727272727,0.295454545455,
    0.318181818182,0.340909090909,0.363636363636,0.386363636364,
    0.409090909091,0.431818181818,0.454545454545,0.477272727273,0.5,
    0.522727272727,0.545454545455,0.568181818182,0.590909090909,
    0.613636363636,0.636363636364,0.659090909091,0.681818181818,
    0.704545454545,0.727272727273,0.75,0.772727272727,0.795454545455,
    0.818181818182,0.840909090909,0.863636363636,0.886363636364,
    0.909090909091,0.931818181818,0.954545454545,0.977272727273,1.),
  .QUASI_UNIFORM_KNOTS.);
#3191 = CARTESIAN_POINT('',(3.14159265359,-3.25));
#3192 = CARTESIAN_POINT('',(3.131695924075,-3.242577498208));
#3193 = CARTESIAN_POINT('',(3.111866066001,-3.227705025321));
#3194 = CARTESIAN_POINT('',(3.081996575177,-3.205322730315));
#3195 = CARTESIAN_POINT('',(3.051986870063,-3.182875435893));
#3196 = CARTESIAN_POINT('',(3.021821454063,-3.16037255421));
#3197 = CARTESIAN_POINT('',(2.991484732698,-3.137824073262));
#3198 = CARTESIAN_POINT('',(2.960960927977,-3.115240660602));
#3199 = CARTESIAN_POINT('',(2.930233962637,-3.092633663904));
#3200 = CARTESIAN_POINT('',(2.89928738553,-3.070015170364));
#3201 = CARTESIAN_POINT('',(2.868104111925,-3.047397933894));
#3202 = CARTESIAN_POINT('',(2.836666815482,-3.024795772331));
#3203 = CARTESIAN_POINT('',(2.804955855163,-3.002222216757));
#3204 = CARTESIAN_POINT('',(2.772958539027,-2.979697230361));
#3205 = CARTESIAN_POINT('',(2.740654218555,-2.957236701891));
#3206 = CARTESIAN_POINT('',(2.708023256998,-2.934859064259));
#3207 = CARTESIAN_POINT('',(2.675046979079,-2.912585336075));
#3208 = CARTESIAN_POINT('',(2.641707557982,-2.890439135436));
#3209 = CARTESIAN_POINT('',(2.607987934301,-2.868446703777));
#3210 = CARTESIAN_POINT('',(2.573871717719,-2.846636917205));
#3211 = CARTESIAN_POINT('',(2.539343167255,-2.825041337848));
#3212 = CARTESIAN_POINT('',(2.504386908215,-2.803694117663));
#3213 = CARTESIAN_POINT('',(2.468988648086,-2.7826324524));
#3214 = CARTESIAN_POINT('',(2.433132173526,-2.76189498245));
#3215 = CARTESIAN_POINT('',(2.396815041247,-2.741530594306));
#3216 = CARTESIAN_POINT('',(2.360032813562,-2.721588759874));
#3217 = CARTESIAN_POINT('',(2.322785633125,-2.702123201049));
#3218 = CARTESIAN_POINT('',(2.285078759047,-2.683191482987));
#3219 = CARTESIAN_POINT('',(2.246922566201,-2.664854412313));
#3220 = CARTESIAN_POINT('',(2.208334608737,-2.647176203656));
#3221 = CARTESIAN_POINT('',(2.16934032847,-2.630223801843));
#3222 = CARTESIAN_POINT('',(2.129972863703,-2.614065120096));
#3223 = CARTESIAN_POINT('',(2.090269040996,-2.598766840823));
#3224 = CARTESIAN_POINT('',(2.050281019717,-2.584396967375));
#3225 = CARTESIAN_POINT('',(2.010064198189,-2.571018686613));
#3226 = CARTESIAN_POINT('',(1.969678496461,-2.558689728011));
#3227 = CARTESIAN_POINT('',(1.929188754339,-2.547461365632));
#3228 = CARTESIAN_POINT('',(1.888665793238,-2.537377437035));
#3229 = CARTESIAN_POINT('',(1.848173747255,-2.528470575147));
#3230 = CARTESIAN_POINT('',(1.807785614995,-2.520765569737));
#3231 = CARTESIAN_POINT('',(1.767563645983,-2.514274888991));
#3232 = CARTESIAN_POINT('',(1.72756427188,-2.509000907129));
#3233 = CARTESIAN_POINT('',(1.687837837146,-2.50493671804));
#3234 = CARTESIAN_POINT('',(1.648429433485,-2.502067022596));
#3235 = CARTESIAN_POINT('',(1.609379882254,-2.500369784389));
#3236 = CARTESIAN_POINT('',(1.583609618987,-2.499999519651));
#3237 = CARTESIAN_POINT('',(1.570796326795,-2.5));
#3238 = ( GEOMETRIC_REPRESENTATION_CONTEXT(2) 
PARAMETRIC_REPRESENTATION_CONTEXT() REPRESENTATION_CONTEXT('2D SPACE',''
  ) );
#3239 = PCURVE('',#3092,#3240);
#3240 = DEFINITIONAL_REPRESENTATION('',(#3241),#3289);
#3241 = B_SPLINE_CURVE_WITH_KNOTS('',3,(#3242,#3243,#3244,#3245,#3246,
    #3247,#3248,#3249,#3250,#3251,#3252,#3253,#3254,#3255,#3256,#3257,
    #3258,#3259,#3260,#3261,#3262,#3263,#3264,#3265,#3266,#3267,#3268,
    #3269,#3270,#3271,#3272,#3273,#3274,#3275,#3276,#3277,#3278,#3279,
    #3280,#3281,#3282,#3283,#3284,#3285,#3286,#3287,#3288),
  .UNSPECIFIED.,.F.,.F.,(4,1,1,1,1,1,1,1,1,1,1,1,1,1,1,1,1,1,1,1,1,1,1,1
    ,1,1,1,1,1,1,1,1,1,1,1,1,1,1,1,1,1,1,1,1,4),(0.,2.272727272727E-02,
    4.545454545455E-02,6.818181818182E-02,9.090909090909E-02,
    0.113636363636,0.136363636364,0.159090909091,0.181818181818,
    0.204545454545,0.227272727273,0.25,0.272727272727,0.295454545455,
    0.318181818182,0.340909090909,0.363636363636,0.386363636364,
    0.409090909091,0.431818181818,0.454545454545,0.477272727273,0.5,
    0.522727272727,0.545454545455,0.568181818182,0.590909090909,
    0.613636363636,0.636363636364,0.659090909091,0.681818181818,
    0.704545454545,0.727272727273,0.75,0.772727272727,0.795454545455,
    0.818181818182,0.840909090909,0.863636363636,0.886363636364,
    0.909090909091,0.931818181818,0.954545454545,0.977272727273,1.),
  .QUASI_UNIFORM_KNOTS.);
#3242 = CARTESIAN_POINT('',(0.814814814815,0.2));
#3243 = CARTESIAN_POINT('',(0.807814940627,0.207422501793));
#3244 = CARTESIAN_POINT('',(0.793984532173,0.22229497468));
#3245 = CARTESIAN_POINT('',(0.773767104116,0.244677269687));
#3246 = CARTESIAN_POINT('',(0.754097396118,0.26712456411));
#3247 = CARTESIAN_POINT('',(0.73499714662,0.289627445793));
#3248 = CARTESIAN_POINT('',(0.716489617722,0.312175926741));
#3249 = CARTESIAN_POINT('',(0.698599858653,0.334759339401));
#3250 = CARTESIAN_POINT('',(0.681354711599,0.357366336099));
#3251 = CARTESIAN_POINT('',(0.664782906399,0.379984829638));
#3252 = CARTESIAN_POINT('',(0.648915057632,0.402602066108));
#3253 = CARTESIAN_POINT('',(0.633783962539,0.425204227671));
#3254 = CARTESIAN_POINT('',(0.619423791394,0.447777783246));
#3255 = CARTESIAN_POINT('',(0.605874409477,0.470302769642));
#3256 = CARTESIAN_POINT('',(0.593174618479,0.492763298112));
#3257 = CARTESIAN_POINT('',(0.581366681053,0.515140935744));
#3258 = CARTESIAN_POINT('',(0.570496138862,0.537414663927));
#3259 = CARTESIAN_POINT('',(0.560611684084,0.559560864566));
#3260 = CARTESIAN_POINT('',(0.551765007119,0.581553296226));
#3261 = CARTESIAN_POINT('',(0.544010639823,0.603363082798));
#3262 = CARTESIAN_POINT('',(0.537405789522,0.624958662155));
#3263 = CARTESIAN_POINT('',(0.532010158381,0.646305882341));
#3264 = CARTESIAN_POINT('',(0.527885769319,0.667367547604));
#3265 = CARTESIAN_POINT('',(0.525096713626,0.688105017554));
#3266 = CARTESIAN_POINT('',(0.523709401413,0.708469405697));
#3267 = CARTESIAN_POINT('',(0.523789848923,0.728411240129));
#3268 = CARTESIAN_POINT('',(0.525403674476,0.747876798954));
#3269 = CARTESIAN_POINT('',(0.528614421954,0.766808517014));
#3270 = CARTESIAN_POINT('',(0.533482212041,0.785145587689));
#3271 = CARTESIAN_POINT('',(0.540061785027,0.802823796346));
#3272 = CARTESIAN_POINT('',(0.548400459991,0.819776198157));
#3273 = CARTESIAN_POINT('',(0.558535242588,0.835934879904));
#3274 = CARTESIAN_POINT('',(0.570493102455,0.851233159178));
#3275 = CARTESIAN_POINT('',(0.584284468689,0.865603032626));
#3276 = CARTESIAN_POINT('',(0.599904948006,0.87898131339));
#3277 = CARTESIAN_POINT('',(0.617333794908,0.891310271992));
#3278 = CARTESIAN_POINT('',(0.636532795081,0.902538634373));
#3279 = CARTESIAN_POINT('',(0.657444774155,0.912622562969));
#3280 = CARTESIAN_POINT('',(0.680000279479,0.921529424857));
#3281 = CARTESIAN_POINT('',(0.704109963085,0.929234430266));
#3282 = CARTESIAN_POINT('',(0.729676429098,0.935725111012));
#3283 = CARTESIAN_POINT('',(0.756594168109,0.940999092873));
#3284 = CARTESIAN_POINT('',(0.784751821001,0.945063281961));
#3285 = CARTESIAN_POINT('',(0.814033656068,0.947932977405));
#3286 = CARTESIAN_POINT('',(0.844321174851,0.949630215611));
#3287 = CARTESIAN_POINT('',(0.865103220531,0.950000480349));
#3288 = CARTESIAN_POINT('',(0.875621890547,0.95));
#3289 = ( GEOMETRIC_REPRESENTATION_CONTEXT(2) 
PARAMETRIC_REPRESENTATION_CONTEXT() REPRESENTATION_CONTEXT('2D SPACE',''
  ) );
#3290 = ORIENTED_EDGE('',*,*,#3051,.F.);
#3291 = ORIENTED_EDGE('',*,*,#599,.T.);
#3292 = ADVANCED_FACE('',(#3293),#587,.T.);
#3293 = FACE_BOUND('',#3294,.T.);
#3294 = EDGE_LOOP('',(#3295,#3296,#3319,#3337));
#3295 = ORIENTED_EDGE('',*,*,#571,.F.);
#3296 = ORIENTED_EDGE('',*,*,#3297,.T.);
#3297 = EDGE_CURVE('',#543,#3298,#3300,.T.);
#3298 = VERTEX_POINT('',#3299);
#3299 = CARTESIAN_POINT('',(-23.7,-26.2,1.9));
#3300 = SURFACE_CURVE('',#3301,(#3305,#3312),.PCURVE_S1.);
#3301 = LINE('',#3302,#3303);
#3302 = CARTESIAN_POINT('',(-26.2,-26.2,1.9));
#3303 = VECTOR('',#3304,1.);
#3304 = DIRECTION('',(1.,6.661338147751E-16,2.22044604925E-16));
#3305 = PCURVE('',#587,#3306);
#3306 = DEFINITIONAL_REPRESENTATION('',(#3307),#3311);
#3307 = LINE('',#3308,#3309);
#3308 = CARTESIAN_POINT('',(0.,0.));
#3309 = VECTOR('',#3310,1.);
#3310 = DIRECTION('',(-8.881784197001E-16,-1.));
#3311 = ( GEOMETRIC_REPRESENTATION_CONTEXT(2) 
PARAMETRIC_REPRESENTATION_CONTEXT() REPRESENTATION_CONTEXT('2D SPACE',''
  ) );
#3312 = PCURVE('',#559,#3313);
#3313 = DEFINITIONAL_REPRESENTATION('',(#3314),#3318);
#3314 = LINE('',#3315,#3316);
#3315 = CARTESIAN_POINT('',(1.570796326795,0.));
#3316 = VECTOR('',#3317,1.);
#3317 = DIRECTION('',(0.,-1.));
#3318 = ( GEOMETRIC_REPRESENTATION_CONTEXT(2) 
PARAMETRIC_REPRESENTATION_CONTEXT() REPRESENTATION_CONTEXT('2D SPACE',''
  ) );
#3319 = ORIENTED_EDGE('',*,*,#3320,.T.);
#3320 = EDGE_CURVE('',#3298,#3131,#3321,.T.);
#3321 = SURFACE_CURVE('',#3322,(#3325,#3331),.PCURVE_S1.);
#3322 = B_SPLINE_CURVE_WITH_KNOTS('',1,(#3323,#3324),.UNSPECIFIED.,.F.,
  .F.,(2,2),(0.,1.),.PIECEWISE_BEZIER_KNOTS.);
#3323 = CARTESIAN_POINT('',(-23.7,-26.2,1.9));
#3324 = CARTESIAN_POINT('',(-23.7,-29.7,1.9));
#3325 = PCURVE('',#587,#3326);
#3326 = DEFINITIONAL_REPRESENTATION('',(#3327),#3330);
#3327 = B_SPLINE_CURVE_WITH_KNOTS('',1,(#3328,#3329),.UNSPECIFIED.,.F.,
  .F.,(2,2),(0.,1.),.PIECEWISE_BEZIER_KNOTS.);
#3328 = CARTESIAN_POINT('',(-3.552713678801E-15,-2.5));
#3329 = CARTESIAN_POINT('',(3.5,-2.5));
#3330 = ( GEOMETRIC_REPRESENTATION_CONTEXT(2) 
PARAMETRIC_REPRESENTATION_CONTEXT() REPRESENTATION_CONTEXT('2D SPACE',''
  ) );
#3331 = PCURVE('',#3092,#3332);
#3332 = DEFINITIONAL_REPRESENTATION('',(#3333),#3336);
#3333 = B_SPLINE_CURVE_WITH_KNOTS('',1,(#3334,#3335),.UNSPECIFIED.,.F.,
  .F.,(2,2),(0.,1.),.PIECEWISE_BEZIER_KNOTS.);
#3334 = CARTESIAN_POINT('',(4.706467661692,0.95));
#3335 = CARTESIAN_POINT('',(0.875621890547,0.95));
#3336 = ( GEOMETRIC_REPRESENTATION_CONTEXT(2) 
PARAMETRIC_REPRESENTATION_CONTEXT() REPRESENTATION_CONTEXT('2D SPACE',''
  ) );
#3337 = ORIENTED_EDGE('',*,*,#3130,.F.);
#3338 = ADVANCED_FACE('',(#3339),#559,.T.);
#3339 = FACE_BOUND('',#3340,.T.);
#3340 = EDGE_LOOP('',(#3341,#3364,#3564,#3565));
#3341 = ORIENTED_EDGE('',*,*,#3342,.T.);
#3342 = EDGE_CURVE('',#515,#3343,#3345,.T.);
#3343 = VERTEX_POINT('',#3344);
#3344 = CARTESIAN_POINT('',(-22.95,-25.45,2.65));
#3345 = SURFACE_CURVE('',#3346,(#3350,#3357),.PCURVE_S1.);
#3346 = LINE('',#3347,#3348);
#3347 = CARTESIAN_POINT('',(-26.2,-25.45,2.65));
#3348 = VECTOR('',#3349,1.);
#3349 = DIRECTION('',(1.,6.661338147751E-16,2.22044604925E-16));
#3350 = PCURVE('',#559,#3351);
#3351 = DEFINITIONAL_REPRESENTATION('',(#3352),#3356);
#3352 = LINE('',#3353,#3354);
#3353 = CARTESIAN_POINT('',(0.,0.));
#3354 = VECTOR('',#3355,1.);
#3355 = DIRECTION('',(0.,-1.));
#3356 = ( GEOMETRIC_REPRESENTATION_CONTEXT(2) 
PARAMETRIC_REPRESENTATION_CONTEXT() REPRESENTATION_CONTEXT('2D SPACE',''
  ) );
#3357 = PCURVE('',#530,#3358);
#3358 = DEFINITIONAL_REPRESENTATION('',(#3359),#3363);
#3359 = LINE('',#3360,#3361);
#3360 = CARTESIAN_POINT('',(0.2,-1.33226762955E-16));
#3361 = VECTOR('',#3362,1.);
#3362 = DIRECTION('',(-8.881784197001E-16,-1.));
#3363 = ( GEOMETRIC_REPRESENTATION_CONTEXT(2) 
PARAMETRIC_REPRESENTATION_CONTEXT() REPRESENTATION_CONTEXT('2D SPACE',''
  ) );
#3364 = ORIENTED_EDGE('',*,*,#3365,.F.);
#3365 = EDGE_CURVE('',#3298,#3343,#3366,.T.);
#3366 = SURFACE_CURVE('',#3367,(#3418,#3491),.PCURVE_S1.);
#3367 = B_SPLINE_CURVE_WITH_KNOTS('',7,(#3368,#3369,#3370,#3371,#3372,
    #3373,#3374,#3375,#3376,#3377,#3378,#3379,#3380,#3381,#3382,#3383,
    #3384,#3385,#3386,#3387,#3388,#3389,#3390,#3391,#3392,#3393,#3394,
    #3395,#3396,#3397,#3398,#3399,#3400,#3401,#3402,#3403,#3404,#3405,
    #3406,#3407,#3408,#3409,#3410,#3411,#3412,#3413,#3414,#3415,#3416,
    #3417),.UNSPECIFIED.,.F.,.F.,(8,6,6,6,6,6,6,6,8),(0.,0.23672168474,
    0.401323325964,0.874359450297,0.936558296898,0.967326150406,
    0.982646790258,0.990747974153,1.),.UNSPECIFIED.);
#3368 = CARTESIAN_POINT('',(-23.7,-26.2,1.9));
#3369 = CARTESIAN_POINT('',(-23.7,-26.15371968406,1.9));
#3370 = CARTESIAN_POINT('',(-23.69666801956,-26.10802609707,
    1.903331980432));
#3371 = CARTESIAN_POINT('',(-23.69015711795,-26.06330176531,
    1.909842882043));
#3372 = CARTESIAN_POINT('',(-23.68068608658,-26.01983688199,
    1.919313913415));
#3373 = CARTESIAN_POINT('',(-23.66849537397,-25.97784404739,
    1.931504626024));
#3374 = CARTESIAN_POINT('',(-23.653818467,-25.93747177306,1.946181533));
#3375 = CARTESIAN_POINT('',(-23.62508292691,-25.87193843448,
    1.974917073089));
#3376 = CARTESIAN_POINT('',(-23.6121984677,-25.84589109819,
    1.987801532293));
#3377 = CARTESIAN_POINT('',(-23.59828672129,-25.82070655716,
    2.001713278706));
#3378 = CARTESIAN_POINT('',(-23.58341573098,-25.79640944053,
    2.016584269018));
#3379 = CARTESIAN_POINT('',(-23.5676495022,-25.77301826021,2.0323504978)
  );
#3380 = CARTESIAN_POINT('',(-23.5510472918,-25.75054648016,2.0489527082)
  );
#3381 = CARTESIAN_POINT('',(-23.48370320976,-25.66709310165,
    2.116296790233));
#3382 = CARTESIAN_POINT('',(-23.42733778932,-25.61292086308,
    2.172662210676));
#3383 = CARTESIAN_POINT('',(-23.36579677317,-25.56659649555,
    2.234203226827));
#3384 = CARTESIAN_POINT('',(-23.30008570771,-25.52826957213,
    2.29991429229));
#3385 = CARTESIAN_POINT('',(-23.23111070948,-25.49805109611,
    2.368889290518));
#3386 = CARTESIAN_POINT('',(-23.15965112321,-25.47605308322,
    2.440348876788));
#3387 = CARTESIAN_POINT('',(-23.07674199664,-25.46072165672,
    2.523258003358));
#3388 = CARTESIAN_POINT('',(-23.06707674158,-25.45908624206,
    2.532923258411));
#3389 = CARTESIAN_POINT('',(-23.05738270293,-25.45759756424,
    2.542617297066));
#3390 = CARTESIAN_POINT('',(-23.04766161329,-25.45625615793,
    2.552338386706));
#3391 = CARTESIAN_POINT('',(-23.03791521066,-25.45506258285,
    2.562084789332));
#3392 = CARTESIAN_POINT('',(-23.02814523844,-25.45401742381,
    2.571854761555));
#3393 = CARTESIAN_POINT('',(-23.01350974699,-25.45267800115,
    2.586490253007));
#3394 = CARTESIAN_POINT('',(-23.00866070976,-25.45227117808,
    2.591339290233));
#3395 = CARTESIAN_POINT('',(-23.00380654582,-25.45190089533,
    2.596193454179));
#3396 = CARTESIAN_POINT('',(-22.99894746809,-25.45156722843,
    2.601052531903));
#3397 = CARTESIAN_POINT('',(-22.99408369038,-25.45127025451,
    2.605916309618));
#3398 = CARTESIAN_POINT('',(-22.9892154273,-25.45101005232,
    2.610784572698));
#3399 = CARTESIAN_POINT('',(-22.98191665023,-25.45067548654,
    2.618083349765));
#3400 = CARTESIAN_POINT('',(-22.97948934745,-25.45057340826,
    2.620510652545));
#3401 = CARTESIAN_POINT('',(-22.9770610126,-25.45048047728,
    2.622938987394));
#3402 = CARTESIAN_POINT('',(-22.97463167237,-25.45039670363,
    2.625368327627));
#3403 = CARTESIAN_POINT('',(-22.97220135351,-25.45032209741,
    2.627798646489));
#3404 = CARTESIAN_POINT('',(-22.96977008284,-25.45025666887,
    2.630229917157));
#3405 = CARTESIAN_POINT('',(-22.96605180105,-25.4501706897,2.63394819895
    ));
#3406 = CARTESIAN_POINT('',(-22.96476571603,-25.45014352607,
    2.635234283968));
#3407 = CARTESIAN_POINT('',(-22.9634796322,-25.45011893701,
    2.636520367792));
#3408 = CARTESIAN_POINT('',(-22.96219354957,-25.45009692214,
    2.637806450422));
#3409 = CARTESIAN_POINT('',(-22.96090746814,-25.45007748113,
    2.639092531856));
#3410 = CARTESIAN_POINT('',(-22.9596213879,-25.45006061371,
    2.640378612095));
#3411 = CARTESIAN_POINT('',(-22.95686653137,-25.45002999505,
    2.643133468626));
#3412 = CARTESIAN_POINT('',(-22.95582762218,-25.45002159693,
    2.644172377819));
#3413 = CARTESIAN_POINT('',(-22.9547041286,-25.45001273246,
    2.645295871398));
#3414 = CARTESIAN_POINT('',(-22.95327378139,-25.45000396938,
    2.646726218606));
#3415 = CARTESIAN_POINT('',(-22.95163974821,-25.44999919915,
    2.648360251781));
#3416 = CARTESIAN_POINT('',(-22.95026388712,-25.45,2.649736112878));
#3417 = CARTESIAN_POINT('',(-22.95,-25.45,2.65));
#3418 = PCURVE('',#559,#3419);
#3419 = DEFINITIONAL_REPRESENTATION('',(#3420),#3490);
#3420 = B_SPLINE_CURVE_WITH_KNOTS('',3,(#3421,#3422,#3423,#3424,#3425,
    #3426,#3427,#3428,#3429,#3430,#3431,#3432,#3433,#3434,#3435,#3436,
    #3437,#3438,#3439,#3440,#3441,#3442,#3443,#3444,#3445,#3446,#3447,
    #3448,#3449,#3450,#3451,#3452,#3453,#3454,#3455,#3456,#3457,#3458,
    #3459,#3460,#3461,#3462,#3463,#3464,#3465,#3466,#3467,#3468,#3469,
    #3470,#3471,#3472,#3473,#3474,#3475,#3476,#3477,#3478,#3479,#3480,
    #3481,#3482,#3483,#3484,#3485,#3486,#3487,#3488,#3489),
  .UNSPECIFIED.,.F.,.F.,(4,1,1,1,1,1,1,1,1,1,1,1,1,1,1,1,1,1,1,1,1,1,1,1
    ,1,1,1,1,1,1,1,1,1,1,1,1,1,1,1,1,1,1,1,1,1,1,1,1,1,1,1,1,1,1,1,1,1,1
    ,1,1,1,1,1,1,1,1,4),(0.,1.515151515152E-02,3.030303030303E-02,
    4.545454545455E-02,6.060606060606E-02,7.575757575758E-02,
    9.090909090909E-02,0.106060606061,0.121212121212,0.136363636364,
    0.151515151515,0.166666666667,0.181818181818,0.19696969697,
    0.212121212121,0.227272727273,0.242424242424,0.257575757576,
    0.272727272727,0.287878787879,0.30303030303,0.318181818182,
    0.333333333333,0.348484848485,0.363636363636,0.378787878788,
    0.393939393939,0.409090909091,0.424242424242,0.439393939394,
    0.454545454545,0.469696969697,0.484848484848,0.5,0.515151515152,
    0.530303030303,0.545454545455,0.560606060606,0.575757575758,
    0.590909090909,0.606060606061,0.621212121212,0.636363636364,
    0.651515151515,0.666666666667,0.681818181818,0.69696969697,
    0.712121212121,0.727272727273,0.742424242424,0.757575757576,
    0.772727272727,0.787878787879,0.80303030303,0.818181818182,
    0.833333333333,0.848484848485,0.863636363636,0.878787878788,
    0.893939393939,0.909090909091,0.924242424242,0.939393939394,
    0.954545454545,0.969696969697,0.984848484848,1.),
  .QUASI_UNIFORM_KNOTS.);
#3421 = CARTESIAN_POINT('',(1.570796326795,-2.5));
#3422 = CARTESIAN_POINT('',(1.561580511711,-2.499999934336));
#3423 = CARTESIAN_POINT('',(1.543194066277,-2.500191158013));
#3424 = CARTESIAN_POINT('',(1.515755268752,-2.501042314645));
#3425 = CARTESIAN_POINT('',(1.488463026208,-2.502448331849));
#3426 = CARTESIAN_POINT('',(1.461321735255,-2.504398757341));
#3427 = CARTESIAN_POINT('',(1.434335052834,-2.506882624491));
#3428 = CARTESIAN_POINT('',(1.407505841076,-2.509888453355));
#3429 = CARTESIAN_POINT('',(1.380836261589,-2.513404372555));
#3430 = CARTESIAN_POINT('',(1.354327818166,-2.517418201988));
#3431 = CARTESIAN_POINT('',(1.327981402575,-2.521917539233));
#3432 = CARTESIAN_POINT('',(1.301797329661,-2.526889838189));
#3433 = CARTESIAN_POINT('',(1.275775366608,-2.532322482972));
#3434 = CARTESIAN_POINT('',(1.249914755486,-2.538202856405));
#3435 = CARTESIAN_POINT('',(1.224214232935,-2.544518402728));
#3436 = CARTESIAN_POINT('',(1.198672037776,-2.551256686712));
#3437 = CARTESIAN_POINT('',(1.173285945137,-2.558405440803));
#3438 = CARTESIAN_POINT('',(1.148053187583,-2.565952631594));
#3439 = CARTESIAN_POINT('',(1.122970929777,-2.573886394403));
#3440 = CARTESIAN_POINT('',(1.098035684389,-2.582195227567));
#3441 = CARTESIAN_POINT('',(1.073243933399,-2.590867836036));
#3442 = CARTESIAN_POINT('',(1.048592078675,-2.599893156285));
#3443 = CARTESIAN_POINT('',(1.024076446796,-2.609260364759));
#3444 = CARTESIAN_POINT('',(0.999693279647,-2.618958890174));
#3445 = CARTESIAN_POINT('',(0.975438723879,-2.628978426887));
#3446 = CARTESIAN_POINT('',(0.951308834818,-2.639308940134));
#3447 = CARTESIAN_POINT('',(0.927299518988,-2.649940702724));
#3448 = CARTESIAN_POINT('',(0.903406702621,-2.660864214032));
#3449 = CARTESIAN_POINT('',(0.87962565218,-2.672070558348));
#3450 = CARTESIAN_POINT('',(0.855957208604,-2.683548322604));
#3451 = CARTESIAN_POINT('',(0.832395329193,-2.695289541732));
#3452 = CARTESIAN_POINT('',(0.808935125551,-2.707286018476));
#3453 = CARTESIAN_POINT('',(0.7855716604,-2.719529841323));
#3454 = CARTESIAN_POINT('',(0.762300244115,-2.732013235014));
#3455 = CARTESIAN_POINT('',(0.73911633126,-2.744728590795));
#3456 = CARTESIAN_POINT('',(0.716015525994,-2.757668449379));
#3457 = CARTESIAN_POINT('',(0.692993559862,-2.770825497389));
#3458 = CARTESIAN_POINT('',(0.670046278395,-2.784192560977));
#3459 = CARTESIAN_POINT('',(0.647169626632,-2.79776260093));
#3460 = CARTESIAN_POINT('',(0.624359636053,-2.811528708067));
#3461 = CARTESIAN_POINT('',(0.601612412139,-2.825484099208));
#3462 = CARTESIAN_POINT('',(0.578924122634,-2.839622113591));
#3463 = CARTESIAN_POINT('',(0.556290986361,-2.853936209733));
#3464 = CARTESIAN_POINT('',(0.533709262512,-2.868419962682));
#3465 = CARTESIAN_POINT('',(0.511175240326,-2.883067061645));
#3466 = CARTESIAN_POINT('',(0.488685229062,-2.897871307938));
#3467 = CARTESIAN_POINT('',(0.466235548198,-2.912826613241));
#3468 = CARTESIAN_POINT('',(0.443822517777,-2.92792699811));
#3469 = CARTESIAN_POINT('',(0.421442448833,-2.943166590717));
#3470 = CARTESIAN_POINT('',(0.399091633837,-2.958539625793));
#3471 = CARTESIAN_POINT('',(0.376766337112,-2.974040443717));
#3472 = CARTESIAN_POINT('',(0.354462785125,-2.989663489754));
#3473 = CARTESIAN_POINT('',(0.332177156773,-3.0054033133));
#3474 = CARTESIAN_POINT('',(0.309905573029,-3.021254567514));
#3475 = CARTESIAN_POINT('',(0.287644088088,-3.037212007718));
#3476 = CARTESIAN_POINT('',(0.265388673899,-3.053270494486));
#3477 = CARTESIAN_POINT('',(0.24313522823,-3.069424979125));
#3478 = CARTESIAN_POINT('',(0.220879493593,-3.085670554623));
#3479 = CARTESIAN_POINT('',(0.198617307511,-3.10200226186));
#3480 = CARTESIAN_POINT('',(0.176343614714,-3.118415808599));
#3481 = CARTESIAN_POINT('',(0.154056869081,-3.134904312604));
#3482 = CARTESIAN_POINT('',(0.131755000988,-3.151461219137));
#3483 = CARTESIAN_POINT('',(0.109429112457,-3.168085066191));
#3484 = CARTESIAN_POINT('',(8.709394631006E-02,-3.184756626462));
#3485 = CARTESIAN_POINT('',(6.467635569224E-02,-3.201522544688));
#3486 = CARTESIAN_POINT('',(4.243095000633E-02,-3.218183590579));
#3487 = CARTESIAN_POINT('',(1.938904763547E-02,-3.235457943412));
#3488 = CARTESIAN_POINT('',(5.896603816565E-03,-3.245577558064));
#3489 = CARTESIAN_POINT('',(0.,-3.25));
#3490 = ( GEOMETRIC_REPRESENTATION_CONTEXT(2) 
PARAMETRIC_REPRESENTATION_CONTEXT() REPRESENTATION_CONTEXT('2D SPACE',''
  ) );
#3491 = PCURVE('',#3092,#3492);
#3492 = DEFINITIONAL_REPRESENTATION('',(#3493),#3563);
#3493 = B_SPLINE_CURVE_WITH_KNOTS('',3,(#3494,#3495,#3496,#3497,#3498,
    #3499,#3500,#3501,#3502,#3503,#3504,#3505,#3506,#3507,#3508,#3509,
    #3510,#3511,#3512,#3513,#3514,#3515,#3516,#3517,#3518,#3519,#3520,
    #3521,#3522,#3523,#3524,#3525,#3526,#3527,#3528,#3529,#3530,#3531,
    #3532,#3533,#3534,#3535,#3536,#3537,#3538,#3539,#3540,#3541,#3542,
    #3543,#3544,#3545,#3546,#3547,#3548,#3549,#3550,#3551,#3552,#3553,
    #3554,#3555,#3556,#3557,#3558,#3559,#3560,#3561,#3562),
  .UNSPECIFIED.,.F.,.F.,(4,1,1,1,1,1,1,1,1,1,1,1,1,1,1,1,1,1,1,1,1,1,1,1
    ,1,1,1,1,1,1,1,1,1,1,1,1,1,1,1,1,1,1,1,1,1,1,1,1,1,1,1,1,1,1,1,1,1,1
    ,1,1,1,1,1,1,1,1,4),(0.,1.515151515152E-02,3.030303030303E-02,
    4.545454545455E-02,6.060606060606E-02,7.575757575758E-02,
    9.090909090909E-02,0.106060606061,0.121212121212,0.136363636364,
    0.151515151515,0.166666666667,0.181818181818,0.19696969697,
    0.212121212121,0.227272727273,0.242424242424,0.257575757576,
    0.272727272727,0.287878787879,0.30303030303,0.318181818182,
    0.333333333333,0.348484848485,0.363636363636,0.378787878788,
    0.393939393939,0.409090909091,0.424242424242,0.439393939394,
    0.454545454545,0.469696969697,0.484848484848,0.5,0.515151515152,
    0.530303030303,0.545454545455,0.560606060606,0.575757575758,
    0.590909090909,0.606060606061,0.621212121212,0.636363636364,
    0.651515151515,0.666666666667,0.681818181818,0.69696969697,
    0.712121212121,0.727272727273,0.742424242424,0.757575757576,
    0.772727272727,0.787878787879,0.80303030303,0.818181818182,
    0.833333333333,0.848484848485,0.863636363636,0.878787878788,
    0.893939393939,0.909090909091,0.924242424242,0.939393939394,
    0.954545454545,0.969696969697,0.984848484848,1.),
  .QUASI_UNIFORM_KNOTS.);
#3494 = CARTESIAN_POINT('',(4.706467661692,0.95));
#3495 = CARTESIAN_POINT('',(4.714032890646,0.950000065664));
#3496 = CARTESIAN_POINT('',(4.729245904015,0.949808841987));
#3497 = CARTESIAN_POINT('',(4.75228229224,0.948957685356));
#3498 = CARTESIAN_POINT('',(4.775504382803,0.947551668152));
#3499 = CARTESIAN_POINT('',(4.798882296583,0.945601242661));
#3500 = CARTESIAN_POINT('',(4.822387060419,0.943117375512));
#3501 = CARTESIAN_POINT('',(4.845990764533,0.940111546648));
#3502 = CARTESIAN_POINT('',(4.869666568618,0.936595627448));
#3503 = CARTESIAN_POINT('',(4.893388741383,0.932581798015));
#3504 = CARTESIAN_POINT('',(4.917132684097,0.92808246077));
#3505 = CARTESIAN_POINT('',(4.940874951532,0.923110161813));
#3506 = CARTESIAN_POINT('',(4.964593266688,0.91767751703));
#3507 = CARTESIAN_POINT('',(4.988266531032,0.911797143597));
#3508 = CARTESIAN_POINT('',(5.011874827692,0.905481597273));
#3509 = CARTESIAN_POINT('',(5.035399427038,0.898743313289));
#3510 = CARTESIAN_POINT('',(5.058822760378,0.891594559197));
#3511 = CARTESIAN_POINT('',(5.082128490514,0.884047368406));
#3512 = CARTESIAN_POINT('',(5.105301069763,0.876113605598));
#3513 = CARTESIAN_POINT('',(5.128326261852,0.867804772435));
#3514 = CARTESIAN_POINT('',(5.151190550759,0.859132163965));
#3515 = CARTESIAN_POINT('',(5.173881166021,0.850106843717));
#3516 = CARTESIAN_POINT('',(5.196386056624,0.840739635243));
#3517 = CARTESIAN_POINT('',(5.218693876863,0.831041109827));
#3518 = CARTESIAN_POINT('',(5.24079397174,0.821021573113));
#3519 = CARTESIAN_POINT('',(5.262676348653,0.810691059866));
#3520 = CARTESIAN_POINT('',(5.284331701105,0.800059297276));
#3521 = CARTESIAN_POINT('',(5.305751235069,0.789135785969));
#3522 = CARTESIAN_POINT('',(5.32692723009,0.777929441653));
#3523 = CARTESIAN_POINT('',(5.347847528698,0.766451677398));
#3524 = CARTESIAN_POINT('',(5.368506581975,0.754710458269));
#3525 = CARTESIAN_POINT('',(5.388898208301,0.742713981526));
#3526 = CARTESIAN_POINT('',(5.40901665672,0.730470158679));
#3527 = CARTESIAN_POINT('',(5.428856318294,0.717986764989));
#3528 = CARTESIAN_POINT('',(5.448411799407,0.705271409207));
#3529 = CARTESIAN_POINT('',(5.467677897758,0.692331550623));
#3530 = CARTESIAN_POINT('',(5.486649604078,0.679174502613));
#3531 = CARTESIAN_POINT('',(5.505322096603,0.665807439025));
#3532 = CARTESIAN_POINT('',(5.523690737107,0.652237399072));
#3533 = CARTESIAN_POINT('',(5.541751066135,0.638471291935));
#3534 = CARTESIAN_POINT('',(5.559498798061,0.624515900794));
#3535 = CARTESIAN_POINT('',(5.576929815778,0.61037788641));
#3536 = CARTESIAN_POINT('',(5.594040165081,0.596063790269));
#3537 = CARTESIAN_POINT('',(5.6108260487,0.581580037319));
#3538 = CARTESIAN_POINT('',(5.627283820003,0.566932938356));
#3539 = CARTESIAN_POINT('',(5.643409976349,0.552128692063));
#3540 = CARTESIAN_POINT('',(5.659201152088,0.537173386759));
#3541 = CARTESIAN_POINT('',(5.674654111208,0.522073001891));
#3542 = CARTESIAN_POINT('',(5.689765739625,0.506833409284));
#3543 = CARTESIAN_POINT('',(5.704533037111,0.491460374208));
#3544 = CARTESIAN_POINT('',(5.718953108848,0.475959556284));
#3545 = CARTESIAN_POINT('',(5.733023156645,0.460336510247));
#3546 = CARTESIAN_POINT('',(5.746740469705,0.444596686701));
#3547 = CARTESIAN_POINT('',(5.760102415272,0.428745432487));
#3548 = CARTESIAN_POINT('',(5.773106428022,0.412787992283));
#3549 = CARTESIAN_POINT('',(5.78575000234,0.396729505515));
#3550 = CARTESIAN_POINT('',(5.79803067207,0.380575020876));
#3551 = CARTESIAN_POINT('',(5.809946035236,0.364329445378));
#3552 = CARTESIAN_POINT('',(5.82149360915,0.347997738141));
#3553 = CARTESIAN_POINT('',(5.832671316728,0.331584191402));
#3554 = CARTESIAN_POINT('',(5.843475232776,0.315095687399));
#3555 = CARTESIAN_POINT('',(5.853902023958,0.298538780866));
#3556 = CARTESIAN_POINT('',(5.86395078771,0.281914933812));
#3557 = CARTESIAN_POINT('',(5.873612228752,0.265243373539));
#3558 = CARTESIAN_POINT('',(5.882907992422,0.248477455314));
#3559 = CARTESIAN_POINT('',(5.891744108048,0.231816409423));
#3560 = CARTESIAN_POINT('',(5.900457827596,0.21454205659));
#3561 = CARTESIAN_POINT('',(5.905336352316,0.204422441936));
#3562 = CARTESIAN_POINT('',(5.907407407407,0.2));
#3563 = ( GEOMETRIC_REPRESENTATION_CONTEXT(2) 
PARAMETRIC_REPRESENTATION_CONTEXT() REPRESENTATION_CONTEXT('2D SPACE',''
  ) );
#3564 = ORIENTED_EDGE('',*,*,#3297,.F.);
#3565 = ORIENTED_EDGE('',*,*,#542,.T.);
#3566 = ADVANCED_FACE('',(#3567),#530,.T.);
#3567 = FACE_BOUND('',#3568,.T.);
#3568 = EDGE_LOOP('',(#3569,#3570,#3593,#3640));
#3569 = ORIENTED_EDGE('',*,*,#514,.F.);
#3570 = ORIENTED_EDGE('',*,*,#3571,.T.);
#3571 = EDGE_CURVE('',#486,#3572,#3574,.T.);
#3572 = VERTEX_POINT('',#3573);
#3573 = CARTESIAN_POINT('',(-22.75,-25.45,2.85));
#3574 = SURFACE_CURVE('',#3575,(#3579,#3586),.PCURVE_S1.);
#3575 = LINE('',#3576,#3577);
#3576 = CARTESIAN_POINT('',(-26.2,-25.45,2.85));
#3577 = VECTOR('',#3578,1.);
#3578 = DIRECTION('',(1.,6.661338147751E-16,2.22044604925E-16));
#3579 = PCURVE('',#530,#3580);
#3580 = DEFINITIONAL_REPRESENTATION('',(#3581),#3585);
#3581 = LINE('',#3582,#3583);
#3582 = CARTESIAN_POINT('',(-0.,0.));
#3583 = VECTOR('',#3584,1.);
#3584 = DIRECTION('',(-8.881784197001E-16,-1.));
#3585 = ( GEOMETRIC_REPRESENTATION_CONTEXT(2) 
PARAMETRIC_REPRESENTATION_CONTEXT() REPRESENTATION_CONTEXT('2D SPACE',''
  ) );
#3586 = PCURVE('',#502,#3587);
#3587 = DEFINITIONAL_REPRESENTATION('',(#3588),#3592);
#3588 = LINE('',#3589,#3590);
#3589 = CARTESIAN_POINT('',(6.28318530718,0.));
#3590 = VECTOR('',#3591,1.);
#3591 = DIRECTION('',(0.,-1.));
#3592 = ( GEOMETRIC_REPRESENTATION_CONTEXT(2) 
PARAMETRIC_REPRESENTATION_CONTEXT() REPRESENTATION_CONTEXT('2D SPACE',''
  ) );
#3593 = ORIENTED_EDGE('',*,*,#3594,.T.);
#3594 = EDGE_CURVE('',#3572,#3343,#3595,.T.);
#3595 = SURFACE_CURVE('',#3596,(#3602,#3611),.PCURVE_S1.);
#3596 = B_SPLINE_CURVE_WITH_KNOTS('',4,(#3597,#3598,#3599,#3600,#3601),
  .UNSPECIFIED.,.F.,.F.,(5,5),(0.,1.),.PIECEWISE_BEZIER_KNOTS.);
#3597 = CARTESIAN_POINT('',(-22.75,-25.45,2.85));
#3598 = CARTESIAN_POINT('',(-22.80006035125,-25.45,2.799939648741));
#3599 = CARTESIAN_POINT('',(-22.85008155758,-25.45,2.74991844242));
#3600 = CARTESIAN_POINT('',(-22.90006202256,-25.45,2.699937977432));
#3601 = CARTESIAN_POINT('',(-22.95,-25.45,2.65));
#3602 = PCURVE('',#530,#3603);
#3603 = DEFINITIONAL_REPRESENTATION('',(#3604),#3610);
#3604 = B_SPLINE_CURVE_WITH_KNOTS('',4,(#3605,#3606,#3607,#3608,#3609),
  .UNSPECIFIED.,.F.,.F.,(5,5),(0.,1.),.PIECEWISE_BEZIER_KNOTS.);
#3605 = CARTESIAN_POINT('',(-2.22044604925E-15,-3.45));
#3606 = CARTESIAN_POINT('',(5.0060351259E-02,-3.39993964875));
#3607 = CARTESIAN_POINT('',(0.10008155758,-3.34991844242));
#3608 = CARTESIAN_POINT('',(0.150062022568,-3.29993797744));
#3609 = CARTESIAN_POINT('',(0.2,-3.25));
#3610 = ( GEOMETRIC_REPRESENTATION_CONTEXT(2) 
PARAMETRIC_REPRESENTATION_CONTEXT() REPRESENTATION_CONTEXT('2D SPACE',''
  ) );
#3611 = PCURVE('',#3092,#3612);
#3612 = DEFINITIONAL_REPRESENTATION('',(#3613),#3639);
#3613 = B_SPLINE_CURVE_WITH_KNOTS('',3,(#3614,#3615,#3616,#3617,#3618,
    #3619,#3620,#3621,#3622,#3623,#3624,#3625,#3626,#3627,#3628,#3629,
    #3630,#3631,#3632,#3633,#3634,#3635,#3636,#3637,#3638),
  .UNSPECIFIED.,.F.,.F.,(4,1,1,1,1,1,1,1,1,1,1,1,1,1,1,1,1,1,1,1,1,1,4),
  (0.,4.545454545455E-02,9.090909090909E-02,0.136363636364,
    0.181818181818,0.227272727273,0.272727272727,0.318181818182,
    0.363636363636,0.409090909091,0.454545454545,0.5,0.545454545455,
    0.590909090909,0.636363636364,0.681818181818,0.727272727273,
    0.772727272727,0.818181818182,0.863636363636,0.909090909091,
    0.954545454545,1.),.QUASI_UNIFORM_KNOTS.);
#3614 = CARTESIAN_POINT('',(6.,0.));
#3615 = CARTESIAN_POINT('',(5.99862092696,3.033960680814E-03));
#3616 = CARTESIAN_POINT('',(5.99586064573,9.101558535486E-03));
#3617 = CARTESIAN_POINT('',(5.991713805216,1.820198117388E-02));
#3618 = CARTESIAN_POINT('',(5.98756053283,2.730142605193E-02));
#3619 = CARTESIAN_POINT('',(5.983400815331,3.639988953185E-02));
#3620 = CARTESIAN_POINT('',(5.979234639451,4.549736796201E-02));
#3621 = CARTESIAN_POINT('',(5.975061991895,5.459385767503E-02));
#3622 = CARTESIAN_POINT('',(5.970882859339,6.368935498833E-02));
#3623 = CARTESIAN_POINT('',(5.966697228432,7.27838562039E-02));
#3624 = CARTESIAN_POINT('',(5.962505085793,8.187735760843E-02));
#3625 = CARTESIAN_POINT('',(5.958306418015,9.096985547324E-02));
#3626 = CARTESIAN_POINT('',(5.95410121166,0.100061346054));
#3627 = CARTESIAN_POINT('',(5.949889453265,0.109151825592));
#3628 = CARTESIAN_POINT('',(5.945671129335,0.118241290312));
#3629 = CARTESIAN_POINT('',(5.941446226349,0.127329736425));
#3630 = CARTESIAN_POINT('',(5.937214730757,0.136417160124));
#3631 = CARTESIAN_POINT('',(5.93297662898,0.145503557589));
#3632 = CARTESIAN_POINT('',(5.928731907411,0.154588924984));
#3633 = CARTESIAN_POINT('',(5.924480552414,0.163673258457));
#3634 = CARTESIAN_POINT('',(5.920222550323,0.172756554142));
#3635 = CARTESIAN_POINT('',(5.915957887446,0.181838808156));
#3636 = CARTESIAN_POINT('',(5.911686550061,0.190920016603));
#3637 = CARTESIAN_POINT('',(5.90883453296,0.196973455912));
#3638 = CARTESIAN_POINT('',(5.907407407407,0.2));
#3639 = ( GEOMETRIC_REPRESENTATION_CONTEXT(2) 
PARAMETRIC_REPRESENTATION_CONTEXT() REPRESENTATION_CONTEXT('2D SPACE',''
  ) );
#3640 = ORIENTED_EDGE('',*,*,#3342,.F.);
#3641 = ADVANCED_FACE('',(#3642),#502,.T.);
#3642 = FACE_BOUND('',#3643,.T.);
#3643 = EDGE_LOOP('',(#3644,#3645,#3668,#3690));
#3644 = ORIENTED_EDGE('',*,*,#485,.T.);
#3645 = ORIENTED_EDGE('',*,*,#3646,.T.);
#3646 = EDGE_CURVE('',#463,#3647,#3649,.T.);
#3647 = VERTEX_POINT('',#3648);
#3648 = CARTESIAN_POINT('',(-22.75,-26.2,3.6));
#3649 = SURFACE_CURVE('',#3650,(#3654,#3661),.PCURVE_S1.);
#3650 = LINE('',#3651,#3652);
#3651 = CARTESIAN_POINT('',(-26.2,-26.2,3.6));
#3652 = VECTOR('',#3653,1.);
#3653 = DIRECTION('',(1.,6.661338147751E-16,2.22044604925E-16));
#3654 = PCURVE('',#502,#3655);
#3655 = DEFINITIONAL_REPRESENTATION('',(#3656),#3660);
#3656 = LINE('',#3657,#3658);
#3657 = CARTESIAN_POINT('',(4.712388980385,0.));
#3658 = VECTOR('',#3659,1.);
#3659 = DIRECTION('',(1.287215101015E-15,-1.));
#3660 = ( GEOMETRIC_REPRESENTATION_CONTEXT(2) 
PARAMETRIC_REPRESENTATION_CONTEXT() REPRESENTATION_CONTEXT('2D SPACE',''
  ) );
#3661 = PCURVE('',#132,#3662);
#3662 = DEFINITIONAL_REPRESENTATION('',(#3663),#3667);
#3663 = LINE('',#3664,#3665);
#3664 = CARTESIAN_POINT('',(0.23392857143,5.75));
#3665 = VECTOR('',#3666,1.);
#3666 = DIRECTION('',(-1.,-6.661338147751E-16));
#3667 = ( GEOMETRIC_REPRESENTATION_CONTEXT(2) 
PARAMETRIC_REPRESENTATION_CONTEXT() REPRESENTATION_CONTEXT('2D SPACE',''
  ) );
#3668 = ORIENTED_EDGE('',*,*,#3669,.F.);
#3669 = EDGE_CURVE('',#3572,#3647,#3670,.T.);
#3670 = SURFACE_CURVE('',#3671,(#3676,#3683),.PCURVE_S1.);
#3671 = CIRCLE('',#3672,0.75);
#3672 = AXIS2_PLACEMENT_3D('',#3673,#3674,#3675);
#3673 = CARTESIAN_POINT('',(-22.75,-26.2,2.85));
#3674 = DIRECTION('',(1.,-4.440892098501E-16,-8.881784197001E-16));
#3675 = DIRECTION('',(4.440892098501E-16,1.,-8.881784197001E-16));
#3676 = PCURVE('',#502,#3677);
#3677 = DEFINITIONAL_REPRESENTATION('',(#3678),#3682);
#3678 = LINE('',#3679,#3680);
#3679 = CARTESIAN_POINT('',(6.28318530718,-3.45));
#3680 = VECTOR('',#3681,1.);
#3681 = DIRECTION('',(-1.,0.));
#3682 = ( GEOMETRIC_REPRESENTATION_CONTEXT(2) 
PARAMETRIC_REPRESENTATION_CONTEXT() REPRESENTATION_CONTEXT('2D SPACE',''
  ) );
#3683 = PCURVE('',#3014,#3684);
#3684 = DEFINITIONAL_REPRESENTATION('',(#3685),#3689);
#3685 = CIRCLE('',#3686,0.75);
#3686 = AXIS2_PLACEMENT_2D('',#3687,#3688);
#3687 = CARTESIAN_POINT('',(1.724167048043,5.75));
#3688 = DIRECTION('',(-1.33226762955E-15,-1.));
#3689 = ( GEOMETRIC_REPRESENTATION_CONTEXT(2) 
PARAMETRIC_REPRESENTATION_CONTEXT() REPRESENTATION_CONTEXT('2D SPACE',''
  ) );
#3690 = ORIENTED_EDGE('',*,*,#3571,.F.);
#3691 = ADVANCED_FACE('',(#3692),#450,.T.);
#3692 = FACE_BOUND('',#3693,.T.);
#3693 = EDGE_LOOP('',(#3694,#3695,#3718,#3747));
#3694 = ORIENTED_EDGE('',*,*,#433,.T.);
#3695 = ORIENTED_EDGE('',*,*,#3696,.T.);
#3696 = EDGE_CURVE('',#406,#3697,#3699,.T.);
#3697 = VERTEX_POINT('',#3698);
#3698 = CARTESIAN_POINT('',(-22.75,-15.45,2.85));
#3699 = SURFACE_CURVE('',#3700,(#3704,#3711),.PCURVE_S1.);
#3700 = LINE('',#3701,#3702);
#3701 = CARTESIAN_POINT('',(-26.2,-15.45,2.85));
#3702 = VECTOR('',#3703,1.);
#3703 = DIRECTION('',(1.,6.661338147751E-16,2.22044604925E-16));
#3704 = PCURVE('',#450,#3705);
#3705 = DEFINITIONAL_REPRESENTATION('',(#3706),#3710);
#3706 = LINE('',#3707,#3708);
#3707 = CARTESIAN_POINT('',(3.14159265359,0.));
#3708 = VECTOR('',#3709,1.);
#3709 = DIRECTION('',(2.574430202029E-16,-1.));
#3710 = ( GEOMETRIC_REPRESENTATION_CONTEXT(2) 
PARAMETRIC_REPRESENTATION_CONTEXT() REPRESENTATION_CONTEXT('2D SPACE',''
  ) );
#3711 = PCURVE('',#421,#3712);
#3712 = DEFINITIONAL_REPRESENTATION('',(#3713),#3717);
#3713 = LINE('',#3714,#3715);
#3714 = CARTESIAN_POINT('',(0.2,1.33226762955E-16));
#3715 = VECTOR('',#3716,1.);
#3716 = DIRECTION('',(8.881784197001E-16,-1.));
#3717 = ( GEOMETRIC_REPRESENTATION_CONTEXT(2) 
PARAMETRIC_REPRESENTATION_CONTEXT() REPRESENTATION_CONTEXT('2D SPACE',''
  ) );
#3718 = ORIENTED_EDGE('',*,*,#3719,.F.);
#3719 = EDGE_CURVE('',#3720,#3697,#3722,.T.);
#3720 = VERTEX_POINT('',#3721);
#3721 = CARTESIAN_POINT('',(-22.75,-14.7,3.6));
#3722 = SURFACE_CURVE('',#3723,(#3728,#3735),.PCURVE_S1.);
#3723 = CIRCLE('',#3724,0.75);
#3724 = AXIS2_PLACEMENT_3D('',#3725,#3726,#3727);
#3725 = CARTESIAN_POINT('',(-22.75,-14.7,2.85));
#3726 = DIRECTION('',(1.,-4.440892098501E-16,-8.881784197001E-16));
#3727 = DIRECTION('',(4.440892098501E-16,1.,-8.881784197001E-16));
#3728 = PCURVE('',#450,#3729);
#3729 = DEFINITIONAL_REPRESENTATION('',(#3730),#3734);
#3730 = LINE('',#3731,#3732);
#3731 = CARTESIAN_POINT('',(6.28318530718,-3.45));
#3732 = VECTOR('',#3733,1.);
#3733 = DIRECTION('',(-1.,0.));
#3734 = ( GEOMETRIC_REPRESENTATION_CONTEXT(2) 
PARAMETRIC_REPRESENTATION_CONTEXT() REPRESENTATION_CONTEXT('2D SPACE',''
  ) );
#3735 = PCURVE('',#3736,#3741);
#3736 = PLANE('',#3737);
#3737 = AXIS2_PLACEMENT_3D('',#3738,#3739,#3740);
#3738 = CARTESIAN_POINT('',(-22.75,-20.45,1.125832951957));
#3739 = DIRECTION('',(1.,8.881784197001E-16,4.440892098501E-16));
#3740 = DIRECTION('',(-4.440892098501E-16,-4.440892098501E-16,1.));
#3741 = DEFINITIONAL_REPRESENTATION('',(#3742),#3746);
#3742 = CIRCLE('',#3743,0.75);
#3743 = AXIS2_PLACEMENT_2D('',#3744,#3745);
#3744 = CARTESIAN_POINT('',(1.724167048043,-5.75));
#3745 = DIRECTION('',(-1.33226762955E-15,-1.));
#3746 = ( GEOMETRIC_REPRESENTATION_CONTEXT(2) 
PARAMETRIC_REPRESENTATION_CONTEXT() REPRESENTATION_CONTEXT('2D SPACE',''
  ) );
#3747 = ORIENTED_EDGE('',*,*,#3748,.F.);
#3748 = EDGE_CURVE('',#434,#3720,#3749,.T.);
#3749 = SURFACE_CURVE('',#3750,(#3754,#3761),.PCURVE_S1.);
#3750 = LINE('',#3751,#3752);
#3751 = CARTESIAN_POINT('',(-26.2,-14.7,3.6));
#3752 = VECTOR('',#3753,1.);
#3753 = DIRECTION('',(1.,6.661338147751E-16,2.22044604925E-16));
#3754 = PCURVE('',#450,#3755);
#3755 = DEFINITIONAL_REPRESENTATION('',(#3756),#3760);
#3756 = LINE('',#3757,#3758);
#3757 = CARTESIAN_POINT('',(4.712388980385,0.));
#3758 = VECTOR('',#3759,1.);
#3759 = DIRECTION('',(0.,-1.));
#3760 = ( GEOMETRIC_REPRESENTATION_CONTEXT(2) 
PARAMETRIC_REPRESENTATION_CONTEXT() REPRESENTATION_CONTEXT('2D SPACE',''
  ) );
#3761 = PCURVE('',#132,#3762);
#3762 = DEFINITIONAL_REPRESENTATION('',(#3763),#3767);
#3763 = LINE('',#3764,#3765);
#3764 = CARTESIAN_POINT('',(0.23392857143,-5.75));
#3765 = VECTOR('',#3766,1.);
#3766 = DIRECTION('',(-1.,-6.661338147751E-16));
#3767 = ( GEOMETRIC_REPRESENTATION_CONTEXT(2) 
PARAMETRIC_REPRESENTATION_CONTEXT() REPRESENTATION_CONTEXT('2D SPACE',''
  ) );
#3768 = ADVANCED_FACE('',(#3769),#421,.T.);
#3769 = FACE_BOUND('',#3770,.T.);
#3770 = EDGE_LOOP('',(#3771,#3772,#3795,#3847));
#3771 = ORIENTED_EDGE('',*,*,#405,.F.);
#3772 = ORIENTED_EDGE('',*,*,#3773,.T.);
#3773 = EDGE_CURVE('',#377,#3774,#3776,.T.);
#3774 = VERTEX_POINT('',#3775);
#3775 = CARTESIAN_POINT('',(-22.95,-15.45,2.65));
#3776 = SURFACE_CURVE('',#3777,(#3781,#3788),.PCURVE_S1.);
#3777 = LINE('',#3778,#3779);
#3778 = CARTESIAN_POINT('',(-26.2,-15.45,2.65));
#3779 = VECTOR('',#3780,1.);
#3780 = DIRECTION('',(1.,6.661338147751E-16,2.22044604925E-16));
#3781 = PCURVE('',#421,#3782);
#3782 = DEFINITIONAL_REPRESENTATION('',(#3783),#3787);
#3783 = LINE('',#3784,#3785);
#3784 = CARTESIAN_POINT('',(0.,0.));
#3785 = VECTOR('',#3786,1.);
#3786 = DIRECTION('',(8.881784197001E-16,-1.));
#3787 = ( GEOMETRIC_REPRESENTATION_CONTEXT(2) 
PARAMETRIC_REPRESENTATION_CONTEXT() REPRESENTATION_CONTEXT('2D SPACE',''
  ) );
#3788 = PCURVE('',#393,#3789);
#3789 = DEFINITIONAL_REPRESENTATION('',(#3790),#3794);
#3790 = LINE('',#3791,#3792);
#3791 = CARTESIAN_POINT('',(3.14159265359,0.));
#3792 = VECTOR('',#3793,1.);
#3793 = DIRECTION('',(2.732856676E-16,-1.));
#3794 = ( GEOMETRIC_REPRESENTATION_CONTEXT(2) 
PARAMETRIC_REPRESENTATION_CONTEXT() REPRESENTATION_CONTEXT('2D SPACE',''
  ) );
#3795 = ORIENTED_EDGE('',*,*,#3796,.F.);
#3796 = EDGE_CURVE('',#3697,#3774,#3797,.T.);
#3797 = SURFACE_CURVE('',#3798,(#3804,#3813),.PCURVE_S1.);
#3798 = B_SPLINE_CURVE_WITH_KNOTS('',4,(#3799,#3800,#3801,#3802,#3803),
  .UNSPECIFIED.,.F.,.F.,(5,5),(0.,1.),.PIECEWISE_BEZIER_KNOTS.);
#3799 = CARTESIAN_POINT('',(-22.75,-15.45,2.85));
#3800 = CARTESIAN_POINT('',(-22.80006035125,-15.45,2.799939648741));
#3801 = CARTESIAN_POINT('',(-22.85008155758,-15.45,2.74991844242));
#3802 = CARTESIAN_POINT('',(-22.90006202256,-15.45,2.699937977432));
#3803 = CARTESIAN_POINT('',(-22.95,-15.45,2.65));
#3804 = PCURVE('',#421,#3805);
#3805 = DEFINITIONAL_REPRESENTATION('',(#3806),#3812);
#3806 = B_SPLINE_CURVE_WITH_KNOTS('',4,(#3807,#3808,#3809,#3810,#3811),
  .UNSPECIFIED.,.F.,.F.,(5,5),(0.,1.),.PIECEWISE_BEZIER_KNOTS.);
#3807 = CARTESIAN_POINT('',(0.2,-3.45));
#3808 = CARTESIAN_POINT('',(0.149939648741,-3.39993964875));
#3809 = CARTESIAN_POINT('',(9.991844242E-02,-3.34991844242));
#3810 = CARTESIAN_POINT('',(4.9937977432E-02,-3.29993797744));
#3811 = CARTESIAN_POINT('',(2.22044604925E-15,-3.25));
#3812 = ( GEOMETRIC_REPRESENTATION_CONTEXT(2) 
PARAMETRIC_REPRESENTATION_CONTEXT() REPRESENTATION_CONTEXT('2D SPACE',''
  ) );
#3813 = PCURVE('',#3814,#3819);
#3814 = B_SPLINE_SURFACE_WITH_KNOTS('',1,1,(
    (#3815,#3816)
    ,(#3817,#3818
    )),.UNSPECIFIED.,.F.,.F.,.F.,(2,2),(2,2),(0.,22.),(0.,1.),
  .PIECEWISE_BEZIER_KNOTS.);
#3815 = CARTESIAN_POINT('',(-22.75,-31.45,2.85));
#3816 = CARTESIAN_POINT('',(-23.75,-30.45,1.85));
#3817 = CARTESIAN_POINT('',(-22.75,-9.45,2.85));
#3818 = CARTESIAN_POINT('',(-23.75,-10.45,1.85));
#3819 = DEFINITIONAL_REPRESENTATION('',(#3820),#3846);
#3820 = B_SPLINE_CURVE_WITH_KNOTS('',3,(#3821,#3822,#3823,#3824,#3825,
    #3826,#3827,#3828,#3829,#3830,#3831,#3832,#3833,#3834,#3835,#3836,
    #3837,#3838,#3839,#3840,#3841,#3842,#3843,#3844,#3845),
  .UNSPECIFIED.,.F.,.F.,(4,1,1,1,1,1,1,1,1,1,1,1,1,1,1,1,1,1,1,1,1,1,4),
  (0.,4.545454545455E-02,9.090909090909E-02,0.136363636364,
    0.181818181818,0.227272727273,0.272727272727,0.318181818182,
    0.363636363636,0.409090909091,0.454545454545,0.5,0.545454545455,
    0.590909090909,0.636363636364,0.681818181818,0.727272727273,
    0.772727272727,0.818181818182,0.863636363636,0.909090909091,
    0.954545454545,1.),.QUASI_UNIFORM_KNOTS.);
#3821 = CARTESIAN_POINT('',(16.,0.));
#3822 = CARTESIAN_POINT('',(16.00137907304,3.033960680814E-03));
#3823 = CARTESIAN_POINT('',(16.00413935427,9.101558535486E-03));
#3824 = CARTESIAN_POINT('',(16.008286194784,1.820198117388E-02));
#3825 = CARTESIAN_POINT('',(16.01243946717,2.730142605193E-02));
#3826 = CARTESIAN_POINT('',(16.016599184669,3.639988953185E-02));
#3827 = CARTESIAN_POINT('',(16.020765360549,4.549736796201E-02));
#3828 = CARTESIAN_POINT('',(16.024938008105,5.459385767503E-02));
#3829 = CARTESIAN_POINT('',(16.029117140661,6.368935498833E-02));
#3830 = CARTESIAN_POINT('',(16.033302771568,7.27838562039E-02));
#3831 = CARTESIAN_POINT('',(16.037494914207,8.187735760843E-02));
#3832 = CARTESIAN_POINT('',(16.041693581985,9.096985547324E-02));
#3833 = CARTESIAN_POINT('',(16.04589878834,0.100061346054));
#3834 = CARTESIAN_POINT('',(16.050110546735,0.109151825592));
#3835 = CARTESIAN_POINT('',(16.054328870665,0.118241290312));
#3836 = CARTESIAN_POINT('',(16.058553773651,0.127329736425));
#3837 = CARTESIAN_POINT('',(16.062785269243,0.136417160124));
#3838 = CARTESIAN_POINT('',(16.06702337102,0.145503557589));
#3839 = CARTESIAN_POINT('',(16.071268092589,0.154588924984));
#3840 = CARTESIAN_POINT('',(16.075519447586,0.163673258457));
#3841 = CARTESIAN_POINT('',(16.079777449677,0.172756554142));
#3842 = CARTESIAN_POINT('',(16.084042112554,0.181838808156));
#3843 = CARTESIAN_POINT('',(16.088313449939,0.190920016603));
#3844 = CARTESIAN_POINT('',(16.09116546704,0.196973455912));
#3845 = CARTESIAN_POINT('',(16.092592592593,0.2));
#3846 = ( GEOMETRIC_REPRESENTATION_CONTEXT(2) 
PARAMETRIC_REPRESENTATION_CONTEXT() REPRESENTATION_CONTEXT('2D SPACE',''
  ) );
#3847 = ORIENTED_EDGE('',*,*,#3696,.F.);
#3848 = ADVANCED_FACE('',(#3849),#393,.T.);
#3849 = FACE_BOUND('',#3850,.T.);
#3850 = EDGE_LOOP('',(#3851,#3874,#4006,#4007));
#3851 = ORIENTED_EDGE('',*,*,#3852,.T.);
#3852 = EDGE_CURVE('',#349,#3853,#3855,.T.);
#3853 = VERTEX_POINT('',#3854);
#3854 = CARTESIAN_POINT('',(-23.7,-14.7,1.9));
#3855 = SURFACE_CURVE('',#3856,(#3860,#3867),.PCURVE_S1.);
#3856 = LINE('',#3857,#3858);
#3857 = CARTESIAN_POINT('',(-26.2,-14.7,1.9));
#3858 = VECTOR('',#3859,1.);
#3859 = DIRECTION('',(1.,6.661338147751E-16,2.22044604925E-16));
#3860 = PCURVE('',#393,#3861);
#3861 = DEFINITIONAL_REPRESENTATION('',(#3862),#3866);
#3862 = LINE('',#3863,#3864);
#3863 = CARTESIAN_POINT('',(1.570796326795,0.));
#3864 = VECTOR('',#3865,1.);
#3865 = DIRECTION('',(0.,-1.));
#3866 = ( GEOMETRIC_REPRESENTATION_CONTEXT(2) 
PARAMETRIC_REPRESENTATION_CONTEXT() REPRESENTATION_CONTEXT('2D SPACE',''
  ) );
#3867 = PCURVE('',#364,#3868);
#3868 = DEFINITIONAL_REPRESENTATION('',(#3869),#3873);
#3869 = LINE('',#3870,#3871);
#3870 = CARTESIAN_POINT('',(3.5,-7.771561172375E-16));
#3871 = VECTOR('',#3872,1.);
#3872 = DIRECTION('',(-8.881784197001E-16,-1.));
#3873 = ( GEOMETRIC_REPRESENTATION_CONTEXT(2) 
PARAMETRIC_REPRESENTATION_CONTEXT() REPRESENTATION_CONTEXT('2D SPACE',''
  ) );
#3874 = ORIENTED_EDGE('',*,*,#3875,.F.);
#3875 = EDGE_CURVE('',#3774,#3853,#3876,.T.);
#3876 = SURFACE_CURVE('',#3877,(#3904,#3955),.PCURVE_S1.);
#3877 = B_SPLINE_CURVE_WITH_KNOTS('',7,(#3878,#3879,#3880,#3881,#3882,
    #3883,#3884,#3885,#3886,#3887,#3888,#3889,#3890,#3891,#3892,#3893,
    #3894,#3895,#3896,#3897,#3898,#3899,#3900,#3901,#3902,#3903),
  .UNSPECIFIED.,.F.,.F.,(8,6,6,6,8),(0.,0.12458833337,0.596567426464,
    0.761974159056,1.),.UNSPECIFIED.);
#3878 = CARTESIAN_POINT('',(-22.95,-15.45,2.65));
#3879 = CARTESIAN_POINT('',(-22.9697860979,-15.45,2.630213902092));
#3880 = CARTESIAN_POINT('',(-22.98952023219,-15.44939102707,
    2.610479767803));
#3881 = CARTESIAN_POINT('',(-23.00918800295,-15.4481788062,
    2.590811997043));
#3882 = CARTESIAN_POINT('',(-23.02877518796,-15.44636864147,
    2.571224812035));
#3883 = CARTESIAN_POINT('',(-23.04826774268,-15.443965416,2.551732257316
    ));
#3884 = CARTESIAN_POINT('',(-23.06765180026,-15.44097359202,
    2.532348199731));
#3885 = CARTESIAN_POINT('',(-23.15988359014,-15.42384877408,
    2.440116409858));
#3886 = CARTESIAN_POINT('',(-23.23104987845,-15.40192071564,
    2.368950121541));
#3887 = CARTESIAN_POINT('',(-23.2997499685,-15.37183759392,
    2.300250031499));
#3888 = CARTESIAN_POINT('',(-23.36521368831,-15.3337105731,2.23478631169
    ));
#3889 = CARTESIAN_POINT('',(-23.4265465125,-15.28764950496,
    2.173453487493));
#3890 = CARTESIAN_POINT('',(-23.48275584998,-15.23380156376,
    2.11724415002));
#3891 = CARTESIAN_POINT('',(-23.5501073626,-15.1507122995,2.049892637392
    ));
#3892 = CARTESIAN_POINT('',(-23.56680090248,-15.12821485827,
    2.033199097516));
#3893 = CARTESIAN_POINT('',(-23.58265556865,-15.10479178107,
    2.01734443135));
#3894 = CARTESIAN_POINT('',(-23.59761168939,-15.08045653134,
    2.002388310603));
#3895 = CARTESIAN_POINT('',(-23.61160478865,-15.05522763931,
    1.988395211342));
#3896 = CARTESIAN_POINT('',(-23.62456629735,-15.02912978017,
    1.975433702642));
#3897 = CARTESIAN_POINT('',(-23.65348827792,-14.96343458685,
    1.94651172208));
#3898 = CARTESIAN_POINT('',(-23.66826716663,-14.92294094284,
    1.931732833364));
#3899 = CARTESIAN_POINT('',(-23.68054430561,-14.88081267907,
    1.91945569439));
#3900 = CARTESIAN_POINT('',(-23.69008376621,-14.83720004387,
    1.909916233786));
#3901 = CARTESIAN_POINT('',(-23.69664275903,-14.79231703637,
    1.903357240961));
#3902 = CARTESIAN_POINT('',(-23.7,-14.74645535029,1.9));
#3903 = CARTESIAN_POINT('',(-23.7,-14.7,1.9));
#3904 = PCURVE('',#393,#3905);
#3905 = DEFINITIONAL_REPRESENTATION('',(#3906),#3954);
#3906 = B_SPLINE_CURVE_WITH_KNOTS('',3,(#3907,#3908,#3909,#3910,#3911,
    #3912,#3913,#3914,#3915,#3916,#3917,#3918,#3919,#3920,#3921,#3922,
    #3923,#3924,#3925,#3926,#3927,#3928,#3929,#3930,#3931,#3932,#3933,
    #3934,#3935,#3936,#3937,#3938,#3939,#3940,#3941,#3942,#3943,#3944,
    #3945,#3946,#3947,#3948,#3949,#3950,#3951,#3952,#3953),
  .UNSPECIFIED.,.F.,.F.,(4,1,1,1,1,1,1,1,1,1,1,1,1,1,1,1,1,1,1,1,1,1,1,1
    ,1,1,1,1,1,1,1,1,1,1,1,1,1,1,1,1,1,1,1,1,4),(0.,2.272727272727E-02,
    4.545454545455E-02,6.818181818182E-02,9.090909090909E-02,
    0.113636363636,0.136363636364,0.159090909091,0.181818181818,
    0.204545454545,0.227272727273,0.25,0.272727272727,0.295454545455,
    0.318181818182,0.340909090909,0.363636363636,0.386363636364,
    0.409090909091,0.431818181818,0.454545454545,0.477272727273,0.5,
    0.522727272727,0.545454545455,0.568181818182,0.590909090909,
    0.613636363636,0.636363636364,0.659090909091,0.681818181818,
    0.704545454545,0.727272727273,0.75,0.772727272727,0.795454545455,
    0.818181818182,0.840909090909,0.863636363636,0.886363636364,
    0.909090909091,0.931818181818,0.954545454545,0.977272727273,1.),
  .QUASI_UNIFORM_KNOTS.);
#3907 = CARTESIAN_POINT('',(3.14159265359,-3.25));
#3908 = CARTESIAN_POINT('',(3.130363561507,-3.24157814817));
#3909 = CARTESIAN_POINT('',(3.10793755655,-3.224758705499));
#3910 = CARTESIAN_POINT('',(3.074381869792,-3.199620414804));
#3911 = CARTESIAN_POINT('',(3.040896203341,-3.174591160588));
#3912 = CARTESIAN_POINT('',(3.007467548805,-3.149688851112));
#3913 = CARTESIAN_POINT('',(2.974083124624,-3.12493134976));
#3914 = CARTESIAN_POINT('',(2.940729622905,-3.100335962645));
#3915 = CARTESIAN_POINT('',(2.907400660353,-3.075924952791));
#3916 = CARTESIAN_POINT('',(2.874080349432,-3.051713525366));
#3917 = CARTESIAN_POINT('',(2.840754796477,-3.027718437582));
#3918 = CARTESIAN_POINT('',(2.807410225137,-3.003956671145));
#3919 = CARTESIAN_POINT('',(2.774033374356,-2.980445795188));
#3920 = CARTESIAN_POINT('',(2.740611290896,-2.957203875233));
#3921 = CARTESIAN_POINT('',(2.707131287602,-2.934249503527));
#3922 = CARTESIAN_POINT('',(2.673580860093,-2.911601797323));
#3923 = CARTESIAN_POINT('',(2.639947616629,-2.889280406949));
#3924 = CARTESIAN_POINT('',(2.606219205477,-2.86730552318));
#3925 = CARTESIAN_POINT('',(2.572383242836,-2.845697887477));
#3926 = CARTESIAN_POINT('',(2.538427239141,-2.824478804837));
#3927 = CARTESIAN_POINT('',(2.504338522906,-2.803670160122));
#3928 = CARTESIAN_POINT('',(2.470104160311,-2.783294438174));
#3929 = CARTESIAN_POINT('',(2.435710870462,-2.763374749062));
#3930 = CARTESIAN_POINT('',(2.401144929496,-2.743934856272));
#3931 = CARTESIAN_POINT('',(2.366392081349,-2.72499921869));
#3932 = CARTESIAN_POINT('',(2.33143738049,-2.706593008657));
#3933 = CARTESIAN_POINT('',(2.29626523685,-2.688742249595));
#3934 = CARTESIAN_POINT('',(2.26085864563,-2.671473540407));
#3935 = CARTESIAN_POINT('',(2.2252013897,-2.654815357814));
#3936 = CARTESIAN_POINT('',(2.189289254413,-2.63880277991));
#3937 = CARTESIAN_POINT('',(2.153105824752,-2.623466180556));
#3938 = CARTESIAN_POINT('',(2.116638204632,-2.608838862464));
#3939 = CARTESIAN_POINT('',(2.079873238196,-2.594955155625));
#3940 = CARTESIAN_POINT('',(2.042798421938,-2.581850811455));
#3941 = CARTESIAN_POINT('',(2.005401631313,-2.569562801036));
#3942 = CARTESIAN_POINT('',(1.967670950107,-2.558129201255));
#3943 = CARTESIAN_POINT('',(1.929595450376,-2.547589344288));
#3944 = CARTESIAN_POINT('',(1.891166918263,-2.537984069143));
#3945 = CARTESIAN_POINT('',(1.852379317756,-2.529355077413));
#3946 = CARTESIAN_POINT('',(1.813229005903,-2.521744630653));
#3947 = CARTESIAN_POINT('',(1.773714816253,-2.51519510514));
#3948 = CARTESIAN_POINT('',(1.733838251983,-2.509748497519));
#3949 = CARTESIAN_POINT('',(1.693603680592,-2.505445904644));
#3950 = CARTESIAN_POINT('',(1.653018812733,-2.502326790862));
#3951 = CARTESIAN_POINT('',(1.612094527986,-2.500428766452));
#3952 = CARTESIAN_POINT('',(1.584596568596,-2.499999701543));
#3953 = CARTESIAN_POINT('',(1.570796326795,-2.5));
#3954 = ( GEOMETRIC_REPRESENTATION_CONTEXT(2) 
PARAMETRIC_REPRESENTATION_CONTEXT() REPRESENTATION_CONTEXT('2D SPACE',''
  ) );
#3955 = PCURVE('',#3814,#3956);
#3956 = DEFINITIONAL_REPRESENTATION('',(#3957),#4005);
#3957 = B_SPLINE_CURVE_WITH_KNOTS('',3,(#3958,#3959,#3960,#3961,#3962,
    #3963,#3964,#3965,#3966,#3967,#3968,#3969,#3970,#3971,#3972,#3973,
    #3974,#3975,#3976,#3977,#3978,#3979,#3980,#3981,#3982,#3983,#3984,
    #3985,#3986,#3987,#3988,#3989,#3990,#3991,#3992,#3993,#3994,#3995,
    #3996,#3997,#3998,#3999,#4000,#4001,#4002,#4003,#4004),
  .UNSPECIFIED.,.F.,.F.,(4,1,1,1,1,1,1,1,1,1,1,1,1,1,1,1,1,1,1,1,1,1,1,1
    ,1,1,1,1,1,1,1,1,1,1,1,1,1,1,1,1,1,1,1,1,4),(0.,2.272727272727E-02,
    4.545454545455E-02,6.818181818182E-02,9.090909090909E-02,
    0.113636363636,0.136363636364,0.159090909091,0.181818181818,
    0.204545454545,0.227272727273,0.25,0.272727272727,0.295454545455,
    0.318181818182,0.340909090909,0.363636363636,0.386363636364,
    0.409090909091,0.431818181818,0.454545454545,0.477272727273,0.5,
    0.522727272727,0.545454545455,0.568181818182,0.590909090909,
    0.613636363636,0.636363636364,0.659090909091,0.681818181818,
    0.704545454545,0.727272727273,0.75,0.772727272727,0.795454545455,
    0.818181818182,0.840909090909,0.863636363636,0.886363636364,
    0.909090909091,0.931818181818,0.954545454545,0.977272727273,1.),
  .QUASI_UNIFORM_KNOTS.);
#3958 = CARTESIAN_POINT('',(16.092592592593,0.2));
#3959 = CARTESIAN_POINT('',(16.096563816484,0.208421851832));
#3960 = CARTESIAN_POINT('',(16.10480230704,0.225241294504));
#3961 = CARTESIAN_POINT('',(16.118038488073,0.250379585199));
#3962 = CARTESIAN_POINT('',(16.132143327339,0.275408839415));
#3963 = CARTESIAN_POINT('',(16.147107401317,0.300311148891));
#3964 = CARTESIAN_POINT('',(16.162921408939,0.325068650244));
#3965 = CARTESIAN_POINT('',(16.179576611167,0.349664037358));
#3966 = CARTESIAN_POINT('',(16.197060685729,0.374075047212));
#3967 = CARTESIAN_POINT('',(16.215366117653,0.398286474637));
#3968 = CARTESIAN_POINT('',(16.234484645391,0.422281562421));
#3969 = CARTESIAN_POINT('',(16.254407994642,0.446043328857));
#3970 = CARTESIAN_POINT('',(16.275127576626,0.469554204814));
#3971 = CARTESIAN_POINT('',(16.296634469215,0.492796124769));
#3972 = CARTESIAN_POINT('',(16.31891932762,0.515750496475));
#3973 = CARTESIAN_POINT('',(16.341972319269,0.538398202679));
#3974 = CARTESIAN_POINT('',(16.365783057489,0.560719593053));
#3975 = CARTESIAN_POINT('',(16.390340540739,0.582694476821));
#3976 = CARTESIAN_POINT('',(16.41563309553,0.604302112524));
#3977 = CARTESIAN_POINT('',(16.44164832349,0.625521195164));
#3978 = CARTESIAN_POINT('',(16.468373052279,0.64632983988));
#3979 = CARTESIAN_POINT('',(16.495793290638,0.666705561828));
#3980 = CARTESIAN_POINT('',(16.52389418625,0.68662525094));
#3981 = CARTESIAN_POINT('',(16.552659990843,0.70606514373));
#3982 = CARTESIAN_POINT('',(16.58207401546,0.725000781312));
#3983 = CARTESIAN_POINT('',(16.612118638988,0.743406991345));
#3984 = CARTESIAN_POINT('',(16.642775133751,0.761257750407));
#3985 = CARTESIAN_POINT('',(16.674024188863,0.778526459596));
#3986 = CARTESIAN_POINT('',(16.705843843644,0.795184642189));
#3987 = CARTESIAN_POINT('',(16.738199016235,0.811197220093));
#3988 = CARTESIAN_POINT('',(16.771062954413,0.826533819446));
#3989 = CARTESIAN_POINT('',(16.804403142083,0.841161137538));
#3990 = CARTESIAN_POINT('',(16.838184428502,0.855044844378));
#3991 = CARTESIAN_POINT('',(16.872368034,0.868149188549));
#3992 = CARTESIAN_POINT('',(16.906911612515,0.880437198967));
#3993 = CARTESIAN_POINT('',(16.941769247333,0.891870798746));
#3994 = CARTESIAN_POINT('',(16.976890580266,0.902410655713));
#3995 = CARTESIAN_POINT('',(17.012219095348,0.912015930859));
#3996 = CARTESIAN_POINT('',(17.047692585353,0.920644922589));
#3997 = CARTESIAN_POINT('',(17.08324297955,0.928255369349));
#3998 = CARTESIAN_POINT('',(17.118796379509,0.934804894862));
#3999 = CARTESIAN_POINT('',(17.154273093501,0.940251502483));
#4000 = CARTESIAN_POINT('',(17.189587792797,0.944554095358));
#4001 = CARTESIAN_POINT('',(17.224649521182,0.94767320914));
#4002 = CARTESIAN_POINT('',(17.259362521724,0.949571233549));
#4003 = CARTESIAN_POINT('',(17.282203709103,0.950000298457));
#4004 = CARTESIAN_POINT('',(17.293532338308,0.95));
#4005 = ( GEOMETRIC_REPRESENTATION_CONTEXT(2) 
PARAMETRIC_REPRESENTATION_CONTEXT() REPRESENTATION_CONTEXT('2D SPACE',''
  ) );
#4006 = ORIENTED_EDGE('',*,*,#3773,.F.);
#4007 = ORIENTED_EDGE('',*,*,#376,.T.);
#4008 = ADVANCED_FACE('',(#4009),#364,.T.);
#4009 = FACE_BOUND('',#4010,.T.);
#4010 = EDGE_LOOP('',(#4011,#4012,#4035,#4053));
#4011 = ORIENTED_EDGE('',*,*,#348,.F.);
#4012 = ORIENTED_EDGE('',*,*,#4013,.T.);
#4013 = EDGE_CURVE('',#320,#4014,#4016,.T.);
#4014 = VERTEX_POINT('',#4015);
#4015 = CARTESIAN_POINT('',(-23.7,-11.2,1.9));
#4016 = SURFACE_CURVE('',#4017,(#4021,#4028),.PCURVE_S1.);
#4017 = LINE('',#4018,#4019);
#4018 = CARTESIAN_POINT('',(-26.2,-11.2,1.9));
#4019 = VECTOR('',#4020,1.);
#4020 = DIRECTION('',(1.,6.661338147751E-16,2.22044604925E-16));
#4021 = PCURVE('',#364,#4022);
#4022 = DEFINITIONAL_REPRESENTATION('',(#4023),#4027);
#4023 = LINE('',#4024,#4025);
#4024 = CARTESIAN_POINT('',(0.,0.));
#4025 = VECTOR('',#4026,1.);
#4026 = DIRECTION('',(-8.881784197001E-16,-1.));
#4027 = ( GEOMETRIC_REPRESENTATION_CONTEXT(2) 
PARAMETRIC_REPRESENTATION_CONTEXT() REPRESENTATION_CONTEXT('2D SPACE',''
  ) );
#4028 = PCURVE('',#336,#4029);
#4029 = DEFINITIONAL_REPRESENTATION('',(#4030),#4034);
#4030 = LINE('',#4031,#4032);
#4031 = CARTESIAN_POINT('',(1.570796326795,0.));
#4032 = VECTOR('',#4033,1.);
#4033 = DIRECTION('',(0.,-1.));
#4034 = ( GEOMETRIC_REPRESENTATION_CONTEXT(2) 
PARAMETRIC_REPRESENTATION_CONTEXT() REPRESENTATION_CONTEXT('2D SPACE',''
  ) );
#4035 = ORIENTED_EDGE('',*,*,#4036,.T.);
#4036 = EDGE_CURVE('',#4014,#3853,#4037,.T.);
#4037 = SURFACE_CURVE('',#4038,(#4041,#4047),.PCURVE_S1.);
#4038 = B_SPLINE_CURVE_WITH_KNOTS('',1,(#4039,#4040),.UNSPECIFIED.,.F.,
  .F.,(2,2),(0.,1.),.PIECEWISE_BEZIER_KNOTS.);
#4039 = CARTESIAN_POINT('',(-23.7,-11.2,1.9));
#4040 = CARTESIAN_POINT('',(-23.7,-14.7,1.9));
#4041 = PCURVE('',#364,#4042);
#4042 = DEFINITIONAL_REPRESENTATION('',(#4043),#4046);
#4043 = B_SPLINE_CURVE_WITH_KNOTS('',1,(#4044,#4045),.UNSPECIFIED.,.F.,
  .F.,(2,2),(0.,1.),.PIECEWISE_BEZIER_KNOTS.);
#4044 = CARTESIAN_POINT('',(0.,-2.5));
#4045 = CARTESIAN_POINT('',(3.5,-2.5));
#4046 = ( GEOMETRIC_REPRESENTATION_CONTEXT(2) 
PARAMETRIC_REPRESENTATION_CONTEXT() REPRESENTATION_CONTEXT('2D SPACE',''
  ) );
#4047 = PCURVE('',#3814,#4048);
#4048 = DEFINITIONAL_REPRESENTATION('',(#4049),#4052);
#4049 = B_SPLINE_CURVE_WITH_KNOTS('',1,(#4050,#4051),.UNSPECIFIED.,.F.,
  .F.,(2,2),(0.,1.),.PIECEWISE_BEZIER_KNOTS.);
#4050 = CARTESIAN_POINT('',(21.124378109453,0.95));
#4051 = CARTESIAN_POINT('',(17.293532338308,0.95));
#4052 = ( GEOMETRIC_REPRESENTATION_CONTEXT(2) 
PARAMETRIC_REPRESENTATION_CONTEXT() REPRESENTATION_CONTEXT('2D SPACE',''
  ) );
#4053 = ORIENTED_EDGE('',*,*,#3852,.F.);
#4054 = ADVANCED_FACE('',(#4055),#336,.T.);
#4055 = FACE_BOUND('',#4056,.T.);
#4056 = EDGE_LOOP('',(#4057,#4080,#4332,#4333));
#4057 = ORIENTED_EDGE('',*,*,#4058,.T.);
#4058 = EDGE_CURVE('',#292,#4059,#4061,.T.);
#4059 = VERTEX_POINT('',#4060);
#4060 = CARTESIAN_POINT('',(-22.95,-10.45,2.65));
#4061 = SURFACE_CURVE('',#4062,(#4066,#4073),.PCURVE_S1.);
#4062 = LINE('',#4063,#4064);
#4063 = CARTESIAN_POINT('',(-26.2,-10.45,2.65));
#4064 = VECTOR('',#4065,1.);
#4065 = DIRECTION('',(1.,6.661338147751E-16,2.22044604925E-16));
#4066 = PCURVE('',#336,#4067);
#4067 = DEFINITIONAL_REPRESENTATION('',(#4068),#4072);
#4068 = LINE('',#4069,#4070);
#4069 = CARTESIAN_POINT('',(0.,0.));
#4070 = VECTOR('',#4071,1.);
#4071 = DIRECTION('',(0.,-1.));
#4072 = ( GEOMETRIC_REPRESENTATION_CONTEXT(2) 
PARAMETRIC_REPRESENTATION_CONTEXT() REPRESENTATION_CONTEXT('2D SPACE',''
  ) );
#4073 = PCURVE('',#307,#4074);
#4074 = DEFINITIONAL_REPRESENTATION('',(#4075),#4079);
#4075 = LINE('',#4076,#4077);
#4076 = CARTESIAN_POINT('',(0.2,-1.33226762955E-16));
#4077 = VECTOR('',#4078,1.);
#4078 = DIRECTION('',(-8.881784197001E-16,-1.));
#4079 = ( GEOMETRIC_REPRESENTATION_CONTEXT(2) 
PARAMETRIC_REPRESENTATION_CONTEXT() REPRESENTATION_CONTEXT('2D SPACE',''
  ) );
#4080 = ORIENTED_EDGE('',*,*,#4081,.F.);
#4081 = EDGE_CURVE('',#4014,#4059,#4082,.T.);
#4082 = SURFACE_CURVE('',#4083,(#4142,#4237),.PCURVE_S1.);
#4083 = B_SPLINE_CURVE_WITH_KNOTS('',8,(#4084,#4085,#4086,#4087,#4088,
    #4089,#4090,#4091,#4092,#4093,#4094,#4095,#4096,#4097,#4098,#4099,
    #4100,#4101,#4102,#4103,#4104,#4105,#4106,#4107,#4108,#4109,#4110,
    #4111,#4112,#4113,#4114,#4115,#4116,#4117,#4118,#4119,#4120,#4121,
    #4122,#4123,#4124,#4125,#4126,#4127,#4128,#4129,#4130,#4131,#4132,
    #4133,#4134,#4135,#4136,#4137,#4138,#4139,#4140,#4141),
  .UNSPECIFIED.,.F.,.F.,(9,7,7,7,7,7,7,7,9),(0.,0.19461677276,
    0.324234589105,0.388293369318,0.509320075863,0.757161415067,
    0.969727695428,0.984979382447,1.),.UNSPECIFIED.);
#4084 = CARTESIAN_POINT('',(-23.7,-11.2,1.9));
#4085 = CARTESIAN_POINT('',(-23.7,-11.16913741765,1.9));
#4086 = CARTESIAN_POINT('',(-23.6985485809,-11.13785753809,
    1.901451419099));
#4087 = CARTESIAN_POINT('',(-23.69557702164,-11.10628200607,
    1.904422978353));
#4088 = CARTESIAN_POINT('',(-23.69103168785,-11.0745495391,
    1.908968312142));
#4089 = CARTESIAN_POINT('',(-23.68487910834,-11.04281607628,
    1.915120891659));
#4090 = CARTESIAN_POINT('',(-23.67711246724,-11.01125358548,
    1.922887532752));
#4091 = CARTESIAN_POINT('',(-23.66775951187,-10.98004752873,
    1.932240488127));
#4092 = CARTESIAN_POINT('',(-23.6496538606,-10.92897658068,
    1.950346139398));
#4093 = CARTESIAN_POINT('',(-23.64174194487,-10.90879915181,
    1.958258055123));
#4094 = CARTESIAN_POINT('',(-23.6331760093,-10.88891657105,
    1.966823990695));
#4095 = CARTESIAN_POINT('',(-23.62398143885,-10.86937919909,
    1.976018561146));
#4096 = CARTESIAN_POINT('',(-23.61418829099,-10.85023199085,
    1.985811709008));
#4097 = CARTESIAN_POINT('',(-23.6038304636,-10.83151460083,
    1.996169536393));
#4098 = CARTESIAN_POINT('',(-23.59294486291,-10.81326148838,
    2.007055137083));
#4099 = CARTESIAN_POINT('',(-23.57594925125,-10.78672506847,
    2.024050748746));
#4100 = CARTESIAN_POINT('',(-23.57020824447,-10.7780682393,
    2.029791755529));
#4101 = CARTESIAN_POINT('',(-23.56435212504,-10.76953476662,
    2.035647874954));
#4102 = CARTESIAN_POINT('',(-23.55838543675,-10.76112751635,
    2.041614563243));
#4103 = CARTESIAN_POINT('',(-23.55231269315,-10.75284898922,
    2.047687306843));
#4104 = CARTESIAN_POINT('',(-23.54613837757,-10.74470132078,
    2.053861622428));
#4105 = CARTESIAN_POINT('',(-23.5398669431,-10.73668628141,
    2.060133056897));
#4106 = CARTESIAN_POINT('',(-23.52147901589,-10.71391563754,
    2.078520984107));
#4107 = CARTESIAN_POINT('',(-23.50912443012,-10.69950478484,
    2.090875569875));
#4108 = CARTESIAN_POINT('',(-23.49646822051,-10.68558194175,
    2.103531779483));
#4109 = CARTESIAN_POINT('',(-23.48353834945,-10.67215249453,
    2.116461650546));
#4110 = CARTESIAN_POINT('',(-23.47036129213,-10.65921852877,
    2.129638707869));
#4111 = CARTESIAN_POINT('',(-23.45696175218,-10.64677936623,
    2.143038247817));
#4112 = CARTESIAN_POINT('',(-23.4433623773,-10.63483210144,
    2.156637622693));
#4113 = CARTESIAN_POINT('',(-23.40136671411,-10.59990415669,
    2.198633285888));
#4114 = CARTESIAN_POINT('',(-23.37240683177,-10.57848777566,
    2.227593168222));
#4115 = CARTESIAN_POINT('',(-23.34286847154,-10.55907110736,
    2.25713152846));
#4116 = CARTESIAN_POINT('',(-23.31289307199,-10.54159172705,
    2.287106928001));
#4117 = CARTESIAN_POINT('',(-23.2825993214,-10.52598080477,
    2.317400678599));
#4118 = CARTESIAN_POINT('',(-23.25208361231,-10.51216723686,
    2.347916387687));
#4119 = CARTESIAN_POINT('',(-23.22142049631,-10.50008177742,
    2.378579503687));
#4120 = CARTESIAN_POINT('',(-23.16428345105,-10.4807237189,
    2.435716548943));
#4121 = CARTESIAN_POINT('',(-23.13784118073,-10.47301309704,
    2.462158819264));
#4122 = CARTESIAN_POINT('',(-23.11137431914,-10.46649002523,
    2.48862568086));
#4123 = CARTESIAN_POINT('',(-23.08491674085,-10.46111930732,
    2.515083259148));
#4124 = CARTESIAN_POINT('',(-23.05849851218,-10.45686966085,
    2.541501487819));
#4125 = CARTESIAN_POINT('',(-23.03214619972,-10.45371354786,
    2.567853800273));
#4126 = CARTESIAN_POINT('',(-23.00588317895,-10.45162700574,
    2.594116821047));
#4127 = CARTESIAN_POINT('',(-22.97785344111,-10.45051503509,
    2.622146558884));
#4128 = CARTESIAN_POINT('',(-22.97597751134,-10.45044599328,
    2.624022488659));
#4129 = CARTESIAN_POINT('',(-22.97410216163,-10.45038234501,
    2.625897838369));
#4130 = CARTESIAN_POINT('',(-22.97222740015,-10.45032408283,
    2.627772599849));
#4131 = CARTESIAN_POINT('',(-22.97035323503,-10.45027119936,
    2.629646764969));
#4132 = CARTESIAN_POINT('',(-22.96847967436,-10.45022368733,
    2.631520325638));
#4133 = CARTESIAN_POINT('',(-22.96660672619,-10.45018153956,
    2.633393273801));
#4134 = CARTESIAN_POINT('',(-22.96289043747,-10.45010851576,
    2.637109562528));
#4135 = CARTESIAN_POINT('',(-22.9610470418,-10.45007747855,
    2.638952958196));
#4136 = CARTESIAN_POINT('',(-22.95920445965,-10.45005163093,
    2.640795540344));
#4137 = CARTESIAN_POINT('',(-22.95736195806,-10.4500309653,
    2.642638041936));
#4138 = CARTESIAN_POINT('',(-22.95552091685,-10.45001547657,
    2.644479083144));
#4139 = CARTESIAN_POINT('',(-22.95367968728,-10.45000515649,
    2.646320312718));
#4140 = CARTESIAN_POINT('',(-22.95183958983,-10.45,2.648160410167));
#4141 = CARTESIAN_POINT('',(-22.95,-10.45,2.65));
#4142 = PCURVE('',#336,#4143);
#4143 = DEFINITIONAL_REPRESENTATION('',(#4144),#4236);
#4144 = B_SPLINE_CURVE_WITH_KNOTS('',3,(#4145,#4146,#4147,#4148,#4149,
    #4150,#4151,#4152,#4153,#4154,#4155,#4156,#4157,#4158,#4159,#4160,
    #4161,#4162,#4163,#4164,#4165,#4166,#4167,#4168,#4169,#4170,#4171,
    #4172,#4173,#4174,#4175,#4176,#4177,#4178,#4179,#4180,#4181,#4182,
    #4183,#4184,#4185,#4186,#4187,#4188,#4189,#4190,#4191,#4192,#4193,
    #4194,#4195,#4196,#4197,#4198,#4199,#4200,#4201,#4202,#4203,#4204,
    #4205,#4206,#4207,#4208,#4209,#4210,#4211,#4212,#4213,#4214,#4215,
    #4216,#4217,#4218,#4219,#4220,#4221,#4222,#4223,#4224,#4225,#4226,
    #4227,#4228,#4229,#4230,#4231,#4232,#4233,#4234,#4235),
  .UNSPECIFIED.,.F.,.F.,(4,1,1,1,1,1,1,1,1,1,1,1,1,1,1,1,1,1,1,1,1,1,1,1
    ,1,1,1,1,1,1,1,1,1,1,1,1,1,1,1,1,1,1,1,1,1,1,1,1,1,1,1,1,1,1,1,1,1,1
    ,1,1,1,1,1,1,1,1,1,1,1,1,1,1,1,1,1,1,1,1,1,1,1,1,1,1,1,1,1,1,4),(0.,
    1.136363636364E-02,2.272727272727E-02,3.409090909091E-02,
    4.545454545455E-02,5.681818181818E-02,6.818181818182E-02,
    7.954545454545E-02,9.090909090909E-02,0.102272727273,0.113636363636,
    0.125,0.136363636364,0.147727272727,0.159090909091,0.170454545455,
    0.181818181818,0.193181818182,0.204545454545,0.215909090909,
    0.227272727273,0.238636363636,0.25,0.261363636364,0.272727272727,
    0.284090909091,0.295454545455,0.306818181818,0.318181818182,
    0.329545454545,0.340909090909,0.352272727273,0.363636363636,0.375,
    0.386363636364,0.397727272727,0.409090909091,0.420454545455,
    0.431818181818,0.443181818182,0.454545454545,0.465909090909,
    0.477272727273,0.488636363636,0.5,0.511363636364,0.522727272727,
    0.534090909091,0.545454545455,0.556818181818,0.568181818182,
    0.579545454545,0.590909090909,0.602272727273,0.613636363636,0.625,
    0.636363636364,0.647727272727,0.659090909091,0.670454545455,
    0.681818181818,0.693181818182,0.704545454545,0.715909090909,
    0.727272727273,0.738636363636,0.75,0.761363636364,0.772727272727,
    0.784090909091,0.795454545455,0.806818181818,0.818181818182,
    0.829545454545,0.840909090909,0.852272727273,0.863636363636,0.875,
    0.886363636364,0.897727272727,0.909090909091,0.920454545455,
    0.931818181818,0.943181818182,0.954545454545,0.965909090909,
    0.977272727273,0.988636363636,1.),.QUASI_UNIFORM_KNOTS.);
#4145 = CARTESIAN_POINT('',(1.570796326795,-2.5));
#4146 = CARTESIAN_POINT('',(1.564389020084,-2.499999973055));
#4147 = CARTESIAN_POINT('',(1.551538925511,-2.500092391429));
#4148 = CARTESIAN_POINT('',(1.532161441347,-2.500512527566));
#4149 = CARTESIAN_POINT('',(1.5126856238,-2.501218396637));
#4150 = CARTESIAN_POINT('',(1.493115804562,-2.502213759));
#4151 = CARTESIAN_POINT('',(1.473456546435,-2.503502038219));
#4152 = CARTESIAN_POINT('',(1.453712688336,-2.505086252914));
#4153 = CARTESIAN_POINT('',(1.433889354779,-2.506968999505));
#4154 = CARTESIAN_POINT('',(1.413991976179,-2.509152419903));
#4155 = CARTESIAN_POINT('',(1.394026307777,-2.511638171781));
#4156 = CARTESIAN_POINT('',(1.373998450575,-2.514427396744));
#4157 = CARTESIAN_POINT('',(1.353914873883,-2.517520687571));
#4158 = CARTESIAN_POINT('',(1.333782438683,-2.520918054478));
#4159 = CARTESIAN_POINT('',(1.313608426277,-2.524618889431));
#4160 = CARTESIAN_POINT('',(1.293400556156,-2.528621932444));
#4161 = CARTESIAN_POINT('',(1.273167053702,-2.532925225129));
#4162 = CARTESIAN_POINT('',(1.252916542286,-2.537526106441));
#4163 = CARTESIAN_POINT('',(1.232658601689,-2.542421045616));
#4164 = CARTESIAN_POINT('',(1.21240185137,-2.547606077355));
#4165 = CARTESIAN_POINT('',(1.192152803694,-2.553077219012));
#4166 = CARTESIAN_POINT('',(1.171921206442,-2.558829062677));
#4167 = CARTESIAN_POINT('',(1.15171548924,-2.564855939666));
#4168 = CARTESIAN_POINT('',(1.131543975974,-2.571151656245));
#4169 = CARTESIAN_POINT('',(1.111414593574,-2.577709601101));
#4170 = CARTESIAN_POINT('',(1.091334980183,-2.584522753487));
#4171 = CARTESIAN_POINT('',(1.071312486021,-2.591583716923));
#4172 = CARTESIAN_POINT('',(1.051354190298,-2.598884750022));
#4173 = CARTESIAN_POINT('',(1.031466947206,-2.606417783239));
#4174 = CARTESIAN_POINT('',(1.01165728533,-2.614174494808));
#4175 = CARTESIAN_POINT('',(0.991931850003,-2.622146164002));
#4176 = CARTESIAN_POINT('',(0.972294866054,-2.630324762715));
#4177 = CARTESIAN_POINT('',(0.952751177507,-2.638701733463));
#4178 = CARTESIAN_POINT('',(0.933305096924,-2.647268603637));
#4179 = CARTESIAN_POINT('',(0.913960474651,-2.656016938917));
#4180 = CARTESIAN_POINT('',(0.894720665582,-2.664938368687));
#4181 = CARTESIAN_POINT('',(0.875588684855,-2.674024530958));
#4182 = CARTESIAN_POINT('',(0.856567046497,-2.683267296073));
#4183 = CARTESIAN_POINT('',(0.837657577694,-2.692658790506));
#4184 = CARTESIAN_POINT('',(0.818861805424,-2.702191301074));
#4185 = CARTESIAN_POINT('',(0.800180880817,-2.711857317186));
#4186 = CARTESIAN_POINT('',(0.781615621112,-2.721649536687));
#4187 = CARTESIAN_POINT('',(0.763166513691,-2.731560883906));
#4188 = CARTESIAN_POINT('',(0.744833743563,-2.741584515291));
#4189 = CARTESIAN_POINT('',(0.726617153665,-2.751713862496));
#4190 = CARTESIAN_POINT('',(0.708516438603,-2.761942538073));
#4191 = CARTESIAN_POINT('',(0.690530459479,-2.772264753285));
#4192 = CARTESIAN_POINT('',(0.672660016967,-2.782673715363));
#4193 = CARTESIAN_POINT('',(0.654903846462,-2.79316391477));
#4194 = CARTESIAN_POINT('',(0.637260031399,-2.803730386618));
#4195 = CARTESIAN_POINT('',(0.619726801453,-2.814368236995));
#4196 = CARTESIAN_POINT('',(0.602302315858,-2.825072769095));
#4197 = CARTESIAN_POINT('',(0.584984718716,-2.835839448642));
#4198 = CARTESIAN_POINT('',(0.567772121444,-2.846663912369));
#4199 = CARTESIAN_POINT('',(0.550662604742,-2.857541964957));
#4200 = CARTESIAN_POINT('',(0.533654215307,-2.868469579074));
#4201 = CARTESIAN_POINT('',(0.516744963909,-2.879442894579));
#4202 = CARTESIAN_POINT('',(0.499932823045,-2.890458217949));
#4203 = CARTESIAN_POINT('',(0.483215724616,-2.901512021647));
#4204 = CARTESIAN_POINT('',(0.466591557508,-2.912600943507));
#4205 = CARTESIAN_POINT('',(0.450058165075,-2.923721786122));
#4206 = CARTESIAN_POINT('',(0.43361334258,-2.934871516185));
#4207 = CARTESIAN_POINT('',(0.41725483428,-2.946047264013));
#4208 = CARTESIAN_POINT('',(0.400980331301,-2.957246322412));
#4209 = CARTESIAN_POINT('',(0.384787466003,-2.968466147971));
#4210 = CARTESIAN_POINT('',(0.368673818835,-2.979704353303));
#4211 = CARTESIAN_POINT('',(0.352636877927,-2.990958733074));
#4212 = CARTESIAN_POINT('',(0.336674174386,-3.002227163937));
#4213 = CARTESIAN_POINT('',(0.320782761187,-3.013507975036));
#4214 = CARTESIAN_POINT('',(0.304961776805,-3.024798107714));
#4215 = CARTESIAN_POINT('',(0.289208913718,-3.036095625358));
#4216 = CARTESIAN_POINT('',(0.273521857149,-3.047398691206));
#4217 = CARTESIAN_POINT('',(0.25789835732,-3.058705510889));
#4218 = CARTESIAN_POINT('',(0.242336204578,-3.070014346678));
#4219 = CARTESIAN_POINT('',(0.226833230674,-3.08132351252));
#4220 = CARTESIAN_POINT('',(0.211387303163,-3.092631374217));
#4221 = CARTESIAN_POINT('',(0.195996321794,-3.103936348236));
#4222 = CARTESIAN_POINT('',(0.18065821452,-3.115236900871));
#4223 = CARTESIAN_POINT('',(0.165370933766,-3.126531547328));
#4224 = CARTESIAN_POINT('',(0.150132452792,-3.137818850817));
#4225 = CARTESIAN_POINT('',(0.134940762201,-3.149097421649));
#4226 = CARTESIAN_POINT('',(0.119793866586,-3.160365916331));
#4227 = CARTESIAN_POINT('',(0.104689781312,-3.17162303666));
#4228 = CARTESIAN_POINT('',(8.962652946869E-02,-3.18286752881));
#4229 = CARTESIAN_POINT('',(7.460213886645E-02,-3.194098182467));
#4230 = CARTESIAN_POINT('',(5.961463958686E-02,-3.205313829764));
#4231 = CARTESIAN_POINT('',(4.466206016075E-02,-3.216513344972));
#4232 = CARTESIAN_POINT('',(2.974242958942E-02,-3.227695641379));
#4233 = CARTESIAN_POINT('',(1.485416109524E-02,-3.238859377229));
#4234 = CARTESIAN_POINT('',(4.948309194139E-03,-3.246288770653));
#4235 = CARTESIAN_POINT('',(0.,-3.25));
#4236 = ( GEOMETRIC_REPRESENTATION_CONTEXT(2) 
PARAMETRIC_REPRESENTATION_CONTEXT() REPRESENTATION_CONTEXT('2D SPACE',''
  ) );
#4237 = PCURVE('',#3814,#4238);
#4238 = DEFINITIONAL_REPRESENTATION('',(#4239),#4331);
#4239 = B_SPLINE_CURVE_WITH_KNOTS('',3,(#4240,#4241,#4242,#4243,#4244,
    #4245,#4246,#4247,#4248,#4249,#4250,#4251,#4252,#4253,#4254,#4255,
    #4256,#4257,#4258,#4259,#4260,#4261,#4262,#4263,#4264,#4265,#4266,
    #4267,#4268,#4269,#4270,#4271,#4272,#4273,#4274,#4275,#4276,#4277,
    #4278,#4279,#4280,#4281,#4282,#4283,#4284,#4285,#4286,#4287,#4288,
    #4289,#4290,#4291,#4292,#4293,#4294,#4295,#4296,#4297,#4298,#4299,
    #4300,#4301,#4302,#4303,#4304,#4305,#4306,#4307,#4308,#4309,#4310,
    #4311,#4312,#4313,#4314,#4315,#4316,#4317,#4318,#4319,#4320,#4321,
    #4322,#4323,#4324,#4325,#4326,#4327,#4328,#4329,#4330),
  .UNSPECIFIED.,.F.,.F.,(4,1,1,1,1,1,1,1,1,1,1,1,1,1,1,1,1,1,1,1,1,1,1,1
    ,1,1,1,1,1,1,1,1,1,1,1,1,1,1,1,1,1,1,1,1,1,1,1,1,1,1,1,1,1,1,1,1,1,1
    ,1,1,1,1,1,1,1,1,1,1,1,1,1,1,1,1,1,1,1,1,1,1,1,1,1,1,1,1,1,1,4),(0.,
    1.136363636364E-02,2.272727272727E-02,3.409090909091E-02,
    4.545454545455E-02,5.681818181818E-02,6.818181818182E-02,
    7.954545454545E-02,9.090909090909E-02,0.102272727273,0.113636363636,
    0.125,0.136363636364,0.147727272727,0.159090909091,0.170454545455,
    0.181818181818,0.193181818182,0.204545454545,0.215909090909,
    0.227272727273,0.238636363636,0.25,0.261363636364,0.272727272727,
    0.284090909091,0.295454545455,0.306818181818,0.318181818182,
    0.329545454545,0.340909090909,0.352272727273,0.363636363636,0.375,
    0.386363636364,0.397727272727,0.409090909091,0.420454545455,
    0.431818181818,0.443181818182,0.454545454545,0.465909090909,
    0.477272727273,0.488636363636,0.5,0.511363636364,0.522727272727,
    0.534090909091,0.545454545455,0.556818181818,0.568181818182,
    0.579545454545,0.590909090909,0.602272727273,0.613636363636,0.625,
    0.636363636364,0.647727272727,0.659090909091,0.670454545455,
    0.681818181818,0.693181818182,0.704545454545,0.715909090909,
    0.727272727273,0.738636363636,0.75,0.761363636364,0.772727272727,
    0.784090909091,0.795454545455,0.806818181818,0.818181818182,
    0.829545454545,0.840909090909,0.852272727273,0.863636363636,0.875,
    0.886363636364,0.897727272727,0.909090909091,0.920454545455,
    0.931818181818,0.943181818182,0.954545454545,0.965909090909,
    0.977272727273,0.988636363636,1.),.QUASI_UNIFORM_KNOTS.);
#4240 = CARTESIAN_POINT('',(21.124378109453,0.95));
#4241 = CARTESIAN_POINT('',(21.129637852054,0.950000026945));
#4242 = CARTESIAN_POINT('',(21.140093360385,0.949907608571));
#4243 = CARTESIAN_POINT('',(21.155569791312,0.949487472434));
#4244 = CARTESIAN_POINT('',(21.170824492632,0.948781603363));
#4245 = CARTESIAN_POINT('',(21.185842556073,0.947786241001));
#4246 = CARTESIAN_POINT('',(21.200609111983,0.946497961782));
#4247 = CARTESIAN_POINT('',(21.215109364738,0.944913747088));
#4248 = CARTESIAN_POINT('',(21.229328634882,0.943031000497));
#4249 = CARTESIAN_POINT('',(21.243252402516,0.9408475801));
#4250 = CARTESIAN_POINT('',(21.256866353324,0.938361828222));
#4251 = CARTESIAN_POINT('',(21.270156426832,0.935572603259));
#4252 = CARTESIAN_POINT('',(21.283108866755,0.932479312431));
#4253 = CARTESIAN_POINT('',(21.295710273965,0.929081945525));
#4254 = CARTESIAN_POINT('',(21.307947659709,0.925381110571));
#4255 = CARTESIAN_POINT('',(21.319808507501,0.921378067558));
#4256 = CARTESIAN_POINT('',(21.331280811918,0.917074774872));
#4257 = CARTESIAN_POINT('',(21.342353212409,0.91247389356));
#4258 = CARTESIAN_POINT('',(21.353014780963,0.907578954386));
#4259 = CARTESIAN_POINT('',(21.363256109559,0.902393922646));
#4260 = CARTESIAN_POINT('',(21.373069746771,0.89692278099));
#4261 = CARTESIAN_POINT('',(21.382447589079,0.891170937325));
#4262 = CARTESIAN_POINT('',(21.391383219094,0.885144060336));
#4263 = CARTESIAN_POINT('',(21.399871256723,0.878848343757));
#4264 = CARTESIAN_POINT('',(21.407907487005,0.872290398902));
#4265 = CARTESIAN_POINT('',(21.415488778968,0.865477246516));
#4266 = CARTESIAN_POINT('',(21.422613058836,0.85841628308));
#4267 = CARTESIAN_POINT('',(21.429279270347,0.851115249981));
#4268 = CARTESIAN_POINT('',(21.435487328278,0.843582216764));
#4269 = CARTESIAN_POINT('',(21.441238108416,0.835825505195));
#4270 = CARTESIAN_POINT('',(21.446533295438,0.827853836));
#4271 = CARTESIAN_POINT('',(21.451375965628,0.819675237286));
#4272 = CARTESIAN_POINT('',(21.455769776502,0.81129826654));
#4273 = CARTESIAN_POINT('',(21.459719024924,0.802731396366));
#4274 = CARTESIAN_POINT('',(21.463228663674,0.793983061084));
#4275 = CARTESIAN_POINT('',(21.466304297298,0.785061631315));
#4276 = CARTESIAN_POINT('',(21.468952137904,0.775975469043));
#4277 = CARTESIAN_POINT('',(21.471178753355,0.766732703929));
#4278 = CARTESIAN_POINT('',(21.472991214417,0.757341209496));
#4279 = CARTESIAN_POINT('',(21.474396874019,0.747808698928));
#4280 = CARTESIAN_POINT('',(21.475403361984,0.738142682816));
#4281 = CARTESIAN_POINT('',(21.476018525857,0.728350463315));
#4282 = CARTESIAN_POINT('',(21.476250386357,0.718439116096));
#4283 = CARTESIAN_POINT('',(21.476107090922,0.708415484711));
#4284 = CARTESIAN_POINT('',(21.475596863059,0.698286137506));
#4285 = CARTESIAN_POINT('',(21.474727973297,0.68805746193));
#4286 = CARTESIAN_POINT('',(21.473508630911,0.677735246717));
#4287 = CARTESIAN_POINT('',(21.471947189438,0.66732628464));
#4288 = CARTESIAN_POINT('',(21.470051895758,0.656836085232));
#4289 = CARTESIAN_POINT('',(21.467830811446,0.646269613384));
#4290 = CARTESIAN_POINT('',(21.465291891005,0.635631763008));
#4291 = CARTESIAN_POINT('',(21.462442952484,0.624927230907));
#4292 = CARTESIAN_POINT('',(21.45929167719,0.61416055136));
#4293 = CARTESIAN_POINT('',(21.455845601849,0.603336087634));
#4294 = CARTESIAN_POINT('',(21.452112113044,0.592458035045));
#4295 = CARTESIAN_POINT('',(21.448098441263,0.581530420928));
#4296 = CARTESIAN_POINT('',(21.443811655282,0.570557105423));
#4297 = CARTESIAN_POINT('',(21.439258656667,0.559541782053));
#4298 = CARTESIAN_POINT('',(21.434446174452,0.548487978355));
#4299 = CARTESIAN_POINT('',(21.429380759967,0.537399056494));
#4300 = CARTESIAN_POINT('',(21.424068781801,0.52627821388));
#4301 = CARTESIAN_POINT('',(21.418516420943,0.515128483817));
#4302 = CARTESIAN_POINT('',(21.412729665928,0.503952735989));
#4303 = CARTESIAN_POINT('',(21.406714308557,0.49275367759));
#4304 = CARTESIAN_POINT('',(21.400475938115,0.481533852031));
#4305 = CARTESIAN_POINT('',(21.394019941703,0.470295646698));
#4306 = CARTESIAN_POINT('',(21.387351482335,0.459041266928));
#4307 = CARTESIAN_POINT('',(21.3804755605,0.447772836066));
#4308 = CARTESIAN_POINT('',(21.373396764729,0.436492024967));
#4309 = CARTESIAN_POINT('',(21.366120479911,0.425201892289));
#4310 = CARTESIAN_POINT('',(21.358651288683,0.413904374645));
#4311 = CARTESIAN_POINT('',(21.350993604929,0.402601308797));
#4312 = CARTESIAN_POINT('',(21.34315171813,0.391294489114));
#4313 = CARTESIAN_POINT('',(21.335129783967,0.379985653324));
#4314 = CARTESIAN_POINT('',(21.326931829351,0.368676487482));
#4315 = CARTESIAN_POINT('',(21.318561753594,0.357368625784));
#4316 = CARTESIAN_POINT('',(21.310023330625,0.346063651766));
#4317 = CARTESIAN_POINT('',(21.30132021094,0.33476309913));
#4318 = CARTESIAN_POINT('',(21.292455923625,0.323468452674));
#4319 = CARTESIAN_POINT('',(21.283433878365,0.312181149185));
#4320 = CARTESIAN_POINT('',(21.274257367463,0.300902578353));
#4321 = CARTESIAN_POINT('',(21.264929567856,0.289634083671));
#4322 = CARTESIAN_POINT('',(21.25545354313,0.278376963342));
#4323 = CARTESIAN_POINT('',(21.245832245533,0.267132471192));
#4324 = CARTESIAN_POINT('',(21.236068517996,0.255901817536));
#4325 = CARTESIAN_POINT('',(21.226165096108,0.244686170238));
#4326 = CARTESIAN_POINT('',(21.216124610239,0.233486655031));
#4327 = CARTESIAN_POINT('',(21.205949587083,0.222304358621));
#4328 = CARTESIAN_POINT('',(21.195642709397,0.211140622774));
#4329 = CARTESIAN_POINT('',(21.188685139183,0.203711229349));
#4330 = CARTESIAN_POINT('',(21.185185185185,0.2));
#4331 = ( GEOMETRIC_REPRESENTATION_CONTEXT(2) 
PARAMETRIC_REPRESENTATION_CONTEXT() REPRESENTATION_CONTEXT('2D SPACE',''
  ) );
#4332 = ORIENTED_EDGE('',*,*,#4013,.F.);
#4333 = ORIENTED_EDGE('',*,*,#319,.T.);
#4334 = ADVANCED_FACE('',(#4335),#307,.T.);
#4335 = FACE_BOUND('',#4336,.T.);
#4336 = EDGE_LOOP('',(#4337,#4338,#4361,#4408));
#4337 = ORIENTED_EDGE('',*,*,#291,.F.);
#4338 = ORIENTED_EDGE('',*,*,#4339,.T.);
#4339 = EDGE_CURVE('',#263,#4340,#4342,.T.);
#4340 = VERTEX_POINT('',#4341);
#4341 = CARTESIAN_POINT('',(-22.75,-10.45,2.85));
#4342 = SURFACE_CURVE('',#4343,(#4347,#4354),.PCURVE_S1.);
#4343 = LINE('',#4344,#4345);
#4344 = CARTESIAN_POINT('',(-26.2,-10.45,2.85));
#4345 = VECTOR('',#4346,1.);
#4346 = DIRECTION('',(1.,6.661338147751E-16,2.22044604925E-16));
#4347 = PCURVE('',#307,#4348);
#4348 = DEFINITIONAL_REPRESENTATION('',(#4349),#4353);
#4349 = LINE('',#4350,#4351);
#4350 = CARTESIAN_POINT('',(-0.,0.));
#4351 = VECTOR('',#4352,1.);
#4352 = DIRECTION('',(-8.881784197001E-16,-1.));
#4353 = ( GEOMETRIC_REPRESENTATION_CONTEXT(2) 
PARAMETRIC_REPRESENTATION_CONTEXT() REPRESENTATION_CONTEXT('2D SPACE',''
  ) );
#4354 = PCURVE('',#279,#4355);
#4355 = DEFINITIONAL_REPRESENTATION('',(#4356),#4360);
#4356 = LINE('',#4357,#4358);
#4357 = CARTESIAN_POINT('',(6.28318530718,0.));
#4358 = VECTOR('',#4359,1.);
#4359 = DIRECTION('',(0.,-1.));
#4360 = ( GEOMETRIC_REPRESENTATION_CONTEXT(2) 
PARAMETRIC_REPRESENTATION_CONTEXT() REPRESENTATION_CONTEXT('2D SPACE',''
  ) );
#4361 = ORIENTED_EDGE('',*,*,#4362,.T.);
#4362 = EDGE_CURVE('',#4340,#4059,#4363,.T.);
#4363 = SURFACE_CURVE('',#4364,(#4370,#4379),.PCURVE_S1.);
#4364 = B_SPLINE_CURVE_WITH_KNOTS('',4,(#4365,#4366,#4367,#4368,#4369),
  .UNSPECIFIED.,.F.,.F.,(5,5),(0.,1.),.PIECEWISE_BEZIER_KNOTS.);
#4365 = CARTESIAN_POINT('',(-22.75,-10.45,2.85));
#4366 = CARTESIAN_POINT('',(-22.80020191695,-10.45,2.799798083045));
#4367 = CARTESIAN_POINT('',(-22.85027187638,-10.45,2.749728123617));
#4368 = CARTESIAN_POINT('',(-22.90020593503,-10.45,2.699794064964));
#4369 = CARTESIAN_POINT('',(-22.95,-10.45,2.65));
#4370 = PCURVE('',#307,#4371);
#4371 = DEFINITIONAL_REPRESENTATION('',(#4372),#4378);
#4372 = B_SPLINE_CURVE_WITH_KNOTS('',4,(#4373,#4374,#4375,#4376,#4377),
  .UNSPECIFIED.,.F.,.F.,(5,5),(0.,1.),.PIECEWISE_BEZIER_KNOTS.);
#4373 = CARTESIAN_POINT('',(-2.22044604925E-15,-3.45));
#4374 = CARTESIAN_POINT('',(5.0201916955E-02,-3.39979808305));
#4375 = CARTESIAN_POINT('',(0.100271876383,-3.34972812362));
#4376 = CARTESIAN_POINT('',(0.150205935036,-3.29979406497));
#4377 = CARTESIAN_POINT('',(0.2,-3.25));
#4378 = ( GEOMETRIC_REPRESENTATION_CONTEXT(2) 
PARAMETRIC_REPRESENTATION_CONTEXT() REPRESENTATION_CONTEXT('2D SPACE',''
  ) );
#4379 = PCURVE('',#3814,#4380);
#4380 = DEFINITIONAL_REPRESENTATION('',(#4381),#4407);
#4381 = B_SPLINE_CURVE_WITH_KNOTS('',3,(#4382,#4383,#4384,#4385,#4386,
    #4387,#4388,#4389,#4390,#4391,#4392,#4393,#4394,#4395,#4396,#4397,
    #4398,#4399,#4400,#4401,#4402,#4403,#4404,#4405,#4406),
  .UNSPECIFIED.,.F.,.F.,(4,1,1,1,1,1,1,1,1,1,1,1,1,1,1,1,1,1,1,1,1,1,4),
  (0.,4.545454545455E-02,9.090909090909E-02,0.136363636364,
    0.181818181818,0.227272727273,0.272727272727,0.318181818182,
    0.363636363636,0.409090909091,0.454545454545,0.5,0.545454545455,
    0.590909090909,0.636363636364,0.681818181818,0.727272727273,
    0.772727272727,0.818181818182,0.863636363636,0.909090909091,
    0.954545454545,1.),.QUASI_UNIFORM_KNOTS.);
#4382 = CARTESIAN_POINT('',(21.,0.));
#4383 = CARTESIAN_POINT('',(21.002765945836,3.042540420089E-03));
#4384 = CARTESIAN_POINT('',(21.008301436372,9.126530707069E-03));
#4385 = CARTESIAN_POINT('',(21.016615480126,1.824923556558E-02));
#4386 = CARTESIAN_POINT('',(21.024940343196,2.736865094576E-02));
#4387 = CARTESIAN_POINT('',(21.033276036917,3.648476792022E-02));
#4388 = CARTESIAN_POINT('',(21.041622572603,4.559757754772E-02));
#4389 = CARTESIAN_POINT('',(21.049979961542,5.470707087132E-02));
#4390 = CARTESIAN_POINT('',(21.058348215001,6.381323891883E-02));
#4391 = CARTESIAN_POINT('',(21.066727344223,7.291607270272E-02));
#4392 = CARTESIAN_POINT('',(21.075117360427,8.201556322011E-02));
#4393 = CARTESIAN_POINT('',(21.083518274805,9.111170145281E-02));
#4394 = CARTESIAN_POINT('',(21.091930098528,0.100204478367));
#4395 = CARTESIAN_POINT('',(21.100352842739,0.109293884915));
#4396 = CARTESIAN_POINT('',(21.108786518557,0.118379912031));
#4397 = CARTESIAN_POINT('',(21.117231137076,0.127462550636));
#4398 = CARTESIAN_POINT('',(21.125686709363,0.136541791636));
#4399 = CARTESIAN_POINT('',(21.134153246459,0.145617625919));
#4400 = CARTESIAN_POINT('',(21.142630759378,0.154690044362));
#4401 = CARTESIAN_POINT('',(21.15111925911,0.163759037822));
#4402 = CARTESIAN_POINT('',(21.159618756614,0.172824597144));
#4403 = CARTESIAN_POINT('',(21.168129262825,0.181886713155));
#4404 = CARTESIAN_POINT('',(21.17665078865,0.190945376671));
#4405 = CARTESIAN_POINT('',(21.182339159522,0.19698217788));
#4406 = CARTESIAN_POINT('',(21.185185185185,0.2));
#4407 = ( GEOMETRIC_REPRESENTATION_CONTEXT(2) 
PARAMETRIC_REPRESENTATION_CONTEXT() REPRESENTATION_CONTEXT('2D SPACE',''
  ) );
#4408 = ORIENTED_EDGE('',*,*,#4058,.F.);
#4409 = ADVANCED_FACE('',(#4410),#279,.T.);
#4410 = FACE_BOUND('',#4411,.T.);
#4411 = EDGE_LOOP('',(#4412,#4413,#4436,#4458));
#4412 = ORIENTED_EDGE('',*,*,#262,.T.);
#4413 = ORIENTED_EDGE('',*,*,#4414,.T.);
#4414 = EDGE_CURVE('',#240,#4415,#4417,.T.);
#4415 = VERTEX_POINT('',#4416);
#4416 = CARTESIAN_POINT('',(-22.75,-11.2,3.6));
#4417 = SURFACE_CURVE('',#4418,(#4422,#4429),.PCURVE_S1.);
#4418 = LINE('',#4419,#4420);
#4419 = CARTESIAN_POINT('',(-26.2,-11.2,3.6));
#4420 = VECTOR('',#4421,1.);
#4421 = DIRECTION('',(1.,6.661338147751E-16,2.22044604925E-16));
#4422 = PCURVE('',#279,#4423);
#4423 = DEFINITIONAL_REPRESENTATION('',(#4424),#4428);
#4424 = LINE('',#4425,#4426);
#4425 = CARTESIAN_POINT('',(4.712388980385,0.));
#4426 = VECTOR('',#4427,1.);
#4427 = DIRECTION('',(0.,-1.));
#4428 = ( GEOMETRIC_REPRESENTATION_CONTEXT(2) 
PARAMETRIC_REPRESENTATION_CONTEXT() REPRESENTATION_CONTEXT('2D SPACE',''
  ) );
#4429 = PCURVE('',#132,#4430);
#4430 = DEFINITIONAL_REPRESENTATION('',(#4431),#4435);
#4431 = LINE('',#4432,#4433);
#4432 = CARTESIAN_POINT('',(0.23392857143,-9.25));
#4433 = VECTOR('',#4434,1.);
#4434 = DIRECTION('',(-1.,-6.661338147751E-16));
#4435 = ( GEOMETRIC_REPRESENTATION_CONTEXT(2) 
PARAMETRIC_REPRESENTATION_CONTEXT() REPRESENTATION_CONTEXT('2D SPACE',''
  ) );
#4436 = ORIENTED_EDGE('',*,*,#4437,.F.);
#4437 = EDGE_CURVE('',#4340,#4415,#4438,.T.);
#4438 = SURFACE_CURVE('',#4439,(#4444,#4451),.PCURVE_S1.);
#4439 = CIRCLE('',#4440,0.75);
#4440 = AXIS2_PLACEMENT_3D('',#4441,#4442,#4443);
#4441 = CARTESIAN_POINT('',(-22.75,-11.2,2.85));
#4442 = DIRECTION('',(1.,-4.440892098501E-16,-8.881784197001E-16));
#4443 = DIRECTION('',(4.440892098501E-16,1.,-8.881784197001E-16));
#4444 = PCURVE('',#279,#4445);
#4445 = DEFINITIONAL_REPRESENTATION('',(#4446),#4450);
#4446 = LINE('',#4447,#4448);
#4447 = CARTESIAN_POINT('',(6.28318530718,-3.45));
#4448 = VECTOR('',#4449,1.);
#4449 = DIRECTION('',(-1.,0.));
#4450 = ( GEOMETRIC_REPRESENTATION_CONTEXT(2) 
PARAMETRIC_REPRESENTATION_CONTEXT() REPRESENTATION_CONTEXT('2D SPACE',''
  ) );
#4451 = PCURVE('',#3736,#4452);
#4452 = DEFINITIONAL_REPRESENTATION('',(#4453),#4457);
#4453 = CIRCLE('',#4454,0.75);
#4454 = AXIS2_PLACEMENT_2D('',#4455,#4456);
#4455 = CARTESIAN_POINT('',(1.724167048043,-9.25));
#4456 = DIRECTION('',(-1.33226762955E-15,-1.));
#4457 = ( GEOMETRIC_REPRESENTATION_CONTEXT(2) 
PARAMETRIC_REPRESENTATION_CONTEXT() REPRESENTATION_CONTEXT('2D SPACE',''
  ) );
#4458 = ORIENTED_EDGE('',*,*,#4339,.F.);
#4459 = ADVANCED_FACE('',(#4460),#1414,.T.);
#4460 = FACE_BOUND('',#4461,.T.);
#4461 = EDGE_LOOP('',(#4462,#4483,#4484,#4485));
#4462 = ORIENTED_EDGE('',*,*,#4463,.F.);
#4463 = EDGE_CURVE('',#1495,#1545,#4464,.T.);
#4464 = SURFACE_CURVE('',#4465,(#4469,#4476),.PCURVE_S1.);
#4465 = LINE('',#4466,#4467);
#4466 = CARTESIAN_POINT('',(-27.6,-33.85,2.1));
#4467 = VECTOR('',#4468,1.);
#4468 = DIRECTION('',(-0.707106781187,0.707106781187,-1.570092458683E-16
    ));
#4469 = PCURVE('',#1414,#4470);
#4470 = DEFINITIONAL_REPRESENTATION('',(#4471),#4475);
#4471 = LINE('',#4472,#4473);
#4472 = CARTESIAN_POINT('',(6.28318530718,-0.1));
#4473 = VECTOR('',#4474,1.);
#4474 = DIRECTION('',(0.,-1.));
#4475 = ( GEOMETRIC_REPRESENTATION_CONTEXT(2) 
PARAMETRIC_REPRESENTATION_CONTEXT() REPRESENTATION_CONTEXT('2D SPACE',''
  ) );
#4476 = PCURVE('',#1588,#4477);
#4477 = DEFINITIONAL_REPRESENTATION('',(#4478),#4482);
#4478 = LINE('',#4479,#4480);
#4479 = CARTESIAN_POINT('',(-2.1,1.648597081618E-15));
#4480 = VECTOR('',#4481,1.);
#4481 = DIRECTION('',(9.420554752101E-16,1.));
#4482 = ( GEOMETRIC_REPRESENTATION_CONTEXT(2) 
PARAMETRIC_REPRESENTATION_CONTEXT() REPRESENTATION_CONTEXT('2D SPACE',''
  ) );
#4483 = ORIENTED_EDGE('',*,*,#1494,.T.);
#4484 = ORIENTED_EDGE('',*,*,#1396,.T.);
#4485 = ORIENTED_EDGE('',*,*,#1544,.F.);
#4486 = ADVANCED_FACE('',(#4487),#3736,.T.);
#4487 = FACE_BOUND('',#4488,.T.);
#4488 = EDGE_LOOP('',(#4489,#4510,#4511,#4532));
#4489 = ORIENTED_EDGE('',*,*,#4490,.F.);
#4490 = EDGE_CURVE('',#3720,#4415,#4491,.T.);
#4491 = SURFACE_CURVE('',#4492,(#4496,#4503),.PCURVE_S1.);
#4492 = LINE('',#4493,#4494);
#4493 = CARTESIAN_POINT('',(-22.75,-14.7,3.6));
#4494 = VECTOR('',#4495,1.);
#4495 = DIRECTION('',(4.440892098501E-16,1.,-8.881784197001E-16));
#4496 = PCURVE('',#3736,#4497);
#4497 = DEFINITIONAL_REPRESENTATION('',(#4498),#4502);
#4498 = LINE('',#4499,#4500);
#4499 = CARTESIAN_POINT('',(2.474167048043,-5.75));
#4500 = VECTOR('',#4501,1.);
#4501 = DIRECTION('',(-1.33226762955E-15,-1.));
#4502 = ( GEOMETRIC_REPRESENTATION_CONTEXT(2) 
PARAMETRIC_REPRESENTATION_CONTEXT() REPRESENTATION_CONTEXT('2D SPACE',''
  ) );
#4503 = PCURVE('',#132,#4504);
#4504 = DEFINITIONAL_REPRESENTATION('',(#4505),#4509);
#4505 = LINE('',#4506,#4507);
#4506 = CARTESIAN_POINT('',(-3.21607142857,-5.75));
#4507 = VECTOR('',#4508,1.);
#4508 = DIRECTION('',(-4.440892098501E-16,-1.));
#4509 = ( GEOMETRIC_REPRESENTATION_CONTEXT(2) 
PARAMETRIC_REPRESENTATION_CONTEXT() REPRESENTATION_CONTEXT('2D SPACE',''
  ) );
#4510 = ORIENTED_EDGE('',*,*,#3719,.T.);
#4511 = ORIENTED_EDGE('',*,*,#4512,.T.);
#4512 = EDGE_CURVE('',#3697,#4340,#4513,.T.);
#4513 = SURFACE_CURVE('',#4514,(#4518,#4525),.PCURVE_S1.);
#4514 = LINE('',#4515,#4516);
#4515 = CARTESIAN_POINT('',(-22.75,-31.45,2.85));
#4516 = VECTOR('',#4517,1.);
#4517 = DIRECTION('',(2.22044604925E-16,1.,-4.440892098501E-16));
#4518 = PCURVE('',#3736,#4519);
#4519 = DEFINITIONAL_REPRESENTATION('',(#4520),#4524);
#4520 = LINE('',#4521,#4522);
#4521 = CARTESIAN_POINT('',(1.724167048043,11.));
#4522 = VECTOR('',#4523,1.);
#4523 = DIRECTION('',(-8.881784197002E-16,-1.));
#4524 = ( GEOMETRIC_REPRESENTATION_CONTEXT(2) 
PARAMETRIC_REPRESENTATION_CONTEXT() REPRESENTATION_CONTEXT('2D SPACE',''
  ) );
#4525 = PCURVE('',#3814,#4526);
#4526 = DEFINITIONAL_REPRESENTATION('',(#4527),#4531);
#4527 = LINE('',#4528,#4529);
#4528 = CARTESIAN_POINT('',(0.,1.173448709331E-16));
#4529 = VECTOR('',#4530,1.);
#4530 = DIRECTION('',(1.,1.036882480292E-16));
#4531 = ( GEOMETRIC_REPRESENTATION_CONTEXT(2) 
PARAMETRIC_REPRESENTATION_CONTEXT() REPRESENTATION_CONTEXT('2D SPACE',''
  ) );
#4532 = ORIENTED_EDGE('',*,*,#4437,.T.);
#4533 = ADVANCED_FACE('',(#4534),#3014,.T.);
#4534 = FACE_BOUND('',#4535,.T.);
#4535 = EDGE_LOOP('',(#4536,#4557,#4558,#4579));
#4536 = ORIENTED_EDGE('',*,*,#4537,.F.);
#4537 = EDGE_CURVE('',#2998,#3647,#4538,.T.);
#4538 = SURFACE_CURVE('',#4539,(#4543,#4550),.PCURVE_S1.);
#4539 = LINE('',#4540,#4541);
#4540 = CARTESIAN_POINT('',(-22.75,-29.7,3.6));
#4541 = VECTOR('',#4542,1.);
#4542 = DIRECTION('',(4.440892098501E-16,1.,-8.881784197001E-16));
#4543 = PCURVE('',#3014,#4544);
#4544 = DEFINITIONAL_REPRESENTATION('',(#4545),#4549);
#4545 = LINE('',#4546,#4547);
#4546 = CARTESIAN_POINT('',(2.474167048043,9.25));
#4547 = VECTOR('',#4548,1.);
#4548 = DIRECTION('',(-1.33226762955E-15,-1.));
#4549 = ( GEOMETRIC_REPRESENTATION_CONTEXT(2) 
PARAMETRIC_REPRESENTATION_CONTEXT() REPRESENTATION_CONTEXT('2D SPACE',''
  ) );
#4550 = PCURVE('',#132,#4551);
#4551 = DEFINITIONAL_REPRESENTATION('',(#4552),#4556);
#4552 = LINE('',#4553,#4554);
#4553 = CARTESIAN_POINT('',(-3.21607142857,9.25));
#4554 = VECTOR('',#4555,1.);
#4555 = DIRECTION('',(-4.440892098501E-16,-1.));
#4556 = ( GEOMETRIC_REPRESENTATION_CONTEXT(2) 
PARAMETRIC_REPRESENTATION_CONTEXT() REPRESENTATION_CONTEXT('2D SPACE',''
  ) );
#4557 = ORIENTED_EDGE('',*,*,#2997,.T.);
#4558 = ORIENTED_EDGE('',*,*,#4559,.T.);
#4559 = EDGE_CURVE('',#2975,#3572,#4560,.T.);
#4560 = SURFACE_CURVE('',#4561,(#4565,#4572),.PCURVE_S1.);
#4561 = LINE('',#4562,#4563);
#4562 = CARTESIAN_POINT('',(-22.75,-31.45,2.85));
#4563 = VECTOR('',#4564,1.);
#4564 = DIRECTION('',(2.22044604925E-16,1.,-4.440892098501E-16));
#4565 = PCURVE('',#3014,#4566);
#4566 = DEFINITIONAL_REPRESENTATION('',(#4567),#4571);
#4567 = LINE('',#4568,#4569);
#4568 = CARTESIAN_POINT('',(1.724167048043,11.));
#4569 = VECTOR('',#4570,1.);
#4570 = DIRECTION('',(-8.881784197002E-16,-1.));
#4571 = ( GEOMETRIC_REPRESENTATION_CONTEXT(2) 
PARAMETRIC_REPRESENTATION_CONTEXT() REPRESENTATION_CONTEXT('2D SPACE',''
  ) );
#4572 = PCURVE('',#3092,#4573);
#4573 = DEFINITIONAL_REPRESENTATION('',(#4574),#4578);
#4574 = LINE('',#4575,#4576);
#4575 = CARTESIAN_POINT('',(-7.771561172376E-16,-1.481021600765E-16));
#4576 = VECTOR('',#4577,1.);
#4577 = DIRECTION('',(1.,3.701467650015E-16));
#4578 = ( GEOMETRIC_REPRESENTATION_CONTEXT(2) 
PARAMETRIC_REPRESENTATION_CONTEXT() REPRESENTATION_CONTEXT('2D SPACE',''
  ) );
#4579 = ORIENTED_EDGE('',*,*,#3669,.T.);
#4580 = ADVANCED_FACE('',(#4581),#1682,.T.);
#4581 = FACE_BOUND('',#4582,.T.);
#4582 = EDGE_LOOP('',(#4583,#4584,#4608,#4629));
#4583 = ORIENTED_EDGE('',*,*,#1742,.F.);
#4584 = ORIENTED_EDGE('',*,*,#4585,.T.);
#4585 = EDGE_CURVE('',#1720,#4586,#4588,.T.);
#4586 = VERTEX_POINT('',#4587);
#4587 = CARTESIAN_POINT('',(-27.5,-8.45,-1.5));
#4588 = SURFACE_CURVE('',#4589,(#4594,#4601),.PCURVE_S1.);
#4589 = CIRCLE('',#4590,1.5);
#4590 = AXIS2_PLACEMENT_3D('',#4591,#4592,#4593);
#4591 = CARTESIAN_POINT('',(-27.5,-8.45,-8.981704269218E-15));
#4592 = DIRECTION('',(-1.,2.22044604925E-16,8.881784197001E-16));
#4593 = DIRECTION('',(2.22044604925E-16,1.,1.898821519315E-15));
#4594 = PCURVE('',#1682,#4595);
#4595 = DEFINITIONAL_REPRESENTATION('',(#4596),#4600);
#4596 = LINE('',#4597,#4598);
#4597 = CARTESIAN_POINT('',(6.28318530718,0.));
#4598 = VECTOR('',#4599,1.);
#4599 = DIRECTION('',(-1.,-7.067899292141E-17));
#4600 = ( GEOMETRIC_REPRESENTATION_CONTEXT(2) 
PARAMETRIC_REPRESENTATION_CONTEXT() REPRESENTATION_CONTEXT('2D SPACE',''
  ) );
#4601 = PCURVE('',#1217,#4602);
#4602 = DEFINITIONAL_REPRESENTATION('',(#4603),#4607);
#4603 = LINE('',#4604,#4605);
#4604 = CARTESIAN_POINT('',(3.14159265359,-1.3));
#4605 = VECTOR('',#4606,1.);
#4606 = DIRECTION('',(-1.,0.));
#4607 = ( GEOMETRIC_REPRESENTATION_CONTEXT(2) 
PARAMETRIC_REPRESENTATION_CONTEXT() REPRESENTATION_CONTEXT('2D SPACE',''
  ) );
#4608 = ORIENTED_EDGE('',*,*,#4609,.T.);
#4609 = EDGE_CURVE('',#4586,#1634,#4610,.T.);
#4610 = SURFACE_CURVE('',#4611,(#4615,#4622),.PCURVE_S1.);
#4611 = LINE('',#4612,#4613);
#4612 = CARTESIAN_POINT('',(-27.5,-8.45,-1.5));
#4613 = VECTOR('',#4614,1.);
#4614 = DIRECTION('',(-0.707106781187,-2.799050588196E-15,0.707106781187
    ));
#4615 = PCURVE('',#1682,#4616);
#4616 = DEFINITIONAL_REPRESENTATION('',(#4617),#4621);
#4617 = LINE('',#4618,#4619);
#4618 = CARTESIAN_POINT('',(4.712388980385,-4.551914400963E-15));
#4619 = VECTOR('',#4620,1.);
#4620 = DIRECTION('',(4.440892098499E-15,-1.));
#4621 = ( GEOMETRIC_REPRESENTATION_CONTEXT(2) 
PARAMETRIC_REPRESENTATION_CONTEXT() REPRESENTATION_CONTEXT('2D SPACE',''
  ) );
#4622 = PCURVE('',#1649,#4623);
#4623 = DEFINITIONAL_REPRESENTATION('',(#4624),#4628);
#4624 = LINE('',#4625,#4626);
#4625 = CARTESIAN_POINT('',(1.110223024625E-16,-0.141421356237));
#4626 = VECTOR('',#4627,1.);
#4627 = DIRECTION('',(-3.584096817538E-15,1.));
#4628 = ( GEOMETRIC_REPRESENTATION_CONTEXT(2) 
PARAMETRIC_REPRESENTATION_CONTEXT() REPRESENTATION_CONTEXT('2D SPACE',''
  ) );
#4629 = ORIENTED_EDGE('',*,*,#1661,.F.);
#4630 = ADVANCED_FACE('',(#4631),#1588,.F.);
#4631 = FACE_BOUND('',#4632,.T.);
#4632 = EDGE_LOOP('',(#4633,#4656,#4677,#4678));
#4633 = ORIENTED_EDGE('',*,*,#4634,.F.);
#4634 = EDGE_CURVE('',#4635,#1573,#4637,.T.);
#4635 = VERTEX_POINT('',#4636);
#4636 = CARTESIAN_POINT('',(-27.5,-33.95,2.13162820728E-14));
#4637 = SURFACE_CURVE('',#4638,(#4642,#4649),.PCURVE_S1.);
#4638 = LINE('',#4639,#4640);
#4639 = CARTESIAN_POINT('',(-27.5,-33.95,2.223473651528E-14));
#4640 = VECTOR('',#4641,1.);
#4641 = DIRECTION('',(-0.707106781187,0.707106781187,5.143255404166E-16)
  );
#4642 = PCURVE('',#1588,#4643);
#4643 = DEFINITIONAL_REPRESENTATION('',(#4644),#4648);
#4644 = LINE('',#4645,#4646);
#4645 = CARTESIAN_POINT('',(-4.482270351523E-15,-0.141421356237));
#4646 = VECTOR('',#4647,1.);
#4647 = DIRECTION('',(2.707206889253E-16,1.));
#4648 = ( GEOMETRIC_REPRESENTATION_CONTEXT(2) 
PARAMETRIC_REPRESENTATION_CONTEXT() REPRESENTATION_CONTEXT('2D SPACE',''
  ) );
#4649 = PCURVE('',#1621,#4650);
#4650 = DEFINITIONAL_REPRESENTATION('',(#4651),#4655);
#4651 = LINE('',#4652,#4653);
#4652 = CARTESIAN_POINT('',(4.712388980385,-3.340263380617E-31));
#4653 = VECTOR('',#4654,1.);
#4654 = DIRECTION('',(0.,-1.));
#4655 = ( GEOMETRIC_REPRESENTATION_CONTEXT(2) 
PARAMETRIC_REPRESENTATION_CONTEXT() REPRESENTATION_CONTEXT('2D SPACE',''
  ) );
#4656 = ORIENTED_EDGE('',*,*,#4657,.T.);
#4657 = EDGE_CURVE('',#4635,#1495,#4658,.T.);
#4658 = SURFACE_CURVE('',#4659,(#4663,#4670),.PCURVE_S1.);
#4659 = LINE('',#4660,#4661);
#4660 = CARTESIAN_POINT('',(-27.5,-33.95,1.788569292671E-14));
#4661 = VECTOR('',#4662,1.);
#4662 = DIRECTION('',(8.881784197001E-16,-2.22044604925E-16,1.));
#4663 = PCURVE('',#1588,#4664);
#4664 = DEFINITIONAL_REPRESENTATION('',(#4665),#4669);
#4665 = LINE('',#4666,#4667);
#4666 = CARTESIAN_POINT('',(-1.332267629525E-16,-0.141421356237));
#4667 = VECTOR('',#4668,1.);
#4668 = DIRECTION('',(-1.,0.));
#4669 = ( GEOMETRIC_REPRESENTATION_CONTEXT(2) 
PARAMETRIC_REPRESENTATION_CONTEXT() REPRESENTATION_CONTEXT('2D SPACE',''
  ) );
#4670 = PCURVE('',#757,#4671);
#4671 = DEFINITIONAL_REPRESENTATION('',(#4672),#4676);
#4672 = LINE('',#4673,#4674);
#4673 = CARTESIAN_POINT('',(2.02244525548,0.697445255474));
#4674 = VECTOR('',#4675,1.);
#4675 = DIRECTION('',(-8.881784197001E-16,-1.));
#4676 = ( GEOMETRIC_REPRESENTATION_CONTEXT(2) 
PARAMETRIC_REPRESENTATION_CONTEXT() REPRESENTATION_CONTEXT('2D SPACE',''
  ) );
#4677 = ORIENTED_EDGE('',*,*,#4463,.T.);
#4678 = ORIENTED_EDGE('',*,*,#1572,.F.);
#4679 = ADVANCED_FACE('',(#4680),#1649,.F.);
#4680 = FACE_BOUND('',#4681,.T.);
#4681 = EDGE_LOOP('',(#4682,#4683,#4706,#4727));
#4682 = ORIENTED_EDGE('',*,*,#4609,.F.);
#4683 = ORIENTED_EDGE('',*,*,#4684,.T.);
#4684 = EDGE_CURVE('',#4586,#4685,#4687,.T.);
#4685 = VERTEX_POINT('',#4686);
#4686 = CARTESIAN_POINT('',(-27.5,-32.45,-1.5));
#4687 = SURFACE_CURVE('',#4688,(#4692,#4699),.PCURVE_S1.);
#4688 = LINE('',#4689,#4690);
#4689 = CARTESIAN_POINT('',(-27.5,-8.45,-1.5));
#4690 = VECTOR('',#4691,1.);
#4691 = DIRECTION('',(-2.22044604925E-16,-1.,8.881784197001E-16));
#4692 = PCURVE('',#1649,#4693);
#4693 = DEFINITIONAL_REPRESENTATION('',(#4694),#4698);
#4694 = LINE('',#4695,#4696);
#4695 = CARTESIAN_POINT('',(1.110223024625E-16,-0.141421356237));
#4696 = VECTOR('',#4697,1.);
#4697 = DIRECTION('',(-1.,1.349082391612E-32));
#4698 = ( GEOMETRIC_REPRESENTATION_CONTEXT(2) 
PARAMETRIC_REPRESENTATION_CONTEXT() REPRESENTATION_CONTEXT('2D SPACE',''
  ) );
#4699 = PCURVE('',#961,#4700);
#4700 = DEFINITIONAL_REPRESENTATION('',(#4701),#4705);
#4701 = LINE('',#4702,#4703);
#4702 = CARTESIAN_POINT('',(-1.145,-12.));
#4703 = VECTOR('',#4704,1.);
#4704 = DIRECTION('',(-2.22044604925E-16,1.));
#4705 = ( GEOMETRIC_REPRESENTATION_CONTEXT(2) 
PARAMETRIC_REPRESENTATION_CONTEXT() REPRESENTATION_CONTEXT('2D SPACE',''
  ) );
#4706 = ORIENTED_EDGE('',*,*,#4707,.T.);
#4707 = EDGE_CURVE('',#4685,#1601,#4708,.T.);
#4708 = SURFACE_CURVE('',#4709,(#4713,#4720),.PCURVE_S1.);
#4709 = LINE('',#4710,#4711);
#4710 = CARTESIAN_POINT('',(-27.6,-32.45,-1.4));
#4711 = VECTOR('',#4712,1.);
#4712 = DIRECTION('',(-0.707106781187,-1.570092458683E-16,0.707106781187
    ));
#4713 = PCURVE('',#1649,#4714);
#4714 = DEFINITIONAL_REPRESENTATION('',(#4715),#4719);
#4715 = LINE('',#4716,#4717);
#4716 = CARTESIAN_POINT('',(-24.,-1.88411095042E-14));
#4717 = VECTOR('',#4718,1.);
#4718 = DIRECTION('',(-9.420554752101E-16,1.));
#4719 = ( GEOMETRIC_REPRESENTATION_CONTEXT(2) 
PARAMETRIC_REPRESENTATION_CONTEXT() REPRESENTATION_CONTEXT('2D SPACE',''
  ) );
#4720 = PCURVE('',#1621,#4721);
#4721 = DEFINITIONAL_REPRESENTATION('',(#4722),#4726);
#4722 = LINE('',#4723,#4724);
#4723 = CARTESIAN_POINT('',(6.28318530718,-0.1));
#4724 = VECTOR('',#4725,1.);
#4725 = DIRECTION('',(0.,-1.));
#4726 = ( GEOMETRIC_REPRESENTATION_CONTEXT(2) 
PARAMETRIC_REPRESENTATION_CONTEXT() REPRESENTATION_CONTEXT('2D SPACE',''
  ) );
#4727 = ORIENTED_EDGE('',*,*,#1633,.F.);
#4728 = ADVANCED_FACE('',(#4729),#1621,.T.);
#4729 = FACE_BOUND('',#4730,.T.);
#4730 = EDGE_LOOP('',(#4731,#4732,#4754,#4755));
#4731 = ORIENTED_EDGE('',*,*,#4707,.F.);
#4732 = ORIENTED_EDGE('',*,*,#4733,.T.);
#4733 = EDGE_CURVE('',#4685,#4635,#4734,.T.);
#4734 = SURFACE_CURVE('',#4735,(#4740,#4747),.PCURVE_S1.);
#4735 = CIRCLE('',#4736,1.5);
#4736 = AXIS2_PLACEMENT_3D('',#4737,#4738,#4739);
#4737 = CARTESIAN_POINT('',(-27.5,-32.45,2.299271883999E-14));
#4738 = DIRECTION('',(-1.,2.22044604925E-16,8.881784197001E-16));
#4739 = DIRECTION('',(-8.881784197001E-16,2.22044604925E-16,-1.));
#4740 = PCURVE('',#1621,#4741);
#4741 = DEFINITIONAL_REPRESENTATION('',(#4742),#4746);
#4742 = LINE('',#4743,#4744);
#4743 = CARTESIAN_POINT('',(6.28318530718,0.));
#4744 = VECTOR('',#4745,1.);
#4745 = DIRECTION('',(-1.,0.));
#4746 = ( GEOMETRIC_REPRESENTATION_CONTEXT(2) 
PARAMETRIC_REPRESENTATION_CONTEXT() REPRESENTATION_CONTEXT('2D SPACE',''
  ) );
#4747 = PCURVE('',#933,#4748);
#4748 = DEFINITIONAL_REPRESENTATION('',(#4749),#4753);
#4749 = LINE('',#4750,#4751);
#4750 = CARTESIAN_POINT('',(1.570796326795,-1.3));
#4751 = VECTOR('',#4752,1.);
#4752 = DIRECTION('',(-1.,0.));
#4753 = ( GEOMETRIC_REPRESENTATION_CONTEXT(2) 
PARAMETRIC_REPRESENTATION_CONTEXT() REPRESENTATION_CONTEXT('2D SPACE',''
  ) );
#4754 = ORIENTED_EDGE('',*,*,#4634,.T.);
#4755 = ORIENTED_EDGE('',*,*,#1600,.F.);
#4756 = ADVANCED_FACE('',(#4757),#1808,.T.);
#4757 = FACE_BOUND('',#4758,.T.);
#4758 = EDGE_LOOP('',(#4759,#4760,#4784,#4805,#4806,#4807,#4808));
#4759 = ORIENTED_EDGE('',*,*,#1967,.T.);
#4760 = ORIENTED_EDGE('',*,*,#4761,.T.);
#4761 = EDGE_CURVE('',#1945,#4762,#4764,.T.);
#4762 = VERTEX_POINT('',#4763);
#4763 = CARTESIAN_POINT('',(-22.75,-6.95,0.));
#4764 = SURFACE_CURVE('',#4765,(#4770,#4777),.PCURVE_S1.);
#4765 = CIRCLE('',#4766,1.5);
#4766 = AXIS2_PLACEMENT_3D('',#4767,#4768,#4769);
#4767 = CARTESIAN_POINT('',(-22.75,-8.45,-4.884981308351E-15));
#4768 = DIRECTION('',(1.,-4.440892098501E-16,-8.881784197001E-16));
#4769 = DIRECTION('',(4.440892098501E-16,1.,-8.881784197001E-16));
#4770 = PCURVE('',#1808,#4771);
#4771 = DEFINITIONAL_REPRESENTATION('',(#4772),#4776);
#4772 = CIRCLE('',#4773,1.5);
#4773 = AXIS2_PLACEMENT_2D('',#4774,#4775);
#4774 = CARTESIAN_POINT('',(-1.125832951957,-12.));
#4775 = DIRECTION('',(-1.33226762955E-15,-1.));
#4776 = ( GEOMETRIC_REPRESENTATION_CONTEXT(2) 
PARAMETRIC_REPRESENTATION_CONTEXT() REPRESENTATION_CONTEXT('2D SPACE',''
  ) );
#4777 = PCURVE('',#1217,#4778);
#4778 = DEFINITIONAL_REPRESENTATION('',(#4779),#4783);
#4779 = LINE('',#4780,#4781);
#4780 = CARTESIAN_POINT('',(-3.14159265359,3.45));
#4781 = VECTOR('',#4782,1.);
#4782 = DIRECTION('',(1.,0.));
#4783 = ( GEOMETRIC_REPRESENTATION_CONTEXT(2) 
PARAMETRIC_REPRESENTATION_CONTEXT() REPRESENTATION_CONTEXT('2D SPACE',''
  ) );
#4784 = ORIENTED_EDGE('',*,*,#4785,.T.);
#4785 = EDGE_CURVE('',#4762,#1792,#4786,.T.);
#4786 = SURFACE_CURVE('',#4787,(#4791,#4798),.PCURVE_S1.);
#4787 = LINE('',#4788,#4789);
#4788 = CARTESIAN_POINT('',(-22.75,-6.95,-6.661338147751E-15));
#4789 = VECTOR('',#4790,1.);
#4790 = DIRECTION('',(8.881784197001E-16,-4.440892098501E-16,1.));
#4791 = PCURVE('',#1808,#4792);
#4792 = DEFINITIONAL_REPRESENTATION('',(#4793),#4797);
#4793 = LINE('',#4794,#4795);
#4794 = CARTESIAN_POINT('',(-1.125832951957,-13.5));
#4795 = VECTOR('',#4796,1.);
#4796 = DIRECTION('',(1.,0.));
#4797 = ( GEOMETRIC_REPRESENTATION_CONTEXT(2) 
PARAMETRIC_REPRESENTATION_CONTEXT() REPRESENTATION_CONTEXT('2D SPACE',''
  ) );
#4798 = PCURVE('',#77,#4799);
#4799 = DEFINITIONAL_REPRESENTATION('',(#4800),#4804);
#4800 = LINE('',#4801,#4802);
#4801 = CARTESIAN_POINT('',(2.72755474452,0.697445255474));
#4802 = VECTOR('',#4803,1.);
#4803 = DIRECTION('',(8.881784197001E-16,-1.));
#4804 = ( GEOMETRIC_REPRESENTATION_CONTEXT(2) 
PARAMETRIC_REPRESENTATION_CONTEXT() REPRESENTATION_CONTEXT('2D SPACE',''
  ) );
#4805 = ORIENTED_EDGE('',*,*,#1791,.T.);
#4806 = ORIENTED_EDGE('',*,*,#1867,.F.);
#4807 = ORIENTED_EDGE('',*,*,#1917,.T.);
#4808 = ORIENTED_EDGE('',*,*,#4809,.F.);
#4809 = EDGE_CURVE('',#1968,#1895,#4810,.T.);
#4810 = SURFACE_CURVE('',#4811,(#4815,#4822),.PCURVE_S1.);
#4811 = LINE('',#4812,#4813);
#4812 = CARTESIAN_POINT('',(-22.75,-8.45,7.88860905221E-31));
#4813 = VECTOR('',#4814,1.);
#4814 = DIRECTION('',(4.440892098501E-16,8.326672684689E-16,1.));
#4815 = PCURVE('',#1808,#4816);
#4816 = DEFINITIONAL_REPRESENTATION('',(#4817),#4821);
#4817 = LINE('',#4818,#4819);
#4818 = CARTESIAN_POINT('',(-1.125832951957,-12.));
#4819 = VECTOR('',#4820,1.);
#4820 = DIRECTION('',(1.,-1.276756478319E-15));
#4821 = ( GEOMETRIC_REPRESENTATION_CONTEXT(2) 
PARAMETRIC_REPRESENTATION_CONTEXT() REPRESENTATION_CONTEXT('2D SPACE',''
  ) );
#4822 = PCURVE('',#1274,#4823);
#4823 = DEFINITIONAL_REPRESENTATION('',(#4824),#4828);
#4824 = LINE('',#4825,#4826);
#4825 = CARTESIAN_POINT('',(-1.725,-0.292261628933));
#4826 = VECTOR('',#4827,1.);
#4827 = DIRECTION('',(-4.440892098501E-16,-1.));
#4828 = ( GEOMETRIC_REPRESENTATION_CONTEXT(2) 
PARAMETRIC_REPRESENTATION_CONTEXT() REPRESENTATION_CONTEXT('2D SPACE',''
  ) );
#4829 = ADVANCED_FACE('',(#4830),#2056,.T.);
#4830 = FACE_BOUND('',#4831,.T.);
#4831 = EDGE_LOOP('',(#4832,#4853,#4854,#4875));
#4832 = ORIENTED_EDGE('',*,*,#4833,.T.);
#4833 = EDGE_CURVE('',#2017,#2602,#4834,.T.);
#4834 = SURFACE_CURVE('',#4835,(#4839,#4846),.PCURVE_S1.);
#4835 = LINE('',#4836,#4837);
#4836 = CARTESIAN_POINT('',(-22.75,-9.45,-0.75));
#4837 = VECTOR('',#4838,1.);
#4838 = DIRECTION('',(-2.22044604925E-16,-1.,4.440892098501E-16));
#4839 = PCURVE('',#2056,#4840);
#4840 = DEFINITIONAL_REPRESENTATION('',(#4841),#4845);
#4841 = LINE('',#4842,#4843);
#4842 = CARTESIAN_POINT('',(-1.875832951957,-11.));
#4843 = VECTOR('',#4844,1.);
#4844 = DIRECTION('',(8.881784197002E-16,1.));
#4845 = ( GEOMETRIC_REPRESENTATION_CONTEXT(2) 
PARAMETRIC_REPRESENTATION_CONTEXT() REPRESENTATION_CONTEXT('2D SPACE',''
  ) );
#4846 = PCURVE('',#2134,#4847);
#4847 = DEFINITIONAL_REPRESENTATION('',(#4848),#4852);
#4848 = LINE('',#4849,#4850);
#4849 = CARTESIAN_POINT('',(0.,7.061869878755E-16));
#4850 = VECTOR('',#4851,1.);
#4851 = DIRECTION('',(1.,3.479469403985E-16));
#4852 = ( GEOMETRIC_REPRESENTATION_CONTEXT(2) 
PARAMETRIC_REPRESENTATION_CONTEXT() REPRESENTATION_CONTEXT('2D SPACE',''
  ) );
#4853 = ORIENTED_EDGE('',*,*,#2699,.T.);
#4854 = ORIENTED_EDGE('',*,*,#4855,.F.);
#4855 = EDGE_CURVE('',#2040,#2677,#4856,.T.);
#4856 = SURFACE_CURVE('',#4857,(#4861,#4868),.PCURVE_S1.);
#4857 = LINE('',#4858,#4859);
#4858 = CARTESIAN_POINT('',(-22.75,-18.7,-1.5));
#4859 = VECTOR('',#4860,1.);
#4860 = DIRECTION('',(-4.440892098501E-16,-1.,8.881784197001E-16));
#4861 = PCURVE('',#2056,#4862);
#4862 = DEFINITIONAL_REPRESENTATION('',(#4863),#4867);
#4863 = LINE('',#4864,#4865);
#4864 = CARTESIAN_POINT('',(-2.625832951957,-1.75));
#4865 = VECTOR('',#4866,1.);
#4866 = DIRECTION('',(1.33226762955E-15,1.));
#4867 = ( GEOMETRIC_REPRESENTATION_CONTEXT(2) 
PARAMETRIC_REPRESENTATION_CONTEXT() REPRESENTATION_CONTEXT('2D SPACE',''
  ) );
#4868 = PCURVE('',#961,#4869);
#4869 = DEFINITIONAL_REPRESENTATION('',(#4870),#4874);
#4870 = LINE('',#4871,#4872);
#4871 = CARTESIAN_POINT('',(3.605,-1.75));
#4872 = VECTOR('',#4873,1.);
#4873 = DIRECTION('',(-4.440892098501E-16,1.));
#4874 = ( GEOMETRIC_REPRESENTATION_CONTEXT(2) 
PARAMETRIC_REPRESENTATION_CONTEXT() REPRESENTATION_CONTEXT('2D SPACE',''
  ) );
#4875 = ORIENTED_EDGE('',*,*,#2039,.T.);
#4876 = ADVANCED_FACE('',(#4877),#2134,.F.);
#4877 = FACE_BOUND('',#4878,.F.);
#4878 = EDGE_LOOP('',(#4879,#4880,#4881,#4882,#4883,#4884));
#4879 = ORIENTED_EDGE('',*,*,#2116,.F.);
#4880 = ORIENTED_EDGE('',*,*,#4833,.T.);
#4881 = ORIENTED_EDGE('',*,*,#2624,.T.);
#4882 = ORIENTED_EDGE('',*,*,#2401,.F.);
#4883 = ORIENTED_EDGE('',*,*,#2356,.T.);
#4884 = ORIENTED_EDGE('',*,*,#2195,.F.);
#4885 = ADVANCED_FACE('',(#4886),#2766,.T.);
#4886 = FACE_BOUND('',#4887,.T.);
#4887 = EDGE_LOOP('',(#4888,#4889,#4890,#4891,#4914,#4936,#4937));
#4888 = ORIENTED_EDGE('',*,*,#2826,.T.);
#4889 = ORIENTED_EDGE('',*,*,#2875,.T.);
#4890 = ORIENTED_EDGE('',*,*,#2947,.T.);
#4891 = ORIENTED_EDGE('',*,*,#4892,.F.);
#4892 = EDGE_CURVE('',#4893,#2925,#4895,.T.);
#4893 = VERTEX_POINT('',#4894);
#4894 = CARTESIAN_POINT('',(-22.75,-33.95,1.06581410364E-14));
#4895 = SURFACE_CURVE('',#4896,(#4900,#4907),.PCURVE_S1.);
#4896 = LINE('',#4897,#4898);
#4897 = CARTESIAN_POINT('',(-22.75,-33.95,1.68753899743E-14));
#4898 = VECTOR('',#4899,1.);
#4899 = DIRECTION('',(8.881784197001E-16,-4.440892098501E-16,1.));
#4900 = PCURVE('',#2766,#4901);
#4901 = DEFINITIONAL_REPRESENTATION('',(#4902),#4906);
#4902 = LINE('',#4903,#4904);
#4903 = CARTESIAN_POINT('',(-1.125832951957,13.5));
#4904 = VECTOR('',#4905,1.);
#4905 = DIRECTION('',(1.,0.));
#4906 = ( GEOMETRIC_REPRESENTATION_CONTEXT(2) 
PARAMETRIC_REPRESENTATION_CONTEXT() REPRESENTATION_CONTEXT('2D SPACE',''
  ) );
#4907 = PCURVE('',#757,#4908);
#4908 = DEFINITIONAL_REPRESENTATION('',(#4909),#4913);
#4909 = LINE('',#4910,#4911);
#4910 = CARTESIAN_POINT('',(-2.72755474452,0.697445255474));
#4911 = VECTOR('',#4912,1.);
#4912 = DIRECTION('',(-8.881784197001E-16,-1.));
#4913 = ( GEOMETRIC_REPRESENTATION_CONTEXT(2) 
PARAMETRIC_REPRESENTATION_CONTEXT() REPRESENTATION_CONTEXT('2D SPACE',''
  ) );
#4914 = ORIENTED_EDGE('',*,*,#4915,.T.);
#4915 = EDGE_CURVE('',#4893,#2750,#4916,.T.);
#4916 = SURFACE_CURVE('',#4917,(#4922,#4929),.PCURVE_S1.);
#4917 = CIRCLE('',#4918,1.5);
#4918 = AXIS2_PLACEMENT_3D('',#4919,#4920,#4921);
#4919 = CARTESIAN_POINT('',(-22.75,-32.45,1.643130076445E-14));
#4920 = DIRECTION('',(1.,-4.440892098501E-16,-8.881784197001E-16));
#4921 = DIRECTION('',(4.440892098501E-16,1.,-8.881784197001E-16));
#4922 = PCURVE('',#2766,#4923);
#4923 = DEFINITIONAL_REPRESENTATION('',(#4924),#4928);
#4924 = CIRCLE('',#4925,1.5);
#4925 = AXIS2_PLACEMENT_2D('',#4926,#4927);
#4926 = CARTESIAN_POINT('',(-1.125832951957,12.));
#4927 = DIRECTION('',(-1.33226762955E-15,-1.));
#4928 = ( GEOMETRIC_REPRESENTATION_CONTEXT(2) 
PARAMETRIC_REPRESENTATION_CONTEXT() REPRESENTATION_CONTEXT('2D SPACE',''
  ) );
#4929 = PCURVE('',#933,#4930);
#4930 = DEFINITIONAL_REPRESENTATION('',(#4931),#4935);
#4931 = LINE('',#4932,#4933);
#4932 = CARTESIAN_POINT('',(-3.14159265359,3.45));
#4933 = VECTOR('',#4934,1.);
#4934 = DIRECTION('',(1.,0.));
#4935 = ( GEOMETRIC_REPRESENTATION_CONTEXT(2) 
PARAMETRIC_REPRESENTATION_CONTEXT() REPRESENTATION_CONTEXT('2D SPACE',''
  ) );
#4936 = ORIENTED_EDGE('',*,*,#2749,.T.);
#4937 = ORIENTED_EDGE('',*,*,#4938,.T.);
#4938 = EDGE_CURVE('',#2727,#2827,#4939,.T.);
#4939 = SURFACE_CURVE('',#4940,(#4944,#4951),.PCURVE_S1.);
#4940 = LINE('',#4941,#4942);
#4941 = CARTESIAN_POINT('',(-22.75,-32.45,-1.284523257867));
#4942 = VECTOR('',#4943,1.);
#4943 = DIRECTION('',(4.440892098501E-16,4.930380657631E-32,1.));
#4944 = PCURVE('',#2766,#4945);
#4945 = DEFINITIONAL_REPRESENTATION('',(#4946),#4950);
#4946 = LINE('',#4947,#4948);
#4947 = CARTESIAN_POINT('',(-2.410356209824,12.));
#4948 = VECTOR('',#4949,1.);
#4949 = DIRECTION('',(1.,-4.440892098501E-16));
#4950 = ( GEOMETRIC_REPRESENTATION_CONTEXT(2) 
PARAMETRIC_REPRESENTATION_CONTEXT() REPRESENTATION_CONTEXT('2D SPACE',''
  ) );
#4951 = PCURVE('',#871,#4952);
#4952 = DEFINITIONAL_REPRESENTATION('',(#4953),#4957);
#4953 = LINE('',#4954,#4955);
#4954 = CARTESIAN_POINT('',(1.725,0.992261628934));
#4955 = VECTOR('',#4956,1.);
#4956 = DIRECTION('',(4.440892098501E-16,-1.));
#4957 = ( GEOMETRIC_REPRESENTATION_CONTEXT(2) 
PARAMETRIC_REPRESENTATION_CONTEXT() REPRESENTATION_CONTEXT('2D SPACE',''
  ) );
#4958 = ADVANCED_FACE('',(#4959),#3092,.F.);
#4959 = FACE_BOUND('',#4960,.F.);
#4960 = EDGE_LOOP('',(#4961,#4962,#4963,#4964,#4965,#4966));
#4961 = ORIENTED_EDGE('',*,*,#3074,.F.);
#4962 = ORIENTED_EDGE('',*,*,#4559,.T.);
#4963 = ORIENTED_EDGE('',*,*,#3594,.T.);
#4964 = ORIENTED_EDGE('',*,*,#3365,.F.);
#4965 = ORIENTED_EDGE('',*,*,#3320,.T.);
#4966 = ORIENTED_EDGE('',*,*,#3153,.F.);
#4967 = ADVANCED_FACE('',(#4968),#3814,.F.);
#4968 = FACE_BOUND('',#4969,.F.);
#4969 = EDGE_LOOP('',(#4970,#4971,#4972,#4973,#4974,#4975));
#4970 = ORIENTED_EDGE('',*,*,#3796,.F.);
#4971 = ORIENTED_EDGE('',*,*,#4512,.T.);
#4972 = ORIENTED_EDGE('',*,*,#4362,.T.);
#4973 = ORIENTED_EDGE('',*,*,#4081,.F.);
#4974 = ORIENTED_EDGE('',*,*,#4036,.T.);
#4975 = ORIENTED_EDGE('',*,*,#3875,.F.);
#4976 = ADVANCED_FACE('',(#4977),#132,.T.);
#4977 = FACE_BOUND('',#4978,.T.);
#4978 = EDGE_LOOP('',(#4979,#4980,#4981,#4982,#4983,#4984,#4985,#4986,
    #4987,#4988,#4989,#4990));
#4979 = ORIENTED_EDGE('',*,*,#118,.T.);
#4980 = ORIENTED_EDGE('',*,*,#1426,.F.);
#4981 = ORIENTED_EDGE('',*,*,#1473,.F.);
#4982 = ORIENTED_EDGE('',*,*,#685,.F.);
#4983 = ORIENTED_EDGE('',*,*,#3026,.T.);
#4984 = ORIENTED_EDGE('',*,*,#4537,.T.);
#4985 = ORIENTED_EDGE('',*,*,#3646,.F.);
#4986 = ORIENTED_EDGE('',*,*,#462,.F.);
#4987 = ORIENTED_EDGE('',*,*,#3748,.T.);
#4988 = ORIENTED_EDGE('',*,*,#4490,.T.);
#4989 = ORIENTED_EDGE('',*,*,#4414,.F.);
#4990 = ORIENTED_EDGE('',*,*,#239,.F.);
#4991 = ADVANCED_FACE('',(#4992),#77,.T.);
#4992 = FACE_BOUND('',#4993,.T.);
#4993 = EDGE_LOOP('',(#4994,#4995,#4996,#4997,#4998,#4999));
#4994 = ORIENTED_EDGE('',*,*,#1719,.F.);
#4995 = ORIENTED_EDGE('',*,*,#61,.F.);
#4996 = ORIENTED_EDGE('',*,*,#1372,.F.);
#4997 = ORIENTED_EDGE('',*,*,#1820,.T.);
#4998 = ORIENTED_EDGE('',*,*,#4785,.F.);
#4999 = ORIENTED_EDGE('',*,*,#5000,.F.);
#5000 = EDGE_CURVE('',#1720,#4762,#5001,.T.);
#5001 = SURFACE_CURVE('',#5002,(#5006,#5013),.PCURVE_S1.);
#5002 = LINE('',#5003,#5004);
#5003 = CARTESIAN_POINT('',(-26.2,-6.95,-1.049830835248E-15));
#5004 = VECTOR('',#5005,1.);
#5005 = DIRECTION('',(1.,4.440892098501E-16,-4.930380657631E-32));
#5006 = PCURVE('',#77,#5007);
#5007 = DEFINITIONAL_REPRESENTATION('',(#5008),#5012);
#5008 = LINE('',#5009,#5010);
#5009 = CARTESIAN_POINT('',(-0.72244525548,0.697445255474));
#5010 = VECTOR('',#5011,1.);
#5011 = DIRECTION('',(1.,6.567801940431E-32));
#5012 = ( GEOMETRIC_REPRESENTATION_CONTEXT(2) 
PARAMETRIC_REPRESENTATION_CONTEXT() REPRESENTATION_CONTEXT('2D SPACE',''
  ) );
#5013 = PCURVE('',#1217,#5014);
#5014 = DEFINITIONAL_REPRESENTATION('',(#5015),#5019);
#5015 = LINE('',#5016,#5017);
#5016 = CARTESIAN_POINT('',(3.14159265359,0.));
#5017 = VECTOR('',#5018,1.);
#5018 = DIRECTION('',(9.349246523159E-17,1.));
#5019 = ( GEOMETRIC_REPRESENTATION_CONTEXT(2) 
PARAMETRIC_REPRESENTATION_CONTEXT() REPRESENTATION_CONTEXT('2D SPACE',''
  ) );
#5020 = ADVANCED_FACE('',(#5021),#1274,.T.);
#5021 = FACE_BOUND('',#5022,.T.);
#5022 = EDGE_LOOP('',(#5023,#5024,#5025,#5026));
#5023 = ORIENTED_EDGE('',*,*,#1894,.F.);
#5024 = ORIENTED_EDGE('',*,*,#1258,.F.);
#5025 = ORIENTED_EDGE('',*,*,#1991,.T.);
#5026 = ORIENTED_EDGE('',*,*,#4809,.T.);
#5027 = ADVANCED_FACE('',(#5028),#961,.T.);
#5028 = FACE_BOUND('',#5029,.T.);
#5029 = EDGE_LOOP('',(#5030,#5051,#5052,#5073,#5074,#5075,#5076,#5077));
#5030 = ORIENTED_EDGE('',*,*,#5031,.T.);
#5031 = EDGE_CURVE('',#913,#4685,#5032,.T.);
#5032 = SURFACE_CURVE('',#5033,(#5037,#5044),.PCURVE_S1.);
#5033 = LINE('',#5034,#5035);
#5034 = CARTESIAN_POINT('',(-26.2,-32.45,-1.5));
#5035 = VECTOR('',#5036,1.);
#5036 = DIRECTION('',(-1.,-1.110223024625E-15,-4.440892098501E-16));
#5037 = PCURVE('',#961,#5038);
#5038 = DEFINITIONAL_REPRESENTATION('',(#5039),#5043);
#5039 = LINE('',#5040,#5041);
#5040 = CARTESIAN_POINT('',(0.155,12.));
#5041 = VECTOR('',#5042,1.);
#5042 = DIRECTION('',(-1.,1.110223024625E-15));
#5043 = ( GEOMETRIC_REPRESENTATION_CONTEXT(2) 
PARAMETRIC_REPRESENTATION_CONTEXT() REPRESENTATION_CONTEXT('2D SPACE',''
  ) );
#5044 = PCURVE('',#933,#5045);
#5045 = DEFINITIONAL_REPRESENTATION('',(#5046),#5050);
#5046 = LINE('',#5047,#5048);
#5047 = CARTESIAN_POINT('',(1.570796326795,0.));
#5048 = VECTOR('',#5049,1.);
#5049 = DIRECTION('',(0.,-1.));
#5050 = ( GEOMETRIC_REPRESENTATION_CONTEXT(2) 
PARAMETRIC_REPRESENTATION_CONTEXT() REPRESENTATION_CONTEXT('2D SPACE',''
  ) );
#5051 = ORIENTED_EDGE('',*,*,#4684,.F.);
#5052 = ORIENTED_EDGE('',*,*,#5053,.F.);
#5053 = EDGE_CURVE('',#1174,#4586,#5054,.T.);
#5054 = SURFACE_CURVE('',#5055,(#5059,#5066),.PCURVE_S1.);
#5055 = LINE('',#5056,#5057);
#5056 = CARTESIAN_POINT('',(-26.2,-8.45,-1.5));
#5057 = VECTOR('',#5058,1.);
#5058 = DIRECTION('',(-1.,-1.110223024625E-15,-4.440892098501E-16));
#5059 = PCURVE('',#961,#5060);
#5060 = DEFINITIONAL_REPRESENTATION('',(#5061),#5065);
#5061 = LINE('',#5062,#5063);
#5062 = CARTESIAN_POINT('',(0.155,-12.));
#5063 = VECTOR('',#5064,1.);
#5064 = DIRECTION('',(-1.,1.110223024625E-15));
#5065 = ( GEOMETRIC_REPRESENTATION_CONTEXT(2) 
PARAMETRIC_REPRESENTATION_CONTEXT() REPRESENTATION_CONTEXT('2D SPACE',''
  ) );
#5066 = PCURVE('',#1217,#5067);
#5067 = DEFINITIONAL_REPRESENTATION('',(#5068),#5072);
#5068 = LINE('',#5069,#5070);
#5069 = CARTESIAN_POINT('',(1.570796326795,0.));
#5070 = VECTOR('',#5071,1.);
#5071 = DIRECTION('',(-1.0248212535E-15,-1.));
#5072 = ( GEOMETRIC_REPRESENTATION_CONTEXT(2) 
PARAMETRIC_REPRESENTATION_CONTEXT() REPRESENTATION_CONTEXT('2D SPACE',''
  ) );
#5073 = ORIENTED_EDGE('',*,*,#1173,.F.);
#5074 = ORIENTED_EDGE('',*,*,#2068,.T.);
#5075 = ORIENTED_EDGE('',*,*,#4855,.T.);
#5076 = ORIENTED_EDGE('',*,*,#2676,.F.);
#5077 = ORIENTED_EDGE('',*,*,#945,.F.);
#5078 = ADVANCED_FACE('',(#5079),#871,.T.);
#5079 = FACE_BOUND('',#5080,.T.);
#5080 = EDGE_LOOP('',(#5081,#5082,#5083,#5084));
#5081 = ORIENTED_EDGE('',*,*,#2726,.F.);
#5082 = ORIENTED_EDGE('',*,*,#855,.T.);
#5083 = ORIENTED_EDGE('',*,*,#2850,.T.);
#5084 = ORIENTED_EDGE('',*,*,#4938,.F.);
#5085 = ADVANCED_FACE('',(#5086),#757,.T.);
#5086 = FACE_BOUND('',#5087,.T.);
#5087 = EDGE_LOOP('',(#5088,#5089,#5090,#5111,#5112,#5113));
#5088 = ORIENTED_EDGE('',*,*,#1518,.T.);
#5089 = ORIENTED_EDGE('',*,*,#4657,.F.);
#5090 = ORIENTED_EDGE('',*,*,#5091,.F.);
#5091 = EDGE_CURVE('',#4893,#4635,#5092,.T.);
#5092 = SURFACE_CURVE('',#5093,(#5097,#5104),.PCURVE_S1.);
#5093 = LINE('',#5094,#5095);
#5094 = CARTESIAN_POINT('',(-26.2,-33.95,1.658067064675E-14));
#5095 = VECTOR('',#5096,1.);
#5096 = DIRECTION('',(-1.,-6.661338147751E-16,-1.71392571825E-31));
#5097 = PCURVE('',#757,#5098);
#5098 = DEFINITIONAL_REPRESENTATION('',(#5099),#5103);
#5099 = LINE('',#5100,#5101);
#5100 = CARTESIAN_POINT('',(0.72244525548,0.697445255474));
#5101 = VECTOR('',#5102,1.);
#5102 = DIRECTION('',(1.,9.38379123865E-31));
#5103 = ( GEOMETRIC_REPRESENTATION_CONTEXT(2) 
PARAMETRIC_REPRESENTATION_CONTEXT() REPRESENTATION_CONTEXT('2D SPACE',''
  ) );
#5104 = PCURVE('',#933,#5105);
#5105 = DEFINITIONAL_REPRESENTATION('',(#5106),#5110);
#5106 = LINE('',#5107,#5108);
#5107 = CARTESIAN_POINT('',(0.,0.));
#5108 = VECTOR('',#5109,1.);
#5109 = DIRECTION('',(0.,-1.));
#5110 = ( GEOMETRIC_REPRESENTATION_CONTEXT(2) 
PARAMETRIC_REPRESENTATION_CONTEXT() REPRESENTATION_CONTEXT('2D SPACE',''
  ) );
#5111 = ORIENTED_EDGE('',*,*,#4892,.T.);
#5112 = ORIENTED_EDGE('',*,*,#2924,.F.);
#5113 = ORIENTED_EDGE('',*,*,#741,.F.);
#5114 = ADVANCED_FACE('',(#5115),#1217,.T.);
#5115 = FACE_BOUND('',#5116,.T.);
#5116 = EDGE_LOOP('',(#5117,#5118,#5119,#5120,#5121,#5122));
#5117 = ORIENTED_EDGE('',*,*,#4761,.F.);
#5118 = ORIENTED_EDGE('',*,*,#1944,.F.);
#5119 = ORIENTED_EDGE('',*,*,#1196,.T.);
#5120 = ORIENTED_EDGE('',*,*,#5053,.T.);
#5121 = ORIENTED_EDGE('',*,*,#4585,.F.);
#5122 = ORIENTED_EDGE('',*,*,#5000,.T.);
#5123 = ADVANCED_FACE('',(#5124),#933,.T.);
#5124 = FACE_BOUND('',#5125,.T.);
#5125 = EDGE_LOOP('',(#5126,#5127,#5128,#5129,#5130,#5131));
#5126 = ORIENTED_EDGE('',*,*,#4915,.F.);
#5127 = ORIENTED_EDGE('',*,*,#5091,.T.);
#5128 = ORIENTED_EDGE('',*,*,#4733,.F.);
#5129 = ORIENTED_EDGE('',*,*,#5031,.F.);
#5130 = ORIENTED_EDGE('',*,*,#912,.T.);
#5131 = ORIENTED_EDGE('',*,*,#2778,.T.);
#5132 = ( GEOMETRIC_REPRESENTATION_CONTEXT(3) 
GLOBAL_UNCERTAINTY_ASSIGNED_CONTEXT((#5136)) 
GLOBAL_UNIT_ASSIGNED_CONTEXT((#5133,#5134,#5135)) REPRESENTATION_CONTEXT
('Context #1','3D Context with UNIT and UNCERTAINTY') );
#5133 = ( LENGTH_UNIT() NAMED_UNIT(*) SI_UNIT(.MILLI.,.METRE.) );
#5134 = ( NAMED_UNIT(*) PLANE_ANGLE_UNIT() SI_UNIT($,.RADIAN.) );
#5135 = ( NAMED_UNIT(*) SI_UNIT($,.STERADIAN.) SOLID_ANGLE_UNIT() );
#5136 = UNCERTAINTY_MEASURE_WITH_UNIT(LENGTH_MEASURE(1.E-07),#5133,
  'distance_accuracy_value','confusion accuracy');
#5137 = PRODUCT_RELATED_PRODUCT_CATEGORY('part',$,(#7));
ENDSEC;
END-ISO-10303-21;
