ISO-10303-21;
HEADER;
FILE_DESCRIPTION(('Open CASCADE Model'),'2;1');
FILE_NAME('Open CASCADE Shape Model','2026-09-26T09:49:19',('Author'),(
    'Open CASCADE'),'Open CASCADE STEP processor 7.9','Open CASCADE 7.9'
  ,'Unknown');
FILE_SCHEMA(('AUTOMOTIVE_DESIGN { 1 0 10303 214 1 1 1 1 }'));
ENDSEC;
DATA;
#1 = APPLICATION_PROTOCOL_DEFINITION('international standard',
  'automotive_design',2000,#2);
#2 = APPLICATION_CONTEXT(
  'core data for automotive mechanical design processes');
#3 = SHAPE_DEFINITION_REPRESENTATION(#4,#10);
#4 = PRODUCT_DEFINITION_SHAPE('','',#5);
#5 = PRODUCT_DEFINITION('design','',#6,#9);
#6 = PRODUCT_DEFINITION_FORMATION('','',#7);
#7 = PRODUCT('Open CASCADE STEP translator 7.9 1',
  'Open CASCADE STEP translator 7.9 1','',(#8));
#8 = PRODUCT_CONTEXT('',#2,'mechanical');
#9 = PRODUCT_DEFINITION_CONTEXT('part definition',#2,'design');
#10 = ADVANCED_BREP_SHAPE_REPRESENTATION('',(#11,#15),#3647);
#11 = AXIS2_PLACEMENT_3D('',#12,#13,#14);
#12 = CARTESIAN_POINT('',(0.,0.,0.));
#13 = DIRECTION('',(0.,0.,1.));
#14 = DIRECTION('',(1.,0.,-0.));
#15 = MANIFOLD_SOLID_BREP('',#16);
#16 = CLOSED_SHELL('',(#17,#244,#1019,#1068,#1117,#1144,#1198,#1346,
    #1373,#1400,#1480,#1507,#1557,#1698,#1867,#1894,#1944,#1951,#2000,
    #2054,#2197,#2247,#2297,#2351,#2401,#2455,#2504,#2536,#2591,#2646,
    #2701,#2858,#2905,#2932,#2959,#2966,#2991,#3018,#3023,#3027,#3031,
    #3035,#3090,#3145,#3200,#3255,#3294,#3333,#3372,#3411,#3466,#3521,
    #3576,#3631,#3635,#3639,#3643));
#17 = ADVANCED_FACE('',(#18),#32,.F.);
#18 = FACE_BOUND('',#19,.F.);
#19 = EDGE_LOOP('',(#20,#55,#83,#111,#139,#162,#190,#218));
#20 = ORIENTED_EDGE('',*,*,#21,.F.);
#21 = EDGE_CURVE('',#22,#24,#26,.T.);
#22 = VERTEX_POINT('',#23);
#23 = CARTESIAN_POINT('',(0.,5.,26.4));
#24 = VERTEX_POINT('',#25);
#25 = CARTESIAN_POINT('',(0.,9.34,26.4));
#26 = SURFACE_CURVE('',#27,(#31,#43),.PCURVE_S1.);
#27 = LINE('',#28,#29);
#28 = CARTESIAN_POINT('',(0.,0.,26.4));
#29 = VECTOR('',#30,1.);
#30 = DIRECTION('',(0.,1.,0.));
#31 = PCURVE('',#32,#37);
#32 = PLANE('',#33);
#33 = AXIS2_PLACEMENT_3D('',#34,#35,#36);
#34 = CARTESIAN_POINT('',(0.,0.,0.));
#35 = DIRECTION('',(1.,0.,0.));
#36 = DIRECTION('',(0.,0.,1.));
#37 = DEFINITIONAL_REPRESENTATION('',(#38),#42);
#38 = LINE('',#39,#40);
#39 = CARTESIAN_POINT('',(26.4,0.));
#40 = VECTOR('',#41,1.);
#41 = DIRECTION('',(0.,-1.));
#42 = ( GEOMETRIC_REPRESENTATION_CONTEXT(2) 
PARAMETRIC_REPRESENTATION_CONTEXT() REPRESENTATION_CONTEXT('2D SPACE',''
  ) );
#43 = PCURVE('',#44,#49);
#44 = PLANE('',#45);
#45 = AXIS2_PLACEMENT_3D('',#46,#47,#48);
#46 = CARTESIAN_POINT('',(0.,0.,26.4));
#47 = DIRECTION('',(0.,0.,1.));
#48 = DIRECTION('',(1.,0.,0.));
#49 = DEFINITIONAL_REPRESENTATION('',(#50),#54);
#50 = LINE('',#51,#52);
#51 = CARTESIAN_POINT('',(0.,0.));
#52 = VECTOR('',#53,1.);
#53 = DIRECTION('',(0.,1.));
#54 = ( GEOMETRIC_REPRESENTATION_CONTEXT(2) 
PARAMETRIC_REPRESENTATION_CONTEXT() REPRESENTATION_CONTEXT('2D SPACE',''
  ) );
#55 = ORIENTED_EDGE('',*,*,#56,.F.);
#56 = EDGE_CURVE('',#57,#22,#59,.T.);
#57 = VERTEX_POINT('',#58);
#58 = CARTESIAN_POINT('',(0.,5.,0.));
#59 = SURFACE_CURVE('',#60,(#64,#71),.PCURVE_S1.);
#60 = LINE('',#61,#62);
#61 = CARTESIAN_POINT('',(0.,5.,0.));
#62 = VECTOR('',#63,1.);
#63 = DIRECTION('',(0.,0.,1.));
#64 = PCURVE('',#32,#65);
#65 = DEFINITIONAL_REPRESENTATION('',(#66),#70);
#66 = LINE('',#67,#68);
#67 = CARTESIAN_POINT('',(0.,-5.));
#68 = VECTOR('',#69,1.);
#69 = DIRECTION('',(1.,0.));
#70 = ( GEOMETRIC_REPRESENTATION_CONTEXT(2) 
PARAMETRIC_REPRESENTATION_CONTEXT() REPRESENTATION_CONTEXT('2D SPACE',''
  ) );
#71 = PCURVE('',#72,#77);
#72 = CYLINDRICAL_SURFACE('',#73,5.);
#73 = AXIS2_PLACEMENT_3D('',#74,#75,#76);
#74 = CARTESIAN_POINT('',(5.,5.,0.));
#75 = DIRECTION('',(0.,0.,1.));
#76 = DIRECTION('',(-1.,-0.,0.));
#77 = DEFINITIONAL_REPRESENTATION('',(#78),#82);
#78 = LINE('',#79,#80);
#79 = CARTESIAN_POINT('',(0.,0.));
#80 = VECTOR('',#81,1.);
#81 = DIRECTION('',(0.,1.));
#82 = ( GEOMETRIC_REPRESENTATION_CONTEXT(2) 
PARAMETRIC_REPRESENTATION_CONTEXT() REPRESENTATION_CONTEXT('2D SPACE',''
  ) );
#83 = ORIENTED_EDGE('',*,*,#84,.T.);
#84 = EDGE_CURVE('',#57,#85,#87,.T.);
#85 = VERTEX_POINT('',#86);
#86 = CARTESIAN_POINT('',(0.,173.,0.));
#87 = SURFACE_CURVE('',#88,(#92,#99),.PCURVE_S1.);
#88 = LINE('',#89,#90);
#89 = CARTESIAN_POINT('',(0.,0.,0.));
#90 = VECTOR('',#91,1.);
#91 = DIRECTION('',(0.,1.,0.));
#92 = PCURVE('',#32,#93);
#93 = DEFINITIONAL_REPRESENTATION('',(#94),#98);
#94 = LINE('',#95,#96);
#95 = CARTESIAN_POINT('',(0.,0.));
#96 = VECTOR('',#97,1.);
#97 = DIRECTION('',(0.,-1.));
#98 = ( GEOMETRIC_REPRESENTATION_CONTEXT(2) 
PARAMETRIC_REPRESENTATION_CONTEXT() REPRESENTATION_CONTEXT('2D SPACE',''
  ) );
#99 = PCURVE('',#100,#105);
#100 = PLANE('',#101);
#101 = AXIS2_PLACEMENT_3D('',#102,#103,#104);
#102 = CARTESIAN_POINT('',(0.,0.,0.));
#103 = DIRECTION('',(0.,0.,1.));
#104 = DIRECTION('',(1.,0.,0.));
#105 = DEFINITIONAL_REPRESENTATION('',(#106),#110);
#106 = LINE('',#107,#108);
#107 = CARTESIAN_POINT('',(0.,0.));
#108 = VECTOR('',#109,1.);
#109 = DIRECTION('',(0.,1.));
#110 = ( GEOMETRIC_REPRESENTATION_CONTEXT(2) 
PARAMETRIC_REPRESENTATION_CONTEXT() REPRESENTATION_CONTEXT('2D SPACE',''
  ) );
#111 = ORIENTED_EDGE('',*,*,#112,.T.);
#112 = EDGE_CURVE('',#85,#113,#115,.T.);
#113 = VERTEX_POINT('',#114);
#114 = CARTESIAN_POINT('',(0.,173.,26.4));
#115 = SURFACE_CURVE('',#116,(#120,#127),.PCURVE_S1.);
#116 = LINE('',#117,#118);
#117 = CARTESIAN_POINT('',(0.,173.,0.));
#118 = VECTOR('',#119,1.);
#119 = DIRECTION('',(0.,0.,1.));
#120 = PCURVE('',#32,#121);
#121 = DEFINITIONAL_REPRESENTATION('',(#122),#126);
#122 = LINE('',#123,#124);
#123 = CARTESIAN_POINT('',(0.,-173.));
#124 = VECTOR('',#125,1.);
#125 = DIRECTION('',(1.,0.));
#126 = ( GEOMETRIC_REPRESENTATION_CONTEXT(2) 
PARAMETRIC_REPRESENTATION_CONTEXT() REPRESENTATION_CONTEXT('2D SPACE',''
  ) );
#127 = PCURVE('',#128,#133);
#128 = CYLINDRICAL_SURFACE('',#129,5.);
#129 = AXIS2_PLACEMENT_3D('',#130,#131,#132);
#130 = CARTESIAN_POINT('',(5.,173.,0.));
#131 = DIRECTION('',(0.,0.,1.));
#132 = DIRECTION('',(-1.,-0.,0.));
#133 = DEFINITIONAL_REPRESENTATION('',(#134),#138);
#134 = LINE('',#135,#136);
#135 = CARTESIAN_POINT('',(-0.,0.));
#136 = VECTOR('',#137,1.);
#137 = DIRECTION('',(-0.,1.));
#138 = ( GEOMETRIC_REPRESENTATION_CONTEXT(2) 
PARAMETRIC_REPRESENTATION_CONTEXT() REPRESENTATION_CONTEXT('2D SPACE',''
  ) );
#139 = ORIENTED_EDGE('',*,*,#140,.F.);
#140 = EDGE_CURVE('',#141,#113,#143,.T.);
#141 = VERTEX_POINT('',#142);
#142 = CARTESIAN_POINT('',(0.,22.34,26.4));
#143 = SURFACE_CURVE('',#144,(#148,#155),.PCURVE_S1.);
#144 = LINE('',#145,#146);
#145 = CARTESIAN_POINT('',(0.,0.,26.4));
#146 = VECTOR('',#147,1.);
#147 = DIRECTION('',(0.,1.,0.));
#148 = PCURVE('',#32,#149);
#149 = DEFINITIONAL_REPRESENTATION('',(#150),#154);
#150 = LINE('',#151,#152);
#151 = CARTESIAN_POINT('',(26.4,0.));
#152 = VECTOR('',#153,1.);
#153 = DIRECTION('',(0.,-1.));
#154 = ( GEOMETRIC_REPRESENTATION_CONTEXT(2) 
PARAMETRIC_REPRESENTATION_CONTEXT() REPRESENTATION_CONTEXT('2D SPACE',''
  ) );
#155 = PCURVE('',#44,#156);
#156 = DEFINITIONAL_REPRESENTATION('',(#157),#161);
#157 = LINE('',#158,#159);
#158 = CARTESIAN_POINT('',(0.,0.));
#159 = VECTOR('',#160,1.);
#160 = DIRECTION('',(0.,1.));
#161 = ( GEOMETRIC_REPRESENTATION_CONTEXT(2) 
PARAMETRIC_REPRESENTATION_CONTEXT() REPRESENTATION_CONTEXT('2D SPACE',''
  ) );
#162 = ORIENTED_EDGE('',*,*,#163,.F.);
#163 = EDGE_CURVE('',#164,#141,#166,.T.);
#164 = VERTEX_POINT('',#165);
#165 = CARTESIAN_POINT('',(0.,22.34,19.4));
#166 = SURFACE_CURVE('',#167,(#171,#178),.PCURVE_S1.);
#167 = LINE('',#168,#169);
#168 = CARTESIAN_POINT('',(0.,22.34,9.7));
#169 = VECTOR('',#170,1.);
#170 = DIRECTION('',(0.,0.,1.));
#171 = PCURVE('',#32,#172);
#172 = DEFINITIONAL_REPRESENTATION('',(#173),#177);
#173 = LINE('',#174,#175);
#174 = CARTESIAN_POINT('',(9.7,-22.34));
#175 = VECTOR('',#176,1.);
#176 = DIRECTION('',(1.,0.));
#177 = ( GEOMETRIC_REPRESENTATION_CONTEXT(2) 
PARAMETRIC_REPRESENTATION_CONTEXT() REPRESENTATION_CONTEXT('2D SPACE',''
  ) );
#178 = PCURVE('',#179,#184);
#179 = PLANE('',#180);
#180 = AXIS2_PLACEMENT_3D('',#181,#182,#183);
#181 = CARTESIAN_POINT('',(-1.,22.34,19.4));
#182 = DIRECTION('',(0.,1.,0.));
#183 = DIRECTION('',(0.,0.,1.));
#184 = DEFINITIONAL_REPRESENTATION('',(#185),#189);
#185 = LINE('',#186,#187);
#186 = CARTESIAN_POINT('',(-9.7,1.));
#187 = VECTOR('',#188,1.);
#188 = DIRECTION('',(1.,0.));
#189 = ( GEOMETRIC_REPRESENTATION_CONTEXT(2) 
PARAMETRIC_REPRESENTATION_CONTEXT() REPRESENTATION_CONTEXT('2D SPACE',''
  ) );
#190 = ORIENTED_EDGE('',*,*,#191,.T.);
#191 = EDGE_CURVE('',#164,#192,#194,.T.);
#192 = VERTEX_POINT('',#193);
#193 = CARTESIAN_POINT('',(0.,9.34,19.4));
#194 = SURFACE_CURVE('',#195,(#199,#206),.PCURVE_S1.);
#195 = LINE('',#196,#197);
#196 = CARTESIAN_POINT('',(0.,4.67,19.4));
#197 = VECTOR('',#198,1.);
#198 = DIRECTION('',(0.,-1.,0.));
#199 = PCURVE('',#32,#200);
#200 = DEFINITIONAL_REPRESENTATION('',(#201),#205);
#201 = LINE('',#202,#203);
#202 = CARTESIAN_POINT('',(19.4,-4.67));
#203 = VECTOR('',#204,1.);
#204 = DIRECTION('',(0.,1.));
#205 = ( GEOMETRIC_REPRESENTATION_CONTEXT(2) 
PARAMETRIC_REPRESENTATION_CONTEXT() REPRESENTATION_CONTEXT('2D SPACE',''
  ) );
#206 = PCURVE('',#207,#212);
#207 = PLANE('',#208);
#208 = AXIS2_PLACEMENT_3D('',#209,#210,#211);
#209 = CARTESIAN_POINT('',(-1.,9.34,19.4));
#210 = DIRECTION('',(0.,0.,1.));
#211 = DIRECTION('',(1.,0.,0.));
#212 = DEFINITIONAL_REPRESENTATION('',(#213),#217);
#213 = LINE('',#214,#215);
#214 = CARTESIAN_POINT('',(1.,-4.67));
#215 = VECTOR('',#216,1.);
#216 = DIRECTION('',(0.,-1.));
#217 = ( GEOMETRIC_REPRESENTATION_CONTEXT(2) 
PARAMETRIC_REPRESENTATION_CONTEXT() REPRESENTATION_CONTEXT('2D SPACE',''
  ) );
#218 = ORIENTED_EDGE('',*,*,#219,.T.);
#219 = EDGE_CURVE('',#192,#24,#220,.T.);
#220 = SURFACE_CURVE('',#221,(#225,#232),.PCURVE_S1.);
#221 = LINE('',#222,#223);
#222 = CARTESIAN_POINT('',(0.,9.34,9.7));
#223 = VECTOR('',#224,1.);
#224 = DIRECTION('',(0.,0.,1.));
#225 = PCURVE('',#32,#226);
#226 = DEFINITIONAL_REPRESENTATION('',(#227),#231);
#227 = LINE('',#228,#229);
#228 = CARTESIAN_POINT('',(9.7,-9.34));
#229 = VECTOR('',#230,1.);
#230 = DIRECTION('',(1.,0.));
#231 = ( GEOMETRIC_REPRESENTATION_CONTEXT(2) 
PARAMETRIC_REPRESENTATION_CONTEXT() REPRESENTATION_CONTEXT('2D SPACE',''
  ) );
#232 = PCURVE('',#233,#238);
#233 = PLANE('',#234);
#234 = AXIS2_PLACEMENT_3D('',#235,#236,#237);
#235 = CARTESIAN_POINT('',(-1.,9.34,19.4));
#236 = DIRECTION('',(0.,1.,0.));
#237 = DIRECTION('',(0.,0.,1.));
#238 = DEFINITIONAL_REPRESENTATION('',(#239),#243);
#239 = LINE('',#240,#241);
#240 = CARTESIAN_POINT('',(-9.7,1.));
#241 = VECTOR('',#242,1.);
#242 = DIRECTION('',(1.,0.));
#243 = ( GEOMETRIC_REPRESENTATION_CONTEXT(2) 
PARAMETRIC_REPRESENTATION_CONTEXT() REPRESENTATION_CONTEXT('2D SPACE',''
  ) );
#244 = ADVANCED_FACE('',(#245,#914,#949,#984),#44,.T.);
#245 = FACE_BOUND('',#246,.T.);
#246 = EDGE_LOOP('',(#247,#248,#272,#300,#333,#361,#390,#418,#444,#445,
    #468,#496,#525,#554,#583,#611,#640,#669,#698,#726,#755,#783,#812,
    #841,#870,#893));
#247 = ORIENTED_EDGE('',*,*,#21,.F.);
#248 = ORIENTED_EDGE('',*,*,#249,.T.);
#249 = EDGE_CURVE('',#22,#250,#252,.T.);
#250 = VERTEX_POINT('',#251);
#251 = CARTESIAN_POINT('',(5.,0.,26.4));
#252 = SURFACE_CURVE('',#253,(#258,#265),.PCURVE_S1.);
#253 = CIRCLE('',#254,5.);
#254 = AXIS2_PLACEMENT_3D('',#255,#256,#257);
#255 = CARTESIAN_POINT('',(5.,5.,26.4));
#256 = DIRECTION('',(0.,0.,1.));
#257 = DIRECTION('',(0.,-1.,0.));
#258 = PCURVE('',#44,#259);
#259 = DEFINITIONAL_REPRESENTATION('',(#260),#264);
#260 = CIRCLE('',#261,5.);
#261 = AXIS2_PLACEMENT_2D('',#262,#263);
#262 = CARTESIAN_POINT('',(5.,5.));
#263 = DIRECTION('',(0.,-1.));
#264 = ( GEOMETRIC_REPRESENTATION_CONTEXT(2) 
PARAMETRIC_REPRESENTATION_CONTEXT() REPRESENTATION_CONTEXT('2D SPACE',''
  ) );
#265 = PCURVE('',#72,#266);
#266 = DEFINITIONAL_REPRESENTATION('',(#267),#271);
#267 = LINE('',#268,#269);
#268 = CARTESIAN_POINT('',(-4.712388980385,26.4));
#269 = VECTOR('',#270,1.);
#270 = DIRECTION('',(1.,0.));
#271 = ( GEOMETRIC_REPRESENTATION_CONTEXT(2) 
PARAMETRIC_REPRESENTATION_CONTEXT() REPRESENTATION_CONTEXT('2D SPACE',''
  ) );
#272 = ORIENTED_EDGE('',*,*,#273,.T.);
#273 = EDGE_CURVE('',#250,#274,#276,.T.);
#274 = VERTEX_POINT('',#275);
#275 = CARTESIAN_POINT('',(69.,0.,26.4));
#276 = SURFACE_CURVE('',#277,(#281,#288),.PCURVE_S1.);
#277 = LINE('',#278,#279);
#278 = CARTESIAN_POINT('',(0.,0.,26.4));
#279 = VECTOR('',#280,1.);
#280 = DIRECTION('',(1.,0.,0.));
#281 = PCURVE('',#44,#282);
#282 = DEFINITIONAL_REPRESENTATION('',(#283),#287);
#283 = LINE('',#284,#285);
#284 = CARTESIAN_POINT('',(0.,0.));
#285 = VECTOR('',#286,1.);
#286 = DIRECTION('',(1.,0.));
#287 = ( GEOMETRIC_REPRESENTATION_CONTEXT(2) 
PARAMETRIC_REPRESENTATION_CONTEXT() REPRESENTATION_CONTEXT('2D SPACE',''
  ) );
#288 = PCURVE('',#289,#294);
#289 = PLANE('',#290);
#290 = AXIS2_PLACEMENT_3D('',#291,#292,#293);
#291 = CARTESIAN_POINT('',(0.,0.,0.));
#292 = DIRECTION('',(0.,1.,0.));
#293 = DIRECTION('',(0.,0.,1.));
#294 = DEFINITIONAL_REPRESENTATION('',(#295),#299);
#295 = LINE('',#296,#297);
#296 = CARTESIAN_POINT('',(26.4,0.));
#297 = VECTOR('',#298,1.);
#298 = DIRECTION('',(0.,1.));
#299 = ( GEOMETRIC_REPRESENTATION_CONTEXT(2) 
PARAMETRIC_REPRESENTATION_CONTEXT() REPRESENTATION_CONTEXT('2D SPACE',''
  ) );
#300 = ORIENTED_EDGE('',*,*,#301,.F.);
#301 = EDGE_CURVE('',#302,#274,#304,.T.);
#302 = VERTEX_POINT('',#303);
#303 = CARTESIAN_POINT('',(74.,5.,26.4));
#304 = SURFACE_CURVE('',#305,(#310,#321),.PCURVE_S1.);
#305 = CIRCLE('',#306,5.);
#306 = AXIS2_PLACEMENT_3D('',#307,#308,#309);
#307 = CARTESIAN_POINT('',(69.,5.,26.4));
#308 = DIRECTION('',(-0.,-0.,-1.));
#309 = DIRECTION('',(0.,-1.,0.));
#310 = PCURVE('',#44,#311);
#311 = DEFINITIONAL_REPRESENTATION('',(#312),#320);
#312 = ( BOUNDED_CURVE() B_SPLINE_CURVE(2,(#313,#314,#315,#316,#317,#318
,#319),.UNSPECIFIED.,.T.,.F.) B_SPLINE_CURVE_WITH_KNOTS((1,2,2,2,2,1),(
    -2.094395102393,0.,2.094395102393,4.188790204786,6.28318530718,
8.377580409573),.UNSPECIFIED.) CURVE() GEOMETRIC_REPRESENTATION_ITEM() 
RATIONAL_B_SPLINE_CURVE((1.,0.5,1.,0.5,1.,0.5,1.)) REPRESENTATION_ITEM(
  '') );
#313 = CARTESIAN_POINT('',(69.,0.));
#314 = CARTESIAN_POINT('',(60.339745962156,0.));
#315 = CARTESIAN_POINT('',(64.669872981078,7.5));
#316 = CARTESIAN_POINT('',(69.,15.));
#317 = CARTESIAN_POINT('',(73.330127018922,7.5));
#318 = CARTESIAN_POINT('',(77.660254037844,7.993605777301E-15));
#319 = CARTESIAN_POINT('',(69.,0.));
#320 = ( GEOMETRIC_REPRESENTATION_CONTEXT(2) 
PARAMETRIC_REPRESENTATION_CONTEXT() REPRESENTATION_CONTEXT('2D SPACE',''
  ) );
#321 = PCURVE('',#322,#327);
#322 = CYLINDRICAL_SURFACE('',#323,5.);
#323 = AXIS2_PLACEMENT_3D('',#324,#325,#326);
#324 = CARTESIAN_POINT('',(69.,5.,0.));
#325 = DIRECTION('',(0.,0.,1.));
#326 = DIRECTION('',(1.,0.,-0.));
#327 = DEFINITIONAL_REPRESENTATION('',(#328),#332);
#328 = LINE('',#329,#330);
#329 = CARTESIAN_POINT('',(4.712388980385,26.4));
#330 = VECTOR('',#331,1.);
#331 = DIRECTION('',(-1.,0.));
#332 = ( GEOMETRIC_REPRESENTATION_CONTEXT(2) 
PARAMETRIC_REPRESENTATION_CONTEXT() REPRESENTATION_CONTEXT('2D SPACE',''
  ) );
#333 = ORIENTED_EDGE('',*,*,#334,.T.);
#334 = EDGE_CURVE('',#302,#335,#337,.T.);
#335 = VERTEX_POINT('',#336);
#336 = CARTESIAN_POINT('',(74.,173.,26.4));
#337 = SURFACE_CURVE('',#338,(#342,#349),.PCURVE_S1.);
#338 = LINE('',#339,#340);
#339 = CARTESIAN_POINT('',(74.,0.,26.4));
#340 = VECTOR('',#341,1.);
#341 = DIRECTION('',(0.,1.,0.));
#342 = PCURVE('',#44,#343);
#343 = DEFINITIONAL_REPRESENTATION('',(#344),#348);
#344 = LINE('',#345,#346);
#345 = CARTESIAN_POINT('',(74.,0.));
#346 = VECTOR('',#347,1.);
#347 = DIRECTION('',(0.,1.));
#348 = ( GEOMETRIC_REPRESENTATION_CONTEXT(2) 
PARAMETRIC_REPRESENTATION_CONTEXT() REPRESENTATION_CONTEXT('2D SPACE',''
  ) );
#349 = PCURVE('',#350,#355);
#350 = PLANE('',#351);
#351 = AXIS2_PLACEMENT_3D('',#352,#353,#354);
#352 = CARTESIAN_POINT('',(74.,0.,0.));
#353 = DIRECTION('',(1.,0.,0.));
#354 = DIRECTION('',(0.,0.,1.));
#355 = DEFINITIONAL_REPRESENTATION('',(#356),#360);
#356 = LINE('',#357,#358);
#357 = CARTESIAN_POINT('',(26.4,0.));
#358 = VECTOR('',#359,1.);
#359 = DIRECTION('',(0.,-1.));
#360 = ( GEOMETRIC_REPRESENTATION_CONTEXT(2) 
PARAMETRIC_REPRESENTATION_CONTEXT() REPRESENTATION_CONTEXT('2D SPACE',''
  ) );
#361 = ORIENTED_EDGE('',*,*,#362,.T.);
#362 = EDGE_CURVE('',#335,#363,#365,.T.);
#363 = VERTEX_POINT('',#364);
#364 = CARTESIAN_POINT('',(69.,178.,26.4));
#365 = SURFACE_CURVE('',#366,(#371,#378),.PCURVE_S1.);
#366 = CIRCLE('',#367,5.);
#367 = AXIS2_PLACEMENT_3D('',#368,#369,#370);
#368 = CARTESIAN_POINT('',(69.,173.,26.4));
#369 = DIRECTION('',(0.,0.,1.));
#370 = DIRECTION('',(0.,-1.,0.));
#371 = PCURVE('',#44,#372);
#372 = DEFINITIONAL_REPRESENTATION('',(#373),#377);
#373 = CIRCLE('',#374,5.);
#374 = AXIS2_PLACEMENT_2D('',#375,#376);
#375 = CARTESIAN_POINT('',(69.,173.));
#376 = DIRECTION('',(0.,-1.));
#377 = ( GEOMETRIC_REPRESENTATION_CONTEXT(2) 
PARAMETRIC_REPRESENTATION_CONTEXT() REPRESENTATION_CONTEXT('2D SPACE',''
  ) );
#378 = PCURVE('',#379,#384);
#379 = CYLINDRICAL_SURFACE('',#380,5.);
#380 = AXIS2_PLACEMENT_3D('',#381,#382,#383);
#381 = CARTESIAN_POINT('',(69.,173.,0.));
#382 = DIRECTION('',(0.,0.,1.));
#383 = DIRECTION('',(1.,0.,-0.));
#384 = DEFINITIONAL_REPRESENTATION('',(#385),#389);
#385 = LINE('',#386,#387);
#386 = CARTESIAN_POINT('',(-1.570796326795,26.4));
#387 = VECTOR('',#388,1.);
#388 = DIRECTION('',(1.,0.));
#389 = ( GEOMETRIC_REPRESENTATION_CONTEXT(2) 
PARAMETRIC_REPRESENTATION_CONTEXT() REPRESENTATION_CONTEXT('2D SPACE',''
  ) );
#390 = ORIENTED_EDGE('',*,*,#391,.F.);
#391 = EDGE_CURVE('',#392,#363,#394,.T.);
#392 = VERTEX_POINT('',#393);
#393 = CARTESIAN_POINT('',(5.,178.,26.4));
#394 = SURFACE_CURVE('',#395,(#399,#406),.PCURVE_S1.);
#395 = LINE('',#396,#397);
#396 = CARTESIAN_POINT('',(0.,178.,26.4));
#397 = VECTOR('',#398,1.);
#398 = DIRECTION('',(1.,0.,0.));
#399 = PCURVE('',#44,#400);
#400 = DEFINITIONAL_REPRESENTATION('',(#401),#405);
#401 = LINE('',#402,#403);
#402 = CARTESIAN_POINT('',(0.,178.));
#403 = VECTOR('',#404,1.);
#404 = DIRECTION('',(1.,0.));
#405 = ( GEOMETRIC_REPRESENTATION_CONTEXT(2) 
PARAMETRIC_REPRESENTATION_CONTEXT() REPRESENTATION_CONTEXT('2D SPACE',''
  ) );
#406 = PCURVE('',#407,#412);
#407 = PLANE('',#408);
#408 = AXIS2_PLACEMENT_3D('',#409,#410,#411);
#409 = CARTESIAN_POINT('',(0.,178.,0.));
#410 = DIRECTION('',(0.,1.,0.));
#411 = DIRECTION('',(0.,0.,1.));
#412 = DEFINITIONAL_REPRESENTATION('',(#413),#417);
#413 = LINE('',#414,#415);
#414 = CARTESIAN_POINT('',(26.4,0.));
#415 = VECTOR('',#416,1.);
#416 = DIRECTION('',(0.,1.));
#417 = ( GEOMETRIC_REPRESENTATION_CONTEXT(2) 
PARAMETRIC_REPRESENTATION_CONTEXT() REPRESENTATION_CONTEXT('2D SPACE',''
  ) );
#418 = ORIENTED_EDGE('',*,*,#419,.F.);
#419 = EDGE_CURVE('',#113,#392,#420,.T.);
#420 = SURFACE_CURVE('',#421,(#426,#437),.PCURVE_S1.);
#421 = CIRCLE('',#422,5.);
#422 = AXIS2_PLACEMENT_3D('',#423,#424,#425);
#423 = CARTESIAN_POINT('',(5.,173.,26.4));
#424 = DIRECTION('',(-0.,-0.,-1.));
#425 = DIRECTION('',(0.,-1.,0.));
#426 = PCURVE('',#44,#427);
#427 = DEFINITIONAL_REPRESENTATION('',(#428),#436);
#428 = ( BOUNDED_CURVE() B_SPLINE_CURVE(2,(#429,#430,#431,#432,#433,#434
,#435),.UNSPECIFIED.,.T.,.F.) B_SPLINE_CURVE_WITH_KNOTS((1,2,2,2,2,1),(
    -2.094395102393,0.,2.094395102393,4.188790204786,6.28318530718,
8.377580409573),.UNSPECIFIED.) CURVE() GEOMETRIC_REPRESENTATION_ITEM() 
RATIONAL_B_SPLINE_CURVE((1.,0.5,1.,0.5,1.,0.5,1.)) REPRESENTATION_ITEM(
  '') );
#429 = CARTESIAN_POINT('',(5.,168.));
#430 = CARTESIAN_POINT('',(-3.660254037844,168.));
#431 = CARTESIAN_POINT('',(0.669872981078,175.5));
#432 = CARTESIAN_POINT('',(5.,183.));
#433 = CARTESIAN_POINT('',(9.330127018922,175.5));
#434 = CARTESIAN_POINT('',(13.660254037844,168.));
#435 = CARTESIAN_POINT('',(5.,168.));
#436 = ( GEOMETRIC_REPRESENTATION_CONTEXT(2) 
PARAMETRIC_REPRESENTATION_CONTEXT() REPRESENTATION_CONTEXT('2D SPACE',''
  ) );
#437 = PCURVE('',#128,#438);
#438 = DEFINITIONAL_REPRESENTATION('',(#439),#443);
#439 = LINE('',#440,#441);
#440 = CARTESIAN_POINT('',(1.570796326795,26.4));
#441 = VECTOR('',#442,1.);
#442 = DIRECTION('',(-1.,0.));
#443 = ( GEOMETRIC_REPRESENTATION_CONTEXT(2) 
PARAMETRIC_REPRESENTATION_CONTEXT() REPRESENTATION_CONTEXT('2D SPACE',''
  ) );
#444 = ORIENTED_EDGE('',*,*,#140,.F.);
#445 = ORIENTED_EDGE('',*,*,#446,.F.);
#446 = EDGE_CURVE('',#447,#141,#449,.T.);
#447 = VERTEX_POINT('',#448);
#448 = CARTESIAN_POINT('',(1.6,22.34,26.4));
#449 = SURFACE_CURVE('',#450,(#454,#461),.PCURVE_S1.);
#450 = LINE('',#451,#452);
#451 = CARTESIAN_POINT('',(-0.5,22.34,26.4));
#452 = VECTOR('',#453,1.);
#453 = DIRECTION('',(-1.,0.,0.));
#454 = PCURVE('',#44,#455);
#455 = DEFINITIONAL_REPRESENTATION('',(#456),#460);
#456 = LINE('',#457,#458);
#457 = CARTESIAN_POINT('',(-0.5,22.34));
#458 = VECTOR('',#459,1.);
#459 = DIRECTION('',(-1.,0.));
#460 = ( GEOMETRIC_REPRESENTATION_CONTEXT(2) 
PARAMETRIC_REPRESENTATION_CONTEXT() REPRESENTATION_CONTEXT('2D SPACE',''
  ) );
#461 = PCURVE('',#179,#462);
#462 = DEFINITIONAL_REPRESENTATION('',(#463),#467);
#463 = LINE('',#464,#465);
#464 = CARTESIAN_POINT('',(7.,0.5));
#465 = VECTOR('',#466,1.);
#466 = DIRECTION('',(0.,-1.));
#467 = ( GEOMETRIC_REPRESENTATION_CONTEXT(2) 
PARAMETRIC_REPRESENTATION_CONTEXT() REPRESENTATION_CONTEXT('2D SPACE',''
  ) );
#468 = ORIENTED_EDGE('',*,*,#469,.T.);
#469 = EDGE_CURVE('',#447,#470,#472,.T.);
#470 = VERTEX_POINT('',#471);
#471 = CARTESIAN_POINT('',(1.6,173.,26.4));
#472 = SURFACE_CURVE('',#473,(#477,#484),.PCURVE_S1.);
#473 = LINE('',#474,#475);
#474 = CARTESIAN_POINT('',(1.6,0.8,26.4));
#475 = VECTOR('',#476,1.);
#476 = DIRECTION('',(0.,1.,0.));
#477 = PCURVE('',#44,#478);
#478 = DEFINITIONAL_REPRESENTATION('',(#479),#483);
#479 = LINE('',#480,#481);
#480 = CARTESIAN_POINT('',(1.6,0.8));
#481 = VECTOR('',#482,1.);
#482 = DIRECTION('',(0.,1.));
#483 = ( GEOMETRIC_REPRESENTATION_CONTEXT(2) 
PARAMETRIC_REPRESENTATION_CONTEXT() REPRESENTATION_CONTEXT('2D SPACE',''
  ) );
#484 = PCURVE('',#485,#490);
#485 = PLANE('',#486);
#486 = AXIS2_PLACEMENT_3D('',#487,#488,#489);
#487 = CARTESIAN_POINT('',(1.6,1.6,1.6));
#488 = DIRECTION('',(1.,0.,0.));
#489 = DIRECTION('',(0.,0.,1.));
#490 = DEFINITIONAL_REPRESENTATION('',(#491),#495);
#491 = LINE('',#492,#493);
#492 = CARTESIAN_POINT('',(24.8,0.8));
#493 = VECTOR('',#494,1.);
#494 = DIRECTION('',(0.,-1.));
#495 = ( GEOMETRIC_REPRESENTATION_CONTEXT(2) 
PARAMETRIC_REPRESENTATION_CONTEXT() REPRESENTATION_CONTEXT('2D SPACE',''
  ) );
#496 = ORIENTED_EDGE('',*,*,#497,.F.);
#497 = EDGE_CURVE('',#498,#470,#500,.T.);
#498 = VERTEX_POINT('',#499);
#499 = CARTESIAN_POINT('',(1.640850457519,173.52546584213,26.4));
#500 = SURFACE_CURVE('',#501,(#506,#513),.PCURVE_S1.);
#501 = CIRCLE('',#502,3.4);
#502 = AXIS2_PLACEMENT_3D('',#503,#504,#505);
#503 = CARTESIAN_POINT('',(5.,173.,26.4));
#504 = DIRECTION('',(0.,0.,1.));
#505 = DIRECTION('',(-1.,-0.,0.));
#506 = PCURVE('',#44,#507);
#507 = DEFINITIONAL_REPRESENTATION('',(#508),#512);
#508 = CIRCLE('',#509,3.4);
#509 = AXIS2_PLACEMENT_2D('',#510,#511);
#510 = CARTESIAN_POINT('',(5.,173.));
#511 = DIRECTION('',(-1.,0.));
#512 = ( GEOMETRIC_REPRESENTATION_CONTEXT(2) 
PARAMETRIC_REPRESENTATION_CONTEXT() REPRESENTATION_CONTEXT('2D SPACE',''
  ) );
#513 = PCURVE('',#514,#519);
#514 = CYLINDRICAL_SURFACE('',#515,3.4);
#515 = AXIS2_PLACEMENT_3D('',#516,#517,#518);
#516 = CARTESIAN_POINT('',(5.,173.,1.6));
#517 = DIRECTION('',(0.,0.,1.));
#518 = DIRECTION('',(-1.,-0.,0.));
#519 = DEFINITIONAL_REPRESENTATION('',(#520),#524);
#520 = LINE('',#521,#522);
#521 = CARTESIAN_POINT('',(-6.28318530718,24.8));
#522 = VECTOR('',#523,1.);
#523 = DIRECTION('',(1.,-0.));
#524 = ( GEOMETRIC_REPRESENTATION_CONTEXT(2) 
PARAMETRIC_REPRESENTATION_CONTEXT() REPRESENTATION_CONTEXT('2D SPACE',''
  ) );
#525 = ORIENTED_EDGE('',*,*,#526,.T.);
#526 = EDGE_CURVE('',#498,#527,#529,.T.);
#527 = VERTEX_POINT('',#528);
#528 = CARTESIAN_POINT('',(4.474534157866,176.35914954248,26.4));
#529 = SURFACE_CURVE('',#530,(#535,#542),.PCURVE_S1.);
#530 = CIRCLE('',#531,2.2);
#531 = AXIS2_PLACEMENT_3D('',#532,#533,#534);
#532 = CARTESIAN_POINT('',(3.7,174.3,26.4));
#533 = DIRECTION('',(-1.614869854E-15,-2.936670454877E-16,1.));
#534 = DIRECTION('',(-0.935977064764,-0.352060980848,-1.614869854E-15));
#535 = PCURVE('',#44,#536);
#536 = DEFINITIONAL_REPRESENTATION('',(#537),#541);
#537 = CIRCLE('',#538,2.2);
#538 = AXIS2_PLACEMENT_2D('',#539,#540);
#539 = CARTESIAN_POINT('',(3.7,174.3));
#540 = DIRECTION('',(-0.935977064764,-0.352060980848));
#541 = ( GEOMETRIC_REPRESENTATION_CONTEXT(2) 
PARAMETRIC_REPRESENTATION_CONTEXT() REPRESENTATION_CONTEXT('2D SPACE',''
  ) );
#542 = PCURVE('',#543,#548);
#543 = CYLINDRICAL_SURFACE('',#544,2.2);
#544 = AXIS2_PLACEMENT_3D('',#545,#546,#547);
#545 = CARTESIAN_POINT('',(3.7,174.3,1.6));
#546 = DIRECTION('',(-0.,-0.,-1.));
#547 = DIRECTION('',(1.,0.,0.));
#548 = DEFINITIONAL_REPRESENTATION('',(#549),#553);
#549 = LINE('',#550,#551);
#550 = CARTESIAN_POINT('',(-3.501364804452,-24.8));
#551 = VECTOR('',#552,1.);
#552 = DIRECTION('',(-1.,0.));
#553 = ( GEOMETRIC_REPRESENTATION_CONTEXT(2) 
PARAMETRIC_REPRESENTATION_CONTEXT() REPRESENTATION_CONTEXT('2D SPACE',''
  ) );
#554 = ORIENTED_EDGE('',*,*,#555,.F.);
#555 = EDGE_CURVE('',#556,#527,#558,.T.);
#556 = VERTEX_POINT('',#557);
#557 = CARTESIAN_POINT('',(5.,176.4,26.4));
#558 = SURFACE_CURVE('',#559,(#564,#571),.PCURVE_S1.);
#559 = CIRCLE('',#560,3.4);
#560 = AXIS2_PLACEMENT_3D('',#561,#562,#563);
#561 = CARTESIAN_POINT('',(5.,173.,26.4));
#562 = DIRECTION('',(0.,0.,1.));
#563 = DIRECTION('',(-1.,-0.,0.));
#564 = PCURVE('',#44,#565);
#565 = DEFINITIONAL_REPRESENTATION('',(#566),#570);
#566 = CIRCLE('',#567,3.4);
#567 = AXIS2_PLACEMENT_2D('',#568,#569);
#568 = CARTESIAN_POINT('',(5.,173.));
#569 = DIRECTION('',(-1.,0.));
#570 = ( GEOMETRIC_REPRESENTATION_CONTEXT(2) 
PARAMETRIC_REPRESENTATION_CONTEXT() REPRESENTATION_CONTEXT('2D SPACE',''
  ) );
#571 = PCURVE('',#572,#577);
#572 = CYLINDRICAL_SURFACE('',#573,3.4);
#573 = AXIS2_PLACEMENT_3D('',#574,#575,#576);
#574 = CARTESIAN_POINT('',(5.,173.,1.6));
#575 = DIRECTION('',(0.,0.,1.));
#576 = DIRECTION('',(-1.,-0.,0.));
#577 = DEFINITIONAL_REPRESENTATION('',(#578),#582);
#578 = LINE('',#579,#580);
#579 = CARTESIAN_POINT('',(-6.28318530718,24.8));
#580 = VECTOR('',#581,1.);
#581 = DIRECTION('',(1.,-0.));
#582 = ( GEOMETRIC_REPRESENTATION_CONTEXT(2) 
PARAMETRIC_REPRESENTATION_CONTEXT() REPRESENTATION_CONTEXT('2D SPACE',''
  ) );
#583 = ORIENTED_EDGE('',*,*,#584,.F.);
#584 = EDGE_CURVE('',#585,#556,#587,.T.);
#585 = VERTEX_POINT('',#586);
#586 = CARTESIAN_POINT('',(69.,176.4,26.4));
#587 = SURFACE_CURVE('',#588,(#592,#599),.PCURVE_S1.);
#588 = LINE('',#589,#590);
#589 = CARTESIAN_POINT('',(0.8,176.4,26.4));
#590 = VECTOR('',#591,1.);
#591 = DIRECTION('',(-1.,0.,0.));
#592 = PCURVE('',#44,#593);
#593 = DEFINITIONAL_REPRESENTATION('',(#594),#598);
#594 = LINE('',#595,#596);
#595 = CARTESIAN_POINT('',(0.8,176.4));
#596 = VECTOR('',#597,1.);
#597 = DIRECTION('',(-1.,0.));
#598 = ( GEOMETRIC_REPRESENTATION_CONTEXT(2) 
PARAMETRIC_REPRESENTATION_CONTEXT() REPRESENTATION_CONTEXT('2D SPACE',''
  ) );
#599 = PCURVE('',#600,#605);
#600 = PLANE('',#601);
#601 = AXIS2_PLACEMENT_3D('',#602,#603,#604);
#602 = CARTESIAN_POINT('',(1.6,176.4,1.6));
#603 = DIRECTION('',(0.,1.,0.));
#604 = DIRECTION('',(0.,0.,1.));
#605 = DEFINITIONAL_REPRESENTATION('',(#606),#610);
#606 = LINE('',#607,#608);
#607 = CARTESIAN_POINT('',(24.8,-0.8));
#608 = VECTOR('',#609,1.);
#609 = DIRECTION('',(0.,-1.));
#610 = ( GEOMETRIC_REPRESENTATION_CONTEXT(2) 
PARAMETRIC_REPRESENTATION_CONTEXT() REPRESENTATION_CONTEXT('2D SPACE',''
  ) );
#611 = ORIENTED_EDGE('',*,*,#612,.F.);
#612 = EDGE_CURVE('',#613,#585,#615,.T.);
#613 = VERTEX_POINT('',#614);
#614 = CARTESIAN_POINT('',(69.525465842134,176.35914954248,26.4));
#615 = SURFACE_CURVE('',#616,(#621,#628),.PCURVE_S1.);
#616 = CIRCLE('',#617,3.4);
#617 = AXIS2_PLACEMENT_3D('',#618,#619,#620);
#618 = CARTESIAN_POINT('',(69.,173.,26.4));
#619 = DIRECTION('',(0.,0.,1.));
#620 = DIRECTION('',(1.,0.,-0.));
#621 = PCURVE('',#44,#622);
#622 = DEFINITIONAL_REPRESENTATION('',(#623),#627);
#623 = CIRCLE('',#624,3.4);
#624 = AXIS2_PLACEMENT_2D('',#625,#626);
#625 = CARTESIAN_POINT('',(69.,173.));
#626 = DIRECTION('',(1.,0.));
#627 = ( GEOMETRIC_REPRESENTATION_CONTEXT(2) 
PARAMETRIC_REPRESENTATION_CONTEXT() REPRESENTATION_CONTEXT('2D SPACE',''
  ) );
#628 = PCURVE('',#629,#634);
#629 = CYLINDRICAL_SURFACE('',#630,3.4);
#630 = AXIS2_PLACEMENT_3D('',#631,#632,#633);
#631 = CARTESIAN_POINT('',(69.,173.,1.6));
#632 = DIRECTION('',(0.,0.,1.));
#633 = DIRECTION('',(1.,0.,-0.));
#634 = DEFINITIONAL_REPRESENTATION('',(#635),#639);
#635 = LINE('',#636,#637);
#636 = CARTESIAN_POINT('',(0.,24.8));
#637 = VECTOR('',#638,1.);
#638 = DIRECTION('',(1.,0.));
#639 = ( GEOMETRIC_REPRESENTATION_CONTEXT(2) 
PARAMETRIC_REPRESENTATION_CONTEXT() REPRESENTATION_CONTEXT('2D SPACE',''
  ) );
#640 = ORIENTED_EDGE('',*,*,#641,.T.);
#641 = EDGE_CURVE('',#613,#642,#644,.T.);
#642 = VERTEX_POINT('',#643);
#643 = CARTESIAN_POINT('',(72.359149542481,173.52546584213,26.4));
#644 = SURFACE_CURVE('',#645,(#650,#657),.PCURVE_S1.);
#645 = CIRCLE('',#646,2.2);
#646 = AXIS2_PLACEMENT_3D('',#647,#648,#649);
#647 = CARTESIAN_POINT('',(70.3,174.3,26.4));
#648 = DIRECTION('',(0.,0.,1.));
#649 = DIRECTION('',(1.,0.,0.));
#650 = PCURVE('',#44,#651);
#651 = DEFINITIONAL_REPRESENTATION('',(#652),#656);
#652 = CIRCLE('',#653,2.2);
#653 = AXIS2_PLACEMENT_2D('',#654,#655);
#654 = CARTESIAN_POINT('',(70.3,174.3));
#655 = DIRECTION('',(1.,0.));
#656 = ( GEOMETRIC_REPRESENTATION_CONTEXT(2) 
PARAMETRIC_REPRESENTATION_CONTEXT() REPRESENTATION_CONTEXT('2D SPACE',''
  ) );
#657 = PCURVE('',#658,#663);
#658 = CYLINDRICAL_SURFACE('',#659,2.2);
#659 = AXIS2_PLACEMENT_3D('',#660,#661,#662);
#660 = CARTESIAN_POINT('',(70.3,174.3,1.6));
#661 = DIRECTION('',(-0.,-0.,-1.));
#662 = DIRECTION('',(1.,0.,0.));
#663 = DEFINITIONAL_REPRESENTATION('',(#664),#668);
#664 = LINE('',#665,#666);
#665 = CARTESIAN_POINT('',(-0.,-24.8));
#666 = VECTOR('',#667,1.);
#667 = DIRECTION('',(-1.,0.));
#668 = ( GEOMETRIC_REPRESENTATION_CONTEXT(2) 
PARAMETRIC_REPRESENTATION_CONTEXT() REPRESENTATION_CONTEXT('2D SPACE',''
  ) );
#669 = ORIENTED_EDGE('',*,*,#670,.F.);
#670 = EDGE_CURVE('',#671,#642,#673,.T.);
#671 = VERTEX_POINT('',#672);
#672 = CARTESIAN_POINT('',(72.4,173.,26.4));
#673 = SURFACE_CURVE('',#674,(#679,#686),.PCURVE_S1.);
#674 = CIRCLE('',#675,3.4);
#675 = AXIS2_PLACEMENT_3D('',#676,#677,#678);
#676 = CARTESIAN_POINT('',(69.,173.,26.4));
#677 = DIRECTION('',(0.,0.,1.));
#678 = DIRECTION('',(1.,0.,-0.));
#679 = PCURVE('',#44,#680);
#680 = DEFINITIONAL_REPRESENTATION('',(#681),#685);
#681 = CIRCLE('',#682,3.4);
#682 = AXIS2_PLACEMENT_2D('',#683,#684);
#683 = CARTESIAN_POINT('',(69.,173.));
#684 = DIRECTION('',(1.,0.));
#685 = ( GEOMETRIC_REPRESENTATION_CONTEXT(2) 
PARAMETRIC_REPRESENTATION_CONTEXT() REPRESENTATION_CONTEXT('2D SPACE',''
  ) );
#686 = PCURVE('',#687,#692);
#687 = CYLINDRICAL_SURFACE('',#688,3.4);
#688 = AXIS2_PLACEMENT_3D('',#689,#690,#691);
#689 = CARTESIAN_POINT('',(69.,173.,1.6));
#690 = DIRECTION('',(0.,0.,1.));
#691 = DIRECTION('',(1.,0.,-0.));
#692 = DEFINITIONAL_REPRESENTATION('',(#693),#697);
#693 = LINE('',#694,#695);
#694 = CARTESIAN_POINT('',(0.,24.8));
#695 = VECTOR('',#696,1.);
#696 = DIRECTION('',(1.,0.));
#697 = ( GEOMETRIC_REPRESENTATION_CONTEXT(2) 
PARAMETRIC_REPRESENTATION_CONTEXT() REPRESENTATION_CONTEXT('2D SPACE',''
  ) );
#698 = ORIENTED_EDGE('',*,*,#699,.F.);
#699 = EDGE_CURVE('',#700,#671,#702,.T.);
#700 = VERTEX_POINT('',#701);
#701 = CARTESIAN_POINT('',(72.4,5.,26.4));
#702 = SURFACE_CURVE('',#703,(#707,#714),.PCURVE_S1.);
#703 = LINE('',#704,#705);
#704 = CARTESIAN_POINT('',(72.4,0.8,26.4));
#705 = VECTOR('',#706,1.);
#706 = DIRECTION('',(0.,1.,0.));
#707 = PCURVE('',#44,#708);
#708 = DEFINITIONAL_REPRESENTATION('',(#709),#713);
#709 = LINE('',#710,#711);
#710 = CARTESIAN_POINT('',(72.4,0.8));
#711 = VECTOR('',#712,1.);
#712 = DIRECTION('',(0.,1.));
#713 = ( GEOMETRIC_REPRESENTATION_CONTEXT(2) 
PARAMETRIC_REPRESENTATION_CONTEXT() REPRESENTATION_CONTEXT('2D SPACE',''
  ) );
#714 = PCURVE('',#715,#720);
#715 = PLANE('',#716);
#716 = AXIS2_PLACEMENT_3D('',#717,#718,#719);
#717 = CARTESIAN_POINT('',(72.4,1.6,1.6));
#718 = DIRECTION('',(1.,0.,0.));
#719 = DIRECTION('',(0.,0.,1.));
#720 = DEFINITIONAL_REPRESENTATION('',(#721),#725);
#721 = LINE('',#722,#723);
#722 = CARTESIAN_POINT('',(24.8,0.8));
#723 = VECTOR('',#724,1.);
#724 = DIRECTION('',(0.,-1.));
#725 = ( GEOMETRIC_REPRESENTATION_CONTEXT(2) 
PARAMETRIC_REPRESENTATION_CONTEXT() REPRESENTATION_CONTEXT('2D SPACE',''
  ) );
#726 = ORIENTED_EDGE('',*,*,#727,.F.);
#727 = EDGE_CURVE('',#728,#700,#730,.T.);
#728 = VERTEX_POINT('',#729);
#729 = CARTESIAN_POINT('',(69.,1.6,26.4));
#730 = SURFACE_CURVE('',#731,(#736,#743),.PCURVE_S1.);
#731 = CIRCLE('',#732,3.4);
#732 = AXIS2_PLACEMENT_3D('',#733,#734,#735);
#733 = CARTESIAN_POINT('',(69.,5.,26.4));
#734 = DIRECTION('',(0.,0.,1.));
#735 = DIRECTION('',(1.,0.,-0.));
#736 = PCURVE('',#44,#737);
#737 = DEFINITIONAL_REPRESENTATION('',(#738),#742);
#738 = CIRCLE('',#739,3.4);
#739 = AXIS2_PLACEMENT_2D('',#740,#741);
#740 = CARTESIAN_POINT('',(69.,5.));
#741 = DIRECTION('',(1.,0.));
#742 = ( GEOMETRIC_REPRESENTATION_CONTEXT(2) 
PARAMETRIC_REPRESENTATION_CONTEXT() REPRESENTATION_CONTEXT('2D SPACE',''
  ) );
#743 = PCURVE('',#744,#749);
#744 = CYLINDRICAL_SURFACE('',#745,3.4);
#745 = AXIS2_PLACEMENT_3D('',#746,#747,#748);
#746 = CARTESIAN_POINT('',(69.,5.,1.6));
#747 = DIRECTION('',(0.,0.,1.));
#748 = DIRECTION('',(1.,0.,-0.));
#749 = DEFINITIONAL_REPRESENTATION('',(#750),#754);
#750 = LINE('',#751,#752);
#751 = CARTESIAN_POINT('',(-6.28318530718,24.8));
#752 = VECTOR('',#753,1.);
#753 = DIRECTION('',(1.,-0.));
#754 = ( GEOMETRIC_REPRESENTATION_CONTEXT(2) 
PARAMETRIC_REPRESENTATION_CONTEXT() REPRESENTATION_CONTEXT('2D SPACE',''
  ) );
#755 = ORIENTED_EDGE('',*,*,#756,.T.);
#756 = EDGE_CURVE('',#728,#757,#759,.T.);
#757 = VERTEX_POINT('',#758);
#758 = CARTESIAN_POINT('',(5.,1.6,26.4));
#759 = SURFACE_CURVE('',#760,(#764,#771),.PCURVE_S1.);
#760 = LINE('',#761,#762);
#761 = CARTESIAN_POINT('',(0.8,1.6,26.4));
#762 = VECTOR('',#763,1.);
#763 = DIRECTION('',(-1.,0.,0.));
#764 = PCURVE('',#44,#765);
#765 = DEFINITIONAL_REPRESENTATION('',(#766),#770);
#766 = LINE('',#767,#768);
#767 = CARTESIAN_POINT('',(0.8,1.6));
#768 = VECTOR('',#769,1.);
#769 = DIRECTION('',(-1.,0.));
#770 = ( GEOMETRIC_REPRESENTATION_CONTEXT(2) 
PARAMETRIC_REPRESENTATION_CONTEXT() REPRESENTATION_CONTEXT('2D SPACE',''
  ) );
#771 = PCURVE('',#772,#777);
#772 = PLANE('',#773);
#773 = AXIS2_PLACEMENT_3D('',#774,#775,#776);
#774 = CARTESIAN_POINT('',(1.6,1.6,1.6));
#775 = DIRECTION('',(0.,1.,0.));
#776 = DIRECTION('',(0.,0.,1.));
#777 = DEFINITIONAL_REPRESENTATION('',(#778),#782);
#778 = LINE('',#779,#780);
#779 = CARTESIAN_POINT('',(24.8,-0.8));
#780 = VECTOR('',#781,1.);
#781 = DIRECTION('',(0.,-1.));
#782 = ( GEOMETRIC_REPRESENTATION_CONTEXT(2) 
PARAMETRIC_REPRESENTATION_CONTEXT() REPRESENTATION_CONTEXT('2D SPACE',''
  ) );
#783 = ORIENTED_EDGE('',*,*,#784,.F.);
#784 = EDGE_CURVE('',#785,#757,#787,.T.);
#785 = VERTEX_POINT('',#786);
#786 = CARTESIAN_POINT('',(3.063799827824,2.205160309916,26.4));
#787 = SURFACE_CURVE('',#788,(#793,#800),.PCURVE_S1.);
#788 = CIRCLE('',#789,3.4);
#789 = AXIS2_PLACEMENT_3D('',#790,#791,#792);
#790 = CARTESIAN_POINT('',(5.,5.,26.4));
#791 = DIRECTION('',(0.,0.,1.));
#792 = DIRECTION('',(-1.,-0.,0.));
#793 = PCURVE('',#44,#794);
#794 = DEFINITIONAL_REPRESENTATION('',(#795),#799);
#795 = CIRCLE('',#796,3.4);
#796 = AXIS2_PLACEMENT_2D('',#797,#798);
#797 = CARTESIAN_POINT('',(5.,5.));
#798 = DIRECTION('',(-1.,0.));
#799 = ( GEOMETRIC_REPRESENTATION_CONTEXT(2) 
PARAMETRIC_REPRESENTATION_CONTEXT() REPRESENTATION_CONTEXT('2D SPACE',''
  ) );
#800 = PCURVE('',#801,#806);
#801 = CYLINDRICAL_SURFACE('',#802,3.4);
#802 = AXIS2_PLACEMENT_3D('',#803,#804,#805);
#803 = CARTESIAN_POINT('',(5.,5.,1.6));
#804 = DIRECTION('',(0.,0.,1.));
#805 = DIRECTION('',(-1.,-0.,0.));
#806 = DEFINITIONAL_REPRESENTATION('',(#807),#811);
#807 = LINE('',#808,#809);
#808 = CARTESIAN_POINT('',(0.,24.8));
#809 = VECTOR('',#810,1.);
#810 = DIRECTION('',(1.,0.));
#811 = ( GEOMETRIC_REPRESENTATION_CONTEXT(2) 
PARAMETRIC_REPRESENTATION_CONTEXT() REPRESENTATION_CONTEXT('2D SPACE',''
  ) );
#812 = ORIENTED_EDGE('',*,*,#813,.T.);
#813 = EDGE_CURVE('',#785,#814,#816,.T.);
#814 = VERTEX_POINT('',#815);
#815 = CARTESIAN_POINT('',(1.604124700478,4.83257553914,26.4));
#816 = SURFACE_CURVE('',#817,(#822,#829),.PCURVE_S1.);
#817 = CIRCLE('',#818,1.8);
#818 = AXIS2_PLACEMENT_3D('',#819,#820,#821);
#819 = CARTESIAN_POINT('',(3.2,4.,26.4));
#820 = DIRECTION('',(-5.453361116204E-33,-1.979404455133E-15,1.));
#821 = DIRECTION('',(-7.566676231986E-02,-0.997133161158,
    -1.973729821556E-15));
#822 = PCURVE('',#44,#823);
#823 = DEFINITIONAL_REPRESENTATION('',(#824),#828);
#824 = CIRCLE('',#825,1.8);
#825 = AXIS2_PLACEMENT_2D('',#826,#827);
#826 = CARTESIAN_POINT('',(3.2,4.));
#827 = DIRECTION('',(-7.566676231986E-02,-0.997133161158));
#828 = ( GEOMETRIC_REPRESENTATION_CONTEXT(2) 
PARAMETRIC_REPRESENTATION_CONTEXT() REPRESENTATION_CONTEXT('2D SPACE',''
  ) );
#829 = PCURVE('',#830,#835);
#830 = CYLINDRICAL_SURFACE('',#831,1.8);
#831 = AXIS2_PLACEMENT_3D('',#832,#833,#834);
#832 = CARTESIAN_POINT('',(3.2,4.,1.6));
#833 = DIRECTION('',(-0.,-0.,-1.));
#834 = DIRECTION('',(1.,0.,0.));
#835 = DEFINITIONAL_REPRESENTATION('',(#836),#840);
#836 = LINE('',#837,#838);
#837 = CARTESIAN_POINT('',(-4.636649826907,-24.8));
#838 = VECTOR('',#839,1.);
#839 = DIRECTION('',(-1.,0.));
#840 = ( GEOMETRIC_REPRESENTATION_CONTEXT(2) 
PARAMETRIC_REPRESENTATION_CONTEXT() REPRESENTATION_CONTEXT('2D SPACE',''
  ) );
#841 = ORIENTED_EDGE('',*,*,#842,.F.);
#842 = EDGE_CURVE('',#843,#814,#845,.T.);
#843 = VERTEX_POINT('',#844);
#844 = CARTESIAN_POINT('',(1.6,5.,26.4));
#845 = SURFACE_CURVE('',#846,(#851,#858),.PCURVE_S1.);
#846 = CIRCLE('',#847,3.4);
#847 = AXIS2_PLACEMENT_3D('',#848,#849,#850);
#848 = CARTESIAN_POINT('',(5.,5.,26.4));
#849 = DIRECTION('',(0.,0.,1.));
#850 = DIRECTION('',(-1.,-0.,0.));
#851 = PCURVE('',#44,#852);
#852 = DEFINITIONAL_REPRESENTATION('',(#853),#857);
#853 = CIRCLE('',#854,3.4);
#854 = AXIS2_PLACEMENT_2D('',#855,#856);
#855 = CARTESIAN_POINT('',(5.,5.));
#856 = DIRECTION('',(-1.,0.));
#857 = ( GEOMETRIC_REPRESENTATION_CONTEXT(2) 
PARAMETRIC_REPRESENTATION_CONTEXT() REPRESENTATION_CONTEXT('2D SPACE',''
  ) );
#858 = PCURVE('',#859,#864);
#859 = CYLINDRICAL_SURFACE('',#860,3.4);
#860 = AXIS2_PLACEMENT_3D('',#861,#862,#863);
#861 = CARTESIAN_POINT('',(5.,5.,1.6));
#862 = DIRECTION('',(0.,0.,1.));
#863 = DIRECTION('',(-1.,-0.,0.));
#864 = DEFINITIONAL_REPRESENTATION('',(#865),#869);
#865 = LINE('',#866,#867);
#866 = CARTESIAN_POINT('',(0.,24.8));
#867 = VECTOR('',#868,1.);
#868 = DIRECTION('',(1.,0.));
#869 = ( GEOMETRIC_REPRESENTATION_CONTEXT(2) 
PARAMETRIC_REPRESENTATION_CONTEXT() REPRESENTATION_CONTEXT('2D SPACE',''
  ) );
#870 = ORIENTED_EDGE('',*,*,#871,.T.);
#871 = EDGE_CURVE('',#843,#872,#874,.T.);
#872 = VERTEX_POINT('',#873);
#873 = CARTESIAN_POINT('',(1.6,9.34,26.4));
#874 = SURFACE_CURVE('',#875,(#879,#886),.PCURVE_S1.);
#875 = LINE('',#876,#877);
#876 = CARTESIAN_POINT('',(1.6,0.8,26.4));
#877 = VECTOR('',#878,1.);
#878 = DIRECTION('',(0.,1.,0.));
#879 = PCURVE('',#44,#880);
#880 = DEFINITIONAL_REPRESENTATION('',(#881),#885);
#881 = LINE('',#882,#883);
#882 = CARTESIAN_POINT('',(1.6,0.8));
#883 = VECTOR('',#884,1.);
#884 = DIRECTION('',(0.,1.));
#885 = ( GEOMETRIC_REPRESENTATION_CONTEXT(2) 
PARAMETRIC_REPRESENTATION_CONTEXT() REPRESENTATION_CONTEXT('2D SPACE',''
  ) );
#886 = PCURVE('',#485,#887);
#887 = DEFINITIONAL_REPRESENTATION('',(#888),#892);
#888 = LINE('',#889,#890);
#889 = CARTESIAN_POINT('',(24.8,0.8));
#890 = VECTOR('',#891,1.);
#891 = DIRECTION('',(0.,-1.));
#892 = ( GEOMETRIC_REPRESENTATION_CONTEXT(2) 
PARAMETRIC_REPRESENTATION_CONTEXT() REPRESENTATION_CONTEXT('2D SPACE',''
  ) );
#893 = ORIENTED_EDGE('',*,*,#894,.T.);
#894 = EDGE_CURVE('',#872,#24,#895,.T.);
#895 = SURFACE_CURVE('',#896,(#900,#907),.PCURVE_S1.);
#896 = LINE('',#897,#898);
#897 = CARTESIAN_POINT('',(-0.5,9.34,26.4));
#898 = VECTOR('',#899,1.);
#899 = DIRECTION('',(-1.,0.,0.));
#900 = PCURVE('',#44,#901);
#901 = DEFINITIONAL_REPRESENTATION('',(#902),#906);
#902 = LINE('',#903,#904);
#903 = CARTESIAN_POINT('',(-0.5,9.34));
#904 = VECTOR('',#905,1.);
#905 = DIRECTION('',(-1.,0.));
#906 = ( GEOMETRIC_REPRESENTATION_CONTEXT(2) 
PARAMETRIC_REPRESENTATION_CONTEXT() REPRESENTATION_CONTEXT('2D SPACE',''
  ) );
#907 = PCURVE('',#233,#908);
#908 = DEFINITIONAL_REPRESENTATION('',(#909),#913);
#909 = LINE('',#910,#911);
#910 = CARTESIAN_POINT('',(7.,0.5));
#911 = VECTOR('',#912,1.);
#912 = DIRECTION('',(0.,-1.));
#913 = ( GEOMETRIC_REPRESENTATION_CONTEXT(2) 
PARAMETRIC_REPRESENTATION_CONTEXT() REPRESENTATION_CONTEXT('2D SPACE',''
  ) );
#914 = FACE_BOUND('',#915,.T.);
#915 = EDGE_LOOP('',(#916));
#916 = ORIENTED_EDGE('',*,*,#917,.T.);
#917 = EDGE_CURVE('',#918,#918,#920,.T.);
#918 = VERTEX_POINT('',#919);
#919 = CARTESIAN_POINT('',(4.25,4.,26.4));
#920 = SURFACE_CURVE('',#921,(#926,#937),.PCURVE_S1.);
#921 = CIRCLE('',#922,1.05);
#922 = AXIS2_PLACEMENT_3D('',#923,#924,#925);
#923 = CARTESIAN_POINT('',(3.2,4.,26.4));
#924 = DIRECTION('',(0.,0.,-1.));
#925 = DIRECTION('',(1.,0.,0.));
#926 = PCURVE('',#44,#927);
#927 = DEFINITIONAL_REPRESENTATION('',(#928),#936);
#928 = ( BOUNDED_CURVE() B_SPLINE_CURVE(2,(#929,#930,#931,#932,#933,#934
,#935),.UNSPECIFIED.,.T.,.F.) B_SPLINE_CURVE_WITH_KNOTS((1,2,2,2,2,1),(
    -2.094395102393,0.,2.094395102393,4.188790204786,6.28318530718,
8.377580409573),.UNSPECIFIED.) CURVE() GEOMETRIC_REPRESENTATION_ITEM() 
RATIONAL_B_SPLINE_CURVE((1.,0.5,1.,0.5,1.,0.5,1.)) REPRESENTATION_ITEM(
  '') );
#929 = CARTESIAN_POINT('',(4.25,4.));
#930 = CARTESIAN_POINT('',(4.25,2.181346652053));
#931 = CARTESIAN_POINT('',(2.675,3.090673326026));
#932 = CARTESIAN_POINT('',(1.1,4.));
#933 = CARTESIAN_POINT('',(2.675,4.909326673974));
#934 = CARTESIAN_POINT('',(4.25,5.818653347947));
#935 = CARTESIAN_POINT('',(4.25,4.));
#936 = ( GEOMETRIC_REPRESENTATION_CONTEXT(2) 
PARAMETRIC_REPRESENTATION_CONTEXT() REPRESENTATION_CONTEXT('2D SPACE',''
  ) );
#937 = PCURVE('',#938,#943);
#938 = CYLINDRICAL_SURFACE('',#939,1.05);
#939 = AXIS2_PLACEMENT_3D('',#940,#941,#942);
#940 = CARTESIAN_POINT('',(3.2,4.,20.4));
#941 = DIRECTION('',(-0.,-0.,-1.));
#942 = DIRECTION('',(1.,0.,0.));
#943 = DEFINITIONAL_REPRESENTATION('',(#944),#948);
#944 = LINE('',#945,#946);
#945 = CARTESIAN_POINT('',(-6.28318530718,-6.));
#946 = VECTOR('',#947,1.);
#947 = DIRECTION('',(1.,-0.));
#948 = ( GEOMETRIC_REPRESENTATION_CONTEXT(2) 
PARAMETRIC_REPRESENTATION_CONTEXT() REPRESENTATION_CONTEXT('2D SPACE',''
  ) );
#949 = FACE_BOUND('',#950,.T.);
#950 = EDGE_LOOP('',(#951));
#951 = ORIENTED_EDGE('',*,*,#952,.T.);
#952 = EDGE_CURVE('',#953,#953,#955,.T.);
#953 = VERTEX_POINT('',#954);
#954 = CARTESIAN_POINT('',(4.75,174.3,26.4));
#955 = SURFACE_CURVE('',#956,(#961,#972),.PCURVE_S1.);
#956 = CIRCLE('',#957,1.05);
#957 = AXIS2_PLACEMENT_3D('',#958,#959,#960);
#958 = CARTESIAN_POINT('',(3.7,174.3,26.4));
#959 = DIRECTION('',(0.,0.,-1.));
#960 = DIRECTION('',(1.,0.,0.));
#961 = PCURVE('',#44,#962);
#962 = DEFINITIONAL_REPRESENTATION('',(#963),#971);
#963 = ( BOUNDED_CURVE() B_SPLINE_CURVE(2,(#964,#965,#966,#967,#968,#969
,#970),.UNSPECIFIED.,.T.,.F.) B_SPLINE_CURVE_WITH_KNOTS((1,2,2,2,2,1),(
    -2.094395102393,0.,2.094395102393,4.188790204786,6.28318530718,
8.377580409573),.UNSPECIFIED.) CURVE() GEOMETRIC_REPRESENTATION_ITEM() 
RATIONAL_B_SPLINE_CURVE((1.,0.5,1.,0.5,1.,0.5,1.)) REPRESENTATION_ITEM(
  '') );
#964 = CARTESIAN_POINT('',(4.75,174.3));
#965 = CARTESIAN_POINT('',(4.75,172.48134665205));
#966 = CARTESIAN_POINT('',(3.175,173.39067332602));
#967 = CARTESIAN_POINT('',(1.6,174.3));
#968 = CARTESIAN_POINT('',(3.175,175.20932667397));
#969 = CARTESIAN_POINT('',(4.75,176.11865334794));
#970 = CARTESIAN_POINT('',(4.75,174.3));
#971 = ( GEOMETRIC_REPRESENTATION_CONTEXT(2) 
PARAMETRIC_REPRESENTATION_CONTEXT() REPRESENTATION_CONTEXT('2D SPACE',''
  ) );
#972 = PCURVE('',#973,#978);
#973 = CYLINDRICAL_SURFACE('',#974,1.05);
#974 = AXIS2_PLACEMENT_3D('',#975,#976,#977);
#975 = CARTESIAN_POINT('',(3.7,174.3,20.4));
#976 = DIRECTION('',(-0.,-0.,-1.));
#977 = DIRECTION('',(1.,0.,0.));
#978 = DEFINITIONAL_REPRESENTATION('',(#979),#983);
#979 = LINE('',#980,#981);
#980 = CARTESIAN_POINT('',(-6.28318530718,-6.));
#981 = VECTOR('',#982,1.);
#982 = DIRECTION('',(1.,-0.));
#983 = ( GEOMETRIC_REPRESENTATION_CONTEXT(2) 
PARAMETRIC_REPRESENTATION_CONTEXT() REPRESENTATION_CONTEXT('2D SPACE',''
  ) );
#984 = FACE_BOUND('',#985,.T.);
#985 = EDGE_LOOP('',(#986));
#986 = ORIENTED_EDGE('',*,*,#987,.T.);
#987 = EDGE_CURVE('',#988,#988,#990,.T.);
#988 = VERTEX_POINT('',#989);
#989 = CARTESIAN_POINT('',(71.35,174.3,26.4));
#990 = SURFACE_CURVE('',#991,(#996,#1007),.PCURVE_S1.);
#991 = CIRCLE('',#992,1.05);
#992 = AXIS2_PLACEMENT_3D('',#993,#994,#995);
#993 = CARTESIAN_POINT('',(70.3,174.3,26.4));
#994 = DIRECTION('',(0.,0.,-1.));
#995 = DIRECTION('',(1.,0.,0.));
#996 = PCURVE('',#44,#997);
#997 = DEFINITIONAL_REPRESENTATION('',(#998),#1006);
#998 = ( BOUNDED_CURVE() B_SPLINE_CURVE(2,(#999,#1000,#1001,#1002,#1003,
#1004,#1005),.UNSPECIFIED.,.T.,.F.) B_SPLINE_CURVE_WITH_KNOTS((1,2,2,2,2
    ,1),(-2.094395102393,0.,2.094395102393,4.188790204786,6.28318530718,
8.377580409573),.UNSPECIFIED.) CURVE() GEOMETRIC_REPRESENTATION_ITEM() 
RATIONAL_B_SPLINE_CURVE((1.,0.5,1.,0.5,1.,0.5,1.)) REPRESENTATION_ITEM(
  '') );
#999 = CARTESIAN_POINT('',(71.35,174.3));
#1000 = CARTESIAN_POINT('',(71.35,172.48134665205));
#1001 = CARTESIAN_POINT('',(69.775,173.39067332602));
#1002 = CARTESIAN_POINT('',(68.2,174.3));
#1003 = CARTESIAN_POINT('',(69.775,175.20932667397));
#1004 = CARTESIAN_POINT('',(71.35,176.11865334794));
#1005 = CARTESIAN_POINT('',(71.35,174.3));
#1006 = ( GEOMETRIC_REPRESENTATION_CONTEXT(2) 
PARAMETRIC_REPRESENTATION_CONTEXT() REPRESENTATION_CONTEXT('2D SPACE',''
  ) );
#1007 = PCURVE('',#1008,#1013);
#1008 = CYLINDRICAL_SURFACE('',#1009,1.05);
#1009 = AXIS2_PLACEMENT_3D('',#1010,#1011,#1012);
#1010 = CARTESIAN_POINT('',(70.3,174.3,20.4));
#1011 = DIRECTION('',(-0.,-0.,-1.));
#1012 = DIRECTION('',(1.,0.,0.));
#1013 = DEFINITIONAL_REPRESENTATION('',(#1014),#1018);
#1014 = LINE('',#1015,#1016);
#1015 = CARTESIAN_POINT('',(-6.28318530718,-6.));
#1016 = VECTOR('',#1017,1.);
#1017 = DIRECTION('',(1.,-0.));
#1018 = ( GEOMETRIC_REPRESENTATION_CONTEXT(2) 
PARAMETRIC_REPRESENTATION_CONTEXT() REPRESENTATION_CONTEXT('2D SPACE',''
  ) );
#1019 = ADVANCED_FACE('',(#1020),#233,.T.);
#1020 = FACE_BOUND('',#1021,.T.);
#1021 = EDGE_LOOP('',(#1022,#1045,#1046,#1047));
#1022 = ORIENTED_EDGE('',*,*,#1023,.F.);
#1023 = EDGE_CURVE('',#192,#1024,#1026,.T.);
#1024 = VERTEX_POINT('',#1025);
#1025 = CARTESIAN_POINT('',(1.6,9.34,19.4));
#1026 = SURFACE_CURVE('',#1027,(#1031,#1038),.PCURVE_S1.);
#1027 = LINE('',#1028,#1029);
#1028 = CARTESIAN_POINT('',(-1.,9.34,19.4));
#1029 = VECTOR('',#1030,1.);
#1030 = DIRECTION('',(1.,0.,0.));
#1031 = PCURVE('',#233,#1032);
#1032 = DEFINITIONAL_REPRESENTATION('',(#1033),#1037);
#1033 = LINE('',#1034,#1035);
#1034 = CARTESIAN_POINT('',(0.,0.));
#1035 = VECTOR('',#1036,1.);
#1036 = DIRECTION('',(0.,1.));
#1037 = ( GEOMETRIC_REPRESENTATION_CONTEXT(2) 
PARAMETRIC_REPRESENTATION_CONTEXT() REPRESENTATION_CONTEXT('2D SPACE',''
  ) );
#1038 = PCURVE('',#207,#1039);
#1039 = DEFINITIONAL_REPRESENTATION('',(#1040),#1044);
#1040 = LINE('',#1041,#1042);
#1041 = CARTESIAN_POINT('',(0.,0.));
#1042 = VECTOR('',#1043,1.);
#1043 = DIRECTION('',(1.,0.));
#1044 = ( GEOMETRIC_REPRESENTATION_CONTEXT(2) 
PARAMETRIC_REPRESENTATION_CONTEXT() REPRESENTATION_CONTEXT('2D SPACE',''
  ) );
#1045 = ORIENTED_EDGE('',*,*,#219,.T.);
#1046 = ORIENTED_EDGE('',*,*,#894,.F.);
#1047 = ORIENTED_EDGE('',*,*,#1048,.F.);
#1048 = EDGE_CURVE('',#1024,#872,#1049,.T.);
#1049 = SURFACE_CURVE('',#1050,(#1054,#1061),.PCURVE_S1.);
#1050 = LINE('',#1051,#1052);
#1051 = CARTESIAN_POINT('',(1.6,9.34,10.5));
#1052 = VECTOR('',#1053,1.);
#1053 = DIRECTION('',(0.,0.,1.));
#1054 = PCURVE('',#233,#1055);
#1055 = DEFINITIONAL_REPRESENTATION('',(#1056),#1060);
#1056 = LINE('',#1057,#1058);
#1057 = CARTESIAN_POINT('',(-8.9,2.6));
#1058 = VECTOR('',#1059,1.);
#1059 = DIRECTION('',(1.,0.));
#1060 = ( GEOMETRIC_REPRESENTATION_CONTEXT(2) 
PARAMETRIC_REPRESENTATION_CONTEXT() REPRESENTATION_CONTEXT('2D SPACE',''
  ) );
#1061 = PCURVE('',#485,#1062);
#1062 = DEFINITIONAL_REPRESENTATION('',(#1063),#1067);
#1063 = LINE('',#1064,#1065);
#1064 = CARTESIAN_POINT('',(8.9,-7.74));
#1065 = VECTOR('',#1066,1.);
#1066 = DIRECTION('',(1.,0.));
#1067 = ( GEOMETRIC_REPRESENTATION_CONTEXT(2) 
PARAMETRIC_REPRESENTATION_CONTEXT() REPRESENTATION_CONTEXT('2D SPACE',''
  ) );
#1068 = ADVANCED_FACE('',(#1069),#207,.T.);
#1069 = FACE_BOUND('',#1070,.T.);
#1070 = EDGE_LOOP('',(#1071,#1094,#1095,#1096));
#1071 = ORIENTED_EDGE('',*,*,#1072,.F.);
#1072 = EDGE_CURVE('',#164,#1073,#1075,.T.);
#1073 = VERTEX_POINT('',#1074);
#1074 = CARTESIAN_POINT('',(1.6,22.34,19.4));
#1075 = SURFACE_CURVE('',#1076,(#1080,#1087),.PCURVE_S1.);
#1076 = LINE('',#1077,#1078);
#1077 = CARTESIAN_POINT('',(-1.,22.34,19.4));
#1078 = VECTOR('',#1079,1.);
#1079 = DIRECTION('',(1.,0.,0.));
#1080 = PCURVE('',#207,#1081);
#1081 = DEFINITIONAL_REPRESENTATION('',(#1082),#1086);
#1082 = LINE('',#1083,#1084);
#1083 = CARTESIAN_POINT('',(0.,13.));
#1084 = VECTOR('',#1085,1.);
#1085 = DIRECTION('',(1.,0.));
#1086 = ( GEOMETRIC_REPRESENTATION_CONTEXT(2) 
PARAMETRIC_REPRESENTATION_CONTEXT() REPRESENTATION_CONTEXT('2D SPACE',''
  ) );
#1087 = PCURVE('',#179,#1088);
#1088 = DEFINITIONAL_REPRESENTATION('',(#1089),#1093);
#1089 = LINE('',#1090,#1091);
#1090 = CARTESIAN_POINT('',(0.,0.));
#1091 = VECTOR('',#1092,1.);
#1092 = DIRECTION('',(0.,1.));
#1093 = ( GEOMETRIC_REPRESENTATION_CONTEXT(2) 
PARAMETRIC_REPRESENTATION_CONTEXT() REPRESENTATION_CONTEXT('2D SPACE',''
  ) );
#1094 = ORIENTED_EDGE('',*,*,#191,.T.);
#1095 = ORIENTED_EDGE('',*,*,#1023,.T.);
#1096 = ORIENTED_EDGE('',*,*,#1097,.F.);
#1097 = EDGE_CURVE('',#1073,#1024,#1098,.T.);
#1098 = SURFACE_CURVE('',#1099,(#1103,#1110),.PCURVE_S1.);
#1099 = LINE('',#1100,#1101);
#1100 = CARTESIAN_POINT('',(1.6,5.47,19.4));
#1101 = VECTOR('',#1102,1.);
#1102 = DIRECTION('',(0.,-1.,0.));
#1103 = PCURVE('',#207,#1104);
#1104 = DEFINITIONAL_REPRESENTATION('',(#1105),#1109);
#1105 = LINE('',#1106,#1107);
#1106 = CARTESIAN_POINT('',(2.6,-3.87));
#1107 = VECTOR('',#1108,1.);
#1108 = DIRECTION('',(0.,-1.));
#1109 = ( GEOMETRIC_REPRESENTATION_CONTEXT(2) 
PARAMETRIC_REPRESENTATION_CONTEXT() REPRESENTATION_CONTEXT('2D SPACE',''
  ) );
#1110 = PCURVE('',#485,#1111);
#1111 = DEFINITIONAL_REPRESENTATION('',(#1112),#1116);
#1112 = LINE('',#1113,#1114);
#1113 = CARTESIAN_POINT('',(17.8,-3.87));
#1114 = VECTOR('',#1115,1.);
#1115 = DIRECTION('',(0.,1.));
#1116 = ( GEOMETRIC_REPRESENTATION_CONTEXT(2) 
PARAMETRIC_REPRESENTATION_CONTEXT() REPRESENTATION_CONTEXT('2D SPACE',''
  ) );
#1117 = ADVANCED_FACE('',(#1118),#179,.F.);
#1118 = FACE_BOUND('',#1119,.F.);
#1119 = EDGE_LOOP('',(#1120,#1121,#1122,#1123));
#1120 = ORIENTED_EDGE('',*,*,#1072,.F.);
#1121 = ORIENTED_EDGE('',*,*,#163,.T.);
#1122 = ORIENTED_EDGE('',*,*,#446,.F.);
#1123 = ORIENTED_EDGE('',*,*,#1124,.F.);
#1124 = EDGE_CURVE('',#1073,#447,#1125,.T.);
#1125 = SURFACE_CURVE('',#1126,(#1130,#1137),.PCURVE_S1.);
#1126 = LINE('',#1127,#1128);
#1127 = CARTESIAN_POINT('',(1.6,22.34,10.5));
#1128 = VECTOR('',#1129,1.);
#1129 = DIRECTION('',(0.,0.,1.));
#1130 = PCURVE('',#179,#1131);
#1131 = DEFINITIONAL_REPRESENTATION('',(#1132),#1136);
#1132 = LINE('',#1133,#1134);
#1133 = CARTESIAN_POINT('',(-8.9,2.6));
#1134 = VECTOR('',#1135,1.);
#1135 = DIRECTION('',(1.,0.));
#1136 = ( GEOMETRIC_REPRESENTATION_CONTEXT(2) 
PARAMETRIC_REPRESENTATION_CONTEXT() REPRESENTATION_CONTEXT('2D SPACE',''
  ) );
#1137 = PCURVE('',#485,#1138);
#1138 = DEFINITIONAL_REPRESENTATION('',(#1139),#1143);
#1139 = LINE('',#1140,#1141);
#1140 = CARTESIAN_POINT('',(8.9,-20.74));
#1141 = VECTOR('',#1142,1.);
#1142 = DIRECTION('',(1.,0.));
#1143 = ( GEOMETRIC_REPRESENTATION_CONTEXT(2) 
PARAMETRIC_REPRESENTATION_CONTEXT() REPRESENTATION_CONTEXT('2D SPACE',''
  ) );
#1144 = ADVANCED_FACE('',(#1145),#128,.T.);
#1145 = FACE_BOUND('',#1146,.F.);
#1146 = EDGE_LOOP('',(#1147,#1175,#1196,#1197));
#1147 = ORIENTED_EDGE('',*,*,#1148,.T.);
#1148 = EDGE_CURVE('',#85,#1149,#1151,.T.);
#1149 = VERTEX_POINT('',#1150);
#1150 = CARTESIAN_POINT('',(5.,178.,0.));
#1151 = SURFACE_CURVE('',#1152,(#1157,#1164),.PCURVE_S1.);
#1152 = CIRCLE('',#1153,5.);
#1153 = AXIS2_PLACEMENT_3D('',#1154,#1155,#1156);
#1154 = CARTESIAN_POINT('',(5.,173.,0.));
#1155 = DIRECTION('',(-0.,-0.,-1.));
#1156 = DIRECTION('',(0.,-1.,0.));
#1157 = PCURVE('',#128,#1158);
#1158 = DEFINITIONAL_REPRESENTATION('',(#1159),#1163);
#1159 = LINE('',#1160,#1161);
#1160 = CARTESIAN_POINT('',(1.570796326795,-0.));
#1161 = VECTOR('',#1162,1.);
#1162 = DIRECTION('',(-1.,0.));
#1163 = ( GEOMETRIC_REPRESENTATION_CONTEXT(2) 
PARAMETRIC_REPRESENTATION_CONTEXT() REPRESENTATION_CONTEXT('2D SPACE',''
  ) );
#1164 = PCURVE('',#100,#1165);
#1165 = DEFINITIONAL_REPRESENTATION('',(#1166),#1174);
#1166 = ( BOUNDED_CURVE() B_SPLINE_CURVE(2,(#1167,#1168,#1169,#1170,
#1171,#1172,#1173),.UNSPECIFIED.,.T.,.F.) B_SPLINE_CURVE_WITH_KNOTS((1,2
    ,2,2,2,1),(-2.094395102393,0.,2.094395102393,4.188790204786,
6.28318530718,8.377580409573),.UNSPECIFIED.) CURVE() 
GEOMETRIC_REPRESENTATION_ITEM() RATIONAL_B_SPLINE_CURVE((1.,0.5,1.,0.5,
1.,0.5,1.)) REPRESENTATION_ITEM('') );
#1167 = CARTESIAN_POINT('',(5.,168.));
#1168 = CARTESIAN_POINT('',(-3.660254037844,168.));
#1169 = CARTESIAN_POINT('',(0.669872981078,175.5));
#1170 = CARTESIAN_POINT('',(5.,183.));
#1171 = CARTESIAN_POINT('',(9.330127018922,175.5));
#1172 = CARTESIAN_POINT('',(13.660254037844,168.));
#1173 = CARTESIAN_POINT('',(5.,168.));
#1174 = ( GEOMETRIC_REPRESENTATION_CONTEXT(2) 
PARAMETRIC_REPRESENTATION_CONTEXT() REPRESENTATION_CONTEXT('2D SPACE',''
  ) );
#1175 = ORIENTED_EDGE('',*,*,#1176,.T.);
#1176 = EDGE_CURVE('',#1149,#392,#1177,.T.);
#1177 = SURFACE_CURVE('',#1178,(#1182,#1189),.PCURVE_S1.);
#1178 = LINE('',#1179,#1180);
#1179 = CARTESIAN_POINT('',(5.,178.,0.));
#1180 = VECTOR('',#1181,1.);
#1181 = DIRECTION('',(0.,0.,1.));
#1182 = PCURVE('',#128,#1183);
#1183 = DEFINITIONAL_REPRESENTATION('',(#1184),#1188);
#1184 = LINE('',#1185,#1186);
#1185 = CARTESIAN_POINT('',(-1.570796326795,0.));
#1186 = VECTOR('',#1187,1.);
#1187 = DIRECTION('',(-0.,1.));
#1188 = ( GEOMETRIC_REPRESENTATION_CONTEXT(2) 
PARAMETRIC_REPRESENTATION_CONTEXT() REPRESENTATION_CONTEXT('2D SPACE',''
  ) );
#1189 = PCURVE('',#407,#1190);
#1190 = DEFINITIONAL_REPRESENTATION('',(#1191),#1195);
#1191 = LINE('',#1192,#1193);
#1192 = CARTESIAN_POINT('',(0.,5.));
#1193 = VECTOR('',#1194,1.);
#1194 = DIRECTION('',(1.,0.));
#1195 = ( GEOMETRIC_REPRESENTATION_CONTEXT(2) 
PARAMETRIC_REPRESENTATION_CONTEXT() REPRESENTATION_CONTEXT('2D SPACE',''
  ) );
#1196 = ORIENTED_EDGE('',*,*,#419,.F.);
#1197 = ORIENTED_EDGE('',*,*,#112,.F.);
#1198 = ADVANCED_FACE('',(#1199),#100,.F.);
#1199 = FACE_BOUND('',#1200,.F.);
#1200 = EDGE_LOOP('',(#1201,#1202,#1226,#1249,#1277,#1300,#1324,#1345));
#1201 = ORIENTED_EDGE('',*,*,#84,.F.);
#1202 = ORIENTED_EDGE('',*,*,#1203,.T.);
#1203 = EDGE_CURVE('',#57,#1204,#1206,.T.);
#1204 = VERTEX_POINT('',#1205);
#1205 = CARTESIAN_POINT('',(5.,0.,0.));
#1206 = SURFACE_CURVE('',#1207,(#1212,#1219),.PCURVE_S1.);
#1207 = CIRCLE('',#1208,5.);
#1208 = AXIS2_PLACEMENT_3D('',#1209,#1210,#1211);
#1209 = CARTESIAN_POINT('',(5.,5.,0.));
#1210 = DIRECTION('',(0.,0.,1.));
#1211 = DIRECTION('',(0.,-1.,0.));
#1212 = PCURVE('',#100,#1213);
#1213 = DEFINITIONAL_REPRESENTATION('',(#1214),#1218);
#1214 = CIRCLE('',#1215,5.);
#1215 = AXIS2_PLACEMENT_2D('',#1216,#1217);
#1216 = CARTESIAN_POINT('',(5.,5.));
#1217 = DIRECTION('',(0.,-1.));
#1218 = ( GEOMETRIC_REPRESENTATION_CONTEXT(2) 
PARAMETRIC_REPRESENTATION_CONTEXT() REPRESENTATION_CONTEXT('2D SPACE',''
  ) );
#1219 = PCURVE('',#72,#1220);
#1220 = DEFINITIONAL_REPRESENTATION('',(#1221),#1225);
#1221 = LINE('',#1222,#1223);
#1222 = CARTESIAN_POINT('',(-4.712388980385,0.));
#1223 = VECTOR('',#1224,1.);
#1224 = DIRECTION('',(1.,0.));
#1225 = ( GEOMETRIC_REPRESENTATION_CONTEXT(2) 
PARAMETRIC_REPRESENTATION_CONTEXT() REPRESENTATION_CONTEXT('2D SPACE',''
  ) );
#1226 = ORIENTED_EDGE('',*,*,#1227,.T.);
#1227 = EDGE_CURVE('',#1204,#1228,#1230,.T.);
#1228 = VERTEX_POINT('',#1229);
#1229 = CARTESIAN_POINT('',(69.,0.,0.));
#1230 = SURFACE_CURVE('',#1231,(#1235,#1242),.PCURVE_S1.);
#1231 = LINE('',#1232,#1233);
#1232 = CARTESIAN_POINT('',(0.,0.,0.));
#1233 = VECTOR('',#1234,1.);
#1234 = DIRECTION('',(1.,0.,0.));
#1235 = PCURVE('',#100,#1236);
#1236 = DEFINITIONAL_REPRESENTATION('',(#1237),#1241);
#1237 = LINE('',#1238,#1239);
#1238 = CARTESIAN_POINT('',(0.,0.));
#1239 = VECTOR('',#1240,1.);
#1240 = DIRECTION('',(1.,0.));
#1241 = ( GEOMETRIC_REPRESENTATION_CONTEXT(2) 
PARAMETRIC_REPRESENTATION_CONTEXT() REPRESENTATION_CONTEXT('2D SPACE',''
  ) );
#1242 = PCURVE('',#289,#1243);
#1243 = DEFINITIONAL_REPRESENTATION('',(#1244),#1248);
#1244 = LINE('',#1245,#1246);
#1245 = CARTESIAN_POINT('',(0.,0.));
#1246 = VECTOR('',#1247,1.);
#1247 = DIRECTION('',(0.,1.));
#1248 = ( GEOMETRIC_REPRESENTATION_CONTEXT(2) 
PARAMETRIC_REPRESENTATION_CONTEXT() REPRESENTATION_CONTEXT('2D SPACE',''
  ) );
#1249 = ORIENTED_EDGE('',*,*,#1250,.F.);
#1250 = EDGE_CURVE('',#1251,#1228,#1253,.T.);
#1251 = VERTEX_POINT('',#1252);
#1252 = CARTESIAN_POINT('',(74.,5.,0.));
#1253 = SURFACE_CURVE('',#1254,(#1259,#1270),.PCURVE_S1.);
#1254 = CIRCLE('',#1255,5.);
#1255 = AXIS2_PLACEMENT_3D('',#1256,#1257,#1258);
#1256 = CARTESIAN_POINT('',(69.,5.,0.));
#1257 = DIRECTION('',(-0.,-0.,-1.));
#1258 = DIRECTION('',(0.,-1.,0.));
#1259 = PCURVE('',#100,#1260);
#1260 = DEFINITIONAL_REPRESENTATION('',(#1261),#1269);
#1261 = ( BOUNDED_CURVE() B_SPLINE_CURVE(2,(#1262,#1263,#1264,#1265,
#1266,#1267,#1268),.UNSPECIFIED.,.T.,.F.) B_SPLINE_CURVE_WITH_KNOTS((1,2
    ,2,2,2,1),(-2.094395102393,0.,2.094395102393,4.188790204786,
6.28318530718,8.377580409573),.UNSPECIFIED.) CURVE() 
GEOMETRIC_REPRESENTATION_ITEM() RATIONAL_B_SPLINE_CURVE((1.,0.5,1.,0.5,
1.,0.5,1.)) REPRESENTATION_ITEM('') );
#1262 = CARTESIAN_POINT('',(69.,0.));
#1263 = CARTESIAN_POINT('',(60.339745962156,0.));
#1264 = CARTESIAN_POINT('',(64.669872981078,7.5));
#1265 = CARTESIAN_POINT('',(69.,15.));
#1266 = CARTESIAN_POINT('',(73.330127018922,7.5));
#1267 = CARTESIAN_POINT('',(77.660254037844,7.993605777301E-15));
#1268 = CARTESIAN_POINT('',(69.,0.));
#1269 = ( GEOMETRIC_REPRESENTATION_CONTEXT(2) 
PARAMETRIC_REPRESENTATION_CONTEXT() REPRESENTATION_CONTEXT('2D SPACE',''
  ) );
#1270 = PCURVE('',#322,#1271);
#1271 = DEFINITIONAL_REPRESENTATION('',(#1272),#1276);
#1272 = LINE('',#1273,#1274);
#1273 = CARTESIAN_POINT('',(4.712388980385,-0.));
#1274 = VECTOR('',#1275,1.);
#1275 = DIRECTION('',(-1.,0.));
#1276 = ( GEOMETRIC_REPRESENTATION_CONTEXT(2) 
PARAMETRIC_REPRESENTATION_CONTEXT() REPRESENTATION_CONTEXT('2D SPACE',''
  ) );
#1277 = ORIENTED_EDGE('',*,*,#1278,.T.);
#1278 = EDGE_CURVE('',#1251,#1279,#1281,.T.);
#1279 = VERTEX_POINT('',#1280);
#1280 = CARTESIAN_POINT('',(74.,173.,0.));
#1281 = SURFACE_CURVE('',#1282,(#1286,#1293),.PCURVE_S1.);
#1282 = LINE('',#1283,#1284);
#1283 = CARTESIAN_POINT('',(74.,0.,0.));
#1284 = VECTOR('',#1285,1.);
#1285 = DIRECTION('',(0.,1.,0.));
#1286 = PCURVE('',#100,#1287);
#1287 = DEFINITIONAL_REPRESENTATION('',(#1288),#1292);
#1288 = LINE('',#1289,#1290);
#1289 = CARTESIAN_POINT('',(74.,0.));
#1290 = VECTOR('',#1291,1.);
#1291 = DIRECTION('',(0.,1.));
#1292 = ( GEOMETRIC_REPRESENTATION_CONTEXT(2) 
PARAMETRIC_REPRESENTATION_CONTEXT() REPRESENTATION_CONTEXT('2D SPACE',''
  ) );
#1293 = PCURVE('',#350,#1294);
#1294 = DEFINITIONAL_REPRESENTATION('',(#1295),#1299);
#1295 = LINE('',#1296,#1297);
#1296 = CARTESIAN_POINT('',(0.,0.));
#1297 = VECTOR('',#1298,1.);
#1298 = DIRECTION('',(0.,-1.));
#1299 = ( GEOMETRIC_REPRESENTATION_CONTEXT(2) 
PARAMETRIC_REPRESENTATION_CONTEXT() REPRESENTATION_CONTEXT('2D SPACE',''
  ) );
#1300 = ORIENTED_EDGE('',*,*,#1301,.T.);
#1301 = EDGE_CURVE('',#1279,#1302,#1304,.T.);
#1302 = VERTEX_POINT('',#1303);
#1303 = CARTESIAN_POINT('',(69.,178.,0.));
#1304 = SURFACE_CURVE('',#1305,(#1310,#1317),.PCURVE_S1.);
#1305 = CIRCLE('',#1306,5.);
#1306 = AXIS2_PLACEMENT_3D('',#1307,#1308,#1309);
#1307 = CARTESIAN_POINT('',(69.,173.,0.));
#1308 = DIRECTION('',(0.,0.,1.));
#1309 = DIRECTION('',(0.,-1.,0.));
#1310 = PCURVE('',#100,#1311);
#1311 = DEFINITIONAL_REPRESENTATION('',(#1312),#1316);
#1312 = CIRCLE('',#1313,5.);
#1313 = AXIS2_PLACEMENT_2D('',#1314,#1315);
#1314 = CARTESIAN_POINT('',(69.,173.));
#1315 = DIRECTION('',(0.,-1.));
#1316 = ( GEOMETRIC_REPRESENTATION_CONTEXT(2) 
PARAMETRIC_REPRESENTATION_CONTEXT() REPRESENTATION_CONTEXT('2D SPACE',''
  ) );
#1317 = PCURVE('',#379,#1318);
#1318 = DEFINITIONAL_REPRESENTATION('',(#1319),#1323);
#1319 = LINE('',#1320,#1321);
#1320 = CARTESIAN_POINT('',(-1.570796326795,0.));
#1321 = VECTOR('',#1322,1.);
#1322 = DIRECTION('',(1.,0.));
#1323 = ( GEOMETRIC_REPRESENTATION_CONTEXT(2) 
PARAMETRIC_REPRESENTATION_CONTEXT() REPRESENTATION_CONTEXT('2D SPACE',''
  ) );
#1324 = ORIENTED_EDGE('',*,*,#1325,.F.);
#1325 = EDGE_CURVE('',#1149,#1302,#1326,.T.);
#1326 = SURFACE_CURVE('',#1327,(#1331,#1338),.PCURVE_S1.);
#1327 = LINE('',#1328,#1329);
#1328 = CARTESIAN_POINT('',(0.,178.,0.));
#1329 = VECTOR('',#1330,1.);
#1330 = DIRECTION('',(1.,0.,0.));
#1331 = PCURVE('',#100,#1332);
#1332 = DEFINITIONAL_REPRESENTATION('',(#1333),#1337);
#1333 = LINE('',#1334,#1335);
#1334 = CARTESIAN_POINT('',(0.,178.));
#1335 = VECTOR('',#1336,1.);
#1336 = DIRECTION('',(1.,0.));
#1337 = ( GEOMETRIC_REPRESENTATION_CONTEXT(2) 
PARAMETRIC_REPRESENTATION_CONTEXT() REPRESENTATION_CONTEXT('2D SPACE',''
  ) );
#1338 = PCURVE('',#407,#1339);
#1339 = DEFINITIONAL_REPRESENTATION('',(#1340),#1344);
#1340 = LINE('',#1341,#1342);
#1341 = CARTESIAN_POINT('',(0.,0.));
#1342 = VECTOR('',#1343,1.);
#1343 = DIRECTION('',(0.,1.));
#1344 = ( GEOMETRIC_REPRESENTATION_CONTEXT(2) 
PARAMETRIC_REPRESENTATION_CONTEXT() REPRESENTATION_CONTEXT('2D SPACE',''
  ) );
#1345 = ORIENTED_EDGE('',*,*,#1148,.F.);
#1346 = ADVANCED_FACE('',(#1347),#72,.T.);
#1347 = FACE_BOUND('',#1348,.T.);
#1348 = EDGE_LOOP('',(#1349,#1350,#1371,#1372));
#1349 = ORIENTED_EDGE('',*,*,#1203,.T.);
#1350 = ORIENTED_EDGE('',*,*,#1351,.T.);
#1351 = EDGE_CURVE('',#1204,#250,#1352,.T.);
#1352 = SURFACE_CURVE('',#1353,(#1357,#1364),.PCURVE_S1.);
#1353 = LINE('',#1354,#1355);
#1354 = CARTESIAN_POINT('',(5.,0.,0.));
#1355 = VECTOR('',#1356,1.);
#1356 = DIRECTION('',(0.,0.,1.));
#1357 = PCURVE('',#72,#1358);
#1358 = DEFINITIONAL_REPRESENTATION('',(#1359),#1363);
#1359 = LINE('',#1360,#1361);
#1360 = CARTESIAN_POINT('',(1.570796326795,0.));
#1361 = VECTOR('',#1362,1.);
#1362 = DIRECTION('',(0.,1.));
#1363 = ( GEOMETRIC_REPRESENTATION_CONTEXT(2) 
PARAMETRIC_REPRESENTATION_CONTEXT() REPRESENTATION_CONTEXT('2D SPACE',''
  ) );
#1364 = PCURVE('',#289,#1365);
#1365 = DEFINITIONAL_REPRESENTATION('',(#1366),#1370);
#1366 = LINE('',#1367,#1368);
#1367 = CARTESIAN_POINT('',(0.,5.));
#1368 = VECTOR('',#1369,1.);
#1369 = DIRECTION('',(1.,0.));
#1370 = ( GEOMETRIC_REPRESENTATION_CONTEXT(2) 
PARAMETRIC_REPRESENTATION_CONTEXT() REPRESENTATION_CONTEXT('2D SPACE',''
  ) );
#1371 = ORIENTED_EDGE('',*,*,#249,.F.);
#1372 = ORIENTED_EDGE('',*,*,#56,.F.);
#1373 = ADVANCED_FACE('',(#1374),#289,.F.);
#1374 = FACE_BOUND('',#1375,.F.);
#1375 = EDGE_LOOP('',(#1376,#1377,#1378,#1379));
#1376 = ORIENTED_EDGE('',*,*,#1227,.F.);
#1377 = ORIENTED_EDGE('',*,*,#1351,.T.);
#1378 = ORIENTED_EDGE('',*,*,#273,.T.);
#1379 = ORIENTED_EDGE('',*,*,#1380,.F.);
#1380 = EDGE_CURVE('',#1228,#274,#1381,.T.);
#1381 = SURFACE_CURVE('',#1382,(#1386,#1393),.PCURVE_S1.);
#1382 = LINE('',#1383,#1384);
#1383 = CARTESIAN_POINT('',(69.,0.,0.));
#1384 = VECTOR('',#1385,1.);
#1385 = DIRECTION('',(0.,0.,1.));
#1386 = PCURVE('',#289,#1387);
#1387 = DEFINITIONAL_REPRESENTATION('',(#1388),#1392);
#1388 = LINE('',#1389,#1390);
#1389 = CARTESIAN_POINT('',(0.,69.));
#1390 = VECTOR('',#1391,1.);
#1391 = DIRECTION('',(1.,0.));
#1392 = ( GEOMETRIC_REPRESENTATION_CONTEXT(2) 
PARAMETRIC_REPRESENTATION_CONTEXT() REPRESENTATION_CONTEXT('2D SPACE',''
  ) );
#1393 = PCURVE('',#322,#1394);
#1394 = DEFINITIONAL_REPRESENTATION('',(#1395),#1399);
#1395 = LINE('',#1396,#1397);
#1396 = CARTESIAN_POINT('',(-1.570796326795,0.));
#1397 = VECTOR('',#1398,1.);
#1398 = DIRECTION('',(-0.,1.));
#1399 = ( GEOMETRIC_REPRESENTATION_CONTEXT(2) 
PARAMETRIC_REPRESENTATION_CONTEXT() REPRESENTATION_CONTEXT('2D SPACE',''
  ) );
#1400 = ADVANCED_FACE('',(#1401),#485,.T.);
#1401 = FACE_BOUND('',#1402,.T.);
#1402 = EDGE_LOOP('',(#1403,#1404,#1427,#1455,#1476,#1477,#1478,#1479));
#1403 = ORIENTED_EDGE('',*,*,#871,.F.);
#1404 = ORIENTED_EDGE('',*,*,#1405,.F.);
#1405 = EDGE_CURVE('',#1406,#843,#1408,.T.);
#1406 = VERTEX_POINT('',#1407);
#1407 = CARTESIAN_POINT('',(1.6,5.,1.6));
#1408 = SURFACE_CURVE('',#1409,(#1413,#1420),.PCURVE_S1.);
#1409 = LINE('',#1410,#1411);
#1410 = CARTESIAN_POINT('',(1.6,5.,1.6));
#1411 = VECTOR('',#1412,1.);
#1412 = DIRECTION('',(0.,0.,1.));
#1413 = PCURVE('',#485,#1414);
#1414 = DEFINITIONAL_REPRESENTATION('',(#1415),#1419);
#1415 = LINE('',#1416,#1417);
#1416 = CARTESIAN_POINT('',(0.,-3.4));
#1417 = VECTOR('',#1418,1.);
#1418 = DIRECTION('',(1.,0.));
#1419 = ( GEOMETRIC_REPRESENTATION_CONTEXT(2) 
PARAMETRIC_REPRESENTATION_CONTEXT() REPRESENTATION_CONTEXT('2D SPACE',''
  ) );
#1420 = PCURVE('',#859,#1421);
#1421 = DEFINITIONAL_REPRESENTATION('',(#1422),#1426);
#1422 = LINE('',#1423,#1424);
#1423 = CARTESIAN_POINT('',(0.,0.));
#1424 = VECTOR('',#1425,1.);
#1425 = DIRECTION('',(0.,1.));
#1426 = ( GEOMETRIC_REPRESENTATION_CONTEXT(2) 
PARAMETRIC_REPRESENTATION_CONTEXT() REPRESENTATION_CONTEXT('2D SPACE',''
  ) );
#1427 = ORIENTED_EDGE('',*,*,#1428,.T.);
#1428 = EDGE_CURVE('',#1406,#1429,#1431,.T.);
#1429 = VERTEX_POINT('',#1430);
#1430 = CARTESIAN_POINT('',(1.6,173.,1.6));
#1431 = SURFACE_CURVE('',#1432,(#1436,#1443),.PCURVE_S1.);
#1432 = LINE('',#1433,#1434);
#1433 = CARTESIAN_POINT('',(1.6,1.6,1.6));
#1434 = VECTOR('',#1435,1.);
#1435 = DIRECTION('',(0.,1.,0.));
#1436 = PCURVE('',#485,#1437);
#1437 = DEFINITIONAL_REPRESENTATION('',(#1438),#1442);
#1438 = LINE('',#1439,#1440);
#1439 = CARTESIAN_POINT('',(0.,0.));
#1440 = VECTOR('',#1441,1.);
#1441 = DIRECTION('',(0.,-1.));
#1442 = ( GEOMETRIC_REPRESENTATION_CONTEXT(2) 
PARAMETRIC_REPRESENTATION_CONTEXT() REPRESENTATION_CONTEXT('2D SPACE',''
  ) );
#1443 = PCURVE('',#1444,#1449);
#1444 = PLANE('',#1445);
#1445 = AXIS2_PLACEMENT_3D('',#1446,#1447,#1448);
#1446 = CARTESIAN_POINT('',(1.6,1.6,1.6));
#1447 = DIRECTION('',(0.,0.,1.));
#1448 = DIRECTION('',(1.,0.,0.));
#1449 = DEFINITIONAL_REPRESENTATION('',(#1450),#1454);
#1450 = LINE('',#1451,#1452);
#1451 = CARTESIAN_POINT('',(0.,0.));
#1452 = VECTOR('',#1453,1.);
#1453 = DIRECTION('',(0.,1.));
#1454 = ( GEOMETRIC_REPRESENTATION_CONTEXT(2) 
PARAMETRIC_REPRESENTATION_CONTEXT() REPRESENTATION_CONTEXT('2D SPACE',''
  ) );
#1455 = ORIENTED_EDGE('',*,*,#1456,.T.);
#1456 = EDGE_CURVE('',#1429,#470,#1457,.T.);
#1457 = SURFACE_CURVE('',#1458,(#1462,#1469),.PCURVE_S1.);
#1458 = LINE('',#1459,#1460);
#1459 = CARTESIAN_POINT('',(1.6,173.,1.6));
#1460 = VECTOR('',#1461,1.);
#1461 = DIRECTION('',(0.,0.,1.));
#1462 = PCURVE('',#485,#1463);
#1463 = DEFINITIONAL_REPRESENTATION('',(#1464),#1468);
#1464 = LINE('',#1465,#1466);
#1465 = CARTESIAN_POINT('',(0.,-171.4));
#1466 = VECTOR('',#1467,1.);
#1467 = DIRECTION('',(1.,0.));
#1468 = ( GEOMETRIC_REPRESENTATION_CONTEXT(2) 
PARAMETRIC_REPRESENTATION_CONTEXT() REPRESENTATION_CONTEXT('2D SPACE',''
  ) );
#1469 = PCURVE('',#514,#1470);
#1470 = DEFINITIONAL_REPRESENTATION('',(#1471),#1475);
#1471 = LINE('',#1472,#1473);
#1472 = CARTESIAN_POINT('',(-0.,0.));
#1473 = VECTOR('',#1474,1.);
#1474 = DIRECTION('',(-0.,1.));
#1475 = ( GEOMETRIC_REPRESENTATION_CONTEXT(2) 
PARAMETRIC_REPRESENTATION_CONTEXT() REPRESENTATION_CONTEXT('2D SPACE',''
  ) );
#1476 = ORIENTED_EDGE('',*,*,#469,.F.);
#1477 = ORIENTED_EDGE('',*,*,#1124,.F.);
#1478 = ORIENTED_EDGE('',*,*,#1097,.T.);
#1479 = ORIENTED_EDGE('',*,*,#1048,.T.);
#1480 = ADVANCED_FACE('',(#1481),#322,.T.);
#1481 = FACE_BOUND('',#1482,.F.);
#1482 = EDGE_LOOP('',(#1483,#1484,#1485,#1486));
#1483 = ORIENTED_EDGE('',*,*,#1250,.T.);
#1484 = ORIENTED_EDGE('',*,*,#1380,.T.);
#1485 = ORIENTED_EDGE('',*,*,#301,.F.);
#1486 = ORIENTED_EDGE('',*,*,#1487,.F.);
#1487 = EDGE_CURVE('',#1251,#302,#1488,.T.);
#1488 = SURFACE_CURVE('',#1489,(#1493,#1500),.PCURVE_S1.);
#1489 = LINE('',#1490,#1491);
#1490 = CARTESIAN_POINT('',(74.,5.,0.));
#1491 = VECTOR('',#1492,1.);
#1492 = DIRECTION('',(0.,0.,1.));
#1493 = PCURVE('',#322,#1494);
#1494 = DEFINITIONAL_REPRESENTATION('',(#1495),#1499);
#1495 = LINE('',#1496,#1497);
#1496 = CARTESIAN_POINT('',(-0.,0.));
#1497 = VECTOR('',#1498,1.);
#1498 = DIRECTION('',(-0.,1.));
#1499 = ( GEOMETRIC_REPRESENTATION_CONTEXT(2) 
PARAMETRIC_REPRESENTATION_CONTEXT() REPRESENTATION_CONTEXT('2D SPACE',''
  ) );
#1500 = PCURVE('',#350,#1501);
#1501 = DEFINITIONAL_REPRESENTATION('',(#1502),#1506);
#1502 = LINE('',#1503,#1504);
#1503 = CARTESIAN_POINT('',(0.,-5.));
#1504 = VECTOR('',#1505,1.);
#1505 = DIRECTION('',(1.,0.));
#1506 = ( GEOMETRIC_REPRESENTATION_CONTEXT(2) 
PARAMETRIC_REPRESENTATION_CONTEXT() REPRESENTATION_CONTEXT('2D SPACE',''
  ) );
#1507 = ADVANCED_FACE('',(#1508),#859,.F.);
#1508 = FACE_BOUND('',#1509,.F.);
#1509 = EDGE_LOOP('',(#1510,#1511,#1535,#1556));
#1510 = ORIENTED_EDGE('',*,*,#1405,.F.);
#1511 = ORIENTED_EDGE('',*,*,#1512,.T.);
#1512 = EDGE_CURVE('',#1406,#1513,#1515,.T.);
#1513 = VERTEX_POINT('',#1514);
#1514 = CARTESIAN_POINT('',(1.604124700478,4.83257553914,1.6));
#1515 = SURFACE_CURVE('',#1516,(#1521,#1528),.PCURVE_S1.);
#1516 = CIRCLE('',#1517,3.4);
#1517 = AXIS2_PLACEMENT_3D('',#1518,#1519,#1520);
#1518 = CARTESIAN_POINT('',(5.,5.,1.6));
#1519 = DIRECTION('',(0.,0.,1.));
#1520 = DIRECTION('',(0.,-1.,0.));
#1521 = PCURVE('',#859,#1522);
#1522 = DEFINITIONAL_REPRESENTATION('',(#1523),#1527);
#1523 = LINE('',#1524,#1525);
#1524 = CARTESIAN_POINT('',(-4.712388980385,0.));
#1525 = VECTOR('',#1526,1.);
#1526 = DIRECTION('',(1.,0.));
#1527 = ( GEOMETRIC_REPRESENTATION_CONTEXT(2) 
PARAMETRIC_REPRESENTATION_CONTEXT() REPRESENTATION_CONTEXT('2D SPACE',''
  ) );
#1528 = PCURVE('',#1444,#1529);
#1529 = DEFINITIONAL_REPRESENTATION('',(#1530),#1534);
#1530 = CIRCLE('',#1531,3.4);
#1531 = AXIS2_PLACEMENT_2D('',#1532,#1533);
#1532 = CARTESIAN_POINT('',(3.4,3.4));
#1533 = DIRECTION('',(0.,-1.));
#1534 = ( GEOMETRIC_REPRESENTATION_CONTEXT(2) 
PARAMETRIC_REPRESENTATION_CONTEXT() REPRESENTATION_CONTEXT('2D SPACE',''
  ) );
#1535 = ORIENTED_EDGE('',*,*,#1536,.T.);
#1536 = EDGE_CURVE('',#1513,#814,#1537,.T.);
#1537 = SURFACE_CURVE('',#1538,(#1542,#1549),.PCURVE_S1.);
#1538 = LINE('',#1539,#1540);
#1539 = CARTESIAN_POINT('',(1.604124700478,4.83257553914,1.6));
#1540 = VECTOR('',#1541,1.);
#1541 = DIRECTION('',(0.,0.,1.));
#1542 = PCURVE('',#859,#1543);
#1543 = DEFINITIONAL_REPRESENTATION('',(#1544),#1548);
#1544 = LINE('',#1545,#1546);
#1545 = CARTESIAN_POINT('',(4.926241095174E-02,0.));
#1546 = VECTOR('',#1547,1.);
#1547 = DIRECTION('',(0.,1.));
#1548 = ( GEOMETRIC_REPRESENTATION_CONTEXT(2) 
PARAMETRIC_REPRESENTATION_CONTEXT() REPRESENTATION_CONTEXT('2D SPACE',''
  ) );
#1549 = PCURVE('',#830,#1550);
#1550 = DEFINITIONAL_REPRESENTATION('',(#1551),#1555);
#1551 = LINE('',#1552,#1553);
#1552 = CARTESIAN_POINT('',(-8.943917796237,0.));
#1553 = VECTOR('',#1554,1.);
#1554 = DIRECTION('',(-0.,-1.));
#1555 = ( GEOMETRIC_REPRESENTATION_CONTEXT(2) 
PARAMETRIC_REPRESENTATION_CONTEXT() REPRESENTATION_CONTEXT('2D SPACE',''
  ) );
#1556 = ORIENTED_EDGE('',*,*,#842,.F.);
#1557 = ADVANCED_FACE('',(#1558,#1584),#350,.T.);
#1558 = FACE_BOUND('',#1559,.T.);
#1559 = EDGE_LOOP('',(#1560,#1561,#1562,#1563));
#1560 = ORIENTED_EDGE('',*,*,#334,.F.);
#1561 = ORIENTED_EDGE('',*,*,#1487,.F.);
#1562 = ORIENTED_EDGE('',*,*,#1278,.T.);
#1563 = ORIENTED_EDGE('',*,*,#1564,.T.);
#1564 = EDGE_CURVE('',#1279,#335,#1565,.T.);
#1565 = SURFACE_CURVE('',#1566,(#1570,#1577),.PCURVE_S1.);
#1566 = LINE('',#1567,#1568);
#1567 = CARTESIAN_POINT('',(74.,173.,0.));
#1568 = VECTOR('',#1569,1.);
#1569 = DIRECTION('',(0.,0.,1.));
#1570 = PCURVE('',#350,#1571);
#1571 = DEFINITIONAL_REPRESENTATION('',(#1572),#1576);
#1572 = LINE('',#1573,#1574);
#1573 = CARTESIAN_POINT('',(0.,-173.));
#1574 = VECTOR('',#1575,1.);
#1575 = DIRECTION('',(1.,0.));
#1576 = ( GEOMETRIC_REPRESENTATION_CONTEXT(2) 
PARAMETRIC_REPRESENTATION_CONTEXT() REPRESENTATION_CONTEXT('2D SPACE',''
  ) );
#1577 = PCURVE('',#379,#1578);
#1578 = DEFINITIONAL_REPRESENTATION('',(#1579),#1583);
#1579 = LINE('',#1580,#1581);
#1580 = CARTESIAN_POINT('',(0.,0.));
#1581 = VECTOR('',#1582,1.);
#1582 = DIRECTION('',(0.,1.));
#1583 = ( GEOMETRIC_REPRESENTATION_CONTEXT(2) 
PARAMETRIC_REPRESENTATION_CONTEXT() REPRESENTATION_CONTEXT('2D SPACE',''
  ) );
#1584 = FACE_BOUND('',#1585,.T.);
#1585 = EDGE_LOOP('',(#1586,#1616,#1644,#1672));
#1586 = ORIENTED_EDGE('',*,*,#1587,.T.);
#1587 = EDGE_CURVE('',#1588,#1590,#1592,.T.);
#1588 = VERTEX_POINT('',#1589);
#1589 = CARTESIAN_POINT('',(74.,164.,7.2));
#1590 = VERTEX_POINT('',#1591);
#1591 = CARTESIAN_POINT('',(74.,144.,7.2));
#1592 = SURFACE_CURVE('',#1593,(#1597,#1604),.PCURVE_S1.);
#1593 = LINE('',#1594,#1595);
#1594 = CARTESIAN_POINT('',(74.,72.,7.2));
#1595 = VECTOR('',#1596,1.);
#1596 = DIRECTION('',(0.,-1.,0.));
#1597 = PCURVE('',#350,#1598);
#1598 = DEFINITIONAL_REPRESENTATION('',(#1599),#1603);
#1599 = LINE('',#1600,#1601);
#1600 = CARTESIAN_POINT('',(7.2,-72.));
#1601 = VECTOR('',#1602,1.);
#1602 = DIRECTION('',(0.,1.));
#1603 = ( GEOMETRIC_REPRESENTATION_CONTEXT(2) 
PARAMETRIC_REPRESENTATION_CONTEXT() REPRESENTATION_CONTEXT('2D SPACE',''
  ) );
#1604 = PCURVE('',#1605,#1610);
#1605 = PLANE('',#1606);
#1606 = AXIS2_PLACEMENT_3D('',#1607,#1608,#1609);
#1607 = CARTESIAN_POINT('',(68.,144.,7.2));
#1608 = DIRECTION('',(0.,0.,1.));
#1609 = DIRECTION('',(1.,0.,0.));
#1610 = DEFINITIONAL_REPRESENTATION('',(#1611),#1615);
#1611 = LINE('',#1612,#1613);
#1612 = CARTESIAN_POINT('',(6.,-72.));
#1613 = VECTOR('',#1614,1.);
#1614 = DIRECTION('',(0.,-1.));
#1615 = ( GEOMETRIC_REPRESENTATION_CONTEXT(2) 
PARAMETRIC_REPRESENTATION_CONTEXT() REPRESENTATION_CONTEXT('2D SPACE',''
  ) );
#1616 = ORIENTED_EDGE('',*,*,#1617,.T.);
#1617 = EDGE_CURVE('',#1590,#1618,#1620,.T.);
#1618 = VERTEX_POINT('',#1619);
#1619 = CARTESIAN_POINT('',(74.,144.,15.2));
#1620 = SURFACE_CURVE('',#1621,(#1625,#1632),.PCURVE_S1.);
#1621 = LINE('',#1622,#1623);
#1622 = CARTESIAN_POINT('',(74.,144.,3.6));
#1623 = VECTOR('',#1624,1.);
#1624 = DIRECTION('',(0.,0.,1.));
#1625 = PCURVE('',#350,#1626);
#1626 = DEFINITIONAL_REPRESENTATION('',(#1627),#1631);
#1627 = LINE('',#1628,#1629);
#1628 = CARTESIAN_POINT('',(3.6,-144.));
#1629 = VECTOR('',#1630,1.);
#1630 = DIRECTION('',(1.,0.));
#1631 = ( GEOMETRIC_REPRESENTATION_CONTEXT(2) 
PARAMETRIC_REPRESENTATION_CONTEXT() REPRESENTATION_CONTEXT('2D SPACE',''
  ) );
#1632 = PCURVE('',#1633,#1638);
#1633 = PLANE('',#1634);
#1634 = AXIS2_PLACEMENT_3D('',#1635,#1636,#1637);
#1635 = CARTESIAN_POINT('',(68.,144.,7.2));
#1636 = DIRECTION('',(0.,1.,0.));
#1637 = DIRECTION('',(0.,0.,1.));
#1638 = DEFINITIONAL_REPRESENTATION('',(#1639),#1643);
#1639 = LINE('',#1640,#1641);
#1640 = CARTESIAN_POINT('',(-3.6,6.));
#1641 = VECTOR('',#1642,1.);
#1642 = DIRECTION('',(1.,0.));
#1643 = ( GEOMETRIC_REPRESENTATION_CONTEXT(2) 
PARAMETRIC_REPRESENTATION_CONTEXT() REPRESENTATION_CONTEXT('2D SPACE',''
  ) );
#1644 = ORIENTED_EDGE('',*,*,#1645,.F.);
#1645 = EDGE_CURVE('',#1646,#1618,#1648,.T.);
#1646 = VERTEX_POINT('',#1647);
#1647 = CARTESIAN_POINT('',(74.,164.,15.2));
#1648 = SURFACE_CURVE('',#1649,(#1653,#1660),.PCURVE_S1.);
#1649 = LINE('',#1650,#1651);
#1650 = CARTESIAN_POINT('',(74.,72.,15.2));
#1651 = VECTOR('',#1652,1.);
#1652 = DIRECTION('',(0.,-1.,0.));
#1653 = PCURVE('',#350,#1654);
#1654 = DEFINITIONAL_REPRESENTATION('',(#1655),#1659);
#1655 = LINE('',#1656,#1657);
#1656 = CARTESIAN_POINT('',(15.2,-72.));
#1657 = VECTOR('',#1658,1.);
#1658 = DIRECTION('',(0.,1.));
#1659 = ( GEOMETRIC_REPRESENTATION_CONTEXT(2) 
PARAMETRIC_REPRESENTATION_CONTEXT() REPRESENTATION_CONTEXT('2D SPACE',''
  ) );
#1660 = PCURVE('',#1661,#1666);
#1661 = PLANE('',#1662);
#1662 = AXIS2_PLACEMENT_3D('',#1663,#1664,#1665);
#1663 = CARTESIAN_POINT('',(68.,144.,15.2));
#1664 = DIRECTION('',(0.,0.,1.));
#1665 = DIRECTION('',(1.,0.,0.));
#1666 = DEFINITIONAL_REPRESENTATION('',(#1667),#1671);
#1667 = LINE('',#1668,#1669);
#1668 = CARTESIAN_POINT('',(6.,-72.));
#1669 = VECTOR('',#1670,1.);
#1670 = DIRECTION('',(0.,-1.));
#1671 = ( GEOMETRIC_REPRESENTATION_CONTEXT(2) 
PARAMETRIC_REPRESENTATION_CONTEXT() REPRESENTATION_CONTEXT('2D SPACE',''
  ) );
#1672 = ORIENTED_EDGE('',*,*,#1673,.F.);
#1673 = EDGE_CURVE('',#1588,#1646,#1674,.T.);
#1674 = SURFACE_CURVE('',#1675,(#1679,#1686),.PCURVE_S1.);
#1675 = LINE('',#1676,#1677);
#1676 = CARTESIAN_POINT('',(74.,164.,3.6));
#1677 = VECTOR('',#1678,1.);
#1678 = DIRECTION('',(0.,0.,1.));
#1679 = PCURVE('',#350,#1680);
#1680 = DEFINITIONAL_REPRESENTATION('',(#1681),#1685);
#1681 = LINE('',#1682,#1683);
#1682 = CARTESIAN_POINT('',(3.6,-164.));
#1683 = VECTOR('',#1684,1.);
#1684 = DIRECTION('',(1.,0.));
#1685 = ( GEOMETRIC_REPRESENTATION_CONTEXT(2) 
PARAMETRIC_REPRESENTATION_CONTEXT() REPRESENTATION_CONTEXT('2D SPACE',''
  ) );
#1686 = PCURVE('',#1687,#1692);
#1687 = PLANE('',#1688);
#1688 = AXIS2_PLACEMENT_3D('',#1689,#1690,#1691);
#1689 = CARTESIAN_POINT('',(68.,164.,7.2));
#1690 = DIRECTION('',(0.,1.,0.));
#1691 = DIRECTION('',(0.,0.,1.));
#1692 = DEFINITIONAL_REPRESENTATION('',(#1693),#1697);
#1693 = LINE('',#1694,#1695);
#1694 = CARTESIAN_POINT('',(-3.6,6.));
#1695 = VECTOR('',#1696,1.);
#1696 = DIRECTION('',(1.,0.));
#1697 = ( GEOMETRIC_REPRESENTATION_CONTEXT(2) 
PARAMETRIC_REPRESENTATION_CONTEXT() REPRESENTATION_CONTEXT('2D SPACE',''
  ) );
#1698 = ADVANCED_FACE('',(#1699,#1752),#830,.T.);
#1699 = FACE_BOUND('',#1700,.F.);
#1700 = EDGE_LOOP('',(#1701,#1729,#1750,#1751));
#1701 = ORIENTED_EDGE('',*,*,#1702,.T.);
#1702 = EDGE_CURVE('',#1513,#1703,#1705,.T.);
#1703 = VERTEX_POINT('',#1704);
#1704 = CARTESIAN_POINT('',(3.063799827824,2.205160309916,1.6));
#1705 = SURFACE_CURVE('',#1706,(#1711,#1718),.PCURVE_S1.);
#1706 = CIRCLE('',#1707,1.8);
#1707 = AXIS2_PLACEMENT_3D('',#1708,#1709,#1710);
#1708 = CARTESIAN_POINT('',(3.2,4.,1.6));
#1709 = DIRECTION('',(0.,0.,-1.));
#1710 = DIRECTION('',(-0.886597388624,0.462541966189,0.));
#1711 = PCURVE('',#830,#1712);
#1712 = DEFINITIONAL_REPRESENTATION('',(#1713),#1717);
#1713 = LINE('',#1714,#1715);
#1714 = CARTESIAN_POINT('',(-8.943917796237,0.));
#1715 = VECTOR('',#1716,1.);
#1716 = DIRECTION('',(1.,-0.));
#1717 = ( GEOMETRIC_REPRESENTATION_CONTEXT(2) 
PARAMETRIC_REPRESENTATION_CONTEXT() REPRESENTATION_CONTEXT('2D SPACE',''
  ) );
#1718 = PCURVE('',#1444,#1719);
#1719 = DEFINITIONAL_REPRESENTATION('',(#1720),#1728);
#1720 = ( BOUNDED_CURVE() B_SPLINE_CURVE(2,(#1721,#1722,#1723,#1724,
#1725,#1726,#1727),.UNSPECIFIED.,.T.,.F.) B_SPLINE_CURVE_WITH_KNOTS((1,2
    ,2,2,2,1),(-2.094395102393,0.,2.094395102393,4.188790204786,
6.28318530718,8.377580409573),.UNSPECIFIED.) CURVE() 
GEOMETRIC_REPRESENTATION_ITEM() RATIONAL_B_SPLINE_CURVE((1.,0.5,1.,0.5,
1.,0.5,1.)) REPRESENTATION_ITEM('') );
#1721 = CARTESIAN_POINT('',(4.124700477657E-03,3.23257553914));
#1722 = CARTESIAN_POINT('',(1.446187835407,5.996712640457));
#1723 = CARTESIAN_POINT('',(3.118969217226,3.365780781088));
#1724 = CARTESIAN_POINT('',(4.791750599045,0.73484892172));
#1725 = CARTESIAN_POINT('',(1.676906082296,0.601643679771));
#1726 = CARTESIAN_POINT('',(-1.437938434452,0.468438437823));
#1727 = CARTESIAN_POINT('',(4.124700477657E-03,3.23257553914));
#1728 = ( GEOMETRIC_REPRESENTATION_CONTEXT(2) 
PARAMETRIC_REPRESENTATION_CONTEXT() REPRESENTATION_CONTEXT('2D SPACE',''
  ) );
#1729 = ORIENTED_EDGE('',*,*,#1730,.T.);
#1730 = EDGE_CURVE('',#1703,#785,#1731,.T.);
#1731 = SURFACE_CURVE('',#1732,(#1736,#1743),.PCURVE_S1.);
#1732 = LINE('',#1733,#1734);
#1733 = CARTESIAN_POINT('',(3.063799827824,2.205160309916,1.6));
#1734 = VECTOR('',#1735,1.);
#1735 = DIRECTION('',(0.,0.,1.));
#1736 = PCURVE('',#830,#1737);
#1737 = DEFINITIONAL_REPRESENTATION('',(#1738),#1742);
#1738 = LINE('',#1739,#1740);
#1739 = CARTESIAN_POINT('',(-4.636649826907,0.));
#1740 = VECTOR('',#1741,1.);
#1741 = DIRECTION('',(-0.,-1.));
#1742 = ( GEOMETRIC_REPRESENTATION_CONTEXT(2) 
PARAMETRIC_REPRESENTATION_CONTEXT() REPRESENTATION_CONTEXT('2D SPACE',''
  ) );
#1743 = PCURVE('',#801,#1744);
#1744 = DEFINITIONAL_REPRESENTATION('',(#1745),#1749);
#1745 = LINE('',#1746,#1747);
#1746 = CARTESIAN_POINT('',(0.964934597833,0.));
#1747 = VECTOR('',#1748,1.);
#1748 = DIRECTION('',(0.,1.));
#1749 = ( GEOMETRIC_REPRESENTATION_CONTEXT(2) 
PARAMETRIC_REPRESENTATION_CONTEXT() REPRESENTATION_CONTEXT('2D SPACE',''
  ) );
#1750 = ORIENTED_EDGE('',*,*,#813,.T.);
#1751 = ORIENTED_EDGE('',*,*,#1536,.F.);
#1752 = FACE_BOUND('',#1753,.F.);
#1753 = EDGE_LOOP('',(#1754,#1785,#1813,#1846));
#1754 = ORIENTED_EDGE('',*,*,#1755,.F.);
#1755 = EDGE_CURVE('',#1756,#1758,#1760,.T.);
#1756 = VERTEX_POINT('',#1757);
#1757 = CARTESIAN_POINT('',(3.7,2.270838353422,8.4));
#1758 = VERTEX_POINT('',#1759);
#1759 = CARTESIAN_POINT('',(3.7,5.729161646578,8.4));
#1760 = SURFACE_CURVE('',#1761,(#1766,#1773),.PCURVE_S1.);
#1761 = CIRCLE('',#1762,1.8);
#1762 = AXIS2_PLACEMENT_3D('',#1763,#1764,#1765);
#1763 = CARTESIAN_POINT('',(3.2,4.,8.4));
#1764 = DIRECTION('',(-0.,0.,1.));
#1765 = DIRECTION('',(0.277777777778,-0.960645359211,0.));
#1766 = PCURVE('',#830,#1767);
#1767 = DEFINITIONAL_REPRESENTATION('',(#1768),#1772);
#1768 = LINE('',#1769,#1770);
#1769 = CARTESIAN_POINT('',(-4.993869053616,-6.8));
#1770 = VECTOR('',#1771,1.);
#1771 = DIRECTION('',(-1.,-0.));
#1772 = ( GEOMETRIC_REPRESENTATION_CONTEXT(2) 
PARAMETRIC_REPRESENTATION_CONTEXT() REPRESENTATION_CONTEXT('2D SPACE',''
  ) );
#1773 = PCURVE('',#1774,#1779);
#1774 = PLANE('',#1775);
#1775 = AXIS2_PLACEMENT_3D('',#1776,#1777,#1778);
#1776 = CARTESIAN_POINT('',(3.7,1.5,8.4));
#1777 = DIRECTION('',(0.,0.,1.));
#1778 = DIRECTION('',(1.,0.,0.));
#1779 = DEFINITIONAL_REPRESENTATION('',(#1780),#1784);
#1780 = CIRCLE('',#1781,1.8);
#1781 = AXIS2_PLACEMENT_2D('',#1782,#1783);
#1782 = CARTESIAN_POINT('',(-0.5,2.5));
#1783 = DIRECTION('',(0.277777777778,-0.960645359211));
#1784 = ( GEOMETRIC_REPRESENTATION_CONTEXT(2) 
PARAMETRIC_REPRESENTATION_CONTEXT() REPRESENTATION_CONTEXT('2D SPACE',''
  ) );
#1785 = ORIENTED_EDGE('',*,*,#1786,.T.);
#1786 = EDGE_CURVE('',#1756,#1787,#1789,.T.);
#1787 = VERTEX_POINT('',#1788);
#1788 = CARTESIAN_POINT('',(3.7,2.270838353422,6.2));
#1789 = SURFACE_CURVE('',#1790,(#1794,#1801),.PCURVE_S1.);
#1790 = LINE('',#1791,#1792);
#1791 = CARTESIAN_POINT('',(3.7,2.270838353421,1.6));
#1792 = VECTOR('',#1793,1.);
#1793 = DIRECTION('',(-0.,-0.,-1.));
#1794 = PCURVE('',#830,#1795);
#1795 = DEFINITIONAL_REPRESENTATION('',(#1796),#1800);
#1796 = LINE('',#1797,#1798);
#1797 = CARTESIAN_POINT('',(-4.993869053616,0.));
#1798 = VECTOR('',#1799,1.);
#1799 = DIRECTION('',(-0.,1.));
#1800 = ( GEOMETRIC_REPRESENTATION_CONTEXT(2) 
PARAMETRIC_REPRESENTATION_CONTEXT() REPRESENTATION_CONTEXT('2D SPACE',''
  ) );
#1801 = PCURVE('',#1802,#1807);
#1802 = PLANE('',#1803);
#1803 = AXIS2_PLACEMENT_3D('',#1804,#1805,#1806);
#1804 = CARTESIAN_POINT('',(3.7,1.5,6.2));
#1805 = DIRECTION('',(1.,0.,0.));
#1806 = DIRECTION('',(0.,0.,1.));
#1807 = DEFINITIONAL_REPRESENTATION('',(#1808),#1812);
#1808 = LINE('',#1809,#1810);
#1809 = CARTESIAN_POINT('',(-4.6,-0.770838353421));
#1810 = VECTOR('',#1811,1.);
#1811 = DIRECTION('',(-1.,0.));
#1812 = ( GEOMETRIC_REPRESENTATION_CONTEXT(2) 
PARAMETRIC_REPRESENTATION_CONTEXT() REPRESENTATION_CONTEXT('2D SPACE',''
  ) );
#1813 = ORIENTED_EDGE('',*,*,#1814,.F.);
#1814 = EDGE_CURVE('',#1815,#1787,#1817,.T.);
#1815 = VERTEX_POINT('',#1816);
#1816 = CARTESIAN_POINT('',(3.7,5.729161646578,6.2));
#1817 = SURFACE_CURVE('',#1818,(#1823,#1830),.PCURVE_S1.);
#1818 = CIRCLE('',#1819,1.8);
#1819 = AXIS2_PLACEMENT_3D('',#1820,#1821,#1822);
#1820 = CARTESIAN_POINT('',(3.2,4.,6.2));
#1821 = DIRECTION('',(7.662237855895E-33,5.136468423629E-16,-1.));
#1822 = DIRECTION('',(0.277777777778,0.960645359211,4.934324553891E-16)
  );
#1823 = PCURVE('',#830,#1824);
#1824 = DEFINITIONAL_REPRESENTATION('',(#1825),#1829);
#1825 = LINE('',#1826,#1827);
#1826 = CARTESIAN_POINT('',(-7.572501560744,-4.6));
#1827 = VECTOR('',#1828,1.);
#1828 = DIRECTION('',(1.,-0.));
#1829 = ( GEOMETRIC_REPRESENTATION_CONTEXT(2) 
PARAMETRIC_REPRESENTATION_CONTEXT() REPRESENTATION_CONTEXT('2D SPACE',''
  ) );
#1830 = PCURVE('',#1831,#1836);
#1831 = PLANE('',#1832);
#1832 = AXIS2_PLACEMENT_3D('',#1833,#1834,#1835);
#1833 = CARTESIAN_POINT('',(3.7,1.5,6.2));
#1834 = DIRECTION('',(0.,0.,1.));
#1835 = DIRECTION('',(1.,0.,0.));
#1836 = DEFINITIONAL_REPRESENTATION('',(#1837),#1845);
#1837 = ( BOUNDED_CURVE() B_SPLINE_CURVE(2,(#1838,#1839,#1840,#1841,
#1842,#1843,#1844),.UNSPECIFIED.,.T.,.F.) B_SPLINE_CURVE_WITH_KNOTS((1,2
    ,2,2,2,1),(-2.094395102393,0.,2.094395102393,4.188790204786,
6.28318530718,8.377580409573),.UNSPECIFIED.) CURVE() 
GEOMETRIC_REPRESENTATION_ITEM() RATIONAL_B_SPLINE_CURVE((1.,0.5,1.,0.5,
1.,0.5,1.)) REPRESENTATION_ITEM('') );
#1838 = CARTESIAN_POINT('',(1.593170040337E-13,4.229161646579));
#1839 = CARTESIAN_POINT('',(2.994995826374,3.363136242794));
#1840 = CARTESIAN_POINT('',(0.747497913187,1.202406474818));
#1841 = CARTESIAN_POINT('',(-1.5,-0.958323293158));
#1842 = CARTESIAN_POINT('',(-2.247497913187,2.068431878603));
#1843 = CARTESIAN_POINT('',(-2.994995826374,5.095187050364));
#1844 = CARTESIAN_POINT('',(1.593170040337E-13,4.229161646579));
#1845 = ( GEOMETRIC_REPRESENTATION_CONTEXT(2) 
PARAMETRIC_REPRESENTATION_CONTEXT() REPRESENTATION_CONTEXT('2D SPACE',''
  ) );
#1846 = ORIENTED_EDGE('',*,*,#1847,.F.);
#1847 = EDGE_CURVE('',#1758,#1815,#1848,.T.);
#1848 = SURFACE_CURVE('',#1849,(#1853,#1860),.PCURVE_S1.);
#1849 = LINE('',#1850,#1851);
#1850 = CARTESIAN_POINT('',(3.7,5.729161646579,1.6));
#1851 = VECTOR('',#1852,1.);
#1852 = DIRECTION('',(-0.,-0.,-1.));
#1853 = PCURVE('',#830,#1854);
#1854 = DEFINITIONAL_REPRESENTATION('',(#1855),#1859);
#1855 = LINE('',#1856,#1857);
#1856 = CARTESIAN_POINT('',(-7.572501560744,0.));
#1857 = VECTOR('',#1858,1.);
#1858 = DIRECTION('',(-0.,1.));
#1859 = ( GEOMETRIC_REPRESENTATION_CONTEXT(2) 
PARAMETRIC_REPRESENTATION_CONTEXT() REPRESENTATION_CONTEXT('2D SPACE',''
  ) );
#1860 = PCURVE('',#1802,#1861);
#1861 = DEFINITIONAL_REPRESENTATION('',(#1862),#1866);
#1862 = LINE('',#1863,#1864);
#1863 = CARTESIAN_POINT('',(-4.6,-4.229161646579));
#1864 = VECTOR('',#1865,1.);
#1865 = DIRECTION('',(-1.,0.));
#1866 = ( GEOMETRIC_REPRESENTATION_CONTEXT(2) 
PARAMETRIC_REPRESENTATION_CONTEXT() REPRESENTATION_CONTEXT('2D SPACE',''
  ) );
#1867 = ADVANCED_FACE('',(#1868),#379,.T.);
#1868 = FACE_BOUND('',#1869,.T.);
#1869 = EDGE_LOOP('',(#1870,#1871,#1892,#1893));
#1870 = ORIENTED_EDGE('',*,*,#1301,.T.);
#1871 = ORIENTED_EDGE('',*,*,#1872,.T.);
#1872 = EDGE_CURVE('',#1302,#363,#1873,.T.);
#1873 = SURFACE_CURVE('',#1874,(#1878,#1885),.PCURVE_S1.);
#1874 = LINE('',#1875,#1876);
#1875 = CARTESIAN_POINT('',(69.,178.,0.));
#1876 = VECTOR('',#1877,1.);
#1877 = DIRECTION('',(0.,0.,1.));
#1878 = PCURVE('',#379,#1879);
#1879 = DEFINITIONAL_REPRESENTATION('',(#1880),#1884);
#1880 = LINE('',#1881,#1882);
#1881 = CARTESIAN_POINT('',(1.570796326795,0.));
#1882 = VECTOR('',#1883,1.);
#1883 = DIRECTION('',(0.,1.));
#1884 = ( GEOMETRIC_REPRESENTATION_CONTEXT(2) 
PARAMETRIC_REPRESENTATION_CONTEXT() REPRESENTATION_CONTEXT('2D SPACE',''
  ) );
#1885 = PCURVE('',#407,#1886);
#1886 = DEFINITIONAL_REPRESENTATION('',(#1887),#1891);
#1887 = LINE('',#1888,#1889);
#1888 = CARTESIAN_POINT('',(0.,69.));
#1889 = VECTOR('',#1890,1.);
#1890 = DIRECTION('',(1.,0.));
#1891 = ( GEOMETRIC_REPRESENTATION_CONTEXT(2) 
PARAMETRIC_REPRESENTATION_CONTEXT() REPRESENTATION_CONTEXT('2D SPACE',''
  ) );
#1892 = ORIENTED_EDGE('',*,*,#362,.F.);
#1893 = ORIENTED_EDGE('',*,*,#1564,.F.);
#1894 = ADVANCED_FACE('',(#1895),#801,.F.);
#1895 = FACE_BOUND('',#1896,.F.);
#1896 = EDGE_LOOP('',(#1897,#1898,#1922,#1943));
#1897 = ORIENTED_EDGE('',*,*,#1730,.F.);
#1898 = ORIENTED_EDGE('',*,*,#1899,.T.);
#1899 = EDGE_CURVE('',#1703,#1900,#1902,.T.);
#1900 = VERTEX_POINT('',#1901);
#1901 = CARTESIAN_POINT('',(5.,1.6,1.6));
#1902 = SURFACE_CURVE('',#1903,(#1908,#1915),.PCURVE_S1.);
#1903 = CIRCLE('',#1904,3.4);
#1904 = AXIS2_PLACEMENT_3D('',#1905,#1906,#1907);
#1905 = CARTESIAN_POINT('',(5.,5.,1.6));
#1906 = DIRECTION('',(0.,0.,1.));
#1907 = DIRECTION('',(0.,-1.,0.));
#1908 = PCURVE('',#801,#1909);
#1909 = DEFINITIONAL_REPRESENTATION('',(#1910),#1914);
#1910 = LINE('',#1911,#1912);
#1911 = CARTESIAN_POINT('',(-4.712388980385,0.));
#1912 = VECTOR('',#1913,1.);
#1913 = DIRECTION('',(1.,0.));
#1914 = ( GEOMETRIC_REPRESENTATION_CONTEXT(2) 
PARAMETRIC_REPRESENTATION_CONTEXT() REPRESENTATION_CONTEXT('2D SPACE',''
  ) );
#1915 = PCURVE('',#1444,#1916);
#1916 = DEFINITIONAL_REPRESENTATION('',(#1917),#1921);
#1917 = CIRCLE('',#1918,3.4);
#1918 = AXIS2_PLACEMENT_2D('',#1919,#1920);
#1919 = CARTESIAN_POINT('',(3.4,3.4));
#1920 = DIRECTION('',(0.,-1.));
#1921 = ( GEOMETRIC_REPRESENTATION_CONTEXT(2) 
PARAMETRIC_REPRESENTATION_CONTEXT() REPRESENTATION_CONTEXT('2D SPACE',''
  ) );
#1922 = ORIENTED_EDGE('',*,*,#1923,.T.);
#1923 = EDGE_CURVE('',#1900,#757,#1924,.T.);
#1924 = SURFACE_CURVE('',#1925,(#1929,#1936),.PCURVE_S1.);
#1925 = LINE('',#1926,#1927);
#1926 = CARTESIAN_POINT('',(5.,1.6,1.6));
#1927 = VECTOR('',#1928,1.);
#1928 = DIRECTION('',(0.,0.,1.));
#1929 = PCURVE('',#801,#1930);
#1930 = DEFINITIONAL_REPRESENTATION('',(#1931),#1935);
#1931 = LINE('',#1932,#1933);
#1932 = CARTESIAN_POINT('',(1.570796326795,0.));
#1933 = VECTOR('',#1934,1.);
#1934 = DIRECTION('',(0.,1.));
#1935 = ( GEOMETRIC_REPRESENTATION_CONTEXT(2) 
PARAMETRIC_REPRESENTATION_CONTEXT() REPRESENTATION_CONTEXT('2D SPACE',''
  ) );
#1936 = PCURVE('',#772,#1937);
#1937 = DEFINITIONAL_REPRESENTATION('',(#1938),#1942);
#1938 = LINE('',#1939,#1940);
#1939 = CARTESIAN_POINT('',(0.,3.4));
#1940 = VECTOR('',#1941,1.);
#1941 = DIRECTION('',(1.,0.));
#1942 = ( GEOMETRIC_REPRESENTATION_CONTEXT(2) 
PARAMETRIC_REPRESENTATION_CONTEXT() REPRESENTATION_CONTEXT('2D SPACE',''
  ) );
#1943 = ORIENTED_EDGE('',*,*,#784,.F.);
#1944 = ADVANCED_FACE('',(#1945),#407,.T.);
#1945 = FACE_BOUND('',#1946,.T.);
#1946 = EDGE_LOOP('',(#1947,#1948,#1949,#1950));
#1947 = ORIENTED_EDGE('',*,*,#1325,.F.);
#1948 = ORIENTED_EDGE('',*,*,#1176,.T.);
#1949 = ORIENTED_EDGE('',*,*,#391,.T.);
#1950 = ORIENTED_EDGE('',*,*,#1872,.F.);
#1951 = ADVANCED_FACE('',(#1952),#772,.T.);
#1952 = FACE_BOUND('',#1953,.T.);
#1953 = EDGE_LOOP('',(#1954,#1977,#1978,#1979));
#1954 = ORIENTED_EDGE('',*,*,#1955,.F.);
#1955 = EDGE_CURVE('',#1900,#1956,#1958,.T.);
#1956 = VERTEX_POINT('',#1957);
#1957 = CARTESIAN_POINT('',(69.,1.6,1.6));
#1958 = SURFACE_CURVE('',#1959,(#1963,#1970),.PCURVE_S1.);
#1959 = LINE('',#1960,#1961);
#1960 = CARTESIAN_POINT('',(1.6,1.6,1.6));
#1961 = VECTOR('',#1962,1.);
#1962 = DIRECTION('',(1.,0.,0.));
#1963 = PCURVE('',#772,#1964);
#1964 = DEFINITIONAL_REPRESENTATION('',(#1965),#1969);
#1965 = LINE('',#1966,#1967);
#1966 = CARTESIAN_POINT('',(0.,0.));
#1967 = VECTOR('',#1968,1.);
#1968 = DIRECTION('',(0.,1.));
#1969 = ( GEOMETRIC_REPRESENTATION_CONTEXT(2) 
PARAMETRIC_REPRESENTATION_CONTEXT() REPRESENTATION_CONTEXT('2D SPACE',''
  ) );
#1970 = PCURVE('',#1444,#1971);
#1971 = DEFINITIONAL_REPRESENTATION('',(#1972),#1976);
#1972 = LINE('',#1973,#1974);
#1973 = CARTESIAN_POINT('',(0.,0.));
#1974 = VECTOR('',#1975,1.);
#1975 = DIRECTION('',(1.,0.));
#1976 = ( GEOMETRIC_REPRESENTATION_CONTEXT(2) 
PARAMETRIC_REPRESENTATION_CONTEXT() REPRESENTATION_CONTEXT('2D SPACE',''
  ) );
#1977 = ORIENTED_EDGE('',*,*,#1923,.T.);
#1978 = ORIENTED_EDGE('',*,*,#756,.F.);
#1979 = ORIENTED_EDGE('',*,*,#1980,.F.);
#1980 = EDGE_CURVE('',#1956,#728,#1981,.T.);
#1981 = SURFACE_CURVE('',#1982,(#1986,#1993),.PCURVE_S1.);
#1982 = LINE('',#1983,#1984);
#1983 = CARTESIAN_POINT('',(69.,1.6,1.6));
#1984 = VECTOR('',#1985,1.);
#1985 = DIRECTION('',(0.,0.,1.));
#1986 = PCURVE('',#772,#1987);
#1987 = DEFINITIONAL_REPRESENTATION('',(#1988),#1992);
#1988 = LINE('',#1989,#1990);
#1989 = CARTESIAN_POINT('',(0.,67.4));
#1990 = VECTOR('',#1991,1.);
#1991 = DIRECTION('',(1.,0.));
#1992 = ( GEOMETRIC_REPRESENTATION_CONTEXT(2) 
PARAMETRIC_REPRESENTATION_CONTEXT() REPRESENTATION_CONTEXT('2D SPACE',''
  ) );
#1993 = PCURVE('',#744,#1994);
#1994 = DEFINITIONAL_REPRESENTATION('',(#1995),#1999);
#1995 = LINE('',#1996,#1997);
#1996 = CARTESIAN_POINT('',(-1.570796326795,0.));
#1997 = VECTOR('',#1998,1.);
#1998 = DIRECTION('',(-0.,1.));
#1999 = ( GEOMETRIC_REPRESENTATION_CONTEXT(2) 
PARAMETRIC_REPRESENTATION_CONTEXT() REPRESENTATION_CONTEXT('2D SPACE',''
  ) );
#2000 = ADVANCED_FACE('',(#2001),#744,.F.);
#2001 = FACE_BOUND('',#2002,.T.);
#2002 = EDGE_LOOP('',(#2003,#2026,#2052,#2053));
#2003 = ORIENTED_EDGE('',*,*,#2004,.F.);
#2004 = EDGE_CURVE('',#2005,#700,#2007,.T.);
#2005 = VERTEX_POINT('',#2006);
#2006 = CARTESIAN_POINT('',(72.4,5.,1.6));
#2007 = SURFACE_CURVE('',#2008,(#2012,#2019),.PCURVE_S1.);
#2008 = LINE('',#2009,#2010);
#2009 = CARTESIAN_POINT('',(72.4,5.,1.6));
#2010 = VECTOR('',#2011,1.);
#2011 = DIRECTION('',(0.,0.,1.));
#2012 = PCURVE('',#744,#2013);
#2013 = DEFINITIONAL_REPRESENTATION('',(#2014),#2018);
#2014 = LINE('',#2015,#2016);
#2015 = CARTESIAN_POINT('',(-0.,0.));
#2016 = VECTOR('',#2017,1.);
#2017 = DIRECTION('',(-0.,1.));
#2018 = ( GEOMETRIC_REPRESENTATION_CONTEXT(2) 
PARAMETRIC_REPRESENTATION_CONTEXT() REPRESENTATION_CONTEXT('2D SPACE',''
  ) );
#2019 = PCURVE('',#715,#2020);
#2020 = DEFINITIONAL_REPRESENTATION('',(#2021),#2025);
#2021 = LINE('',#2022,#2023);
#2022 = CARTESIAN_POINT('',(0.,-3.4));
#2023 = VECTOR('',#2024,1.);
#2024 = DIRECTION('',(1.,0.));
#2025 = ( GEOMETRIC_REPRESENTATION_CONTEXT(2) 
PARAMETRIC_REPRESENTATION_CONTEXT() REPRESENTATION_CONTEXT('2D SPACE',''
  ) );
#2026 = ORIENTED_EDGE('',*,*,#2027,.T.);
#2027 = EDGE_CURVE('',#2005,#1956,#2028,.T.);
#2028 = SURFACE_CURVE('',#2029,(#2034,#2041),.PCURVE_S1.);
#2029 = CIRCLE('',#2030,3.4);
#2030 = AXIS2_PLACEMENT_3D('',#2031,#2032,#2033);
#2031 = CARTESIAN_POINT('',(69.,5.,1.6));
#2032 = DIRECTION('',(-0.,-0.,-1.));
#2033 = DIRECTION('',(0.,-1.,0.));
#2034 = PCURVE('',#744,#2035);
#2035 = DEFINITIONAL_REPRESENTATION('',(#2036),#2040);
#2036 = LINE('',#2037,#2038);
#2037 = CARTESIAN_POINT('',(4.712388980385,-0.));
#2038 = VECTOR('',#2039,1.);
#2039 = DIRECTION('',(-1.,0.));
#2040 = ( GEOMETRIC_REPRESENTATION_CONTEXT(2) 
PARAMETRIC_REPRESENTATION_CONTEXT() REPRESENTATION_CONTEXT('2D SPACE',''
  ) );
#2041 = PCURVE('',#1444,#2042);
#2042 = DEFINITIONAL_REPRESENTATION('',(#2043),#2051);
#2043 = ( BOUNDED_CURVE() B_SPLINE_CURVE(2,(#2044,#2045,#2046,#2047,
#2048,#2049,#2050),.UNSPECIFIED.,.T.,.F.) B_SPLINE_CURVE_WITH_KNOTS((1,2
    ,2,2,2,1),(-2.094395102393,0.,2.094395102393,4.188790204786,
6.28318530718,8.377580409573),.UNSPECIFIED.) CURVE() 
GEOMETRIC_REPRESENTATION_ITEM() RATIONAL_B_SPLINE_CURVE((1.,0.5,1.,0.5,
1.,0.5,1.)) REPRESENTATION_ITEM('') );
#2044 = CARTESIAN_POINT('',(67.4,5.773159728051E-15));
#2045 = CARTESIAN_POINT('',(61.511027254266,5.773159728051E-15));
#2046 = CARTESIAN_POINT('',(64.455513627133,5.1));
#2047 = CARTESIAN_POINT('',(67.4,10.2));
#2048 = CARTESIAN_POINT('',(70.344486372867,5.1));
#2049 = CARTESIAN_POINT('',(73.288972745734,1.110223024625E-14));
#2050 = CARTESIAN_POINT('',(67.4,5.773159728051E-15));
#2051 = ( GEOMETRIC_REPRESENTATION_CONTEXT(2) 
PARAMETRIC_REPRESENTATION_CONTEXT() REPRESENTATION_CONTEXT('2D SPACE',''
  ) );
#2052 = ORIENTED_EDGE('',*,*,#1980,.T.);
#2053 = ORIENTED_EDGE('',*,*,#727,.T.);
#2054 = ADVANCED_FACE('',(#2055,#2103),#715,.F.);
#2055 = FACE_BOUND('',#2056,.F.);
#2056 = EDGE_LOOP('',(#2057,#2058,#2059,#2082));
#2057 = ORIENTED_EDGE('',*,*,#699,.F.);
#2058 = ORIENTED_EDGE('',*,*,#2004,.F.);
#2059 = ORIENTED_EDGE('',*,*,#2060,.T.);
#2060 = EDGE_CURVE('',#2005,#2061,#2063,.T.);
#2061 = VERTEX_POINT('',#2062);
#2062 = CARTESIAN_POINT('',(72.4,173.,1.6));
#2063 = SURFACE_CURVE('',#2064,(#2068,#2075),.PCURVE_S1.);
#2064 = LINE('',#2065,#2066);
#2065 = CARTESIAN_POINT('',(72.4,1.6,1.6));
#2066 = VECTOR('',#2067,1.);
#2067 = DIRECTION('',(0.,1.,0.));
#2068 = PCURVE('',#715,#2069);
#2069 = DEFINITIONAL_REPRESENTATION('',(#2070),#2074);
#2070 = LINE('',#2071,#2072);
#2071 = CARTESIAN_POINT('',(0.,0.));
#2072 = VECTOR('',#2073,1.);
#2073 = DIRECTION('',(0.,-1.));
#2074 = ( GEOMETRIC_REPRESENTATION_CONTEXT(2) 
PARAMETRIC_REPRESENTATION_CONTEXT() REPRESENTATION_CONTEXT('2D SPACE',''
  ) );
#2075 = PCURVE('',#1444,#2076);
#2076 = DEFINITIONAL_REPRESENTATION('',(#2077),#2081);
#2077 = LINE('',#2078,#2079);
#2078 = CARTESIAN_POINT('',(70.8,0.));
#2079 = VECTOR('',#2080,1.);
#2080 = DIRECTION('',(0.,1.));
#2081 = ( GEOMETRIC_REPRESENTATION_CONTEXT(2) 
PARAMETRIC_REPRESENTATION_CONTEXT() REPRESENTATION_CONTEXT('2D SPACE',''
  ) );
#2082 = ORIENTED_EDGE('',*,*,#2083,.T.);
#2083 = EDGE_CURVE('',#2061,#671,#2084,.T.);
#2084 = SURFACE_CURVE('',#2085,(#2089,#2096),.PCURVE_S1.);
#2085 = LINE('',#2086,#2087);
#2086 = CARTESIAN_POINT('',(72.4,173.,1.6));
#2087 = VECTOR('',#2088,1.);
#2088 = DIRECTION('',(0.,0.,1.));
#2089 = PCURVE('',#715,#2090);
#2090 = DEFINITIONAL_REPRESENTATION('',(#2091),#2095);
#2091 = LINE('',#2092,#2093);
#2092 = CARTESIAN_POINT('',(0.,-171.4));
#2093 = VECTOR('',#2094,1.);
#2094 = DIRECTION('',(1.,0.));
#2095 = ( GEOMETRIC_REPRESENTATION_CONTEXT(2) 
PARAMETRIC_REPRESENTATION_CONTEXT() REPRESENTATION_CONTEXT('2D SPACE',''
  ) );
#2096 = PCURVE('',#687,#2097);
#2097 = DEFINITIONAL_REPRESENTATION('',(#2098),#2102);
#2098 = LINE('',#2099,#2100);
#2099 = CARTESIAN_POINT('',(0.,0.));
#2100 = VECTOR('',#2101,1.);
#2101 = DIRECTION('',(0.,1.));
#2102 = ( GEOMETRIC_REPRESENTATION_CONTEXT(2) 
PARAMETRIC_REPRESENTATION_CONTEXT() REPRESENTATION_CONTEXT('2D SPACE',''
  ) );
#2103 = FACE_BOUND('',#2104,.F.);
#2104 = EDGE_LOOP('',(#2105,#2130,#2153,#2176));
#2105 = ORIENTED_EDGE('',*,*,#2106,.T.);
#2106 = EDGE_CURVE('',#2107,#2109,#2111,.T.);
#2107 = VERTEX_POINT('',#2108);
#2108 = CARTESIAN_POINT('',(72.4,164.,7.2));
#2109 = VERTEX_POINT('',#2110);
#2110 = CARTESIAN_POINT('',(72.4,144.,7.2));
#2111 = SURFACE_CURVE('',#2112,(#2116,#2123),.PCURVE_S1.);
#2112 = LINE('',#2113,#2114);
#2113 = CARTESIAN_POINT('',(72.4,72.8,7.2));
#2114 = VECTOR('',#2115,1.);
#2115 = DIRECTION('',(0.,-1.,0.));
#2116 = PCURVE('',#715,#2117);
#2117 = DEFINITIONAL_REPRESENTATION('',(#2118),#2122);
#2118 = LINE('',#2119,#2120);
#2119 = CARTESIAN_POINT('',(5.6,-71.2));
#2120 = VECTOR('',#2121,1.);
#2121 = DIRECTION('',(0.,1.));
#2122 = ( GEOMETRIC_REPRESENTATION_CONTEXT(2) 
PARAMETRIC_REPRESENTATION_CONTEXT() REPRESENTATION_CONTEXT('2D SPACE',''
  ) );
#2123 = PCURVE('',#1605,#2124);
#2124 = DEFINITIONAL_REPRESENTATION('',(#2125),#2129);
#2125 = LINE('',#2126,#2127);
#2126 = CARTESIAN_POINT('',(4.4,-71.2));
#2127 = VECTOR('',#2128,1.);
#2128 = DIRECTION('',(0.,-1.));
#2129 = ( GEOMETRIC_REPRESENTATION_CONTEXT(2) 
PARAMETRIC_REPRESENTATION_CONTEXT() REPRESENTATION_CONTEXT('2D SPACE',''
  ) );
#2130 = ORIENTED_EDGE('',*,*,#2131,.T.);
#2131 = EDGE_CURVE('',#2109,#2132,#2134,.T.);
#2132 = VERTEX_POINT('',#2133);
#2133 = CARTESIAN_POINT('',(72.4,144.,15.2));
#2134 = SURFACE_CURVE('',#2135,(#2139,#2146),.PCURVE_S1.);
#2135 = LINE('',#2136,#2137);
#2136 = CARTESIAN_POINT('',(72.4,144.,4.4));
#2137 = VECTOR('',#2138,1.);
#2138 = DIRECTION('',(0.,0.,1.));
#2139 = PCURVE('',#715,#2140);
#2140 = DEFINITIONAL_REPRESENTATION('',(#2141),#2145);
#2141 = LINE('',#2142,#2143);
#2142 = CARTESIAN_POINT('',(2.8,-142.4));
#2143 = VECTOR('',#2144,1.);
#2144 = DIRECTION('',(1.,0.));
#2145 = ( GEOMETRIC_REPRESENTATION_CONTEXT(2) 
PARAMETRIC_REPRESENTATION_CONTEXT() REPRESENTATION_CONTEXT('2D SPACE',''
  ) );
#2146 = PCURVE('',#1633,#2147);
#2147 = DEFINITIONAL_REPRESENTATION('',(#2148),#2152);
#2148 = LINE('',#2149,#2150);
#2149 = CARTESIAN_POINT('',(-2.8,4.4));
#2150 = VECTOR('',#2151,1.);
#2151 = DIRECTION('',(1.,0.));
#2152 = ( GEOMETRIC_REPRESENTATION_CONTEXT(2) 
PARAMETRIC_REPRESENTATION_CONTEXT() REPRESENTATION_CONTEXT('2D SPACE',''
  ) );
#2153 = ORIENTED_EDGE('',*,*,#2154,.F.);
#2154 = EDGE_CURVE('',#2155,#2132,#2157,.T.);
#2155 = VERTEX_POINT('',#2156);
#2156 = CARTESIAN_POINT('',(72.4,164.,15.2));
#2157 = SURFACE_CURVE('',#2158,(#2162,#2169),.PCURVE_S1.);
#2158 = LINE('',#2159,#2160);
#2159 = CARTESIAN_POINT('',(72.4,72.8,15.2));
#2160 = VECTOR('',#2161,1.);
#2161 = DIRECTION('',(0.,-1.,0.));
#2162 = PCURVE('',#715,#2163);
#2163 = DEFINITIONAL_REPRESENTATION('',(#2164),#2168);
#2164 = LINE('',#2165,#2166);
#2165 = CARTESIAN_POINT('',(13.6,-71.2));
#2166 = VECTOR('',#2167,1.);
#2167 = DIRECTION('',(0.,1.));
#2168 = ( GEOMETRIC_REPRESENTATION_CONTEXT(2) 
PARAMETRIC_REPRESENTATION_CONTEXT() REPRESENTATION_CONTEXT('2D SPACE',''
  ) );
#2169 = PCURVE('',#1661,#2170);
#2170 = DEFINITIONAL_REPRESENTATION('',(#2171),#2175);
#2171 = LINE('',#2172,#2173);
#2172 = CARTESIAN_POINT('',(4.4,-71.2));
#2173 = VECTOR('',#2174,1.);
#2174 = DIRECTION('',(0.,-1.));
#2175 = ( GEOMETRIC_REPRESENTATION_CONTEXT(2) 
PARAMETRIC_REPRESENTATION_CONTEXT() REPRESENTATION_CONTEXT('2D SPACE',''
  ) );
#2176 = ORIENTED_EDGE('',*,*,#2177,.F.);
#2177 = EDGE_CURVE('',#2107,#2155,#2178,.T.);
#2178 = SURFACE_CURVE('',#2179,(#2183,#2190),.PCURVE_S1.);
#2179 = LINE('',#2180,#2181);
#2180 = CARTESIAN_POINT('',(72.4,164.,4.4));
#2181 = VECTOR('',#2182,1.);
#2182 = DIRECTION('',(0.,0.,1.));
#2183 = PCURVE('',#715,#2184);
#2184 = DEFINITIONAL_REPRESENTATION('',(#2185),#2189);
#2185 = LINE('',#2186,#2187);
#2186 = CARTESIAN_POINT('',(2.8,-162.4));
#2187 = VECTOR('',#2188,1.);
#2188 = DIRECTION('',(1.,0.));
#2189 = ( GEOMETRIC_REPRESENTATION_CONTEXT(2) 
PARAMETRIC_REPRESENTATION_CONTEXT() REPRESENTATION_CONTEXT('2D SPACE',''
  ) );
#2190 = PCURVE('',#1687,#2191);
#2191 = DEFINITIONAL_REPRESENTATION('',(#2192),#2196);
#2192 = LINE('',#2193,#2194);
#2193 = CARTESIAN_POINT('',(-2.8,4.4));
#2194 = VECTOR('',#2195,1.);
#2195 = DIRECTION('',(1.,0.));
#2196 = ( GEOMETRIC_REPRESENTATION_CONTEXT(2) 
PARAMETRIC_REPRESENTATION_CONTEXT() REPRESENTATION_CONTEXT('2D SPACE',''
  ) );
#2197 = ADVANCED_FACE('',(#2198),#687,.F.);
#2198 = FACE_BOUND('',#2199,.F.);
#2199 = EDGE_LOOP('',(#2200,#2201,#2225,#2246));
#2200 = ORIENTED_EDGE('',*,*,#2083,.F.);
#2201 = ORIENTED_EDGE('',*,*,#2202,.T.);
#2202 = EDGE_CURVE('',#2061,#2203,#2205,.T.);
#2203 = VERTEX_POINT('',#2204);
#2204 = CARTESIAN_POINT('',(72.359149542481,173.52546584213,1.6));
#2205 = SURFACE_CURVE('',#2206,(#2211,#2218),.PCURVE_S1.);
#2206 = CIRCLE('',#2207,3.4);
#2207 = AXIS2_PLACEMENT_3D('',#2208,#2209,#2210);
#2208 = CARTESIAN_POINT('',(69.,173.,1.6));
#2209 = DIRECTION('',(0.,0.,1.));
#2210 = DIRECTION('',(0.,-1.,0.));
#2211 = PCURVE('',#687,#2212);
#2212 = DEFINITIONAL_REPRESENTATION('',(#2213),#2217);
#2213 = LINE('',#2214,#2215);
#2214 = CARTESIAN_POINT('',(-1.570796326795,0.));
#2215 = VECTOR('',#2216,1.);
#2216 = DIRECTION('',(1.,0.));
#2217 = ( GEOMETRIC_REPRESENTATION_CONTEXT(2) 
PARAMETRIC_REPRESENTATION_CONTEXT() REPRESENTATION_CONTEXT('2D SPACE',''
  ) );
#2218 = PCURVE('',#1444,#2219);
#2219 = DEFINITIONAL_REPRESENTATION('',(#2220),#2224);
#2220 = CIRCLE('',#2221,3.4);
#2221 = AXIS2_PLACEMENT_2D('',#2222,#2223);
#2222 = CARTESIAN_POINT('',(67.4,171.4));
#2223 = DIRECTION('',(0.,-1.));
#2224 = ( GEOMETRIC_REPRESENTATION_CONTEXT(2) 
PARAMETRIC_REPRESENTATION_CONTEXT() REPRESENTATION_CONTEXT('2D SPACE',''
  ) );
#2225 = ORIENTED_EDGE('',*,*,#2226,.T.);
#2226 = EDGE_CURVE('',#2203,#642,#2227,.T.);
#2227 = SURFACE_CURVE('',#2228,(#2232,#2239),.PCURVE_S1.);
#2228 = LINE('',#2229,#2230);
#2229 = CARTESIAN_POINT('',(72.359149542481,173.52546584213,1.6));
#2230 = VECTOR('',#2231,1.);
#2231 = DIRECTION('',(0.,0.,1.));
#2232 = PCURVE('',#687,#2233);
#2233 = DEFINITIONAL_REPRESENTATION('',(#2234),#2238);
#2234 = LINE('',#2235,#2236);
#2235 = CARTESIAN_POINT('',(0.155170726811,0.));
#2236 = VECTOR('',#2237,1.);
#2237 = DIRECTION('',(0.,1.));
#2238 = ( GEOMETRIC_REPRESENTATION_CONTEXT(2) 
PARAMETRIC_REPRESENTATION_CONTEXT() REPRESENTATION_CONTEXT('2D SPACE',''
  ) );
#2239 = PCURVE('',#658,#2240);
#2240 = DEFINITIONAL_REPRESENTATION('',(#2241),#2245);
#2241 = LINE('',#2242,#2243);
#2242 = CARTESIAN_POINT('',(-5.923413156318,0.));
#2243 = VECTOR('',#2244,1.);
#2244 = DIRECTION('',(-0.,-1.));
#2245 = ( GEOMETRIC_REPRESENTATION_CONTEXT(2) 
PARAMETRIC_REPRESENTATION_CONTEXT() REPRESENTATION_CONTEXT('2D SPACE',''
  ) );
#2246 = ORIENTED_EDGE('',*,*,#670,.F.);
#2247 = ADVANCED_FACE('',(#2248),#658,.T.);
#2248 = FACE_BOUND('',#2249,.F.);
#2249 = EDGE_LOOP('',(#2250,#2274,#2295,#2296));
#2250 = ORIENTED_EDGE('',*,*,#2251,.F.);
#2251 = EDGE_CURVE('',#2252,#2203,#2254,.T.);
#2252 = VERTEX_POINT('',#2253);
#2253 = CARTESIAN_POINT('',(69.525465842134,176.35914954248,1.6));
#2254 = SURFACE_CURVE('',#2255,(#2260,#2267),.PCURVE_S1.);
#2255 = CIRCLE('',#2256,2.2);
#2256 = AXIS2_PLACEMENT_3D('',#2257,#2258,#2259);
#2257 = CARTESIAN_POINT('',(70.3,174.3,1.6));
#2258 = DIRECTION('',(0.,0.,1.));
#2259 = DIRECTION('',(1.,0.,0.));
#2260 = PCURVE('',#658,#2261);
#2261 = DEFINITIONAL_REPRESENTATION('',(#2262),#2266);
#2262 = LINE('',#2263,#2264);
#2263 = CARTESIAN_POINT('',(-0.,0.));
#2264 = VECTOR('',#2265,1.);
#2265 = DIRECTION('',(-1.,0.));
#2266 = ( GEOMETRIC_REPRESENTATION_CONTEXT(2) 
PARAMETRIC_REPRESENTATION_CONTEXT() REPRESENTATION_CONTEXT('2D SPACE',''
  ) );
#2267 = PCURVE('',#1444,#2268);
#2268 = DEFINITIONAL_REPRESENTATION('',(#2269),#2273);
#2269 = CIRCLE('',#2270,2.2);
#2270 = AXIS2_PLACEMENT_2D('',#2271,#2272);
#2271 = CARTESIAN_POINT('',(68.7,172.7));
#2272 = DIRECTION('',(1.,0.));
#2273 = ( GEOMETRIC_REPRESENTATION_CONTEXT(2) 
PARAMETRIC_REPRESENTATION_CONTEXT() REPRESENTATION_CONTEXT('2D SPACE',''
  ) );
#2274 = ORIENTED_EDGE('',*,*,#2275,.T.);
#2275 = EDGE_CURVE('',#2252,#613,#2276,.T.);
#2276 = SURFACE_CURVE('',#2277,(#2281,#2288),.PCURVE_S1.);
#2277 = LINE('',#2278,#2279);
#2278 = CARTESIAN_POINT('',(69.525465842134,176.35914954248,1.6));
#2279 = VECTOR('',#2280,1.);
#2280 = DIRECTION('',(0.,0.,1.));
#2281 = PCURVE('',#658,#2282);
#2282 = DEFINITIONAL_REPRESENTATION('',(#2283),#2287);
#2283 = LINE('',#2284,#2285);
#2284 = CARTESIAN_POINT('',(-1.930568477657,0.));
#2285 = VECTOR('',#2286,1.);
#2286 = DIRECTION('',(-0.,-1.));
#2287 = ( GEOMETRIC_REPRESENTATION_CONTEXT(2) 
PARAMETRIC_REPRESENTATION_CONTEXT() REPRESENTATION_CONTEXT('2D SPACE',''
  ) );
#2288 = PCURVE('',#629,#2289);
#2289 = DEFINITIONAL_REPRESENTATION('',(#2290),#2294);
#2290 = LINE('',#2291,#2292);
#2291 = CARTESIAN_POINT('',(1.415625599984,0.));
#2292 = VECTOR('',#2293,1.);
#2293 = DIRECTION('',(0.,1.));
#2294 = ( GEOMETRIC_REPRESENTATION_CONTEXT(2) 
PARAMETRIC_REPRESENTATION_CONTEXT() REPRESENTATION_CONTEXT('2D SPACE',''
  ) );
#2295 = ORIENTED_EDGE('',*,*,#641,.T.);
#2296 = ORIENTED_EDGE('',*,*,#2226,.F.);
#2297 = ADVANCED_FACE('',(#2298),#514,.F.);
#2298 = FACE_BOUND('',#2299,.T.);
#2299 = EDGE_LOOP('',(#2300,#2301,#2329,#2350));
#2300 = ORIENTED_EDGE('',*,*,#1456,.F.);
#2301 = ORIENTED_EDGE('',*,*,#2302,.T.);
#2302 = EDGE_CURVE('',#1429,#2303,#2305,.T.);
#2303 = VERTEX_POINT('',#2304);
#2304 = CARTESIAN_POINT('',(1.640850457519,173.52546584213,1.6));
#2305 = SURFACE_CURVE('',#2306,(#2311,#2318),.PCURVE_S1.);
#2306 = CIRCLE('',#2307,3.4);
#2307 = AXIS2_PLACEMENT_3D('',#2308,#2309,#2310);
#2308 = CARTESIAN_POINT('',(5.,173.,1.6));
#2309 = DIRECTION('',(-0.,-0.,-1.));
#2310 = DIRECTION('',(0.,-1.,0.));
#2311 = PCURVE('',#514,#2312);
#2312 = DEFINITIONAL_REPRESENTATION('',(#2313),#2317);
#2313 = LINE('',#2314,#2315);
#2314 = CARTESIAN_POINT('',(1.570796326795,-0.));
#2315 = VECTOR('',#2316,1.);
#2316 = DIRECTION('',(-1.,0.));
#2317 = ( GEOMETRIC_REPRESENTATION_CONTEXT(2) 
PARAMETRIC_REPRESENTATION_CONTEXT() REPRESENTATION_CONTEXT('2D SPACE',''
  ) );
#2318 = PCURVE('',#1444,#2319);
#2319 = DEFINITIONAL_REPRESENTATION('',(#2320),#2328);
#2320 = ( BOUNDED_CURVE() B_SPLINE_CURVE(2,(#2321,#2322,#2323,#2324,
#2325,#2326,#2327),.UNSPECIFIED.,.T.,.F.) B_SPLINE_CURVE_WITH_KNOTS((1,2
    ,2,2,2,1),(-2.094395102393,0.,2.094395102393,4.188790204786,
6.28318530718,8.377580409573),.UNSPECIFIED.) CURVE() 
GEOMETRIC_REPRESENTATION_ITEM() RATIONAL_B_SPLINE_CURVE((1.,0.5,1.,0.5,
1.,0.5,1.)) REPRESENTATION_ITEM('') );
#2321 = CARTESIAN_POINT('',(3.4,168.));
#2322 = CARTESIAN_POINT('',(-2.488972745734,168.));
#2323 = CARTESIAN_POINT('',(0.455513627133,173.1));
#2324 = CARTESIAN_POINT('',(3.4,178.2));
#2325 = CARTESIAN_POINT('',(6.344486372867,173.1));
#2326 = CARTESIAN_POINT('',(9.288972745734,168.));
#2327 = CARTESIAN_POINT('',(3.4,168.));
#2328 = ( GEOMETRIC_REPRESENTATION_CONTEXT(2) 
PARAMETRIC_REPRESENTATION_CONTEXT() REPRESENTATION_CONTEXT('2D SPACE',''
  ) );
#2329 = ORIENTED_EDGE('',*,*,#2330,.T.);
#2330 = EDGE_CURVE('',#2303,#498,#2331,.T.);
#2331 = SURFACE_CURVE('',#2332,(#2336,#2343),.PCURVE_S1.);
#2332 = LINE('',#2333,#2334);
#2333 = CARTESIAN_POINT('',(1.640850457519,173.52546584213,1.6));
#2334 = VECTOR('',#2335,1.);
#2335 = DIRECTION('',(0.,0.,1.));
#2336 = PCURVE('',#514,#2337);
#2337 = DEFINITIONAL_REPRESENTATION('',(#2338),#2342);
#2338 = LINE('',#2339,#2340);
#2339 = CARTESIAN_POINT('',(-0.155170726811,0.));
#2340 = VECTOR('',#2341,1.);
#2341 = DIRECTION('',(-0.,1.));
#2342 = ( GEOMETRIC_REPRESENTATION_CONTEXT(2) 
PARAMETRIC_REPRESENTATION_CONTEXT() REPRESENTATION_CONTEXT('2D SPACE',''
  ) );
#2343 = PCURVE('',#543,#2344);
#2344 = DEFINITIONAL_REPRESENTATION('',(#2345),#2349);
#2345 = LINE('',#2346,#2347);
#2346 = CARTESIAN_POINT('',(-3.501364804452,0.));
#2347 = VECTOR('',#2348,1.);
#2348 = DIRECTION('',(-0.,-1.));
#2349 = ( GEOMETRIC_REPRESENTATION_CONTEXT(2) 
PARAMETRIC_REPRESENTATION_CONTEXT() REPRESENTATION_CONTEXT('2D SPACE',''
  ) );
#2350 = ORIENTED_EDGE('',*,*,#497,.T.);
#2351 = ADVANCED_FACE('',(#2352),#629,.F.);
#2352 = FACE_BOUND('',#2353,.F.);
#2353 = EDGE_LOOP('',(#2354,#2355,#2379,#2400));
#2354 = ORIENTED_EDGE('',*,*,#2275,.F.);
#2355 = ORIENTED_EDGE('',*,*,#2356,.T.);
#2356 = EDGE_CURVE('',#2252,#2357,#2359,.T.);
#2357 = VERTEX_POINT('',#2358);
#2358 = CARTESIAN_POINT('',(69.,176.4,1.6));
#2359 = SURFACE_CURVE('',#2360,(#2365,#2372),.PCURVE_S1.);
#2360 = CIRCLE('',#2361,3.4);
#2361 = AXIS2_PLACEMENT_3D('',#2362,#2363,#2364);
#2362 = CARTESIAN_POINT('',(69.,173.,1.6));
#2363 = DIRECTION('',(0.,0.,1.));
#2364 = DIRECTION('',(0.,-1.,0.));
#2365 = PCURVE('',#629,#2366);
#2366 = DEFINITIONAL_REPRESENTATION('',(#2367),#2371);
#2367 = LINE('',#2368,#2369);
#2368 = CARTESIAN_POINT('',(-1.570796326795,0.));
#2369 = VECTOR('',#2370,1.);
#2370 = DIRECTION('',(1.,0.));
#2371 = ( GEOMETRIC_REPRESENTATION_CONTEXT(2) 
PARAMETRIC_REPRESENTATION_CONTEXT() REPRESENTATION_CONTEXT('2D SPACE',''
  ) );
#2372 = PCURVE('',#1444,#2373);
#2373 = DEFINITIONAL_REPRESENTATION('',(#2374),#2378);
#2374 = CIRCLE('',#2375,3.4);
#2375 = AXIS2_PLACEMENT_2D('',#2376,#2377);
#2376 = CARTESIAN_POINT('',(67.4,171.4));
#2377 = DIRECTION('',(0.,-1.));
#2378 = ( GEOMETRIC_REPRESENTATION_CONTEXT(2) 
PARAMETRIC_REPRESENTATION_CONTEXT() REPRESENTATION_CONTEXT('2D SPACE',''
  ) );
#2379 = ORIENTED_EDGE('',*,*,#2380,.T.);
#2380 = EDGE_CURVE('',#2357,#585,#2381,.T.);
#2381 = SURFACE_CURVE('',#2382,(#2386,#2393),.PCURVE_S1.);
#2382 = LINE('',#2383,#2384);
#2383 = CARTESIAN_POINT('',(69.,176.4,1.6));
#2384 = VECTOR('',#2385,1.);
#2385 = DIRECTION('',(0.,0.,1.));
#2386 = PCURVE('',#629,#2387);
#2387 = DEFINITIONAL_REPRESENTATION('',(#2388),#2392);
#2388 = LINE('',#2389,#2390);
#2389 = CARTESIAN_POINT('',(1.570796326795,0.));
#2390 = VECTOR('',#2391,1.);
#2391 = DIRECTION('',(0.,1.));
#2392 = ( GEOMETRIC_REPRESENTATION_CONTEXT(2) 
PARAMETRIC_REPRESENTATION_CONTEXT() REPRESENTATION_CONTEXT('2D SPACE',''
  ) );
#2393 = PCURVE('',#600,#2394);
#2394 = DEFINITIONAL_REPRESENTATION('',(#2395),#2399);
#2395 = LINE('',#2396,#2397);
#2396 = CARTESIAN_POINT('',(0.,67.4));
#2397 = VECTOR('',#2398,1.);
#2398 = DIRECTION('',(1.,0.));
#2399 = ( GEOMETRIC_REPRESENTATION_CONTEXT(2) 
PARAMETRIC_REPRESENTATION_CONTEXT() REPRESENTATION_CONTEXT('2D SPACE',''
  ) );
#2400 = ORIENTED_EDGE('',*,*,#612,.F.);
#2401 = ADVANCED_FACE('',(#2402),#543,.T.);
#2402 = FACE_BOUND('',#2403,.F.);
#2403 = EDGE_LOOP('',(#2404,#2432,#2433,#2434));
#2404 = ORIENTED_EDGE('',*,*,#2405,.T.);
#2405 = EDGE_CURVE('',#2406,#2303,#2408,.T.);
#2406 = VERTEX_POINT('',#2407);
#2407 = CARTESIAN_POINT('',(4.474534157866,176.35914954248,1.6));
#2408 = SURFACE_CURVE('',#2409,(#2414,#2421),.PCURVE_S1.);
#2409 = CIRCLE('',#2410,2.2);
#2410 = AXIS2_PLACEMENT_3D('',#2411,#2412,#2413);
#2411 = CARTESIAN_POINT('',(3.7,174.3,1.6));
#2412 = DIRECTION('',(0.,0.,-1.));
#2413 = DIRECTION('',(0.352060980848,0.935977064764,0.));
#2414 = PCURVE('',#543,#2415);
#2415 = DEFINITIONAL_REPRESENTATION('',(#2416),#2420);
#2416 = LINE('',#2417,#2418);
#2417 = CARTESIAN_POINT('',(-7.494209483113,0.));
#2418 = VECTOR('',#2419,1.);
#2419 = DIRECTION('',(1.,-0.));
#2420 = ( GEOMETRIC_REPRESENTATION_CONTEXT(2) 
PARAMETRIC_REPRESENTATION_CONTEXT() REPRESENTATION_CONTEXT('2D SPACE',''
  ) );
#2421 = PCURVE('',#1444,#2422);
#2422 = DEFINITIONAL_REPRESENTATION('',(#2423),#2431);
#2423 = ( BOUNDED_CURVE() B_SPLINE_CURVE(2,(#2424,#2425,#2426,#2427,
#2428,#2429,#2430),.UNSPECIFIED.,.T.,.F.) B_SPLINE_CURVE_WITH_KNOTS((1,2
    ,2,2,2,1),(-2.094395102393,0.,2.094395102393,4.188790204786,
6.28318530718,8.377580409573),.UNSPECIFIED.) CURVE() 
GEOMETRIC_REPRESENTATION_ITEM() RATIONAL_B_SPLINE_CURVE((1.,0.5,1.,0.5,
1.,0.5,1.)) REPRESENTATION_ITEM('') );
#2424 = CARTESIAN_POINT('',(2.874534157866,174.75914954248));
#2425 = CARTESIAN_POINT('',(6.441085785825,173.41761702886));
#2426 = CARTESIAN_POINT('',(3.496008735047,170.99965897194));
#2427 = CARTESIAN_POINT('',(0.550931684269,168.58170091503));
#2428 = CARTESIAN_POINT('',(-7.054289291237E-02,172.34119148557));
#2429 = CARTESIAN_POINT('',(-0.692017470094,176.1006820561));
#2430 = CARTESIAN_POINT('',(2.874534157866,174.75914954248));
#2431 = ( GEOMETRIC_REPRESENTATION_CONTEXT(2) 
PARAMETRIC_REPRESENTATION_CONTEXT() REPRESENTATION_CONTEXT('2D SPACE',''
  ) );
#2432 = ORIENTED_EDGE('',*,*,#2330,.T.);
#2433 = ORIENTED_EDGE('',*,*,#526,.T.);
#2434 = ORIENTED_EDGE('',*,*,#2435,.F.);
#2435 = EDGE_CURVE('',#2406,#527,#2436,.T.);
#2436 = SURFACE_CURVE('',#2437,(#2441,#2448),.PCURVE_S1.);
#2437 = LINE('',#2438,#2439);
#2438 = CARTESIAN_POINT('',(4.474534157866,176.35914954248,1.6));
#2439 = VECTOR('',#2440,1.);
#2440 = DIRECTION('',(0.,0.,1.));
#2441 = PCURVE('',#543,#2442);
#2442 = DEFINITIONAL_REPRESENTATION('',(#2443),#2447);
#2443 = LINE('',#2444,#2445);
#2444 = CARTESIAN_POINT('',(-7.494209483113,0.));
#2445 = VECTOR('',#2446,1.);
#2446 = DIRECTION('',(-0.,-1.));
#2447 = ( GEOMETRIC_REPRESENTATION_CONTEXT(2) 
PARAMETRIC_REPRESENTATION_CONTEXT() REPRESENTATION_CONTEXT('2D SPACE',''
  ) );
#2448 = PCURVE('',#572,#2449);
#2449 = DEFINITIONAL_REPRESENTATION('',(#2450),#2454);
#2450 = LINE('',#2451,#2452);
#2451 = CARTESIAN_POINT('',(-1.415625599984,0.));
#2452 = VECTOR('',#2453,1.);
#2453 = DIRECTION('',(-0.,1.));
#2454 = ( GEOMETRIC_REPRESENTATION_CONTEXT(2) 
PARAMETRIC_REPRESENTATION_CONTEXT() REPRESENTATION_CONTEXT('2D SPACE',''
  ) );
#2455 = ADVANCED_FACE('',(#2456),#600,.F.);
#2456 = FACE_BOUND('',#2457,.F.);
#2457 = EDGE_LOOP('',(#2458,#2481,#2502,#2503));
#2458 = ORIENTED_EDGE('',*,*,#2459,.F.);
#2459 = EDGE_CURVE('',#2460,#2357,#2462,.T.);
#2460 = VERTEX_POINT('',#2461);
#2461 = CARTESIAN_POINT('',(5.,176.4,1.6));
#2462 = SURFACE_CURVE('',#2463,(#2467,#2474),.PCURVE_S1.);
#2463 = LINE('',#2464,#2465);
#2464 = CARTESIAN_POINT('',(1.6,176.4,1.6));
#2465 = VECTOR('',#2466,1.);
#2466 = DIRECTION('',(1.,0.,0.));
#2467 = PCURVE('',#600,#2468);
#2468 = DEFINITIONAL_REPRESENTATION('',(#2469),#2473);
#2469 = LINE('',#2470,#2471);
#2470 = CARTESIAN_POINT('',(0.,0.));
#2471 = VECTOR('',#2472,1.);
#2472 = DIRECTION('',(0.,1.));
#2473 = ( GEOMETRIC_REPRESENTATION_CONTEXT(2) 
PARAMETRIC_REPRESENTATION_CONTEXT() REPRESENTATION_CONTEXT('2D SPACE',''
  ) );
#2474 = PCURVE('',#1444,#2475);
#2475 = DEFINITIONAL_REPRESENTATION('',(#2476),#2480);
#2476 = LINE('',#2477,#2478);
#2477 = CARTESIAN_POINT('',(0.,174.8));
#2478 = VECTOR('',#2479,1.);
#2479 = DIRECTION('',(1.,0.));
#2480 = ( GEOMETRIC_REPRESENTATION_CONTEXT(2) 
PARAMETRIC_REPRESENTATION_CONTEXT() REPRESENTATION_CONTEXT('2D SPACE',''
  ) );
#2481 = ORIENTED_EDGE('',*,*,#2482,.T.);
#2482 = EDGE_CURVE('',#2460,#556,#2483,.T.);
#2483 = SURFACE_CURVE('',#2484,(#2488,#2495),.PCURVE_S1.);
#2484 = LINE('',#2485,#2486);
#2485 = CARTESIAN_POINT('',(5.,176.4,1.6));
#2486 = VECTOR('',#2487,1.);
#2487 = DIRECTION('',(0.,0.,1.));
#2488 = PCURVE('',#600,#2489);
#2489 = DEFINITIONAL_REPRESENTATION('',(#2490),#2494);
#2490 = LINE('',#2491,#2492);
#2491 = CARTESIAN_POINT('',(0.,3.4));
#2492 = VECTOR('',#2493,1.);
#2493 = DIRECTION('',(1.,0.));
#2494 = ( GEOMETRIC_REPRESENTATION_CONTEXT(2) 
PARAMETRIC_REPRESENTATION_CONTEXT() REPRESENTATION_CONTEXT('2D SPACE',''
  ) );
#2495 = PCURVE('',#572,#2496);
#2496 = DEFINITIONAL_REPRESENTATION('',(#2497),#2501);
#2497 = LINE('',#2498,#2499);
#2498 = CARTESIAN_POINT('',(-1.570796326795,0.));
#2499 = VECTOR('',#2500,1.);
#2500 = DIRECTION('',(-0.,1.));
#2501 = ( GEOMETRIC_REPRESENTATION_CONTEXT(2) 
PARAMETRIC_REPRESENTATION_CONTEXT() REPRESENTATION_CONTEXT('2D SPACE',''
  ) );
#2502 = ORIENTED_EDGE('',*,*,#584,.F.);
#2503 = ORIENTED_EDGE('',*,*,#2380,.F.);
#2504 = ADVANCED_FACE('',(#2505),#572,.F.);
#2505 = FACE_BOUND('',#2506,.T.);
#2506 = EDGE_LOOP('',(#2507,#2508,#2534,#2535));
#2507 = ORIENTED_EDGE('',*,*,#2435,.F.);
#2508 = ORIENTED_EDGE('',*,*,#2509,.T.);
#2509 = EDGE_CURVE('',#2406,#2460,#2510,.T.);
#2510 = SURFACE_CURVE('',#2511,(#2516,#2523),.PCURVE_S1.);
#2511 = CIRCLE('',#2512,3.4);
#2512 = AXIS2_PLACEMENT_3D('',#2513,#2514,#2515);
#2513 = CARTESIAN_POINT('',(5.,173.,1.6));
#2514 = DIRECTION('',(-0.,-0.,-1.));
#2515 = DIRECTION('',(0.,-1.,0.));
#2516 = PCURVE('',#572,#2517);
#2517 = DEFINITIONAL_REPRESENTATION('',(#2518),#2522);
#2518 = LINE('',#2519,#2520);
#2519 = CARTESIAN_POINT('',(1.570796326795,-0.));
#2520 = VECTOR('',#2521,1.);
#2521 = DIRECTION('',(-1.,0.));
#2522 = ( GEOMETRIC_REPRESENTATION_CONTEXT(2) 
PARAMETRIC_REPRESENTATION_CONTEXT() REPRESENTATION_CONTEXT('2D SPACE',''
  ) );
#2523 = PCURVE('',#1444,#2524);
#2524 = DEFINITIONAL_REPRESENTATION('',(#2525),#2533);
#2525 = ( BOUNDED_CURVE() B_SPLINE_CURVE(2,(#2526,#2527,#2528,#2529,
#2530,#2531,#2532),.UNSPECIFIED.,.T.,.F.) B_SPLINE_CURVE_WITH_KNOTS((1,2
    ,2,2,2,1),(-2.094395102393,0.,2.094395102393,4.188790204786,
6.28318530718,8.377580409573),.UNSPECIFIED.) CURVE() 
GEOMETRIC_REPRESENTATION_ITEM() RATIONAL_B_SPLINE_CURVE((1.,0.5,1.,0.5,
1.,0.5,1.)) REPRESENTATION_ITEM('') );
#2526 = CARTESIAN_POINT('',(3.4,168.));
#2527 = CARTESIAN_POINT('',(-2.488972745734,168.));
#2528 = CARTESIAN_POINT('',(0.455513627133,173.1));
#2529 = CARTESIAN_POINT('',(3.4,178.2));
#2530 = CARTESIAN_POINT('',(6.344486372867,173.1));
#2531 = CARTESIAN_POINT('',(9.288972745734,168.));
#2532 = CARTESIAN_POINT('',(3.4,168.));
#2533 = ( GEOMETRIC_REPRESENTATION_CONTEXT(2) 
PARAMETRIC_REPRESENTATION_CONTEXT() REPRESENTATION_CONTEXT('2D SPACE',''
  ) );
#2534 = ORIENTED_EDGE('',*,*,#2482,.T.);
#2535 = ORIENTED_EDGE('',*,*,#555,.T.);
#2536 = ADVANCED_FACE('',(#2537),#938,.F.);
#2537 = FACE_BOUND('',#2538,.T.);
#2538 = EDGE_LOOP('',(#2539,#2568,#2589,#2590));
#2539 = ORIENTED_EDGE('',*,*,#2540,.F.);
#2540 = EDGE_CURVE('',#2541,#2541,#2543,.T.);
#2541 = VERTEX_POINT('',#2542);
#2542 = CARTESIAN_POINT('',(4.25,4.,20.4));
#2543 = SURFACE_CURVE('',#2544,(#2549,#2556),.PCURVE_S1.);
#2544 = CIRCLE('',#2545,1.05);
#2545 = AXIS2_PLACEMENT_3D('',#2546,#2547,#2548);
#2546 = CARTESIAN_POINT('',(3.2,4.,20.4));
#2547 = DIRECTION('',(0.,0.,1.));
#2548 = DIRECTION('',(1.,0.,0.));
#2549 = PCURVE('',#938,#2550);
#2550 = DEFINITIONAL_REPRESENTATION('',(#2551),#2555);
#2551 = LINE('',#2552,#2553);
#2552 = CARTESIAN_POINT('',(-0.,0.));
#2553 = VECTOR('',#2554,1.);
#2554 = DIRECTION('',(-1.,0.));
#2555 = ( GEOMETRIC_REPRESENTATION_CONTEXT(2) 
PARAMETRIC_REPRESENTATION_CONTEXT() REPRESENTATION_CONTEXT('2D SPACE',''
  ) );
#2556 = PCURVE('',#2557,#2562);
#2557 = PLANE('',#2558);
#2558 = AXIS2_PLACEMENT_3D('',#2559,#2560,#2561);
#2559 = CARTESIAN_POINT('',(3.2,4.,20.4));
#2560 = DIRECTION('',(0.,0.,1.));
#2561 = DIRECTION('',(1.,0.,-0.));
#2562 = DEFINITIONAL_REPRESENTATION('',(#2563),#2567);
#2563 = CIRCLE('',#2564,1.05);
#2564 = AXIS2_PLACEMENT_2D('',#2565,#2566);
#2565 = CARTESIAN_POINT('',(-1.33226762955E-15,0.));
#2566 = DIRECTION('',(1.,0.));
#2567 = ( GEOMETRIC_REPRESENTATION_CONTEXT(2) 
PARAMETRIC_REPRESENTATION_CONTEXT() REPRESENTATION_CONTEXT('2D SPACE',''
  ) );
#2568 = ORIENTED_EDGE('',*,*,#2569,.T.);
#2569 = EDGE_CURVE('',#2541,#918,#2570,.T.);
#2570 = SEAM_CURVE('',#2571,(#2575,#2582),.PCURVE_S1.);
#2571 = LINE('',#2572,#2573);
#2572 = CARTESIAN_POINT('',(4.25,4.,20.4));
#2573 = VECTOR('',#2574,1.);
#2574 = DIRECTION('',(0.,0.,1.));
#2575 = PCURVE('',#938,#2576);
#2576 = DEFINITIONAL_REPRESENTATION('',(#2577),#2581);
#2577 = LINE('',#2578,#2579);
#2578 = CARTESIAN_POINT('',(-6.28318530718,0.));
#2579 = VECTOR('',#2580,1.);
#2580 = DIRECTION('',(-0.,-1.));
#2581 = ( GEOMETRIC_REPRESENTATION_CONTEXT(2) 
PARAMETRIC_REPRESENTATION_CONTEXT() REPRESENTATION_CONTEXT('2D SPACE',''
  ) );
#2582 = PCURVE('',#938,#2583);
#2583 = DEFINITIONAL_REPRESENTATION('',(#2584),#2588);
#2584 = LINE('',#2585,#2586);
#2585 = CARTESIAN_POINT('',(-0.,0.));
#2586 = VECTOR('',#2587,1.);
#2587 = DIRECTION('',(-0.,-1.));
#2588 = ( GEOMETRIC_REPRESENTATION_CONTEXT(2) 
PARAMETRIC_REPRESENTATION_CONTEXT() REPRESENTATION_CONTEXT('2D SPACE',''
  ) );
#2589 = ORIENTED_EDGE('',*,*,#917,.F.);
#2590 = ORIENTED_EDGE('',*,*,#2569,.F.);
#2591 = ADVANCED_FACE('',(#2592),#973,.F.);
#2592 = FACE_BOUND('',#2593,.T.);
#2593 = EDGE_LOOP('',(#2594,#2623,#2644,#2645));
#2594 = ORIENTED_EDGE('',*,*,#2595,.F.);
#2595 = EDGE_CURVE('',#2596,#2596,#2598,.T.);
#2596 = VERTEX_POINT('',#2597);
#2597 = CARTESIAN_POINT('',(4.75,174.3,20.4));
#2598 = SURFACE_CURVE('',#2599,(#2604,#2611),.PCURVE_S1.);
#2599 = CIRCLE('',#2600,1.05);
#2600 = AXIS2_PLACEMENT_3D('',#2601,#2602,#2603);
#2601 = CARTESIAN_POINT('',(3.7,174.3,20.4));
#2602 = DIRECTION('',(0.,0.,1.));
#2603 = DIRECTION('',(1.,0.,0.));
#2604 = PCURVE('',#973,#2605);
#2605 = DEFINITIONAL_REPRESENTATION('',(#2606),#2610);
#2606 = LINE('',#2607,#2608);
#2607 = CARTESIAN_POINT('',(-0.,0.));
#2608 = VECTOR('',#2609,1.);
#2609 = DIRECTION('',(-1.,0.));
#2610 = ( GEOMETRIC_REPRESENTATION_CONTEXT(2) 
PARAMETRIC_REPRESENTATION_CONTEXT() REPRESENTATION_CONTEXT('2D SPACE',''
  ) );
#2611 = PCURVE('',#2612,#2617);
#2612 = PLANE('',#2613);
#2613 = AXIS2_PLACEMENT_3D('',#2614,#2615,#2616);
#2614 = CARTESIAN_POINT('',(3.7,174.3,20.4));
#2615 = DIRECTION('',(0.,0.,1.));
#2616 = DIRECTION('',(1.,0.,-0.));
#2617 = DEFINITIONAL_REPRESENTATION('',(#2618),#2622);
#2618 = CIRCLE('',#2619,1.05);
#2619 = AXIS2_PLACEMENT_2D('',#2620,#2621);
#2620 = CARTESIAN_POINT('',(4.440892098501E-16,0.));
#2621 = DIRECTION('',(1.,0.));
#2622 = ( GEOMETRIC_REPRESENTATION_CONTEXT(2) 
PARAMETRIC_REPRESENTATION_CONTEXT() REPRESENTATION_CONTEXT('2D SPACE',''
  ) );
#2623 = ORIENTED_EDGE('',*,*,#2624,.T.);
#2624 = EDGE_CURVE('',#2596,#953,#2625,.T.);
#2625 = SEAM_CURVE('',#2626,(#2630,#2637),.PCURVE_S1.);
#2626 = LINE('',#2627,#2628);
#2627 = CARTESIAN_POINT('',(4.75,174.3,20.4));
#2628 = VECTOR('',#2629,1.);
#2629 = DIRECTION('',(0.,0.,1.));
#2630 = PCURVE('',#973,#2631);
#2631 = DEFINITIONAL_REPRESENTATION('',(#2632),#2636);
#2632 = LINE('',#2633,#2634);
#2633 = CARTESIAN_POINT('',(-6.28318530718,0.));
#2634 = VECTOR('',#2635,1.);
#2635 = DIRECTION('',(-0.,-1.));
#2636 = ( GEOMETRIC_REPRESENTATION_CONTEXT(2) 
PARAMETRIC_REPRESENTATION_CONTEXT() REPRESENTATION_CONTEXT('2D SPACE',''
  ) );
#2637 = PCURVE('',#973,#2638);
#2638 = DEFINITIONAL_REPRESENTATION('',(#2639),#2643);
#2639 = LINE('',#2640,#2641);
#2640 = CARTESIAN_POINT('',(-0.,0.));
#2641 = VECTOR('',#2642,1.);
#2642 = DIRECTION('',(-0.,-1.));
#2643 = ( GEOMETRIC_REPRESENTATION_CONTEXT(2) 
PARAMETRIC_REPRESENTATION_CONTEXT() REPRESENTATION_CONTEXT('2D SPACE',''
  ) );
#2644 = ORIENTED_EDGE('',*,*,#952,.F.);
#2645 = ORIENTED_EDGE('',*,*,#2624,.F.);
#2646 = ADVANCED_FACE('',(#2647),#1008,.F.);
#2647 = FACE_BOUND('',#2648,.T.);
#2648 = EDGE_LOOP('',(#2649,#2678,#2699,#2700));
#2649 = ORIENTED_EDGE('',*,*,#2650,.F.);
#2650 = EDGE_CURVE('',#2651,#2651,#2653,.T.);
#2651 = VERTEX_POINT('',#2652);
#2652 = CARTESIAN_POINT('',(71.35,174.3,20.4));
#2653 = SURFACE_CURVE('',#2654,(#2659,#2666),.PCURVE_S1.);
#2654 = CIRCLE('',#2655,1.05);
#2655 = AXIS2_PLACEMENT_3D('',#2656,#2657,#2658);
#2656 = CARTESIAN_POINT('',(70.3,174.3,20.4));
#2657 = DIRECTION('',(0.,0.,1.));
#2658 = DIRECTION('',(1.,0.,0.));
#2659 = PCURVE('',#1008,#2660);
#2660 = DEFINITIONAL_REPRESENTATION('',(#2661),#2665);
#2661 = LINE('',#2662,#2663);
#2662 = CARTESIAN_POINT('',(-0.,0.));
#2663 = VECTOR('',#2664,1.);
#2664 = DIRECTION('',(-1.,0.));
#2665 = ( GEOMETRIC_REPRESENTATION_CONTEXT(2) 
PARAMETRIC_REPRESENTATION_CONTEXT() REPRESENTATION_CONTEXT('2D SPACE',''
  ) );
#2666 = PCURVE('',#2667,#2672);
#2667 = PLANE('',#2668);
#2668 = AXIS2_PLACEMENT_3D('',#2669,#2670,#2671);
#2669 = CARTESIAN_POINT('',(70.3,174.3,20.4));
#2670 = DIRECTION('',(0.,0.,1.));
#2671 = DIRECTION('',(1.,0.,-0.));
#2672 = DEFINITIONAL_REPRESENTATION('',(#2673),#2677);
#2673 = CIRCLE('',#2674,1.05);
#2674 = AXIS2_PLACEMENT_2D('',#2675,#2676);
#2675 = CARTESIAN_POINT('',(1.42108547152E-14,0.));
#2676 = DIRECTION('',(1.,0.));
#2677 = ( GEOMETRIC_REPRESENTATION_CONTEXT(2) 
PARAMETRIC_REPRESENTATION_CONTEXT() REPRESENTATION_CONTEXT('2D SPACE',''
  ) );
#2678 = ORIENTED_EDGE('',*,*,#2679,.T.);
#2679 = EDGE_CURVE('',#2651,#988,#2680,.T.);
#2680 = SEAM_CURVE('',#2681,(#2685,#2692),.PCURVE_S1.);
#2681 = LINE('',#2682,#2683);
#2682 = CARTESIAN_POINT('',(71.35,174.3,20.4));
#2683 = VECTOR('',#2684,1.);
#2684 = DIRECTION('',(0.,0.,1.));
#2685 = PCURVE('',#1008,#2686);
#2686 = DEFINITIONAL_REPRESENTATION('',(#2687),#2691);
#2687 = LINE('',#2688,#2689);
#2688 = CARTESIAN_POINT('',(-6.28318530718,0.));
#2689 = VECTOR('',#2690,1.);
#2690 = DIRECTION('',(-0.,-1.));
#2691 = ( GEOMETRIC_REPRESENTATION_CONTEXT(2) 
PARAMETRIC_REPRESENTATION_CONTEXT() REPRESENTATION_CONTEXT('2D SPACE',''
  ) );
#2692 = PCURVE('',#1008,#2693);
#2693 = DEFINITIONAL_REPRESENTATION('',(#2694),#2698);
#2694 = LINE('',#2695,#2696);
#2695 = CARTESIAN_POINT('',(-0.,0.));
#2696 = VECTOR('',#2697,1.);
#2697 = DIRECTION('',(-0.,-1.));
#2698 = ( GEOMETRIC_REPRESENTATION_CONTEXT(2) 
PARAMETRIC_REPRESENTATION_CONTEXT() REPRESENTATION_CONTEXT('2D SPACE',''
  ) );
#2699 = ORIENTED_EDGE('',*,*,#987,.F.);
#2700 = ORIENTED_EDGE('',*,*,#2679,.F.);
#2701 = ADVANCED_FACE('',(#2702,#2718,#2753,#2788,#2823),#1444,.T.);
#2702 = FACE_BOUND('',#2703,.T.);
#2703 = EDGE_LOOP('',(#2704,#2705,#2706,#2707,#2708,#2709,#2710,#2711,
    #2712,#2713,#2714,#2715,#2716,#2717));
#2704 = ORIENTED_EDGE('',*,*,#1428,.F.);
#2705 = ORIENTED_EDGE('',*,*,#1512,.T.);
#2706 = ORIENTED_EDGE('',*,*,#1702,.T.);
#2707 = ORIENTED_EDGE('',*,*,#1899,.T.);
#2708 = ORIENTED_EDGE('',*,*,#1955,.T.);
#2709 = ORIENTED_EDGE('',*,*,#2027,.F.);
#2710 = ORIENTED_EDGE('',*,*,#2060,.T.);
#2711 = ORIENTED_EDGE('',*,*,#2202,.T.);
#2712 = ORIENTED_EDGE('',*,*,#2251,.F.);
#2713 = ORIENTED_EDGE('',*,*,#2356,.T.);
#2714 = ORIENTED_EDGE('',*,*,#2459,.F.);
#2715 = ORIENTED_EDGE('',*,*,#2509,.F.);
#2716 = ORIENTED_EDGE('',*,*,#2405,.T.);
#2717 = ORIENTED_EDGE('',*,*,#2302,.F.);
#2718 = FACE_BOUND('',#2719,.T.);
#2719 = EDGE_LOOP('',(#2720));
#2720 = ORIENTED_EDGE('',*,*,#2721,.T.);
#2721 = EDGE_CURVE('',#2722,#2722,#2724,.T.);
#2722 = VERTEX_POINT('',#2723);
#2723 = CARTESIAN_POINT('',(10.7,34.,1.6));
#2724 = SURFACE_CURVE('',#2725,(#2730,#2741),.PCURVE_S1.);
#2725 = CIRCLE('',#2726,2.7);
#2726 = AXIS2_PLACEMENT_3D('',#2727,#2728,#2729);
#2727 = CARTESIAN_POINT('',(8.,34.,1.6));
#2728 = DIRECTION('',(0.,0.,-1.));
#2729 = DIRECTION('',(1.,0.,0.));
#2730 = PCURVE('',#1444,#2731);
#2731 = DEFINITIONAL_REPRESENTATION('',(#2732),#2740);
#2732 = ( BOUNDED_CURVE() B_SPLINE_CURVE(2,(#2733,#2734,#2735,#2736,
#2737,#2738,#2739),.UNSPECIFIED.,.T.,.F.) B_SPLINE_CURVE_WITH_KNOTS((1,2
    ,2,2,2,1),(-2.094395102393,0.,2.094395102393,4.188790204786,
6.28318530718,8.377580409573),.UNSPECIFIED.) CURVE() 
GEOMETRIC_REPRESENTATION_ITEM() RATIONAL_B_SPLINE_CURVE((1.,0.5,1.,0.5,
1.,0.5,1.)) REPRESENTATION_ITEM('') );
#2733 = CARTESIAN_POINT('',(9.1,32.4));
#2734 = CARTESIAN_POINT('',(9.1,27.723462819564));
#2735 = CARTESIAN_POINT('',(5.05,30.061731409782));
#2736 = CARTESIAN_POINT('',(1.,32.4));
#2737 = CARTESIAN_POINT('',(5.05,34.738268590218));
#2738 = CARTESIAN_POINT('',(9.1,37.076537180436));
#2739 = CARTESIAN_POINT('',(9.1,32.4));
#2740 = ( GEOMETRIC_REPRESENTATION_CONTEXT(2) 
PARAMETRIC_REPRESENTATION_CONTEXT() REPRESENTATION_CONTEXT('2D SPACE',''
  ) );
#2741 = PCURVE('',#2742,#2747);
#2742 = CYLINDRICAL_SURFACE('',#2743,2.7);
#2743 = AXIS2_PLACEMENT_3D('',#2744,#2745,#2746);
#2744 = CARTESIAN_POINT('',(8.,34.,0.));
#2745 = DIRECTION('',(-0.,-0.,-1.));
#2746 = DIRECTION('',(1.,0.,0.));
#2747 = DEFINITIONAL_REPRESENTATION('',(#2748),#2752);
#2748 = LINE('',#2749,#2750);
#2749 = CARTESIAN_POINT('',(-6.28318530718,-1.6));
#2750 = VECTOR('',#2751,1.);
#2751 = DIRECTION('',(1.,-0.));
#2752 = ( GEOMETRIC_REPRESENTATION_CONTEXT(2) 
PARAMETRIC_REPRESENTATION_CONTEXT() REPRESENTATION_CONTEXT('2D SPACE',''
  ) );
#2753 = FACE_BOUND('',#2754,.T.);
#2754 = EDGE_LOOP('',(#2755));
#2755 = ORIENTED_EDGE('',*,*,#2756,.T.);
#2756 = EDGE_CURVE('',#2757,#2757,#2759,.T.);
#2757 = VERTEX_POINT('',#2758);
#2758 = CARTESIAN_POINT('',(10.7,80.,1.6));
#2759 = SURFACE_CURVE('',#2760,(#2765,#2776),.PCURVE_S1.);
#2760 = CIRCLE('',#2761,2.7);
#2761 = AXIS2_PLACEMENT_3D('',#2762,#2763,#2764);
#2762 = CARTESIAN_POINT('',(8.,80.,1.6));
#2763 = DIRECTION('',(0.,0.,-1.));
#2764 = DIRECTION('',(1.,0.,0.));
#2765 = PCURVE('',#1444,#2766);
#2766 = DEFINITIONAL_REPRESENTATION('',(#2767),#2775);
#2767 = ( BOUNDED_CURVE() B_SPLINE_CURVE(2,(#2768,#2769,#2770,#2771,
#2772,#2773,#2774),.UNSPECIFIED.,.T.,.F.) B_SPLINE_CURVE_WITH_KNOTS((1,2
    ,2,2,2,1),(-2.094395102393,0.,2.094395102393,4.188790204786,
6.28318530718,8.377580409573),.UNSPECIFIED.) CURVE() 
GEOMETRIC_REPRESENTATION_ITEM() RATIONAL_B_SPLINE_CURVE((1.,0.5,1.,0.5,
1.,0.5,1.)) REPRESENTATION_ITEM('') );
#2768 = CARTESIAN_POINT('',(9.1,78.4));
#2769 = CARTESIAN_POINT('',(9.1,73.723462819564));
#2770 = CARTESIAN_POINT('',(5.05,76.061731409782));
#2771 = CARTESIAN_POINT('',(1.,78.4));
#2772 = CARTESIAN_POINT('',(5.05,80.738268590218));
#2773 = CARTESIAN_POINT('',(9.1,83.076537180436));
#2774 = CARTESIAN_POINT('',(9.1,78.4));
#2775 = ( GEOMETRIC_REPRESENTATION_CONTEXT(2) 
PARAMETRIC_REPRESENTATION_CONTEXT() REPRESENTATION_CONTEXT('2D SPACE',''
  ) );
#2776 = PCURVE('',#2777,#2782);
#2777 = CYLINDRICAL_SURFACE('',#2778,2.7);
#2778 = AXIS2_PLACEMENT_3D('',#2779,#2780,#2781);
#2779 = CARTESIAN_POINT('',(8.,80.,0.));
#2780 = DIRECTION('',(-0.,-0.,-1.));
#2781 = DIRECTION('',(1.,0.,0.));
#2782 = DEFINITIONAL_REPRESENTATION('',(#2783),#2787);
#2783 = LINE('',#2784,#2785);
#2784 = CARTESIAN_POINT('',(-6.28318530718,-1.6));
#2785 = VECTOR('',#2786,1.);
#2786 = DIRECTION('',(1.,-0.));
#2787 = ( GEOMETRIC_REPRESENTATION_CONTEXT(2) 
PARAMETRIC_REPRESENTATION_CONTEXT() REPRESENTATION_CONTEXT('2D SPACE',''
  ) );
#2788 = FACE_BOUND('',#2789,.T.);
#2789 = EDGE_LOOP('',(#2790));
#2790 = ORIENTED_EDGE('',*,*,#2791,.T.);
#2791 = EDGE_CURVE('',#2792,#2792,#2794,.T.);
#2792 = VERTEX_POINT('',#2793);
#2793 = CARTESIAN_POINT('',(68.7,88.,1.6));
#2794 = SURFACE_CURVE('',#2795,(#2800,#2811),.PCURVE_S1.);
#2795 = CIRCLE('',#2796,2.7);
#2796 = AXIS2_PLACEMENT_3D('',#2797,#2798,#2799);
#2797 = CARTESIAN_POINT('',(66.,88.,1.6));
#2798 = DIRECTION('',(0.,0.,-1.));
#2799 = DIRECTION('',(1.,0.,0.));
#2800 = PCURVE('',#1444,#2801);
#2801 = DEFINITIONAL_REPRESENTATION('',(#2802),#2810);
#2802 = ( BOUNDED_CURVE() B_SPLINE_CURVE(2,(#2803,#2804,#2805,#2806,
#2807,#2808,#2809),.UNSPECIFIED.,.T.,.F.) B_SPLINE_CURVE_WITH_KNOTS((1,2
    ,2,2,2,1),(-2.094395102393,0.,2.094395102393,4.188790204786,
6.28318530718,8.377580409573),.UNSPECIFIED.) CURVE() 
GEOMETRIC_REPRESENTATION_ITEM() RATIONAL_B_SPLINE_CURVE((1.,0.5,1.,0.5,
1.,0.5,1.)) REPRESENTATION_ITEM('') );
#2803 = CARTESIAN_POINT('',(67.1,86.4));
#2804 = CARTESIAN_POINT('',(67.1,81.723462819564));
#2805 = CARTESIAN_POINT('',(63.05,84.061731409782));
#2806 = CARTESIAN_POINT('',(59.,86.4));
#2807 = CARTESIAN_POINT('',(63.05,88.738268590218));
#2808 = CARTESIAN_POINT('',(67.1,91.076537180436));
#2809 = CARTESIAN_POINT('',(67.1,86.4));
#2810 = ( GEOMETRIC_REPRESENTATION_CONTEXT(2) 
PARAMETRIC_REPRESENTATION_CONTEXT() REPRESENTATION_CONTEXT('2D SPACE',''
  ) );
#2811 = PCURVE('',#2812,#2817);
#2812 = CYLINDRICAL_SURFACE('',#2813,2.7);
#2813 = AXIS2_PLACEMENT_3D('',#2814,#2815,#2816);
#2814 = CARTESIAN_POINT('',(66.,88.,0.));
#2815 = DIRECTION('',(-0.,-0.,-1.));
#2816 = DIRECTION('',(1.,0.,0.));
#2817 = DEFINITIONAL_REPRESENTATION('',(#2818),#2822);
#2818 = LINE('',#2819,#2820);
#2819 = CARTESIAN_POINT('',(-6.28318530718,-1.6));
#2820 = VECTOR('',#2821,1.);
#2821 = DIRECTION('',(1.,-0.));
#2822 = ( GEOMETRIC_REPRESENTATION_CONTEXT(2) 
PARAMETRIC_REPRESENTATION_CONTEXT() REPRESENTATION_CONTEXT('2D SPACE',''
  ) );
#2823 = FACE_BOUND('',#2824,.T.);
#2824 = EDGE_LOOP('',(#2825));
#2825 = ORIENTED_EDGE('',*,*,#2826,.T.);
#2826 = EDGE_CURVE('',#2827,#2827,#2829,.T.);
#2827 = VERTEX_POINT('',#2828);
#2828 = CARTESIAN_POINT('',(46.7,168.,1.6));
#2829 = SURFACE_CURVE('',#2830,(#2835,#2846),.PCURVE_S1.);
#2830 = CIRCLE('',#2831,2.7);
#2831 = AXIS2_PLACEMENT_3D('',#2832,#2833,#2834);
#2832 = CARTESIAN_POINT('',(44.,168.,1.6));
#2833 = DIRECTION('',(0.,0.,-1.));
#2834 = DIRECTION('',(1.,0.,0.));
#2835 = PCURVE('',#1444,#2836);
#2836 = DEFINITIONAL_REPRESENTATION('',(#2837),#2845);
#2837 = ( BOUNDED_CURVE() B_SPLINE_CURVE(2,(#2838,#2839,#2840,#2841,
#2842,#2843,#2844),.UNSPECIFIED.,.T.,.F.) B_SPLINE_CURVE_WITH_KNOTS((1,2
    ,2,2,2,1),(-2.094395102393,0.,2.094395102393,4.188790204786,
6.28318530718,8.377580409573),.UNSPECIFIED.) CURVE() 
GEOMETRIC_REPRESENTATION_ITEM() RATIONAL_B_SPLINE_CURVE((1.,0.5,1.,0.5,
1.,0.5,1.)) REPRESENTATION_ITEM('') );
#2838 = CARTESIAN_POINT('',(45.1,166.4));
#2839 = CARTESIAN_POINT('',(45.1,161.72346281956));
#2840 = CARTESIAN_POINT('',(41.05,164.06173140978));
#2841 = CARTESIAN_POINT('',(37.,166.4));
#2842 = CARTESIAN_POINT('',(41.05,168.73826859021));
#2843 = CARTESIAN_POINT('',(45.1,171.07653718043));
#2844 = CARTESIAN_POINT('',(45.1,166.4));
#2845 = ( GEOMETRIC_REPRESENTATION_CONTEXT(2) 
PARAMETRIC_REPRESENTATION_CONTEXT() REPRESENTATION_CONTEXT('2D SPACE',''
  ) );
#2846 = PCURVE('',#2847,#2852);
#2847 = CYLINDRICAL_SURFACE('',#2848,2.7);
#2848 = AXIS2_PLACEMENT_3D('',#2849,#2850,#2851);
#2849 = CARTESIAN_POINT('',(44.,168.,0.));
#2850 = DIRECTION('',(-0.,-0.,-1.));
#2851 = DIRECTION('',(1.,0.,0.));
#2852 = DEFINITIONAL_REPRESENTATION('',(#2853),#2857);
#2853 = LINE('',#2854,#2855);
#2854 = CARTESIAN_POINT('',(-6.28318530718,-1.6));
#2855 = VECTOR('',#2856,1.);
#2856 = DIRECTION('',(1.,-0.));
#2857 = ( GEOMETRIC_REPRESENTATION_CONTEXT(2) 
PARAMETRIC_REPRESENTATION_CONTEXT() REPRESENTATION_CONTEXT('2D SPACE',''
  ) );
#2858 = ADVANCED_FACE('',(#2859),#1605,.T.);
#2859 = FACE_BOUND('',#2860,.T.);
#2860 = EDGE_LOOP('',(#2861,#2882,#2883,#2904));
#2861 = ORIENTED_EDGE('',*,*,#2862,.F.);
#2862 = EDGE_CURVE('',#2107,#1588,#2863,.T.);
#2863 = SURFACE_CURVE('',#2864,(#2868,#2875),.PCURVE_S1.);
#2864 = LINE('',#2865,#2866);
#2865 = CARTESIAN_POINT('',(68.,164.,7.2));
#2866 = VECTOR('',#2867,1.);
#2867 = DIRECTION('',(1.,0.,0.));
#2868 = PCURVE('',#1605,#2869);
#2869 = DEFINITIONAL_REPRESENTATION('',(#2870),#2874);
#2870 = LINE('',#2871,#2872);
#2871 = CARTESIAN_POINT('',(0.,20.));
#2872 = VECTOR('',#2873,1.);
#2873 = DIRECTION('',(1.,0.));
#2874 = ( GEOMETRIC_REPRESENTATION_CONTEXT(2) 
PARAMETRIC_REPRESENTATION_CONTEXT() REPRESENTATION_CONTEXT('2D SPACE',''
  ) );
#2875 = PCURVE('',#1687,#2876);
#2876 = DEFINITIONAL_REPRESENTATION('',(#2877),#2881);
#2877 = LINE('',#2878,#2879);
#2878 = CARTESIAN_POINT('',(0.,0.));
#2879 = VECTOR('',#2880,1.);
#2880 = DIRECTION('',(0.,1.));
#2881 = ( GEOMETRIC_REPRESENTATION_CONTEXT(2) 
PARAMETRIC_REPRESENTATION_CONTEXT() REPRESENTATION_CONTEXT('2D SPACE',''
  ) );
#2882 = ORIENTED_EDGE('',*,*,#2106,.T.);
#2883 = ORIENTED_EDGE('',*,*,#2884,.T.);
#2884 = EDGE_CURVE('',#2109,#1590,#2885,.T.);
#2885 = SURFACE_CURVE('',#2886,(#2890,#2897),.PCURVE_S1.);
#2886 = LINE('',#2887,#2888);
#2887 = CARTESIAN_POINT('',(68.,144.,7.2));
#2888 = VECTOR('',#2889,1.);
#2889 = DIRECTION('',(1.,0.,0.));
#2890 = PCURVE('',#1605,#2891);
#2891 = DEFINITIONAL_REPRESENTATION('',(#2892),#2896);
#2892 = LINE('',#2893,#2894);
#2893 = CARTESIAN_POINT('',(0.,0.));
#2894 = VECTOR('',#2895,1.);
#2895 = DIRECTION('',(1.,0.));
#2896 = ( GEOMETRIC_REPRESENTATION_CONTEXT(2) 
PARAMETRIC_REPRESENTATION_CONTEXT() REPRESENTATION_CONTEXT('2D SPACE',''
  ) );
#2897 = PCURVE('',#1633,#2898);
#2898 = DEFINITIONAL_REPRESENTATION('',(#2899),#2903);
#2899 = LINE('',#2900,#2901);
#2900 = CARTESIAN_POINT('',(0.,0.));
#2901 = VECTOR('',#2902,1.);
#2902 = DIRECTION('',(0.,1.));
#2903 = ( GEOMETRIC_REPRESENTATION_CONTEXT(2) 
PARAMETRIC_REPRESENTATION_CONTEXT() REPRESENTATION_CONTEXT('2D SPACE',''
  ) );
#2904 = ORIENTED_EDGE('',*,*,#1587,.F.);
#2905 = ADVANCED_FACE('',(#2906),#1687,.F.);
#2906 = FACE_BOUND('',#2907,.F.);
#2907 = EDGE_LOOP('',(#2908,#2909,#2910,#2931));
#2908 = ORIENTED_EDGE('',*,*,#2862,.F.);
#2909 = ORIENTED_EDGE('',*,*,#2177,.T.);
#2910 = ORIENTED_EDGE('',*,*,#2911,.T.);
#2911 = EDGE_CURVE('',#2155,#1646,#2912,.T.);
#2912 = SURFACE_CURVE('',#2913,(#2917,#2924),.PCURVE_S1.);
#2913 = LINE('',#2914,#2915);
#2914 = CARTESIAN_POINT('',(68.,164.,15.2));
#2915 = VECTOR('',#2916,1.);
#2916 = DIRECTION('',(1.,0.,0.));
#2917 = PCURVE('',#1687,#2918);
#2918 = DEFINITIONAL_REPRESENTATION('',(#2919),#2923);
#2919 = LINE('',#2920,#2921);
#2920 = CARTESIAN_POINT('',(8.,0.));
#2921 = VECTOR('',#2922,1.);
#2922 = DIRECTION('',(0.,1.));
#2923 = ( GEOMETRIC_REPRESENTATION_CONTEXT(2) 
PARAMETRIC_REPRESENTATION_CONTEXT() REPRESENTATION_CONTEXT('2D SPACE',''
  ) );
#2924 = PCURVE('',#1661,#2925);
#2925 = DEFINITIONAL_REPRESENTATION('',(#2926),#2930);
#2926 = LINE('',#2927,#2928);
#2927 = CARTESIAN_POINT('',(0.,20.));
#2928 = VECTOR('',#2929,1.);
#2929 = DIRECTION('',(1.,0.));
#2930 = ( GEOMETRIC_REPRESENTATION_CONTEXT(2) 
PARAMETRIC_REPRESENTATION_CONTEXT() REPRESENTATION_CONTEXT('2D SPACE',''
  ) );
#2931 = ORIENTED_EDGE('',*,*,#1673,.F.);
#2932 = ADVANCED_FACE('',(#2933),#1661,.F.);
#2933 = FACE_BOUND('',#2934,.F.);
#2934 = EDGE_LOOP('',(#2935,#2936,#2937,#2958));
#2935 = ORIENTED_EDGE('',*,*,#2911,.F.);
#2936 = ORIENTED_EDGE('',*,*,#2154,.T.);
#2937 = ORIENTED_EDGE('',*,*,#2938,.T.);
#2938 = EDGE_CURVE('',#2132,#1618,#2939,.T.);
#2939 = SURFACE_CURVE('',#2940,(#2944,#2951),.PCURVE_S1.);
#2940 = LINE('',#2941,#2942);
#2941 = CARTESIAN_POINT('',(68.,144.,15.2));
#2942 = VECTOR('',#2943,1.);
#2943 = DIRECTION('',(1.,0.,0.));
#2944 = PCURVE('',#1661,#2945);
#2945 = DEFINITIONAL_REPRESENTATION('',(#2946),#2950);
#2946 = LINE('',#2947,#2948);
#2947 = CARTESIAN_POINT('',(0.,0.));
#2948 = VECTOR('',#2949,1.);
#2949 = DIRECTION('',(1.,0.));
#2950 = ( GEOMETRIC_REPRESENTATION_CONTEXT(2) 
PARAMETRIC_REPRESENTATION_CONTEXT() REPRESENTATION_CONTEXT('2D SPACE',''
  ) );
#2951 = PCURVE('',#1633,#2952);
#2952 = DEFINITIONAL_REPRESENTATION('',(#2953),#2957);
#2953 = LINE('',#2954,#2955);
#2954 = CARTESIAN_POINT('',(8.,0.));
#2955 = VECTOR('',#2956,1.);
#2956 = DIRECTION('',(0.,1.));
#2957 = ( GEOMETRIC_REPRESENTATION_CONTEXT(2) 
PARAMETRIC_REPRESENTATION_CONTEXT() REPRESENTATION_CONTEXT('2D SPACE',''
  ) );
#2958 = ORIENTED_EDGE('',*,*,#1645,.F.);
#2959 = ADVANCED_FACE('',(#2960),#1633,.T.);
#2960 = FACE_BOUND('',#2961,.T.);
#2961 = EDGE_LOOP('',(#2962,#2963,#2964,#2965));
#2962 = ORIENTED_EDGE('',*,*,#2884,.F.);
#2963 = ORIENTED_EDGE('',*,*,#2131,.T.);
#2964 = ORIENTED_EDGE('',*,*,#2938,.T.);
#2965 = ORIENTED_EDGE('',*,*,#1617,.F.);
#2966 = ADVANCED_FACE('',(#2967),#1774,.F.);
#2967 = FACE_BOUND('',#2968,.F.);
#2968 = EDGE_LOOP('',(#2969,#2990));
#2969 = ORIENTED_EDGE('',*,*,#2970,.F.);
#2970 = EDGE_CURVE('',#1756,#1758,#2971,.T.);
#2971 = SURFACE_CURVE('',#2972,(#2976,#2983),.PCURVE_S1.);
#2972 = LINE('',#2973,#2974);
#2973 = CARTESIAN_POINT('',(3.7,1.5,8.4));
#2974 = VECTOR('',#2975,1.);
#2975 = DIRECTION('',(0.,1.,0.));
#2976 = PCURVE('',#1774,#2977);
#2977 = DEFINITIONAL_REPRESENTATION('',(#2978),#2982);
#2978 = LINE('',#2979,#2980);
#2979 = CARTESIAN_POINT('',(0.,0.));
#2980 = VECTOR('',#2981,1.);
#2981 = DIRECTION('',(0.,1.));
#2982 = ( GEOMETRIC_REPRESENTATION_CONTEXT(2) 
PARAMETRIC_REPRESENTATION_CONTEXT() REPRESENTATION_CONTEXT('2D SPACE',''
  ) );
#2983 = PCURVE('',#1802,#2984);
#2984 = DEFINITIONAL_REPRESENTATION('',(#2985),#2989);
#2985 = LINE('',#2986,#2987);
#2986 = CARTESIAN_POINT('',(2.2,0.));
#2987 = VECTOR('',#2988,1.);
#2988 = DIRECTION('',(0.,-1.));
#2989 = ( GEOMETRIC_REPRESENTATION_CONTEXT(2) 
PARAMETRIC_REPRESENTATION_CONTEXT() REPRESENTATION_CONTEXT('2D SPACE',''
  ) );
#2990 = ORIENTED_EDGE('',*,*,#1755,.T.);
#2991 = ADVANCED_FACE('',(#2992),#1802,.T.);
#2992 = FACE_BOUND('',#2993,.T.);
#2993 = EDGE_LOOP('',(#2994,#2995,#2996,#3017));
#2994 = ORIENTED_EDGE('',*,*,#2970,.F.);
#2995 = ORIENTED_EDGE('',*,*,#1786,.T.);
#2996 = ORIENTED_EDGE('',*,*,#2997,.T.);
#2997 = EDGE_CURVE('',#1787,#1815,#2998,.T.);
#2998 = SURFACE_CURVE('',#2999,(#3003,#3010),.PCURVE_S1.);
#2999 = LINE('',#3000,#3001);
#3000 = CARTESIAN_POINT('',(3.7,1.5,6.2));
#3001 = VECTOR('',#3002,1.);
#3002 = DIRECTION('',(0.,1.,0.));
#3003 = PCURVE('',#1802,#3004);
#3004 = DEFINITIONAL_REPRESENTATION('',(#3005),#3009);
#3005 = LINE('',#3006,#3007);
#3006 = CARTESIAN_POINT('',(0.,0.));
#3007 = VECTOR('',#3008,1.);
#3008 = DIRECTION('',(0.,-1.));
#3009 = ( GEOMETRIC_REPRESENTATION_CONTEXT(2) 
PARAMETRIC_REPRESENTATION_CONTEXT() REPRESENTATION_CONTEXT('2D SPACE',''
  ) );
#3010 = PCURVE('',#1831,#3011);
#3011 = DEFINITIONAL_REPRESENTATION('',(#3012),#3016);
#3012 = LINE('',#3013,#3014);
#3013 = CARTESIAN_POINT('',(0.,0.));
#3014 = VECTOR('',#3015,1.);
#3015 = DIRECTION('',(0.,1.));
#3016 = ( GEOMETRIC_REPRESENTATION_CONTEXT(2) 
PARAMETRIC_REPRESENTATION_CONTEXT() REPRESENTATION_CONTEXT('2D SPACE',''
  ) );
#3017 = ORIENTED_EDGE('',*,*,#1847,.F.);
#3018 = ADVANCED_FACE('',(#3019),#1831,.T.);
#3019 = FACE_BOUND('',#3020,.T.);
#3020 = EDGE_LOOP('',(#3021,#3022));
#3021 = ORIENTED_EDGE('',*,*,#2997,.F.);
#3022 = ORIENTED_EDGE('',*,*,#1814,.F.);
#3023 = ADVANCED_FACE('',(#3024),#2557,.T.);
#3024 = FACE_BOUND('',#3025,.T.);
#3025 = EDGE_LOOP('',(#3026));
#3026 = ORIENTED_EDGE('',*,*,#2540,.T.);
#3027 = ADVANCED_FACE('',(#3028),#2612,.T.);
#3028 = FACE_BOUND('',#3029,.T.);
#3029 = EDGE_LOOP('',(#3030));
#3030 = ORIENTED_EDGE('',*,*,#2595,.T.);
#3031 = ADVANCED_FACE('',(#3032),#2667,.T.);
#3032 = FACE_BOUND('',#3033,.T.);
#3033 = EDGE_LOOP('',(#3034));
#3034 = ORIENTED_EDGE('',*,*,#2650,.T.);
#3035 = ADVANCED_FACE('',(#3036),#2742,.T.);
#3036 = FACE_BOUND('',#3037,.F.);
#3037 = EDGE_LOOP('',(#3038,#3039,#3062,#3089));
#3038 = ORIENTED_EDGE('',*,*,#2721,.T.);
#3039 = ORIENTED_EDGE('',*,*,#3040,.T.);
#3040 = EDGE_CURVE('',#2722,#3041,#3043,.T.);
#3041 = VERTEX_POINT('',#3042);
#3042 = CARTESIAN_POINT('',(10.7,34.,6.5));
#3043 = SEAM_CURVE('',#3044,(#3048,#3055),.PCURVE_S1.);
#3044 = LINE('',#3045,#3046);
#3045 = CARTESIAN_POINT('',(10.7,34.,0.));
#3046 = VECTOR('',#3047,1.);
#3047 = DIRECTION('',(0.,0.,1.));
#3048 = PCURVE('',#2742,#3049);
#3049 = DEFINITIONAL_REPRESENTATION('',(#3050),#3054);
#3050 = LINE('',#3051,#3052);
#3051 = CARTESIAN_POINT('',(-6.28318530718,0.));
#3052 = VECTOR('',#3053,1.);
#3053 = DIRECTION('',(-0.,-1.));
#3054 = ( GEOMETRIC_REPRESENTATION_CONTEXT(2) 
PARAMETRIC_REPRESENTATION_CONTEXT() REPRESENTATION_CONTEXT('2D SPACE',''
  ) );
#3055 = PCURVE('',#2742,#3056);
#3056 = DEFINITIONAL_REPRESENTATION('',(#3057),#3061);
#3057 = LINE('',#3058,#3059);
#3058 = CARTESIAN_POINT('',(-0.,0.));
#3059 = VECTOR('',#3060,1.);
#3060 = DIRECTION('',(-0.,-1.));
#3061 = ( GEOMETRIC_REPRESENTATION_CONTEXT(2) 
PARAMETRIC_REPRESENTATION_CONTEXT() REPRESENTATION_CONTEXT('2D SPACE',''
  ) );
#3062 = ORIENTED_EDGE('',*,*,#3063,.T.);
#3063 = EDGE_CURVE('',#3041,#3041,#3064,.T.);
#3064 = SURFACE_CURVE('',#3065,(#3070,#3077),.PCURVE_S1.);
#3065 = CIRCLE('',#3066,2.7);
#3066 = AXIS2_PLACEMENT_3D('',#3067,#3068,#3069);
#3067 = CARTESIAN_POINT('',(8.,34.,6.5));
#3068 = DIRECTION('',(0.,0.,1.));
#3069 = DIRECTION('',(1.,0.,0.));
#3070 = PCURVE('',#2742,#3071);
#3071 = DEFINITIONAL_REPRESENTATION('',(#3072),#3076);
#3072 = LINE('',#3073,#3074);
#3073 = CARTESIAN_POINT('',(-0.,-6.5));
#3074 = VECTOR('',#3075,1.);
#3075 = DIRECTION('',(-1.,0.));
#3076 = ( GEOMETRIC_REPRESENTATION_CONTEXT(2) 
PARAMETRIC_REPRESENTATION_CONTEXT() REPRESENTATION_CONTEXT('2D SPACE',''
  ) );
#3077 = PCURVE('',#3078,#3083);
#3078 = PLANE('',#3079);
#3079 = AXIS2_PLACEMENT_3D('',#3080,#3081,#3082);
#3080 = CARTESIAN_POINT('',(8.,34.,6.5));
#3081 = DIRECTION('',(0.,0.,1.));
#3082 = DIRECTION('',(1.,0.,-0.));
#3083 = DEFINITIONAL_REPRESENTATION('',(#3084),#3088);
#3084 = CIRCLE('',#3085,2.7);
#3085 = AXIS2_PLACEMENT_2D('',#3086,#3087);
#3086 = CARTESIAN_POINT('',(0.,2.84217094304E-14));
#3087 = DIRECTION('',(1.,0.));
#3088 = ( GEOMETRIC_REPRESENTATION_CONTEXT(2) 
PARAMETRIC_REPRESENTATION_CONTEXT() REPRESENTATION_CONTEXT('2D SPACE',''
  ) );
#3089 = ORIENTED_EDGE('',*,*,#3040,.F.);
#3090 = ADVANCED_FACE('',(#3091),#2777,.T.);
#3091 = FACE_BOUND('',#3092,.F.);
#3092 = EDGE_LOOP('',(#3093,#3094,#3117,#3144));
#3093 = ORIENTED_EDGE('',*,*,#2756,.T.);
#3094 = ORIENTED_EDGE('',*,*,#3095,.T.);
#3095 = EDGE_CURVE('',#2757,#3096,#3098,.T.);
#3096 = VERTEX_POINT('',#3097);
#3097 = CARTESIAN_POINT('',(10.7,80.,6.5));
#3098 = SEAM_CURVE('',#3099,(#3103,#3110),.PCURVE_S1.);
#3099 = LINE('',#3100,#3101);
#3100 = CARTESIAN_POINT('',(10.7,80.,0.));
#3101 = VECTOR('',#3102,1.);
#3102 = DIRECTION('',(0.,0.,1.));
#3103 = PCURVE('',#2777,#3104);
#3104 = DEFINITIONAL_REPRESENTATION('',(#3105),#3109);
#3105 = LINE('',#3106,#3107);
#3106 = CARTESIAN_POINT('',(-6.28318530718,0.));
#3107 = VECTOR('',#3108,1.);
#3108 = DIRECTION('',(-0.,-1.));
#3109 = ( GEOMETRIC_REPRESENTATION_CONTEXT(2) 
PARAMETRIC_REPRESENTATION_CONTEXT() REPRESENTATION_CONTEXT('2D SPACE',''
  ) );
#3110 = PCURVE('',#2777,#3111);
#3111 = DEFINITIONAL_REPRESENTATION('',(#3112),#3116);
#3112 = LINE('',#3113,#3114);
#3113 = CARTESIAN_POINT('',(-0.,0.));
#3114 = VECTOR('',#3115,1.);
#3115 = DIRECTION('',(-0.,-1.));
#3116 = ( GEOMETRIC_REPRESENTATION_CONTEXT(2) 
PARAMETRIC_REPRESENTATION_CONTEXT() REPRESENTATION_CONTEXT('2D SPACE',''
  ) );
#3117 = ORIENTED_EDGE('',*,*,#3118,.T.);
#3118 = EDGE_CURVE('',#3096,#3096,#3119,.T.);
#3119 = SURFACE_CURVE('',#3120,(#3125,#3132),.PCURVE_S1.);
#3120 = CIRCLE('',#3121,2.7);
#3121 = AXIS2_PLACEMENT_3D('',#3122,#3123,#3124);
#3122 = CARTESIAN_POINT('',(8.,80.,6.5));
#3123 = DIRECTION('',(0.,0.,1.));
#3124 = DIRECTION('',(1.,0.,0.));
#3125 = PCURVE('',#2777,#3126);
#3126 = DEFINITIONAL_REPRESENTATION('',(#3127),#3131);
#3127 = LINE('',#3128,#3129);
#3128 = CARTESIAN_POINT('',(-0.,-6.5));
#3129 = VECTOR('',#3130,1.);
#3130 = DIRECTION('',(-1.,0.));
#3131 = ( GEOMETRIC_REPRESENTATION_CONTEXT(2) 
PARAMETRIC_REPRESENTATION_CONTEXT() REPRESENTATION_CONTEXT('2D SPACE',''
  ) );
#3132 = PCURVE('',#3133,#3138);
#3133 = PLANE('',#3134);
#3134 = AXIS2_PLACEMENT_3D('',#3135,#3136,#3137);
#3135 = CARTESIAN_POINT('',(8.,80.,6.5));
#3136 = DIRECTION('',(0.,0.,1.));
#3137 = DIRECTION('',(1.,0.,-0.));
#3138 = DEFINITIONAL_REPRESENTATION('',(#3139),#3143);
#3139 = CIRCLE('',#3140,2.7);
#3140 = AXIS2_PLACEMENT_2D('',#3141,#3142);
#3141 = CARTESIAN_POINT('',(0.,1.42108547152E-14));
#3142 = DIRECTION('',(1.,0.));
#3143 = ( GEOMETRIC_REPRESENTATION_CONTEXT(2) 
PARAMETRIC_REPRESENTATION_CONTEXT() REPRESENTATION_CONTEXT('2D SPACE',''
  ) );
#3144 = ORIENTED_EDGE('',*,*,#3095,.F.);
#3145 = ADVANCED_FACE('',(#3146),#2812,.T.);
#3146 = FACE_BOUND('',#3147,.F.);
#3147 = EDGE_LOOP('',(#3148,#3149,#3172,#3199));
#3148 = ORIENTED_EDGE('',*,*,#2791,.T.);
#3149 = ORIENTED_EDGE('',*,*,#3150,.T.);
#3150 = EDGE_CURVE('',#2792,#3151,#3153,.T.);
#3151 = VERTEX_POINT('',#3152);
#3152 = CARTESIAN_POINT('',(68.7,88.,6.5));
#3153 = SEAM_CURVE('',#3154,(#3158,#3165),.PCURVE_S1.);
#3154 = LINE('',#3155,#3156);
#3155 = CARTESIAN_POINT('',(68.7,88.,0.));
#3156 = VECTOR('',#3157,1.);
#3157 = DIRECTION('',(0.,0.,1.));
#3158 = PCURVE('',#2812,#3159);
#3159 = DEFINITIONAL_REPRESENTATION('',(#3160),#3164);
#3160 = LINE('',#3161,#3162);
#3161 = CARTESIAN_POINT('',(-6.28318530718,0.));
#3162 = VECTOR('',#3163,1.);
#3163 = DIRECTION('',(-0.,-1.));
#3164 = ( GEOMETRIC_REPRESENTATION_CONTEXT(2) 
PARAMETRIC_REPRESENTATION_CONTEXT() REPRESENTATION_CONTEXT('2D SPACE',''
  ) );
#3165 = PCURVE('',#2812,#3166);
#3166 = DEFINITIONAL_REPRESENTATION('',(#3167),#3171);
#3167 = LINE('',#3168,#3169);
#3168 = CARTESIAN_POINT('',(-0.,0.));
#3169 = VECTOR('',#3170,1.);
#3170 = DIRECTION('',(-0.,-1.));
#3171 = ( GEOMETRIC_REPRESENTATION_CONTEXT(2) 
PARAMETRIC_REPRESENTATION_CONTEXT() REPRESENTATION_CONTEXT('2D SPACE',''
  ) );
#3172 = ORIENTED_EDGE('',*,*,#3173,.T.);
#3173 = EDGE_CURVE('',#3151,#3151,#3174,.T.);
#3174 = SURFACE_CURVE('',#3175,(#3180,#3187),.PCURVE_S1.);
#3175 = CIRCLE('',#3176,2.7);
#3176 = AXIS2_PLACEMENT_3D('',#3177,#3178,#3179);
#3177 = CARTESIAN_POINT('',(66.,88.,6.5));
#3178 = DIRECTION('',(0.,0.,1.));
#3179 = DIRECTION('',(1.,0.,0.));
#3180 = PCURVE('',#2812,#3181);
#3181 = DEFINITIONAL_REPRESENTATION('',(#3182),#3186);
#3182 = LINE('',#3183,#3184);
#3183 = CARTESIAN_POINT('',(-0.,-6.5));
#3184 = VECTOR('',#3185,1.);
#3185 = DIRECTION('',(-1.,0.));
#3186 = ( GEOMETRIC_REPRESENTATION_CONTEXT(2) 
PARAMETRIC_REPRESENTATION_CONTEXT() REPRESENTATION_CONTEXT('2D SPACE',''
  ) );
#3187 = PCURVE('',#3188,#3193);
#3188 = PLANE('',#3189);
#3189 = AXIS2_PLACEMENT_3D('',#3190,#3191,#3192);
#3190 = CARTESIAN_POINT('',(66.,88.,6.5));
#3191 = DIRECTION('',(0.,0.,1.));
#3192 = DIRECTION('',(1.,0.,-0.));
#3193 = DEFINITIONAL_REPRESENTATION('',(#3194),#3198);
#3194 = CIRCLE('',#3195,2.7);
#3195 = AXIS2_PLACEMENT_2D('',#3196,#3197);
#3196 = CARTESIAN_POINT('',(0.,-1.42108547152E-14));
#3197 = DIRECTION('',(1.,0.));
#3198 = ( GEOMETRIC_REPRESENTATION_CONTEXT(2) 
PARAMETRIC_REPRESENTATION_CONTEXT() REPRESENTATION_CONTEXT('2D SPACE',''
  ) );
#3199 = ORIENTED_EDGE('',*,*,#3150,.F.);
#3200 = ADVANCED_FACE('',(#3201),#2847,.T.);
#3201 = FACE_BOUND('',#3202,.F.);
#3202 = EDGE_LOOP('',(#3203,#3204,#3227,#3254));
#3203 = ORIENTED_EDGE('',*,*,#2826,.T.);
#3204 = ORIENTED_EDGE('',*,*,#3205,.T.);
#3205 = EDGE_CURVE('',#2827,#3206,#3208,.T.);
#3206 = VERTEX_POINT('',#3207);
#3207 = CARTESIAN_POINT('',(46.7,168.,6.5));
#3208 = SEAM_CURVE('',#3209,(#3213,#3220),.PCURVE_S1.);
#3209 = LINE('',#3210,#3211);
#3210 = CARTESIAN_POINT('',(46.7,168.,0.));
#3211 = VECTOR('',#3212,1.);
#3212 = DIRECTION('',(0.,0.,1.));
#3213 = PCURVE('',#2847,#3214);
#3214 = DEFINITIONAL_REPRESENTATION('',(#3215),#3219);
#3215 = LINE('',#3216,#3217);
#3216 = CARTESIAN_POINT('',(-6.28318530718,0.));
#3217 = VECTOR('',#3218,1.);
#3218 = DIRECTION('',(-0.,-1.));
#3219 = ( GEOMETRIC_REPRESENTATION_CONTEXT(2) 
PARAMETRIC_REPRESENTATION_CONTEXT() REPRESENTATION_CONTEXT('2D SPACE',''
  ) );
#3220 = PCURVE('',#2847,#3221);
#3221 = DEFINITIONAL_REPRESENTATION('',(#3222),#3226);
#3222 = LINE('',#3223,#3224);
#3223 = CARTESIAN_POINT('',(-0.,0.));
#3224 = VECTOR('',#3225,1.);
#3225 = DIRECTION('',(-0.,-1.));
#3226 = ( GEOMETRIC_REPRESENTATION_CONTEXT(2) 
PARAMETRIC_REPRESENTATION_CONTEXT() REPRESENTATION_CONTEXT('2D SPACE',''
  ) );
#3227 = ORIENTED_EDGE('',*,*,#3228,.T.);
#3228 = EDGE_CURVE('',#3206,#3206,#3229,.T.);
#3229 = SURFACE_CURVE('',#3230,(#3235,#3242),.PCURVE_S1.);
#3230 = CIRCLE('',#3231,2.7);
#3231 = AXIS2_PLACEMENT_3D('',#3232,#3233,#3234);
#3232 = CARTESIAN_POINT('',(44.,168.,6.5));
#3233 = DIRECTION('',(0.,0.,1.));
#3234 = DIRECTION('',(1.,0.,0.));
#3235 = PCURVE('',#2847,#3236);
#3236 = DEFINITIONAL_REPRESENTATION('',(#3237),#3241);
#3237 = LINE('',#3238,#3239);
#3238 = CARTESIAN_POINT('',(-0.,-6.5));
#3239 = VECTOR('',#3240,1.);
#3240 = DIRECTION('',(-1.,0.));
#3241 = ( GEOMETRIC_REPRESENTATION_CONTEXT(2) 
PARAMETRIC_REPRESENTATION_CONTEXT() REPRESENTATION_CONTEXT('2D SPACE',''
  ) );
#3242 = PCURVE('',#3243,#3248);
#3243 = PLANE('',#3244);
#3244 = AXIS2_PLACEMENT_3D('',#3245,#3246,#3247);
#3245 = CARTESIAN_POINT('',(44.,168.,6.5));
#3246 = DIRECTION('',(0.,0.,1.));
#3247 = DIRECTION('',(1.,0.,-0.));
#3248 = DEFINITIONAL_REPRESENTATION('',(#3249),#3253);
#3249 = CIRCLE('',#3250,2.7);
#3250 = AXIS2_PLACEMENT_2D('',#3251,#3252);
#3251 = CARTESIAN_POINT('',(-7.105427357601E-15,0.));
#3252 = DIRECTION('',(1.,0.));
#3253 = ( GEOMETRIC_REPRESENTATION_CONTEXT(2) 
PARAMETRIC_REPRESENTATION_CONTEXT() REPRESENTATION_CONTEXT('2D SPACE',''
  ) );
#3254 = ORIENTED_EDGE('',*,*,#3205,.F.);
#3255 = ADVANCED_FACE('',(#3256,#3259),#3078,.T.);
#3256 = FACE_BOUND('',#3257,.T.);
#3257 = EDGE_LOOP('',(#3258));
#3258 = ORIENTED_EDGE('',*,*,#3063,.T.);
#3259 = FACE_BOUND('',#3260,.T.);
#3260 = EDGE_LOOP('',(#3261));
#3261 = ORIENTED_EDGE('',*,*,#3262,.T.);
#3262 = EDGE_CURVE('',#3263,#3263,#3265,.T.);
#3263 = VERTEX_POINT('',#3264);
#3264 = CARTESIAN_POINT('',(9.05,34.,6.5));
#3265 = SURFACE_CURVE('',#3266,(#3271,#3282),.PCURVE_S1.);
#3266 = CIRCLE('',#3267,1.05);
#3267 = AXIS2_PLACEMENT_3D('',#3268,#3269,#3270);
#3268 = CARTESIAN_POINT('',(8.,34.,6.5));
#3269 = DIRECTION('',(0.,0.,-1.));
#3270 = DIRECTION('',(1.,0.,0.));
#3271 = PCURVE('',#3078,#3272);
#3272 = DEFINITIONAL_REPRESENTATION('',(#3273),#3281);
#3273 = ( BOUNDED_CURVE() B_SPLINE_CURVE(2,(#3274,#3275,#3276,#3277,
#3278,#3279,#3280),.UNSPECIFIED.,.T.,.F.) B_SPLINE_CURVE_WITH_KNOTS((1,2
    ,2,2,2,1),(-2.094395102393,0.,2.094395102393,4.188790204786,
6.28318530718,8.377580409573),.UNSPECIFIED.) CURVE() 
GEOMETRIC_REPRESENTATION_ITEM() RATIONAL_B_SPLINE_CURVE((1.,0.5,1.,0.5,
1.,0.5,1.)) REPRESENTATION_ITEM('') );
#3274 = CARTESIAN_POINT('',(1.05,2.84217094304E-14));
#3275 = CARTESIAN_POINT('',(1.05,-1.818653347947));
#3276 = CARTESIAN_POINT('',(-0.525,-0.909326673974));
#3277 = CARTESIAN_POINT('',(-2.1,2.816453360258E-14));
#3278 = CARTESIAN_POINT('',(-0.525,0.909326673974));
#3279 = CARTESIAN_POINT('',(1.05,1.818653347947));
#3280 = CARTESIAN_POINT('',(1.05,2.84217094304E-14));
#3281 = ( GEOMETRIC_REPRESENTATION_CONTEXT(2) 
PARAMETRIC_REPRESENTATION_CONTEXT() REPRESENTATION_CONTEXT('2D SPACE',''
  ) );
#3282 = PCURVE('',#3283,#3288);
#3283 = CYLINDRICAL_SURFACE('',#3284,1.05);
#3284 = AXIS2_PLACEMENT_3D('',#3285,#3286,#3287);
#3285 = CARTESIAN_POINT('',(8.,34.,1.));
#3286 = DIRECTION('',(-0.,-0.,-1.));
#3287 = DIRECTION('',(1.,0.,0.));
#3288 = DEFINITIONAL_REPRESENTATION('',(#3289),#3293);
#3289 = LINE('',#3290,#3291);
#3290 = CARTESIAN_POINT('',(-6.28318530718,-5.5));
#3291 = VECTOR('',#3292,1.);
#3292 = DIRECTION('',(1.,-0.));
#3293 = ( GEOMETRIC_REPRESENTATION_CONTEXT(2) 
PARAMETRIC_REPRESENTATION_CONTEXT() REPRESENTATION_CONTEXT('2D SPACE',''
  ) );
#3294 = ADVANCED_FACE('',(#3295,#3298),#3133,.T.);
#3295 = FACE_BOUND('',#3296,.T.);
#3296 = EDGE_LOOP('',(#3297));
#3297 = ORIENTED_EDGE('',*,*,#3118,.T.);
#3298 = FACE_BOUND('',#3299,.T.);
#3299 = EDGE_LOOP('',(#3300));
#3300 = ORIENTED_EDGE('',*,*,#3301,.T.);
#3301 = EDGE_CURVE('',#3302,#3302,#3304,.T.);
#3302 = VERTEX_POINT('',#3303);
#3303 = CARTESIAN_POINT('',(9.05,80.,6.5));
#3304 = SURFACE_CURVE('',#3305,(#3310,#3321),.PCURVE_S1.);
#3305 = CIRCLE('',#3306,1.05);
#3306 = AXIS2_PLACEMENT_3D('',#3307,#3308,#3309);
#3307 = CARTESIAN_POINT('',(8.,80.,6.5));
#3308 = DIRECTION('',(0.,0.,-1.));
#3309 = DIRECTION('',(1.,0.,0.));
#3310 = PCURVE('',#3133,#3311);
#3311 = DEFINITIONAL_REPRESENTATION('',(#3312),#3320);
#3312 = ( BOUNDED_CURVE() B_SPLINE_CURVE(2,(#3313,#3314,#3315,#3316,
#3317,#3318,#3319),.UNSPECIFIED.,.T.,.F.) B_SPLINE_CURVE_WITH_KNOTS((1,2
    ,2,2,2,1),(-2.094395102393,0.,2.094395102393,4.188790204786,
6.28318530718,8.377580409573),.UNSPECIFIED.) CURVE() 
GEOMETRIC_REPRESENTATION_ITEM() RATIONAL_B_SPLINE_CURVE((1.,0.5,1.,0.5,
1.,0.5,1.)) REPRESENTATION_ITEM('') );
#3313 = CARTESIAN_POINT('',(1.05,1.42108547152E-14));
#3314 = CARTESIAN_POINT('',(1.05,-1.818653347947));
#3315 = CARTESIAN_POINT('',(-0.525,-0.909326673974));
#3316 = CARTESIAN_POINT('',(-2.1,1.395367888738E-14));
#3317 = CARTESIAN_POINT('',(-0.525,0.909326673974));
#3318 = CARTESIAN_POINT('',(1.05,1.818653347947));
#3319 = CARTESIAN_POINT('',(1.05,1.42108547152E-14));
#3320 = ( GEOMETRIC_REPRESENTATION_CONTEXT(2) 
PARAMETRIC_REPRESENTATION_CONTEXT() REPRESENTATION_CONTEXT('2D SPACE',''
  ) );
#3321 = PCURVE('',#3322,#3327);
#3322 = CYLINDRICAL_SURFACE('',#3323,1.05);
#3323 = AXIS2_PLACEMENT_3D('',#3324,#3325,#3326);
#3324 = CARTESIAN_POINT('',(8.,80.,1.));
#3325 = DIRECTION('',(-0.,-0.,-1.));
#3326 = DIRECTION('',(1.,0.,0.));
#3327 = DEFINITIONAL_REPRESENTATION('',(#3328),#3332);
#3328 = LINE('',#3329,#3330);
#3329 = CARTESIAN_POINT('',(-6.28318530718,-5.5));
#3330 = VECTOR('',#3331,1.);
#3331 = DIRECTION('',(1.,-0.));
#3332 = ( GEOMETRIC_REPRESENTATION_CONTEXT(2) 
PARAMETRIC_REPRESENTATION_CONTEXT() REPRESENTATION_CONTEXT('2D SPACE',''
  ) );
#3333 = ADVANCED_FACE('',(#3334,#3337),#3188,.T.);
#3334 = FACE_BOUND('',#3335,.T.);
#3335 = EDGE_LOOP('',(#3336));
#3336 = ORIENTED_EDGE('',*,*,#3173,.T.);
#3337 = FACE_BOUND('',#3338,.T.);
#3338 = EDGE_LOOP('',(#3339));
#3339 = ORIENTED_EDGE('',*,*,#3340,.T.);
#3340 = EDGE_CURVE('',#3341,#3341,#3343,.T.);
#3341 = VERTEX_POINT('',#3342);
#3342 = CARTESIAN_POINT('',(67.05,88.,6.5));
#3343 = SURFACE_CURVE('',#3344,(#3349,#3360),.PCURVE_S1.);
#3344 = CIRCLE('',#3345,1.05);
#3345 = AXIS2_PLACEMENT_3D('',#3346,#3347,#3348);
#3346 = CARTESIAN_POINT('',(66.,88.,6.5));
#3347 = DIRECTION('',(0.,0.,-1.));
#3348 = DIRECTION('',(1.,0.,0.));
#3349 = PCURVE('',#3188,#3350);
#3350 = DEFINITIONAL_REPRESENTATION('',(#3351),#3359);
#3351 = ( BOUNDED_CURVE() B_SPLINE_CURVE(2,(#3352,#3353,#3354,#3355,
#3356,#3357,#3358),.UNSPECIFIED.,.T.,.F.) B_SPLINE_CURVE_WITH_KNOTS((1,2
    ,2,2,2,1),(-2.094395102393,0.,2.094395102393,4.188790204786,
6.28318530718,8.377580409573),.UNSPECIFIED.) CURVE() 
GEOMETRIC_REPRESENTATION_ITEM() RATIONAL_B_SPLINE_CURVE((1.,0.5,1.,0.5,
1.,0.5,1.)) REPRESENTATION_ITEM('') );
#3352 = CARTESIAN_POINT('',(1.05,-1.42108547152E-14));
#3353 = CARTESIAN_POINT('',(1.05,-1.818653347947));
#3354 = CARTESIAN_POINT('',(-0.525,-0.909326673974));
#3355 = CARTESIAN_POINT('',(-2.1,-1.446803054302E-14));
#3356 = CARTESIAN_POINT('',(-0.525,0.909326673974));
#3357 = CARTESIAN_POINT('',(1.05,1.818653347947));
#3358 = CARTESIAN_POINT('',(1.05,-1.42108547152E-14));
#3359 = ( GEOMETRIC_REPRESENTATION_CONTEXT(2) 
PARAMETRIC_REPRESENTATION_CONTEXT() REPRESENTATION_CONTEXT('2D SPACE',''
  ) );
#3360 = PCURVE('',#3361,#3366);
#3361 = CYLINDRICAL_SURFACE('',#3362,1.05);
#3362 = AXIS2_PLACEMENT_3D('',#3363,#3364,#3365);
#3363 = CARTESIAN_POINT('',(66.,88.,1.));
#3364 = DIRECTION('',(-0.,-0.,-1.));
#3365 = DIRECTION('',(1.,0.,0.));
#3366 = DEFINITIONAL_REPRESENTATION('',(#3367),#3371);
#3367 = LINE('',#3368,#3369);
#3368 = CARTESIAN_POINT('',(-6.28318530718,-5.5));
#3369 = VECTOR('',#3370,1.);
#3370 = DIRECTION('',(1.,-0.));
#3371 = ( GEOMETRIC_REPRESENTATION_CONTEXT(2) 
PARAMETRIC_REPRESENTATION_CONTEXT() REPRESENTATION_CONTEXT('2D SPACE',''
  ) );
#3372 = ADVANCED_FACE('',(#3373,#3376),#3243,.T.);
#3373 = FACE_BOUND('',#3374,.T.);
#3374 = EDGE_LOOP('',(#3375));
#3375 = ORIENTED_EDGE('',*,*,#3228,.T.);
#3376 = FACE_BOUND('',#3377,.T.);
#3377 = EDGE_LOOP('',(#3378));
#3378 = ORIENTED_EDGE('',*,*,#3379,.T.);
#3379 = EDGE_CURVE('',#3380,#3380,#3382,.T.);
#3380 = VERTEX_POINT('',#3381);
#3381 = CARTESIAN_POINT('',(45.05,168.,6.5));
#3382 = SURFACE_CURVE('',#3383,(#3388,#3399),.PCURVE_S1.);
#3383 = CIRCLE('',#3384,1.05);
#3384 = AXIS2_PLACEMENT_3D('',#3385,#3386,#3387);
#3385 = CARTESIAN_POINT('',(44.,168.,6.5));
#3386 = DIRECTION('',(0.,0.,-1.));
#3387 = DIRECTION('',(1.,0.,0.));
#3388 = PCURVE('',#3243,#3389);
#3389 = DEFINITIONAL_REPRESENTATION('',(#3390),#3398);
#3390 = ( BOUNDED_CURVE() B_SPLINE_CURVE(2,(#3391,#3392,#3393,#3394,
#3395,#3396,#3397),.UNSPECIFIED.,.T.,.F.) B_SPLINE_CURVE_WITH_KNOTS((1,2
    ,2,2,2,1),(-2.094395102393,0.,2.094395102393,4.188790204786,
6.28318530718,8.377580409573),.UNSPECIFIED.) CURVE() 
GEOMETRIC_REPRESENTATION_ITEM() RATIONAL_B_SPLINE_CURVE((1.,0.5,1.,0.5,
1.,0.5,1.)) REPRESENTATION_ITEM('') );
#3391 = CARTESIAN_POINT('',(1.05,0.));
#3392 = CARTESIAN_POINT('',(1.05,-1.818653347947));
#3393 = CARTESIAN_POINT('',(-0.525,-0.909326673974));
#3394 = CARTESIAN_POINT('',(-2.1,-2.571758278209E-16));
#3395 = CARTESIAN_POINT('',(-0.525,0.909326673974));
#3396 = CARTESIAN_POINT('',(1.05,1.818653347947));
#3397 = CARTESIAN_POINT('',(1.05,0.));
#3398 = ( GEOMETRIC_REPRESENTATION_CONTEXT(2) 
PARAMETRIC_REPRESENTATION_CONTEXT() REPRESENTATION_CONTEXT('2D SPACE',''
  ) );
#3399 = PCURVE('',#3400,#3405);
#3400 = CYLINDRICAL_SURFACE('',#3401,1.05);
#3401 = AXIS2_PLACEMENT_3D('',#3402,#3403,#3404);
#3402 = CARTESIAN_POINT('',(44.,168.,1.));
#3403 = DIRECTION('',(-0.,-0.,-1.));
#3404 = DIRECTION('',(1.,0.,0.));
#3405 = DEFINITIONAL_REPRESENTATION('',(#3406),#3410);
#3406 = LINE('',#3407,#3408);
#3407 = CARTESIAN_POINT('',(-6.28318530718,-5.5));
#3408 = VECTOR('',#3409,1.);
#3409 = DIRECTION('',(1.,-0.));
#3410 = ( GEOMETRIC_REPRESENTATION_CONTEXT(2) 
PARAMETRIC_REPRESENTATION_CONTEXT() REPRESENTATION_CONTEXT('2D SPACE',''
  ) );
#3411 = ADVANCED_FACE('',(#3412),#3283,.F.);
#3412 = FACE_BOUND('',#3413,.T.);
#3413 = EDGE_LOOP('',(#3414,#3443,#3464,#3465));
#3414 = ORIENTED_EDGE('',*,*,#3415,.F.);
#3415 = EDGE_CURVE('',#3416,#3416,#3418,.T.);
#3416 = VERTEX_POINT('',#3417);
#3417 = CARTESIAN_POINT('',(9.05,34.,1.));
#3418 = SURFACE_CURVE('',#3419,(#3424,#3431),.PCURVE_S1.);
#3419 = CIRCLE('',#3420,1.05);
#3420 = AXIS2_PLACEMENT_3D('',#3421,#3422,#3423);
#3421 = CARTESIAN_POINT('',(8.,34.,1.));
#3422 = DIRECTION('',(0.,0.,1.));
#3423 = DIRECTION('',(1.,0.,0.));
#3424 = PCURVE('',#3283,#3425);
#3425 = DEFINITIONAL_REPRESENTATION('',(#3426),#3430);
#3426 = LINE('',#3427,#3428);
#3427 = CARTESIAN_POINT('',(-0.,0.));
#3428 = VECTOR('',#3429,1.);
#3429 = DIRECTION('',(-1.,0.));
#3430 = ( GEOMETRIC_REPRESENTATION_CONTEXT(2) 
PARAMETRIC_REPRESENTATION_CONTEXT() REPRESENTATION_CONTEXT('2D SPACE',''
  ) );
#3431 = PCURVE('',#3432,#3437);
#3432 = PLANE('',#3433);
#3433 = AXIS2_PLACEMENT_3D('',#3434,#3435,#3436);
#3434 = CARTESIAN_POINT('',(8.,34.,1.));
#3435 = DIRECTION('',(0.,0.,1.));
#3436 = DIRECTION('',(1.,0.,-0.));
#3437 = DEFINITIONAL_REPRESENTATION('',(#3438),#3442);
#3438 = CIRCLE('',#3439,1.05);
#3439 = AXIS2_PLACEMENT_2D('',#3440,#3441);
#3440 = CARTESIAN_POINT('',(0.,-2.84217094304E-14));
#3441 = DIRECTION('',(1.,0.));
#3442 = ( GEOMETRIC_REPRESENTATION_CONTEXT(2) 
PARAMETRIC_REPRESENTATION_CONTEXT() REPRESENTATION_CONTEXT('2D SPACE',''
  ) );
#3443 = ORIENTED_EDGE('',*,*,#3444,.T.);
#3444 = EDGE_CURVE('',#3416,#3263,#3445,.T.);
#3445 = SEAM_CURVE('',#3446,(#3450,#3457),.PCURVE_S1.);
#3446 = LINE('',#3447,#3448);
#3447 = CARTESIAN_POINT('',(9.05,34.,1.));
#3448 = VECTOR('',#3449,1.);
#3449 = DIRECTION('',(0.,0.,1.));
#3450 = PCURVE('',#3283,#3451);
#3451 = DEFINITIONAL_REPRESENTATION('',(#3452),#3456);
#3452 = LINE('',#3453,#3454);
#3453 = CARTESIAN_POINT('',(-6.28318530718,0.));
#3454 = VECTOR('',#3455,1.);
#3455 = DIRECTION('',(-0.,-1.));
#3456 = ( GEOMETRIC_REPRESENTATION_CONTEXT(2) 
PARAMETRIC_REPRESENTATION_CONTEXT() REPRESENTATION_CONTEXT('2D SPACE',''
  ) );
#3457 = PCURVE('',#3283,#3458);
#3458 = DEFINITIONAL_REPRESENTATION('',(#3459),#3463);
#3459 = LINE('',#3460,#3461);
#3460 = CARTESIAN_POINT('',(-0.,0.));
#3461 = VECTOR('',#3462,1.);
#3462 = DIRECTION('',(-0.,-1.));
#3463 = ( GEOMETRIC_REPRESENTATION_CONTEXT(2) 
PARAMETRIC_REPRESENTATION_CONTEXT() REPRESENTATION_CONTEXT('2D SPACE',''
  ) );
#3464 = ORIENTED_EDGE('',*,*,#3262,.F.);
#3465 = ORIENTED_EDGE('',*,*,#3444,.F.);
#3466 = ADVANCED_FACE('',(#3467),#3322,.F.);
#3467 = FACE_BOUND('',#3468,.T.);
#3468 = EDGE_LOOP('',(#3469,#3498,#3519,#3520));
#3469 = ORIENTED_EDGE('',*,*,#3470,.F.);
#3470 = EDGE_CURVE('',#3471,#3471,#3473,.T.);
#3471 = VERTEX_POINT('',#3472);
#3472 = CARTESIAN_POINT('',(9.05,80.,1.));
#3473 = SURFACE_CURVE('',#3474,(#3479,#3486),.PCURVE_S1.);
#3474 = CIRCLE('',#3475,1.05);
#3475 = AXIS2_PLACEMENT_3D('',#3476,#3477,#3478);
#3476 = CARTESIAN_POINT('',(8.,80.,1.));
#3477 = DIRECTION('',(0.,0.,1.));
#3478 = DIRECTION('',(1.,0.,0.));
#3479 = PCURVE('',#3322,#3480);
#3480 = DEFINITIONAL_REPRESENTATION('',(#3481),#3485);
#3481 = LINE('',#3482,#3483);
#3482 = CARTESIAN_POINT('',(-0.,0.));
#3483 = VECTOR('',#3484,1.);
#3484 = DIRECTION('',(-1.,0.));
#3485 = ( GEOMETRIC_REPRESENTATION_CONTEXT(2) 
PARAMETRIC_REPRESENTATION_CONTEXT() REPRESENTATION_CONTEXT('2D SPACE',''
  ) );
#3486 = PCURVE('',#3487,#3492);
#3487 = PLANE('',#3488);
#3488 = AXIS2_PLACEMENT_3D('',#3489,#3490,#3491);
#3489 = CARTESIAN_POINT('',(8.,80.,1.));
#3490 = DIRECTION('',(0.,0.,1.));
#3491 = DIRECTION('',(1.,0.,-0.));
#3492 = DEFINITIONAL_REPRESENTATION('',(#3493),#3497);
#3493 = CIRCLE('',#3494,1.05);
#3494 = AXIS2_PLACEMENT_2D('',#3495,#3496);
#3495 = CARTESIAN_POINT('',(8.881784197001E-16,0.));
#3496 = DIRECTION('',(1.,0.));
#3497 = ( GEOMETRIC_REPRESENTATION_CONTEXT(2) 
PARAMETRIC_REPRESENTATION_CONTEXT() REPRESENTATION_CONTEXT('2D SPACE',''
  ) );
#3498 = ORIENTED_EDGE('',*,*,#3499,.T.);
#3499 = EDGE_CURVE('',#3471,#3302,#3500,.T.);
#3500 = SEAM_CURVE('',#3501,(#3505,#3512),.PCURVE_S1.);
#3501 = LINE('',#3502,#3503);
#3502 = CARTESIAN_POINT('',(9.05,80.,1.));
#3503 = VECTOR('',#3504,1.);
#3504 = DIRECTION('',(0.,0.,1.));
#3505 = PCURVE('',#3322,#3506);
#3506 = DEFINITIONAL_REPRESENTATION('',(#3507),#3511);
#3507 = LINE('',#3508,#3509);
#3508 = CARTESIAN_POINT('',(-6.28318530718,0.));
#3509 = VECTOR('',#3510,1.);
#3510 = DIRECTION('',(-0.,-1.));
#3511 = ( GEOMETRIC_REPRESENTATION_CONTEXT(2) 
PARAMETRIC_REPRESENTATION_CONTEXT() REPRESENTATION_CONTEXT('2D SPACE',''
  ) );
#3512 = PCURVE('',#3322,#3513);
#3513 = DEFINITIONAL_REPRESENTATION('',(#3514),#3518);
#3514 = LINE('',#3515,#3516);
#3515 = CARTESIAN_POINT('',(-0.,0.));
#3516 = VECTOR('',#3517,1.);
#3517 = DIRECTION('',(-0.,-1.));
#3518 = ( GEOMETRIC_REPRESENTATION_CONTEXT(2) 
PARAMETRIC_REPRESENTATION_CONTEXT() REPRESENTATION_CONTEXT('2D SPACE',''
  ) );
#3519 = ORIENTED_EDGE('',*,*,#3301,.F.);
#3520 = ORIENTED_EDGE('',*,*,#3499,.F.);
#3521 = ADVANCED_FACE('',(#3522),#3361,.F.);
#3522 = FACE_BOUND('',#3523,.T.);
#3523 = EDGE_LOOP('',(#3524,#3553,#3574,#3575));
#3524 = ORIENTED_EDGE('',*,*,#3525,.F.);
#3525 = EDGE_CURVE('',#3526,#3526,#3528,.T.);
#3526 = VERTEX_POINT('',#3527);
#3527 = CARTESIAN_POINT('',(67.05,88.,1.));
#3528 = SURFACE_CURVE('',#3529,(#3534,#3541),.PCURVE_S1.);
#3529 = CIRCLE('',#3530,1.05);
#3530 = AXIS2_PLACEMENT_3D('',#3531,#3532,#3533);
#3531 = CARTESIAN_POINT('',(66.,88.,1.));
#3532 = DIRECTION('',(0.,0.,1.));
#3533 = DIRECTION('',(1.,0.,0.));
#3534 = PCURVE('',#3361,#3535);
#3535 = DEFINITIONAL_REPRESENTATION('',(#3536),#3540);
#3536 = LINE('',#3537,#3538);
#3537 = CARTESIAN_POINT('',(-0.,0.));
#3538 = VECTOR('',#3539,1.);
#3539 = DIRECTION('',(-1.,0.));
#3540 = ( GEOMETRIC_REPRESENTATION_CONTEXT(2) 
PARAMETRIC_REPRESENTATION_CONTEXT() REPRESENTATION_CONTEXT('2D SPACE',''
  ) );
#3541 = PCURVE('',#3542,#3547);
#3542 = PLANE('',#3543);
#3543 = AXIS2_PLACEMENT_3D('',#3544,#3545,#3546);
#3544 = CARTESIAN_POINT('',(66.,88.,1.));
#3545 = DIRECTION('',(0.,0.,1.));
#3546 = DIRECTION('',(1.,0.,-0.));
#3547 = DEFINITIONAL_REPRESENTATION('',(#3548),#3552);
#3548 = CIRCLE('',#3549,1.05);
#3549 = AXIS2_PLACEMENT_2D('',#3550,#3551);
#3550 = CARTESIAN_POINT('',(0.,1.42108547152E-14));
#3551 = DIRECTION('',(1.,0.));
#3552 = ( GEOMETRIC_REPRESENTATION_CONTEXT(2) 
PARAMETRIC_REPRESENTATION_CONTEXT() REPRESENTATION_CONTEXT('2D SPACE',''
  ) );
#3553 = ORIENTED_EDGE('',*,*,#3554,.T.);
#3554 = EDGE_CURVE('',#3526,#3341,#3555,.T.);
#3555 = SEAM_CURVE('',#3556,(#3560,#3567),.PCURVE_S1.);
#3556 = LINE('',#3557,#3558);
#3557 = CARTESIAN_POINT('',(67.05,88.,1.));
#3558 = VECTOR('',#3559,1.);
#3559 = DIRECTION('',(0.,0.,1.));
#3560 = PCURVE('',#3361,#3561);
#3561 = DEFINITIONAL_REPRESENTATION('',(#3562),#3566);
#3562 = LINE('',#3563,#3564);
#3563 = CARTESIAN_POINT('',(-6.28318530718,0.));
#3564 = VECTOR('',#3565,1.);
#3565 = DIRECTION('',(-0.,-1.));
#3566 = ( GEOMETRIC_REPRESENTATION_CONTEXT(2) 
PARAMETRIC_REPRESENTATION_CONTEXT() REPRESENTATION_CONTEXT('2D SPACE',''
  ) );
#3567 = PCURVE('',#3361,#3568);
#3568 = DEFINITIONAL_REPRESENTATION('',(#3569),#3573);
#3569 = LINE('',#3570,#3571);
#3570 = CARTESIAN_POINT('',(-0.,0.));
#3571 = VECTOR('',#3572,1.);
#3572 = DIRECTION('',(-0.,-1.));
#3573 = ( GEOMETRIC_REPRESENTATION_CONTEXT(2) 
PARAMETRIC_REPRESENTATION_CONTEXT() REPRESENTATION_CONTEXT('2D SPACE',''
  ) );
#3574 = ORIENTED_EDGE('',*,*,#3340,.F.);
#3575 = ORIENTED_EDGE('',*,*,#3554,.F.);
#3576 = ADVANCED_FACE('',(#3577),#3400,.F.);
#3577 = FACE_BOUND('',#3578,.T.);
#3578 = EDGE_LOOP('',(#3579,#3608,#3629,#3630));
#3579 = ORIENTED_EDGE('',*,*,#3580,.F.);
#3580 = EDGE_CURVE('',#3581,#3581,#3583,.T.);
#3581 = VERTEX_POINT('',#3582);
#3582 = CARTESIAN_POINT('',(45.05,168.,1.));
#3583 = SURFACE_CURVE('',#3584,(#3589,#3596),.PCURVE_S1.);
#3584 = CIRCLE('',#3585,1.05);
#3585 = AXIS2_PLACEMENT_3D('',#3586,#3587,#3588);
#3586 = CARTESIAN_POINT('',(44.,168.,1.));
#3587 = DIRECTION('',(0.,0.,1.));
#3588 = DIRECTION('',(1.,0.,0.));
#3589 = PCURVE('',#3400,#3590);
#3590 = DEFINITIONAL_REPRESENTATION('',(#3591),#3595);
#3591 = LINE('',#3592,#3593);
#3592 = CARTESIAN_POINT('',(-0.,0.));
#3593 = VECTOR('',#3594,1.);
#3594 = DIRECTION('',(-1.,0.));
#3595 = ( GEOMETRIC_REPRESENTATION_CONTEXT(2) 
PARAMETRIC_REPRESENTATION_CONTEXT() REPRESENTATION_CONTEXT('2D SPACE',''
  ) );
#3596 = PCURVE('',#3597,#3602);
#3597 = PLANE('',#3598);
#3598 = AXIS2_PLACEMENT_3D('',#3599,#3600,#3601);
#3599 = CARTESIAN_POINT('',(44.,168.,1.));
#3600 = DIRECTION('',(0.,0.,1.));
#3601 = DIRECTION('',(1.,0.,-0.));
#3602 = DEFINITIONAL_REPRESENTATION('',(#3603),#3607);
#3603 = CIRCLE('',#3604,1.05);
#3604 = AXIS2_PLACEMENT_2D('',#3605,#3606);
#3605 = CARTESIAN_POINT('',(0.,0.));
#3606 = DIRECTION('',(1.,0.));
#3607 = ( GEOMETRIC_REPRESENTATION_CONTEXT(2) 
PARAMETRIC_REPRESENTATION_CONTEXT() REPRESENTATION_CONTEXT('2D SPACE',''
  ) );
#3608 = ORIENTED_EDGE('',*,*,#3609,.T.);
#3609 = EDGE_CURVE('',#3581,#3380,#3610,.T.);
#3610 = SEAM_CURVE('',#3611,(#3615,#3622),.PCURVE_S1.);
#3611 = LINE('',#3612,#3613);
#3612 = CARTESIAN_POINT('',(45.05,168.,1.));
#3613 = VECTOR('',#3614,1.);
#3614 = DIRECTION('',(0.,0.,1.));
#3615 = PCURVE('',#3400,#3616);
#3616 = DEFINITIONAL_REPRESENTATION('',(#3617),#3621);
#3617 = LINE('',#3618,#3619);
#3618 = CARTESIAN_POINT('',(-6.28318530718,0.));
#3619 = VECTOR('',#3620,1.);
#3620 = DIRECTION('',(-0.,-1.));
#3621 = ( GEOMETRIC_REPRESENTATION_CONTEXT(2) 
PARAMETRIC_REPRESENTATION_CONTEXT() REPRESENTATION_CONTEXT('2D SPACE',''
  ) );
#3622 = PCURVE('',#3400,#3623);
#3623 = DEFINITIONAL_REPRESENTATION('',(#3624),#3628);
#3624 = LINE('',#3625,#3626);
#3625 = CARTESIAN_POINT('',(-0.,0.));
#3626 = VECTOR('',#3627,1.);
#3627 = DIRECTION('',(-0.,-1.));
#3628 = ( GEOMETRIC_REPRESENTATION_CONTEXT(2) 
PARAMETRIC_REPRESENTATION_CONTEXT() REPRESENTATION_CONTEXT('2D SPACE',''
  ) );
#3629 = ORIENTED_EDGE('',*,*,#3379,.F.);
#3630 = ORIENTED_EDGE('',*,*,#3609,.F.);
#3631 = ADVANCED_FACE('',(#3632),#3432,.T.);
#3632 = FACE_BOUND('',#3633,.T.);
#3633 = EDGE_LOOP('',(#3634));
#3634 = ORIENTED_EDGE('',*,*,#3415,.T.);
#3635 = ADVANCED_FACE('',(#3636),#3487,.T.);
#3636 = FACE_BOUND('',#3637,.T.);
#3637 = EDGE_LOOP('',(#3638));
#3638 = ORIENTED_EDGE('',*,*,#3470,.T.);
#3639 = ADVANCED_FACE('',(#3640),#3542,.T.);
#3640 = FACE_BOUND('',#3641,.T.);
#3641 = EDGE_LOOP('',(#3642));
#3642 = ORIENTED_EDGE('',*,*,#3525,.T.);
#3643 = ADVANCED_FACE('',(#3644),#3597,.T.);
#3644 = FACE_BOUND('',#3645,.T.);
#3645 = EDGE_LOOP('',(#3646));
#3646 = ORIENTED_EDGE('',*,*,#3580,.T.);
#3647 = ( GEOMETRIC_REPRESENTATION_CONTEXT(3) 
GLOBAL_UNCERTAINTY_ASSIGNED_CONTEXT((#3651)) 
GLOBAL_UNIT_ASSIGNED_CONTEXT((#3648,#3649,#3650)) REPRESENTATION_CONTEXT
('Context #1','3D Context with UNIT and UNCERTAINTY') );
#3648 = ( LENGTH_UNIT() NAMED_UNIT(*) SI_UNIT(.MILLI.,.METRE.) );
#3649 = ( NAMED_UNIT(*) PLANE_ANGLE_UNIT() SI_UNIT($,.RADIAN.) );
#3650 = ( NAMED_UNIT(*) SI_UNIT($,.STERADIAN.) SOLID_ANGLE_UNIT() );
#3651 = UNCERTAINTY_MEASURE_WITH_UNIT(LENGTH_MEASURE(1.E-07),#3648,
  'distance_accuracy_value','confusion accuracy');
#3652 = PRODUCT_RELATED_PRODUCT_CATEGORY('part',$,(#7));
ENDSEC;
END-ISO-10303-21;
