2026-09-21 21:57:42.552 INFO   Freerouting v2.1.0 (build-date: 2025-04-12)
2026-09-21 21:57:42.600 WARN   No default constructor found for field: currentLocale
2026-09-21 21:57:42.601 INFO   Settings were loaded from freerouting.json
2026-09-21 21:57:44.097 INFO   New version available: v2.4.1
2026-09-21 21:57:44.173 INFO   [CD1B44\CEAFFD] Job 'CD1B44\CEAFFD' started at 2026-09-22T01:57:44.173073Z
2026-09-21 21:57:46.315 INFO   [CD1B44\CEAFFD] Auto-router pass #1 on board '6651807503b565f0d597a87109cffed9' was completed in 2.04 seconds with the score of 807.41 (33 unrouted), using 2.90 CPU seconds and 1859 MB memory.
2026-09-21 21:57:47.952 INFO   [CD1B44\CEAFFD] Auto-router pass #2 on board '7e5c589fd33c4bcc75ddea5fbd3ec363' was completed in 1.62 seconds with the score of 877.60 (22 unrouted), using 5.80 CPU seconds and 2921 MB memory.
2026-09-21 21:57:48.444 INFO   [CD1B44\CEAFFD] Auto-router pass #3 on board 'ed284aaf339f3095bb1ba4f22633b1c4' was completed in 0.47 seconds with the score of 877.15 (23 unrouted), using 9.67 CPU seconds and 3995 MB memory.
2026-09-21 21:57:52.951 INFO   [CD1B44\CEAFFD] Auto-router pass #4 on board '7503ff429b6a75b96483c45b5d25e8e3' was completed in 4.49 seconds with the score of 895.39 (21 unrouted), using 34.52 CPU seconds and 7601 MB memory.
2026-09-21 21:57:53.300 WARN   PolylineTrace.get_trace_connection_shape p_index out of range
2026-09-21 21:57:53.300 ERROR  AutorouteEngine.autoroute_connection: Exception in maze_search_algo.find_connection
java.lang.NullPointerException: Cannot invoke "app.freerouting.geometry.planar.TileShape.nearest_point_approx(app.freerouting.geometry.planar.FloatPoint)" because "target_shape" is null
	at app.freerouting.autoroute.MazeSearchAlgo.expand_to_target_doors(MazeSearchAlgo.java:534) ~[freerouting-2.1.0.jar:unspecified]
	at app.freerouting.autoroute.MazeSearchAlgo.expand_to_room_doors(MazeSearchAlgo.java:398) ~[freerouting-2.1.0.jar:unspecified]
	at app.freerouting.autoroute.MazeSearchAlgo.occupy_next_element(MazeSearchAlgo.java:286) ~[freerouting-2.1.0.jar:unspecified]
	at app.freerouting.autoroute.MazeSearchAlgo.find_connection(MazeSearchAlgo.java:206) ~[freerouting-2.1.0.jar:unspecified]
	at app.freerouting.autoroute.AutorouteEngine.autoroute_connection(AutorouteEngine.java:155) [freerouting-2.1.0.jar:unspecified]
	at app.freerouting.autoroute.BatchAutorouter.autoroute_item(BatchAutorouter.java:610) [freerouting-2.1.0.jar:unspecified]
	at app.freerouting.autoroute.BatchAutorouter.autoroute_pass(BatchAutorouter.java:332) [freerouting-2.1.0.jar:unspecified]
	at app.freerouting.autoroute.BatchAutorouter.runBatchLoop(BatchAutorouter.java:447) [freerouting-2.1.0.jar:unspecified]
	at app.freerouting.management.RoutingJobSchedulerActionThread.thread_action(RoutingJobSchedulerActionThread.java:131) [freerouting-2.1.0.jar:unspecified]
	at app.freerouting.core.StoppableThread.run(StoppableThread.java:26) [freerouting-2.1.0.jar:unspecified]
2026-09-21 21:57:53.300 ERROR  AutorouteEngine.autoroute_connection: Exception in maze_search_algo.find_connection
java.lang.NullPointerException: Cannot invoke "app.freerouting.geometry.planar.TileShape.nearest_point_approx(app.freerouting.geometry.planar.FloatPoint)" because "target_shape" is null
	at app.freerouting.autoroute.MazeSearchAlgo.expand_to_target_doors(MazeSearchAlgo.java:534) ~[freerouting-2.1.0.jar:unspecified]
	at app.freerouting.autoroute.MazeSearchAlgo.expand_to_room_doors(MazeSearchAlgo.java:398) ~[freerouting-2.1.0.jar:unspecified]
	at app.freerouting.autoroute.MazeSearchAlgo.occupy_next_element(MazeSearchAlgo.java:286) ~[freerouting-2.1.0.jar:unspecified]
	at app.freerouting.autoroute.MazeSearchAlgo.find_connection(MazeSearchAlgo.java:206) ~[freerouting-2.1.0.jar:unspecified]
	at app.freerouting.autoroute.AutorouteEngine.autoroute_connection(AutorouteEngine.java:155) [freerouting-2.1.0.jar:unspecified]
	at app.freerouting.autoroute.BatchAutorouter.autoroute_item(BatchAutorouter.java:610) [freerouting-2.1.0.jar:unspecified]
	at app.freerouting.autoroute.BatchAutorouter.autoroute_pass(BatchAutorouter.java:332) [freerouting-2.1.0.jar:unspecified]
	at app.freerouting.autoroute.BatchAutorouter.runBatchLoop(BatchAutorouter.java:447) [freerouting-2.1.0.jar:unspecified]
	at app.freerouting.management.RoutingJobSchedulerActionThread.thread_action(RoutingJobSchedulerActionThread.java:131) [freerouting-2.1.0.jar:unspecified]
	at app.freerouting.core.StoppableThread.run(StoppableThread.java:26) [freerouting-2.1.0.jar:unspecified]
2026-09-21 21:57:53.382 INFO   [CD1B44\CEAFFD] Auto-router pass #5 on board '68708ed04799e228f7ffa3f194590b8f' was completed in 0.41 seconds with the score of 907.38 (19 unrouted), using 43.17 CPU seconds and 8684 MB memory.
2026-09-21 21:57:53.680 INFO   [CD1B44\CEAFFD] Auto-router pass #6 on board '9a2779a3c5f41852292d03d8b204a29a' was completed in 0.29 seconds with the score of 895.97 (21 unrouted), using 43.17 CPU seconds and 8684 MB memory.
2026-09-21 21:57:53.748 WARN   PolylineTrace.get_trace_connection_shape p_index out of range
2026-09-21 21:57:53.748 ERROR  AutorouteEngine.autoroute_connection: Exception in maze_search_algo.find_connection
java.lang.NullPointerException: Cannot invoke "app.freerouting.geometry.planar.TileShape.nearest_point_approx(app.freerouting.geometry.planar.FloatPoint)" because "target_shape" is null
	at app.freerouting.autoroute.MazeSearchAlgo.expand_to_target_doors(MazeSearchAlgo.java:534) ~[freerouting-2.1.0.jar:unspecified]
	at app.freerouting.autoroute.MazeSearchAlgo.expand_to_room_doors(MazeSearchAlgo.java:398) ~[freerouting-2.1.0.jar:unspecified]
	at app.freerouting.autoroute.MazeSearchAlgo.occupy_next_element(MazeSearchAlgo.java:286) ~[freerouting-2.1.0.jar:unspecified]
	at app.freerouting.autoroute.MazeSearchAlgo.find_connection(MazeSearchAlgo.java:206) ~[freerouting-2.1.0.jar:unspecified]
	at app.freerouting.autoroute.AutorouteEngine.autoroute_connection(AutorouteEngine.java:155) [freerouting-2.1.0.jar:unspecified]
	at app.freerouting.autoroute.BatchAutorouter.autoroute_item(BatchAutorouter.java:610) [freerouting-2.1.0.jar:unspecified]
	at app.freerouting.autoroute.BatchAutorouter.autoroute_pass(BatchAutorouter.java:332) [freerouting-2.1.0.jar:unspecified]
	at app.freerouting.autoroute.BatchAutorouter.runBatchLoop(BatchAutorouter.java:447) [freerouting-2.1.0.jar:unspecified]
	at app.freerouting.management.RoutingJobSchedulerActionThread.thread_action(RoutingJobSchedulerActionThread.java:131) [freerouting-2.1.0.jar:unspecified]
	at app.freerouting.core.StoppableThread.run(StoppableThread.java:26) [freerouting-2.1.0.jar:unspecified]
2026-09-21 21:57:53.748 ERROR  AutorouteEngine.autoroute_connection: Exception in maze_search_algo.find_connection
java.lang.NullPointerException: Cannot invoke "app.freerouting.geometry.planar.TileShape.nearest_point_approx(app.freerouting.geometry.planar.FloatPoint)" because "target_shape" is null
	at app.freerouting.autoroute.MazeSearchAlgo.expand_to_target_doors(MazeSearchAlgo.java:534) ~[freerouting-2.1.0.jar:unspecified]
	at app.freerouting.autoroute.MazeSearchAlgo.expand_to_room_doors(MazeSearchAlgo.java:398) ~[freerouting-2.1.0.jar:unspecified]
	at app.freerouting.autoroute.MazeSearchAlgo.occupy_next_element(MazeSearchAlgo.java:286) ~[freerouting-2.1.0.jar:unspecified]
	at app.freerouting.autoroute.MazeSearchAlgo.find_connection(MazeSearchAlgo.java:206) ~[freerouting-2.1.0.jar:unspecified]
	at app.freerouting.autoroute.AutorouteEngine.autoroute_connection(AutorouteEngine.java:155) [freerouting-2.1.0.jar:unspecified]
	at app.freerouting.autoroute.BatchAutorouter.autoroute_item(BatchAutorouter.java:610) [freerouting-2.1.0.jar:unspecified]
	at app.freerouting.autoroute.BatchAutorouter.autoroute_pass(BatchAutorouter.java:332) [freerouting-2.1.0.jar:unspecified]
	at app.freerouting.autoroute.BatchAutorouter.runBatchLoop(BatchAutorouter.java:447) [freerouting-2.1.0.jar:unspecified]
	at app.freerouting.management.RoutingJobSchedulerActionThread.thread_action(RoutingJobSchedulerActionThread.java:131) [freerouting-2.1.0.jar:unspecified]
	at app.freerouting.core.StoppableThread.run(StoppableThread.java:26) [freerouting-2.1.0.jar:unspecified]
2026-09-21 21:57:54.019 INFO   [CD1B44\CEAFFD] Auto-router pass #7 on board '83ea2a1933bc021b967a80d1632549e9' was completed in 0.33 seconds with the score of 900.86 (20 unrouted), using 43.17 CPU seconds and 8684 MB memory.
2026-09-21 21:58:00.283 INFO   [CD1B44\CEAFFD] Auto-router pass #8 on board 'b53e41317582fe783bc73a149ddf40c5' was completed in 6.25 seconds with the score of 957.75 (8 unrouted), using 115.56 CPU seconds and 15214 MB memory.
2026-09-21 21:58:00.598 INFO   [CD1B44\CEAFFD] Auto-router pass #9 on board '80c9b3e1f5627b2b41c5b14be9058bb3' was completed in 0.30 seconds with the score of 950.78 (11 unrouted), using 131.04 CPU seconds and 16250 MB memory.
2026-09-21 21:58:00.866 INFO   [CD1B44\CEAFFD] Auto-router pass #10 on board '60f07f11415241269cc100f28f1302c4' was completed in 0.26 seconds with the score of 953.44 (10 unrouted), using 131.04 CPU seconds and 16250 MB memory.
2026-09-21 21:58:01.071 INFO   [CD1B44\CEAFFD] Auto-router pass #11 on board 'ac0345b91a9c079bed22ae034dea8796' was completed in 0.19 seconds with the score of 952.94 (10 unrouted), using 131.04 CPU seconds and 16250 MB memory.
2026-09-21 21:58:04.187 INFO   [CD1B44\CEAFFD] Restoring an earlier board that has the score of 957.75 (8 unrouted).
2026-09-21 21:58:04.187 INFO   [CD1B44\CEAFFD] Auto-router pass #12 on board 'a59a719bbc8933731d20eedd47140ee6' was completed in 3.10 seconds with the score of 955.55 (10 unrouted), using 183.32 CPU seconds and 19470 MB memory.
2026-09-21 21:58:04.696 INFO   [CD1B44\CEAFFD] Auto-router pass #13 on board '80c9b3e1f5627b2b41c5b14be9058bb3' was completed in 0.50 seconds with the score of 948.08 (12 unrouted), using 202.70 CPU seconds and 20534 MB memory.
2026-09-21 21:58:05.794 INFO   [CD1B44\CEAFFD] Auto-router pass #14 on board '700d1b60b74c8fd49451bfbc6c650e88' was completed in 1.08 seconds with the score of 953.99 (10 unrouted), using 223.05 CPU seconds and 21827 MB memory.
2026-09-21 21:58:06.787 INFO   [CD1B44\CEAFFD] Auto-router pass #15 on board '4cc8da5a717a44a77d721f389815076b' was completed in 0.98 seconds with the score of 955.53 (9 unrouted), using 244.39 CPU seconds and 23135 MB memory.
2026-09-21 21:58:08.981 INFO   [CD1B44\CEAFFD] Auto-router pass #16 on board '35e56238cb62e0f5262506d23b79daec' was completed in 2.18 seconds with the score of 959.92 (7 unrouted), using 289.98 CPU seconds and 25363 MB memory.
2026-09-21 21:58:10.151 INFO   [CD1B44\CEAFFD] Auto-router pass #17 on board 'f6238c8bf495217c229debe0ef5a1019' was completed in 1.16 seconds with the score of 966.03 (5 unrouted), using 314.23 CPU seconds and 26521 MB memory.
2026-09-21 21:58:10.975 INFO   [CD1B44\CEAFFD] Auto-router pass #18 on board 'd03340383f86e01d1b5a93bc5d486e13' was completed in 0.81 seconds with the score of 966.63 (5 unrouted), using 339.46 CPU seconds and 27799 MB memory.
2026-09-21 21:58:11.931 INFO   [CD1B44\CEAFFD] Auto-router pass #19 on board '71b6e32f6d016b2a0cb0142abd350005' was completed in 0.94 seconds with the score of 969.64 (4 unrouted), using 365.65 CPU seconds and 29105 MB memory.
2026-09-21 21:58:13.484 INFO   [CD1B44\CEAFFD] Restoring an earlier board that has the score of 969.64 (4 unrouted).
2026-09-21 21:58:13.484 INFO   [CD1B44\CEAFFD] Auto-router pass #20 on board '1d02536b24f7d44ce186bb2d8cd0194a' was completed in 1.54 seconds with the score of 960.49 (7 unrouted), using 420.96 CPU seconds and 31263 MB memory.
2026-09-21 21:58:14.449 INFO   [CD1B44\CEAFFD] Auto-router pass #21 on board '1d02536b24f7d44ce186bb2d8cd0194a' was completed in 0.96 seconds with the score of 962.94 (6 unrouted), using 449.99 CPU seconds and 32396 MB memory.
2026-09-21 21:58:15.560 INFO   [CD1B44\CEAFFD] Auto-router pass #22 on board '9cefb402148f2300927c48d191422c5d' was completed in 1.10 seconds with the score of 963.37 (6 unrouted), using 480.01 CPU seconds and 33668 MB memory.
2026-09-21 21:58:16.688 INFO   [CD1B44\CEAFFD] Auto-router pass #23 on board 'c7a188b812147793c49a8ebaec32e9f2' was completed in 1.12 seconds with the score of 960.50 (7 unrouted), using 511.00 CPU seconds and 34950 MB memory.
2026-09-21 21:58:18.505 INFO   [CD1B44\CEAFFD] Restoring an earlier board that has the score of 969.64 (4 unrouted).
2026-09-21 21:58:18.505 INFO   [CD1B44\CEAFFD] Auto-router pass #24 on board '68708b90e0b9bfbe5c93554689ac3e40' was completed in 1.80 seconds with the score of 955.17 (9 unrouted), using 575.90 CPU seconds and 37091 MB memory.
2026-09-21 21:58:19.381 INFO   [CD1B44\CEAFFD] Auto-router pass #25 on board '1d02536b24f7d44ce186bb2d8cd0194a' was completed in 0.87 seconds with the score of 967.19 (5 unrouted), using 575.90 CPU seconds and 37091 MB memory.
2026-09-21 21:58:20.171 INFO   [CD1B44\CEAFFD] Auto-router pass #26 on board 'caf9d3f64275135d8fbe7a160e089b00' was completed in 0.78 seconds with the score of 961.49 (7 unrouted), using 609.82 CPU seconds and 38377 MB memory.
2026-09-21 21:58:20.687 INFO   [CD1B44\CEAFFD] Auto-router pass #27 on board '48805326fe0cdfffa002403880bf6ace' was completed in 0.50 seconds with the score of 966.19 (5 unrouted), using 644.72 CPU seconds and 39706 MB memory.
2026-09-21 21:58:22.621 INFO   [CD1B44\CEAFFD] Auto-router pass #28 on board 'b6a29b2ad0db1b9421f9b8eb3900c65a' was completed in 1.92 seconds with the score of 971.11 (3 unrouted), using 717.43 CPU seconds and 41817 MB memory.
2026-09-21 21:58:22.860 INFO   [CD1B44\CEAFFD] Auto-router pass #29 on board '08ede35cf1bdd02299db579a9264bb37' was completed in 0.23 seconds with the score of 968.92 (4 unrouted), using 717.43 CPU seconds and 41817 MB memory.
2026-09-21 21:58:23.536 INFO   [CD1B44\CEAFFD] Auto-router pass #30 on board '50ec426926a93628bb80b9274c9829ff' was completed in 0.66 seconds with the score of 969.68 (4 unrouted), using 755.25 CPU seconds and 43088 MB memory.
2026-09-21 21:58:24.295 INFO   [CD1B44\CEAFFD] Auto-router pass #31 on board 'b8246597e6416b45cf361f63b0e574b3' was completed in 0.75 seconds with the score of 966.47 (5 unrouted), using 755.25 CPU seconds and 43088 MB memory.
2026-09-21 21:58:26.491 INFO   [CD1B44\CEAFFD] Restoring an earlier board that has the score of 971.11 (3 unrouted).
2026-09-21 21:58:26.491 INFO   [CD1B44\CEAFFD] Auto-router pass #32 on board '8011ba009e89a938859784bd354a6d48' was completed in 2.18 seconds with the score of 963.22 (6 unrouted), using 874.53 CPU seconds and 46293 MB memory.
2026-09-21 21:58:26.739 INFO   [CD1B44\CEAFFD] Auto-router pass #33 on board '08ede35cf1bdd02299db579a9264bb37' was completed in 0.24 seconds with the score of 969.79 (4 unrouted), using 874.53 CPU seconds and 46293 MB memory.
2026-09-21 21:58:27.450 INFO   [CD1B44\CEAFFD] Auto-router pass #34 on board 'a48ddf0d2fe95aaed38c956ed248da21' was completed in 0.70 seconds with the score of 974.39 (2 unrouted), using 874.53 CPU seconds and 46293 MB memory.
2026-09-21 21:58:27.841 INFO   [CD1B44\CEAFFD] Auto-router pass #35 on board 'f56a402e95b13c073206d2185099c645' was completed in 0.38 seconds with the score of 972.01 (3 unrouted), using 916.22 CPU seconds and 47549 MB memory.
2026-09-21 21:58:28.458 INFO   [CD1B44\CEAFFD] Restoring an earlier board that has the score of 974.39 (2 unrouted).
2026-09-21 21:58:28.458 INFO   [CD1B44\CEAFFD] Auto-router pass #36 on board '934e797d542bdf658123144a56eff518' was completed in 0.60 seconds with the score of 969.68 (4 unrouted), using 916.22 CPU seconds and 47549 MB memory.
2026-09-21 21:58:28.656 INFO   [CD1B44\CEAFFD] Auto-router pass #37 on board 'f56a402e95b13c073206d2185099c645' was completed in 0.19 seconds with the score of 967.14 (5 unrouted), using 958.90 CPU seconds and 48664 MB memory.
2026-09-21 21:58:29.035 INFO   [CD1B44\CEAFFD] Auto-router pass #38 on board 'abfc451ee2166337a1a82dff0050251a' was completed in 0.37 seconds with the score of 972.45 (3 unrouted), using 958.90 CPU seconds and 48664 MB memory.
2026-09-21 21:58:29.797 INFO   [CD1B44\CEAFFD] Auto-router pass #39 on board 'bb17eeed10076e2b23620393daea2b63' was completed in 0.75 seconds with the score of 968.19 (5 unrouted), using 1002.53 CPU seconds and 49911 MB memory.
2026-09-21 21:58:31.142 INFO   [CD1B44\CEAFFD] Restoring an earlier board that has the score of 974.39 (2 unrouted).
2026-09-21 21:58:31.143 INFO   [CD1B44\CEAFFD] Auto-router pass #40 on board 'f863cc4c5643f8bf90407fb066a43127' was completed in 1.33 seconds with the score of 969.75 (4 unrouted), using 1047.15 CPU seconds and 50962 MB memory.
2026-09-21 21:58:31.341 INFO   [CD1B44\CEAFFD] Auto-router pass #41 on board 'f56a402e95b13c073206d2185099c645' was completed in 0.19 seconds with the score of 964.62 (6 unrouted), using 1047.15 CPU seconds and 50962 MB memory.
2026-09-21 21:58:31.734 INFO   [CD1B44\CEAFFD] Auto-router pass #42 on board 'e9f59db7933cceed2ee400b09b7b3c6e' was completed in 0.38 seconds with the score of 972.32 (3 unrouted), using 1092.75 CPU seconds and 52054 MB memory.
2026-09-21 21:58:32.091 INFO   [CD1B44\CEAFFD] Auto-router pass #43 on board '382f5d12ff161c33b244ee86f30423e0' was completed in 0.34 seconds with the score of 974.52 (2 unrouted), using 1092.75 CPU seconds and 52054 MB memory.
2026-09-21 21:58:33.029 INFO   [CD1B44\CEAFFD] Restoring an earlier board that has the score of 974.52 (2 unrouted).
2026-09-21 21:58:33.029 INFO   [CD1B44\CEAFFD] Auto-router pass #44 on board 'fedc3f8fbddba1e7f89c7d3b4a91b166' was completed in 0.93 seconds with the score of 972.02 (3 unrouted), using 1139.31 CPU seconds and 53226 MB memory.
2026-09-21 21:58:33.261 INFO   [CD1B44\CEAFFD] Auto-router pass #45 on board 'fedc3f8fbddba1e7f89c7d3b4a91b166' was completed in 0.23 seconds with the score of 972.46 (3 unrouted), using 1139.31 CPU seconds and 53226 MB memory.
2026-09-21 21:58:34.049 INFO   [CD1B44\CEAFFD] Auto-router pass #46 on board '78064c5b4d63c19fc0a298d8769fe528' was completed in 0.77 seconds with the score of 962.04 (7 unrouted), using 1186.86 CPU seconds and 54326 MB memory.
2026-09-21 21:58:35.240 INFO   [CD1B44\CEAFFD] Auto-router pass #47 on board '951fc3d1d5b2a07dc4a7bd8bba72f3e1' was completed in 1.18 seconds with the score of 974.20 (2 unrouted), using 1235.38 CPU seconds and 55604 MB memory.
2026-09-21 21:58:36.051 INFO   [CD1B44\CEAFFD] Restoring an earlier board that has the score of 974.52 (2 unrouted).
2026-09-21 21:58:36.051 INFO   [CD1B44\CEAFFD] Auto-router pass #48 on board '6eb60c82f180a9c2b70f67514cfedd29' was completed in 0.80 seconds with the score of 972.55 (3 unrouted), using 1284.87 CPU seconds and 56824 MB memory.
2026-09-21 21:58:36.288 INFO   [CD1B44\CEAFFD] Auto-router pass #49 on board 'fedc3f8fbddba1e7f89c7d3b4a91b166' was completed in 0.23 seconds with the score of 972.46 (3 unrouted), using 1284.87 CPU seconds and 56824 MB memory.
2026-09-21 21:58:37.128 INFO   [CD1B44\CEAFFD] Auto-router pass #50 on board '44870e6d658cf53d16605544ec0a264c' was completed in 0.83 seconds with the score of 965.53 (6 unrouted), using 1335.32 CPU seconds and 57912 MB memory.
2026-09-21 21:58:37.586 INFO   [CD1B44\CEAFFD] Auto-router pass #51 on board '8b9e97147c8dd7dc63acbb2c42b376c4' was completed in 0.45 seconds with the score of 969.84 (4 unrouted), using 1386.75 CPU seconds and 59151 MB memory.
2026-09-21 21:58:39.426 INFO   [CD1B44\CEAFFD] Restoring an earlier board that has the score of 974.52 (2 unrouted).
2026-09-21 21:58:39.427 INFO   [CD1B44\CEAFFD] Auto-router pass #52 on board '997e588c601e27ff4a2834abf0585975' was completed in 1.83 seconds with the score of 959.83 (8 unrouted), using 1439.15 CPU seconds and 60194 MB memory.
2026-09-21 21:58:39.668 INFO   [CD1B44\CEAFFD] Auto-router pass #53 on board 'fedc3f8fbddba1e7f89c7d3b4a91b166' was completed in 0.24 seconds with the score of 972.46 (3 unrouted), using 1492.51 CPU seconds and 61252 MB memory.
2026-09-21 21:58:40.157 INFO   [CD1B44\CEAFFD] Auto-router pass #54 on board '094c657fc1bba944f01ad936b17c13e2' was completed in 0.48 seconds with the score of 970.07 (4 unrouted), using 1492.51 CPU seconds and 61252 MB memory.
2026-09-21 21:58:40.477 INFO   [CD1B44\CEAFFD] Auto-router pass #55 on board 'fed390c6f8f0ea62d3be7528bf1c72a6' was completed in 0.31 seconds with the score of 971.00 (4 unrouted), using 1492.51 CPU seconds and 61252 MB memory.
2026-09-21 21:58:42.486 INFO   [CD1B44\CEAFFD] Restoring an earlier board that has the score of 974.52 (2 unrouted).
2026-09-21 21:58:42.487 INFO   [CD1B44\CEAFFD] Auto-router pass #56 on board '6764d342ce4aad85efc4be3e51b96381' was completed in 2.00 seconds with the score of 958.66 (9 unrouted), using 1602.19 CPU seconds and 63504 MB memory.
2026-09-21 21:58:42.725 INFO   [CD1B44\CEAFFD] Auto-router pass #57 on board 'fedc3f8fbddba1e7f89c7d3b4a91b166' was completed in 0.23 seconds with the score of 972.46 (3 unrouted), using 1658.50 CPU seconds and 64534 MB memory.
2026-09-21 21:58:43.491 INFO   [CD1B44\CEAFFD] Auto-router pass #58 on board '44870e6d658cf53d16605544ec0a264c' was completed in 0.76 seconds with the score of 964.95 (6 unrouted), using 1658.50 CPU seconds and 64534 MB memory.
2026-09-21 21:58:43.917 INFO   [CD1B44\CEAFFD] Auto-router pass #59 on board '7aa3c5fd95e558b3aaaba99dabb6cb5e' was completed in 0.41 seconds with the score of 975.94 (2 unrouted), using 1715.77 CPU seconds and 65791 MB memory.
2026-09-21 21:58:44.570 INFO   [CD1B44\CEAFFD] Restoring an earlier board that has the score of 975.94 (2 unrouted).
2026-09-21 21:58:44.570 INFO   [CD1B44\CEAFFD] Auto-router pass #60 on board 'a00c90554c796bd1e02ec7c3c1d9efe4' was completed in 0.64 seconds with the score of 970.98 (4 unrouted), using 1715.77 CPU seconds and 65791 MB memory.
2026-09-21 21:58:44.883 INFO   [CD1B44\CEAFFD] Auto-router pass #61 on board 'a00c90554c796bd1e02ec7c3c1d9efe4' was completed in 0.31 seconds with the score of 970.60 (4 unrouted), using 1774.03 CPU seconds and 66930 MB memory.
2026-09-21 21:58:45.832 INFO   [CD1B44\CEAFFD] Auto-router pass #62 on board '0b1d1ba441c0da93449cf90c10c7d6a7' was completed in 0.94 seconds with the score of 972.03 (3 unrouted), using 1833.27 CPU seconds and 68199 MB memory.
2026-09-21 21:58:46.541 INFO   [CD1B44\CEAFFD] Auto-router pass #63 on board 'e000e0d9303bac7bac80924831cae08d' was completed in 0.70 seconds with the score of 967.47 (5 unrouted), using 1833.27 CPU seconds and 68199 MB memory.
2026-09-21 21:58:48.775 INFO   [CD1B44\CEAFFD] Restoring an earlier board that has the score of 975.94 (2 unrouted).
2026-09-21 21:58:48.775 INFO   [CD1B44\CEAFFD] Auto-router pass #64 on board 'b1312e16b0375620aaa5931d05fc9e52' was completed in 2.22 seconds with the score of 974.36 (2 unrouted), using 2016.84 CPU seconds and 71529 MB memory.
2026-09-21 21:58:49.085 INFO   [CD1B44\CEAFFD] Auto-router pass #65 on board 'a00c90554c796bd1e02ec7c3c1d9efe4' was completed in 0.30 seconds with the score of 970.60 (4 unrouted), using 2016.84 CPU seconds and 71529 MB memory.
2026-09-21 21:58:49.802 INFO   [CD1B44\CEAFFD] Auto-router pass #66 on board 'b365cd92eefc3ca0bf14132967ba3246' was completed in 0.70 seconds with the score of 964.80 (6 unrouted), using 2079.99 CPU seconds and 72788 MB memory.
2026-09-21 21:58:50.789 INFO   [CD1B44\CEAFFD] Auto-router pass #67 on board '9bc0a2ecf66f589ad40abeb695b47375' was completed in 0.98 seconds with the score of 965.28 (6 unrouted), using 2144.11 CPU seconds and 74047 MB memory.
2026-09-21 21:58:52.592 INFO   [CD1B44\CEAFFD] Restoring an earlier board that has the score of 975.94 (2 unrouted).
2026-09-21 21:58:52.593 INFO   [CD1B44\CEAFFD] Auto-router pass #68 on board '09294cb187ecb9df28a2b1dafa812ac8' was completed in 1.79 seconds with the score of 964.15 (6 unrouted), using 2209.21 CPU seconds and 75112 MB memory.
2026-09-21 21:58:53.007 INFO   [CD1B44\CEAFFD] Auto-router pass #69 on board 'a00c90554c796bd1e02ec7c3c1d9efe4' was completed in 0.41 seconds with the score of 959.45 (9 unrouted), using 2275.29 CPU seconds and 76194 MB memory.
2026-09-21 21:58:53.728 INFO   [CD1B44\CEAFFD] Auto-router pass #70 on board '8776956ee8cb5d25e46234a1705ba466' was completed in 0.71 seconds with the score of 965.59 (6 unrouted), using 2342.35 CPU seconds and 77449 MB memory.
2026-09-21 21:58:55.050 INFO   [CD1B44\CEAFFD] Auto-router pass #71 on board 'dfd658cd3794659905b3c020774201a7' was completed in 1.31 seconds with the score of 969.41 (4 unrouted), using 2410.38 CPU seconds and 78750 MB memory.
2026-09-21 21:58:56.568 INFO   [CD1B44\CEAFFD] Restoring an earlier board that has the score of 975.94 (2 unrouted).
2026-09-21 21:58:56.569 INFO   [CD1B44\CEAFFD] Auto-router pass #72 on board '653cf3dd20f5d61de30ac54641a04bc0' was completed in 1.51 seconds with the score of 966.58 (5 unrouted), using 2479.39 CPU seconds and 79860 MB memory.
2026-09-21 21:58:56.989 INFO   [CD1B44\CEAFFD] Auto-router pass #73 on board 'a00c90554c796bd1e02ec7c3c1d9efe4' was completed in 0.41 seconds with the score of 959.45 (9 unrouted), using 2549.38 CPU seconds and 80915 MB memory.
2026-09-21 21:58:58.086 INFO   [CD1B44\CEAFFD] Auto-router pass #74 on board 'a1a1b69faa8679137e3b94671bd85b07' was completed in 1.08 seconds with the score of 967.95 (5 unrouted), using 2620.33 CPU seconds and 82209 MB memory.
2026-09-21 21:58:58.832 INFO   [CD1B44\CEAFFD] Auto-router pass #75 on board '2009bef1e06af77c9af8611c2b29fcc6' was completed in 0.73 seconds with the score of 959.52 (9 unrouted), using 2692.28 CPU seconds and 83475 MB memory.
2026-09-21 21:59:01.443 INFO   [CD1B44\CEAFFD] Restoring an earlier board that has the score of 974.39 (2 unrouted).
2026-09-21 21:59:01.443 INFO   [CD1B44\CEAFFD] Auto-router pass #76 on board '248ae2d1681ac750d8305d0d23f0f752' was completed in 2.60 seconds with the score of 960.69 (8 unrouted), using 2839.10 CPU seconds and 85582 MB memory.
2026-09-21 21:59:01.808 INFO   [CD1B44\CEAFFD] Auto-router pass #77 on board 'f56a402e95b13c073206d2185099c645' was completed in 0.36 seconds with the score of 972.01 (3 unrouted), using 2913.98 CPU seconds and 86692 MB memory.
2026-09-21 21:59:02.042 INFO   [CD1B44\CEAFFD] Auto-router pass #78 on board '9e81fd4e8282375a9a2b79d711a3e4fe' was completed in 0.22 seconds with the score of 970.35 (4 unrouted), using 2913.98 CPU seconds and 86692 MB memory.
2026-09-21 21:59:03.119 INFO   [CD1B44\CEAFFD] Auto-router pass #79 on board 'fb08ec8c8c0cc01d1bae65d336c35af4' was completed in 1.06 seconds with the score of 972.82 (3 unrouted), using 2989.84 CPU seconds and 87984 MB memory.
2026-09-21 21:59:03.801 INFO   [CD1B44\CEAFFD] Restoring an earlier board that has the score of 974.39 (2 unrouted).
2026-09-21 21:59:03.801 INFO   [CD1B44\CEAFFD] Auto-router pass #80 on board 'eff41c6f9b431e411b64a9c59b837d4e' was completed in 0.67 seconds with the score of 973.31 (3 unrouted), using 3066.66 CPU seconds and 89103 MB memory.
2026-09-21 21:59:04.180 INFO   [CD1B44\CEAFFD] Auto-router pass #81 on board 'f56a402e95b13c073206d2185099c645' was completed in 0.37 seconds with the score of 972.01 (3 unrouted), using 3066.66 CPU seconds and 89103 MB memory.
2026-09-21 21:59:04.410 INFO   [CD1B44\CEAFFD] Auto-router pass #82 on board '2cc91791aae1bb29f86b1d385f62e0a9' was completed in 0.22 seconds with the score of 969.97 (4 unrouted), using 3066.66 CPU seconds and 89103 MB memory.
2026-09-21 21:59:05.616 INFO   [CD1B44\CEAFFD] Auto-router pass #83 on board '174f2aa04bbab3ca96e7a1caf03e91d5' was completed in 1.19 seconds with the score of 971.67 (3 unrouted), using 3144.46 CPU seconds and 90349 MB memory.
2026-09-21 21:59:05.984 INFO   [CD1B44\CEAFFD] Restoring an earlier board that has the score of 974.20 (2 unrouted).
2026-09-21 21:59:05.984 INFO   [CD1B44\CEAFFD] Auto-router pass #84 on board '217756e17560a8eabb24427f8ddbea69' was completed in 0.36 seconds with the score of 964.71 (6 unrouted), using 3223.22 CPU seconds and 91589 MB memory.
2026-09-21 21:59:06.136 INFO   [CD1B44\CEAFFD] Auto-router pass #85 on board '6eb60c82f180a9c2b70f67514cfedd29' was completed in 0.15 seconds with the score of 970.33 (4 unrouted), using 3223.22 CPU seconds and 91589 MB memory.
2026-09-21 21:59:06.423 INFO   [CD1B44\CEAFFD] Auto-router pass #86 on board '67bfb447502348f9f5f54ad2d7f07d22' was completed in 0.28 seconds with the score of 967.88 (5 unrouted), using 3223.22 CPU seconds and 91589 MB memory.
2026-09-21 21:59:07.117 INFO   [CD1B44\CEAFFD] Auto-router pass #87 on board '8beca917029a220ca394e75fad87a967' was completed in 0.68 seconds with the score of 973.58 (3 unrouted), using 3302.96 CPU seconds and 92826 MB memory.
2026-09-21 21:59:08.243 INFO   [CD1B44\CEAFFD] Restoring an earlier board that has the score of 974.20 (2 unrouted).
2026-09-21 21:59:08.243 INFO   [CD1B44\CEAFFD] Auto-router pass #88 on board '4fc59d361bee1a469eec3698cbcb7318' was completed in 1.11 seconds with the score of 971.15 (4 unrouted), using 3383.68 CPU seconds and 93958 MB memory.
2026-09-21 21:59:08.616 INFO   [CD1B44\CEAFFD] Auto-router pass #89 on board '6eb60c82f180a9c2b70f67514cfedd29' was completed in 0.37 seconds with the score of 972.63 (3 unrouted), using 3383.68 CPU seconds and 93958 MB memory.
2026-09-21 21:59:08.937 INFO   [CD1B44\CEAFFD] Auto-router pass #90 on board '53a3834b22ddfff478cea1647f52cbf3' was completed in 0.31 seconds with the score of 967.82 (4 unrouted), using 3465.37 CPU seconds and 95192 MB memory.
2026-09-21 21:59:09.213 INFO   [CD1B44\CEAFFD] Auto-router pass #91 on board '52e8eba026fb0ef4c86ac0082e903fcd' was completed in 0.26 seconds with the score of 968.57 (4 unrouted), using 3465.37 CPU seconds and 95192 MB memory.
2026-09-21 21:59:11.403 INFO   [CD1B44\CEAFFD] Restoring an earlier board that has the score of 974.20 (2 unrouted).
2026-09-21 21:59:11.403 INFO   [CD1B44\CEAFFD] Auto-router pass #92 on board '8d1cd3f8fca7613f10bc8fac74903e5b' was completed in 2.18 seconds with the score of 964.23 (6 unrouted), using 3631.67 CPU seconds and 97579 MB memory.
2026-09-21 21:59:11.777 INFO   [CD1B44\CEAFFD] Auto-router pass #93 on board '6eb60c82f180a9c2b70f67514cfedd29' was completed in 0.37 seconds with the score of 972.48 (3 unrouted), using 3631.67 CPU seconds and 97579 MB memory.
2026-09-21 21:59:12.257 INFO   [CD1B44\CEAFFD] Auto-router pass #94 on board 'd5ee31d8d4a6eca5898ac9bad32bf4b2' was completed in 0.47 seconds with the score of 965.89 (6 unrouted), using 3716.28 CPU seconds and 98822 MB memory.
2026-09-21 21:59:13.378 INFO   [CD1B44\CEAFFD] Auto-router pass #95 on board 'dab8ba7f469870ed93470c3ad62a6324' was completed in 1.11 seconds with the score of 969.03 (5 unrouted), using 3801.86 CPU seconds and 100089 MB memory.
2026-09-21 21:59:14.535 INFO   [CD1B44\CEAFFD] Restoring an earlier board that has the score of 974.20 (2 unrouted).
2026-09-21 21:59:14.536 INFO   [CD1B44\CEAFFD] Auto-router pass #96 on board '822e543d18d464db1632f8061849887a' was completed in 1.15 seconds with the score of 966.62 (5 unrouted), using 3888.43 CPU seconds and 101352 MB memory.
2026-09-21 21:59:14.688 INFO   [CD1B44\CEAFFD] Auto-router pass #97 on board '6eb60c82f180a9c2b70f67514cfedd29' was completed in 0.15 seconds with the score of 970.33 (4 unrouted), using 3888.43 CPU seconds and 101352 MB memory.
2026-09-21 21:59:15.092 INFO   [CD1B44\CEAFFD] Auto-router pass #98 on board '67bfb447502348f9f5f54ad2d7f07d22' was completed in 0.40 seconds with the score of 967.88 (5 unrouted), using 3975.97 CPU seconds and 102603 MB memory.
2026-09-21 21:59:15.547 INFO   [CD1B44\CEAFFD] Auto-router pass #99 on board '22f59c3e7a6eceed8d2738befa158ea2' was completed in 0.44 seconds with the score of 971.73 (4 unrouted), using 3975.97 CPU seconds and 102603 MB memory.
2026-09-21 21:59:17.533 INFO   [CD1B44\CEAFFD] Restoring an earlier board that has the score of 973.58 (3 unrouted).
2026-09-21 21:59:17.534 INFO   [CD1B44\CEAFFD] Auto-router pass #100 on board '87218c68342135cae7a6c28fdc2f60cf' was completed in 1.98 seconds with the score of 975.38 (2 unrouted), using 4153.97 CPU seconds and 105007 MB memory.
2026-09-21 21:59:18.051 INFO   [CD1B44\CEAFFD] Auto-router pass #101 on board '4fc59d361bee1a469eec3698cbcb7318' was completed in 0.51 seconds with the score of 964.90 (7 unrouted), using 4244.43 CPU seconds and 106215 MB memory.
2026-09-21 21:59:18.273 WARN   border_intersections: intersection_count (2) is too big!
2026-09-21 21:59:19.006 INFO   [CD1B44\CEAFFD] Auto-router pass #102 on board 'b85bc984f55ca1ca2f975c07dce13ef9' was completed in 0.94 seconds with the score of 966.35 (6 unrouted), using 4335.87 CPU seconds and 107575 MB memory.
2026-09-21 21:59:19.664 INFO   [CD1B44\CEAFFD] Auto-router pass #103 on board '979e8a6c3bf71ab81a19b069185496d9' was completed in 0.65 seconds with the score of 961.00 (8 unrouted), using 4335.87 CPU seconds and 107575 MB memory.
2026-09-21 21:59:22.602 INFO   [CD1B44\CEAFFD] Restoring an earlier board that has the score of 973.58 (3 unrouted).
2026-09-21 21:59:22.602 INFO   [CD1B44\CEAFFD] Auto-router pass #104 on board 'f4eec4795d802918e00dbc4668de2a91' was completed in 2.93 seconds with the score of 960.65 (8 unrouted), using 4616.06 CPU seconds and 111353 MB memory.
2026-09-21 21:59:23.258 INFO   [CD1B44\CEAFFD] Auto-router pass #105 on board '4fc59d361bee1a469eec3698cbcb7318' was completed in 0.65 seconds with the score of 970.67 (4 unrouted), using 4711.42 CPU seconds and 112624 MB memory.
2026-09-21 21:59:24.552 INFO   [CD1B44\CEAFFD] Auto-router pass #106 on board '13589f9502c947649681e131e5dc9394' was completed in 1.28 seconds with the score of 963.16 (7 unrouted), using 4807.75 CPU seconds and 113979 MB memory.
2026-09-21 21:59:26.218 INFO   [CD1B44\CEAFFD] Auto-router pass #107 on board '473234971b8ebef570b9066493052b28' was completed in 1.65 seconds with the score of 967.73 (5 unrouted), using 5003.19 CPU seconds and 116679 MB memory.
2026-09-21 21:59:27.706 INFO   [CD1B44\CEAFFD] Restoring an earlier board that has the score of 973.58 (3 unrouted).
2026-09-21 21:59:27.706 INFO   [CD1B44\CEAFFD] Auto-router pass #108 on board '9467bf706ad867b3519bd6bd34115bf9' was completed in 1.48 seconds with the score of 956.44 (9 unrouted), using 5102.39 CPU seconds and 117976 MB memory.
2026-09-21 21:59:28.234 INFO   [CD1B44\CEAFFD] Auto-router pass #109 on board '4fc59d361bee1a469eec3698cbcb7318' was completed in 0.52 seconds with the score of 964.90 (7 unrouted), using 5202.56 CPU seconds and 119228 MB memory.
2026-09-21 21:59:29.331 INFO   [CD1B44\CEAFFD] Auto-router pass #110 on board '8e74913796c5866697c66225666d484c' was completed in 1.08 seconds with the score of 978.42 (1 unrouted), using 5303.70 CPU seconds and 120611 MB memory.
2026-09-21 21:59:29.416 INFO   [CD1B44\CEAFFD] Auto-router pass #111 on board '4f556c0283bc93e3bbdff2a8e224bcd0' was completed in 0.07 seconds with the score of 978.42 (1 unrouted), using 5303.70 CPU seconds and 120611 MB memory.
2026-09-21 21:59:29.623 INFO   [CD1B44\CEAFFD] Restoring an earlier board that has the score of 978.42 (1 unrouted).
2026-09-21 21:59:29.623 INFO   [CD1B44\CEAFFD] Auto-router pass #112 on board '4f556c0283bc93e3bbdff2a8e224bcd0' was completed in 0.20 seconds with the score of 978.42 (1 unrouted), using 5303.70 CPU seconds and 120611 MB memory.
2026-09-21 21:59:29.704 INFO   [CD1B44\CEAFFD] Auto-router pass #113 on board '4f556c0283bc93e3bbdff2a8e224bcd0' was completed in 0.08 seconds with the score of 978.42 (1 unrouted), using 5303.70 CPU seconds and 120611 MB memory.
2026-09-21 21:59:29.782 INFO   [CD1B44\CEAFFD] Auto-router pass #114 on board '4f556c0283bc93e3bbdff2a8e224bcd0' was completed in 0.07 seconds with the score of 978.42 (1 unrouted), using 5303.70 CPU seconds and 120611 MB memory.
2026-09-21 21:59:29.861 INFO   [CD1B44\CEAFFD] Auto-router pass #115 on board '4f556c0283bc93e3bbdff2a8e224bcd0' was completed in 0.07 seconds with the score of 978.42 (1 unrouted), using 5303.70 CPU seconds and 120611 MB memory.
2026-09-21 21:59:30.066 INFO   [CD1B44\CEAFFD] Restoring an earlier board that has the score of 978.42 (1 unrouted).
2026-09-21 21:59:30.066 INFO   [CD1B44\CEAFFD] Auto-router pass #116 on board '4f556c0283bc93e3bbdff2a8e224bcd0' was completed in 0.20 seconds with the score of 978.42 (1 unrouted), using 5405.83 CPU seconds and 121845 MB memory.
2026-09-21 21:59:30.146 INFO   [CD1B44\CEAFFD] Auto-router pass #117 on board '4f556c0283bc93e3bbdff2a8e224bcd0' was completed in 0.07 seconds with the score of 978.42 (1 unrouted), using 5405.83 CPU seconds and 121845 MB memory.
2026-09-21 21:59:30.225 INFO   [CD1B44\CEAFFD] Auto-router pass #118 on board '4f556c0283bc93e3bbdff2a8e224bcd0' was completed in 0.07 seconds with the score of 978.42 (1 unrouted), using 5405.83 CPU seconds and 121845 MB memory.
2026-09-21 21:59:30.302 INFO   [CD1B44\CEAFFD] Auto-router pass #119 on board '4f556c0283bc93e3bbdff2a8e224bcd0' was completed in 0.07 seconds with the score of 978.42 (1 unrouted), using 5405.83 CPU seconds and 121845 MB memory.
2026-09-21 21:59:30.509 INFO   [CD1B44\CEAFFD] Restoring an earlier board that has the score of 978.42 (1 unrouted).
2026-09-21 21:59:30.510 INFO   [CD1B44\CEAFFD] Auto-router pass #120 on board '4f556c0283bc93e3bbdff2a8e224bcd0' was completed in 0.20 seconds with the score of 978.42 (1 unrouted), using 5405.83 CPU seconds and 121845 MB memory.
2026-09-21 21:59:30.590 INFO   [CD1B44\CEAFFD] Auto-router pass #121 on board '4f556c0283bc93e3bbdff2a8e224bcd0' was completed in 0.07 seconds with the score of 978.42 (1 unrouted), using 5405.83 CPU seconds and 121845 MB memory.
2026-09-21 21:59:30.668 INFO   [CD1B44\CEAFFD] Auto-router pass #122 on board '4f556c0283bc93e3bbdff2a8e224bcd0' was completed in 0.07 seconds with the score of 978.42 (1 unrouted), using 5405.83 CPU seconds and 121845 MB memory.
2026-09-21 21:59:30.749 INFO   [CD1B44\CEAFFD] Auto-router pass #123 on board '4f556c0283bc93e3bbdff2a8e224bcd0' was completed in 0.08 seconds with the score of 978.42 (1 unrouted), using 5405.83 CPU seconds and 121845 MB memory.
2026-09-21 21:59:30.960 INFO   [CD1B44\CEAFFD] Restoring an earlier board that has the score of 978.42 (1 unrouted).
2026-09-21 21:59:30.960 INFO   [CD1B44\CEAFFD] Auto-router pass #124 on board '4f556c0283bc93e3bbdff2a8e224bcd0' was completed in 0.21 seconds with the score of 978.42 (1 unrouted), using 5405.83 CPU seconds and 121845 MB memory.
2026-09-21 21:59:31.038 INFO   [CD1B44\CEAFFD] Auto-router pass #125 on board '4f556c0283bc93e3bbdff2a8e224bcd0' was completed in 0.07 seconds with the score of 978.42 (1 unrouted), using 5508.94 CPU seconds and 122950 MB memory.
2026-09-21 21:59:31.116 INFO   [CD1B44\CEAFFD] Auto-router pass #126 on board '4f556c0283bc93e3bbdff2a8e224bcd0' was completed in 0.07 seconds with the score of 978.42 (1 unrouted), using 5508.94 CPU seconds and 122950 MB memory.
2026-09-21 21:59:31.193 INFO   [CD1B44\CEAFFD] Auto-router pass #127 on board '4f556c0283bc93e3bbdff2a8e224bcd0' was completed in 0.07 seconds with the score of 978.42 (1 unrouted), using 5508.94 CPU seconds and 122950 MB memory.
2026-09-21 21:59:31.396 INFO   [CD1B44\CEAFFD] Restoring an earlier board that has the score of 973.58 (3 unrouted).
2026-09-21 21:59:31.397 INFO   [CD1B44\CEAFFD] Auto-router pass #128 on board '4f556c0283bc93e3bbdff2a8e224bcd0' was completed in 0.20 seconds with the score of 978.42 (1 unrouted), using 5508.94 CPU seconds and 122950 MB memory.
2026-09-21 21:59:32.049 INFO   [CD1B44\CEAFFD] Auto-router pass #129 on board '4fc59d361bee1a469eec3698cbcb7318' was completed in 0.65 seconds with the score of 971.44 (4 unrouted), using 5613.03 CPU seconds and 124178 MB memory.
2026-09-21 21:59:33.023 INFO   [CD1B44\CEAFFD] Auto-router pass #130 on board '1c9b4f7a3aa6263b35f49b1be7b46782' was completed in 0.96 seconds with the score of 958.01 (9 unrouted), using 5718.10 CPU seconds and 125573 MB memory.
2026-09-21 21:59:33.953 INFO   [CD1B44\CEAFFD] Auto-router pass #131 on board '9fc6ba4ec4f436c38f948d9c4297d103' was completed in 0.92 seconds with the score of 961.66 (8 unrouted), using 5718.10 CPU seconds and 125573 MB memory.
2026-09-21 21:59:36.709 INFO   [CD1B44\CEAFFD] Restoring an earlier board that has the score of 972.82 (3 unrouted).
2026-09-21 21:59:36.709 INFO   [CD1B44\CEAFFD] Auto-router pass #132 on board '17ad72d300fea06a36769601c80f93b1' was completed in 2.74 seconds with the score of 966.91 (6 unrouted), using 6039.21 CPU seconds and 129452 MB memory.
2026-09-21 21:59:36.884 INFO   [CD1B44\CEAFFD] Auto-router pass #133 on board 'eff41c6f9b431e411b64a9c59b837d4e' was completed in 0.17 seconds with the score of 967.70 (5 unrouted), using 6039.21 CPU seconds and 129452 MB memory.
2026-09-21 21:59:37.285 INFO   [CD1B44\CEAFFD] Auto-router pass #134 on board '998d3e6416233f0c6e032a70d7578f51' was completed in 0.39 seconds with the score of 972.73 (3 unrouted), using 6148.20 CPU seconds and 130751 MB memory.
2026-09-21 21:59:37.533 INFO   [CD1B44\CEAFFD] Auto-router pass #135 on board '884b3dfe1420ab6e31835c08b0727dc6' was completed in 0.23 seconds with the score of 964.70 (6 unrouted), using 6148.20 CPU seconds and 130751 MB memory.
2026-09-21 21:59:39.160 INFO   [CD1B44\CEAFFD] Restoring an earlier board that has the score of 972.82 (3 unrouted).
2026-09-21 21:59:39.160 INFO   [CD1B44\CEAFFD] Auto-router pass #136 on board '762c4f991fd0f48b31a55691a28f2c68' was completed in 1.62 seconds with the score of 966.96 (5 unrouted), using 6369.11 CPU seconds and 133211 MB memory.
2026-09-21 21:59:39.482 INFO   [CD1B44\CEAFFD] Auto-router pass #137 on board 'eff41c6f9b431e411b64a9c59b837d4e' was completed in 0.32 seconds with the score of 970.97 (4 unrouted), using 6369.11 CPU seconds and 133211 MB memory.
2026-09-21 21:59:39.719 INFO   [CD1B44\CEAFFD] Auto-router pass #138 on board 'cbfd71f9e4996ea8ffd4b350e95f6637' was completed in 0.22 seconds with the score of 969.85 (4 unrouted), using 6369.11 CPU seconds and 133211 MB memory.
2026-09-21 21:59:40.183 INFO   [CD1B44\CEAFFD] Auto-router pass #139 on board 'efc9c9235fe4a83b5a57db782289a992' was completed in 0.45 seconds with the score of 969.41 (4 unrouted), using 6481.03 CPU seconds and 134570 MB memory.
2026-09-21 21:59:42.120 INFO   [CD1B44\CEAFFD] Restoring an earlier board that has the score of 972.82 (3 unrouted).
2026-09-21 21:59:42.120 INFO   [CD1B44\CEAFFD] Auto-router pass #140 on board 'ce759d52be7b9ee1e269fb3276a262dd' was completed in 1.92 seconds with the score of 962.79 (7 unrouted), using 6707.77 CPU seconds and 136955 MB memory.
2026-09-21 21:59:42.461 INFO   [CD1B44\CEAFFD] Auto-router pass #141 on board 'eff41c6f9b431e411b64a9c59b837d4e' was completed in 0.34 seconds with the score of 968.80 (5 unrouted), using 6707.77 CPU seconds and 136955 MB memory.
2026-09-21 21:59:42.770 INFO   [CD1B44\CEAFFD] Auto-router pass #142 on board 'fea75e93cd016379870ae49b1539ec1b' was completed in 0.30 seconds with the score of 964.40 (6 unrouted), using 6707.77 CPU seconds and 136955 MB memory.
2026-09-21 21:59:43.710 INFO   [CD1B44\CEAFFD] Auto-router pass #143 on board '7922912832dfea5e6c5ab0b55146b317' was completed in 0.93 seconds with the score of 962.87 (7 unrouted), using 6822.60 CPU seconds and 138354 MB memory.
2026-09-21 21:59:45.485 INFO   [CD1B44\CEAFFD] Restoring an earlier board that has the score of 972.82 (3 unrouted).
2026-09-21 21:59:45.485 INFO   [CD1B44\CEAFFD] Auto-router pass #144 on board '6790faff6e6e2ad9948fc958ea3ab905' was completed in 1.76 seconds with the score of 968.59 (5 unrouted), using 7055.20 CPU seconds and 140905 MB memory.
2026-09-21 21:59:45.711 INFO   [CD1B44\CEAFFD] Auto-router pass #145 on board 'eff41c6f9b431e411b64a9c59b837d4e' was completed in 0.22 seconds with the score of 970.67 (4 unrouted), using 7055.20 CPU seconds and 140905 MB memory.
2026-09-21 21:59:46.036 INFO   [CD1B44\CEAFFD] Auto-router pass #146 on board '388b3e1c0d078d0246802d0ea5ccae86' was completed in 0.31 seconds with the score of 969.56 (4 unrouted), using 7055.20 CPU seconds and 140905 MB memory.
2026-09-21 21:59:46.620 INFO   [CD1B44\CEAFFD] Auto-router pass #147 on board '23226bb0f9e68c984998e3d2f7ef7899' was completed in 0.57 seconds with the score of 970.96 (4 unrouted), using 7172.98 CPU seconds and 142240 MB memory.
2026-09-21 21:59:48.298 INFO   [CD1B44\CEAFFD] Restoring an earlier board that has the score of 972.73 (3 unrouted).
2026-09-21 21:59:48.298 INFO   [CD1B44\CEAFFD] Auto-router pass #148 on board 'c3a76e37c273989839698b7a2028c203' was completed in 1.67 seconds with the score of 970.54 (4 unrouted), using 7411.42 CPU seconds and 144607 MB memory.
2026-09-21 21:59:48.438 INFO   [CD1B44\CEAFFD] Auto-router pass #149 on board '884b3dfe1420ab6e31835c08b0727dc6' was completed in 0.13 seconds with the score of 970.40 (4 unrouted), using 7411.42 CPU seconds and 144607 MB memory.
2026-09-21 21:59:49.078 INFO   [CD1B44\CEAFFD] Auto-router pass #150 on board 'e80ea85afc2ff8689ce1ac2edc3aa611' was completed in 0.63 seconds with the score of 963.90 (7 unrouted), using 7411.42 CPU seconds and 144607 MB memory.
2026-09-21 21:59:49.965 INFO   [CD1B44\CEAFFD] Auto-router pass #151 on board 'bcb02e00b6ed8913177052381d1315b3' was completed in 0.88 seconds with the score of 966.85 (6 unrouted), using 7532.10 CPU seconds and 146001 MB memory.
2026-09-21 21:59:52.314 INFO   [CD1B44\CEAFFD] Restoring an earlier board that has the score of 972.73 (3 unrouted).
2026-09-21 21:59:52.314 INFO   [CD1B44\CEAFFD] Auto-router pass #152 on board '8eda9335f552ee2ba59ec508bcc9ecdd' was completed in 2.34 seconds with the score of 960.42 (8 unrouted), using 7900.02 CPU seconds and 149796 MB memory.
2026-09-21 21:59:52.458 INFO   [CD1B44\CEAFFD] Auto-router pass #153 on board '884b3dfe1420ab6e31835c08b0727dc6' was completed in 0.14 seconds with the score of 970.56 (4 unrouted), using 7900.02 CPU seconds and 149796 MB memory.
2026-09-21 21:59:53.098 INFO   [CD1B44\CEAFFD] Auto-router pass #154 on board '54dfcd7d443e61e32474f2eb2c5a3a9e' was completed in 0.63 seconds with the score of 969.99 (4 unrouted), using 7900.02 CPU seconds and 149796 MB memory.
2026-09-21 21:59:53.965 INFO   [CD1B44\CEAFFD] Auto-router pass #155 on board 'eee85e3d74bbca39ed0383c85beaa457' was completed in 0.85 seconds with the score of 960.45 (8 unrouted), using 8024.62 CPU seconds and 151116 MB memory.
2026-09-21 21:59:57.890 INFO   [CD1B44\CEAFFD] Restoring an earlier board that has the score of 972.73 (3 unrouted).
2026-09-21 21:59:57.890 INFO   [CD1B44\CEAFFD] Auto-router pass #156 on board '9e1218b85053fb59fa1f0b1280dc218f' was completed in 3.92 seconds with the score of 974.87 (2 unrouted), using 8532.78 CPU seconds and 155996 MB memory.
2026-09-21 21:59:58.059 INFO   [CD1B44\CEAFFD] Auto-router pass #157 on board '884b3dfe1420ab6e31835c08b0727dc6' was completed in 0.16 seconds with the score of 968.34 (5 unrouted), using 8532.78 CPU seconds and 155996 MB memory.
2026-09-21 21:59:58.718 INFO   [CD1B44\CEAFFD] Auto-router pass #158 on board '98e50b4a7ca45a3b36f40878589eddf9' was completed in 0.65 seconds with the score of 967.32 (6 unrouted), using 8662.25 CPU seconds and 157253 MB memory.
2026-09-21 21:59:59.344 INFO   [CD1B44\CEAFFD] Auto-router pass #159 on board 'cfa353ada9444557e9662e81df1aaee6' was completed in 0.61 seconds with the score of 969.31 (5 unrouted), using 8792.69 CPU seconds and 158657 MB memory.
2026-09-21 22:00:00.492 INFO   [CD1B44\CEAFFD] Restoring an earlier board that has the score of 972.73 (3 unrouted).
2026-09-21 22:00:00.492 INFO   [CD1B44\CEAFFD] Auto-router pass #160 on board '0c61d447d3149a7b85a947b7b852f0ee' was completed in 1.14 seconds with the score of 957.39 (10 unrouted), using 8924.11 CPU seconds and 159915 MB memory.
2026-09-21 22:00:00.641 INFO   [CD1B44\CEAFFD] Auto-router pass #161 on board '884b3dfe1420ab6e31835c08b0727dc6' was completed in 0.14 seconds with the score of 970.40 (4 unrouted), using 8924.11 CPU seconds and 159915 MB memory.
2026-09-21 22:00:01.292 INFO   [CD1B44\CEAFFD] Auto-router pass #162 on board '8afcfd322b8cd19bedad6f0b60a866e7' was completed in 0.64 seconds with the score of 973.06 (3 unrouted), using 9056.49 CPU seconds and 161230 MB memory.
2026-09-21 22:00:01.522 INFO   [CD1B44\CEAFFD] Auto-router pass #163 on board '228765e70f6953c91d9402c064a9c6e9' was completed in 0.22 seconds with the score of 972.05 (3 unrouted), using 9056.49 CPU seconds and 161230 MB memory.
2026-09-21 22:00:02.599 INFO   [CD1B44\CEAFFD] Restoring an earlier board that has the score of 973.06 (3 unrouted).
2026-09-21 22:00:02.599 INFO   [CD1B44\CEAFFD] Auto-router pass #164 on board '22284e45b242f8a01db24d078584d54b' was completed in 1.06 seconds with the score of 964.26 (7 unrouted), using 9189.85 CPU seconds and 162451 MB memory.
2026-09-21 22:00:02.791 INFO   [CD1B44\CEAFFD] Auto-router pass #165 on board '228765e70f6953c91d9402c064a9c6e9' was completed in 0.19 seconds with the score of 972.83 (3 unrouted), using 9189.85 CPU seconds and 162451 MB memory.
2026-09-21 22:00:03.491 INFO   [CD1B44\CEAFFD] Auto-router pass #166 on board '581d72a0a021fd077ad855d33b86b46d' was completed in 0.69 seconds with the score of 970.75 (4 unrouted), using 9324.18 CPU seconds and 163741 MB memory.
2026-09-21 22:00:04.211 INFO   [CD1B44\CEAFFD] Auto-router pass #167 on board '637774b196f5bb0d220cf77c9a49233a' was completed in 0.71 seconds with the score of 970.82 (4 unrouted), using 9324.18 CPU seconds and 163741 MB memory.
2026-09-21 22:00:05.407 INFO   [CD1B44\CEAFFD] Restoring an earlier board that has the score of 973.06 (3 unrouted).
2026-09-21 22:00:05.407 INFO   [CD1B44\CEAFFD] Auto-router pass #168 on board '0f5a85207b9c8a7a5aa8ad669ee01522' was completed in 1.18 seconds with the score of 970.56 (4 unrouted), using 9595.74 CPU seconds and 166345 MB memory.
2026-09-21 22:00:05.630 INFO   [CD1B44\CEAFFD] Auto-router pass #169 on board '228765e70f6953c91d9402c064a9c6e9' was completed in 0.22 seconds with the score of 972.22 (3 unrouted), using 9595.74 CPU seconds and 166345 MB memory.
2026-09-21 22:00:06.085 INFO   [CD1B44\CEAFFD] Auto-router pass #170 on board '2f0c3d5ad66ab47ad373276040328124' was completed in 0.44 seconds with the score of 957.79 (9 unrouted), using 9595.74 CPU seconds and 166345 MB memory.
2026-09-21 22:00:06.915 INFO   [CD1B44\CEAFFD] Auto-router pass #171 on board '1e969f1571a71fa17b722e8952ffd755' was completed in 0.82 seconds with the score of 966.22 (6 unrouted), using 9732.98 CPU seconds and 167681 MB memory.
2026-09-21 22:00:08.421 INFO   [CD1B44\CEAFFD] Restoring an earlier board that has the score of 973.06 (3 unrouted).
2026-09-21 22:00:08.421 INFO   [CD1B44\CEAFFD] Auto-router pass #172 on board '03121824d84e1d4765178e4d97d97860' was completed in 1.50 seconds with the score of 967.88 (5 unrouted), using 10010.41 CPU seconds and 170307 MB memory.
2026-09-21 22:00:08.601 INFO   [CD1B44\CEAFFD] Auto-router pass #173 on board '228765e70f6953c91d9402c064a9c6e9' was completed in 0.17 seconds with the score of 972.83 (3 unrouted), using 10010.41 CPU seconds and 170307 MB memory.
2026-09-21 22:00:09.299 INFO   [CD1B44\CEAFFD] Auto-router pass #174 on board '481a5663bb05bfdb62601274d3f3d312' was completed in 0.68 seconds with the score of 970.75 (4 unrouted), using 10010.41 CPU seconds and 170307 MB memory.
2026-09-21 22:00:10.234 INFO   [CD1B44\CEAFFD] Auto-router pass #175 on board 'aa101778ef0718a1ee12f55a0fae61b3' was completed in 0.92 seconds with the score of 957.81 (9 unrouted), using 10150.59 CPU seconds and 171660 MB memory.
2026-09-21 22:00:14.054 INFO   [CD1B44\CEAFFD] Restoring an earlier board that has the score of 973.06 (3 unrouted).
2026-09-21 22:00:14.054 INFO   [CD1B44\CEAFFD] Auto-router pass #176 on board '9aeea32239d94ddcf1a611f4d9c1e167' was completed in 3.81 seconds with the score of 961.38 (8 unrouted), using 10721.01 CPU seconds and 176696 MB memory.
2026-09-21 22:00:14.259 INFO   [CD1B44\CEAFFD] Auto-router pass #177 on board '228765e70f6953c91d9402c064a9c6e9' was completed in 0.20 seconds with the score of 969.57 (4 unrouted), using 10721.01 CPU seconds and 176696 MB memory.
2026-09-21 22:00:15.081 INFO   [CD1B44\CEAFFD] Auto-router pass #178 on board 'e76272c77590633409f85e013cebd5a7' was completed in 0.81 seconds with the score of 957.38 (9 unrouted), using 10866.03 CPU seconds and 177931 MB memory.
2026-09-21 22:00:16.440 INFO   [CD1B44\CEAFFD] Auto-router pass #179 on board 'e3c8e0894746cede5b9d4e7e5a3300a1' was completed in 1.35 seconds with the score of 965.20 (6 unrouted), using 11159.00 CPU seconds and 180763 MB memory.
2026-09-21 22:00:18.555 INFO   [CD1B44\CEAFFD] Restoring an earlier board that has the score of 972.83 (3 unrouted).
2026-09-21 22:00:18.555 INFO   [CD1B44\CEAFFD] Auto-router pass #180 on board '0f2c452218738227a2bf6600486a5e6e' was completed in 2.10 seconds with the score of 950.57 (12 unrouted), using 11455.86 CPU seconds and 183194 MB memory.
2026-09-21 22:00:19.299 INFO   [CD1B44\CEAFFD] Auto-router pass #181 on board '581d72a0a021fd077ad855d33b86b46d' was completed in 0.74 seconds with the score of 966.27 (6 unrouted), using 11455.86 CPU seconds and 183194 MB memory.
2026-09-21 22:00:20.056 INFO   [CD1B44\CEAFFD] Auto-router pass #182 on board '9f38b2237cb56a82f791546adecb1aa4' was completed in 0.75 seconds with the score of 956.06 (10 unrouted), using 11605.74 CPU seconds and 184563 MB memory.
2026-09-21 22:00:21.467 INFO   [CD1B44\CEAFFD] Auto-router pass #183 on board '1f9136453e51f0dd3c5053e6535f08a9' was completed in 1.40 seconds with the score of 953.74 (11 unrouted), using 11908.45 CPU seconds and 187451 MB memory.
2026-09-21 22:00:24.463 INFO   [CD1B44\CEAFFD] Restoring an earlier board that has the score of 972.83 (3 unrouted).
2026-09-21 22:00:24.463 INFO   [CD1B44\CEAFFD] Auto-router pass #184 on board 'd2554263c81a2bf107ba94af50b45a34' was completed in 2.98 seconds with the score of 962.99 (8 unrouted), using 12369.83 CPU seconds and 191117 MB memory.
2026-09-21 22:00:25.228 INFO   [CD1B44\CEAFFD] Auto-router pass #185 on board '581d72a0a021fd077ad855d33b86b46d' was completed in 0.76 seconds with the score of 965.65 (6 unrouted), using 12369.83 CPU seconds and 191117 MB memory.
2026-09-21 22:00:25.816 INFO   [CD1B44\CEAFFD] Auto-router pass #186 on board 'f9981d60e27f59e70ac2cc2a6b72fa94' was completed in 0.57 seconds with the score of 956.51 (9 unrouted), using 12525.56 CPU seconds and 192469 MB memory.
2026-09-21 22:00:27.336 INFO   [CD1B44\CEAFFD] Auto-router pass #187 on board '2a200874b5caac6042e5a4316b0c5346' was completed in 1.51 seconds with the score of 972.08 (4 unrouted), using 12682.27 CPU seconds and 193931 MB memory.
2026-09-21 22:00:28.491 INFO   [CD1B44\CEAFFD] Restoring an earlier board that has the score of 972.83 (3 unrouted).
2026-09-21 22:00:28.492 INFO   [CD1B44\CEAFFD] Auto-router pass #188 on board '8b9bc752e33be256f4a0e86dd1315352' was completed in 1.14 seconds with the score of 961.58 (8 unrouted), using 12998.60 CPU seconds and 196570 MB memory.
2026-09-21 22:00:29.182 INFO   [CD1B44\CEAFFD] Auto-router pass #189 on board '581d72a0a021fd077ad855d33b86b46d' was completed in 0.69 seconds with the score of 970.75 (4 unrouted), using 12998.60 CPU seconds and 196570 MB memory.
2026-09-21 22:00:30.109 INFO   [CD1B44\CEAFFD] Auto-router pass #190 on board '838cf72b94d362ea2355f78f383ef2ea' was completed in 0.92 seconds with the score of 963.87 (7 unrouted), using 13158.20 CPU seconds and 197937 MB memory.
2026-09-21 22:00:30.618 INFO   [CD1B44\CEAFFD] Auto-router pass #191 on board 'a22867b73c4f428f3eadd71f3f3a5d77' was completed in 0.50 seconds with the score of 957.17 (9 unrouted), using 13318.79 CPU seconds and 199366 MB memory.
2026-09-21 22:00:33.659 INFO   [CD1B44\CEAFFD] Restoring an earlier board that has the score of 972.83 (3 unrouted).
2026-09-21 22:00:33.660 INFO   [CD1B44\CEAFFD] Auto-router pass #192 on board '466f1ac1ecfa5264dd512a768e545de4' was completed in 3.03 seconds with the score of 966.27 (6 unrouted), using 13806.38 CPU seconds and 203027 MB memory.
2026-09-21 22:00:34.484 INFO   [CD1B44\CEAFFD] Auto-router pass #193 on board '581d72a0a021fd077ad855d33b86b46d' was completed in 0.82 seconds with the score of 965.65 (6 unrouted), using 13970.84 CPU seconds and 204303 MB memory.
2026-09-21 22:00:35.190 INFO   [CD1B44\CEAFFD] Auto-router pass #194 on board 'c661cd282504a6025616aaaeaa7e4a98' was completed in 0.69 seconds with the score of 968.82 (5 unrouted), using 13970.84 CPU seconds and 204303 MB memory.
2026-09-21 22:00:35.959 INFO   [CD1B44\CEAFFD] Auto-router pass #195 on board '94a6fc093af891598a049d2865db9f7d' was completed in 0.76 seconds with the score of 968.27 (5 unrouted), using 14136.28 CPU seconds and 205722 MB memory.
2026-09-21 22:00:37.551 INFO   [CD1B44\CEAFFD] Restoring an earlier board that has the score of 972.83 (3 unrouted).
2026-09-21 22:00:37.551 INFO   [CD1B44\CEAFFD] Auto-router pass #196 on board 'da0335eb7521697ce66f74edb77ba23a' was completed in 1.58 seconds with the score of 965.45 (6 unrouted), using 14470.08 CPU seconds and 208167 MB memory.
2026-09-21 22:00:38.323 INFO   [CD1B44\CEAFFD] Auto-router pass #197 on board '481a5663bb05bfdb62601274d3f3d312' was completed in 0.77 seconds with the score of 965.65 (6 unrouted), using 14470.08 CPU seconds and 208167 MB memory.
2026-09-21 22:00:39.008 INFO   [CD1B44\CEAFFD] Auto-router pass #198 on board '8e1add1011f24f7329b1892f5f04f3ac' was completed in 0.67 seconds with the score of 966.28 (6 unrouted), using 14638.42 CPU seconds and 209530 MB memory.
2026-09-21 22:00:39.783 INFO   [CD1B44\CEAFFD] Auto-router pass #199 on board '2e079912fd4c399e6aec7a2cedbeb41b' was completed in 0.76 seconds with the score of 968.49 (5 unrouted), using 14807.75 CPU seconds and 210943 MB memory.
2026-09-21 22:00:42.113 INFO   [CD1B44\CEAFFD] Restoring an earlier board that has the score of 972.83 (3 unrouted).
2026-09-21 22:00:42.114 INFO   [CD1B44\CEAFFD] Auto-router pass #200 on board '16ab182ab8a0783d7a2fd784005788d7' was completed in 2.32 seconds with the score of 964.03 (7 unrouted), using 15149.33 CPU seconds and 213371 MB memory.
2026-09-21 22:00:42.810 INFO   [CD1B44\CEAFFD] Auto-router pass #201 on board '481a5663bb05bfdb62601274d3f3d312' was completed in 0.69 seconds with the score of 970.75 (4 unrouted), using 15321.57 CPU seconds and 214636 MB memory.
2026-09-21 22:00:43.446 INFO   [CD1B44\CEAFFD] Auto-router pass #202 on board 'c05534b34adcf93c36a608aa82144386' was completed in 0.62 seconds with the score of 970.01 (5 unrouted), using 15321.57 CPU seconds and 214636 MB memory.
2026-09-21 22:00:44.208 INFO   [CD1B44\CEAFFD] Auto-router pass #203 on board 'fca18cc6184af81983f7ac3736f51018' was completed in 0.75 seconds with the score of 967.42 (5 unrouted), using 15494.79 CPU seconds and 216037 MB memory.
2026-09-21 22:00:45.613 INFO   [CD1B44\CEAFFD] Restoring an earlier board that has the score of 972.83 (3 unrouted).
2026-09-21 22:00:45.614 INFO   [CD1B44\CEAFFD] Auto-router pass #204 on board '906f65ff709895e78c20faf3f74f9846' was completed in 1.39 seconds with the score of 973.60 (2 unrouted), using 15844.17 CPU seconds and 218696 MB memory.
2026-09-21 22:00:46.307 INFO   [CD1B44\CEAFFD] Auto-router pass #205 on board '481a5663bb05bfdb62601274d3f3d312' was completed in 0.69 seconds with the score of 970.75 (4 unrouted), using 15844.17 CPU seconds and 218696 MB memory.
2026-09-21 22:00:47.022 INFO   [CD1B44\CEAFFD] Auto-router pass #206 on board 'b30ed21272893a420a1ec4f710867f82' was completed in 0.70 seconds with the score of 970.82 (4 unrouted), using 16020.30 CPU seconds and 220064 MB memory.
2026-09-21 22:00:47.417 INFO   [CD1B44\CEAFFD] Auto-router pass #207 on board '35f07065df548f5c7b4bd504caa8c221' was completed in 0.38 seconds with the score of 964.89 (6 unrouted), using 16020.30 CPU seconds and 220064 MB memory.
2026-09-21 22:00:49.136 INFO   [CD1B44\CEAFFD] Restoring an earlier board that has the score of 972.83 (3 unrouted).
2026-09-21 22:00:49.136 INFO   [CD1B44\CEAFFD] Auto-router pass #208 on board 'a20e5944c724f3cce86b1c83ffd0e070' was completed in 1.71 seconds with the score of 972.92 (3 unrouted), using 16375.49 CPU seconds and 222660 MB memory.
2026-09-21 22:00:49.891 INFO   [CD1B44\CEAFFD] Auto-router pass #209 on board '481a5663bb05bfdb62601274d3f3d312' was completed in 0.75 seconds with the score of 966.27 (6 unrouted), using 16554.54 CPU seconds and 223909 MB memory.
2026-09-21 22:00:50.394 INFO   [CD1B44\CEAFFD] Auto-router pass #210 on board 'feee613173b6b54858db657b18e20c7e' was completed in 0.49 seconds with the score of 963.35 (7 unrouted), using 16554.54 CPU seconds and 223909 MB memory.
2026-09-21 22:00:51.711 INFO   [CD1B44\CEAFFD] Auto-router pass #211 on board 'f5fd8b2f4951d14999d73b6fa7c983e1' was completed in 1.30 seconds with the score of 969.89 (5 unrouted), using 16915.58 CPU seconds and 226767 MB memory.
2026-09-21 22:00:52.480 INFO   [CD1B44\CEAFFD] Restoring an earlier board that has the score of 972.63 (3 unrouted).
2026-09-21 22:00:52.481 INFO   [CD1B44\CEAFFD] Auto-router pass #212 on board '9aac66f677be644c937b9f2a424c1f7a' was completed in 0.76 seconds with the score of 968.47 (6 unrouted), using 16915.58 CPU seconds and 226767 MB memory.
2026-09-21 22:00:52.860 INFO   [CD1B44\CEAFFD] Auto-router pass #213 on board '53a3834b22ddfff478cea1647f52cbf3' was completed in 0.37 seconds with the score of 968.18 (5 unrouted), using 17097.57 CPU seconds and 227995 MB memory.
2026-09-21 22:00:53.456 INFO   [CD1B44\CEAFFD] Auto-router pass #214 on board '48b845bfd3237fbd53a2b7e72101d86a' was completed in 0.58 seconds with the score of 967.11 (5 unrouted), using 17097.57 CPU seconds and 227995 MB memory.
2026-09-21 22:00:54.034 INFO   [CD1B44\CEAFFD] Auto-router pass #215 on board 'b0668c53dec268965ae364e03da11565' was completed in 0.57 seconds with the score of 972.07 (3 unrouted), using 17280.52 CPU seconds and 229311 MB memory.
2026-09-21 22:00:54.821 INFO   [CD1B44\CEAFFD] Restoring an earlier board that has the score of 972.63 (3 unrouted).
2026-09-21 22:00:54.821 INFO   [CD1B44\CEAFFD] Auto-router pass #216 on board '622ed9d8b4fda7f606b0e4b76fdb2948' was completed in 0.78 seconds with the score of 972.69 (3 unrouted), using 17464.45 CPU seconds and 230586 MB memory.
2026-09-21 22:00:55.058 INFO   [CD1B44\CEAFFD] Auto-router pass #217 on board '53a3834b22ddfff478cea1647f52cbf3' was completed in 0.23 seconds with the score of 968.17 (5 unrouted), using 17464.45 CPU seconds and 230586 MB memory.
2026-09-21 22:00:55.778 INFO   [CD1B44\CEAFFD] Auto-router pass #218 on board 'bfd30dbd2496cb50a820743341c90d3d' was completed in 0.71 seconds with the score of 964.77 (6 unrouted), using 17649.36 CPU seconds and 231889 MB memory.
2026-09-21 22:00:56.409 INFO   [CD1B44\CEAFFD] Auto-router pass #219 on board '15a9e4bd74b35a5e156b4e70a2b89c73' was completed in 0.62 seconds with the score of 971.24 (4 unrouted), using 17649.36 CPU seconds and 231889 MB memory.
2026-09-21 22:00:58.450 INFO   [CD1B44\CEAFFD] Restoring an earlier board that has the score of 972.63 (3 unrouted).
2026-09-21 22:00:58.451 INFO   [CD1B44\CEAFFD] Auto-router pass #220 on board '0d95e66da06c80f12314d37b4c8bf785' was completed in 2.03 seconds with the score of 965.76 (6 unrouted), using 18022.11 CPU seconds and 234362 MB memory.
2026-09-21 22:00:58.791 INFO   [CD1B44\CEAFFD] Auto-router pass #221 on board '53a3834b22ddfff478cea1647f52cbf3' was completed in 0.34 seconds with the score of 968.18 (5 unrouted), using 18209.95 CPU seconds and 235560 MB memory.
2026-09-21 22:00:59.338 INFO   [CD1B44\CEAFFD] Auto-router pass #222 on board 'a8fc6e23dcce9fdc33428329a52de858' was completed in 0.53 seconds with the score of 966.92 (5 unrouted), using 18209.95 CPU seconds and 235560 MB memory.
2026-09-21 22:01:00.086 INFO   [CD1B44\CEAFFD] Auto-router pass #223 on board '995218b128d95b046468f527918cae54' was completed in 0.74 seconds with the score of 954.76 (10 unrouted), using 18398.76 CPU seconds and 236886 MB memory.
2026-09-21 22:01:05.313 INFO   [CD1B44\CEAFFD] Restoring an earlier board that has the score of 972.63 (3 unrouted).
2026-09-21 22:01:05.314 INFO   [CD1B44\CEAFFD] Auto-router pass #224 on board '430ac657190803c47fafd7d715bd1de6' was completed in 5.21 seconds with the score of 958.36 (8 unrouted), using 19357.14 CPU seconds and 242867 MB memory.
2026-09-21 22:01:05.757 INFO   [CD1B44\CEAFFD] Auto-router pass #225 on board '53a3834b22ddfff478cea1647f52cbf3' was completed in 0.44 seconds with the score of 968.55 (5 unrouted), using 19551.76 CPU seconds and 244106 MB memory.
2026-09-21 22:01:06.386 INFO   [CD1B44\CEAFFD] Auto-router pass #226 on board '7617b8af059f201214fc6710c41644bc' was completed in 0.62 seconds with the score of 961.70 (7 unrouted), using 19551.76 CPU seconds and 244106 MB memory.
2026-09-21 22:01:07.254 INFO   [CD1B44\CEAFFD] Auto-router pass #227 on board 'd0ce576e1220ca7921e3966996d61f66' was completed in 0.85 seconds with the score of 963.17 (6 unrouted), using 19747.36 CPU seconds and 245444 MB memory.
2026-09-21 22:01:09.241 INFO   [CD1B44\CEAFFD] Restoring an earlier board that has the score of 972.48 (3 unrouted).
2026-09-21 22:01:09.241 INFO   [CD1B44\CEAFFD] Auto-router pass #228 on board '98b4602146c46fee719402da5c21e58c' was completed in 1.98 seconds with the score of 961.08 (7 unrouted), using 20141.48 CPU seconds and 247948 MB memory.
2026-09-21 22:01:09.547 INFO   [CD1B44\CEAFFD] Auto-router pass #229 on board 'd5ee31d8d4a6eca5898ac9bad32bf4b2' was completed in 0.30 seconds with the score of 970.17 (4 unrouted), using 20141.48 CPU seconds and 247948 MB memory.
2026-09-21 22:01:10.184 INFO   [CD1B44\CEAFFD] Auto-router pass #230 on board '5207b24371cc124e61c48538da22ff7e' was completed in 0.62 seconds with the score of 968.41 (5 unrouted), using 20340.01 CPU seconds and 249228 MB memory.
2026-09-21 22:01:10.660 INFO   [CD1B44\CEAFFD] Auto-router pass #231 on board '1ecfbc4ec3223617445586f25e94bbe1' was completed in 0.47 seconds with the score of 972.27 (3 unrouted), using 20340.01 CPU seconds and 249228 MB memory.
2026-09-21 22:01:11.245 INFO   [CD1B44\CEAFFD] Restoring an earlier board that has the score of 972.48 (3 unrouted).
2026-09-21 22:01:11.246 INFO   [CD1B44\CEAFFD] Auto-router pass #232 on board '28aaedd002cfb40b4f3fd06b3dbbc201' was completed in 0.57 seconds with the score of 974.31 (2 unrouted), using 20539.52 CPU seconds and 250598 MB memory.
2026-09-21 22:01:11.615 INFO   [CD1B44\CEAFFD] Auto-router pass #233 on board 'd5ee31d8d4a6eca5898ac9bad32bf4b2' was completed in 0.36 seconds with the score of 965.96 (6 unrouted), using 20539.52 CPU seconds and 250598 MB memory.
2026-09-21 22:01:13.316 INFO   [CD1B44\CEAFFD] Auto-router pass #234 on board 'aeb1dd6734ece37151ac64f98153338c' was completed in 1.69 seconds with the score of 959.34 (9 unrouted), using 20941.46 CPU seconds and 253237 MB memory.
2026-09-21 22:01:14.160 INFO   [CD1B44\CEAFFD] Auto-router pass #235 on board '5bdb94c98ecaef471d451cfc41edbf0f' was completed in 0.83 seconds with the score of 966.32 (6 unrouted), using 21143.91 CPU seconds and 254653 MB memory.
2026-09-21 22:01:16.450 INFO   [CD1B44\CEAFFD] Restoring an earlier board that has the score of 972.48 (3 unrouted).
2026-09-21 22:01:16.451 INFO   [CD1B44\CEAFFD] Auto-router pass #236 on board '71bd423aab4c380bc63755c630a58a90' was completed in 2.28 seconds with the score of 965.32 (7 unrouted), using 21551.73 CPU seconds and 257142 MB memory.
2026-09-21 22:01:16.881 INFO   [CD1B44\CEAFFD] Auto-router pass #237 on board 'd5ee31d8d4a6eca5898ac9bad32bf4b2' was completed in 0.42 seconds with the score of 968.71 (4 unrouted), using 21757.12 CPU seconds and 258367 MB memory.
2026-09-21 22:01:17.272 INFO   [CD1B44\CEAFFD] Auto-router pass #238 on board '9e2e2bdf83eb78de7a381e71666b2b13' was completed in 0.38 seconds with the score of 959.37 (9 unrouted), using 21757.12 CPU seconds and 258367 MB memory.
2026-09-21 22:01:18.437 INFO   [CD1B44\CEAFFD] Auto-router pass #239 on board '091b4d49a1232f311d4aa177b7264798' was completed in 1.15 seconds with the score of 954.00 (10 unrouted), using 21963.49 CPU seconds and 259775 MB memory.
2026-09-21 22:01:21.605 INFO   [CD1B44\CEAFFD] Restoring an earlier board that has the score of 972.48 (3 unrouted).
2026-09-21 22:01:21.606 INFO   [CD1B44\CEAFFD] Auto-router pass #240 on board '0d80b4451daebf910dadeb6e77492135' was completed in 3.15 seconds with the score of 968.75 (5 unrouted), using 22588.46 CPU seconds and 263536 MB memory.
2026-09-21 22:01:21.980 INFO   [CD1B44\CEAFFD] Auto-router pass #241 on board 'd5ee31d8d4a6eca5898ac9bad32bf4b2' was completed in 0.37 seconds with the score of 967.71 (5 unrouted), using 22798.74 CPU seconds and 264765 MB memory.
2026-09-21 22:01:22.510 INFO   [CD1B44\CEAFFD] Auto-router pass #242 on board 'bce17a0dbd3eef400ce8dfcb7f661ce0' was completed in 0.52 seconds with the score of 968.56 (5 unrouted), using 22798.74 CPU seconds and 264765 MB memory.
2026-09-21 22:01:23.576 INFO   [CD1B44\CEAFFD] Auto-router pass #243 on board '8dc05367d9f0f957c793d51854f51b73' was completed in 1.05 seconds with the score of 957.61 (9 unrouted), using 23010.01 CPU seconds and 266118 MB memory.
2026-09-21 22:01:25.980 INFO   [CD1B44\CEAFFD] Restoring an earlier board that has the score of 972.46 (3 unrouted).
2026-09-21 22:01:25.980 INFO   [CD1B44\CEAFFD] Auto-router pass #244 on board 'bb8c7b639cadad9aff7f7f304289bab2' was completed in 2.39 seconds with the score of 962.13 (7 unrouted), using 23649.67 CPU seconds and 269907 MB memory.
2026-09-21 22:01:26.753 INFO   [CD1B44\CEAFFD] Auto-router pass #245 on board '78064c5b4d63c19fc0a298d8769fe528' was completed in 0.77 seconds with the score of 962.12 (7 unrouted), using 23649.67 CPU seconds and 269907 MB memory.
2026-09-21 22:01:28.187 INFO   [CD1B44\CEAFFD] Auto-router pass #246 on board '18fa26034419c51bdb3cc24170259c79' was completed in 1.42 seconds with the score of 976.64 (1 unrouted), using 24080.99 CPU seconds and 272640 MB memory.
2026-09-21 22:01:28.240 INFO   [CD1B44\CEAFFD] Auto-router pass #247 on board '711f5344acde800fdbcda684122083c7' was completed in 0.04 seconds with the score of 976.50 (1 unrouted), using 24080.99 CPU seconds and 272640 MB memory.
2026-09-21 22:01:28.325 INFO   [CD1B44\CEAFFD] Restoring an earlier board that has the score of 976.64 (1 unrouted).
2026-09-21 22:01:28.325 INFO   [CD1B44\CEAFFD] Auto-router pass #248 on board 'a678b5f7a42dc258d27d19c876702db7' was completed in 0.07 seconds with the score of 976.46 (1 unrouted), using 24080.99 CPU seconds and 272640 MB memory.
2026-09-21 22:01:28.372 INFO   [CD1B44\CEAFFD] Auto-router pass #249 on board '711f5344acde800fdbcda684122083c7' was completed in 0.04 seconds with the score of 976.50 (1 unrouted), using 24080.99 CPU seconds and 272640 MB memory.
2026-09-21 22:01:28.418 INFO   [CD1B44\CEAFFD] Auto-router pass #250 on board 'a678b5f7a42dc258d27d19c876702db7' was completed in 0.04 seconds with the score of 976.46 (1 unrouted), using 24080.99 CPU seconds and 272640 MB memory.
2026-09-21 22:01:28.498 INFO   [CD1B44\CEAFFD] Auto-router pass #251 on board 'f55489e662635fedeea4c28a84405e24' was completed in 0.07 seconds with the score of 976.46 (1 unrouted), using 24080.99 CPU seconds and 272640 MB memory.
2026-09-21 22:01:28.675 INFO   [CD1B44\CEAFFD] Restoring an earlier board that has the score of 976.64 (1 unrouted).
2026-09-21 22:01:28.676 INFO   [CD1B44\CEAFFD] Auto-router pass #252 on board 'f55489e662635fedeea4c28a84405e24' was completed in 0.17 seconds with the score of 976.46 (1 unrouted), using 24080.99 CPU seconds and 272640 MB memory.
2026-09-21 22:01:28.720 INFO   [CD1B44\CEAFFD] Auto-router pass #253 on board '711f5344acde800fdbcda684122083c7' was completed in 0.04 seconds with the score of 976.50 (1 unrouted), using 24080.99 CPU seconds and 272640 MB memory.
2026-09-21 22:01:28.767 INFO   [CD1B44\CEAFFD] Auto-router pass #254 on board 'a678b5f7a42dc258d27d19c876702db7' was completed in 0.04 seconds with the score of 976.46 (1 unrouted), using 24080.99 CPU seconds and 272640 MB memory.
2026-09-21 22:01:28.834 INFO   [CD1B44\CEAFFD] Auto-router pass #255 on board 'f55489e662635fedeea4c28a84405e24' was completed in 0.06 seconds with the score of 976.46 (1 unrouted), using 24080.99 CPU seconds and 272640 MB memory.
2026-09-21 22:01:29.010 INFO   [CD1B44\CEAFFD] Restoring an earlier board that has the score of 976.64 (1 unrouted).
2026-09-21 22:01:29.010 INFO   [CD1B44\CEAFFD] Auto-router pass #256 on board 'f55489e662635fedeea4c28a84405e24' was completed in 0.17 seconds with the score of 976.46 (1 unrouted), using 24298.12 CPU seconds and 273850 MB memory.
2026-09-21 22:01:29.055 INFO   [CD1B44\CEAFFD] Auto-router pass #257 on board '711f5344acde800fdbcda684122083c7' was completed in 0.04 seconds with the score of 976.50 (1 unrouted), using 24298.12 CPU seconds and 273850 MB memory.
2026-09-21 22:01:29.121 INFO   [CD1B44\CEAFFD] Auto-router pass #258 on board 'a678b5f7a42dc258d27d19c876702db7' was completed in 0.06 seconds with the score of 976.46 (1 unrouted), using 24298.12 CPU seconds and 273850 MB memory.
2026-09-21 22:01:29.189 INFO   [CD1B44\CEAFFD] Auto-router pass #259 on board 'f55489e662635fedeea4c28a84405e24' was completed in 0.06 seconds with the score of 976.46 (1 unrouted), using 24298.12 CPU seconds and 273850 MB memory.
2026-09-21 22:01:29.365 INFO   [CD1B44\CEAFFD] Restoring an earlier board that has the score of 976.64 (1 unrouted).
2026-09-21 22:01:29.366 INFO   [CD1B44\CEAFFD] Auto-router pass #260 on board 'f55489e662635fedeea4c28a84405e24' was completed in 0.17 seconds with the score of 976.46 (1 unrouted), using 24298.12 CPU seconds and 273850 MB memory.
2026-09-21 22:01:29.410 INFO   [CD1B44\CEAFFD] Auto-router pass #261 on board '711f5344acde800fdbcda684122083c7' was completed in 0.04 seconds with the score of 976.50 (1 unrouted), using 24298.12 CPU seconds and 273850 MB memory.
2026-09-21 22:01:29.477 INFO   [CD1B44\CEAFFD] Auto-router pass #262 on board 'a678b5f7a42dc258d27d19c876702db7' was completed in 0.06 seconds with the score of 976.46 (1 unrouted), using 24298.12 CPU seconds and 273850 MB memory.
2026-09-21 22:01:29.547 INFO   [CD1B44\CEAFFD] Auto-router pass #263 on board 'f55489e662635fedeea4c28a84405e24' was completed in 0.07 seconds with the score of 976.46 (1 unrouted), using 24298.12 CPU seconds and 273850 MB memory.
2026-09-21 22:01:29.722 INFO   [CD1B44\CEAFFD] Restoring an earlier board that has the score of 976.50 (1 unrouted).
2026-09-21 22:01:29.722 INFO   [CD1B44\CEAFFD] Auto-router pass #264 on board 'f55489e662635fedeea4c28a84405e24' was completed in 0.17 seconds with the score of 976.46 (1 unrouted), using 24298.12 CPU seconds and 273850 MB memory.
2026-09-21 22:01:29.789 INFO   [CD1B44\CEAFFD] Auto-router pass #265 on board 'a678b5f7a42dc258d27d19c876702db7' was completed in 0.06 seconds with the score of 976.46 (1 unrouted), using 24298.12 CPU seconds and 273850 MB memory.
2026-09-21 22:01:29.858 INFO   [CD1B44\CEAFFD] Auto-router pass #266 on board 'f55489e662635fedeea4c28a84405e24' was completed in 0.06 seconds with the score of 976.46 (1 unrouted), using 24298.12 CPU seconds and 273850 MB memory.
2026-09-21 22:01:29.927 INFO   [CD1B44\CEAFFD] Auto-router pass #267 on board 'f55489e662635fedeea4c28a84405e24' was completed in 0.06 seconds with the score of 976.46 (1 unrouted), using 24516.23 CPU seconds and 274994 MB memory.
2026-09-21 22:01:30.104 INFO   [CD1B44\CEAFFD] Restoring an earlier board that has the score of 976.50 (1 unrouted).
2026-09-21 22:01:30.105 INFO   [CD1B44\CEAFFD] Auto-router pass #268 on board 'f55489e662635fedeea4c28a84405e24' was completed in 0.17 seconds with the score of 976.46 (1 unrouted), using 24516.23 CPU seconds and 274994 MB memory.
2026-09-21 22:01:30.170 INFO   [CD1B44\CEAFFD] Auto-router pass #269 on board 'a678b5f7a42dc258d27d19c876702db7' was completed in 0.06 seconds with the score of 976.46 (1 unrouted), using 24516.23 CPU seconds and 274994 MB memory.
2026-09-21 22:01:30.237 INFO   [CD1B44\CEAFFD] Auto-router pass #270 on board 'f55489e662635fedeea4c28a84405e24' was completed in 0.06 seconds with the score of 976.46 (1 unrouted), using 24516.23 CPU seconds and 274994 MB memory.
2026-09-21 22:01:30.306 INFO   [CD1B44\CEAFFD] Auto-router pass #271 on board 'f55489e662635fedeea4c28a84405e24' was completed in 0.06 seconds with the score of 976.46 (1 unrouted), using 24516.23 CPU seconds and 274994 MB memory.
2026-09-21 22:01:30.481 INFO   [CD1B44\CEAFFD] Restoring an earlier board that has the score of 976.50 (1 unrouted).
2026-09-21 22:01:30.481 INFO   [CD1B44\CEAFFD] Auto-router pass #272 on board 'f55489e662635fedeea4c28a84405e24' was completed in 0.17 seconds with the score of 976.46 (1 unrouted), using 24516.23 CPU seconds and 274994 MB memory.
2026-09-21 22:01:30.545 INFO   [CD1B44\CEAFFD] Auto-router pass #273 on board 'a678b5f7a42dc258d27d19c876702db7' was completed in 0.06 seconds with the score of 976.46 (1 unrouted), using 24516.23 CPU seconds and 274994 MB memory.
2026-09-21 22:01:30.611 INFO   [CD1B44\CEAFFD] Auto-router pass #274 on board 'f55489e662635fedeea4c28a84405e24' was completed in 0.06 seconds with the score of 976.46 (1 unrouted), using 24516.23 CPU seconds and 274994 MB memory.
2026-09-21 22:01:30.679 INFO   [CD1B44\CEAFFD] Auto-router pass #275 on board 'f55489e662635fedeea4c28a84405e24' was completed in 0.06 seconds with the score of 976.46 (1 unrouted), using 24516.23 CPU seconds and 274994 MB memory.
2026-09-21 22:01:30.850 INFO   [CD1B44\CEAFFD] Restoring an earlier board that has the score of 976.50 (1 unrouted).
2026-09-21 22:01:30.850 INFO   [CD1B44\CEAFFD] Auto-router pass #276 on board 'f55489e662635fedeea4c28a84405e24' was completed in 0.17 seconds with the score of 976.46 (1 unrouted), using 24516.23 CPU seconds and 274994 MB memory.
2026-09-21 22:01:30.915 INFO   [CD1B44\CEAFFD] Auto-router pass #277 on board 'a678b5f7a42dc258d27d19c876702db7' was completed in 0.06 seconds with the score of 976.46 (1 unrouted), using 24735.33 CPU seconds and 276152 MB memory.
2026-09-21 22:01:30.982 INFO   [CD1B44\CEAFFD] Auto-router pass #278 on board 'f55489e662635fedeea4c28a84405e24' was completed in 0.06 seconds with the score of 976.46 (1 unrouted), using 24735.33 CPU seconds and 276152 MB memory.
2026-09-21 22:01:31.048 INFO   [CD1B44\CEAFFD] Auto-router pass #279 on board 'f55489e662635fedeea4c28a84405e24' was completed in 0.06 seconds with the score of 976.46 (1 unrouted), using 24735.33 CPU seconds and 276152 MB memory.
2026-09-21 22:01:31.222 INFO   [CD1B44\CEAFFD] Restoring an earlier board that has the score of 976.46 (1 unrouted).
2026-09-21 22:01:31.222 INFO   [CD1B44\CEAFFD] Auto-router pass #280 on board 'f55489e662635fedeea4c28a84405e24' was completed in 0.17 seconds with the score of 976.46 (1 unrouted), using 24735.33 CPU seconds and 276152 MB memory.
2026-09-21 22:01:31.291 INFO   [CD1B44\CEAFFD] Auto-router pass #281 on board 'f55489e662635fedeea4c28a84405e24' was completed in 0.07 seconds with the score of 976.46 (1 unrouted), using 24735.33 CPU seconds and 276152 MB memory.
2026-09-21 22:01:31.360 INFO   [CD1B44\CEAFFD] Auto-router pass #282 on board 'f55489e662635fedeea4c28a84405e24' was completed in 0.06 seconds with the score of 976.46 (1 unrouted), using 24735.33 CPU seconds and 276152 MB memory.
2026-09-21 22:01:31.427 INFO   [CD1B44\CEAFFD] Auto-router pass #283 on board 'f55489e662635fedeea4c28a84405e24' was completed in 0.06 seconds with the score of 976.46 (1 unrouted), using 24735.33 CPU seconds and 276152 MB memory.
2026-09-21 22:01:31.597 INFO   [CD1B44\CEAFFD] Restoring an earlier board that has the score of 976.46 (1 unrouted).
2026-09-21 22:01:31.598 INFO   [CD1B44\CEAFFD] Auto-router pass #284 on board 'f55489e662635fedeea4c28a84405e24' was completed in 0.17 seconds with the score of 976.46 (1 unrouted), using 24735.33 CPU seconds and 276152 MB memory.
2026-09-21 22:01:31.666 INFO   [CD1B44\CEAFFD] Auto-router pass #285 on board 'f55489e662635fedeea4c28a84405e24' was completed in 0.06 seconds with the score of 976.46 (1 unrouted), using 24735.33 CPU seconds and 276152 MB memory.
2026-09-21 22:01:31.734 INFO   [CD1B44\CEAFFD] Auto-router pass #286 on board 'f55489e662635fedeea4c28a84405e24' was completed in 0.06 seconds with the score of 976.46 (1 unrouted), using 24735.33 CPU seconds and 276152 MB memory.
2026-09-21 22:01:31.800 INFO   [CD1B44\CEAFFD] Auto-router pass #287 on board 'f55489e662635fedeea4c28a84405e24' was completed in 0.06 seconds with the score of 976.46 (1 unrouted), using 24735.33 CPU seconds and 276152 MB memory.
2026-09-21 22:01:31.971 INFO   [CD1B44\CEAFFD] Restoring an earlier board that has the score of 976.46 (1 unrouted).
2026-09-21 22:01:31.972 INFO   [CD1B44\CEAFFD] Auto-router pass #288 on board 'f55489e662635fedeea4c28a84405e24' was completed in 0.17 seconds with the score of 976.46 (1 unrouted), using 24955.42 CPU seconds and 277332 MB memory.
2026-09-21 22:01:32.043 INFO   [CD1B44\CEAFFD] Auto-router pass #289 on board 'f55489e662635fedeea4c28a84405e24' was completed in 0.07 seconds with the score of 976.46 (1 unrouted), using 24955.42 CPU seconds and 277332 MB memory.
2026-09-21 22:01:32.113 INFO   [CD1B44\CEAFFD] Auto-router pass #290 on board 'f55489e662635fedeea4c28a84405e24' was completed in 0.07 seconds with the score of 976.46 (1 unrouted), using 24955.42 CPU seconds and 277332 MB memory.
2026-09-21 22:01:32.181 INFO   [CD1B44\CEAFFD] Auto-router pass #291 on board 'f55489e662635fedeea4c28a84405e24' was completed in 0.06 seconds with the score of 976.46 (1 unrouted), using 24955.42 CPU seconds and 277332 MB memory.
2026-09-21 22:01:32.351 INFO   [CD1B44\CEAFFD] Restoring an earlier board that has the score of 976.46 (1 unrouted).
2026-09-21 22:01:32.352 INFO   [CD1B44\CEAFFD] Auto-router pass #292 on board 'f55489e662635fedeea4c28a84405e24' was completed in 0.17 seconds with the score of 976.46 (1 unrouted), using 24955.42 CPU seconds and 277332 MB memory.
2026-09-21 22:01:32.422 INFO   [CD1B44\CEAFFD] Auto-router pass #293 on board 'f55489e662635fedeea4c28a84405e24' was completed in 0.07 seconds with the score of 976.46 (1 unrouted), using 24955.42 CPU seconds and 277332 MB memory.
2026-09-21 22:01:32.491 INFO   [CD1B44\CEAFFD] Auto-router pass #294 on board 'f55489e662635fedeea4c28a84405e24' was completed in 0.06 seconds with the score of 976.46 (1 unrouted), using 24955.42 CPU seconds and 277332 MB memory.
2026-09-21 22:01:32.558 INFO   [CD1B44\CEAFFD] Auto-router pass #295 on board 'f55489e662635fedeea4c28a84405e24' was completed in 0.06 seconds with the score of 976.46 (1 unrouted), using 24955.42 CPU seconds and 277332 MB memory.
2026-09-21 22:01:32.729 INFO   [CD1B44\CEAFFD] Restoring an earlier board that has the score of 972.46 (3 unrouted).
2026-09-21 22:01:32.730 INFO   [CD1B44\CEAFFD] Auto-router pass #296 on board 'f55489e662635fedeea4c28a84405e24' was completed in 0.17 seconds with the score of 976.46 (1 unrouted), using 24955.42 CPU seconds and 277332 MB memory.
2026-09-21 22:01:33.204 INFO   [CD1B44\CEAFFD] Auto-router pass #297 on board '78064c5b4d63c19fc0a298d8769fe528' was completed in 0.47 seconds with the score of 970.07 (4 unrouted), using 25176.50 CPU seconds and 278534 MB memory.
2026-09-21 22:01:33.519 INFO   [CD1B44\CEAFFD] Auto-router pass #298 on board 'd365a794b9cf9c7a4c8dd98f98d2b097' was completed in 0.30 seconds with the score of 970.87 (4 unrouted), using 25176.50 CPU seconds and 278534 MB memory.
2026-09-21 22:01:34.221 INFO   [CD1B44\CEAFFD] Auto-router pass #299 on board 'fd7df5457ad54592663e8f6f4a8e7a3c' was completed in 0.69 seconds with the score of 966.33 (6 unrouted), using 25398.55 CPU seconds and 279913 MB memory.
2026-09-21 22:01:36.731 INFO   [CD1B44\CEAFFD] Restoring an earlier board that has the score of 972.46 (3 unrouted).
2026-09-21 22:01:36.731 INFO   [CD1B44\CEAFFD] Auto-router pass #300 on board '992702f748cf793781177cbf52ac2dea' was completed in 2.50 seconds with the score of 971.91 (3 unrouted), using 25845.58 CPU seconds and 282364 MB memory.
2026-09-21 22:01:37.544 INFO   [CD1B44\CEAFFD] Auto-router pass #301 on board '78064c5b4d63c19fc0a298d8769fe528' was completed in 0.81 seconds with the score of 962.04 (7 unrouted), using 26070.51 CPU seconds and 283504 MB memory.
2026-09-21 22:01:38.723 INFO   [CD1B44\CEAFFD] Auto-router pass #302 on board '57d9318a7fe6e2e11936fe859fd965d4' was completed in 1.17 seconds with the score of 972.57 (3 unrouted), using 26296.40 CPU seconds and 284907 MB memory.
2026-09-21 22:01:39.146 INFO   [CD1B44\CEAFFD] Auto-router pass #303 on board 'b8d8366fcdd71c3324626e7ae21903f0' was completed in 0.41 seconds with the score of 970.53 (4 unrouted), using 26523.28 CPU seconds and 286259 MB memory.
2026-09-21 22:01:40.952 INFO   [CD1B44\CEAFFD] Restoring an earlier board that has the score of 972.57 (3 unrouted).
2026-09-21 22:01:40.953 INFO   [CD1B44\CEAFFD] Auto-router pass #304 on board 'ff5a607b734661ba69bd82345726617d' was completed in 1.80 seconds with the score of 965.69 (6 unrouted), using 26751.15 CPU seconds and 287478 MB memory.
2026-09-21 22:01:41.318 INFO   [CD1B44\CEAFFD] Auto-router pass #305 on board 'b8d8366fcdd71c3324626e7ae21903f0' was completed in 0.36 seconds with the score of 970.51 (4 unrouted), using 26979.99 CPU seconds and 288692 MB memory.
2026-09-21 22:01:41.843 INFO   [CD1B44\CEAFFD] Auto-router pass #306 on board '6f4f678d302d0b5d3e2281130c655fe6' was completed in 0.51 seconds with the score of 969.77 (4 unrouted), using 26979.99 CPU seconds and 288692 MB memory.
2026-09-21 22:01:42.749 INFO   [CD1B44\CEAFFD] Auto-router pass #307 on board '1ae903dd35747324d8b703327862fd18' was completed in 0.89 seconds with the score of 958.85 (8 unrouted), using 27209.81 CPU seconds and 290067 MB memory.
2026-09-21 22:01:45.482 INFO   [CD1B44\CEAFFD] Restoring an earlier board that has the score of 972.57 (3 unrouted).
2026-09-21 22:01:45.482 INFO   [CD1B44\CEAFFD] Auto-router pass #308 on board 'bbb8ca1f943e12898441fa08dd8c6f8e' was completed in 2.72 seconds with the score of 967.19 (5 unrouted), using 27905.15 CPU seconds and 293856 MB memory.
2026-09-21 22:01:46.152 INFO   [CD1B44\CEAFFD] Auto-router pass #309 on board 'b8d8366fcdd71c3324626e7ae21903f0' was completed in 0.67 seconds with the score of 968.33 (5 unrouted), using 28138.89 CPU seconds and 295191 MB memory.
2026-09-21 22:01:47.204 INFO   [CD1B44\CEAFFD] Auto-router pass #310 on board 'a156ff9da61c9f9005b9ed8100ac2a35' was completed in 1.04 seconds with the score of 969.21 (5 unrouted), using 28373.61 CPU seconds and 296560 MB memory.
2026-09-21 22:01:47.515 INFO   [CD1B44\CEAFFD] Auto-router pass #311 on board '8c5e19a7c360d3ff5934f35f94041418' was completed in 0.30 seconds with the score of 965.90 (6 unrouted), using 28373.61 CPU seconds and 296560 MB memory.
2026-09-21 22:01:48.532 INFO   [CD1B44\CEAFFD] Restoring an earlier board that has the score of 972.57 (3 unrouted).
2026-09-21 22:01:48.533 INFO   [CD1B44\CEAFFD] Auto-router pass #312 on board '162b9f661d9e6cf70e7f2be8da1e1ba6' was completed in 1.00 seconds with the score of 963.73 (7 unrouted), using 28609.32 CPU seconds and 297895 MB memory.
2026-09-21 22:01:49.141 INFO   [CD1B44\CEAFFD] Auto-router pass #313 on board 'b8d8366fcdd71c3324626e7ae21903f0' was completed in 0.60 seconds with the score of 971.64 (4 unrouted), using 28845.99 CPU seconds and 299182 MB memory.
2026-09-21 22:01:49.700 INFO   [CD1B44\CEAFFD] Auto-router pass #314 on board '46e9ad9bd14bc8eb9ec018faddd82738' was completed in 0.55 seconds with the score of 970.23 (4 unrouted), using 28845.99 CPU seconds and 299182 MB memory.
2026-09-21 22:01:50.718 INFO   [CD1B44\CEAFFD] Auto-router pass #315 on board 'ce9521a90f293e7f16dcb2769e8d2a1a' was completed in 1.01 seconds with the score of 966.84 (6 unrouted), using 29083.66 CPU seconds and 300589 MB memory.
2026-09-21 22:01:51.901 INFO   [CD1B44\CEAFFD] Restoring an earlier board that has the score of 972.57 (3 unrouted).
2026-09-21 22:01:51.901 INFO   [CD1B44\CEAFFD] Auto-router pass #316 on board 'd7c7491b7d0e8b940b12961d43de5cf4' was completed in 1.17 seconds with the score of 949.96 (12 unrouted), using 29322.29 CPU seconds and 301922 MB memory.
2026-09-21 22:01:52.433 INFO   [CD1B44\CEAFFD] Auto-router pass #317 on board 'b8d8366fcdd71c3324626e7ae21903f0' was completed in 0.53 seconds with the score of 972.53 (3 unrouted), using 29561.92 CPU seconds and 303191 MB memory.
2026-09-21 22:01:52.685 INFO   [CD1B44\CEAFFD] Auto-router pass #318 on board '23849983bb7b758bfff5ae477d3fb957' was completed in 0.24 seconds with the score of 965.29 (6 unrouted), using 29561.92 CPU seconds and 303191 MB memory.
2026-09-21 22:01:53.706 INFO   [CD1B44\CEAFFD] Auto-router pass #319 on board 'ceead1e72479528087acfa368f943c30' was completed in 1.01 seconds with the score of 957.37 (9 unrouted), using 29802.52 CPU seconds and 304592 MB memory.
2026-09-21 22:01:58.252 INFO   [CD1B44\CEAFFD] Restoring an earlier board that has the score of 972.53 (3 unrouted).
2026-09-21 22:01:58.253 INFO   [CD1B44\CEAFFD] Auto-router pass #320 on board '91d506c5be7ffa260b26288f86199f14' was completed in 4.53 seconds with the score of 971.78 (4 unrouted), using 31020.24 CPU seconds and 310727 MB memory.
2026-09-21 22:01:58.564 INFO   [CD1B44\CEAFFD] Auto-router pass #321 on board '23849983bb7b758bfff5ae477d3fb957' was completed in 0.31 seconds with the score of 966.71 (5 unrouted), using 31020.24 CPU seconds and 310727 MB memory.
2026-09-21 22:01:59.410 INFO   [CD1B44\CEAFFD] Auto-router pass #322 on board '11ccf00514d495b303d8ea869951d46e' was completed in 0.83 seconds with the score of 962.93 (7 unrouted), using 31266.72 CPU seconds and 312098 MB memory.
2026-09-21 22:02:00.407 INFO   [CD1B44\CEAFFD] Auto-router pass #323 on board '3caf296e0ca98588064e554e8af8c7cc' was completed in 0.98 seconds with the score of 955.72 (9 unrouted), using 31514.19 CPU seconds and 313463 MB memory.
2026-09-21 22:02:05.634 INFO   [CD1B44\CEAFFD] Restoring an earlier board that has the score of 972.53 (3 unrouted).
2026-09-21 22:02:05.634 INFO   [CD1B44\CEAFFD] Auto-router pass #324 on board 'e08ced308b8a2d02138ccc68cebfa9b4' was completed in 5.22 seconds with the score of 973.56 (2 unrouted), using 32766.16 CPU seconds and 319658 MB memory.
2026-09-21 22:02:05.922 INFO   [CD1B44\CEAFFD] Auto-router pass #325 on board '23849983bb7b758bfff5ae477d3fb957' was completed in 0.28 seconds with the score of 965.23 (6 unrouted), using 32766.16 CPU seconds and 319658 MB memory.
2026-09-21 22:02:07.033 INFO   [CD1B44\CEAFFD] Auto-router pass #326 on board '6e393bf9c1c40b52fd29030e30e70557' was completed in 1.10 seconds with the score of 959.50 (8 unrouted), using 33019.49 CPU seconds and 320980 MB memory.
2026-09-21 22:02:07.893 INFO   [CD1B44\CEAFFD] Auto-router pass #327 on board '5ea24c781b476711d9456157e3073003' was completed in 0.85 seconds with the score of 960.84 (7 unrouted), using 33273.79 CPU seconds and 322372 MB memory.
2026-09-21 22:02:10.318 INFO   [CD1B44\CEAFFD] Restoring an earlier board that has the score of 972.53 (3 unrouted).
2026-09-21 22:02:10.318 INFO   [CD1B44\CEAFFD] Auto-router pass #328 on board '2297be1ebbaf0b13076956e07267fe89' was completed in 2.41 seconds with the score of 966.61 (5 unrouted), using 34042.59 CPU seconds and 326128 MB memory.
2026-09-21 22:02:10.635 INFO   [CD1B44\CEAFFD] Auto-router pass #329 on board '23849983bb7b758bfff5ae477d3fb957' was completed in 0.31 seconds with the score of 969.43 (4 unrouted), using 34042.59 CPU seconds and 326128 MB memory.
2026-09-21 22:02:11.512 INFO   [CD1B44\CEAFFD] Auto-router pass #330 on board '0d28f0aafe31c61c1f4dd68c3e29b2c6' was completed in 0.86 seconds with the score of 962.26 (7 unrouted), using 34300.80 CPU seconds and 327515 MB memory.
2026-09-21 22:02:12.231 INFO   [CD1B44\CEAFFD] Auto-router pass #331 on board '6bc7a8d91eecba6e0952ac08dfff3ab2' was completed in 0.71 seconds with the score of 967.12 (5 unrouted), using 34300.80 CPU seconds and 327515 MB memory.
2026-09-21 22:02:14.702 INFO   [CD1B44\CEAFFD] Restoring an earlier board that has the score of 972.53 (3 unrouted).
2026-09-21 22:02:14.702 INFO   [CD1B44\CEAFFD] Auto-router pass #332 on board '2f03a7af272a6f0cf9ee87da1da7f903' was completed in 2.46 seconds with the score of 973.31 (2 unrouted), using 35081.34 CPU seconds and 331358 MB memory.
2026-09-21 22:02:15.015 INFO   [CD1B44\CEAFFD] Auto-router pass #333 on board '23849983bb7b758bfff5ae477d3fb957' was completed in 0.31 seconds with the score of 969.43 (4 unrouted), using 35081.34 CPU seconds and 331358 MB memory.
2026-09-21 22:02:15.943 INFO   [CD1B44\CEAFFD] Auto-router pass #334 on board '238b863370b4735b3ea16995c2609c0f' was completed in 0.92 seconds with the score of 961.21 (7 unrouted), using 35343.40 CPU seconds and 332598 MB memory.
2026-09-21 22:02:17.272 INFO   [CD1B44\CEAFFD] Auto-router pass #335 on board '39ca68a5acaa7a96d9a31cc144bb1333' was completed in 1.32 seconds with the score of 961.93 (7 unrouted), using 35606.45 CPU seconds and 333944 MB memory.
2026-09-21 22:02:19.926 INFO   [CD1B44\CEAFFD] Restoring an earlier board that has the score of 972.46 (3 unrouted).
2026-09-21 22:02:19.926 INFO   [CD1B44\CEAFFD] Auto-router pass #336 on board '32874286a50d1634b1dd6b8262f5faeb' was completed in 2.64 seconds with the score of 966.10 (6 unrouted), using 36401.44 CPU seconds and 337786 MB memory.
2026-09-21 22:02:20.415 INFO   [CD1B44\CEAFFD] Auto-router pass #337 on board '78064c5b4d63c19fc0a298d8769fe528' was completed in 0.48 seconds with the score of 970.07 (4 unrouted), using 36668.39 CPU seconds and 339095 MB memory.
2026-09-21 22:02:20.912 INFO   [CD1B44\CEAFFD] Auto-router pass #338 on board '00f560a450b7ac7b68e91b0038a35994' was completed in 0.49 seconds with the score of 974.89 (2 unrouted), using 36668.39 CPU seconds and 339095 MB memory.
2026-09-21 22:02:21.184 INFO   [CD1B44\CEAFFD] Auto-router pass #339 on board '8f7f5cf86d92626584bb96a174866aa4' was completed in 0.26 seconds with the score of 972.13 (3 unrouted), using 36668.39 CPU seconds and 339095 MB memory.
2026-09-21 22:02:22.603 INFO   [CD1B44\CEAFFD] Restoring an earlier board that has the score of 974.89 (2 unrouted).
2026-09-21 22:02:22.604 INFO   [CD1B44\CEAFFD] Auto-router pass #340 on board '32d91ccb5cf6ac5a744a0ea20e801ae3' was completed in 1.41 seconds with the score of 976.87 (1 unrouted), using 37205.22 CPU seconds and 341638 MB memory.
2026-09-21 22:02:22.943 INFO   [CD1B44\CEAFFD] Auto-router pass #341 on board '8f7f5cf86d92626584bb96a174866aa4' was completed in 0.33 seconds with the score of 972.54 (3 unrouted), using 37205.22 CPU seconds and 341638 MB memory.
2026-09-21 22:02:23.243 INFO   [CD1B44\CEAFFD] Auto-router pass #342 on board '4550b1deefca0e363de0cb5c866178ea' was completed in 0.29 seconds with the score of 970.59 (4 unrouted), using 37205.22 CPU seconds and 341638 MB memory.
2026-09-21 22:02:23.777 INFO   [CD1B44\CEAFFD] Auto-router pass #343 on board '2409ab42a65c6aeed9760ed6064773d0' was completed in 0.52 seconds with the score of 969.55 (4 unrouted), using 37475.09 CPU seconds and 342896 MB memory.
2026-09-21 22:02:24.403 INFO   [CD1B44\CEAFFD] Restoring an earlier board that has the score of 974.89 (2 unrouted).
2026-09-21 22:02:24.403 INFO   [CD1B44\CEAFFD] Auto-router pass #344 on board 'e3c005710ef28f625abec626814a77fa' was completed in 0.61 seconds with the score of 970.78 (3 unrouted), using 37745.93 CPU seconds and 344136 MB memory.
2026-09-21 22:02:24.744 INFO   [CD1B44\CEAFFD] Auto-router pass #345 on board '8f7f5cf86d92626584bb96a174866aa4' was completed in 0.34 seconds with the score of 972.54 (3 unrouted), using 37745.93 CPU seconds and 344136 MB memory.
2026-09-21 22:02:24.996 INFO   [CD1B44\CEAFFD] Auto-router pass #346 on board '4550b1deefca0e363de0cb5c866178ea' was completed in 0.25 seconds with the score of 970.94 (4 unrouted), using 37745.93 CPU seconds and 344136 MB memory.
2026-09-21 22:02:25.787 INFO   [CD1B44\CEAFFD] Auto-router pass #347 on board '207b45334660c6f0e96042a214ed77e5' was completed in 0.78 seconds with the score of 956.52 (10 unrouted), using 38017.73 CPU seconds and 345389 MB memory.
2026-09-21 22:02:28.344 INFO   [CD1B44\CEAFFD] Restoring an earlier board that has the score of 974.89 (2 unrouted).
2026-09-21 22:02:28.345 INFO   [CD1B44\CEAFFD] Auto-router pass #348 on board '0bfa39c72523f0ad7afd91afd3898e36' was completed in 2.54 seconds with the score of 957.18 (9 unrouted), using 38564.25 CPU seconds and 347887 MB memory.
2026-09-21 22:02:28.620 INFO   [CD1B44\CEAFFD] Auto-router pass #349 on board '8f7f5cf86d92626584bb96a174866aa4' was completed in 0.27 seconds with the score of 972.29 (3 unrouted), using 38838.96 CPU seconds and 349062 MB memory.
2026-09-21 22:02:29.012 INFO   [CD1B44\CEAFFD] Auto-router pass #350 on board '5fac27b04ada92fbcce06176b349be2b' was completed in 0.38 seconds with the score of 970.18 (4 unrouted), using 38838.96 CPU seconds and 349062 MB memory.
2026-09-21 22:02:29.842 INFO   [CD1B44\CEAFFD] Auto-router pass #351 on board '795815fb13857ed53299ec205ce910cc' was completed in 0.82 seconds with the score of 978.01 (1 unrouted), using 39114.66 CPU seconds and 350371 MB memory.
2026-09-21 22:02:30.042 INFO   [CD1B44\CEAFFD] Restoring an earlier board that has the score of 978.01 (1 unrouted).
2026-09-21 22:02:30.043 INFO   [CD1B44\CEAFFD] Auto-router pass #352 on board '9fe6bad76e0260b6c312249fe16018d9' was completed in 0.19 seconds with the score of 978.01 (1 unrouted), using 39114.66 CPU seconds and 350371 MB memory.
2026-09-21 22:02:30.126 INFO   [CD1B44\CEAFFD] Auto-router pass #353 on board '9fe6bad76e0260b6c312249fe16018d9' was completed in 0.08 seconds with the score of 978.01 (1 unrouted), using 39114.66 CPU seconds and 350371 MB memory.
2026-09-21 22:02:30.208 INFO   [CD1B44\CEAFFD] Auto-router pass #354 on board '9fe6bad76e0260b6c312249fe16018d9' was completed in 0.08 seconds with the score of 978.01 (1 unrouted), using 39114.66 CPU seconds and 350371 MB memory.
2026-09-21 22:02:30.288 INFO   [CD1B44\CEAFFD] Auto-router pass #355 on board '9fe6bad76e0260b6c312249fe16018d9' was completed in 0.07 seconds with the score of 978.01 (1 unrouted), using 39114.66 CPU seconds and 350371 MB memory.
2026-09-21 22:02:30.483 INFO   [CD1B44\CEAFFD] Restoring an earlier board that has the score of 978.01 (1 unrouted).
2026-09-21 22:02:30.483 INFO   [CD1B44\CEAFFD] Auto-router pass #356 on board '9fe6bad76e0260b6c312249fe16018d9' was completed in 0.19 seconds with the score of 978.01 (1 unrouted), using 39391.32 CPU seconds and 351631 MB memory.
2026-09-21 22:02:30.568 INFO   [CD1B44\CEAFFD] Auto-router pass #357 on board '9fe6bad76e0260b6c312249fe16018d9' was completed in 0.08 seconds with the score of 978.01 (1 unrouted), using 39391.32 CPU seconds and 351631 MB memory.
2026-09-21 22:02:30.649 INFO   [CD1B44\CEAFFD] Auto-router pass #358 on board '9fe6bad76e0260b6c312249fe16018d9' was completed in 0.08 seconds with the score of 978.01 (1 unrouted), using 39391.32 CPU seconds and 351631 MB memory.
2026-09-21 22:02:30.731 INFO   [CD1B44\CEAFFD] Auto-router pass #359 on board '9fe6bad76e0260b6c312249fe16018d9' was completed in 0.08 seconds with the score of 978.01 (1 unrouted), using 39391.32 CPU seconds and 351631 MB memory.
2026-09-21 22:02:30.924 INFO   [CD1B44\CEAFFD] Restoring an earlier board that has the score of 978.01 (1 unrouted).
2026-09-21 22:02:30.924 INFO   [CD1B44\CEAFFD] Auto-router pass #360 on board '9fe6bad76e0260b6c312249fe16018d9' was completed in 0.19 seconds with the score of 978.01 (1 unrouted), using 39391.32 CPU seconds and 351631 MB memory.
2026-09-21 22:02:31.005 INFO   [CD1B44\CEAFFD] Auto-router pass #361 on board '9fe6bad76e0260b6c312249fe16018d9' was completed in 0.08 seconds with the score of 978.01 (1 unrouted), using 39391.32 CPU seconds and 351631 MB memory.
2026-09-21 22:02:31.085 INFO   [CD1B44\CEAFFD] Auto-router pass #362 on board '9fe6bad76e0260b6c312249fe16018d9' was completed in 0.07 seconds with the score of 978.01 (1 unrouted), using 39391.32 CPU seconds and 351631 MB memory.
2026-09-21 22:02:31.167 INFO   [CD1B44\CEAFFD] Auto-router pass #363 on board '9fe6bad76e0260b6c312249fe16018d9' was completed in 0.08 seconds with the score of 978.01 (1 unrouted), using 39391.32 CPU seconds and 351631 MB memory.
2026-09-21 22:02:31.357 INFO   [CD1B44\CEAFFD] Restoring an earlier board that has the score of 978.01 (1 unrouted).
2026-09-21 22:02:31.358 INFO   [CD1B44\CEAFFD] Auto-router pass #364 on board '9fe6bad76e0260b6c312249fe16018d9' was completed in 0.19 seconds with the score of 978.01 (1 unrouted), using 39391.32 CPU seconds and 351631 MB memory.
2026-09-21 22:02:31.442 INFO   [CD1B44\CEAFFD] Auto-router pass #365 on board '9fe6bad76e0260b6c312249fe16018d9' was completed in 0.08 seconds with the score of 978.01 (1 unrouted), using 39668.97 CPU seconds and 352739 MB memory.
2026-09-21 22:02:31.522 INFO   [CD1B44\CEAFFD] Auto-router pass #366 on board '9fe6bad76e0260b6c312249fe16018d9' was completed in 0.07 seconds with the score of 978.01 (1 unrouted), using 39668.97 CPU seconds and 352739 MB memory.
2026-09-21 22:02:31.603 INFO   [CD1B44\CEAFFD] Auto-router pass #367 on board '9fe6bad76e0260b6c312249fe16018d9' was completed in 0.08 seconds with the score of 978.01 (1 unrouted), using 39668.97 CPU seconds and 352739 MB memory.
2026-09-21 22:02:31.793 INFO   [CD1B44\CEAFFD] Restoring an earlier board that has the score of 974.89 (2 unrouted).
2026-09-21 22:02:31.794 INFO   [CD1B44\CEAFFD] Auto-router pass #368 on board '9fe6bad76e0260b6c312249fe16018d9' was completed in 0.19 seconds with the score of 978.01 (1 unrouted), using 39668.97 CPU seconds and 352739 MB memory.
2026-09-21 22:02:32.060 INFO   [CD1B44\CEAFFD] Auto-router pass #369 on board '8f7f5cf86d92626584bb96a174866aa4' was completed in 0.26 seconds with the score of 972.29 (3 unrouted), using 39668.97 CPU seconds and 352739 MB memory.
2026-09-21 22:02:32.452 INFO   [CD1B44\CEAFFD] Auto-router pass #370 on board '802a19447d319b9abeb9eaa5f3bbcdf0' was completed in 0.38 seconds with the score of 970.18 (4 unrouted), using 39947.60 CPU seconds and 353997 MB memory.
2026-09-21 22:02:33.291 INFO   [CD1B44\CEAFFD] Auto-router pass #371 on board '1513d2dbf27fd2eccb35b43b768fe415' was completed in 0.83 seconds with the score of 977.41 (1 unrouted), using 39947.60 CPU seconds and 353997 MB memory.
2026-09-21 22:02:33.527 INFO   [CD1B44\CEAFFD] Restoring an earlier board that has the score of 977.41 (1 unrouted).
2026-09-21 22:02:33.528 INFO   [CD1B44\CEAFFD] Auto-router pass #372 on board 'f718baebda18931b1da606f88b487d03' was completed in 0.22 seconds with the score of 977.41 (1 unrouted), using 40227.20 CPU seconds and 355337 MB memory.
2026-09-21 22:02:33.615 INFO   [CD1B44\CEAFFD] Auto-router pass #373 on board 'f718baebda18931b1da606f88b487d03' was completed in 0.08 seconds with the score of 977.41 (1 unrouted), using 40227.20 CPU seconds and 355337 MB memory.
2026-09-21 22:02:33.701 INFO   [CD1B44\CEAFFD] Auto-router pass #374 on board 'f718baebda18931b1da606f88b487d03' was completed in 0.08 seconds with the score of 977.41 (1 unrouted), using 40227.20 CPU seconds and 355337 MB memory.
2026-09-21 22:02:33.784 INFO   [CD1B44\CEAFFD] Auto-router pass #375 on board 'f718baebda18931b1da606f88b487d03' was completed in 0.08 seconds with the score of 977.41 (1 unrouted), using 40227.20 CPU seconds and 355337 MB memory.
2026-09-21 22:02:34.010 INFO   [CD1B44\CEAFFD] Restoring an earlier board that has the score of 977.41 (1 unrouted).
2026-09-21 22:02:34.010 INFO   [CD1B44\CEAFFD] Auto-router pass #376 on board 'f718baebda18931b1da606f88b487d03' was completed in 0.22 seconds with the score of 977.41 (1 unrouted), using 40227.20 CPU seconds and 355337 MB memory.
2026-09-21 22:02:34.096 INFO   [CD1B44\CEAFFD] Auto-router pass #377 on board 'f718baebda18931b1da606f88b487d03' was completed in 0.08 seconds with the score of 977.41 (1 unrouted), using 40227.20 CPU seconds and 355337 MB memory.
2026-09-21 22:02:34.177 INFO   [CD1B44\CEAFFD] Auto-router pass #378 on board 'f718baebda18931b1da606f88b487d03' was completed in 0.08 seconds with the score of 977.41 (1 unrouted), using 40227.20 CPU seconds and 355337 MB memory.
2026-09-21 22:02:34.259 INFO   [CD1B44\CEAFFD] Auto-router pass #379 on board 'f718baebda18931b1da606f88b487d03' was completed in 0.08 seconds with the score of 977.41 (1 unrouted), using 40227.20 CPU seconds and 355337 MB memory.
2026-09-21 22:02:34.484 INFO   [CD1B44\CEAFFD] Restoring an earlier board that has the score of 977.41 (1 unrouted).
2026-09-21 22:02:34.485 INFO   [CD1B44\CEAFFD] Auto-router pass #380 on board 'f718baebda18931b1da606f88b487d03' was completed in 0.22 seconds with the score of 977.41 (1 unrouted), using 40507.79 CPU seconds and 356447 MB memory.
2026-09-21 22:02:34.570 INFO   [CD1B44\CEAFFD] Auto-router pass #381 on board 'f718baebda18931b1da606f88b487d03' was completed in 0.08 seconds with the score of 977.41 (1 unrouted), using 40507.79 CPU seconds and 356447 MB memory.
2026-09-21 22:02:34.650 INFO   [CD1B44\CEAFFD] Auto-router pass #382 on board 'f718baebda18931b1da606f88b487d03' was completed in 0.07 seconds with the score of 977.41 (1 unrouted), using 40507.79 CPU seconds and 356447 MB memory.
2026-09-21 22:02:34.731 INFO   [CD1B44\CEAFFD] Auto-router pass #383 on board 'f718baebda18931b1da606f88b487d03' was completed in 0.08 seconds with the score of 977.41 (1 unrouted), using 40507.79 CPU seconds and 356447 MB memory.
2026-09-21 22:02:34.954 INFO   [CD1B44\CEAFFD] Restoring an earlier board that has the score of 977.41 (1 unrouted).
2026-09-21 22:02:34.954 INFO   [CD1B44\CEAFFD] Auto-router pass #384 on board 'f718baebda18931b1da606f88b487d03' was completed in 0.22 seconds with the score of 977.41 (1 unrouted), using 40507.79 CPU seconds and 356447 MB memory.
2026-09-21 22:02:35.039 INFO   [CD1B44\CEAFFD] Auto-router pass #385 on board 'f718baebda18931b1da606f88b487d03' was completed in 0.08 seconds with the score of 977.41 (1 unrouted), using 40507.79 CPU seconds and 356447 MB memory.
2026-09-21 22:02:35.119 INFO   [CD1B44\CEAFFD] Auto-router pass #386 on board 'f718baebda18931b1da606f88b487d03' was completed in 0.07 seconds with the score of 977.41 (1 unrouted), using 40507.79 CPU seconds and 356447 MB memory.
2026-09-21 22:02:35.198 INFO   [CD1B44\CEAFFD] Auto-router pass #387 on board 'f718baebda18931b1da606f88b487d03' was completed in 0.07 seconds with the score of 977.41 (1 unrouted), using 40507.79 CPU seconds and 356447 MB memory.
2026-09-21 22:02:35.422 INFO   [CD1B44\CEAFFD] Restoring an earlier board that has the score of 972.54 (3 unrouted).
2026-09-21 22:02:35.422 INFO   [CD1B44\CEAFFD] Auto-router pass #388 on board 'f718baebda18931b1da606f88b487d03' was completed in 0.22 seconds with the score of 977.41 (1 unrouted), using 40507.79 CPU seconds and 356447 MB memory.
2026-09-21 22:02:35.681 INFO   [CD1B44\CEAFFD] Auto-router pass #389 on board '4550b1deefca0e363de0cb5c866178ea' was completed in 0.25 seconds with the score of 970.90 (4 unrouted), using 40789.36 CPU seconds and 357571 MB memory.
2026-09-21 22:02:37.000 INFO   [CD1B44\CEAFFD] Auto-router pass #390 on board 'df87ad6a7072a564724c066c148dfff6' was completed in 1.31 seconds with the score of 966.72 (6 unrouted), using 41071.91 CPU seconds and 358919 MB memory.
2026-09-21 22:02:37.765 INFO   [CD1B44\CEAFFD] Auto-router pass #391 on board '687b3553529d31661148f82ee7f02513' was completed in 0.75 seconds with the score of 967.95 (6 unrouted), using 41355.43 CPU seconds and 360289 MB memory.
2026-09-21 22:02:38.788 INFO   [CD1B44\CEAFFD] Restoring an earlier board that has the score of 972.54 (3 unrouted).
2026-09-21 22:02:38.789 INFO   [CD1B44\CEAFFD] Auto-router pass #392 on board '266012818f95f23493e11a3c3a4df799' was completed in 1.01 seconds with the score of 972.28 (3 unrouted), using 41639.93 CPU seconds and 361569 MB memory.
2026-09-21 22:02:39.085 INFO   [CD1B44\CEAFFD] Auto-router pass #393 on board '4550b1deefca0e363de0cb5c866178ea' was completed in 0.29 seconds with the score of 970.94 (4 unrouted), using 41639.93 CPU seconds and 361569 MB memory.
2026-09-21 22:02:39.906 INFO   [CD1B44\CEAFFD] Auto-router pass #394 on board '53d10011dc8b0c8ae7298b7022732dc2' was completed in 0.81 seconds with the score of 954.57 (11 unrouted), using 41925.39 CPU seconds and 362847 MB memory.
2026-09-21 22:02:40.547 INFO   [CD1B44\CEAFFD] Auto-router pass #395 on board 'd02a4332ebd9ce6a3eb2ba91523b3931' was completed in 0.63 seconds with the score of 962.25 (8 unrouted), using 42211.84 CPU seconds and 364276 MB memory.
2026-09-21 22:02:42.848 INFO   [CD1B44\CEAFFD] Restoring an earlier board that has the score of 972.54 (3 unrouted).
2026-09-21 22:02:42.849 INFO   [CD1B44\CEAFFD] Auto-router pass #396 on board '24875744649dc1997542e3c8d6b82c83' was completed in 2.29 seconds with the score of 968.49 (5 unrouted), using 42787.66 CPU seconds and 366707 MB memory.
2026-09-21 22:02:43.124 INFO   [CD1B44\CEAFFD] Auto-router pass #397 on board '4550b1deefca0e363de0cb5c866178ea' was completed in 0.27 seconds with the score of 970.59 (4 unrouted), using 42787.66 CPU seconds and 366707 MB memory.
2026-09-21 22:02:43.592 INFO   [CD1B44\CEAFFD] Auto-router pass #398 on board '986c804239a02eb9658f4680682ee27e' was completed in 0.46 seconds with the score of 969.55 (4 unrouted), using 43077.03 CPU seconds and 367988 MB memory.
2026-09-21 22:02:43.994 INFO   [CD1B44\CEAFFD] Auto-router pass #399 on board 'b10cb80fa210ae6f2d4410e5b65c57fa' was completed in 0.39 seconds with the score of 970.63 (4 unrouted), using 43077.03 CPU seconds and 367988 MB memory.
2026-09-21 22:02:45.815 INFO   [CD1B44\CEAFFD] Restoring an earlier board that has the score of 972.54 (3 unrouted).
2026-09-21 22:02:45.816 INFO   [CD1B44\CEAFFD] Auto-router pass #400 on board '01f1481efb0c33292a8b28d1eeb7ce7c' was completed in 1.81 seconds with the score of 974.84 (2 unrouted), using 43658.70 CPU seconds and 370509 MB memory.
2026-09-21 22:02:46.073 INFO   [CD1B44\CEAFFD] Auto-router pass #401 on board '4550b1deefca0e363de0cb5c866178ea' was completed in 0.25 seconds with the score of 970.90 (4 unrouted), using 43658.70 CPU seconds and 370509 MB memory.
2026-09-21 22:02:47.127 INFO   [CD1B44\CEAFFD] Auto-router pass #402 on board 'df87ad6a7072a564724c066c148dfff6' was completed in 1.05 seconds with the score of 962.02 (7 unrouted), using 43950.99 CPU seconds and 371793 MB memory.
2026-09-21 22:02:47.985 INFO   [CD1B44\CEAFFD] Auto-router pass #403 on board 'bae0ae2d8e4f8edcc491dc8e1d693de7' was completed in 0.84 seconds with the score of 961.10 (8 unrouted), using 44244.25 CPU seconds and 373092 MB memory.
2026-09-21 22:02:51.743 INFO   [CD1B44\CEAFFD] Restoring an earlier board that has the score of 972.46 (3 unrouted).
2026-09-21 22:02:51.744 INFO   [CD1B44\CEAFFD] Auto-router pass #404 on board '4bacf1e41f63bc3872bea362bbfe715d' was completed in 3.75 seconds with the score of 959.56 (8 unrouted), using 45426.93 CPU seconds and 377840 MB memory.
2026-09-21 22:02:52.228 INFO   [CD1B44\CEAFFD] Auto-router pass #405 on board '44870e6d658cf53d16605544ec0a264c' was completed in 0.48 seconds with the score of 970.07 (4 unrouted), using 45426.93 CPU seconds and 377840 MB memory.
2026-09-21 22:02:52.651 INFO   [CD1B44\CEAFFD] Auto-router pass #406 on board '80f8f477bcd417b16812ed2fa1b3958f' was completed in 0.41 seconds with the score of 972.54 (3 unrouted), using 45725.02 CPU seconds and 379189 MB memory.
2026-09-21 22:02:53.385 INFO   [CD1B44\CEAFFD] Auto-router pass #407 on board '80e3db4effc485282a344624fc7dc9ac' was completed in 0.72 seconds with the score of 975.35 (2 unrouted), using 45725.02 CPU seconds and 379189 MB memory.
2026-09-21 22:02:54.296 INFO   [CD1B44\CEAFFD] Restoring an earlier board that has the score of 975.35 (2 unrouted).
2026-09-21 22:02:54.297 INFO   [CD1B44\CEAFFD] Auto-router pass #408 on board 'c9f3fd9100be0d9edcbb98636df154a2' was completed in 0.90 seconds with the score of 967.91 (5 unrouted), using 46024.09 CPU seconds and 380511 MB memory.
2026-09-21 22:02:54.690 INFO   [CD1B44\CEAFFD] Auto-router pass #409 on board 'c9f3fd9100be0d9edcbb98636df154a2' was completed in 0.39 seconds with the score of 968.09 (5 unrouted), using 46324.12 CPU seconds and 381760 MB memory.
2026-09-21 22:02:56.415 INFO   [CD1B44\CEAFFD] Auto-router pass #410 on board '1400a70af7804fa00758bee8935c6fd5' was completed in 1.71 seconds with the score of 970.77 (4 unrouted), using 46625.11 CPU seconds and 383112 MB memory.
2026-09-21 22:02:57.290 INFO   [CD1B44\CEAFFD] Auto-router pass #411 on board '84c1ef985a1d8c5e40d16c85761ebc8b' was completed in 0.86 seconds with the score of 958.05 (9 unrouted), using 46927.09 CPU seconds and 384460 MB memory.
2026-09-21 22:03:00.150 INFO   [CD1B44\CEAFFD] Restoring an earlier board that has the score of 975.35 (2 unrouted).
2026-09-21 22:03:00.150 INFO   [CD1B44\CEAFFD] Auto-router pass #412 on board '91c85b5631b54ea351e00d51d0178343' was completed in 2.85 seconds with the score of 965.04 (6 unrouted), using 47838.91 CPU seconds and 388119 MB memory.
2026-09-21 22:03:00.551 INFO   [CD1B44\CEAFFD] Auto-router pass #413 on board 'c9f3fd9100be0d9edcbb98636df154a2' was completed in 0.40 seconds with the score of 968.09 (5 unrouted), using 47838.91 CPU seconds and 388119 MB memory.
2026-09-21 22:03:01.613 INFO   [CD1B44\CEAFFD] Auto-router pass #414 on board '1400a70af7804fa00758bee8935c6fd5' was completed in 1.05 seconds with the score of 965.47 (6 unrouted), using 48451.69 CPU seconds and 390776 MB memory.
2026-09-21 22:03:02.141 INFO   [CD1B44\CEAFFD] Auto-router pass #415 on board '108ebec1ab6a8828daa1085a230ffe5b' was completed in 0.52 seconds with the score of 961.35 (8 unrouted), using 48451.69 CPU seconds and 390776 MB memory.
2026-09-21 22:03:03.034 INFO   [CD1B44\CEAFFD] Restoring an earlier board that has the score of 975.35 (2 unrouted).
2026-09-21 22:03:03.034 INFO   [CD1B44\CEAFFD] Auto-router pass #416 on board '7a027b9298abbf4af4a05ad9317b9f63' was completed in 0.88 seconds with the score of 959.75 (8 unrouted), using 48759.55 CPU seconds and 392111 MB memory.
2026-09-21 22:03:03.433 INFO   [CD1B44\CEAFFD] Auto-router pass #417 on board 'c9f3fd9100be0d9edcbb98636df154a2' was completed in 0.39 seconds with the score of 968.09 (5 unrouted), using 48759.55 CPU seconds and 392111 MB memory.
2026-09-21 22:03:04.432 INFO   [CD1B44\CEAFFD] Auto-router pass #418 on board '1400a70af7804fa00758bee8935c6fd5' was completed in 0.99 seconds with the score of 965.34 (6 unrouted), using 49068.39 CPU seconds and 393422 MB memory.
2026-09-21 22:03:05.000 INFO   [CD1B44\CEAFFD] Auto-router pass #419 on board '3af294e88d09299534a9c7568b29f72c' was completed in 0.56 seconds with the score of 965.82 (6 unrouted), using 49378.20 CPU seconds and 394797 MB memory.
2026-09-21 22:03:06.239 INFO   [CD1B44\CEAFFD] Restoring an earlier board that has the score of 975.35 (2 unrouted).
2026-09-21 22:03:06.240 INFO   [CD1B44\CEAFFD] Auto-router pass #420 on board '85b9d4a15493f9656e155a23b2d8e3c8' was completed in 1.23 seconds with the score of 963.53 (7 unrouted), using 49689.00 CPU seconds and 396103 MB memory.
2026-09-21 22:03:06.648 INFO   [CD1B44\CEAFFD] Auto-router pass #421 on board 'c9f3fd9100be0d9edcbb98636df154a2' was completed in 0.40 seconds with the score of 967.92 (5 unrouted), using 49689.00 CPU seconds and 396103 MB memory.
2026-09-21 22:03:07.515 INFO   [CD1B44\CEAFFD] Auto-router pass #422 on board 'a7efa89f4014a2895cca3765ac03026b' was completed in 0.86 seconds with the score of 969.33 (4 unrouted), using 50000.75 CPU seconds and 397336 MB memory.
2026-09-21 22:03:08.301 INFO   [CD1B44\CEAFFD] Auto-router pass #423 on board '5e21301dcd89a2ec0df233e34d5145dd' was completed in 0.77 seconds with the score of 965.99 (6 unrouted), using 50313.47 CPU seconds and 398688 MB memory.
2026-09-21 22:03:12.205 INFO   [CD1B44\CEAFFD] Restoring an earlier board that has the score of 972.54 (3 unrouted).
2026-09-21 22:03:12.205 INFO   [CD1B44\CEAFFD] Auto-router pass #424 on board 'acc941f38fc6eeac499ec696a6901ce5' was completed in 3.89 seconds with the score of 958.62 (9 unrouted), using 51574.05 CPU seconds and 403453 MB memory.
2026-09-21 22:03:13.057 INFO   [CD1B44\CEAFFD] Auto-router pass #425 on board '80e3db4effc485282a344624fc7dc9ac' was completed in 0.85 seconds with the score of 966.59 (6 unrouted), using 51891.61 CPU seconds and 404730 MB memory.
2026-09-21 22:03:13.643 INFO   [CD1B44\CEAFFD] Auto-router pass #426 on board 'c181a2ff16ffa5940f05e583f4df7392' was completed in 0.57 seconds with the score of 967.20 (6 unrouted), using 51891.61 CPU seconds and 404730 MB memory.
2026-09-21 22:03:14.729 INFO   [CD1B44\CEAFFD] Auto-router pass #427 on board '9245e9f7d8dccc9e82c6a0fec4bf041e' was completed in 1.07 seconds with the score of 970.60 (4 unrouted), using 52210.14 CPU seconds and 406100 MB memory.
2026-09-21 22:03:16.193 INFO   [CD1B44\CEAFFD] Restoring an earlier board that has the score of 972.54 (3 unrouted).
2026-09-21 22:03:16.194 INFO   [CD1B44\CEAFFD] Auto-router pass #428 on board '1d4314d5531513b70d22c7767daf7c38' was completed in 1.45 seconds with the score of 973.03 (3 unrouted), using 52850.13 CPU seconds and 408642 MB memory.
2026-09-21 22:03:16.893 INFO   [CD1B44\CEAFFD] Auto-router pass #429 on board '80e3db4effc485282a344624fc7dc9ac' was completed in 0.69 seconds with the score of 972.61 (3 unrouted), using 53171.58 CPU seconds and 409916 MB memory.
2026-09-21 22:03:17.355 INFO   [CD1B44\CEAFFD] Auto-router pass #430 on board '7d677fc5051bfb0194c471b7b33de371' was completed in 0.45 seconds with the score of 967.30 (5 unrouted), using 53171.58 CPU seconds and 409916 MB memory.
2026-09-21 22:03:18.209 INFO   [CD1B44\CEAFFD] Auto-router pass #431 on board '46248e3629f6207a856c2d285454bff2' was completed in 0.84 seconds with the score of 956.03 (9 unrouted), using 53494.01 CPU seconds and 411331 MB memory.
2026-09-21 22:03:20.098 INFO   [CD1B44\CEAFFD] Restoring an earlier board that has the score of 972.61 (3 unrouted).
2026-09-21 22:03:20.099 INFO   [CD1B44\CEAFFD] Auto-router pass #432 on board 'c292ee667996253adc964cf944e88705' was completed in 1.88 seconds with the score of 966.12 (5 unrouted), using 54141.80 CPU seconds and 413863 MB memory.
2026-09-21 22:03:20.532 INFO   [CD1B44\CEAFFD] Auto-router pass #433 on board '7d677fc5051bfb0194c471b7b33de371' was completed in 0.43 seconds with the score of 966.31 (5 unrouted), using 54141.80 CPU seconds and 413863 MB memory.
2026-09-21 22:03:21.044 INFO   [CD1B44\CEAFFD] Auto-router pass #434 on board 'bf16af341b2add9d7adc975199e6e8fa' was completed in 0.50 seconds with the score of 967.58 (5 unrouted), using 54467.17 CPU seconds and 415205 MB memory.
2026-09-21 22:03:21.458 INFO   [CD1B44\CEAFFD] Auto-router pass #435 on board 'c4e8b3218ec165966a432cb3a031ea75' was completed in 0.40 seconds with the score of 970.24 (4 unrouted), using 54467.17 CPU seconds and 415205 MB memory.
2026-09-21 22:03:23.496 INFO   [CD1B44\CEAFFD] Restoring an earlier board that has the score of 972.61 (3 unrouted).
2026-09-21 22:03:23.496 INFO   [CD1B44\CEAFFD] Auto-router pass #436 on board '1c541965badc0cf28df1dfc3d3323aa2' was completed in 2.03 seconds with the score of 970.11 (4 unrouted), using 55120.84 CPU seconds and 417693 MB memory.
2026-09-21 22:03:23.944 INFO   [CD1B44\CEAFFD] Auto-router pass #437 on board '7d677fc5051bfb0194c471b7b33de371' was completed in 0.44 seconds with the score of 967.72 (5 unrouted), using 55449.14 CPU seconds and 418928 MB memory.
2026-09-21 22:03:24.693 INFO   [CD1B44\CEAFFD] Auto-router pass #438 on board '57cdfde9ee7ebb1540de57ba5e9dfc3c' was completed in 0.74 seconds with the score of 962.37 (7 unrouted), using 55449.14 CPU seconds and 418928 MB memory.
2026-09-21 22:03:25.530 INFO   [CD1B44\CEAFFD] Auto-router pass #439 on board '0d863eee3be0605298378b63ee765d5e' was completed in 0.82 seconds with the score of 967.30 (5 unrouted), using 55778.40 CPU seconds and 420281 MB memory.
2026-09-21 22:03:27.497 INFO   [CD1B44\CEAFFD] Restoring an earlier board that has the score of 972.61 (3 unrouted).
2026-09-21 22:03:27.497 INFO   [CD1B44\CEAFFD] Auto-router pass #440 on board '99e392358862cb1d707eb1d4e4e1048e' was completed in 1.96 seconds with the score of 959.04 (8 unrouted), using 56439.89 CPU seconds and 422847 MB memory.
2026-09-21 22:03:27.998 INFO   [CD1B44\CEAFFD] Auto-router pass #441 on board '7d677fc5051bfb0194c471b7b33de371' was completed in 0.50 seconds with the score of 967.72 (5 unrouted), using 56772.09 CPU seconds and 424063 MB memory.
2026-09-21 22:03:28.705 INFO   [CD1B44\CEAFFD] Auto-router pass #442 on board '5264b48de94fe3eae951310d47b34cfb' was completed in 0.70 seconds with the score of 962.68 (7 unrouted), using 56772.09 CPU seconds and 424063 MB memory.
2026-09-21 22:03:29.647 INFO   [CD1B44\CEAFFD] Auto-router pass #443 on board '56be346d7cb830ed38d0a46d669fe5c9' was completed in 0.93 seconds with the score of 958.02 (8 unrouted), using 57105.27 CPU seconds and 425410 MB memory.
2026-09-21 22:03:32.785 INFO   [CD1B44\CEAFFD] Restoring an earlier board that has the score of 972.61 (3 unrouted).
2026-09-21 22:03:32.785 INFO   [CD1B44\CEAFFD] Auto-router pass #444 on board '93404ca7e98e4b2ddf5167deeea78563' was completed in 3.13 seconds with the score of 967.10 (5 unrouted), using 58110.65 CPU seconds and 429212 MB memory.
2026-09-21 22:03:33.279 INFO   [CD1B44\CEAFFD] Auto-router pass #445 on board '7d677fc5051bfb0194c471b7b33de371' was completed in 0.49 seconds with the score of 967.46 (5 unrouted), using 58447.73 CPU seconds and 430437 MB memory.
2026-09-21 22:03:34.066 INFO   [CD1B44\CEAFFD] Auto-router pass #446 on board 'cda529633428d156a4242e3a5fa0f406' was completed in 0.78 seconds with the score of 962.46 (7 unrouted), using 58785.79 CPU seconds and 431813 MB memory.
2026-09-21 22:03:35.278 INFO   [CD1B44\CEAFFD] Auto-router pass #447 on board '8c8567647aa3456b29e7ef4bf488bf2b' was completed in 1.20 seconds with the score of 959.01 (8 unrouted), using 59124.83 CPU seconds and 433216 MB memory.
