/* Generated by ui_assets/generate.py; see LICENSE-Montserrat.txt and LICENSE-LVGL.txt. */
#pragma once
#include <stdint.h>
typedef struct { uint32_t offset; uint16_t advance; uint8_t w,h; int8_t x,y; } ui_glyph_t;
typedef struct { const uint8_t *bitmap; const ui_glyph_t *glyphs; int height,baseline; } ui_font_t;
static const uint8_t ui_bitmap_12[] = {
0x0f,0x40,0xf3,0x0f,0x30,0xf2,0x0e,0x20,0xd1,0x03,0x00,0x81,0x1e,0x30,0x3c,0x1e,0x3b,0x0e,0x3b,0x0e,0x15,0x07,0x00,0x48,
0x03,0xa0,0x00,0x06,0x60,0x58,0x00,0x4f,0xff,0xff,0xff,0x10,0x0a,0x20,0x84,0x00,0x00,0xc1,0x0a,0x30,0x00,0x0d,0x00,0xb1,
0x00,0xaf,0xff,0xff,0xfb,0x00,0x1c,0x00,0xd0,0x00,0x03,0xa0,0x1c,0x00,0x00,0x00,0x09,0x20,0x00,0x00,0x92,0x00,0x03,0xcf,
0xfb,0x31,0xf7,0xa5,0x74,0x4e,0x09,0x20,0x01,0xf9,0xb2,0x00,0x02,0xbf,0xe8,0x00,0x00,0x97,0xda,0x00,0x09,0x24,0xe5,0xb4,
0xa5,0xba,0x08,0xef,0xfa,0x10,0x00,0x92,0x00,0x00,0x04,0x10,0x00,0x0a,0xc8,0x00,0x0c,0x10,0x66,0x0a,0x20,0x76,0x00,0x83,
0x07,0x42,0xc0,0x00,0x57,0x0a,0x2b,0x20,0x00,0x09,0xc6,0x68,0x5c,0x90,0x00,0x01,0xc1,0xc0,0x67,0x00,0x0a,0x43,0x90,0x2a,
0x00,0x49,0x01,0xb0,0x47,0x00,0xc1,0x00,0x7b,0xb1,0x00,0x9e,0xd4,0x00,0x00,0x5c,0x03,0xd0,0x00,0x04,0xc0,0x5c,0x00,0x00,
0x0c,0xbd,0x20,0x00,0x03,0xde,0x80,0x10,0x01,0xe3,0x1d,0x78,0x80,0x6b,0x00,0x1d,0xf2,0x04,0xf4,0x13,0xcf,0x60,0x06,0xdf,
0xd6,0x2b,0x00,0x00,0x00,0x00,0x00,0x3c,0x3b,0x3b,0x15,0x0a,0x71,0xf1,0x5c,0x09,0x80,0xb6,0x0c,0x40,0xd4,0x0c,0x40,0xb6,
0x09,0x80,0x5b,0x01,0xf1,0x0a,0x70,0x6b,0x00,0xf2,0x0b,0x60,0x7a,0x05,0xc0,0x4d,0x03,0xe0,0x4d,0x05,0xc0,0x7a,0x0b,0x60,
0xf1,0x6b,0x00,0x00,0xb0,0x08,0x9c,0xb5,0x0b,0xf8,0x08,0x7c,0x95,0x00,0xa0,0x00,0x00,0x0b,0x00,0x00,0x00,0xf0,0x00,0x00,
0x0f,0x00,0x02,0xee,0xfe,0xe2,0x01,0x1f,0x11,0x00,0x00,0xf0,0x00,0x18,0x04,0xf1,0x0d,0x03,0x80,0x4f,0xfd,0x02,0x22,0x2a,
0x04,0xd0,0x00,0x00,0x34,0x00,0x00,0xb5,0x00,0x00,0xf0,0x00,0x05,0xb0,0x00,0x0a,0x60,0x00,0x0e,0x10,0x00,0x4c,0x00,0x00,
0x97,0x00,0x00,0xe2,0x00,0x03,0xd0,0x00,0x08,0x70,0x00,0x0d,0x20,0x00,0x2d,0x00,0x00,0x00,0x9e,0xe9,0x00,0x0a,0xd4,0x4d,
0xa0,0x1f,0x20,0x02,0xf1,0x5e,0x00,0x00,0xd5,0x6c,0x00,0x00,0xc6,0x5e,0x00,0x00,0xd5,0x1f,0x20,0x02,0xf1,0x0a,0xd4,0x4d,
0xa0,0x00,0x9e,0xe9,0x00,0xef,0xf3,0x22,0xf3,0x00,0xf3,0x00,0xf3,0x00,0xf3,0x00,0xf3,0x00,0xf3,0x00,0xf3,0x00,0xf3,0x19,
0xef,0xc2,0x08,0xb4,0x3a,0xe0,0x00,0x00,0x2f,0x10,0x00,0x05,0xe0,0x00,0x02,0xe5,0x00,0x01,0xd7,0x00,0x01,0xd8,0x00,0x01,
0xda,0x22,0x21,0x8f,0xff,0xff,0x70,0x9f,0xff,0xff,0x01,0x22,0x2d,0x80,0x00,0x09,0xb0,0x00,0x05,0xf2,0x00,0x00,0x7c,0xf8,
0x00,0x00,0x02,0xf2,0x00,0x00,0x0e,0x4b,0x94,0x39,0xf1,0x3b,0xff,0xc3,0x00,0x00,0x00,0x9b,0x00,0x00,0x04,0xe1,0x00,0x00,
0x1e,0x50,0x00,0x00,0xaa,0x00,0x00,0x05,0xe1,0x0d,0x40,0x1e,0x40,0x0d,0x40,0x8f,0xff,0xff,0xfd,0x12,0x22,0x2e,0x62,0x00,
0x00,0x0e,0x40,0x0c,0xff,0xff,0x00,0xe5,0x22,0x20,0x0f,0x10,0x00,0x01,0xff,0xeb,0x30,0x02,0x23,0x9f,0x10,0x00,0x00,0xd6,
0x00,0x00,0x0d,0x69,0xb4,0x38,0xf1,0x2a,0xef,0xc4,0x00,0x00,0x6d,0xfd,0x50,0x08,0xd5,0x23,0x20,0x1f,0x20,0x00,0x00,0x4d,
0x6d,0xea,0x10,0x6f,0xc4,0x3c,0xa0,0x5f,0x30,0x02,0xf0,0x2f,0x20,0x02,0xf0,0x0a,0xc3,0x2b,0xa0,0x01,0xaf,0xfa,0x10,0xaf,
0xff,0xff,0xba,0x92,0x22,0xd7,0x76,0x00,0x3f,0x10,0x00,0x0a,0x90,0x00,0x01,0xf2,0x00,0x00,0x7c,0x00,0x00,0x0e,0x50,0x00,
0x05,0xe0,0x00,0x00,0xc8,0x00,0x00,0x03,0xcf,0xea,0x10,0x0e,0x81,0x2c,0xa0,0x2f,0x10,0x05,0xd0,0x0e,0x70,0x1b,0x90,0x06,
0xff,0xff,0x20,0x3f,0x50,0x18,0xe0,0x6c,0x00,0x00,0xf2,0x3f,0x61,0x29,0xe0,0x05,0xcf,0xfb,0x20,0x07,0xef,0xc3,0x06,0xe3,
0x15,0xe1,0x98,0x00,0x0b,0x87,0xd2,0x03,0xfb,0x0a,0xff,0xd9,0xc0,0x00,0x10,0x8b,0x00,0x00,0x0d,0x70,0x62,0x4b,0xd0,0x1c,
0xfe,0xa1,0x00,0x4e,0x02,0xa0,0x00,0x00,0x00,0x00,0x02,0xa0,0x4d,0x00,0x4e,0x02,0xa0,0x00,0x00,0x00,0x00,0x01,0x80,0x4f,
0x10,0xd0,0x38,0x00,0x00,0x00,0x02,0x10,0x00,0x4b,0xe1,0x07,0xdc,0x50,0x03,0xf8,0x00,0x00,0x04,0xbe,0x71,0x00,0x00,0x29,
0xe2,0x00,0x00,0x00,0x00,0x3f,0xff,0xff,0x30,0x00,0x00,0x00,0x00,0x00,0x00,0x02,0xee,0xee,0xe2,0x01,0x11,0x11,0x00,0x12,
0x00,0x00,0x02,0xeb,0x40,0x00,0x00,0x5c,0xd6,0x00,0x00,0x08,0xf2,0x01,0x7e,0xb4,0x02,0xe9,0x20,0x00,0x00,0x00,0x00,0x00,
0x1a,0xef,0xc3,0x09,0xa3,0x2a,0xe0,0x00,0x00,0x3f,0x00,0x00,0x0a,0xa0,0x00,0x09,0xc0,0x00,0x02,0xf1,0x00,0x00,0x01,0x00,
0x00,0x02,0x80,0x00,0x00,0x4d,0x00,0x00,0x00,0x04,0xbd,0xdd,0x81,0x00,0x00,0x9b,0x30,0x00,0x6d,0x30,0x07,0xa0,0x8e,0xe8,
0xd5,0xd1,0x0d,0x07,0xd2,0x19,0xf3,0x77,0x4a,0x0d,0x40,0x00,0xf3,0x1b,0x58,0x0f,0x20,0x00,0xd3,0x0c,0x58,0x0d,0x40,0x00,
0xf3,0x1b,0x3a,0x07,0xd2,0x1a,0xf5,0x77,0x0d,0x00,0x8e,0xe8,0x5f,0xb0,0x06,0xa0,0x00,0x00,0x00,0x00,0x00,0x9b,0x30,0x02,
0x40,0x00,0x00,0x05,0xbd,0xed,0x60,0x00,0x00,0x00,0x6f,0x30,0x00,0x00,0x00,0xdd,0x90,0x00,0x00,0x04,0xe3,0xf1,0x00,0x00,
0x0b,0x80,0xc7,0x00,0x00,0x1f,0x20,0x6e,0x00,0x00,0x8c,0x00,0x1f,0x50,0x00,0xef,0xee,0xef,0xb0,0x06,0xe2,0x11,0x14,0xf2,
0x0c,0x70,0x00,0x00,0xb9,0xbf,0xff,0xfb,0x20,0xb7,0x11,0x2a,0xd0,0xb7,0x00,0x03,0xf0,0xb7,0x00,0x08,0xc0,0xbf,0xff,0xff,
0x50,0xb8,0x22,0x26,0xf2,0xb7,0x00,0x00,0xc7,0xb7,0x11,0x15,0xf4,0xbf,0xff,0xfd,0x60,0x00,0x3b,0xef,0xb3,0x00,0x5f,0x93,
0x38,0xe0,0x0e,0x60,0x00,0x00,0x04,0xe0,0x00,0x00,0x00,0x6c,0x00,0x00,0x00,0x04,0xe0,0x00,0x00,0x00,0x0e,0x60,0x00,0x00,
0x00,0x5f,0x93,0x38,0xe0,0x00,0x3b,0xff,0xb3,0x00,0xbf,0xff,0xea,0x30,0x0b,0x82,0x23,0x9f,0x40,0xb7,0x00,0x00,0x7e,0x0b,
0x70,0x00,0x00,0xf3,0xb7,0x00,0x00,0x0e,0x5b,0x70,0x00,0x00,0xf3,0xb7,0x00,0x00,0x7e,0x0b,0x82,0x23,0x9f,0x40,0xbf,0xff,
0xeb,0x30,0x00,0xbf,0xff,0xff,0x3b,0x82,0x22,0x20,0xb7,0x00,0x00,0x0b,0x70,0x00,0x00,0xbf,0xff,0xfa,0x0b,0x82,0x22,0x10,
0xb7,0x00,0x00,0x0b,0x82,0x22,0x20,0xbf,0xff,0xff,0x50,0xbf,0xff,0xff,0x3b,0x82,0x22,0x20,0xb7,0x00,0x00,0x0b,0x70,0x00,
0x00,0xbf,0xff,0xfa,0x0b,0x82,0x22,0x10,0xb7,0x00,0x00,0x0b,0x70,0x00,0x00,0xb7,0x00,0x00,0x00,0x00,0x3b,0xef,0xc4,0x00,
0x5f,0x94,0x38,0xe1,0x0e,0x70,0x00,0x00,0x04,0xe0,0x00,0x00,0x00,0x6c,0x00,0x00,0x08,0x24,0xe0,0x00,0x00,0xe3,0x0e,0x60,
0x00,0x0e,0x30,0x5f,0x93,0x37,0xf3,0x00,0x3b,0xef,0xc4,0x00,0xb7,0x00,0x00,0xb7,0xb7,0x00,0x00,0xb7,0xb7,0x00,0x00,0xb7,
0xb7,0x00,0x00,0xb7,0xbf,0xff,0xff,0xf7,0xb8,0x22,0x22,0xc7,0xb7,0x00,0x00,0xb7,0xb7,0x00,0x00,0xb7,0xb7,0x00,0x00,0xb7,
0xb7,0xb7,0xb7,0xb7,0xb7,0xb7,0xb7,0xb7,0xb7,0x04,0xff,0xff,0x00,0x22,0x5f,0x00,0x00,0x3f,0x00,0x00,0x3f,0x00,0x00,0x3f,
0x00,0x00,0x3f,0x00,0x00,0x4e,0x0d,0x52,0xba,0x05,0xdf,0xb2,0xb7,0x00,0x07,0xd1,0xb7,0x00,0x5e,0x20,0xb7,0x04,0xe3,0x00,
0xb7,0x3e,0x40,0x00,0xb9,0xef,0x20,0x00,0xbf,0x89,0xd0,0x00,0xba,0x00,0xca,0x00,0xb7,0x00,0x1e,0x70,0xb7,0x00,0x03,0xf3,
0xb7,0x00,0x00,0x0b,0x70,0x00,0x00,0xb7,0x00,0x00,0x0b,0x70,0x00,0x00,0xb7,0x00,0x00,0x0b,0x70,0x00,0x00,0xb7,0x00,0x00,
0x0b,0x82,0x22,0x20,0xbf,0xff,0xff,0x00,0xb8,0x00,0x00,0x01,0xf3,0xbf,0x10,0x00,0x09,0xf3,0xbe,0xa0,0x00,0x2e,0xf3,0xb7,
0xe3,0x00,0xb7,0xf3,0xb6,0x7b,0x04,0xd0,0xf3,0xb6,0x0d,0x4c,0x50,0xf3,0xb6,0x05,0xfc,0x00,0xf3,0xb6,0x00,0xb3,0x00,0xf3,
0xb6,0x00,0x00,0x00,0xf3,0xb9,0x00,0x00,0xb7,0xbf,0x50,0x00,0xb7,0xbc,0xf2,0x00,0xb7,0xb7,0xad,0x00,0xb7,0xb7,0x0d,0x90,
0xb7,0xb7,0x02,0xf5,0xb7,0xb7,0x00,0x6f,0xd7,0xb7,0x00,0x0a,0xf7,0xb7,0x00,0x00,0xd7,0x00,0x3b,0xef,0xb4,0x00,0x05,0xf9,
0x33,0x8f,0x60,0x0e,0x60,0x00,0x05,0xf1,0x4e,0x00,0x00,0x00,0xd5,0x6c,0x00,0x00,0x00,0xb7,0x4e,0x00,0x00,0x00,0xd5,0x0e,
0x60,0x00,0x05,0xf1,0x05,0xf9,0x33,0x8f,0x60,0x00,0x3b,0xef,0xb4,0x00,0xbf,0xff,0xd8,0x00,0xb8,0x22,0x5d,0x90,0xb7,0x00,
0x04,0xe0,0xb7,0x00,0x03,0xf0,0xb7,0x00,0x2c,0xa0,0xbf,0xff,0xfa,0x10,0xb8,0x22,0x00,0x00,0xb7,0x00,0x00,0x00,0xb7,0x00,
0x00,0x00,0x00,0x3b,0xef,0xb4,0x00,0x04,0xf9,0x33,0x8f,0x60,0x0e,0x60,0x00,0x05,0xf1,0x4e,0x00,0x00,0x00,0xd5,0x6c,0x00,
0x00,0x00,0xb7,0x4e,0x00,0x00,0x00,0xd6,0x0f,0x60,0x00,0x05,0xf1,0x05,0xf8,0x32,0x7f,0x60,0x00,0x4c,0xff,0xc5,0x00,0x00,
0x00,0x0c,0xb0,0x28,0x00,0x00,0x01,0xbf,0xe5,0x00,0x00,0x00,0x00,0x00,0xbf,0xff,0xd8,0x00,0xb8,0x22,0x5d,0x90,0xb7,0x00,
0x04,0xe0,0xb7,0x00,0x03,0xf0,0xb7,0x00,0x1b,0xb0,0xbf,0xff,0xfb,0x10,0xb8,0x22,0xb9,0x00,0xb7,0x00,0x1f,0x30,0xb7,0x00,
0x07,0xd0,0x03,0xcf,0xeb,0x31,0xf7,0x23,0x74,0x4e,0x00,0x00,0x01,0xf9,0x20,0x00,0x02,0xbf,0xd7,0x00,0x00,0x04,0xca,0x00,
0x00,0x04,0xe5,0xb4,0x23,0xbb,0x08,0xdf,0xea,0x10,0xff,0xff,0xff,0xf2,0x23,0xf3,0x22,0x00,0x1f,0x10,0x00,0x01,0xf1,0x00,
0x00,0x1f,0x10,0x00,0x01,0xf1,0x00,0x00,0x1f,0x10,0x00,0x01,0xf1,0x00,0x00,0x1f,0x10,0x00,0xd6,0x00,0x00,0xe4,0xd6,0x00,
0x00,0xe4,0xd6,0x00,0x00,0xe4,0xd6,0x00,0x00,0xe4,0xd6,0x00,0x00,0xe4,0xc7,0x00,0x00,0xf3,0x9a,0x00,0x02,0xf1,0x2f,0x83,
0x5d,0xa0,0x04,0xcf,0xd8,0x00,0x0c,0x70,0x00,0x00,0xd5,0x06,0xe0,0x00,0x04,0xe0,0x00,0xf4,0x00,0x0a,0x80,0x00,0x9b,0x00,
0x1f,0x20,0x00,0x2f,0x20,0x7b,0x00,0x00,0x0c,0x80,0xe4,0x00,0x00,0x05,0xe5,0xe0,0x00,0x00,0x00,0xee,0x70,0x00,0x00,0x00,
0x8f,0x10,0x00,0x7c,0x00,0x00,0xe8,0x00,0x02,0xf0,0x2f,0x10,0x03,0xfd,0x00,0x07,0xa0,0x0d,0x60,0x08,0x9f,0x20,0x0c,0x50,
0x08,0xb0,0x0e,0x3b,0x70,0x1f,0x00,0x03,0xf0,0x3e,0x06,0xc0,0x6b,0x00,0x00,0xe5,0x89,0x01,0xf1,0xb6,0x00,0x00,0x9a,0xd4,
0x00,0xb7,0xf1,0x00,0x00,0x4f,0xe0,0x00,0x6f,0xc0,0x00,0x00,0x0f,0xa0,0x00,0x1f,0x70,0x00,0x5f,0x10,0x00,0xe5,0x0a,0xb0,
0x09,0xa0,0x01,0xe6,0x4e,0x10,0x00,0x4f,0xe4,0x00,0x00,0x0d,0xe0,0x00,0x00,0x7d,0xd8,0x00,0x02,0xf3,0x2f,0x30,0x0c,0x80,
0x07,0xd0,0x8d,0x00,0x00,0xc9,0x0c,0x80,0x00,0x0a,0x80,0x3f,0x10,0x03,0xe0,0x00,0xaa,0x00,0xc6,0x00,0x01,0xf3,0x5d,0x00,
0x00,0x07,0xce,0x40,0x00,0x00,0x0e,0xb0,0x00,0x00,0x00,0xb7,0x00,0x00,0x00,0x0b,0x70,0x00,0x00,0x00,0xb7,0x00,0x00,0x6f,
0xff,0xff,0xf5,0x02,0x22,0x29,0xd0,0x00,0x00,0x3f,0x30,0x00,0x01,0xe6,0x00,0x00,0x0b,0xa0,0x00,0x00,0x8d,0x00,0x00,0x04,
0xf2,0x00,0x00,0x1e,0x82,0x22,0x21,0x7f,0xff,0xff,0xf8,0xbf,0xcb,0x60,0xb6,0x0b,0x60,0xb6,0x0b,0x60,0xb6,0x0b,0x60,0xb6,
0x0b,0x60,0xb6,0x0b,0x60,0xbf,0xc0,0x35,0x00,0x00,0x2e,0x00,0x00,0x0d,0x30,0x00,0x08,0x80,0x00,0x03,0xd0,0x00,0x00,0xd2,
0x00,0x00,0x87,0x00,0x00,0x3c,0x00,0x00,0x0e,0x10,0x00,0x09,0x70,0x00,0x04,0xc0,0x00,0x00,0xe1,0x00,0x00,0xa6,0xcf,0xb0,
0x7b,0x06,0xb0,0x6b,0x06,0xb0,0x6b,0x06,0xb0,0x6b,0x06,0xb0,0x6b,0x06,0xb0,0x7b,0xcf,0xb0,0x00,0x07,0x00,0x00,0x05,0xe5,
0x00,0x00,0xb4,0xb0,0x00,0x2c,0x0c,0x20,0x08,0x60,0x68,0x00,0xd0,0x00,0xd0,0xdd,0xdd,0xdd,0x27,0x10,0x05,0xc1,0x08,0xdf,
0xc3,0x00,0xa4,0x29,0xd0,0x00,0x00,0x1f,0x10,0x8d,0xee,0xf2,0x4e,0x10,0x0f,0x24,0xe0,0x07,0xf2,0x09,0xed,0x8f,0x20,0xe4,
0x00,0x00,0x0e,0x40,0x00,0x00,0xe4,0x00,0x00,0x0e,0x7c,0xfc,0x40,0xef,0x52,0x8f,0x2e,0x60,0x00,0xb8,0xe4,0x00,0x08,0xae,
0x60,0x00,0xb8,0xef,0x52,0x8f,0x2e,0x6d,0xfc,0x40,0x02,0xbf,0xe8,0x00,0xda,0x24,0xc3,0x5d,0x00,0x00,0x07,0xb0,0x00,0x00,
0x5d,0x00,0x00,0x00,0xda,0x24,0xd3,0x02,0xbf,0xe8,0x00,0x00,0x00,0x01,0xf1,0x00,0x00,0x01,0xf1,0x00,0x00,0x01,0xf1,0x02,
0xbf,0xd6,0xf1,0x0e,0x92,0x3d,0xf1,0x5d,0x00,0x04,0xf1,0x7b,0x00,0x01,0xf1,0x5d,0x00,0x03,0xf1,0x0e,0x91,0x2d,0xf1,0x02,
0xbf,0xe6,0xf1,0x02,0xbf,0xd5,0x00,0xe8,0x14,0xe4,0x5c,0x00,0x06,0xb7,0xfe,0xee,0xec,0x5d,0x00,0x00,0x00,0xe9,0x23,0xa2,
0x02,0xbf,0xe9,0x00,0x01,0xcf,0x60,0x9a,0x11,0x0b,0x60,0x0d,0xff,0xf3,0x0b,0x60,0x00,0xb6,0x00,0x0b,0x60,0x00,0xb6,0x00,
0x0b,0x60,0x00,0xb6,0x00,0x02,0xbf,0xe6,0xe2,0x0e,0xa2,0x3c,0xf2,0x5d,0x00,0x02,0xf2,0x7b,0x00,0x00,0xf2,0x5d,0x00,0x02,
0xf2,0x0e,0xa2,0x3d,0xf2,0x02,0xbf,0xe5,0xf2,0x00,0x00,0x02,0xf0,0x0c,0x62,0x3b,0xa0,0x06,0xdf,0xea,0x10,0xe4,0x00,0x00,
0x0e,0x40,0x00,0x00,0xe4,0x00,0x00,0x0e,0x7d,0xfc,0x20,0xee,0x42,0xac,0x0e,0x60,0x02,0xf0,0xe4,0x00,0x0f,0x1e,0x40,0x00,
0xf2,0xe4,0x00,0x0f,0x2e,0x40,0x00,0xf2,0x0d,0x40,0x82,0x00,0x00,0xe4,0x0e,0x40,0xe4,0x0e,0x40,0xe4,0x0e,0x40,0xe4,0x00,
0x0d,0x50,0x00,0x72,0x00,0x00,0x00,0x00,0xd4,0x00,0x0d,0x40,0x00,0xd4,0x00,0x0d,0x40,0x00,0xd4,0x00,0x0d,0x40,0x00,0xd4,
0x00,0x0d,0x40,0x22,0xf2,0x0d,0xf8,0x00,0xe4,0x00,0x00,0x0e,0x40,0x00,0x00,0xe4,0x00,0x00,0x0e,0x40,0x0b,0xa0,0xe4,0x0b,
0xb0,0x0e,0x4b,0xc0,0x00,0xee,0xfd,0x00,0x0e,0xc1,0xd9,0x00,0xe4,0x02,0xf4,0x0e,0x40,0x06,0xe1,0xe4,0xe4,0xe4,0xe4,0xe4,
0xe4,0xe4,0xe4,0xe4,0xe4,0xe7,0xdf,0xb2,0x9e,0xe8,0x0e,0xd3,0x2c,0xfb,0x23,0xe5,0xe6,0x00,0x4f,0x10,0x09,0x9e,0x40,0x03,
0xf0,0x00,0x8a,0xe4,0x00,0x3f,0x00,0x08,0xae,0x40,0x03,0xf0,0x00,0x8a,0xe4,0x00,0x3f,0x00,0x08,0xa0,0xe6,0xdf,0xc2,0x0e,
0xe4,0x1a,0xc0,0xe6,0x00,0x1f,0x0e,0x40,0x00,0xf1,0xe4,0x00,0x0f,0x2e,0x40,0x00,0xf2,0xe4,0x00,0x0f,0x20,0x02,0xbf,0xe8,
0x00,0x0e,0xa2,0x3e,0x80,0x5d,0x00,0x04,0xf0,0x7b,0x00,0x01,0xf1,0x5d,0x00,0x04,0xf0,0x0d,0xa2,0x3e,0x80,0x02,0xbf,0xe8,
0x00,0xe7,0xdf,0xc4,0x0e,0xf4,0x16,0xf2,0xe6,0x00,0x0a,0x8e,0x40,0x00,0x8a,0xe7,0x00,0x0b,0x8e,0xf5,0x28,0xf2,0xe6,0xcf,
0xc4,0x0e,0x40,0x00,0x00,0xe4,0x00,0x00,0x0e,0x40,0x00,0x00,0x02,0xbf,0xd5,0xf1,0x0e,0xa2,0x3e,0xf1,0x5d,0x00,0x04,0xf1,
0x7b,0x00,0x01,0xf1,0x5d,0x00,0x04,0xf1,0x0e,0xa2,0x3e,0xf1,0x02,0xbf,0xd5,0xf1,0x00,0x00,0x01,0xf1,0x00,0x00,0x01,0xf1,
0x00,0x00,0x01,0xf1,0xe6,0xd8,0xee,0x61,0xe7,0x00,0xe4,0x00,0xe4,0x00,0xe4,0x00,0xe4,0x00,0x09,0xef,0xc2,0x6d,0x22,0x61,
0x7d,0x20,0x00,0x09,0xfe,0x91,0x00,0x02,0xc9,0x56,0x22,0xb8,0x4c,0xfe,0xa0,0x05,0x30,0x00,0xb6,0x00,0xdf,0xff,0x30,0xb6,
0x00,0x0b,0x60,0x00,0xb6,0x00,0x0b,0x60,0x00,0xaa,0x11,0x02,0xdf,0x60,0xf3,0x00,0x2f,0x0f,0x30,0x02,0xf0,0xf3,0x00,0x2f,
0x0f,0x30,0x02,0xf0,0xe4,0x00,0x4f,0x0a,0xb2,0x2c,0xf0,0x1b,0xfe,0x6f,0x00,0x0d,0x50,0x00,0x98,0x06,0xc0,0x00,0xf2,0x01,
0xf2,0x06,0xb0,0x00,0xa8,0x0c,0x50,0x00,0x3e,0x3e,0x00,0x00,0x0d,0xd8,0x00,0x00,0x06,0xf2,0x00,0xc5,0x00,0x3f,0x10,0x07,
0x86,0xa0,0x09,0xf6,0x00,0xd3,0x1f,0x00,0xe7,0xb0,0x2d,0x00,0xb5,0x4c,0x0e,0x18,0x80,0x06,0xa9,0x60,0xa6,0xd3,0x00,0x1f,
0xe1,0x04,0xed,0x00,0x00,0xbb,0x00,0x0e,0x80,0x00,0x5d,0x00,0x4e,0x10,0xa9,0x1e,0x40,0x01,0xed,0x90,0x00,0x08,0xf1,0x00,
0x02,0xeb,0xa0,0x00,0xc7,0x0d,0x60,0x7c,0x00,0x3f,0x20,0x0d,0x50,0x00,0x98,0x07,0xb0,0x00,0xe2,0x01,0xf2,0x05,0xc0,0x00,
0xa7,0x0b,0x50,0x00,0x4d,0x1e,0x00,0x00,0x0e,0xb9,0x00,0x00,0x08,0xf3,0x00,0x00,0x05,0xd0,0x00,0x05,0x2c,0x60,0x00,0x1c,
0xf9,0x00,0x00,0x7f,0xff,0xfb,0x00,0x02,0xf3,0x00,0x0c,0x70,0x00,0x9b,0x00,0x04,0xe1,0x00,0x1e,0x50,0x00,0x8f,0xff,0xfd,
0x00,0xbf,0x04,0xe1,0x05,0xc0,0x05,0xc0,0x05,0xc0,0x06,0xc0,0x4f,0x60,0x08,0xc0,0x05,0xc0,0x05,0xc0,0x05,0xc0,0x04,0xe1,
0x00,0xbf,0xb5,0xb5,0xb5,0xb5,0xb5,0xb5,0xb5,0xb5,0xb5,0xb5,0xb5,0xb5,0xb5,0xcd,0x10,0x0c,0x70,0x09,0x90,0x09,0x90,0x09,
0x90,0x08,0xa0,0x03,0xf7,0x08,0xb0,0x09,0x90,0x09,0x90,0x09,0x90,0x0c,0x80,0xcd,0x20,0x0b,0xe8,0x0a,0x33,0x91,0x8d,0xa0,
};
static const ui_glyph_t ui_glyphs_12[] = {
{0,52,0,0,0,0},
{0,51,3,9,0,0},
{14,75,4,4,0,5},
{22,135,9,9,0,0},
{63,119,7,13,0,-2},
{109,162,10,9,0,0},
{154,132,9,10,0,-1},
{199,40,2,4,0,5},
{203,65,3,13,1,-3},
{223,65,3,13,0,-3},
{243,77,5,5,0,5},
{256,112,7,6,0,2},
{277,44,3,4,0,-2},
{283,74,4,2,0,2},
{287,44,3,2,0,0},
{290,68,6,13,-1,-1},
{329,128,8,9,0,0},
{365,71,4,9,0,0},
{383,110,7,9,0,0},
{415,110,7,9,0,0},
{447,128,8,9,0,0},
{483,110,7,9,0,0},
{515,118,8,9,0,0},
{551,115,7,9,0,0},
{583,124,8,9,0,0},
{619,118,7,9,0,0},
{651,44,3,7,0,0},
{662,44,3,9,0,-2},
{676,112,7,7,0,1},
{701,112,7,5,0,2},
{719,112,7,7,0,1},
{744,110,7,9,0,0},
{776,199,12,12,0,-3},
{848,141,10,9,-1,0},
{893,145,8,9,1,0},
{929,139,9,9,0,0},
{970,159,9,9,1,0},
{1011,129,7,9,1,0},
{1043,122,7,9,1,0},
{1075,148,9,9,0,0},
{1116,156,8,9,1,0},
{1152,60,2,9,1,0},
{1161,98,6,9,-1,0},
{1188,138,8,9,1,0},
{1224,114,7,9,1,0},
{1256,183,10,9,1,0},
{1301,156,8,9,1,0},
{1337,161,10,9,0,0},
{1382,139,8,9,1,0},
{1418,161,10,12,0,-3},
{1478,140,8,9,1,0},
{1514,119,7,9,0,0},
{1546,113,7,9,0,0},
{1578,152,8,9,1,0},
{1614,137,10,9,-1,0},
{1659,216,14,9,0,0},
{1722,129,8,9,0,0},
{1758,124,9,9,-1,0},
{1799,126,8,9,0,0},
{1835,64,3,13,1,-3},
{1855,68,6,13,-1,-1},
{1894,64,3,13,0,-3},
{1914,112,7,6,0,2},
{1935,96,6,1,0,-1},
{1938,115,4,2,1,8},
{1942,115,7,7,0,0},
{1967,131,7,10,1,0},
{2002,110,7,7,0,0},
{2027,131,8,10,0,0},
{2067,118,7,7,0,0},
{2092,68,5,10,0,0},
{2117,132,8,10,0,-3},
{2157,131,7,10,1,0},
{2192,54,3,10,0,0},
{2207,55,5,13,-2,-3},
{2240,118,7,10,1,0},
{2275,54,2,10,1,0},
{2285,203,11,7,1,0},
{2324,131,7,7,1,0},
{2349,122,8,7,0,0},
{2377,131,7,10,1,-3},
{2412,131,8,10,0,-3},
{2452,79,4,7,1,0},
{2466,96,6,7,0,0},
{2487,79,5,9,0,0},
{2510,130,7,7,1,0},
{2535,107,8,7,-1,0},
{2563,173,11,7,0,0},
{2602,106,7,7,0,0},
{2627,107,8,10,-1,-3},
{2667,100,6,7,0,0},
{2688,67,4,13,0,-3},
{2714,57,2,13,1,-3},
{2727,67,4,13,0,-3},
{2753,112,7,2,0,4},
};
static const ui_font_t ui_font_12 = {ui_bitmap_12,ui_glyphs_12,15,3};
static const uint8_t ui_bitmap_16[] = {
0xbf,0x0b,0xf0,0xaf,0x0a,0xe0,0x9e,0x08,0xd0,0x8c,0x07,0xc0,0x00,0x00,0x10,0xbf,0x1a,0xe0,0xf5,0x1f,0x3f,0x51,0xf3,0xe4,
0x0f,0x3e,0x40,0xf2,0x72,0x08,0x10,0x00,0x05,0xc0,0x03,0xe0,0x00,0x00,0x7a,0x00,0x5c,0x00,0x00,0x09,0x80,0x07,0xa0,0x01,
0xff,0xff,0xff,0xff,0xfd,0x03,0x3e,0x73,0x3c,0x83,0x30,0x00,0xf2,0x00,0xc5,0x00,0x00,0x0f,0x10,0x0e,0x30,0x00,0x02,0xf0,
0x00,0xf2,0x00,0x9f,0xff,0xff,0xff,0xff,0x41,0x38,0xc3,0x36,0xe3,0x30,0x00,0x89,0x00,0x5c,0x00,0x00,0x0a,0x70,0x07,0xa0,
0x00,0x00,0x00,0x79,0x00,0x00,0x00,0x00,0x79,0x00,0x00,0x00,0x5c,0xff,0xe9,0x20,0x06,0xfc,0xbc,0x9e,0x90,0x0e,0xb0,0x79,
0x00,0x10,0x0f,0x80,0x79,0x00,0x00,0x0d,0xf5,0x79,0x00,0x00,0x03,0xef,0xfd,0x50,0x00,0x00,0x06,0xcf,0xfe,0x40,0x00,0x00,
0x79,0x5e,0xf1,0x00,0x00,0x79,0x05,0xf3,0x07,0x00,0x79,0x07,0xf1,0x2f,0xe9,0xbc,0xaf,0xa0,0x03,0xae,0xff,0xd7,0x00,0x00,
0x00,0x79,0x00,0x00,0x00,0x00,0x79,0x00,0x00,0x03,0xde,0x80,0x00,0x05,0xd0,0x00,0xe4,0x0c,0x50,0x01,0xe3,0x00,0x4c,0x00,
0x5a,0x00,0xa9,0x00,0x06,0xa0,0x04,0xc0,0x4e,0x00,0x00,0x4c,0x00,0x5a,0x0d,0x50,0x00,0x00,0xe4,0x1c,0x58,0xa0,0x00,0x00,
0x03,0xce,0x73,0xe1,0x3c,0xe9,0x00,0x00,0x00,0xd6,0x0e,0x40,0xa8,0x00,0x00,0x7c,0x03,0xc0,0x03,0xd0,0x00,0x2e,0x20,0x3c,
0x00,0x3d,0x00,0x0b,0x70,0x00,0xe2,0x09,0x80,0x06,0xd0,0x00,0x04,0xdd,0xa0,0x00,0x09,0xef,0xb1,0x00,0x00,0x09,0xe4,0x3c,
0xa0,0x00,0x00,0xd9,0x00,0x7d,0x00,0x00,0x0c,0xc0,0x1c,0xa0,0x00,0x00,0x3f,0xae,0xc1,0x00,0x00,0x01,0xdf,0xc0,0x00,0x00,
0x03,0xeb,0x8f,0x70,0x18,0x00,0xdb,0x00,0x7f,0x65,0xf0,0x3f,0x40,0x00,0x8f,0xea,0x03,0xf7,0x00,0x00,0xcf,0x70,0x0b,0xf9,
0x66,0xcf,0xbf,0x40,0x08,0xdf,0xea,0x30,0xa5,0x00,0x00,0x00,0x00,0x00,0x00,0xf5,0xf5,0xe4,0xe4,0x72,0x00,0xda,0x05,0xf2,
0x0b,0xc0,0x0f,0x70,0x3f,0x40,0x5f,0x20,0x6f,0x10,0x7f,0x00,0x6f,0x10,0x5f,0x20,0x3f,0x40,0x0f,0x70,0x0b,0xc0,0x05,0xf2,
0x00,0xda,0x3f,0x30,0x0c,0xb0,0x06,0xf1,0x01,0xf6,0x00,0xe9,0x00,0xbc,0x00,0xad,0x00,0xae,0x00,0xad,0x00,0xbc,0x00,0xe9,
0x01,0xf6,0x06,0xf1,0x0c,0xb0,0x3f,0x30,0x00,0x4a,0x00,0x06,0x74,0xa4,0xa0,0x2b,0xff,0xe5,0x00,0x7f,0xfb,0x20,0x7b,0x6b,
0x8d,0x00,0x04,0xa0,0x00,0x00,0x13,0x00,0x00,0x00,0x05,0x10,0x00,0x00,0x0f,0x50,0x00,0x00,0x0f,0x50,0x00,0x01,0x1f,0x51,
0x10,0xef,0xff,0xff,0xf3,0x34,0x4f,0x74,0x40,0x00,0x0f,0x50,0x00,0x00,0x0f,0x50,0x00,0x09,0x52,0xfd,0x0b,0xa0,0xc5,0x0f,
0x00,0x01,0x11,0x10,0x1f,0xff,0xf3,0x04,0x44,0x40,0x03,0x12,0xfc,0x1e,0x90,0x00,0x00,0x05,0xf1,0x00,0x00,0x0a,0xb0,0x00,
0x00,0x0f,0x60,0x00,0x00,0x5f,0x10,0x00,0x00,0xab,0x00,0x00,0x00,0xf6,0x00,0x00,0x05,0xf1,0x00,0x00,0x0a,0xb0,0x00,0x00,
0x0f,0x60,0x00,0x00,0x4f,0x10,0x00,0x00,0xac,0x00,0x00,0x00,0xf6,0x00,0x00,0x04,0xf1,0x00,0x00,0x0a,0xc0,0x00,0x00,0x0e,
0x60,0x00,0x00,0x4f,0x10,0x00,0x00,0x00,0x08,0xef,0xc5,0x00,0x00,0xcf,0xa8,0xcf,0x70,0x07,0xf5,0x00,0x0a,0xf2,0x0d,0xc0,
0x00,0x01,0xf8,0x1f,0x80,0x00,0x00,0xdc,0x3f,0x60,0x00,0x00,0xbd,0x3f,0x60,0x00,0x00,0xbd,0x1f,0x80,0x00,0x00,0xdc,0x0d,
0xc0,0x00,0x01,0xf8,0x07,0xf5,0x00,0x0a,0xf2,0x00,0xcf,0xa8,0xcf,0x70,0x00,0x08,0xef,0xc5,0x00,0xef,0xff,0x36,0x7a,0xf3,
0x00,0x5f,0x30,0x05,0xf3,0x00,0x5f,0x30,0x05,0xf3,0x00,0x5f,0x30,0x05,0xf3,0x00,0x5f,0x30,0x05,0xf3,0x00,0x5f,0x30,0x05,
0xf3,0x04,0xbe,0xfd,0x70,0x07,0xfd,0x98,0xcf,0x90,0x28,0x00,0x00,0xbf,0x00,0x00,0x00,0x07,0xf2,0x00,0x00,0x00,0xaf,0x00,
0x00,0x00,0x4f,0x80,0x00,0x00,0x3f,0xc0,0x00,0x00,0x3e,0xc1,0x00,0x00,0x2e,0xc1,0x00,0x00,0x2e,0xd1,0x00,0x00,0x2e,0xf8,
0x77,0x77,0x46,0xff,0xff,0xff,0xfa,0x6f,0xff,0xff,0xff,0x02,0x77,0x77,0x9f,0xb0,0x00,0x00,0x0c,0xe1,0x00,0x00,0x09,0xf3,
0x00,0x00,0x05,0xf6,0x00,0x00,0x00,0xdf,0xe9,0x10,0x00,0x04,0x59,0xfd,0x00,0x00,0x00,0x06,0xf4,0x00,0x00,0x00,0x3f,0x64,
0x40,0x00,0x08,0xf3,0xbf,0xc9,0x8c,0xfb,0x00,0x7c,0xff,0xd7,0x00,0x00,0x00,0x01,0xeb,0x00,0x00,0x00,0x00,0xbe,0x10,0x00,
0x00,0x00,0x6f,0x50,0x00,0x00,0x00,0x2f,0x90,0x00,0x00,0x00,0x0c,0xd0,0x00,0x00,0x00,0x08,0xf3,0x01,0xd5,0x00,0x03,0xf8,
0x00,0x2f,0x60,0x00,0xed,0x22,0x23,0xf7,0x21,0x6f,0xff,0xff,0xff,0xff,0x81,0x55,0x55,0x56,0xf9,0x52,0x00,0x00,0x00,0x2f,
0x60,0x00,0x00,0x00,0x02,0xf6,0x00,0x05,0xff,0xff,0xff,0x00,0x7f,0x77,0x77,0x70,0x08,0xe0,0x00,0x00,0x00,0xad,0x00,0x00,
0x00,0x0b,0xc2,0x10,0x00,0x00,0xdf,0xff,0xfb,0x30,0x04,0x55,0x68,0xff,0x20,0x00,0x00,0x04,0xf8,0x00,0x00,0x00,0x0f,0x92,
0x50,0x00,0x05,0xf6,0x8f,0xd9,0x8a,0xfd,0x10,0x5b,0xef,0xe9,0x10,0x00,0x05,0xce,0xfc,0x60,0x00,0x9f,0xc8,0x8b,0x70,0x05,
0xf8,0x00,0x00,0x00,0x0c,0xd0,0x00,0x00,0x00,0x1f,0x80,0x00,0x00,0x00,0x2f,0x68,0xef,0xfa,0x10,0x3f,0xee,0x64,0x8f,0xd0,
0x2f,0xf1,0x00,0x06,0xf4,0x0e,0xc0,0x00,0x02,0xf6,0x09,0xf1,0x00,0x06,0xf3,0x01,0xde,0x86,0x9f,0xb0,0x00,0x19,0xef,0xd8,
0x00,0x8f,0xff,0xff,0xff,0xe8,0xf7,0x77,0x77,0xfc,0x8f,0x00,0x00,0x4f,0x55,0x90,0x00,0x0b,0xe0,0x00,0x00,0x02,0xf8,0x00,
0x00,0x00,0x9f,0x10,0x00,0x00,0x0f,0xb0,0x00,0x00,0x06,0xf4,0x00,0x00,0x00,0xdd,0x00,0x00,0x00,0x3f,0x70,0x00,0x00,0x0a,
0xf1,0x00,0x00,0x01,0xf9,0x00,0x00,0x00,0x5c,0xff,0xd7,0x00,0x06,0xfc,0x76,0xaf,0xa0,0x0c,0xd0,0x00,0x09,0xf1,0x0d,0xc0,
0x00,0x07,0xf2,0x07,0xf7,0x11,0x5e,0xc0,0x00,0xbf,0xff,0xfe,0x10,0x09,0xf9,0x54,0x7e,0xd0,0x2f,0x80,0x00,0x04,0xf6,0x4f,
0x50,0x00,0x00,0xf8,0x1f,0xa0,0x00,0x05,0xf6,0x09,0xfb,0x76,0xaf,0xd0,0x00,0x6c,0xff,0xd8,0x10,0x00,0x8e,0xfd,0x80,0x00,
0x0c,0xf8,0x68,0xfc,0x00,0x5f,0x50,0x00,0x3f,0x70,0x8f,0x00,0x00,0x0e,0xc0,0x7f,0x30,0x00,0x1f,0xf0,0x1f,0xd4,0x13,0xcf,
0xf1,0x04,0xef,0xff,0xa9,0xf0,0x00,0x02,0x31,0x0a,0xf0,0x00,0x00,0x00,0x0e,0xa0,0x00,0x00,0x00,0x9f,0x30,0x09,0xa7,0x8d,
0xf7,0x00,0x07,0xdf,0xeb,0x40,0x00,0x1e,0x92,0xfc,0x03,0x10,0x00,0x00,0x00,0x00,0x03,0x12,0xfc,0x1e,0x90,0x1e,0x92,0xfc,
0x03,0x10,0x00,0x00,0x00,0x00,0x00,0x01,0xe9,0x1f,0xd0,0xa8,0x0e,0x30,0xa0,0x00,0x00,0x00,0x42,0x00,0x01,0x7d,0xf3,0x03,
0x9f,0xe8,0x10,0xbf,0xb5,0x00,0x00,0xee,0x81,0x00,0x00,0x17,0xdf,0xb4,0x00,0x00,0x04,0xaf,0xd2,0x00,0x00,0x01,0x82,0xef,
0xff,0xff,0xf3,0x45,0x55,0x55,0x51,0x00,0x00,0x00,0x00,0x01,0x11,0x11,0x10,0xef,0xff,0xff,0xf3,0x34,0x44,0x44,0x40,0x50,
0x00,0x00,0x00,0xef,0x92,0x00,0x00,0x06,0xcf,0xb5,0x00,0x00,0x03,0x9f,0xe2,0x00,0x00,0x6c,0xf3,0x02,0x9e,0xe9,0x20,0xbf,
0xc6,0x00,0x00,0x93,0x00,0x00,0x00,0x04,0xbe,0xfd,0x70,0x07,0xfc,0x77,0xbf,0xa0,0x27,0x00,0x00,0xcf,0x00,0x00,0x00,0x09,
0xf0,0x00,0x00,0x01,0xea,0x00,0x00,0x01,0xdd,0x10,0x00,0x00,0xce,0x10,0x00,0x00,0x3f,0x60,0x00,0x00,0x01,0x30,0x00,0x00,
0x00,0x01,0x00,0x00,0x00,0x06,0xf5,0x00,0x00,0x00,0x5f,0x40,0x00,0x00,0x00,0x17,0xce,0xfd,0xb5,0x00,0x00,0x00,0x05,0xfb,
0x53,0x23,0x7d,0xc2,0x00,0x00,0x6e,0x40,0x00,0x00,0x00,0x8e,0x10,0x02,0xf4,0x01,0xae,0xfa,0x3f,0x49,0xb0,0x0a,0x90,0x1e,
0xe6,0x5b,0xef,0x40,0xe3,0x0f,0x30,0x8f,0x10,0x00,0xaf,0x40,0x98,0x1f,0x00,0xd9,0x00,0x00,0x3f,0x40,0x6a,0x3f,0x00,0xe8,
0x00,0x00,0x1f,0x40,0x5c,0x1f,0x00,0xd9,0x00,0x00,0x3f,0x40,0x6a,0x0f,0x30,0x8f,0x10,0x00,0xaf,0x40,0x98,0x0a,0x90,0x1e,
0xd6,0x5a,0xde,0xa6,0xf2,0x03,0xf3,0x01,0xaf,0xfa,0x16,0xee,0x50,0x00,0x6e,0x40,0x00,0x00,0x00,0x00,0x00,0x00,0x06,0xfb,
0x53,0x23,0x75,0x00,0x00,0x00,0x00,0x17,0xce,0xfd,0xa3,0x00,0x00,0x00,0x00,0x02,0xfd,0x00,0x00,0x00,0x00,0x00,0x9f,0xf4,
0x00,0x00,0x00,0x00,0x0f,0x9e,0xb0,0x00,0x00,0x00,0x06,0xf2,0x7f,0x20,0x00,0x00,0x00,0xdc,0x01,0xf8,0x00,0x00,0x00,0x4f,
0x60,0x0b,0xe0,0x00,0x00,0x0b,0xf0,0x00,0x4f,0x60,0x00,0x01,0xfa,0x11,0x11,0xed,0x00,0x00,0x8f,0xff,0xff,0xff,0xf3,0x00,
0x0e,0xc4,0x44,0x44,0x4f,0xa0,0x06,0xf4,0x00,0x00,0x00,0xaf,0x10,0xcd,0x00,0x00,0x00,0x02,0xf8,0x5f,0xff,0xff,0xeb,0x40,
0x05,0xf8,0x55,0x57,0xdf,0x40,0x5f,0x40,0x00,0x01,0xfa,0x05,0xf4,0x00,0x00,0x0f,0xa0,0x5f,0x51,0x11,0x3a,0xf4,0x05,0xff,
0xff,0xff,0xfa,0x00,0x5f,0x74,0x44,0x59,0xfa,0x05,0xf4,0x00,0x00,0x08,0xf2,0x5f,0x40,0x00,0x00,0x5f,0x45,0xf4,0x00,0x00,
0x09,0xf2,0x5f,0x85,0x55,0x6a,0xfb,0x05,0xff,0xff,0xff,0xd7,0x00,0x00,0x02,0x8d,0xfe,0xb4,0x00,0x04,0xff,0xb8,0x9d,0xf9,
0x02,0xfd,0x20,0x00,0x08,0x50,0xbf,0x20,0x00,0x00,0x00,0x0f,0xa0,0x00,0x00,0x00,0x02,0xf6,0x00,0x00,0x00,0x00,0x2f,0x60,
0x00,0x00,0x00,0x00,0xfa,0x00,0x00,0x00,0x00,0x0b,0xf2,0x00,0x00,0x00,0x00,0x2f,0xd2,0x00,0x00,0x85,0x00,0x5f,0xfb,0x89,
0xdf,0x80,0x00,0x29,0xdf,0xeb,0x40,0x5f,0xff,0xff,0xea,0x30,0x00,0x5f,0x97,0x77,0x9e,0xf8,0x00,0x5f,0x40,0x00,0x00,0xaf,
0x60,0x5f,0x40,0x00,0x00,0x0d,0xe0,0x5f,0x40,0x00,0x00,0x06,0xf4,0x5f,0x40,0x00,0x00,0x03,0xf6,0x5f,0x40,0x00,0x00,0x03,
0xf6,0x5f,0x40,0x00,0x00,0x06,0xf4,0x5f,0x40,0x00,0x00,0x0d,0xe0,0x5f,0x40,0x00,0x00,0xaf,0x60,0x5f,0x97,0x77,0x9e,0xf8,
0x00,0x5f,0xff,0xff,0xea,0x30,0x00,0x5f,0xff,0xff,0xff,0x95,0xf9,0x77,0x77,0x74,0x5f,0x40,0x00,0x00,0x05,0xf4,0x00,0x00,
0x00,0x5f,0x51,0x11,0x11,0x05,0xff,0xff,0xff,0xe0,0x5f,0x74,0x44,0x44,0x05,0xf4,0x00,0x00,0x00,0x5f,0x40,0x00,0x00,0x05,
0xf4,0x00,0x00,0x00,0x5f,0x97,0x77,0x77,0x65,0xff,0xff,0xff,0xfd,0x5f,0xff,0xff,0xff,0x95,0xf9,0x77,0x77,0x74,0x5f,0x40,
0x00,0x00,0x05,0xf4,0x00,0x00,0x00,0x5f,0x40,0x00,0x00,0x05,0xf5,0x22,0x22,0x10,0x5f,0xff,0xff,0xfe,0x05,0xf8,0x55,0x55,
0x40,0x5f,0x40,0x00,0x00,0x05,0xf4,0x00,0x00,0x00,0x5f,0x40,0x00,0x00,0x05,0xf4,0x00,0x00,0x00,0x00,0x01,0x8d,0xfe,0xb5,
0x00,0x00,0x4f,0xfb,0x89,0xdf,0xb0,0x02,0xfd,0x20,0x00,0x06,0x60,0x0b,0xf2,0x00,0x00,0x00,0x00,0x0f,0xa0,0x00,0x00,0x00,
0x00,0x2f,0x60,0x00,0x00,0x00,0x00,0x2f,0x60,0x00,0x00,0x09,0xf0,0x0f,0xa0,0x00,0x00,0x09,0xf0,0x0b,0xf2,0x00,0x00,0x09,
0xf0,0x02,0xfd,0x20,0x00,0x0a,0xf0,0x00,0x4f,0xfb,0x89,0xdf,0xc0,0x00,0x02,0x8d,0xfe,0xc6,0x00,0x5f,0x40,0x00,0x00,0x4f,
0x55,0xf4,0x00,0x00,0x04,0xf5,0x5f,0x40,0x00,0x00,0x4f,0x55,0xf4,0x00,0x00,0x04,0xf5,0x5f,0x52,0x22,0x22,0x5f,0x55,0xff,
0xff,0xff,0xff,0xf5,0x5f,0x85,0x55,0x55,0x8f,0x55,0xf4,0x00,0x00,0x04,0xf5,0x5f,0x40,0x00,0x00,0x4f,0x55,0xf4,0x00,0x00,
0x04,0xf5,0x5f,0x40,0x00,0x00,0x4f,0x55,0xf4,0x00,0x00,0x04,0xf5,0x5f,0x45,0xf4,0x5f,0x45,0xf4,0x5f,0x45,0xf4,0x5f,0x45,
0xf4,0x5f,0x45,0xf4,0x5f,0x45,0xf4,0x00,0xff,0xff,0xfa,0x00,0x77,0x77,0xfa,0x00,0x00,0x00,0xfa,0x00,0x00,0x00,0xfa,0x00,
0x00,0x00,0xfa,0x00,0x00,0x00,0xfa,0x00,0x00,0x00,0xfa,0x00,0x00,0x00,0xfa,0x00,0x00,0x00,0xf9,0x07,0x20,0x03,0xf6,0x0d,
0xe9,0x8e,0xf1,0x01,0xae,0xfb,0x30,0x5f,0x40,0x00,0x02,0xeb,0x05,0xf4,0x00,0x01,0xec,0x00,0x5f,0x40,0x01,0xde,0x10,0x05,
0xf4,0x00,0xce,0x20,0x00,0x5f,0x40,0xbf,0x30,0x00,0x05,0xf4,0x9f,0x90,0x00,0x00,0x5f,0xcf,0xef,0x40,0x00,0x05,0xff,0x91,
0xee,0x10,0x00,0x5f,0xa0,0x03,0xfc,0x00,0x05,0xf4,0x00,0x06,0xf8,0x00,0x5f,0x40,0x00,0x09,0xf5,0x05,0xf4,0x00,0x00,0x0c,
0xf2,0x5f,0x40,0x00,0x00,0x05,0xf4,0x00,0x00,0x00,0x5f,0x40,0x00,0x00,0x05,0xf4,0x00,0x00,0x00,0x5f,0x40,0x00,0x00,0x05,
0xf4,0x00,0x00,0x00,0x5f,0x40,0x00,0x00,0x05,0xf4,0x00,0x00,0x00,0x5f,0x40,0x00,0x00,0x05,0xf4,0x00,0x00,0x00,0x5f,0x97,
0x77,0x77,0x25,0xff,0xff,0xff,0xf5,0x5f,0x40,0x00,0x00,0x00,0x1e,0x95,0xfc,0x00,0x00,0x00,0x08,0xf9,0x5f,0xf5,0x00,0x00,
0x02,0xff,0x95,0xfd,0xe0,0x00,0x00,0xae,0xf9,0x5f,0x5f,0x70,0x00,0x3f,0x5f,0x95,0xf3,0x8f,0x10,0x0b,0xc0,0xf9,0x5f,0x31,
0xe9,0x04,0xf3,0x0f,0x95,0xf3,0x07,0xf2,0xdb,0x00,0xf9,0x5f,0x30,0x0d,0xef,0x20,0x0f,0x95,0xf3,0x00,0x5f,0x90,0x00,0xf9,
0x5f,0x30,0x00,0x71,0x00,0x0f,0x95,0xf3,0x00,0x00,0x00,0x00,0xf9,0x5f,0x50,0x00,0x00,0x4f,0x55,0xff,0x20,0x00,0x04,0xf5,
0x5f,0xfd,0x00,0x00,0x4f,0x55,0xfa,0xf9,0x00,0x04,0xf5,0x5f,0x4a,0xf5,0x00,0x4f,0x55,0xf4,0x0d,0xf2,0x04,0xf5,0x5f,0x40,
0x2f,0xd0,0x4f,0x55,0xf4,0x00,0x6f,0x94,0xf5,0x5f,0x40,0x00,0xaf,0xaf,0x55,0xf4,0x00,0x00,0xdf,0xf5,0x5f,0x40,0x00,0x02,
0xff,0x55,0xf4,0x00,0x00,0x06,0xf5,0x00,0x01,0x8d,0xfe,0xb5,0x00,0x00,0x04,0xff,0xb8,0x9e,0xfa,0x00,0x02,0xfd,0x20,0x00,
0x08,0xf9,0x00,0xbf,0x20,0x00,0x00,0x0a,0xf2,0x0f,0xa0,0x00,0x00,0x00,0x3f,0x72,0xf6,0x00,0x00,0x00,0x00,0xf9,0x2f,0x60,
0x00,0x00,0x00,0x0f,0x90,0xfa,0x00,0x00,0x00,0x03,0xf7,0x0b,0xf2,0x00,0x00,0x00,0xaf,0x20,0x2f,0xd2,0x00,0x00,0x8f,0x90,
0x00,0x4f,0xfb,0x89,0xef,0xa0,0x00,0x00,0x28,0xdf,0xeb,0x50,0x00,0x5f,0xff,0xff,0xd7,0x00,0x5f,0x97,0x78,0xbf,0xc0,0x5f,
0x40,0x00,0x07,0xf6,0x5f,0x40,0x00,0x00,0xfa,0x5f,0x40,0x00,0x00,0xfa,0x5f,0x40,0x00,0x03,0xf8,0x5f,0x62,0x23,0x6e,0xf1,
0x5f,0xff,0xff,0xfd,0x30,0x5f,0x85,0x54,0x20,0x00,0x5f,0x40,0x00,0x00,0x00,0x5f,0x40,0x00,0x00,0x00,0x5f,0x40,0x00,0x00,
0x00,0x00,0x01,0x8d,0xfe,0xb5,0x00,0x00,0x00,0x4e,0xfb,0x89,0xef,0xa0,0x00,0x02,0xfd,0x20,0x00,0x08,0xf9,0x00,0x0a,0xf2,
0x00,0x00,0x00,0xaf,0x20,0x0f,0xa0,0x00,0x00,0x00,0x3f,0x70,0x2f,0x60,0x00,0x00,0x00,0x0f,0x90,0x2f,0x60,0x00,0x00,0x00,
0x0f,0x90,0x1f,0x90,0x00,0x00,0x00,0x2f,0x70,0x0b,0xf1,0x00,0x00,0x00,0xaf,0x20,0x03,0xfc,0x10,0x00,0x07,0xf9,0x00,0x00,
0x6f,0xfa,0x78,0xdf,0xb0,0x00,0x00,0x03,0xae,0xff,0xc5,0x00,0x00,0x00,0x00,0x00,0x3e,0xd4,0x15,0xb0,0x00,0x00,0x00,0x02,
0xbf,0xff,0x80,0x00,0x00,0x00,0x00,0x01,0x31,0x00,0x5f,0xff,0xff,0xd7,0x00,0x5f,0x97,0x78,0xbf,0xc0,0x5f,0x40,0x00,0x07,
0xf6,0x5f,0x40,0x00,0x00,0xfa,0x5f,0x40,0x00,0x00,0xfa,0x5f,0x40,0x00,0x03,0xf8,0x5f,0x52,0x23,0x6e,0xe1,0x5f,0xff,0xff,
0xfc,0x30,0x5f,0x85,0x55,0xf9,0x00,0x5f,0x40,0x00,0x7f,0x40,0x5f,0x40,0x00,0x0c,0xe0,0x5f,0x40,0x00,0x02,0xf9,0x00,0x5c,
0xef,0xd9,0x20,0x07,0xfc,0x87,0xaf,0x90,0x0e,0xc0,0x00,0x01,0x10,0x0f,0x80,0x00,0x00,0x00,0x0d,0xf5,0x00,0x00,0x00,0x03,
0xef,0xea,0x50,0x00,0x00,0x05,0xae,0xfe,0x40,0x00,0x00,0x00,0x4e,0xf1,0x00,0x00,0x00,0x05,0xf3,0x08,0x00,0x00,0x08,0xf2,
0x2f,0xfa,0x77,0xbf,0xa0,0x02,0x9d,0xff,0xc7,0x00,0xff,0xff,0xff,0xff,0xf5,0x67,0x78,0xfb,0x77,0x72,0x00,0x01,0xf7,0x00,
0x00,0x00,0x01,0xf7,0x00,0x00,0x00,0x01,0xf7,0x00,0x00,0x00,0x01,0xf7,0x00,0x00,0x00,0x01,0xf7,0x00,0x00,0x00,0x01,0xf7,
0x00,0x00,0x00,0x01,0xf7,0x00,0x00,0x00,0x01,0xf7,0x00,0x00,0x00,0x01,0xf7,0x00,0x00,0x00,0x01,0xf7,0x00,0x00,0x6f,0x30,
0x00,0x00,0x8f,0x16,0xf3,0x00,0x00,0x08,0xf1,0x6f,0x30,0x00,0x00,0x8f,0x16,0xf3,0x00,0x00,0x08,0xf1,0x6f,0x30,0x00,0x00,
0x8f,0x16,0xf3,0x00,0x00,0x08,0xf1,0x6f,0x30,0x00,0x00,0x8f,0x05,0xf4,0x00,0x00,0x09,0xf0,0x3f,0x70,0x00,0x00,0xcd,0x00,
0xde,0x20,0x00,0x5f,0x80,0x04,0xff,0xa8,0xbf,0xd0,0x00,0x03,0xbe,0xfd,0x81,0x00,0x0c,0xe0,0x00,0x00,0x00,0x6f,0x30,0x6f,
0x50,0x00,0x00,0x0c,0xc0,0x00,0xfb,0x00,0x00,0x03,0xf6,0x00,0x09,0xf2,0x00,0x00,0xae,0x00,0x00,0x2f,0x80,0x00,0x1f,0x90,
0x00,0x00,0xce,0x00,0x07,0xf2,0x00,0x00,0x05,0xf6,0x00,0xdb,0x00,0x00,0x00,0x0e,0xc0,0x4f,0x50,0x00,0x00,0x00,0x8f,0x3b,
0xe0,0x00,0x00,0x00,0x02,0xfb,0xf8,0x00,0x00,0x00,0x00,0x0b,0xff,0x10,0x00,0x00,0x00,0x00,0x4f,0xb0,0x00,0x00,0x5f,0x40,
0x00,0x00,0xdf,0x00,0x00,0x02,0xf5,0x0f,0x90,0x00,0x02,0xff,0x40,0x00,0x07,0xf0,0x0b,0xe0,0x00,0x07,0xfe,0x90,0x00,0x0c,
0xb0,0x06,0xf3,0x00,0x0c,0xaa,0xe0,0x00,0x1f,0x60,0x01,0xf8,0x00,0x1f,0x54,0xf3,0x00,0x6f,0x10,0x00,0xcd,0x00,0x7f,0x10,
0xf8,0x00,0xcc,0x00,0x00,0x7f,0x20,0xcb,0x00,0xad,0x01,0xf7,0x00,0x00,0x2f,0x71,0xf6,0x00,0x5f,0x26,0xf2,0x00,0x00,0x0d,
0xc6,0xf1,0x00,0x0f,0x7b,0xd0,0x00,0x00,0x08,0xfd,0xc0,0x00,0x0b,0xdf,0x80,0x00,0x00,0x03,0xff,0x70,0x00,0x06,0xff,0x30,
0x00,0x00,0x00,0xef,0x20,0x00,0x01,0xfe,0x00,0x00,0x3f,0x90,0x00,0x00,0xcd,0x00,0x8f,0x40,0x00,0x7f,0x30,0x00,0xde,0x10,
0x2f,0x80,0x00,0x03,0xfa,0x0c,0xd0,0x00,0x00,0x07,0xfb,0xf3,0x00,0x00,0x00,0x0c,0xf8,0x00,0x00,0x00,0x01,0xef,0xc0,0x00,
0x00,0x00,0xbf,0x7f,0x70,0x00,0x00,0x6f,0x60,0xaf,0x20,0x00,0x2f,0xb0,0x01,0xed,0x00,0x0c,0xf1,0x00,0x04,0xf8,0x07,0xf6,
0x00,0x00,0x09,0xf3,0x0c,0xe0,0x00,0x00,0x07,0xf2,0x03,0xf7,0x00,0x00,0x1f,0x90,0x00,0xaf,0x10,0x00,0x9e,0x10,0x00,0x1f,
0xa0,0x02,0xf6,0x00,0x00,0x08,0xf3,0x0b,0xd0,0x00,0x00,0x00,0xec,0x4f,0x40,0x00,0x00,0x00,0x5f,0xfb,0x00,0x00,0x00,0x00,
0x0c,0xf2,0x00,0x00,0x00,0x00,0x09,0xf0,0x00,0x00,0x00,0x00,0x09,0xf0,0x00,0x00,0x00,0x00,0x09,0xf0,0x00,0x00,0x00,0x00,
0x09,0xf0,0x00,0x00,0x3f,0xff,0xff,0xff,0xfd,0x01,0x77,0x77,0x77,0xbf,0x90,0x00,0x00,0x00,0x1e,0xc0,0x00,0x00,0x00,0x0c,
0xf2,0x00,0x00,0x00,0x08,0xf5,0x00,0x00,0x00,0x04,0xf9,0x00,0x00,0x00,0x01,0xec,0x00,0x00,0x00,0x00,0xcf,0x20,0x00,0x00,
0x00,0x8f,0x50,0x00,0x00,0x00,0x4f,0x90,0x00,0x00,0x00,0x1e,0xf8,0x77,0x77,0x77,0x05,0xff,0xff,0xff,0xff,0xf0,0x5f,0xff,
0x05,0xf7,0x50,0x5f,0x30,0x05,0xf3,0x00,0x5f,0x30,0x05,0xf3,0x00,0x5f,0x30,0x05,0xf3,0x00,0x5f,0x30,0x05,0xf3,0x00,0x5f,
0x30,0x05,0xf3,0x00,0x5f,0x30,0x05,0xf7,0x50,0x5f,0xff,0x00,0x7e,0x00,0x00,0x00,0x1f,0x40,0x00,0x00,0x0c,0x90,0x00,0x00,
0x07,0xe0,0x00,0x00,0x02,0xf4,0x00,0x00,0x00,0xc9,0x00,0x00,0x00,0x7e,0x00,0x00,0x00,0x2f,0x40,0x00,0x00,0x0c,0x90,0x00,
0x00,0x07,0xe0,0x00,0x00,0x02,0xf3,0x00,0x00,0x00,0xd9,0x00,0x00,0x00,0x7e,0x00,0x00,0x00,0x2f,0x30,0x00,0x00,0x0d,0x90,
0x00,0x00,0x07,0xe0,0xbf,0xfa,0x35,0xea,0x00,0xea,0x00,0xea,0x00,0xea,0x00,0xea,0x00,0xea,0x00,0xea,0x00,0xea,0x00,0xea,
0x00,0xea,0x00,0xea,0x00,0xea,0x35,0xea,0xbf,0xfa,0x00,0x2f,0x80,0x00,0x00,0x9d,0xe0,0x00,0x00,0xf3,0xd5,0x00,0x06,0xd0,
0x7b,0x00,0x0c,0x60,0x1f,0x20,0x3f,0x10,0x0b,0x80,0x9a,0x00,0x04,0xe0,0xff,0xff,0xff,0xff,0x11,0x11,0x11,0x11,0x07,0xf6,
0x00,0x03,0xe7,0x01,0x9e,0xfd,0x80,0x00,0xce,0x87,0xaf,0x90,0x02,0x00,0x00,0xaf,0x00,0x00,0x00,0x06,0xf2,0x02,0xbe,0xff,
0xff,0x20,0xec,0x42,0x27,0xf2,0x2f,0x50,0x00,0x7f,0x20,0xec,0x42,0x7f,0xf2,0x02,0xbf,0xfb,0x6f,0x20,0x8f,0x00,0x00,0x00,
0x00,0x8f,0x00,0x00,0x00,0x00,0x8f,0x00,0x00,0x00,0x00,0x8f,0x2b,0xfe,0xb3,0x00,0x8f,0xec,0x78,0xef,0x30,0x8f,0xa0,0x00,
0x1e,0xc0,0x8f,0x20,0x00,0x07,0xf1,0x8f,0x00,0x00,0x05,0xf3,0x8f,0x20,0x00,0x07,0xf1,0x8f,0xa0,0x00,0x1e,0xd0,0x8f,0xec,
0x78,0xef,0x30,0x8e,0x2b,0xfe,0xb3,0x00,0x00,0x3a,0xef,0xc4,0x00,0x4f,0xd8,0x7c,0xf4,0x0d,0xd0,0x00,0x07,0x13,0xf6,0x00,
0x00,0x00,0x4f,0x30,0x00,0x00,0x03,0xf6,0x00,0x00,0x00,0x0d,0xd0,0x00,0x06,0x10,0x4f,0xd7,0x7c,0xf4,0x00,0x3a,0xef,0xc4,
0x00,0x00,0x00,0x00,0x01,0xf7,0x00,0x00,0x00,0x01,0xf7,0x00,0x00,0x00,0x01,0xf7,0x00,0x3b,0xff,0xa3,0xf7,0x04,0xfd,0x87,
0xce,0xf7,0x0e,0xd0,0x00,0x0b,0xf7,0x3f,0x60,0x00,0x03,0xf7,0x4f,0x30,0x00,0x01,0xf7,0x3f,0x50,0x00,0x03,0xf7,0x0e,0xc0,
0x00,0x0a,0xf7,0x04,0xfc,0x65,0xbe,0xf7,0x00,0x3b,0xff,0xb2,0xf7,0x00,0x3b,0xfe,0xa2,0x00,0x04,0xfc,0x67,0xee,0x20,0x0e,
0xc0,0x00,0x1e,0xa0,0x3f,0x50,0x00,0x07,0xf0,0x4f,0xff,0xff,0xff,0xf1,0x3f,0x72,0x22,0x22,0x20,0x0e,0xc0,0x00,0x02,0x00,
0x04,0xfd,0x87,0xaf,0x50,0x00,0x3a,0xef,0xd6,0x00,0x00,0x5d,0xfc,0x00,0x2f,0xb5,0x70,0x04,0xf3,0x00,0x0c,0xff,0xff,0xa0,
0x48,0xf7,0x53,0x00,0x5f,0x30,0x00,0x05,0xf3,0x00,0x00,0x5f,0x30,0x00,0x05,0xf3,0x00,0x00,0x5f,0x30,0x00,0x05,0xf3,0x00,
0x00,0x5f,0x30,0x00,0x00,0x3b,0xff,0xb2,0xe9,0x04,0xfe,0x87,0xcf,0xf9,0x0e,0xd1,0x00,0x0a,0xf9,0x3f,0x60,0x00,0x01,0xf9,
0x4f,0x40,0x00,0x00,0xf9,0x3f,0x60,0x00,0x01,0xf9,0x0e,0xd0,0x00,0x09,0xf9,0x04,0xfd,0x87,0xcf,0xf8,0x00,0x3b,0xff,0xb3,
0xf7,0x00,0x00,0x00,0x05,0xf4,0x09,0xe9,0x77,0xaf,0xb0,0x01,0x7c,0xff,0xd8,0x00,0x8f,0x00,0x00,0x00,0x08,0xf0,0x00,0x00,
0x00,0x8f,0x00,0x00,0x00,0x08,0xf2,0xbf,0xea,0x10,0x8f,0xfb,0x89,0xfd,0x08,0xf8,0x00,0x06,0xf4,0x8f,0x10,0x00,0x1f,0x78,
0xf0,0x00,0x00,0xf8,0x8f,0x00,0x00,0x0f,0x88,0xf0,0x00,0x00,0xf8,0x8f,0x00,0x00,0x0f,0x88,0xf0,0x00,0x00,0xf8,0x9e,0x1a,
0xf2,0x00,0x08,0xf0,0x8f,0x08,0xf0,0x8f,0x08,0xf0,0x8f,0x08,0xf0,0x8f,0x08,0xf0,0x00,0x07,0xe2,0x00,0x09,0xf3,0x00,0x00,
0x00,0x00,0x07,0xf1,0x00,0x07,0xf1,0x00,0x07,0xf1,0x00,0x07,0xf1,0x00,0x07,0xf1,0x00,0x07,0xf1,0x00,0x07,0xf1,0x00,0x07,
0xf1,0x00,0x07,0xf1,0x00,0x08,0xf0,0x18,0x6e,0xc0,0x3e,0xfc,0x20,0x8f,0x00,0x00,0x00,0x08,0xf0,0x00,0x00,0x00,0x8f,0x00,
0x00,0x00,0x08,0xf0,0x00,0x1d,0xd1,0x8f,0x00,0x1d,0xe2,0x08,0xf0,0x1d,0xe2,0x00,0x8f,0x2d,0xf3,0x00,0x08,0xfe,0xff,0x70,
0x00,0x8f,0xe2,0xbf,0x30,0x08,0xf2,0x01,0xee,0x10,0x8f,0x00,0x03,0xfb,0x08,0xf0,0x00,0x07,0xf7,0x8f,0x8f,0x8f,0x8f,0x8f,
0x8f,0x8f,0x8f,0x8f,0x8f,0x8f,0x8f,0x8e,0x3c,0xfe,0x91,0x3b,0xfe,0xa2,0x08,0xff,0x96,0x9f,0xcf,0xc6,0x8f,0xd0,0x8f,0x70,
0x00,0x9f,0xc0,0x00,0x5f,0x58,0xf1,0x00,0x05,0xf6,0x00,0x01,0xf7,0x8f,0x00,0x00,0x4f,0x40,0x00,0x0f,0x88,0xf0,0x00,0x04,
0xf4,0x00,0x00,0xf8,0x8f,0x00,0x00,0x4f,0x40,0x00,0x0f,0x88,0xf0,0x00,0x04,0xf4,0x00,0x00,0xf8,0x8f,0x00,0x00,0x4f,0x40,
0x00,0x0f,0x80,0x8e,0x3b,0xfe,0xa1,0x08,0xff,0xa6,0x8f,0xd0,0x8f,0x80,0x00,0x6f,0x48,0xf1,0x00,0x01,0xf7,0x8f,0x00,0x00,
0x0f,0x88,0xf0,0x00,0x00,0xf8,0x8f,0x00,0x00,0x0f,0x88,0xf0,0x00,0x00,0xf8,0x8f,0x00,0x00,0x0f,0x80,0x00,0x3b,0xef,0xc4,
0x00,0x04,0xfd,0x87,0xcf,0x60,0x0e,0xd0,0x00,0x0b,0xf1,0x3f,0x60,0x00,0x03,0xf5,0x4f,0x30,0x00,0x01,0xf7,0x3f,0x60,0x00,
0x03,0xf5,0x0e,0xd0,0x00,0x0b,0xf1,0x04,0xfd,0x77,0xcf,0x60,0x00,0x3b,0xef,0xc4,0x00,0x8e,0x3b,0xfe,0xb3,0x00,0x8f,0xfb,
0x57,0xdf,0x30,0x8f,0x90,0x00,0x0d,0xc0,0x8f,0x10,0x00,0x07,0xf1,0x8f,0x00,0x00,0x05,0xf3,0x8f,0x20,0x00,0x07,0xf1,0x8f,
0xa0,0x00,0x1e,0xd0,0x8f,0xec,0x78,0xef,0x30,0x8f,0x2b,0xfe,0xb3,0x00,0x8f,0x00,0x00,0x00,0x00,0x8f,0x00,0x00,0x00,0x00,
0x8f,0x00,0x00,0x00,0x00,0x00,0x3b,0xff,0xa2,0xf7,0x04,0xfd,0x87,0xde,0xf7,0x0e,0xd0,0x00,0x0b,0xf7,0x3f,0x60,0x00,0x03,
0xf7,0x4f,0x30,0x00,0x01,0xf7,0x3f,0x60,0x00,0x03,0xf7,0x0e,0xd0,0x00,0x0b,0xf7,0x04,0xfd,0x77,0xce,0xf7,0x00,0x3b,0xff,
0xa3,0xf7,0x00,0x00,0x00,0x01,0xf7,0x00,0x00,0x00,0x01,0xf7,0x00,0x00,0x00,0x01,0xf7,0x8e,0x2b,0xf0,0x8f,0xed,0x90,0x8f,
0xa0,0x00,0x8f,0x20,0x00,0x8f,0x00,0x00,0x8f,0x00,0x00,0x8f,0x00,0x00,0x8f,0x00,0x00,0x8f,0x00,0x00,0x02,0xae,0xfd,0x91,
0x1e,0xd7,0x69,0xd0,0x4f,0x30,0x00,0x00,0x2f,0xb4,0x10,0x00,0x06,0xef,0xfd,0x60,0x00,0x01,0x5b,0xf5,0x01,0x00,0x00,0xf7,
0x5f,0xa7,0x6b,0xf3,0x19,0xdf,0xec,0x40,0x05,0xf3,0x00,0x00,0x5f,0x30,0x00,0xcf,0xff,0xfa,0x04,0x8f,0x75,0x30,0x05,0xf3,
0x00,0x00,0x5f,0x30,0x00,0x05,0xf3,0x00,0x00,0x5f,0x30,0x00,0x04,0xf4,0x00,0x00,0x1f,0xc6,0x80,0x00,0x5d,0xfc,0x10,0xae,
0x00,0x00,0x2f,0x5a,0xe0,0x00,0x02,0xf5,0xae,0x00,0x00,0x2f,0x5a,0xe0,0x00,0x02,0xf5,0xae,0x00,0x00,0x2f,0x59,0xf0,0x00,
0x04,0xf5,0x6f,0x30,0x00,0xaf,0x51,0xee,0x76,0xbf,0xf5,0x02,0xbe,0xfb,0x3f,0x50,0x0d,0xc0,0x00,0x00,0xcb,0x06,0xf2,0x00,
0x02,0xf5,0x00,0xf9,0x00,0x09,0xe0,0x00,0x9e,0x00,0x0f,0x80,0x00,0x2f,0x60,0x6f,0x10,0x00,0x0c,0xc0,0xcb,0x00,0x00,0x05,
0xf6,0xf4,0x00,0x00,0x00,0xef,0xd0,0x00,0x00,0x00,0x8f,0x70,0x00,0xbb,0x00,0x00,0x9f,0x10,0x00,0x4f,0x16,0xf1,0x00,0x0e,
0xf6,0x00,0x09,0xc0,0x0f,0x60,0x05,0xfc,0xb0,0x00,0xf6,0x00,0xac,0x00,0xab,0x5f,0x10,0x5f,0x10,0x05,0xf1,0x0f,0x50,0xf7,
0x0a,0xb0,0x00,0x0f,0x76,0xf0,0x09,0xc0,0xf5,0x00,0x00,0xac,0xba,0x00,0x4f,0x8f,0x00,0x00,0x04,0xff,0x40,0x00,0xef,0xa0,
0x00,0x00,0x0e,0xe0,0x00,0x08,0xf4,0x00,0x00,0x4f,0x70,0x00,0x9f,0x20,0x8f,0x30,0x5f,0x50,0x00,0xcd,0x2e,0x90,0x00,0x02,
0xff,0xd0,0x00,0x00,0x0a,0xf6,0x00,0x00,0x04,0xfd,0xe1,0x00,0x01,0xeb,0x0d,0xc0,0x00,0xbe,0x10,0x3f,0x80,0x6f,0x40,0x00,
0x7f,0x40,0x0d,0xc0,0x00,0x00,0xcb,0x06,0xf3,0x00,0x02,0xf4,0x00,0xea,0x00,0x09,0xd0,0x00,0x8f,0x10,0x1f,0x70,0x00,0x1f,
0x70,0x7f,0x10,0x00,0x0a,0xe0,0xd9,0x00,0x00,0x03,0xf9,0xf2,0x00,0x00,0x00,0xcf,0xb0,0x00,0x00,0x00,0x6f,0x40,0x00,0x00,
0x00,0xad,0x00,0x00,0x1c,0x79,0xf5,0x00,0x00,0x1a,0xee,0x70,0x00,0x00,0x4f,0xff,0xff,0xf9,0x15,0x55,0x5b,0xf4,0x00,0x00,
0x4f,0x80,0x00,0x01,0xec,0x00,0x00,0x0b,0xe1,0x00,0x00,0x8f,0x40,0x00,0x04,0xf7,0x00,0x00,0x1e,0xe5,0x55,0x53,0x5f,0xff,
0xff,0xfc,0x00,0x2c,0xf5,0x00,0xaf,0x61,0x00,0xcc,0x00,0x00,0xdb,0x00,0x00,0xdb,0x00,0x00,0xdb,0x00,0x02,0xea,0x00,0x1f,
0xf4,0x00,0x05,0xfa,0x00,0x00,0xdb,0x00,0x00,0xdb,0x00,0x00,0xdb,0x00,0x00,0xcc,0x00,0x00,0xaf,0x61,0x00,0x2c,0xf5,0x5f,
0x15,0xf1,0x5f,0x15,0xf1,0x5f,0x15,0xf1,0x5f,0x15,0xf1,0x5f,0x15,0xf1,0x5f,0x15,0xf1,0x5f,0x15,0xf1,0x5f,0x10,0xbe,0x80,
0x03,0xaf,0x40,0x01,0xf6,0x00,0x1f,0x70,0x01,0xf7,0x00,0x1f,0x70,0x00,0xf9,0x00,0x0a,0xfb,0x00,0xfb,0x20,0x1f,0x70,0x01,
0xf7,0x00,0x1f,0x70,0x01,0xf6,0x03,0xaf,0x40,0xbe,0x90,0x00,0x00,0x00,0x00,0x00,0x00,0x3d,0xe4,0x00,0xb5,0x0c,0x86,0xf5,
0x1e,0x20,0xf0,0x03,0xef,0x90,0x02,0x00,0x00,0x10,0x00,
};
static const ui_glyph_t ui_glyphs_16[] = {
{0,69,0,0,0,0},
{0,69,3,12,1,0},
{18,100,5,5,1,7},
{31,180,11,12,0,0},
{97,159,10,16,0,-2},
{177,216,13,12,0,0},
{255,176,11,13,0,-1},
{327,54,2,5,1,7},
{332,86,4,15,1,-3},
{362,87,4,15,0,-3},
{392,102,7,7,0,5},
{417,149,8,8,1,2},
{449,58,3,5,0,-2},
{457,98,6,3,0,3},
{466,58,3,3,0,0},
{471,90,8,16,-1,-2},
{535,171,10,12,0,0},
{595,95,5,12,0,0},
{625,147,9,12,0,0},
{679,146,9,12,0,0},
{733,171,11,12,0,0},
{799,147,9,12,0,0},
{853,158,10,12,0,0},
{913,153,9,12,0,0},
{967,165,10,12,0,0},
{1027,158,10,12,0,0},
{1087,58,3,9,0,0},
{1101,58,3,12,0,-3},
{1119,149,8,8,1,2},
{1151,149,8,6,1,3},
{1175,149,8,8,1,2},
{1207,147,9,12,0,0},
{1261,265,16,15,0,-3},
{1381,187,13,12,-1,0},
{1459,194,11,12,1,0},
{1525,185,11,12,0,0},
{1591,211,12,12,1,0},
{1663,172,9,12,1,0},
{1717,163,9,12,1,0},
{1771,198,12,12,0,0},
{1843,208,11,12,1,0},
{1909,79,3,12,1,0},
{1927,131,8,12,-1,0},
{1975,184,11,12,1,0},
{2041,152,9,12,1,0},
{2095,244,13,12,1,0},
{2173,208,11,12,1,0},
{2239,215,13,12,0,0},
{2317,185,10,12,1,0},
{2377,215,14,15,0,-3},
{2482,186,10,12,1,0},
{2542,159,10,12,0,0},
{2602,150,10,12,0,0},
{2662,202,11,12,1,0},
{2728,182,13,12,-1,0},
{2806,288,18,12,0,0},
{2914,172,11,12,0,0},
{2980,166,12,12,-1,0},
{3052,168,11,12,0,0},
{3118,85,5,15,1,-3},
{3156,90,8,16,-1,-2},
{3220,85,4,15,0,-3},
{3250,149,8,7,1,2},
{3278,128,8,2,0,-2},
{3286,154,5,2,1,10},
{3291,153,9,9,0,0},
{3332,175,10,12,1,0},
{3392,146,9,9,0,0},
{3433,175,10,12,0,0},
{3493,157,10,9,0,0},
{3538,90,7,12,0,0},
{3580,177,10,12,0,-3},
{3640,174,9,12,1,0},
{3694,71,3,12,1,0},
{3712,73,6,15,-2,-3},
{3757,158,9,12,1,0},
{3811,71,2,12,1,0},
{3823,271,15,9,1,0},
{3891,174,9,9,1,0},
{3932,163,10,9,0,0},
{3977,175,10,12,1,-3},
{4037,175,10,12,0,-3},
{4097,105,6,9,1,0},
{4124,128,8,9,0,0},
{4160,106,7,11,0,0},
{4199,173,9,9,1,0},
{4240,143,10,9,-1,0},
{4285,230,15,9,0,0},
{4353,141,9,9,0,0},
{4394,143,10,12,-1,-3},
{4454,133,8,9,0,0},
{4490,90,6,15,0,-3},
{4535,77,3,15,1,-3},
{4558,90,5,15,0,-3},
{4596,149,9,5,0,4},
};
static const ui_font_t ui_font_16 = {ui_bitmap_16,ui_glyphs_16,18,3};
static const uint8_t ui_bitmap_20[] = {
0x6f,0xc6,0xfc,0x5f,0xb4,0xfa,0x4f,0xa3,0xf9,0x3f,0x92,0xf8,0x2f,0x71,0xd6,0x00,0x01,0x94,0x9f,0xe4,0xf9,0xbe,0x01,0xf8,
0xbe,0x01,0xf8,0xad,0x01,0xf7,0xad,0x00,0xf7,0xad,0x00,0xf7,0x57,0x00,0x83,0x00,0x00,0x7f,0x00,0x04,0xf2,0x00,0x00,0x00,
0xac,0x00,0x07,0xf0,0x00,0x00,0x00,0xca,0x00,0x09,0xd0,0x00,0x0d,0xff,0xff,0xff,0xff,0xff,0xf8,0x06,0x88,0xfb,0x88,0x8e,
0xc8,0x84,0x00,0x02,0xf4,0x00,0x0f,0x70,0x00,0x00,0x03,0xf2,0x00,0x0f,0x50,0x00,0x00,0x05,0xf1,0x00,0x2f,0x40,0x00,0x00,
0x07,0xf0,0x00,0x4f,0x20,0x00,0x7f,0xff,0xff,0xff,0xff,0xff,0xe0,0x38,0x8d,0xd8,0x88,0xcf,0x88,0x70,0x00,0x0d,0x90,0x00,
0xac,0x00,0x00,0x00,0x0f,0x70,0x00,0xca,0x00,0x00,0x00,0x1f,0x50,0x00,0xe8,0x00,0x00,0x00,0x00,0x05,0xf0,0x00,0x00,0x00,
0x00,0x05,0xf0,0x00,0x00,0x00,0x00,0x05,0xf0,0x00,0x00,0x00,0x07,0xcf,0xff,0xc8,0x10,0x01,0xdf,0xfe,0xfd,0xff,0xd0,0x08,
0xfc,0x15,0xf0,0x06,0x60,0x0c,0xf3,0x05,0xf0,0x00,0x00,0x0c,0xf5,0x05,0xf0,0x00,0x00,0x06,0xfe,0x76,0xf0,0x00,0x00,0x00,
0x8f,0xff,0xf9,0x40,0x00,0x00,0x02,0x7c,0xff,0xfe,0x40,0x00,0x00,0x05,0xf4,0xaf,0xf2,0x00,0x00,0x05,0xf0,0x09,0xf7,0x01,
0x00,0x05,0xf0,0x06,0xf8,0x0c,0x92,0x05,0xf0,0x2d,0xf4,0x0c,0xff,0xed,0xfd,0xff,0xa0,0x00,0x4a,0xef,0xff,0xc6,0x00,0x00,
0x00,0x05,0xf0,0x00,0x00,0x00,0x00,0x05,0xf0,0x00,0x00,0x00,0x00,0x02,0x70,0x00,0x00,0x00,0x9e,0xe9,0x00,0x00,0x00,0xda,
0x00,0x00,0xad,0x44,0xda,0x00,0x00,0x9e,0x10,0x00,0x1f,0x40,0x04,0xf1,0x00,0x4f,0x40,0x00,0x03,0xf1,0x00,0x1f,0x30,0x1e,
0x90,0x00,0x00,0x2f,0x30,0x03,0xf1,0x0a,0xd0,0x00,0x00,0x00,0xcb,0x11,0xbb,0x05,0xf3,0x00,0x00,0x00,0x01,0xcf,0xfc,0x11,
0xe8,0x1a,0xfe,0x70,0x00,0x00,0x11,0x00,0xad,0x0a,0xd4,0x5f,0x60,0x00,0x00,0x00,0x5f,0x32,0xf3,0x00,0x7e,0x00,0x00,0x00,
0x1f,0x70,0x4f,0x00,0x04,0xf0,0x00,0x00,0x0b,0xc0,0x04,0xf0,0x00,0x3f,0x00,0x00,0x06,0xf2,0x00,0x2f,0x20,0x06,0xe0,0x00,
0x02,0xf7,0x00,0x00,0xbb,0x23,0xe6,0x00,0x00,0xcc,0x00,0x00,0x01,0xaf,0xe8,0x00,0x00,0x01,0x9d,0xfd,0x70,0x00,0x00,0x00,
0x0d,0xf9,0x7b,0xf7,0x00,0x00,0x00,0x4f,0x90,0x00,0xdc,0x00,0x00,0x00,0x5f,0x70,0x00,0xec,0x00,0x00,0x00,0x1f,0xe1,0x1b,
0xf4,0x00,0x00,0x00,0x05,0xfd,0xef,0x50,0x00,0x00,0x00,0x04,0xef,0xf3,0x00,0x00,0x00,0x00,0x8f,0xc7,0xfd,0x20,0x08,0x30,
0x07,0xf9,0x00,0x5f,0xe2,0x1f,0x80,0x0e,0xe0,0x00,0x05,0xfe,0xaf,0x30,0x0f,0xd0,0x00,0x00,0x4f,0xfc,0x00,0x0d,0xf7,0x00,
0x00,0x5e,0xff,0x30,0x04,0xff,0xeb,0xbe,0xfe,0x6f,0xf2,0x00,0x29,0xdf,0xfc,0x70,0x03,0xb0,0x00,0x00,0x00,0x00,0x00,0x00,
0x00,0xbe,0xbe,0xad,0xad,0xad,0x57,0x00,0x0e,0xd0,0x00,0x7f,0x60,0x00,0xef,0x00,0x03,0xfa,0x00,0x08,0xf5,0x00,0x0b,0xf2,
0x00,0x0e,0xf0,0x00,0x0f,0xe0,0x00,0x0f,0xd0,0x00,0x1f,0xc0,0x00,0x0f,0xd0,0x00,0x0f,0xe0,0x00,0x0e,0xf0,0x00,0x0b,0xf2,
0x00,0x08,0xf5,0x00,0x03,0xfa,0x00,0x00,0xee,0x00,0x00,0x7f,0x60,0x00,0x0e,0xd0,0x2f,0xb0,0x00,0xaf,0x30,0x03,0xfa,0x00,
0x0e,0xf0,0x00,0x9f,0x40,0x06,0xf7,0x00,0x3f,0xa0,0x02,0xfb,0x00,0x1f,0xc0,0x00,0xfd,0x00,0x1f,0xc0,0x02,0xfb,0x00,0x3f,
0xa0,0x06,0xf7,0x00,0x9f,0x40,0x0e,0xf0,0x03,0xfa,0x00,0xaf,0x30,0x2f,0xb0,0x00,0x00,0x09,0x90,0x00,0x26,0x09,0x90,0x62,
0x5f,0xcb,0xbc,0xf5,0x02,0xbf,0xfb,0x20,0x07,0xef,0xfe,0x70,0x6f,0x69,0x96,0xf6,0x01,0x09,0x90,0x10,0x00,0x06,0x60,0x00,
0x00,0x00,0x00,0x00,0x00,0x00,0x00,0xfa,0x00,0x00,0x00,0x00,0xfa,0x00,0x00,0x00,0x00,0xfa,0x00,0x00,0x00,0x00,0xfa,0x00,
0x00,0xaf,0xff,0xff,0xff,0xf4,0x6a,0xaa,0xfd,0xaa,0xa2,0x00,0x00,0xfa,0x00,0x00,0x00,0x00,0xfa,0x00,0x00,0x00,0x00,0xfa,
0x00,0x00,0x06,0xa1,0x0f,0xf8,0x0a,0xf7,0x05,0xf2,0x09,0xc0,0x0d,0x70,0x9b,0xbb,0xb5,0xdf,0xff,0xf8,0x07,0xb2,0x0f,0xf8,
0x0a,0xe4,0x00,0x00,0x00,0x07,0x50,0x00,0x00,0x04,0xf7,0x00,0x00,0x00,0xaf,0x10,0x00,0x00,0x0f,0xc0,0x00,0x00,0x04,0xf6,
0x00,0x00,0x00,0xaf,0x10,0x00,0x00,0x0f,0xc0,0x00,0x00,0x05,0xf6,0x00,0x00,0x00,0xaf,0x10,0x00,0x00,0x0f,0xb0,0x00,0x00,
0x05,0xf6,0x00,0x00,0x00,0xaf,0x10,0x00,0x00,0x0f,0xb0,0x00,0x00,0x05,0xf6,0x00,0x00,0x00,0xbf,0x10,0x00,0x00,0x1f,0xb0,
0x00,0x00,0x06,0xf5,0x00,0x00,0x00,0xbf,0x00,0x00,0x00,0x1f,0xb0,0x00,0x00,0x06,0xf5,0x00,0x00,0x00,0x00,0x01,0x8d,0xfe,
0xa3,0x00,0x00,0x02,0xef,0xfd,0xef,0xf6,0x00,0x00,0xdf,0xa1,0x00,0x6f,0xf2,0x00,0x6f,0xc0,0x00,0x00,0x7f,0xb0,0x0b,0xf4,
0x00,0x00,0x00,0xff,0x00,0xef,0x10,0x00,0x00,0x0c,0xf3,0x0f,0xf0,0x00,0x00,0x00,0xaf,0x50,0xff,0x00,0x00,0x00,0x0a,0xf5,
0x0e,0xf1,0x00,0x00,0x00,0xcf,0x30,0xbf,0x40,0x00,0x00,0x0f,0xf0,0x06,0xfc,0x00,0x00,0x07,0xfb,0x00,0x0d,0xfa,0x10,0x06,
0xff,0x20,0x00,0x2e,0xff,0xdf,0xff,0x60,0x00,0x00,0x18,0xdf,0xea,0x30,0x00,0xdf,0xff,0xf4,0xac,0xce,0xf4,0x00,0x0b,0xf4,
0x00,0x0b,0xf4,0x00,0x0b,0xf4,0x00,0x0b,0xf4,0x00,0x0b,0xf4,0x00,0x0b,0xf4,0x00,0x0b,0xf4,0x00,0x0b,0xf4,0x00,0x0b,0xf4,
0x00,0x0b,0xf4,0x00,0x0b,0xf4,0x00,0x0b,0xf4,0x00,0x6c,0xef,0xea,0x30,0x02,0xdf,0xfe,0xdf,0xff,0x50,0x5f,0x91,0x00,0x09,
0xfe,0x00,0x10,0x00,0x00,0x0e,0xf2,0x00,0x00,0x00,0x00,0xdf,0x20,0x00,0x00,0x00,0x2f,0xd0,0x00,0x00,0x00,0x1d,0xf5,0x00,
0x00,0x00,0x1c,0xf8,0x00,0x00,0x00,0x1d,0xf8,0x00,0x00,0x00,0x1d,0xf8,0x00,0x00,0x00,0x2e,0xf7,0x00,0x00,0x00,0x2e,0xf6,
0x00,0x00,0x00,0x2e,0xff,0xcc,0xcc,0xcc,0x94,0xff,0xff,0xff,0xff,0xfc,0x4f,0xff,0xff,0xff,0xff,0x03,0xcc,0xcc,0xcc,0xef,
0xd0,0x00,0x00,0x00,0x2f,0xe2,0x00,0x00,0x00,0x1d,0xf4,0x00,0x00,0x00,0x0c,0xf6,0x00,0x00,0x00,0x09,0xfa,0x00,0x00,0x00,
0x00,0xff,0xfe,0x80,0x00,0x00,0x06,0x68,0xef,0xc0,0x00,0x00,0x00,0x00,0xdf,0x50,0x00,0x00,0x00,0x08,0xf8,0x01,0x00,0x00,
0x00,0xaf,0x77,0xe6,0x10,0x00,0x6f,0xf2,0x7f,0xff,0xee,0xff,0xf6,0x00,0x28,0xcf,0xfe,0xa3,0x00,0x00,0x00,0x00,0x07,0xfb,
0x00,0x00,0x00,0x00,0x00,0x3f,0xd1,0x00,0x00,0x00,0x00,0x01,0xef,0x30,0x00,0x00,0x00,0x00,0x0c,0xf6,0x00,0x00,0x00,0x00,
0x00,0x8f,0xa0,0x00,0x00,0x00,0x00,0x04,0xfd,0x00,0x01,0x00,0x00,0x00,0x2e,0xf2,0x00,0x6f,0x70,0x00,0x00,0xcf,0x50,0x00,
0x6f,0x70,0x00,0x09,0xf9,0x00,0x00,0x6f,0x70,0x00,0x3f,0xff,0xff,0xff,0xff,0xff,0xf2,0x2c,0xcc,0xcc,0xcc,0xdf,0xec,0xc1,
0x00,0x00,0x00,0x00,0x7f,0x70,0x00,0x00,0x00,0x00,0x00,0x7f,0x70,0x00,0x00,0x00,0x00,0x00,0x7f,0x70,0x00,0x00,0xff,0xff,
0xff,0xff,0x00,0x1f,0xfc,0xcc,0xcc,0xc0,0x02,0xfb,0x00,0x00,0x00,0x00,0x4f,0x90,0x00,0x00,0x00,0x06,0xf7,0x00,0x00,0x00,
0x00,0x7f,0xec,0xca,0x72,0x00,0x09,0xff,0xff,0xff,0xf7,0x00,0x00,0x00,0x02,0x8f,0xf4,0x00,0x00,0x00,0x00,0x8f,0xa0,0x00,
0x00,0x00,0x04,0xfc,0x02,0x00,0x00,0x00,0x6f,0xa3,0xf8,0x20,0x00,0x5f,0xf4,0x4f,0xff,0xed,0xff,0xf9,0x00,0x17,0xce,0xfe,
0xb5,0x00,0x00,0x00,0x5b,0xef,0xeb,0x60,0x00,0x0b,0xff,0xec,0xdf,0xb0,0x00,0xaf,0xb2,0x00,0x01,0x10,0x04,0xfc,0x00,0x00,
0x00,0x00,0x0a,0xf4,0x00,0x00,0x00,0x00,0x0e,0xf0,0x6c,0xff,0xc6,0x00,0x0f,0xfa,0xfd,0xbc,0xff,0xa0,0x0f,0xff,0x60,0x00,
0x2e,0xf5,0x0f,0xfa,0x00,0x00,0x05,0xfa,0x0c,0xf7,0x00,0x00,0x03,0xfc,0x07,0xfa,0x00,0x00,0x05,0xfa,0x01,0xef,0x60,0x00,
0x2e,0xf4,0x00,0x4f,0xfe,0xbc,0xff,0x80,0x00,0x01,0x9d,0xfe,0xb4,0x00,0x6f,0xff,0xff,0xff,0xff,0xf2,0x6f,0xec,0xcc,0xcc,
0xdf,0xf1,0x6f,0x80,0x00,0x00,0x6f,0xa0,0x6f,0x80,0x00,0x00,0xdf,0x30,0x14,0x20,0x00,0x04,0xfc,0x00,0x00,0x00,0x00,0x0c,
0xf5,0x00,0x00,0x00,0x00,0x3f,0xd0,0x00,0x00,0x00,0x00,0xaf,0x60,0x00,0x00,0x00,0x02,0xfe,0x00,0x00,0x00,0x00,0x09,0xf8,
0x00,0x00,0x00,0x00,0x1f,0xf1,0x00,0x00,0x00,0x00,0x7f,0x90,0x00,0x00,0x00,0x00,0xef,0x20,0x00,0x00,0x00,0x06,0xfb,0x00,
0x00,0x00,0x00,0x06,0xce,0xfe,0xb5,0x00,0x00,0xcf,0xfc,0xac,0xff,0xb0,0x06,0xfc,0x10,0x00,0x2d,0xf4,0x09,0xf6,0x00,0x00,
0x08,0xf7,0x06,0xfb,0x00,0x00,0x1d,0xf4,0x00,0xaf,0xea,0x9a,0xff,0x80,0x00,0x5e,0xff,0xff,0xfe,0x40,0x06,0xfe,0x61,0x02,
0x7f,0xf4,0x0e,0xf3,0x00,0x00,0x05,0xfc,0x1f,0xe0,0x00,0x00,0x00,0xff,0x0f,0xf1,0x00,0x00,0x03,0xfe,0x0a,0xfb,0x10,0x00,
0x2d,0xf8,0x01,0xdf,0xfc,0xbc,0xff,0xc0,0x00,0x07,0xce,0xfe,0xb6,0x00,0x00,0x3a,0xef,0xeb,0x40,0x00,0x06,0xff,0xda,0xcf,
0xf8,0x00,0x1f,0xf4,0x00,0x01,0xcf,0x50,0x5f,0x90,0x00,0x00,0x2f,0xd0,0x6f,0x90,0x00,0x00,0x3f,0xf1,0x2f,0xf4,0x00,0x01,
0xcf,0xf4,0x08,0xff,0xda,0xbf,0xec,0xf5,0x00,0x4b,0xef,0xd9,0x1a,0xf4,0x00,0x00,0x00,0x00,0x0d,0xf3,0x00,0x00,0x00,0x00,
0x1f,0xf0,0x00,0x00,0x00,0x00,0xaf,0x90,0x00,0x40,0x00,0x1a,0xfe,0x10,0x06,0xfe,0xdd,0xff,0xe3,0x00,0x03,0xad,0xfe,0xc7,
0x10,0x00,0x0a,0xe4,0x0f,0xf8,0x07,0xb2,0x00,0x00,0x00,0x00,0x00,0x00,0x00,0x00,0x00,0x00,0x07,0xb2,0x0f,0xf8,0x0a,0xe4,
0x0a,0xe4,0x0f,0xf8,0x07,0xb2,0x00,0x00,0x00,0x00,0x00,0x00,0x00,0x00,0x00,0x00,0x06,0xa1,0x0f,0xf8,0x0a,0xf7,0x05,0xf2,
0x09,0xc0,0x0d,0x70,0x00,0x00,0x00,0x00,0x63,0x00,0x00,0x02,0x9f,0xf4,0x00,0x05,0xcf,0xfb,0x40,0x28,0xef,0xe8,0x10,0x00,
0xaf,0xc4,0x00,0x00,0x00,0x8f,0xfa,0x40,0x00,0x00,0x02,0x9e,0xfd,0x71,0x00,0x00,0x00,0x6c,0xff,0xb2,0x00,0x00,0x00,0x39,
0xf4,0x00,0x00,0x00,0x00,0x01,0xaf,0xff,0xff,0xff,0xf4,0x6a,0xaa,0xaa,0xaa,0xa2,0x00,0x00,0x00,0x00,0x00,0x00,0x00,0x00,
0x00,0x00,0x00,0x00,0x00,0x00,0x00,0xaf,0xff,0xff,0xff,0xf4,0x6a,0xaa,0xaa,0xaa,0xa2,0x63,0x00,0x00,0x00,0x00,0xaf,0xd6,
0x10,0x00,0x00,0x17,0xdf,0xf9,0x30,0x00,0x00,0x03,0xaf,0xfc,0x60,0x00,0x00,0x01,0x6e,0xf4,0x00,0x00,0x06,0xcf,0xf3,0x00,
0x39,0xff,0xd6,0x00,0x5d,0xff,0xa3,0x00,0x00,0xad,0x71,0x00,0x00,0x00,0x20,0x00,0x00,0x00,0x00,0x00,0x7c,0xef,0xda,0x30,
0x02,0xef,0xfc,0xce,0xff,0x60,0x6f,0x80,0x00,0x08,0xfe,0x00,0x10,0x00,0x00,0x0f,0xf1,0x00,0x00,0x00,0x01,0xfe,0x00,0x00,
0x00,0x00,0xbf,0x60,0x00,0x00,0x01,0xcf,0x80,0x00,0x00,0x00,0xcf,0x80,0x00,0x00,0x00,0x4f,0xc0,0x00,0x00,0x00,0x03,0x74,
0x00,0x00,0x00,0x00,0x00,0x00,0x00,0x00,0x00,0x02,0x93,0x00,0x00,0x00,0x00,0xaf,0xc0,0x00,0x00,0x00,0x06,0xf8,0x00,0x00,
0x00,0x00,0x00,0x49,0xdf,0xfe,0xc9,0x30,0x00,0x00,0x00,0x00,0x2d,0xfd,0x97,0x67,0x9e,0xfb,0x10,0x00,0x00,0x05,0xfd,0x30,
0x00,0x00,0x00,0x4d,0xe3,0x00,0x00,0x3f,0xa0,0x00,0x58,0x85,0x03,0x94,0xbe,0x10,0x00,0xec,0x00,0x2d,0xff,0xff,0xd7,0xf5,
0x1d,0xb0,0x06,0xf3,0x01,0xef,0x71,0x04,0xdf,0xf5,0x05,0xf2,0x0b,0xd0,0x08,0xf7,0x00,0x00,0x1e,0xf5,0x00,0xe7,0x0e,0x90,
0x0c,0xf0,0x00,0x00,0x08,0xf5,0x00,0xca,0x0f,0x70,0x0e,0xe0,0x00,0x00,0x06,0xf5,0x00,0xab,0x0f,0x70,0x0d,0xf0,0x00,0x00,
0x06,0xf5,0x00,0xba,0x0e,0x90,0x0a,0xf3,0x00,0x00,0x0b,0xf5,0x00,0xd8,0x0b,0xd0,0x03,0xfd,0x10,0x00,0x7f,0xf7,0x03,0xf4,
0x06,0xf3,0x00,0x7f,0xfa,0x9d,0xf7,0xfe,0xae,0xc0,0x00,0xec,0x00,0x04,0xcf,0xfb,0x40,0x5e,0xfa,0x10,0x00,0x3f,0xa0,0x00,
0x00,0x00,0x00,0x00,0x00,0x00,0x00,0x05,0xfd,0x30,0x00,0x00,0x00,0x00,0x00,0x00,0x00,0x00,0x3d,0xfd,0x97,0x68,0xaf,0x70,
0x00,0x00,0x00,0x00,0x00,0x5a,0xdf,0xfd,0xb7,0x10,0x00,0x00,0x00,0x00,0x00,0x0e,0xf8,0x00,0x00,0x00,0x00,0x00,0x00,0x5f,
0xfe,0x00,0x00,0x00,0x00,0x00,0x00,0xdf,0xaf,0x60,0x00,0x00,0x00,0x00,0x04,0xfa,0x1f,0xd0,0x00,0x00,0x00,0x00,0x0b,0xf3,
0x0a,0xf5,0x00,0x00,0x00,0x00,0x2f,0xc0,0x03,0xfc,0x00,0x00,0x00,0x00,0xaf,0x50,0x00,0xcf,0x30,0x00,0x00,0x01,0xfe,0x00,
0x00,0x5f,0xb0,0x00,0x00,0x08,0xf7,0x00,0x00,0x0e,0xf2,0x00,0x00,0x0e,0xff,0xff,0xff,0xff,0xf9,0x00,0x00,0x6f,0xda,0xaa,
0xaa,0xaa,0xff,0x10,0x00,0xdf,0x30,0x00,0x00,0x00,0x9f,0x80,0x05,0xfb,0x00,0x00,0x00,0x00,0x2f,0xe0,0x0c,0xf4,0x00,0x00,
0x00,0x00,0x0a,0xf6,0xef,0xff,0xff,0xfe,0xb5,0x00,0x0e,0xfb,0xaa,0xab,0xdf,0xfa,0x00,0xef,0x10,0x00,0x00,0x4f,0xf3,0x0e,
0xf1,0x00,0x00,0x00,0xaf,0x60,0xef,0x10,0x00,0x00,0x0c,0xf4,0x0e,0xf1,0x00,0x00,0x29,0xfc,0x00,0xef,0xff,0xff,0xff,0xfd,
0x10,0x0e,0xfb,0xaa,0xaa,0xce,0xfd,0x10,0xef,0x10,0x00,0x00,0x08,0xfb,0x0e,0xf1,0x00,0x00,0x00,0x0f,0xf0,0xef,0x10,0x00,
0x00,0x00,0xff,0x1e,0xf1,0x00,0x00,0x00,0x8f,0xe0,0xef,0xba,0xaa,0xab,0xef,0xf4,0x0e,0xff,0xff,0xff,0xfd,0x92,0x00,0x00,
0x00,0x17,0xce,0xfe,0xb5,0x00,0x00,0x05,0xef,0xff,0xde,0xff,0xc1,0x00,0x5f,0xf9,0x20,0x00,0x3b,0xf5,0x02,0xff,0x60,0x00,
0x00,0x00,0x30,0x08,0xf9,0x00,0x00,0x00,0x00,0x00,0x0d,0xf3,0x00,0x00,0x00,0x00,0x00,0x0f,0xf0,0x00,0x00,0x00,0x00,0x00,
0x0f,0xf0,0x00,0x00,0x00,0x00,0x00,0x0d,0xf3,0x00,0x00,0x00,0x00,0x00,0x08,0xf9,0x00,0x00,0x00,0x00,0x00,0x02,0xff,0x60,
0x00,0x00,0x00,0x30,0x00,0x5f,0xfa,0x30,0x00,0x3b,0xf5,0x00,0x05,0xef,0xff,0xdf,0xff,0xc1,0x00,0x00,0x17,0xce,0xfe,0xb5,
0x00,0xef,0xff,0xff,0xfd,0xa4,0x00,0x00,0xef,0xdc,0xcc,0xdf,0xff,0xb1,0x00,0xef,0x10,0x00,0x00,0x5d,0xfd,0x00,0xef,0x10,
0x00,0x00,0x00,0xcf,0xa0,0xef,0x10,0x00,0x00,0x00,0x1f,0xf1,0xef,0x10,0x00,0x00,0x00,0x0a,0xf6,0xef,0x10,0x00,0x00,0x00,
0x08,0xf8,0xef,0x10,0x00,0x00,0x00,0x07,0xf8,0xef,0x10,0x00,0x00,0x00,0x0a,0xf6,0xef,0x10,0x00,0x00,0x00,0x1f,0xf1,0xef,
0x10,0x00,0x00,0x00,0xbf,0xa0,0xef,0x10,0x00,0x00,0x5d,0xfd,0x10,0xef,0xcc,0xcc,0xdf,0xff,0xb1,0x00,0xef,0xff,0xff,0xfd,
0xa4,0x00,0x00,0xef,0xff,0xff,0xff,0xff,0x0e,0xfd,0xcc,0xcc,0xcc,0xc0,0xef,0x10,0x00,0x00,0x00,0x0e,0xf1,0x00,0x00,0x00,
0x00,0xef,0x10,0x00,0x00,0x00,0x0e,0xf1,0x00,0x00,0x00,0x00,0xef,0xff,0xff,0xff,0xf2,0x0e,0xfc,0xcc,0xcc,0xcc,0x10,0xef,
0x10,0x00,0x00,0x00,0x0e,0xf1,0x00,0x00,0x00,0x00,0xef,0x10,0x00,0x00,0x00,0x0e,0xf1,0x00,0x00,0x00,0x00,0xef,0xcc,0xcc,
0xcc,0xcc,0x3e,0xff,0xff,0xff,0xff,0xf4,0xef,0xff,0xff,0xff,0xff,0xef,0xdc,0xcc,0xcc,0xcc,0xef,0x10,0x00,0x00,0x00,0xef,
0x10,0x00,0x00,0x00,0xef,0x10,0x00,0x00,0x00,0xef,0x10,0x00,0x00,0x00,0xef,0xcc,0xcc,0xcc,0xc1,0xef,0xff,0xff,0xff,0xf2,
0xef,0x10,0x00,0x00,0x00,0xef,0x10,0x00,0x00,0x00,0xef,0x10,0x00,0x00,0x00,0xef,0x10,0x00,0x00,0x00,0xef,0x10,0x00,0x00,
0x00,0xef,0x10,0x00,0x00,0x00,0x00,0x00,0x16,0xce,0xfe,0xb6,0x00,0x00,0x05,0xef,0xff,0xde,0xff,0xd2,0x00,0x5f,0xf9,0x20,
0x00,0x29,0xf7,0x02,0xff,0x60,0x00,0x00,0x00,0x20,0x08,0xf9,0x00,0x00,0x00,0x00,0x00,0x0d,0xf3,0x00,0x00,0x00,0x00,0x00,
0x0f,0xf0,0x00,0x00,0x00,0x00,0x11,0x0f,0xf0,0x00,0x00,0x00,0x03,0xfb,0x0d,0xf3,0x00,0x00,0x00,0x03,0xfb,0x08,0xfa,0x00,
0x00,0x00,0x03,0xfb,0x01,0xff,0x60,0x00,0x00,0x03,0xfb,0x00,0x5f,0xfa,0x30,0x00,0x2a,0xfb,0x00,0x04,0xef,0xff,0xdf,0xff,
0xe4,0x00,0x00,0x17,0xce,0xfe,0xb6,0x00,0xef,0x10,0x00,0x00,0x00,0xdf,0x2e,0xf1,0x00,0x00,0x00,0x0d,0xf2,0xef,0x10,0x00,
0x00,0x00,0xdf,0x2e,0xf1,0x00,0x00,0x00,0x0d,0xf2,0xef,0x10,0x00,0x00,0x00,0xdf,0x2e,0xf1,0x00,0x00,0x00,0x0d,0xf2,0xef,
0xff,0xff,0xff,0xff,0xff,0x2e,0xfd,0xcc,0xcc,0xcc,0xcf,0xf2,0xef,0x10,0x00,0x00,0x00,0xdf,0x2e,0xf1,0x00,0x00,0x00,0x0d,
0xf2,0xef,0x10,0x00,0x00,0x00,0xdf,0x2e,0xf1,0x00,0x00,0x00,0x0d,0xf2,0xef,0x10,0x00,0x00,0x00,0xdf,0x2e,0xf1,0x00,0x00,
0x00,0x0d,0xf2,0xef,0x1e,0xf1,0xef,0x1e,0xf1,0xef,0x1e,0xf1,0xef,0x1e,0xf1,0xef,0x1e,0xf1,0xef,0x1e,0xf1,0xef,0x1e,0xf1,
0x00,0xcf,0xff,0xff,0xf4,0x00,0x9c,0xcc,0xcf,0xf4,0x00,0x00,0x00,0x0b,0xf4,0x00,0x00,0x00,0x0b,0xf4,0x00,0x00,0x00,0x0b,
0xf4,0x00,0x00,0x00,0x0b,0xf4,0x00,0x00,0x00,0x0b,0xf4,0x00,0x00,0x00,0x0b,0xf4,0x00,0x00,0x00,0x0b,0xf4,0x00,0x00,0x00,
0x0b,0xf4,0x01,0x00,0x00,0x0d,0xf2,0x0c,0xc2,0x00,0x6f,0xe0,0x0a,0xff,0xde,0xff,0x60,0x00,0x6c,0xff,0xc5,0x00,0xef,0x10,
0x00,0x00,0x0b,0xf8,0x0e,0xf1,0x00,0x00,0x0b,0xf8,0x00,0xef,0x10,0x00,0x0b,0xf9,0x00,0x0e,0xf1,0x00,0x0b,0xfa,0x00,0x00,
0xef,0x10,0x0a,0xfb,0x00,0x00,0x0e,0xf1,0x0a,0xfb,0x00,0x00,0x00,0xef,0x19,0xff,0x30,0x00,0x00,0x0e,0xfa,0xfe,0xfe,0x10,
0x00,0x00,0xef,0xfd,0x1a,0xfc,0x00,0x00,0x0e,0xfd,0x10,0x0c,0xfa,0x00,0x00,0xef,0x20,0x00,0x1e,0xf7,0x00,0x0e,0xf1,0x00,
0x00,0x2f,0xf4,0x00,0xef,0x10,0x00,0x00,0x4f,0xf2,0x0e,0xf1,0x00,0x00,0x00,0x6f,0xd1,0xef,0x10,0x00,0x00,0x00,0xef,0x10,
0x00,0x00,0x00,0xef,0x10,0x00,0x00,0x00,0xef,0x10,0x00,0x00,0x00,0xef,0x10,0x00,0x00,0x00,0xef,0x10,0x00,0x00,0x00,0xef,
0x10,0x00,0x00,0x00,0xef,0x10,0x00,0x00,0x00,0xef,0x10,0x00,0x00,0x00,0xef,0x10,0x00,0x00,0x00,0xef,0x10,0x00,0x00,0x00,
0xef,0x10,0x00,0x00,0x00,0xef,0xcc,0xcc,0xcc,0xc8,0xef,0xff,0xff,0xff,0xfb,0xef,0x10,0x00,0x00,0x00,0x00,0x0e,0xfe,0xf9,
0x00,0x00,0x00,0x00,0x08,0xff,0xef,0xf3,0x00,0x00,0x00,0x02,0xff,0xfe,0xff,0xc0,0x00,0x00,0x00,0xbf,0xff,0xef,0x9f,0x60,
0x00,0x00,0x4f,0xaf,0xfe,0xf1,0xee,0x10,0x00,0x0d,0xf1,0xff,0xef,0x06,0xf9,0x00,0x07,0xf7,0x0e,0xfe,0xf0,0x0c,0xf3,0x01,
0xfd,0x00,0xef,0xef,0x00,0x3f,0xc0,0xaf,0x40,0x0e,0xfe,0xf0,0x00,0x9f,0x9f,0xa0,0x00,0xef,0xef,0x00,0x01,0xef,0xf1,0x00,
0x0e,0xfe,0xf0,0x00,0x06,0xf7,0x00,0x00,0xef,0xef,0x00,0x00,0x04,0x00,0x00,0x0e,0xfe,0xf0,0x00,0x00,0x00,0x00,0x00,0xef,
0xef,0x20,0x00,0x00,0x00,0xdf,0x2e,0xfd,0x10,0x00,0x00,0x0d,0xf2,0xef,0xfb,0x00,0x00,0x00,0xdf,0x2e,0xfe,0xf8,0x00,0x00,
0x0d,0xf2,0xef,0x4f,0xf5,0x00,0x00,0xdf,0x2e,0xf1,0x5f,0xf3,0x00,0x0d,0xf2,0xef,0x10,0x8f,0xe1,0x00,0xdf,0x2e,0xf1,0x00,
0xbf,0xc0,0x0d,0xf2,0xef,0x10,0x01,0xdf,0x90,0xdf,0x2e,0xf1,0x00,0x02,0xff,0x6d,0xf2,0xef,0x10,0x00,0x05,0xff,0xff,0x2e,
0xf1,0x00,0x00,0x08,0xff,0xf2,0xef,0x10,0x00,0x00,0x0b,0xff,0x2e,0xf1,0x00,0x00,0x00,0x0d,0xf2,0x00,0x00,0x16,0xce,0xfe,
0xb5,0x00,0x00,0x00,0x04,0xef,0xfe,0xdf,0xff,0xd3,0x00,0x00,0x5f,0xf9,0x20,0x00,0x3b,0xff,0x20,0x01,0xff,0x60,0x00,0x00,
0x00,0x9f,0xd0,0x08,0xf9,0x00,0x00,0x00,0x00,0x0d,0xf5,0x0d,0xf3,0x00,0x00,0x00,0x00,0x06,0xfa,0x0f,0xf0,0x00,0x00,0x00,
0x00,0x03,0xfc,0x0f,0xf0,0x00,0x00,0x00,0x00,0x03,0xfc,0x0d,0xf3,0x00,0x00,0x00,0x00,0x06,0xfa,0x08,0xf9,0x00,0x00,0x00,
0x00,0x0d,0xf5,0x01,0xff,0x60,0x00,0x00,0x00,0x9f,0xd0,0x00,0x5f,0xfa,0x20,0x00,0x3b,0xff,0x20,0x00,0x04,0xef,0xff,0xdf,
0xff,0xd3,0x00,0x00,0x00,0x17,0xce,0xfe,0xb5,0x00,0x00,0xef,0xff,0xff,0xec,0x70,0x00,0xef,0xdc,0xcd,0xef,0xfd,0x20,0xef,
0x10,0x00,0x02,0xbf,0xc0,0xef,0x10,0x00,0x00,0x0e,0xf3,0xef,0x10,0x00,0x00,0x0a,0xf5,0xef,0x10,0x00,0x00,0x0b,0xf5,0xef,
0x10,0x00,0x00,0x2f,0xf2,0xef,0x10,0x00,0x15,0xdf,0xa0,0xef,0xff,0xff,0xff,0xfb,0x00,0xef,0xcc,0xcc,0xb9,0x40,0x00,0xef,
0x10,0x00,0x00,0x00,0x00,0xef,0x10,0x00,0x00,0x00,0x00,0xef,0x10,0x00,0x00,0x00,0x00,0xef,0x10,0x00,0x00,0x00,0x00,0x00,
0x00,0x16,0xce,0xfe,0xb5,0x00,0x00,0x00,0x00,0x4e,0xff,0xfd,0xff,0xfd,0x30,0x00,0x00,0x5f,0xfa,0x20,0x00,0x4b,0xff,0x20,
0x00,0x1f,0xf6,0x00,0x00,0x00,0x09,0xfd,0x00,0x08,0xfa,0x00,0x00,0x00,0x00,0x0d,0xf5,0x00,0xdf,0x30,0x00,0x00,0x00,0x00,
0x6f,0xa0,0x0f,0xf0,0x00,0x00,0x00,0x00,0x03,0xfc,0x00,0xff,0x00,0x00,0x00,0x00,0x00,0x3f,0xc0,0x0d,0xf2,0x00,0x00,0x00,
0x00,0x06,0xfa,0x00,0x9f,0x90,0x00,0x00,0x00,0x00,0xcf,0x50,0x02,0xff,0x50,0x00,0x00,0x00,0x8f,0xd0,0x00,0x06,0xff,0x92,
0x00,0x03,0xbf,0xf3,0x00,0x00,0x06,0xff,0xfe,0xce,0xff,0xe3,0x00,0x00,0x00,0x02,0x8d,0xff,0xfd,0x60,0x00,0x00,0x00,0x00,
0x00,0x00,0x9f,0xe2,0x00,0x1a,0x10,0x00,0x00,0x00,0x00,0x8f,0xfb,0xbf,0xf3,0x00,0x00,0x00,0x00,0x00,0x4b,0xef,0xb3,0x00,
0xef,0xff,0xff,0xec,0x70,0x00,0xef,0xdc,0xcd,0xef,0xfd,0x20,0xef,0x10,0x00,0x02,0xbf,0xc0,0xef,0x10,0x00,0x00,0x0e,0xf3,
0xef,0x10,0x00,0x00,0x0a,0xf5,0xef,0x10,0x00,0x00,0x0b,0xf5,0xef,0x10,0x00,0x00,0x2f,0xf2,0xef,0x10,0x00,0x15,0xdf,0xa0,
0xef,0xff,0xff,0xff,0xfa,0x00,0xef,0xcc,0xcb,0xdf,0x90,0x00,0xef,0x10,0x00,0x1e,0xf2,0x00,0xef,0x10,0x00,0x04,0xfd,0x00,
0xef,0x10,0x00,0x00,0x9f,0x90,0xef,0x10,0x00,0x00,0x0d,0xf4,0x00,0x06,0xce,0xfe,0xc7,0x10,0x00,0xcf,0xfd,0xcd,0xff,0xd0,
0x08,0xfc,0x20,0x00,0x17,0x60,0x0c,0xf3,0x00,0x00,0x00,0x00,0x0c,0xf4,0x00,0x00,0x00,0x00,0x06,0xff,0x71,0x00,0x00,0x00,
0x00,0x7f,0xff,0xd9,0x40,0x00,0x00,0x01,0x6a,0xef,0xfe,0x40,0x00,0x00,0x00,0x03,0xaf,0xf2,0x00,0x00,0x00,0x00,0x08,0xf7,
0x01,0x00,0x00,0x00,0x07,0xf8,0x0d,0xb3,0x00,0x00,0x3e,0xf4,0x0a,0xff,0xfc,0xce,0xff,0x90,0x00,0x39,0xdf,0xfe,0xa4,0x00,
0xef,0xff,0xff,0xff,0xff,0xfa,0xbc,0xcc,0xdf,0xfc,0xcc,0xc8,0x00,0x00,0x2f,0xd0,0x00,0x00,0x00,0x00,0x2f,0xd0,0x00,0x00,
0x00,0x00,0x2f,0xd0,0x00,0x00,0x00,0x00,0x2f,0xd0,0x00,0x00,0x00,0x00,0x2f,0xd0,0x00,0x00,0x00,0x00,0x2f,0xd0,0x00,0x00,
0x00,0x00,0x2f,0xd0,0x00,0x00,0x00,0x00,0x2f,0xd0,0x00,0x00,0x00,0x00,0x2f,0xd0,0x00,0x00,0x00,0x00,0x2f,0xd0,0x00,0x00,
0x00,0x00,0x2f,0xd0,0x00,0x00,0x00,0x00,0x2f,0xd0,0x00,0x00,0x0f,0xf0,0x00,0x00,0x00,0x2f,0xd0,0xff,0x00,0x00,0x00,0x02,
0xfd,0x0f,0xf0,0x00,0x00,0x00,0x2f,0xd0,0xff,0x00,0x00,0x00,0x02,0xfd,0x0f,0xf0,0x00,0x00,0x00,0x2f,0xd0,0xff,0x00,0x00,
0x00,0x02,0xfd,0x0f,0xf0,0x00,0x00,0x00,0x2f,0xd0,0xff,0x00,0x00,0x00,0x02,0xfc,0x0f,0xf0,0x00,0x00,0x00,0x2f,0xc0,0xdf,
0x30,0x00,0x00,0x05,0xfa,0x09,0xf9,0x00,0x00,0x00,0xcf,0x60,0x2f,0xf8,0x00,0x01,0xaf,0xe0,0x00,0x5f,0xff,0xde,0xff,0xe3,
0x00,0x00,0x29,0xdf,0xfd,0x81,0x00,0x0c,0xf5,0x00,0x00,0x00,0x00,0x0e,0xf1,0x05,0xfc,0x00,0x00,0x00,0x00,0x6f,0x90,0x00,
0xef,0x30,0x00,0x00,0x00,0xdf,0x20,0x00,0x7f,0xa0,0x00,0x00,0x04,0xfb,0x00,0x00,0x1f,0xf2,0x00,0x00,0x0b,0xf4,0x00,0x00,
0x09,0xf8,0x00,0x00,0x2f,0xd0,0x00,0x00,0x02,0xff,0x00,0x00,0x9f,0x60,0x00,0x00,0x00,0xbf,0x60,0x01,0xfe,0x00,0x00,0x00,
0x00,0x4f,0xd0,0x07,0xf8,0x00,0x00,0x00,0x00,0x0d,0xf4,0x0e,0xf1,0x00,0x00,0x00,0x00,0x06,0xfb,0x5f,0xa0,0x00,0x00,0x00,
0x00,0x00,0xef,0xef,0x30,0x00,0x00,0x00,0x00,0x00,0x8f,0xfc,0x00,0x00,0x00,0x00,0x00,0x00,0x1f,0xf5,0x00,0x00,0x00,0x3f,
0xd0,0x00,0x00,0x00,0xcf,0x60,0x00,0x00,0x02,0xfb,0x0d,0xf3,0x00,0x00,0x01,0xff,0xc0,0x00,0x00,0x08,0xf5,0x08,0xf8,0x00,
0x00,0x07,0xff,0xf1,0x00,0x00,0x0d,0xf1,0x03,0xfd,0x00,0x00,0x0c,0xf8,0xf7,0x00,0x00,0x3f,0xb0,0x00,0xdf,0x30,0x00,0x2f,
0xb2,0xfc,0x00,0x00,0x8f,0x50,0x00,0x8f,0x80,0x00,0x7f,0x50,0xcf,0x10,0x00,0xdf,0x00,0x00,0x3f,0xd0,0x00,0xdf,0x00,0x7f,
0x70,0x03,0xfb,0x00,0x00,0x0d,0xf3,0x02,0xfa,0x00,0x2f,0xc0,0x08,0xf5,0x00,0x00,0x08,0xf8,0x08,0xf5,0x00,0x0c,0xf2,0x0e,
0xf0,0x00,0x00,0x03,0xfd,0x0d,0xf0,0x00,0x07,0xf7,0x3f,0xb0,0x00,0x00,0x00,0xdf,0x6f,0xa0,0x00,0x01,0xfc,0x8f,0x50,0x00,
0x00,0x00,0x8f,0xff,0x40,0x00,0x00,0xcf,0xef,0x00,0x00,0x00,0x00,0x3f,0xff,0x00,0x00,0x00,0x6f,0xfb,0x00,0x00,0x00,0x00,
0x0d,0xf9,0x00,0x00,0x00,0x1f,0xf5,0x00,0x00,0x1f,0xf3,0x00,0x00,0x00,0xbf,0x70,0x05,0xfe,0x10,0x00,0x06,0xfb,0x00,0x00,
0x9f,0xa0,0x00,0x2f,0xe1,0x00,0x00,0x0d,0xf6,0x00,0xdf,0x40,0x00,0x00,0x03,0xff,0x29,0xf8,0x00,0x00,0x00,0x00,0x7f,0xef,
0xc0,0x00,0x00,0x00,0x00,0x0b,0xff,0x20,0x00,0x00,0x00,0x00,0x1e,0xff,0x70,0x00,0x00,0x00,0x00,0xbf,0x9f,0xf3,0x00,0x00,
0x00,0x07,0xfc,0x05,0xfd,0x00,0x00,0x00,0x3f,0xf2,0x00,0xaf,0xa0,0x00,0x00,0xdf,0x50,0x00,0x0d,0xf5,0x00,0x0a,0xfa,0x00,
0x00,0x03,0xff,0x20,0x5f,0xd0,0x00,0x00,0x00,0x7f,0xc0,0x0c,0xf5,0x00,0x00,0x00,0x04,0xfb,0x00,0x2f,0xe1,0x00,0x00,0x00,
0xdf,0x20,0x00,0x8f,0x90,0x00,0x00,0x7f,0x70,0x00,0x00,0xef,0x30,0x00,0x2f,0xd0,0x00,0x00,0x05,0xfc,0x00,0x0b,0xf4,0x00,
0x00,0x00,0x0b,0xf6,0x05,0xfa,0x00,0x00,0x00,0x00,0x2f,0xe1,0xef,0x10,0x00,0x00,0x00,0x00,0x8f,0xef,0x70,0x00,0x00,0x00,
0x00,0x00,0xdf,0xd0,0x00,0x00,0x00,0x00,0x00,0x08,0xf7,0x00,0x00,0x00,0x00,0x00,0x00,0x8f,0x70,0x00,0x00,0x00,0x00,0x00,
0x08,0xf7,0x00,0x00,0x00,0x00,0x00,0x00,0x8f,0x70,0x00,0x00,0x00,0x00,0x00,0x08,0xf7,0x00,0x00,0x00,0x0f,0xff,0xff,0xff,
0xff,0xff,0x40,0xcc,0xcc,0xcc,0xcc,0xef,0xf2,0x00,0x00,0x00,0x00,0x1d,0xf6,0x00,0x00,0x00,0x00,0x0b,0xf9,0x00,0x00,0x00,
0x00,0x08,0xfc,0x00,0x00,0x00,0x00,0x05,0xfe,0x10,0x00,0x00,0x00,0x03,0xff,0x30,0x00,0x00,0x00,0x01,0xef,0x50,0x00,0x00,
0x00,0x00,0xcf,0x80,0x00,0x00,0x00,0x00,0x9f,0xb0,0x00,0x00,0x00,0x00,0x6f,0xd1,0x00,0x00,0x00,0x00,0x4f,0xf2,0x00,0x00,
0x00,0x00,0x1e,0xfe,0xcc,0xcc,0xcc,0xcc,0x72,0xff,0xff,0xff,0xff,0xff,0xf9,0xef,0xff,0x4e,0xfa,0xa2,0xef,0x00,0x0e,0xf0,
0x00,0xef,0x00,0x0e,0xf0,0x00,0xef,0x00,0x0e,0xf0,0x00,0xef,0x00,0x0e,0xf0,0x00,0xef,0x00,0x0e,0xf0,0x00,0xef,0x00,0x0e,
0xf0,0x00,0xef,0x00,0x0e,0xf0,0x00,0xef,0x00,0x0e,0xfa,0xa2,0xef,0xff,0x40,0x57,0x00,0x00,0x00,0x06,0xf5,0x00,0x00,0x00,
0x1f,0xa0,0x00,0x00,0x00,0xcf,0x00,0x00,0x00,0x06,0xf5,0x00,0x00,0x00,0x1f,0xa0,0x00,0x00,0x00,0xbf,0x00,0x00,0x00,0x06,
0xf5,0x00,0x00,0x00,0x1f,0xb0,0x00,0x00,0x00,0xbf,0x00,0x00,0x00,0x06,0xf5,0x00,0x00,0x00,0x1f,0xb0,0x00,0x00,0x00,0xbf,
0x10,0x00,0x00,0x05,0xf6,0x00,0x00,0x00,0x0f,0xb0,0x00,0x00,0x00,0xaf,0x10,0x00,0x00,0x05,0xf6,0x00,0x00,0x00,0x0f,0xb0,
0x00,0x00,0x00,0xaf,0x10,0x00,0x00,0x05,0xf6,0xaf,0xff,0x96,0xac,0xf9,0x00,0x5f,0x90,0x05,0xf9,0x00,0x5f,0x90,0x05,0xf9,
0x00,0x5f,0x90,0x05,0xf9,0x00,0x5f,0x90,0x05,0xf9,0x00,0x5f,0x90,0x05,0xf9,0x00,0x5f,0x90,0x05,0xf9,0x00,0x5f,0x90,0x05,
0xf9,0x00,0x5f,0x96,0xac,0xf9,0xaf,0xff,0x90,0x00,0x00,0x75,0x00,0x00,0x00,0x05,0xff,0x10,0x00,0x00,0x0c,0xbf,0x70,0x00,
0x00,0x3f,0x49,0xd0,0x00,0x00,0x9d,0x03,0xf4,0x00,0x01,0xf7,0x00,0xcb,0x00,0x07,0xf1,0x00,0x6f,0x20,0x0d,0xa0,0x00,0x0f,
0x80,0x4f,0x30,0x00,0x09,0xe0,0x00,0x00,0x00,0x00,0x00,0xff,0xff,0xff,0xff,0xff,0x33,0x33,0x33,0x33,0x33,0x27,0x70,0x00,
0x05,0xfc,0x10,0x00,0x2d,0xd1,0x05,0xbe,0xfe,0xb4,0x00,0x7f,0xfd,0xbd,0xff,0x50,0x2a,0x10,0x00,0x7f,0xe0,0x00,0x00,0x00,
0x0d,0xf2,0x00,0x01,0x11,0x1c,0xf3,0x08,0xef,0xff,0xff,0xf3,0x9f,0xc6,0x44,0x4c,0xf3,0xff,0x00,0x00,0x0b,0xf3,0xef,0x10,
0x00,0x3f,0xf3,0x8f,0xd7,0x69,0xfe,0xf3,0x06,0xcf,0xfc,0x59,0xf3,0x3f,0xb0,0x00,0x00,0x00,0x00,0x3f,0xb0,0x00,0x00,0x00,
0x00,0x3f,0xb0,0x00,0x00,0x00,0x00,0x3f,0xb0,0x00,0x00,0x00,0x00,0x3f,0xb1,0x9e,0xfd,0x92,0x00,0x3f,0xde,0xfd,0xce,0xfe,
0x40,0x3f,0xfe,0x30,0x00,0x8f,0xe1,0x3f,0xf3,0x00,0x00,0x0a,0xf7,0x3f,0xd0,0x00,0x00,0x04,0xfa,0x3f,0xb0,0x00,0x00,0x02,
0xfc,0x3f,0xd0,0x00,0x00,0x04,0xfa,0x3f,0xf3,0x00,0x00,0x0a,0xf7,0x3f,0xfe,0x30,0x00,0x8f,0xe1,0x3f,0xce,0xfd,0xce,0xff,
0x40,0x3f,0xa1,0x9e,0xfe,0x92,0x00,0x00,0x03,0xae,0xfe,0x91,0x00,0x07,0xff,0xdc,0xef,0xe2,0x04,0xfe,0x40,0x00,0x7f,0x60,
0xcf,0x40,0x00,0x00,0x10,0x0f,0xe0,0x00,0x00,0x00,0x02,0xfc,0x00,0x00,0x00,0x00,0x0f,0xe0,0x00,0x00,0x00,0x00,0xcf,0x40,
0x00,0x00,0x10,0x04,0xfe,0x40,0x00,0x7f,0x60,0x07,0xff,0xdc,0xef,0xe2,0x00,0x03,0xae,0xfe,0x91,0x00,0x00,0x00,0x00,0x00,
0x01,0xfd,0x00,0x00,0x00,0x00,0x01,0xfd,0x00,0x00,0x00,0x00,0x01,0xfd,0x00,0x00,0x00,0x00,0x01,0xfd,0x00,0x04,0xbe,0xfc,
0x61,0xfd,0x00,0x8f,0xfd,0xce,0xfb,0xfd,0x05,0xfe,0x40,0x00,0x7f,0xfd,0x0c,0xf5,0x00,0x00,0x09,0xfd,0x0f,0xe0,0x00,0x00,
0x03,0xfd,0x2f,0xc0,0x00,0x00,0x01,0xfd,0x0f,0xe0,0x00,0x00,0x03,0xfd,0x0c,0xf4,0x00,0x00,0x08,0xfd,0x05,0xfe,0x20,0x00,
0x5f,0xfd,0x00,0x8f,0xfb,0xad,0xfb,0xfd,0x00,0x04,0xbe,0xfd,0x70,0xfd,0x00,0x04,0xbe,0xfc,0x60,0x00,0x00,0x8f,0xfc,0xbe,
0xfc,0x00,0x05,0xfd,0x20,0x00,0xaf,0x80,0x0c,0xf3,0x00,0x00,0x0d,0xf0,0x0f,0xe1,0x11,0x11,0x19,0xf4,0x2f,0xff,0xff,0xff,
0xff,0xf6,0x0f,0xe4,0x44,0x44,0x44,0x41,0x0c,0xf3,0x00,0x00,0x00,0x00,0x04,0xfe,0x40,0x00,0x2b,0x20,0x00,0x7f,0xfe,0xcd,
0xff,0x60,0x00,0x03,0xae,0xfe,0xa3,0x00,0x00,0x06,0xdf,0xd6,0x00,0x6f,0xea,0xc6,0x00,0xcf,0x20,0x00,0x00,0xef,0x00,0x00,
0xbf,0xff,0xff,0xf1,0x7a,0xff,0xaa,0xa0,0x00,0xef,0x00,0x00,0x00,0xef,0x00,0x00,0x00,0xef,0x00,0x00,0x00,0xef,0x00,0x00,
0x00,0xef,0x00,0x00,0x00,0xef,0x00,0x00,0x00,0xef,0x00,0x00,0x00,0xef,0x00,0x00,0x00,0xef,0x00,0x00,0x00,0x04,0xbe,0xfd,
0x70,0xdf,0x00,0x8f,0xfd,0xce,0xfc,0xef,0x05,0xfe,0x40,0x00,0x5f,0xff,0x0c,0xf4,0x00,0x00,0x06,0xff,0x0f,0xe0,0x00,0x00,
0x00,0xff,0x2f,0xc0,0x00,0x00,0x00,0xff,0x0f,0xe0,0x00,0x00,0x01,0xff,0x0c,0xf5,0x00,0x00,0x07,0xff,0x05,0xfe,0x40,0x00,
0x5f,0xff,0x00,0x8f,0xfd,0xbe,0xfc,0xff,0x00,0x04,0xbe,0xfd,0x71,0xfe,0x00,0x00,0x00,0x00,0x03,0xfb,0x01,0xa4,0x00,0x00,
0x2d,0xf5,0x04,0xff,0xfc,0xbd,0xff,0xa0,0x00,0x28,0xce,0xfe,0xb5,0x00,0x3f,0xb0,0x00,0x00,0x00,0x03,0xfb,0x00,0x00,0x00,
0x00,0x3f,0xb0,0x00,0x00,0x00,0x03,0xfb,0x00,0x00,0x00,0x00,0x3f,0xb1,0x9e,0xfe,0x91,0x03,0xfd,0xef,0xdd,0xff,0xd0,0x3f,
0xfd,0x20,0x02,0xdf,0x73,0xff,0x20,0x00,0x04,0xfc,0x3f,0xd0,0x00,0x00,0x1f,0xd3,0xfb,0x00,0x00,0x00,0xfe,0x3f,0xb0,0x00,
0x00,0x0f,0xe3,0xfb,0x00,0x00,0x00,0xfe,0x3f,0xb0,0x00,0x00,0x0f,0xe3,0xfb,0x00,0x00,0x00,0xfe,0x3f,0xb0,0x00,0x00,0x0f,
0xe0,0x3e,0xb0,0x7f,0xf0,0x08,0x40,0x00,0x00,0x3f,0xb0,0x3f,0xb0,0x3f,0xb0,0x3f,0xb0,0x3f,0xb0,0x3f,0xb0,0x3f,0xb0,0x3f,
0xb0,0x3f,0xb0,0x3f,0xb0,0x3f,0xb0,0x00,0x02,0xec,0x00,0x00,0x5f,0xf1,0x00,0x00,0x75,0x00,0x00,0x00,0x00,0x00,0x01,0xfd,
0x00,0x00,0x1f,0xd0,0x00,0x01,0xfd,0x00,0x00,0x1f,0xd0,0x00,0x01,0xfd,0x00,0x00,0x1f,0xd0,0x00,0x01,0xfd,0x00,0x00,0x1f,
0xd0,0x00,0x01,0xfd,0x00,0x00,0x1f,0xd0,0x00,0x01,0xfd,0x00,0x00,0x1f,0xd0,0x00,0x05,0xfa,0x07,0xdb,0xff,0x40,0x7e,0xfd,
0x50,0x00,0x3f,0xb0,0x00,0x00,0x00,0x00,0x3f,0xb0,0x00,0x00,0x00,0x00,0x3f,0xb0,0x00,0x00,0x00,0x00,0x3f,0xb0,0x00,0x00,
0x00,0x00,0x3f,0xb0,0x00,0x02,0xdf,0x50,0x3f,0xb0,0x00,0x2e,0xf6,0x00,0x3f,0xb0,0x03,0xef,0x60,0x00,0x3f,0xb0,0x3f,0xf6,
0x00,0x00,0x3f,0xb4,0xff,0x90,0x00,0x00,0x3f,0xef,0xff,0xf2,0x00,0x00,0x3f,0xff,0x59,0xfd,0x00,0x00,0x3f,0xf4,0x00,0xcf,
0x90,0x00,0x3f,0xb0,0x00,0x1e,0xf6,0x00,0x3f,0xb0,0x00,0x04,0xff,0x20,0x3f,0xb0,0x00,0x00,0x7f,0xd0,0x3f,0xb3,0xfb,0x3f,
0xb3,0xfb,0x3f,0xb3,0xfb,0x3f,0xb3,0xfb,0x3f,0xb3,0xfb,0x3f,0xb3,0xfb,0x3f,0xb3,0xfb,0x3f,0xb0,0x3f,0xa3,0xae,0xfd,0x70,
0x05,0xcf,0xfc,0x50,0x03,0xfd,0xfe,0xbc,0xff,0xaa,0xfe,0xbc,0xff,0x70,0x3f,0xfb,0x10,0x03,0xff,0xf9,0x00,0x04,0xff,0x13,
0xff,0x10,0x00,0x09,0xfe,0x00,0x00,0x0b,0xf4,0x3f,0xd0,0x00,0x00,0x6f,0xb0,0x00,0x00,0x8f,0x63,0xfb,0x00,0x00,0x05,0xf9,
0x00,0x00,0x08,0xf6,0x3f,0xb0,0x00,0x00,0x5f,0x90,0x00,0x00,0x8f,0x63,0xfb,0x00,0x00,0x05,0xf9,0x00,0x00,0x08,0xf6,0x3f,
0xb0,0x00,0x00,0x5f,0x90,0x00,0x00,0x8f,0x63,0xfb,0x00,0x00,0x05,0xf9,0x00,0x00,0x08,0xf6,0x3f,0xb0,0x00,0x00,0x5f,0x90,
0x00,0x00,0x8f,0x60,0x3f,0xa2,0xae,0xfe,0x91,0x03,0xfd,0xff,0xcb,0xef,0xd0,0x3f,0xfc,0x10,0x01,0xcf,0x73,0xff,0x20,0x00,
0x04,0xfc,0x3f,0xd0,0x00,0x00,0x1f,0xd3,0xfb,0x00,0x00,0x00,0xfe,0x3f,0xb0,0x00,0x00,0x0f,0xe3,0xfb,0x00,0x00,0x00,0xfe,
0x3f,0xb0,0x00,0x00,0x0f,0xe3,0xfb,0x00,0x00,0x00,0xfe,0x3f,0xb0,0x00,0x00,0x0f,0xe0,0x00,0x03,0xae,0xfd,0x91,0x00,0x00,
0x7f,0xfd,0xce,0xfe,0x30,0x05,0xfe,0x40,0x00,0x7f,0xe1,0x0c,0xf4,0x00,0x00,0x09,0xf7,0x0f,0xe0,0x00,0x00,0x03,0xfb,0x2f,
0xc0,0x00,0x00,0x01,0xfd,0x0f,0xe0,0x00,0x00,0x03,0xfb,0x0c,0xf4,0x00,0x00,0x09,0xf7,0x04,0xfe,0x40,0x00,0x7f,0xe1,0x00,
0x7f,0xfd,0xce,0xfe,0x30,0x00,0x03,0xae,0xfd,0x91,0x00,0x3f,0xa2,0x9e,0xfd,0x92,0x00,0x3f,0xce,0xfb,0xad,0xfe,0x40,0x3f,
0xfd,0x20,0x00,0x6f,0xe1,0x3f,0xf3,0x00,0x00,0x09,0xf7,0x3f,0xd0,0x00,0x00,0x04,0xfa,0x3f,0xb0,0x00,0x00,0x02,0xfc,0x3f,
0xd0,0x00,0x00,0x04,0xfa,0x3f,0xf3,0x00,0x00,0x0a,0xf7,0x3f,0xfe,0x30,0x00,0x8f,0xe1,0x3f,0xde,0xfd,0xce,0xff,0x40,0x3f,
0xb1,0x9e,0xfe,0x92,0x00,0x3f,0xb0,0x00,0x00,0x00,0x00,0x3f,0xb0,0x00,0x00,0x00,0x00,0x3f,0xb0,0x00,0x00,0x00,0x00,0x3f,
0xb0,0x00,0x00,0x00,0x00,0x00,0x04,0xbe,0xfc,0x60,0xfd,0x00,0x8f,0xfd,0xce,0xfa,0xfd,0x05,0xfe,0x40,0x00,0x7f,0xfd,0x0c,
0xf4,0x00,0x00,0x09,0xfd,0x0f,0xe0,0x00,0x00,0x03,0xfd,0x2f,0xc0,0x00,0x00,0x01,0xfd,0x0f,0xe0,0x00,0x00,0x03,0xfd,0x0c,
0xf4,0x00,0x00,0x09,0xfd,0x05,0xfe,0x40,0x00,0x7f,0xfd,0x00,0x8f,0xfd,0xce,0xfb,0xfd,0x00,0x04,0xbe,0xfc,0x61,0xfd,0x00,
0x00,0x00,0x00,0x01,0xfd,0x00,0x00,0x00,0x00,0x01,0xfd,0x00,0x00,0x00,0x00,0x01,0xfd,0x00,0x00,0x00,0x00,0x01,0xfd,0x3f,
0xa1,0x9e,0x83,0xfc,0xef,0xf7,0x3f,0xfe,0x40,0x03,0xff,0x40,0x00,0x3f,0xe0,0x00,0x03,0xfc,0x00,0x00,0x3f,0xb0,0x00,0x03,
0xfb,0x00,0x00,0x3f,0xb0,0x00,0x03,0xfb,0x00,0x00,0x3f,0xb0,0x00,0x00,0x00,0x5c,0xef,0xea,0x50,0x09,0xff,0xcb,0xdf,0xd0,
0x1f,0xe1,0x00,0x02,0x30,0x2f,0xd0,0x00,0x00,0x00,0x0d,0xfc,0x63,0x00,0x00,0x02,0xcf,0xff,0xfb,0x30,0x00,0x01,0x47,0xbf,
0xf2,0x00,0x00,0x00,0x09,0xf6,0x09,0x30,0x00,0x0b,0xf5,0x5f,0xfe,0xbb,0xef,0xc0,0x05,0xae,0xfe,0xc7,0x00,0x00,0x78,0x00,
0x00,0x00,0xef,0x00,0x00,0x00,0xef,0x00,0x00,0xbf,0xff,0xff,0xf1,0x7a,0xff,0xaa,0xa0,0x00,0xef,0x00,0x00,0x00,0xef,0x00,
0x00,0x00,0xef,0x00,0x00,0x00,0xef,0x00,0x00,0x00,0xef,0x00,0x00,0x00,0xef,0x00,0x00,0x00,0xcf,0x40,0x00,0x00,0x6f,0xfb,
0xd7,0x00,0x07,0xdf,0xd5,0x4f,0xa0,0x00,0x00,0x3f,0xb4,0xfa,0x00,0x00,0x03,0xfb,0x4f,0xa0,0x00,0x00,0x3f,0xb4,0xfa,0x00,
0x00,0x03,0xfb,0x4f,0xa0,0x00,0x00,0x3f,0xb4,0xfa,0x00,0x00,0x03,0xfb,0x4f,0xb0,0x00,0x00,0x5f,0xb2,0xfd,0x00,0x00,0x09,
0xfb,0x0d,0xf7,0x00,0x05,0xff,0xb0,0x4f,0xfd,0xad,0xfc,0xfb,0x00,0x3b,0xef,0xd7,0x2f,0xb0,0x0d,0xf2,0x00,0x00,0x00,0xef,
0x00,0x6f,0x90,0x00,0x00,0x5f,0x90,0x00,0xff,0x00,0x00,0x0b,0xf2,0x00,0x09,0xf6,0x00,0x02,0xfb,0x00,0x00,0x2f,0xc0,0x00,
0x9f,0x40,0x00,0x00,0xbf,0x30,0x0f,0xd0,0x00,0x00,0x04,0xfa,0x06,0xf7,0x00,0x00,0x00,0x0d,0xf1,0xdf,0x10,0x00,0x00,0x00,
0x7f,0xbf,0x90,0x00,0x00,0x00,0x01,0xff,0xf3,0x00,0x00,0x00,0x00,0x09,0xfc,0x00,0x00,0x00,0xbf,0x10,0x00,0x00,0xef,0x00,
0x00,0x01,0xfa,0x5f,0x70,0x00,0x05,0xff,0x60,0x00,0x06,0xf5,0x0f,0xd0,0x00,0x0b,0xff,0xb0,0x00,0x0c,0xe0,0x0a,0xf2,0x00,
0x1f,0xab,0xf1,0x00,0x1f,0x90,0x04,0xf8,0x00,0x6f,0x55,0xf7,0x00,0x7f,0x30,0x00,0xed,0x00,0xce,0x00,0xec,0x00,0xde,0x00,
0x00,0x8f,0x32,0xf9,0x00,0x9f,0x23,0xf8,0x00,0x00,0x3f,0x98,0xf3,0x00,0x3f,0x88,0xf2,0x00,0x00,0x0d,0xee,0xd0,0x00,0x0d,
0xde,0xc0,0x00,0x00,0x07,0xff,0x70,0x00,0x07,0xff,0x70,0x00,0x00,0x01,0xff,0x10,0x00,0x02,0xff,0x10,0x00,0x2f,0xe1,0x00,
0x00,0xdf,0x30,0x6f,0xb0,0x00,0xaf,0x60,0x00,0xaf,0x70,0x6f,0xa0,0x00,0x00,0xdf,0x5f,0xd1,0x00,0x00,0x03,0xff,0xf3,0x00,
0x00,0x00,0x0b,0xfb,0x00,0x00,0x00,0x06,0xff,0xf6,0x00,0x00,0x02,0xfe,0x2e,0xf2,0x00,0x00,0xdf,0x40,0x3f,0xd0,0x00,0x9f,
0x80,0x00,0x8f,0xa0,0x5f,0xc0,0x00,0x00,0xcf,0x60,0x0d,0xf2,0x00,0x00,0x00,0xef,0x00,0x6f,0x90,0x00,0x00,0x5f,0x80,0x00,
0xef,0x00,0x00,0x0b,0xf2,0x00,0x08,0xf7,0x00,0x02,0xfb,0x00,0x00,0x1f,0xd0,0x00,0x9f,0x40,0x00,0x00,0xaf,0x40,0x0f,0xd0,
0x00,0x00,0x03,0xfb,0x06,0xf6,0x00,0x00,0x00,0x0d,0xf2,0xdf,0x00,0x00,0x00,0x00,0x6f,0xcf,0x80,0x00,0x00,0x00,0x00,0xef,
0xf2,0x00,0x00,0x00,0x00,0x08,0xfb,0x00,0x00,0x00,0x00,0x00,0xaf,0x40,0x00,0x00,0x03,0x00,0x3f,0xc0,0x00,0x00,0x02,0xfd,
0xbf,0xf3,0x00,0x00,0x00,0x08,0xef,0xc4,0x00,0x00,0x00,0x00,0x1f,0xff,0xff,0xff,0xf8,0x0a,0xaa,0xaa,0xaf,0xf5,0x00,0x00,
0x00,0x9f,0x90,0x00,0x00,0x06,0xfc,0x00,0x00,0x00,0x3f,0xe1,0x00,0x00,0x01,0xdf,0x40,0x00,0x00,0x0b,0xf7,0x00,0x00,0x00,
0x7f,0xb0,0x00,0x00,0x04,0xfd,0x10,0x00,0x00,0x1e,0xfc,0xaa,0xaa,0xa6,0x3f,0xff,0xff,0xff,0xfb,0x00,0x3c,0xfa,0x00,0xef,
0xc6,0x03,0xfc,0x00,0x04,0xfa,0x00,0x04,0xfa,0x00,0x04,0xfa,0x00,0x04,0xfa,0x00,0x05,0xfa,0x00,0x8e,0xf6,0x00,0xdf,0xe2,
0x00,0x07,0xf9,0x00,0x04,0xfa,0x00,0x04,0xfa,0x00,0x04,0xfa,0x00,0x04,0xfa,0x00,0x04,0xfa,0x00,0x02,0xfd,0x00,0x00,0xef,
0xc6,0x00,0x3c,0xfa,0xee,0xee,0xee,0xee,0xee,0xee,0xee,0xee,0xee,0xee,0xee,0xee,0xee,0xee,0xee,0xee,0xee,0xee,0xee,0xaf,
0xc3,0x00,0x6c,0xfe,0x00,0x00,0xcf,0x30,0x00,0xaf,0x40,0x00,0xaf,0x40,0x00,0xaf,0x40,0x00,0xaf,0x40,0x00,0x9f,0x50,0x00,
0x5f,0xe8,0x00,0x2e,0xfd,0x00,0x9f,0x70,0x00,0x9f,0x40,0x00,0xaf,0x40,0x00,0xaf,0x40,0x00,0xaf,0x40,0x00,0xaf,0x40,0x00,
0xcf,0x30,0x6c,0xfe,0x00,0xaf,0xc3,0x00,0x09,0xee,0x60,0x00,0xd6,0x7f,0xab,0xfb,0x26,0xf3,0xb9,0x00,0x5e,0xff,0x90,0x31,
0x00,0x00,0x32,0x00,
};
static const ui_glyph_t ui_glyphs_20[] = {
{0,86,0,0,0,0},
{0,86,3,14,1,0},
{21,125,6,6,1,8},
{39,225,14,14,0,0},
{137,199,12,20,0,-3},
{257,270,17,14,0,0},
{376,220,14,15,0,-1},
{481,67,2,6,1,8},
{487,108,6,19,1,-4},
{544,108,5,19,0,-4},
{592,128,8,8,0,7},
{624,186,10,10,1,3},
{674,73,4,6,0,-3},
{686,123,6,2,1,5},
{692,73,4,3,0,0},
{698,113,9,20,-1,-2},
{788,213,13,14,0,0},
{879,118,6,14,0,0},
{921,184,11,14,0,0},
{998,183,11,14,0,0},
{1075,214,14,14,0,0},
{1173,184,11,14,0,0},
{1250,197,12,14,0,0},
{1334,191,12,14,0,0},
{1418,206,12,14,0,0},
{1502,197,12,14,0,0},
{1586,73,4,11,0,0},
{1608,73,4,14,0,-3},
{1636,186,10,10,1,2},
{1686,186,10,7,1,4},
{1721,186,10,10,1,2},
{1771,183,11,14,0,0},
{1848,331,20,18,0,-4},
{2028,234,16,14,-1,0},
{2140,242,13,14,2,0},
{2231,231,14,14,0,0},
{2329,264,14,14,2,0},
{2427,214,11,14,2,0},
{2504,203,10,14,2,0},
{2574,247,14,14,0,0},
{2672,260,13,14,2,0},
{2763,99,3,14,2,0},
{2784,164,10,14,-1,0},
{2854,230,13,14,2,0},
{2945,190,10,14,2,0},
{3015,306,15,14,2,0},
{3120,260,13,14,2,0},
{3211,269,16,14,0,0},
{3323,231,12,14,2,0},
{3407,269,17,17,0,-3},
{3552,233,12,14,2,0},
{3636,199,12,14,0,0},
{3720,188,12,14,0,0},
{3804,253,13,14,1,0},
{3895,228,16,14,-1,0},
{4007,360,22,14,0,0},
{4161,215,14,14,0,0},
{4259,207,15,14,-1,0},
{4364,210,13,14,0,0},
{4455,107,5,19,2,-4},
{4503,113,9,20,-1,-2},
{4593,107,5,19,0,-4},
{4641,187,10,9,1,3},
{4686,160,10,3,0,-2},
{4701,192,6,3,2,12},
{4710,191,10,11,1,0},
{4765,218,12,15,1,0},
{4855,183,11,11,0,0},
{4916,218,12,15,0,0},
{5006,196,12,11,0,0},
{5072,113,8,15,0,0},
{5132,221,12,15,0,-4},
{5222,218,11,15,1,0},
{5305,89,4,15,1,0},
{5335,91,7,19,-2,-4},
{5402,197,12,15,1,0},
{5492,89,3,15,1,0},
{5515,338,19,11,1,0},
{5620,218,11,11,1,0},
{5681,203,12,11,0,0},
{5747,218,12,15,1,-4},
{5837,218,12,15,0,-4},
{5927,131,7,11,1,0},
{5966,160,10,11,0,0},
{6021,132,8,14,0,0},
{6077,217,11,11,1,0},
{6138,179,13,11,-1,0},
{6210,288,18,11,0,0},
{6309,177,11,11,0,0},
{6370,179,13,15,-1,-4},
{6468,167,10,11,0,0},
{6523,112,6,19,1,-4},
{6580,96,2,19,2,-4},
{6599,112,6,19,0,-4},
{6656,186,10,4,1,5},
};
static const ui_font_t ui_font_20 = {ui_bitmap_20,ui_glyphs_20,22,4};
static const uint8_t ui_bitmap_26[] = {
0x0f,0xff,0x00,0xef,0xe0,0x0e,0xfd,0x00,0xdf,0xd0,0x0c,0xfc,0x00,0xcf,0xb0,0x0b,0xfb,0x00,0xbf,0xa0,0x0a,0xfa,0x00,0x9f,
0x90,0x09,0xf8,0x00,0x8f,0x80,0x04,0x84,0x00,0x00,0x00,0x01,0x41,0x00,0xef,0xe0,0x2f,0xff,0x10,0x9f,0x90,0x5f,0xd0,0x0a,
0xf8,0x5f,0xc0,0x0a,0xf7,0x4f,0xc0,0x09,0xf7,0x4f,0xb0,0x09,0xf6,0x4f,0xb0,0x08,0xf6,0x3f,0xa0,0x08,0xf6,0x3f,0xa0,0x08,
0xf5,0x01,0x00,0x00,0x10,0x00,0x00,0x01,0xfc,0x00,0x00,0x5f,0x70,0x00,0x00,0x00,0x03,0xf9,0x00,0x00,0x7f,0x50,0x00,0x00,
0x00,0x06,0xf7,0x00,0x00,0xaf,0x30,0x00,0x00,0x00,0x08,0xf5,0x00,0x00,0xcf,0x00,0x00,0x07,0xff,0xff,0xff,0xff,0xff,0xff,
0xff,0xf9,0x06,0xee,0xef,0xfe,0xee,0xee,0xff,0xee,0xe8,0x00,0x00,0x0e,0xf0,0x00,0x02,0xfa,0x00,0x00,0x00,0x00,0x0f,0xd0,
0x00,0x04,0xf8,0x00,0x00,0x00,0x00,0x2f,0xb0,0x00,0x06,0xf6,0x00,0x00,0x00,0x00,0x4f,0x90,0x00,0x08,0xf5,0x00,0x00,0x00,
0x00,0x6f,0x70,0x00,0x0a,0xf3,0x00,0x00,0x4e,0xee,0xff,0xfe,0xee,0xef,0xfe,0xee,0xa0,0x4f,0xff,0xff,0xff,0xff,0xff,0xff,
0xff,0xc0,0x00,0x00,0xcf,0x10,0x00,0x0f,0xd0,0x00,0x00,0x00,0x00,0xef,0x00,0x00,0x1f,0xb0,0x00,0x00,0x00,0x00,0xfd,0x00,
0x00,0x3f,0x90,0x00,0x00,0x00,0x01,0xfb,0x00,0x00,0x5f,0x70,0x00,0x00,0x00,0x03,0xf9,0x00,0x00,0x7f,0x60,0x00,0x00,0x00,
0x00,0x00,0x48,0x00,0x00,0x00,0x00,0x00,0x00,0x09,0xf0,0x00,0x00,0x00,0x00,0x00,0x00,0x9f,0x00,0x00,0x00,0x00,0x00,0x00,
0x09,0xf0,0x00,0x00,0x00,0x00,0x05,0xae,0xff,0xfd,0xa5,0x00,0x00,0x1b,0xff,0xff,0xff,0xff,0xfd,0x20,0x0b,0xff,0xc6,0xbf,
0x57,0xbf,0xe0,0x03,0xff,0xa0,0x09,0xf0,0x00,0x14,0x00,0x6f,0xf2,0x00,0x9f,0x00,0x00,0x00,0x06,0xff,0x20,0x09,0xf0,0x00,
0x00,0x00,0x3f,0xfc,0x10,0x9f,0x00,0x00,0x00,0x00,0xaf,0xff,0xac,0xf0,0x00,0x00,0x00,0x00,0x9f,0xff,0xff,0xd8,0x30,0x00,
0x00,0x00,0x27,0xcf,0xff,0xff,0xc3,0x00,0x00,0x00,0x00,0x9f,0x9e,0xff,0xf3,0x00,0x00,0x00,0x09,0xf0,0x07,0xff,0xc0,0x00,
0x00,0x00,0x9f,0x00,0x0a,0xff,0x00,0x00,0x00,0x09,0xf0,0x00,0x8f,0xf0,0x4c,0x30,0x00,0x9f,0x00,0x1e,0xfd,0x0c,0xff,0xb7,
0x4b,0xf4,0x7e,0xff,0x50,0x2c,0xff,0xff,0xff,0xff,0xff,0x60,0x00,0x03,0x9d,0xef,0xff,0xd8,0x20,0x00,0x00,0x00,0x00,0x9f,
0x00,0x00,0x00,0x00,0x00,0x00,0x09,0xf0,0x00,0x00,0x00,0x00,0x00,0x00,0x9f,0x00,0x00,0x00,0x00,0x00,0x1a,0xef,0xc5,0x00,
0x00,0x00,0x03,0xfc,0x00,0x00,0x1e,0xfa,0x9d,0xf6,0x00,0x00,0x00,0xdf,0x20,0x00,0x09,0xf5,0x00,0x0d,0xf0,0x00,0x00,0x8f,
0x70,0x00,0x00,0xed,0x00,0x00,0x6f,0x40,0x00,0x4f,0xb0,0x00,0x00,0x0f,0xb0,0x00,0x04,0xf6,0x00,0x0e,0xf1,0x00,0x00,0x00,
0xfc,0x00,0x00,0x5f,0x50,0x0a,0xf6,0x00,0x00,0x00,0x0b,0xf1,0x00,0x0a,0xf1,0x05,0xfa,0x00,0x00,0x00,0x00,0x4f,0xd4,0x38,
0xfa,0x01,0xee,0x10,0x01,0x00,0x00,0x00,0x5f,0xff,0xfa,0x00,0xbf,0x40,0x7e,0xff,0xb1,0x00,0x00,0x04,0x42,0x00,0x6f,0x90,
0x8f,0xb6,0x8f,0xd0,0x00,0x00,0x00,0x00,0x2f,0xd0,0x1f,0xc0,0x00,0x5f,0x70,0x00,0x00,0x00,0x0c,0xf3,0x05,0xf5,0x00,0x00,
0xec,0x00,0x00,0x00,0x07,0xf8,0x00,0x7f,0x30,0x00,0x0c,0xe0,0x00,0x00,0x02,0xfd,0x00,0x07,0xf3,0x00,0x00,0xce,0x00,0x00,
0x00,0xcf,0x30,0x00,0x5f,0x50,0x00,0x0e,0xc0,0x00,0x00,0x8f,0x70,0x00,0x00,0xfc,0x00,0x05,0xf6,0x00,0x00,0x3f,0xc0,0x00,
0x00,0x06,0xfb,0x68,0xfc,0x00,0x00,0x0d,0xf2,0x00,0x00,0x00,0x05,0xcf,0xe9,0x00,0x00,0x00,0x5c,0xff,0xd9,0x10,0x00,0x00,
0x00,0x00,0xaf,0xff,0xef,0xfe,0x20,0x00,0x00,0x00,0x4f,0xf6,0x00,0x1c,0xfa,0x00,0x00,0x00,0x08,0xfc,0x00,0x00,0x5f,0xc0,
0x00,0x00,0x00,0x8f,0xd0,0x00,0x07,0xfb,0x00,0x00,0x00,0x04,0xff,0x40,0x04,0xff,0x40,0x00,0x00,0x00,0x0b,0xff,0x49,0xff,
0x80,0x00,0x00,0x00,0x00,0x0c,0xff,0xfe,0x50,0x00,0x00,0x00,0x00,0x05,0xef,0xff,0x40,0x00,0x00,0x00,0x00,0x0a,0xff,0x9c,
0xff,0x40,0x00,0x44,0x00,0x0b,0xfe,0x30,0x0c,0xff,0x40,0x0b,0xf7,0x06,0xff,0x20,0x00,0x0b,0xff,0x51,0xff,0x20,0xbf,0xb0,
0x00,0x00,0x0a,0xff,0xbf,0xc0,0x0c,0xfa,0x00,0x00,0x00,0x0a,0xff,0xf4,0x00,0xaf,0xf2,0x00,0x00,0x00,0x4f,0xff,0x70,0x02,
0xff,0xe8,0x31,0x25,0xaf,0xfd,0xff,0x80,0x04,0xff,0xff,0xff,0xff,0xf8,0x08,0xff,0x30,0x01,0x7c,0xef,0xec,0x82,0x00,0x08,
0x80,0x00,0x00,0x00,0x00,0x00,0x00,0x00,0x00,0x00,0x5f,0xd5,0xfc,0x4f,0xc4,0xfb,0x4f,0xb3,0xfa,0x3f,0xa0,0x10,0x00,0x0b,
0xfb,0x00,0x3f,0xf3,0x00,0xbf,0xb0,0x01,0xff,0x50,0x06,0xff,0x00,0x0b,0xfb,0x00,0x0f,0xf7,0x00,0x2f,0xf4,0x00,0x4f,0xf2,
0x00,0x6f,0xf0,0x00,0x7f,0xf0,0x00,0x8f,0xe0,0x00,0x8f,0xe0,0x00,0x7f,0xf0,0x00,0x6f,0xf0,0x00,0x4f,0xf2,0x00,0x2f,0xf4,
0x00,0x0e,0xf7,0x00,0x0b,0xfb,0x00,0x06,0xff,0x00,0x01,0xff,0x50,0x00,0xbf,0xb0,0x00,0x3f,0xf3,0x00,0x0b,0xfb,0x0e,0xf7,
0x00,0x00,0x6f,0xe1,0x00,0x00,0xef,0x80,0x00,0x09,0xfd,0x00,0x00,0x3f,0xf3,0x00,0x00,0xef,0x80,0x00,0x0b,0xfb,0x00,0x00,
0x8f,0xe0,0x00,0x05,0xff,0x10,0x00,0x4f,0xf2,0x00,0x03,0xff,0x30,0x00,0x2f,0xf4,0x00,0x02,0xff,0x40,0x00,0x3f,0xf3,0x00,
0x04,0xff,0x20,0x00,0x5f,0xf1,0x00,0x08,0xfe,0x00,0x00,0xbf,0xb0,0x00,0x0e,0xf8,0x00,0x03,0xff,0x30,0x00,0x9f,0xd0,0x00,
0x0e,0xf7,0x00,0x06,0xfe,0x00,0x00,0xef,0x70,0x00,0x00,0x00,0x9f,0x00,0x00,0x01,0x00,0x9f,0x00,0x00,0x2f,0x91,0x8f,0x06,
0xe8,0x2b,0xff,0xdf,0xcf,0xe5,0x00,0x4d,0xff,0xf7,0x00,0x00,0x8f,0xff,0xfb,0x20,0x3e,0xfc,0xbf,0x8f,0xf8,0x1d,0x50,0x8f,
0x02,0xb6,0x00,0x00,0x9f,0x00,0x00,0x00,0x00,0x7c,0x00,0x00,0x00,0x00,0x03,0x74,0x00,0x00,0x00,0x00,0x00,0x8f,0xa0,0x00,
0x00,0x00,0x00,0x08,0xfa,0x00,0x00,0x00,0x00,0x00,0x8f,0xa0,0x00,0x00,0x00,0x00,0x08,0xfa,0x00,0x00,0x04,0xff,0xff,0xff,
0xff,0xff,0xf6,0x4f,0xff,0xff,0xff,0xff,0xff,0x60,0x11,0x11,0x9f,0xa1,0x11,0x10,0x00,0x00,0x08,0xfa,0x00,0x00,0x00,0x00,
0x00,0x8f,0xa0,0x00,0x00,0x00,0x00,0x08,0xfa,0x00,0x00,0x00,0x00,0x00,0x8f,0xa0,0x00,0x00,0x03,0x20,0x6f,0xf5,0xbf,0xfa,
0x6f,0xf8,0x0c,0xf2,0x0f,0xd0,0x4f,0x80,0x8f,0x20,0x12,0x22,0x22,0x21,0x8f,0xff,0xff,0xf7,0x8f,0xff,0xff,0xf7,0x07,0x70,
0x9f,0xf8,0xbf,0xf9,0x4e,0xd2,0x00,0x00,0x00,0x00,0x18,0x70,0x00,0x00,0x00,0x00,0x7f,0xc0,0x00,0x00,0x00,0x00,0xdf,0x60,
0x00,0x00,0x00,0x03,0xff,0x10,0x00,0x00,0x00,0x08,0xfb,0x00,0x00,0x00,0x00,0x0e,0xf5,0x00,0x00,0x00,0x00,0x3f,0xf0,0x00,
0x00,0x00,0x00,0x9f,0xa0,0x00,0x00,0x00,0x00,0xef,0x40,0x00,0x00,0x00,0x04,0xfe,0x00,0x00,0x00,0x00,0x0a,0xf9,0x00,0x00,
0x00,0x00,0x0f,0xf4,0x00,0x00,0x00,0x00,0x5f,0xe0,0x00,0x00,0x00,0x00,0xbf,0x80,0x00,0x00,0x00,0x01,0xff,0x30,0x00,0x00,
0x00,0x06,0xfd,0x00,0x00,0x00,0x00,0x0c,0xf8,0x00,0x00,0x00,0x00,0x1f,0xf2,0x00,0x00,0x00,0x00,0x7f,0xc0,0x00,0x00,0x00,
0x00,0xcf,0x70,0x00,0x00,0x00,0x02,0xff,0x10,0x00,0x00,0x00,0x08,0xfc,0x00,0x00,0x00,0x00,0x0d,0xf6,0x00,0x00,0x00,0x00,
0x3f,0xf1,0x00,0x00,0x00,0x00,0x8f,0xb0,0x00,0x00,0x00,0x00,0x00,0x00,0x4a,0xef,0xfc,0x60,0x00,0x00,0x00,0x0a,0xff,0xff,
0xff,0xfd,0x20,0x00,0x00,0xbf,0xfd,0x85,0x6b,0xff,0xe1,0x00,0x05,0xff,0xa0,0x00,0x00,0x5f,0xfb,0x00,0x0e,0xfd,0x00,0x00,
0x00,0x08,0xff,0x30,0x3f,0xf6,0x00,0x00,0x00,0x01,0xff,0x80,0x8f,0xf1,0x00,0x00,0x00,0x00,0xcf,0xd0,0x9f,0xf0,0x00,0x00,
0x00,0x00,0x9f,0xf0,0xbf,0xd0,0x00,0x00,0x00,0x00,0x8f,0xf0,0xbf,0xd0,0x00,0x00,0x00,0x00,0x8f,0xf0,0x9f,0xe0,0x00,0x00,
0x00,0x00,0x9f,0xf0,0x8f,0xf1,0x00,0x00,0x00,0x00,0xcf,0xd0,0x3f,0xf6,0x00,0x00,0x00,0x01,0xff,0x80,0x0e,0xfd,0x00,0x00,
0x00,0x08,0xff,0x30,0x06,0xff,0xa0,0x00,0x00,0x5f,0xfb,0x00,0x00,0xbf,0xfd,0x75,0x6b,0xff,0xe1,0x00,0x00,0x0a,0xff,0xff,
0xff,0xfd,0x20,0x00,0x00,0x00,0x4a,0xef,0xfc,0x60,0x00,0x00,0xcf,0xff,0xff,0xec,0xff,0xff,0xfe,0x34,0x44,0xcf,0xe0,0x00,
0x0b,0xfe,0x00,0x00,0xbf,0xe0,0x00,0x0b,0xfe,0x00,0x00,0xbf,0xe0,0x00,0x0b,0xfe,0x00,0x00,0xbf,0xe0,0x00,0x0b,0xfe,0x00,
0x00,0xbf,0xe0,0x00,0x0b,0xfe,0x00,0x00,0xbf,0xe0,0x00,0x0b,0xfe,0x00,0x00,0xbf,0xe0,0x00,0x0b,0xfe,0x00,0x00,0xbf,0xe0,
0x00,0x0b,0xfe,0x00,0x05,0xad,0xff,0xea,0x40,0x00,0x00,0x4d,0xff,0xff,0xff,0xff,0xa0,0x00,0x5f,0xff,0xb7,0x56,0x9f,0xff,
0x90,0x00,0xbd,0x20,0x00,0x00,0x1e,0xff,0x00,0x00,0x00,0x00,0x00,0x00,0x7f,0xf3,0x00,0x00,0x00,0x00,0x00,0x06,0xff,0x30,
0x00,0x00,0x00,0x00,0x00,0x9f,0xf0,0x00,0x00,0x00,0x00,0x00,0x2f,0xfa,0x00,0x00,0x00,0x00,0x00,0x1c,0xff,0x20,0x00,0x00,
0x00,0x00,0x1c,0xff,0x40,0x00,0x00,0x00,0x00,0x1d,0xff,0x40,0x00,0x00,0x00,0x00,0x2d,0xff,0x40,0x00,0x00,0x00,0x00,0x2e,
0xfe,0x30,0x00,0x00,0x00,0x00,0x3e,0xfe,0x20,0x00,0x00,0x00,0x00,0x3f,0xfd,0x20,0x00,0x00,0x00,0x00,0x4f,0xff,0x64,0x44,
0x44,0x44,0x40,0x0f,0xff,0xff,0xff,0xff,0xff,0xff,0x00,0xff,0xff,0xff,0xff,0xff,0xff,0xf0,0x0f,0xff,0xff,0xff,0xff,0xff,
0xf0,0x0f,0xff,0xff,0xff,0xff,0xff,0xf0,0x04,0x44,0x44,0x44,0x4b,0xff,0x50,0x00,0x00,0x00,0x00,0x5f,0xf8,0x00,0x00,0x00,
0x00,0x03,0xff,0xb0,0x00,0x00,0x00,0x00,0x1e,0xfd,0x00,0x00,0x00,0x00,0x00,0xcf,0xe2,0x00,0x00,0x00,0x00,0x0a,0xff,0xa4,
0x00,0x00,0x00,0x00,0x0d,0xff,0xff,0xf7,0x00,0x00,0x00,0x06,0x78,0xbf,0xff,0x90,0x00,0x00,0x00,0x00,0x01,0xcf,0xf4,0x00,
0x00,0x00,0x00,0x00,0x1f,0xf9,0x00,0x00,0x00,0x00,0x00,0x0e,0xfa,0x00,0x00,0x00,0x00,0x00,0x1f,0xf9,0x2e,0x60,0x00,0x00,
0x00,0xaf,0xf4,0xaf,0xfe,0xa6,0x56,0x8e,0xff,0xb0,0x1b,0xff,0xff,0xff,0xff,0xfb,0x00,0x00,0x28,0xce,0xff,0xda,0x40,0x00,
0x00,0x00,0x00,0x00,0x02,0xff,0xb0,0x00,0x00,0x00,0x00,0x00,0x00,0x1d,0xfd,0x00,0x00,0x00,0x00,0x00,0x00,0x00,0xbf,0xe2,
0x00,0x00,0x00,0x00,0x00,0x00,0x08,0xff,0x40,0x00,0x00,0x00,0x00,0x00,0x00,0x5f,0xf7,0x00,0x00,0x00,0x00,0x00,0x00,0x03,
0xff,0xa0,0x00,0x00,0x00,0x00,0x00,0x00,0x1e,0xfc,0x00,0x00,0x00,0x00,0x00,0x00,0x00,0xcf,0xe1,0x00,0x0a,0xc7,0x00,0x00,
0x00,0x0a,0xff,0x30,0x00,0x0d,0xfa,0x00,0x00,0x00,0x7f,0xf6,0x00,0x00,0x0d,0xfa,0x00,0x00,0x04,0xff,0x90,0x00,0x00,0x0d,
0xfa,0x00,0x00,0x0e,0xff,0xff,0xff,0xff,0xff,0xff,0xff,0xf1,0x0f,0xff,0xff,0xff,0xff,0xff,0xff,0xff,0xf1,0x04,0x44,0x44,
0x44,0x44,0x4e,0xfb,0x44,0x40,0x00,0x00,0x00,0x00,0x00,0x0e,0xfa,0x00,0x00,0x00,0x00,0x00,0x00,0x00,0x0e,0xfa,0x00,0x00,
0x00,0x00,0x00,0x00,0x00,0x0e,0xfa,0x00,0x00,0x00,0x00,0x00,0x00,0x00,0x0e,0xfa,0x00,0x00,0x00,0x5f,0xff,0xff,0xff,0xff,
0xf0,0x00,0x06,0xff,0xff,0xff,0xff,0xff,0x00,0x00,0x8f,0xe4,0x44,0x44,0x44,0x40,0x00,0x0a,0xfc,0x00,0x00,0x00,0x00,0x00,
0x00,0xcf,0xa0,0x00,0x00,0x00,0x00,0x00,0x0d,0xf8,0x00,0x00,0x00,0x00,0x00,0x00,0xff,0x94,0x43,0x10,0x00,0x00,0x00,0x1f,
0xff,0xff,0xff,0xfa,0x30,0x00,0x02,0xff,0xff,0xff,0xff,0xff,0x70,0x00,0x00,0x00,0x00,0x13,0x8f,0xff,0x40,0x00,0x00,0x00,
0x00,0x00,0x3f,0xfb,0x00,0x00,0x00,0x00,0x00,0x00,0xbf,0xf0,0x00,0x00,0x00,0x00,0x00,0x09,0xff,0x00,0x10,0x00,0x00,0x00,
0x00,0xcf,0xd0,0x0d,0xa2,0x00,0x00,0x00,0x7f,0xf8,0x05,0xff,0xfb,0x76,0x67,0xdf,0xfe,0x10,0x08,0xff,0xff,0xff,0xff,0xfd,
0x30,0x00,0x01,0x6a,0xdf,0xfe,0xb6,0x00,0x00,0x00,0x00,0x06,0xbe,0xff,0xda,0x50,0x00,0x00,0x5e,0xff,0xff,0xff,0xff,0x20,
0x00,0x7f,0xff,0xa6,0x44,0x6b,0xa0,0x00,0x3f,0xfd,0x20,0x00,0x00,0x00,0x00,0x0c,0xfe,0x10,0x00,0x00,0x00,0x00,0x03,0xff,
0x60,0x00,0x00,0x00,0x00,0x00,0x7f,0xf1,0x00,0x01,0x10,0x00,0x00,0x0a,0xfe,0x03,0xaf,0xff,0xfb,0x50,0x00,0xbf,0xd6,0xff,
0xff,0xff,0xff,0xa0,0x0b,0xff,0xff,0x72,0x01,0x5d,0xff,0x80,0xaf,0xff,0x30,0x00,0x00,0x0c,0xff,0x09,0xff,0xa0,0x00,0x00,
0x00,0x5f,0xf3,0x5f,0xf8,0x00,0x00,0x00,0x03,0xff,0x41,0xff,0xa0,0x00,0x00,0x00,0x5f,0xf3,0x09,0xff,0x40,0x00,0x00,0x1d,
0xfd,0x00,0x0d,0xff,0x94,0x23,0x6e,0xff,0x50,0x00,0x1c,0xff,0xff,0xff,0xff,0x60,0x00,0x00,0x05,0xae,0xff,0xd8,0x20,0x00,
0x3f,0xff,0xff,0xff,0xff,0xff,0xff,0x83,0xff,0xff,0xff,0xff,0xff,0xff,0xf8,0x3f,0xf7,0x44,0x44,0x44,0x4b,0xff,0x33,0xff,
0x40,0x00,0x00,0x00,0xef,0xb0,0x3f,0xf4,0x00,0x00,0x00,0x6f,0xf4,0x01,0x77,0x20,0x00,0x00,0x0d,0xfd,0x00,0x00,0x00,0x00,
0x00,0x05,0xff,0x50,0x00,0x00,0x00,0x00,0x00,0xcf,0xe0,0x00,0x00,0x00,0x00,0x00,0x4f,0xf7,0x00,0x00,0x00,0x00,0x00,0x0b,
0xff,0x10,0x00,0x00,0x00,0x00,0x02,0xff,0x80,0x00,0x00,0x00,0x00,0x00,0xaf,0xf1,0x00,0x00,0x00,0x00,0x00,0x1f,0xfa,0x00,
0x00,0x00,0x00,0x00,0x08,0xff,0x30,0x00,0x00,0x00,0x00,0x00,0xff,0xb0,0x00,0x00,0x00,0x00,0x00,0x7f,0xf4,0x00,0x00,0x00,
0x00,0x00,0x0e,0xfd,0x00,0x00,0x00,0x00,0x00,0x06,0xff,0x60,0x00,0x00,0x00,0x00,0x04,0x9d,0xff,0xec,0x82,0x00,0x00,0x0b,
0xff,0xff,0xff,0xff,0xf7,0x00,0x0a,0xff,0xc6,0x32,0x37,0xef,0xf5,0x00,0xff,0xb0,0x00,0x00,0x01,0xef,0xc0,0x2f,0xf6,0x00,
0x00,0x00,0x0a,0xfe,0x00,0xff,0xa0,0x00,0x00,0x00,0xdf,0xb0,0x08,0xff,0xa3,0x10,0x15,0xcf,0xf3,0x00,0x07,0xff,0xff,0xff,
0xff,0xd4,0x00,0x01,0x9f,0xff,0xff,0xff,0xfe,0x70,0x00,0xcf,0xfa,0x31,0x02,0x5c,0xff,0x80,0x6f,0xf6,0x00,0x00,0x00,0x0a,
0xff,0x2b,0xfe,0x00,0x00,0x00,0x00,0x2f,0xf7,0xdf,0xc0,0x00,0x00,0x00,0x00,0xff,0x8b,0xfe,0x00,0x00,0x00,0x00,0x3f,0xf7,
0x6f,0xf8,0x00,0x00,0x00,0x0c,0xff,0x20,0xdf,0xfc,0x53,0x23,0x7e,0xff,0x90,0x01,0xcf,0xff,0xff,0xff,0xff,0x90,0x00,0x00,
0x49,0xde,0xfe,0xc8,0x20,0x00,0x00,0x01,0x8c,0xef,0xea,0x50,0x00,0x00,0x05,0xff,0xff,0xff,0xff,0xc1,0x00,0x04,0xff,0xe7,
0x32,0x49,0xff,0xd0,0x00,0xcf,0xd1,0x00,0x00,0x03,0xff,0x90,0x1f,0xf6,0x00,0x00,0x00,0x09,0xff,0x13,0xff,0x40,0x00,0x00,
0x00,0x7f,0xf6,0x2f,0xf6,0x00,0x00,0x00,0x09,0xff,0x90,0xef,0xd1,0x00,0x00,0x03,0xff,0xfb,0x06,0xff,0xe7,0x32,0x39,0xff,
0xff,0xc0,0x08,0xff,0xff,0xff,0xff,0x6d,0xfc,0x00,0x03,0x9d,0xff,0xd9,0x20,0xef,0xa0,0x00,0x00,0x00,0x00,0x00,0x1f,0xf8,
0x00,0x00,0x00,0x00,0x00,0x06,0xff,0x30,0x00,0x00,0x00,0x00,0x01,0xef,0xd0,0x00,0x00,0x00,0x00,0x01,0xcf,0xf4,0x00,0x09,
0xb6,0x54,0x5a,0xff,0xf8,0x00,0x02,0xff,0xff,0xff,0xff,0xf6,0x00,0x00,0x05,0xad,0xff,0xeb,0x71,0x00,0x00,0x3e,0xd3,0xbf,
0xfa,0x9f,0xf7,0x07,0x70,0x00,0x00,0x00,0x00,0x00,0x00,0x00,0x00,0x00,0x00,0x00,0x00,0x07,0x70,0x9f,0xf8,0xbf,0xf9,0x4e,
0xd2,0x3e,0xd3,0xbf,0xfa,0x9f,0xf7,0x07,0x70,0x00,0x00,0x00,0x00,0x00,0x00,0x00,0x00,0x00,0x00,0x00,0x00,0x03,0x20,0x6f,
0xf5,0xbf,0xfa,0x6f,0xf8,0x0c,0xf2,0x0f,0xd0,0x4f,0x80,0x8f,0x20,0x00,0x00,0x00,0x00,0x00,0x29,0x50,0x00,0x00,0x00,0x05,
0xcf,0xf6,0x00,0x00,0x02,0x9e,0xff,0xf9,0x20,0x00,0x6c,0xff,0xfc,0x60,0x00,0x19,0xff,0xfe,0x82,0x00,0x00,0x04,0xff,0xc5,
0x00,0x00,0x00,0x00,0x4f,0xff,0xa3,0x00,0x00,0x00,0x00,0x4a,0xff,0xfd,0x71,0x00,0x00,0x00,0x01,0x7d,0xff,0xfb,0x40,0x00,
0x00,0x00,0x04,0xaf,0xff,0xe4,0x00,0x00,0x00,0x00,0x17,0xdf,0x60,0x00,0x00,0x00,0x00,0x00,0x33,0x01,0x11,0x11,0x11,0x11,
0x11,0x04,0xff,0xff,0xff,0xff,0xff,0xf6,0x4f,0xff,0xff,0xff,0xff,0xff,0x60,0x00,0x00,0x00,0x00,0x00,0x00,0x00,0x00,0x00,
0x00,0x00,0x00,0x00,0x00,0x00,0x00,0x00,0x00,0x00,0x01,0x11,0x11,0x11,0x11,0x11,0x04,0xff,0xff,0xff,0xff,0xff,0xf6,0x4f,
0xff,0xff,0xff,0xff,0xff,0x60,0x39,0x30,0x00,0x00,0x00,0x00,0x04,0xff,0xd6,0x00,0x00,0x00,0x00,0x18,0xef,0xff,0xa3,0x00,
0x00,0x00,0x00,0x5b,0xff,0xfd,0x61,0x00,0x00,0x00,0x01,0x7d,0xff,0xfa,0x20,0x00,0x00,0x00,0x04,0xaf,0xf6,0x00,0x00,0x00,
0x03,0x9e,0xff,0x60,0x00,0x01,0x6c,0xff,0xfb,0x50,0x00,0x4a,0xff,0xfe,0x81,0x00,0x02,0xdf,0xff,0xb4,0x00,0x00,0x00,0x4f,
0xe7,0x10,0x00,0x00,0x00,0x02,0x40,0x00,0x00,0x00,0x00,0x00,0x00,0x06,0xbd,0xff,0xea,0x50,0x00,0x05,0xef,0xff,0xff,0xff,
0xfb,0x00,0x5f,0xff,0x95,0x34,0x7e,0xff,0x90,0x2c,0xc1,0x00,0x00,0x01,0xef,0xf0,0x00,0x00,0x00,0x00,0x00,0x9f,0xf1,0x00,
0x00,0x00,0x00,0x00,0x9f,0xf0,0x00,0x00,0x00,0x00,0x02,0xff,0x90,0x00,0x00,0x00,0x00,0x2e,0xfe,0x10,0x00,0x00,0x00,0x03,
0xef,0xd2,0x00,0x00,0x00,0x00,0x2f,0xfd,0x10,0x00,0x00,0x00,0x00,0xbf,0xf1,0x00,0x00,0x00,0x00,0x00,0xff,0xa0,0x00,0x00,
0x00,0x00,0x00,0x33,0x10,0x00,0x00,0x00,0x00,0x00,0x00,0x00,0x00,0x00,0x00,0x00,0x00,0x24,0x00,0x00,0x00,0x00,0x00,0x02,
0xff,0xa0,0x00,0x00,0x00,0x00,0x06,0xff,0xd0,0x00,0x00,0x00,0x00,0x01,0xcf,0x60,0x00,0x00,0x00,0x00,0x00,0x02,0x7b,0xdf,
0xff,0xdb,0x72,0x00,0x00,0x00,0x00,0x00,0x00,0x2b,0xff,0xfe,0xcb,0xce,0xff,0xfb,0x20,0x00,0x00,0x00,0x00,0x7f,0xfc,0x51,
0x00,0x00,0x01,0x5b,0xff,0x70,0x00,0x00,0x00,0x9f,0xe5,0x00,0x00,0x00,0x00,0x00,0x04,0xdf,0xa0,0x00,0x00,0x7f,0xd1,0x00,
0x17,0xcf,0xfc,0x70,0x4f,0xf1,0xcf,0x70,0x00,0x2f,0xf2,0x00,0x2e,0xff,0xff,0xff,0xd6,0xff,0x01,0xef,0x20,0x0a,0xf6,0x00,
0x1e,0xfe,0x61,0x03,0x9f,0xff,0xf0,0x04,0xfa,0x01,0xfe,0x00,0x0a,0xfe,0x20,0x00,0x00,0x7f,0xff,0x00,0x0c,0xf1,0x6f,0x80,
0x00,0xff,0x60,0x00,0x00,0x00,0xcf,0xf0,0x00,0x7f,0x59,0xf5,0x00,0x4f,0xf1,0x00,0x00,0x00,0x07,0xff,0x00,0x04,0xf8,0xbf,
0x30,0x05,0xfe,0x00,0x00,0x00,0x00,0x4f,0xf0,0x00,0x2f,0x9b,0xf2,0x00,0x5f,0xe0,0x00,0x00,0x00,0x04,0xff,0x00,0x02,0xf9,
0xbf,0x30,0x04,0xff,0x10,0x00,0x00,0x00,0x6f,0xf0,0x00,0x3f,0x89,0xf5,0x00,0x0f,0xf6,0x00,0x00,0x00,0x0c,0xff,0x00,0x05,
0xf6,0x6f,0x90,0x00,0x9f,0xe2,0x00,0x00,0x06,0xff,0xf0,0x00,0xaf,0x21,0xfe,0x00,0x01,0xef,0xe6,0x10,0x29,0xfd,0xff,0x70,
0x6f,0xc0,0x0a,0xf6,0x00,0x02,0xdf,0xff,0xff,0xfd,0x2b,0xff,0xff,0xf2,0x00,0x2f,0xf2,0x00,0x00,0x7c,0xff,0xc7,0x00,0x1a,
0xef,0xb2,0x00,0x00,0x7f,0xd2,0x00,0x00,0x00,0x00,0x00,0x00,0x00,0x00,0x00,0x00,0x00,0x9f,0xe5,0x00,0x00,0x00,0x00,0x00,
0x00,0x00,0x00,0x00,0x00,0x00,0x7f,0xfc,0x61,0x00,0x00,0x02,0x77,0x00,0x00,0x00,0x00,0x00,0x00,0x2b,0xff,0xfe,0xcc,0xce,
0xff,0xd0,0x00,0x00,0x00,0x00,0x00,0x00,0x02,0x7b,0xdf,0xff,0xda,0x50,0x00,0x00,0x00,0x00,0x00,0x00,0x00,0x00,0x1f,0xff,
0x10,0x00,0x00,0x00,0x00,0x00,0x00,0x00,0x07,0xff,0xf7,0x00,0x00,0x00,0x00,0x00,0x00,0x00,0x00,0xef,0xef,0xe0,0x00,0x00,
0x00,0x00,0x00,0x00,0x00,0x6f,0xf2,0xff,0x60,0x00,0x00,0x00,0x00,0x00,0x00,0x0d,0xf9,0x09,0xfd,0x00,0x00,0x00,0x00,0x00,
0x00,0x04,0xff,0x10,0x2f,0xf5,0x00,0x00,0x00,0x00,0x00,0x00,0xcf,0xa0,0x00,0xaf,0xc0,0x00,0x00,0x00,0x00,0x00,0x3f,0xf2,
0x00,0x03,0xff,0x30,0x00,0x00,0x00,0x00,0x0a,0xfb,0x00,0x00,0x0b,0xfb,0x00,0x00,0x00,0x00,0x02,0xff,0x40,0x00,0x00,0x4f,
0xf2,0x00,0x00,0x00,0x00,0x9f,0xc0,0x00,0x00,0x00,0xcf,0x90,0x00,0x00,0x00,0x1f,0xff,0xff,0xff,0xff,0xff,0xff,0x10,0x00,
0x00,0x08,0xff,0xff,0xff,0xff,0xff,0xff,0xf8,0x00,0x00,0x00,0xef,0x81,0x11,0x11,0x11,0x11,0x8f,0xf0,0x00,0x00,0x6f,0xf1,
0x00,0x00,0x00,0x00,0x01,0xff,0x70,0x00,0x0d,0xfa,0x00,0x00,0x00,0x00,0x00,0x0b,0xfe,0x00,0x05,0xff,0x40,0x00,0x00,0x00,
0x00,0x00,0x4f,0xf5,0x00,0xcf,0xd0,0x00,0x00,0x00,0x00,0x00,0x00,0xdf,0xd0,0x4f,0xff,0xff,0xff,0xff,0xeb,0x60,0x00,0x04,
0xff,0xff,0xff,0xff,0xff,0xff,0xd2,0x00,0x4f,0xf6,0x22,0x22,0x23,0x5c,0xff,0xd0,0x04,0xff,0x50,0x00,0x00,0x00,0x0a,0xff,
0x30,0x4f,0xf5,0x00,0x00,0x00,0x00,0x4f,0xf6,0x04,0xff,0x50,0x00,0x00,0x00,0x04,0xff,0x50,0x4f,0xf5,0x00,0x00,0x00,0x00,
0xaf,0xf1,0x04,0xff,0x62,0x22,0x22,0x35,0xcf,0xf7,0x00,0x4f,0xff,0xff,0xff,0xff,0xff,0xf7,0x00,0x04,0xff,0xff,0xff,0xff,
0xff,0xff,0xf8,0x00,0x4f,0xf5,0x00,0x00,0x00,0x14,0xbf,0xf8,0x04,0xff,0x50,0x00,0x00,0x00,0x00,0xaf,0xf1,0x4f,0xf5,0x00,
0x00,0x00,0x00,0x04,0xff,0x44,0xff,0x50,0x00,0x00,0x00,0x00,0x5f,0xf5,0x4f,0xf5,0x00,0x00,0x00,0x00,0x0b,0xff,0x24,0xff,
0x62,0x22,0x22,0x23,0x6c,0xff,0xb0,0x4f,0xff,0xff,0xff,0xff,0xff,0xff,0xc1,0x04,0xff,0xff,0xff,0xff,0xff,0xda,0x50,0x00,
0x00,0x00,0x01,0x7b,0xef,0xfd,0xa5,0x00,0x00,0x00,0x08,0xff,0xff,0xff,0xff,0xfe,0x50,0x00,0x1c,0xff,0xfc,0x76,0x57,0xcf,
0xff,0x60,0x0c,0xff,0xc2,0x00,0x00,0x00,0x3d,0xe2,0x08,0xff,0xa0,0x00,0x00,0x00,0x00,0x01,0x01,0xff,0xd0,0x00,0x00,0x00,
0x00,0x00,0x00,0x6f,0xf6,0x00,0x00,0x00,0x00,0x00,0x00,0x09,0xff,0x00,0x00,0x00,0x00,0x00,0x00,0x00,0xbf,0xe0,0x00,0x00,
0x00,0x00,0x00,0x00,0x0b,0xfe,0x00,0x00,0x00,0x00,0x00,0x00,0x00,0x9f,0xf0,0x00,0x00,0x00,0x00,0x00,0x00,0x06,0xff,0x50,
0x00,0x00,0x00,0x00,0x00,0x00,0x1f,0xfd,0x00,0x00,0x00,0x00,0x00,0x00,0x00,0x8f,0xfa,0x00,0x00,0x00,0x00,0x00,0x20,0x00,
0xcf,0xfc,0x20,0x00,0x00,0x03,0xde,0x30,0x01,0xcf,0xff,0xc7,0x65,0x7c,0xff,0xf6,0x00,0x00,0x8f,0xff,0xff,0xff,0xff,0xd4,
0x00,0x00,0x00,0x17,0xbe,0xff,0xda,0x50,0x00,0x4f,0xff,0xff,0xff,0xff,0xc9,0x40,0x00,0x00,0x04,0xff,0xff,0xff,0xff,0xff,
0xff,0xd4,0x00,0x00,0x4f,0xf8,0x44,0x44,0x46,0x9e,0xff,0xf7,0x00,0x04,0xff,0x50,0x00,0x00,0x00,0x06,0xff,0xf6,0x00,0x4f,
0xf5,0x00,0x00,0x00,0x00,0x02,0xff,0xf1,0x04,0xff,0x50,0x00,0x00,0x00,0x00,0x05,0xff,0x90,0x4f,0xf5,0x00,0x00,0x00,0x00,
0x00,0x0d,0xfe,0x04,0xff,0x50,0x00,0x00,0x00,0x00,0x00,0x8f,0xf1,0x4f,0xf5,0x00,0x00,0x00,0x00,0x00,0x07,0xff,0x34,0xff,
0x50,0x00,0x00,0x00,0x00,0x00,0x6f,0xf3,0x4f,0xf5,0x00,0x00,0x00,0x00,0x00,0x08,0xff,0x14,0xff,0x50,0x00,0x00,0x00,0x00,
0x00,0xdf,0xe0,0x4f,0xf5,0x00,0x00,0x00,0x00,0x00,0x5f,0xf9,0x04,0xff,0x50,0x00,0x00,0x00,0x00,0x2e,0xff,0x10,0x4f,0xf5,
0x00,0x00,0x00,0x00,0x5e,0xff,0x60,0x04,0xff,0x84,0x44,0x44,0x68,0xef,0xff,0x70,0x00,0x4f,0xff,0xff,0xff,0xff,0xff,0xfd,
0x40,0x00,0x04,0xff,0xff,0xff,0xff,0xfd,0x94,0x00,0x00,0x00,0x4f,0xff,0xff,0xff,0xff,0xff,0xf9,0x4f,0xff,0xff,0xff,0xff,
0xff,0xf9,0x4f,0xf8,0x44,0x44,0x44,0x44,0x42,0x4f,0xf5,0x00,0x00,0x00,0x00,0x00,0x4f,0xf5,0x00,0x00,0x00,0x00,0x00,0x4f,
0xf5,0x00,0x00,0x00,0x00,0x00,0x4f,0xf5,0x00,0x00,0x00,0x00,0x00,0x4f,0xf7,0x33,0x33,0x33,0x33,0x10,0x4f,0xff,0xff,0xff,
0xff,0xff,0x70,0x4f,0xff,0xff,0xff,0xff,0xff,0x70,0x4f,0xf5,0x00,0x00,0x00,0x00,0x00,0x4f,0xf5,0x00,0x00,0x00,0x00,0x00,
0x4f,0xf5,0x00,0x00,0x00,0x00,0x00,0x4f,0xf5,0x00,0x00,0x00,0x00,0x00,0x4f,0xf5,0x00,0x00,0x00,0x00,0x00,0x4f,0xf8,0x44,
0x44,0x44,0x44,0x44,0x4f,0xff,0xff,0xff,0xff,0xff,0xff,0x4f,0xff,0xff,0xff,0xff,0xff,0xff,0x4f,0xff,0xff,0xff,0xff,0xff,
0xf9,0x4f,0xff,0xff,0xff,0xff,0xff,0xf9,0x4f,0xf8,0x44,0x44,0x44,0x44,0x42,0x4f,0xf5,0x00,0x00,0x00,0x00,0x00,0x4f,0xf5,
0x00,0x00,0x00,0x00,0x00,0x4f,0xf5,0x00,0x00,0x00,0x00,0x00,0x4f,0xf5,0x00,0x00,0x00,0x00,0x00,0x4f,0xf5,0x00,0x00,0x00,
0x00,0x00,0x4f,0xff,0xff,0xff,0xff,0xff,0x70,0x4f,0xff,0xff,0xff,0xff,0xff,0x70,0x4f,0xf7,0x44,0x44,0x44,0x44,0x10,0x4f,
0xf5,0x00,0x00,0x00,0x00,0x00,0x4f,0xf5,0x00,0x00,0x00,0x00,0x00,0x4f,0xf5,0x00,0x00,0x00,0x00,0x00,0x4f,0xf5,0x00,0x00,
0x00,0x00,0x00,0x4f,0xf5,0x00,0x00,0x00,0x00,0x00,0x4f,0xf5,0x00,0x00,0x00,0x00,0x00,0x4f,0xf5,0x00,0x00,0x00,0x00,0x00,
0x00,0x00,0x01,0x7b,0xef,0xfd,0xb6,0x10,0x00,0x00,0x08,0xff,0xff,0xff,0xff,0xfe,0x70,0x00,0x1c,0xff,0xfc,0x86,0x57,0xbf,
0xff,0x90,0x0c,0xff,0xc2,0x00,0x00,0x00,0x1a,0xf4,0x08,0xff,0xa0,0x00,0x00,0x00,0x00,0x02,0x01,0xff,0xd0,0x00,0x00,0x00,
0x00,0x00,0x00,0x6f,0xf6,0x00,0x00,0x00,0x00,0x00,0x00,0x09,0xff,0x00,0x00,0x00,0x00,0x00,0x00,0x00,0xbf,0xe0,0x00,0x00,
0x00,0x00,0x00,0x01,0x1b,0xfe,0x00,0x00,0x00,0x00,0x00,0x0a,0xfd,0x9f,0xf0,0x00,0x00,0x00,0x00,0x00,0xaf,0xd6,0xff,0x60,
0x00,0x00,0x00,0x00,0x0a,0xfd,0x1f,0xfd,0x00,0x00,0x00,0x00,0x00,0xaf,0xd0,0x8f,0xfa,0x00,0x00,0x00,0x00,0x0a,0xfd,0x00,
0xcf,0xfc,0x20,0x00,0x00,0x01,0xcf,0xd0,0x01,0xcf,0xff,0xc8,0x65,0x7a,0xff,0xfc,0x00,0x00,0x8f,0xff,0xff,0xff,0xff,0xf9,
0x00,0x00,0x00,0x17,0xbe,0xff,0xeb,0x71,0x00,0x4f,0xf5,0x00,0x00,0x00,0x00,0x03,0xff,0x64,0xff,0x50,0x00,0x00,0x00,0x00,
0x3f,0xf6,0x4f,0xf5,0x00,0x00,0x00,0x00,0x03,0xff,0x64,0xff,0x50,0x00,0x00,0x00,0x00,0x3f,0xf6,0x4f,0xf5,0x00,0x00,0x00,
0x00,0x03,0xff,0x64,0xff,0x50,0x00,0x00,0x00,0x00,0x3f,0xf6,0x4f,0xf5,0x00,0x00,0x00,0x00,0x03,0xff,0x64,0xff,0x84,0x44,
0x44,0x44,0x44,0x6f,0xf6,0x4f,0xff,0xff,0xff,0xff,0xff,0xff,0xff,0x64,0xff,0xff,0xff,0xff,0xff,0xff,0xff,0xf6,0x4f,0xf5,
0x00,0x00,0x00,0x00,0x03,0xff,0x64,0xff,0x50,0x00,0x00,0x00,0x00,0x3f,0xf6,0x4f,0xf5,0x00,0x00,0x00,0x00,0x03,0xff,0x64,
0xff,0x50,0x00,0x00,0x00,0x00,0x3f,0xf6,0x4f,0xf5,0x00,0x00,0x00,0x00,0x03,0xff,0x64,0xff,0x50,0x00,0x00,0x00,0x00,0x3f,
0xf6,0x4f,0xf5,0x00,0x00,0x00,0x00,0x03,0xff,0x64,0xff,0x50,0x00,0x00,0x00,0x00,0x3f,0xf6,0x4f,0xf5,0x4f,0xf5,0x4f,0xf5,
0x4f,0xf5,0x4f,0xf5,0x4f,0xf5,0x4f,0xf5,0x4f,0xf5,0x4f,0xf5,0x4f,0xf5,0x4f,0xf5,0x4f,0xf5,0x4f,0xf5,0x4f,0xf5,0x4f,0xf5,
0x4f,0xf5,0x4f,0xf5,0x4f,0xf5,0x00,0x6f,0xff,0xff,0xff,0xfc,0x00,0x6f,0xff,0xff,0xff,0xfc,0x00,0x14,0x44,0x44,0x4d,0xfc,
0x00,0x00,0x00,0x00,0x0d,0xfc,0x00,0x00,0x00,0x00,0x0d,0xfc,0x00,0x00,0x00,0x00,0x0d,0xfc,0x00,0x00,0x00,0x00,0x0d,0xfc,
0x00,0x00,0x00,0x00,0x0d,0xfc,0x00,0x00,0x00,0x00,0x0d,0xfc,0x00,0x00,0x00,0x00,0x0d,0xfc,0x00,0x00,0x00,0x00,0x0d,0xfc,
0x00,0x00,0x00,0x00,0x0d,0xfc,0x00,0x00,0x00,0x00,0x0d,0xfb,0x00,0x10,0x00,0x00,0x0f,0xfa,0x07,0xe2,0x00,0x00,0x6f,0xf6,
0x0e,0xff,0x95,0x59,0xff,0xf1,0x03,0xef,0xff,0xff,0xff,0x40,0x00,0x17,0xcf,0xfd,0x92,0x00,0x4f,0xf5,0x00,0x00,0x00,0x00,
0x4f,0xfa,0x04,0xff,0x50,0x00,0x00,0x00,0x4f,0xfb,0x00,0x4f,0xf5,0x00,0x00,0x00,0x4f,0xfb,0x00,0x04,0xff,0x50,0x00,0x00,
0x4f,0xfc,0x00,0x00,0x4f,0xf5,0x00,0x00,0x4f,0xfc,0x00,0x00,0x04,0xff,0x50,0x00,0x3f,0xfd,0x10,0x00,0x00,0x4f,0xf5,0x00,
0x3f,0xfd,0x10,0x00,0x00,0x04,0xff,0x50,0x3f,0xfd,0x10,0x00,0x00,0x00,0x4f,0xf5,0x3f,0xff,0xb0,0x00,0x00,0x00,0x04,0xff,
0x8e,0xff,0xff,0x90,0x00,0x00,0x00,0x4f,0xff,0xfe,0x3c,0xff,0x60,0x00,0x00,0x04,0xff,0xfe,0x30,0x1e,0xff,0x40,0x00,0x00,
0x4f,0xff,0x30,0x00,0x2f,0xfe,0x20,0x00,0x04,0xff,0x60,0x00,0x00,0x4f,0xfd,0x10,0x00,0x4f,0xf5,0x00,0x00,0x00,0x6f,0xfb,
0x00,0x04,0xff,0x50,0x00,0x00,0x00,0x8f,0xf9,0x00,0x4f,0xf5,0x00,0x00,0x00,0x00,0xaf,0xf6,0x04,0xff,0x50,0x00,0x00,0x00,
0x00,0xcf,0xf4,0x4f,0xf5,0x00,0x00,0x00,0x00,0x00,0x4f,0xf5,0x00,0x00,0x00,0x00,0x00,0x4f,0xf5,0x00,0x00,0x00,0x00,0x00,
0x4f,0xf5,0x00,0x00,0x00,0x00,0x00,0x4f,0xf5,0x00,0x00,0x00,0x00,0x00,0x4f,0xf5,0x00,0x00,0x00,0x00,0x00,0x4f,0xf5,0x00,
0x00,0x00,0x00,0x00,0x4f,0xf5,0x00,0x00,0x00,0x00,0x00,0x4f,0xf5,0x00,0x00,0x00,0x00,0x00,0x4f,0xf5,0x00,0x00,0x00,0x00,
0x00,0x4f,0xf5,0x00,0x00,0x00,0x00,0x00,0x4f,0xf5,0x00,0x00,0x00,0x00,0x00,0x4f,0xf5,0x00,0x00,0x00,0x00,0x00,0x4f,0xf5,
0x00,0x00,0x00,0x00,0x00,0x4f,0xf5,0x00,0x00,0x00,0x00,0x00,0x4f,0xf8,0x44,0x44,0x44,0x44,0x40,0x4f,0xff,0xff,0xff,0xff,
0xff,0xf3,0x4f,0xff,0xff,0xff,0xff,0xff,0xf3,0x4f,0xf2,0x00,0x00,0x00,0x00,0x00,0x00,0x05,0xff,0x14,0xff,0xc0,0x00,0x00,
0x00,0x00,0x00,0x00,0xef,0xf1,0x4f,0xff,0x50,0x00,0x00,0x00,0x00,0x00,0x8f,0xff,0x14,0xff,0xfe,0x00,0x00,0x00,0x00,0x00,
0x2f,0xff,0xf1,0x4f,0xff,0xf8,0x00,0x00,0x00,0x00,0x0b,0xff,0xff,0x14,0xff,0xaf,0xf2,0x00,0x00,0x00,0x05,0xff,0xaf,0xf1,
0x4f,0xf3,0xdf,0xc0,0x00,0x00,0x00,0xdf,0x96,0xff,0x14,0xff,0x34,0xff,0x50,0x00,0x00,0x8f,0xe1,0x6f,0xf1,0x4f,0xf3,0x0a,
0xfe,0x00,0x00,0x2f,0xf6,0x06,0xff,0x14,0xff,0x30,0x1f,0xf8,0x00,0x0a,0xfc,0x00,0x6f,0xf1,0x4f,0xf3,0x00,0x6f,0xf2,0x04,
0xff,0x30,0x06,0xff,0x14,0xff,0x30,0x00,0xdf,0xc0,0xdf,0x90,0x00,0x6f,0xf1,0x4f,0xf3,0x00,0x03,0xff,0xbf,0xe1,0x00,0x06,
0xff,0x14,0xff,0x30,0x00,0x09,0xff,0xf6,0x00,0x00,0x6f,0xf1,0x4f,0xf3,0x00,0x00,0x1e,0xfc,0x00,0x00,0x06,0xff,0x14,0xff,
0x30,0x00,0x00,0x6d,0x30,0x00,0x00,0x6f,0xf1,0x4f,0xf3,0x00,0x00,0x00,0x00,0x00,0x00,0x06,0xff,0x14,0xff,0x30,0x00,0x00,
0x00,0x00,0x00,0x00,0x6f,0xf1,0x4f,0xf4,0x00,0x00,0x00,0x00,0x03,0xff,0x64,0xff,0xe2,0x00,0x00,0x00,0x00,0x3f,0xf6,0x4f,
0xff,0xd0,0x00,0x00,0x00,0x03,0xff,0x64,0xff,0xff,0xb0,0x00,0x00,0x00,0x3f,0xf6,0x4f,0xfe,0xff,0x80,0x00,0x00,0x03,0xff,
0x64,0xff,0x6d,0xff,0x50,0x00,0x00,0x3f,0xf6,0x4f,0xf5,0x2f,0xff,0x20,0x00,0x03,0xff,0x64,0xff,0x50,0x4f,0xfe,0x10,0x00,
0x3f,0xf6,0x4f,0xf5,0x00,0x7f,0xfc,0x00,0x03,0xff,0x64,0xff,0x50,0x00,0xaf,0xf9,0x00,0x3f,0xf6,0x4f,0xf5,0x00,0x00,0xdf,
0xf6,0x03,0xff,0x64,0xff,0x50,0x00,0x01,0xef,0xf3,0x3f,0xf6,0x4f,0xf5,0x00,0x00,0x03,0xff,0xe5,0xff,0x64,0xff,0x50,0x00,
0x00,0x06,0xff,0xef,0xf6,0x4f,0xf5,0x00,0x00,0x00,0x09,0xff,0xff,0x64,0xff,0x50,0x00,0x00,0x00,0x0c,0xff,0xf6,0x4f,0xf5,
0x00,0x00,0x00,0x00,0x1e,0xff,0x64,0xff,0x50,0x00,0x00,0x00,0x00,0x3f,0xf6,0x00,0x00,0x01,0x7b,0xef,0xfe,0xb6,0x00,0x00,
0x00,0x00,0x00,0x7f,0xff,0xff,0xff,0xff,0xf6,0x00,0x00,0x00,0x1c,0xff,0xfc,0x76,0x68,0xcf,0xff,0xa0,0x00,0x00,0xbf,0xfc,
0x20,0x00,0x00,0x03,0xdf,0xf9,0x00,0x08,0xff,0xa0,0x00,0x00,0x00,0x00,0x0c,0xff,0x60,0x1f,0xfd,0x00,0x00,0x00,0x00,0x00,
0x01,0xef,0xe0,0x6f,0xf6,0x00,0x00,0x00,0x00,0x00,0x00,0x8f,0xf3,0x9f,0xf0,0x00,0x00,0x00,0x00,0x00,0x00,0x3f,0xf7,0xbf,
0xe0,0x00,0x00,0x00,0x00,0x00,0x00,0x1f,0xf8,0xbf,0xe0,0x00,0x00,0x00,0x00,0x00,0x00,0x1f,0xf9,0x9f,0xf0,0x00,0x00,0x00,
0x00,0x00,0x00,0x3f,0xf7,0x6f,0xf5,0x00,0x00,0x00,0x00,0x00,0x00,0x8f,0xf3,0x1f,0xfd,0x00,0x00,0x00,0x00,0x00,0x01,0xef,
0xe0,0x08,0xff,0xa0,0x00,0x00,0x00,0x00,0x0c,0xff,0x60,0x00,0xcf,0xfc,0x20,0x00,0x00,0x03,0xdf,0xfa,0x00,0x00,0x1c,0xff,
0xfb,0x76,0x68,0xcf,0xff,0xb0,0x00,0x00,0x00,0x8f,0xff,0xff,0xff,0xff,0xf6,0x00,0x00,0x00,0x00,0x01,0x7b,0xef,0xfe,0xb6,
0x00,0x00,0x00,0x4f,0xff,0xff,0xff,0xfe,0xb6,0x00,0x00,0x4f,0xff,0xff,0xff,0xff,0xff,0xe4,0x00,0x4f,0xf8,0x44,0x44,0x57,
0xbf,0xff,0x30,0x4f,0xf5,0x00,0x00,0x00,0x05,0xff,0xd0,0x4f,0xf5,0x00,0x00,0x00,0x00,0x8f,0xf3,0x4f,0xf5,0x00,0x00,0x00,
0x00,0x4f,0xf5,0x4f,0xf5,0x00,0x00,0x00,0x00,0x3f,0xf6,0x4f,0xf5,0x00,0x00,0x00,0x00,0x6f,0xf4,0x4f,0xf5,0x00,0x00,0x00,
0x01,0xef,0xe0,0x4f,0xf5,0x00,0x00,0x02,0x7e,0xff,0x60,0x4f,0xff,0xff,0xff,0xff,0xff,0xf8,0x00,0x4f,0xff,0xff,0xff,0xff,
0xfa,0x30,0x00,0x4f,0xf8,0x44,0x44,0x32,0x00,0x00,0x00,0x4f,0xf5,0x00,0x00,0x00,0x00,0x00,0x00,0x4f,0xf5,0x00,0x00,0x00,
0x00,0x00,0x00,0x4f,0xf5,0x00,0x00,0x00,0x00,0x00,0x00,0x4f,0xf5,0x00,0x00,0x00,0x00,0x00,0x00,0x4f,0xf5,0x00,0x00,0x00,
0x00,0x00,0x00,0x00,0x00,0x01,0x7b,0xef,0xfe,0xb6,0x00,0x00,0x00,0x00,0x00,0x07,0xff,0xff,0xff,0xff,0xff,0x60,0x00,0x00,
0x00,0x1c,0xff,0xfc,0x76,0x68,0xcf,0xff,0xa0,0x00,0x00,0x0b,0xff,0xc2,0x00,0x00,0x00,0x3d,0xff,0x90,0x00,0x08,0xff,0xa0,
0x00,0x00,0x00,0x00,0x0c,0xff,0x50,0x01,0xff,0xd0,0x00,0x00,0x00,0x00,0x00,0x1f,0xfd,0x00,0x6f,0xf6,0x00,0x00,0x00,0x00,
0x00,0x00,0x8f,0xf3,0x09,0xff,0x00,0x00,0x00,0x00,0x00,0x00,0x03,0xff,0x70,0xbf,0xe0,0x00,0x00,0x00,0x00,0x00,0x00,0x1f,
0xf8,0x0b,0xfe,0x00,0x00,0x00,0x00,0x00,0x00,0x01,0xff,0x80,0xaf,0xf0,0x00,0x00,0x00,0x00,0x00,0x00,0x3f,0xf6,0x06,0xff,
0x50,0x00,0x00,0x00,0x00,0x00,0x08,0xff,0x30,0x1f,0xfc,0x00,0x00,0x00,0x00,0x00,0x01,0xef,0xd0,0x00,0x9f,0xf9,0x00,0x00,
0x00,0x00,0x00,0xbf,0xf6,0x00,0x00,0xdf,0xfb,0x10,0x00,0x00,0x02,0xcf,0xfb,0x00,0x00,0x02,0xdf,0xff,0xa6,0x45,0x6b,0xff,
0xfb,0x00,0x00,0x00,0x01,0xaf,0xff,0xff,0xff,0xff,0xf7,0x00,0x00,0x00,0x00,0x00,0x39,0xdf,0xff,0xfd,0x71,0x00,0x00,0x00,
0x00,0x00,0x00,0x00,0x04,0xff,0xe2,0x00,0x00,0x38,0x00,0x00,0x00,0x00,0x00,0x05,0xff,0xf7,0x22,0x7f,0xf3,0x00,0x00,0x00,
0x00,0x00,0x03,0xef,0xff,0xff,0xfa,0x00,0x00,0x00,0x00,0x00,0x00,0x00,0x7c,0xfe,0xb5,0x00,0x4f,0xff,0xff,0xff,0xfe,0xb6,
0x00,0x00,0x4f,0xff,0xff,0xff,0xff,0xff,0xe4,0x00,0x4f,0xf8,0x44,0x44,0x57,0xbf,0xff,0x30,0x4f,0xf5,0x00,0x00,0x00,0x05,
0xff,0xd0,0x4f,0xf5,0x00,0x00,0x00,0x00,0x8f,0xf3,0x4f,0xf5,0x00,0x00,0x00,0x00,0x4f,0xf5,0x4f,0xf5,0x00,0x00,0x00,0x00,
0x3f,0xf6,0x4f,0xf5,0x00,0x00,0x00,0x00,0x6f,0xf4,0x4f,0xf5,0x00,0x00,0x00,0x01,0xef,0xe0,0x4f,0xf5,0x00,0x00,0x02,0x7e,
0xff,0x60,0x4f,0xff,0xff,0xff,0xff,0xff,0xf6,0x00,0x4f,0xff,0xff,0xff,0xff,0xfc,0x20,0x00,0x4f,0xf7,0x33,0x33,0x3c,0xfe,
0x10,0x00,0x4f,0xf5,0x00,0x00,0x02,0xff,0xa0,0x00,0x4f,0xf5,0x00,0x00,0x00,0x7f,0xf5,0x00,0x4f,0xf5,0x00,0x00,0x00,0x0c,
0xfe,0x10,0x4f,0xf5,0x00,0x00,0x00,0x02,0xff,0xb0,0x4f,0xf5,0x00,0x00,0x00,0x00,0x7f,0xf6,0x00,0x03,0x9d,0xef,0xec,0x94,
0x00,0x00,0x0a,0xff,0xff,0xff,0xff,0xfd,0x10,0x0a,0xff,0xc7,0x43,0x47,0xbf,0xe0,0x03,0xff,0xa0,0x00,0x00,0x00,0x25,0x00,
0x6f,0xf2,0x00,0x00,0x00,0x00,0x00,0x06,0xff,0x20,0x00,0x00,0x00,0x00,0x00,0x3f,0xfb,0x00,0x00,0x00,0x00,0x00,0x00,0xaf,
0xfe,0x94,0x10,0x00,0x00,0x00,0x00,0x8f,0xff,0xff,0xc8,0x30,0x00,0x00,0x00,0x16,0xbf,0xff,0xff,0xc3,0x00,0x00,0x00,0x00,
0x03,0x7c,0xff,0xf3,0x00,0x00,0x00,0x00,0x00,0x05,0xff,0xc0,0x00,0x00,0x00,0x00,0x00,0x09,0xff,0x00,0x00,0x00,0x00,0x00,
0x00,0x8f,0xf0,0x5d,0x40,0x00,0x00,0x00,0x1e,0xfc,0x0c,0xff,0xd9,0x54,0x35,0x8e,0xff,0x40,0x1a,0xff,0xff,0xff,0xff,0xff,
0x50,0x00,0x02,0x7b,0xef,0xfe,0xb7,0x10,0x00,0xef,0xff,0xff,0xff,0xff,0xff,0xff,0xf2,0xef,0xff,0xff,0xff,0xff,0xff,0xff,
0xf2,0x44,0x44,0x44,0xcf,0xf4,0x44,0x44,0x40,0x00,0x00,0x00,0xaf,0xe0,0x00,0x00,0x00,0x00,0x00,0x00,0xaf,0xe0,0x00,0x00,
0x00,0x00,0x00,0x00,0xaf,0xe0,0x00,0x00,0x00,0x00,0x00,0x00,0xaf,0xe0,0x00,0x00,0x00,0x00,0x00,0x00,0xaf,0xe0,0x00,0x00,
0x00,0x00,0x00,0x00,0xaf,0xe0,0x00,0x00,0x00,0x00,0x00,0x00,0xaf,0xe0,0x00,0x00,0x00,0x00,0x00,0x00,0xaf,0xe0,0x00,0x00,
0x00,0x00,0x00,0x00,0xaf,0xe0,0x00,0x00,0x00,0x00,0x00,0x00,0xaf,0xe0,0x00,0x00,0x00,0x00,0x00,0x00,0xaf,0xe0,0x00,0x00,
0x00,0x00,0x00,0x00,0xaf,0xe0,0x00,0x00,0x00,0x00,0x00,0x00,0xaf,0xe0,0x00,0x00,0x00,0x00,0x00,0x00,0xaf,0xe0,0x00,0x00,
0x00,0x00,0x00,0x00,0xaf,0xe0,0x00,0x00,0x00,0x6f,0xf2,0x00,0x00,0x00,0x00,0x09,0xff,0x6f,0xf2,0x00,0x00,0x00,0x00,0x09,
0xff,0x6f,0xf2,0x00,0x00,0x00,0x00,0x09,0xff,0x6f,0xf2,0x00,0x00,0x00,0x00,0x09,0xff,0x6f,0xf2,0x00,0x00,0x00,0x00,0x09,
0xff,0x6f,0xf2,0x00,0x00,0x00,0x00,0x09,0xff,0x6f,0xf2,0x00,0x00,0x00,0x00,0x09,0xff,0x6f,0xf2,0x00,0x00,0x00,0x00,0x09,
0xff,0x6f,0xf2,0x00,0x00,0x00,0x00,0x09,0xff,0x6f,0xf2,0x00,0x00,0x00,0x00,0x09,0xff,0x6f,0xf3,0x00,0x00,0x00,0x00,0x09,
0xff,0x5f,0xf4,0x00,0x00,0x00,0x00,0x0b,0xfd,0x2f,0xf8,0x00,0x00,0x00,0x00,0x0e,0xfb,0x0e,0xfe,0x00,0x00,0x00,0x00,0x5f,
0xf6,0x07,0xff,0xb0,0x00,0x00,0x03,0xff,0xe0,0x00,0xcf,0xfe,0x96,0x57,0xbf,0xff,0x50,0x00,0x0a,0xff,0xff,0xff,0xff,0xf5,
0x00,0x00,0x00,0x39,0xdf,0xfe,0xc7,0x10,0x00,0x0c,0xff,0x00,0x00,0x00,0x00,0x00,0x00,0x4f,0xf4,0x05,0xff,0x70,0x00,0x00,
0x00,0x00,0x00,0xbf,0xd0,0x00,0xef,0xd0,0x00,0x00,0x00,0x00,0x02,0xff,0x60,0x00,0x7f,0xf5,0x00,0x00,0x00,0x00,0x0a,0xfe,
0x00,0x00,0x1f,0xfc,0x00,0x00,0x00,0x00,0x1f,0xf8,0x00,0x00,0x09,0xff,0x30,0x00,0x00,0x00,0x8f,0xf1,0x00,0x00,0x02,0xff,
0xa0,0x00,0x00,0x00,0xef,0xa0,0x00,0x00,0x00,0xbf,0xf1,0x00,0x00,0x06,0xff,0x30,0x00,0x00,0x00,0x3f,0xf8,0x00,0x00,0x0d,
0xfc,0x00,0x00,0x00,0x00,0x0c,0xff,0x00,0x00,0x5f,0xf5,0x00,0x00,0x00,0x00,0x05,0xff,0x60,0x00,0xcf,0xd0,0x00,0x00,0x00,
0x00,0x00,0xef,0xd0,0x03,0xff,0x70,0x00,0x00,0x00,0x00,0x00,0x7f,0xf5,0x0a,0xff,0x00,0x00,0x00,0x00,0x00,0x00,0x1f,0xfc,
0x1f,0xf8,0x00,0x00,0x00,0x00,0x00,0x00,0x09,0xff,0xbf,0xf2,0x00,0x00,0x00,0x00,0x00,0x00,0x02,0xff,0xff,0xa0,0x00,0x00,
0x00,0x00,0x00,0x00,0x00,0xaf,0xff,0x30,0x00,0x00,0x00,0x00,0x00,0x00,0x00,0x3f,0xfc,0x00,0x00,0x00,0x00,0x0f,0xfa,0x00,
0x00,0x00,0x00,0x0a,0xff,0x10,0x00,0x00,0x00,0x03,0xff,0x40,0xaf,0xf0,0x00,0x00,0x00,0x00,0xff,0xf7,0x00,0x00,0x00,0x00,
0x8f,0xe0,0x05,0xff,0x50,0x00,0x00,0x00,0x5f,0xff,0xc0,0x00,0x00,0x00,0x0e,0xf9,0x00,0x0f,0xfb,0x00,0x00,0x00,0x0a,0xff,
0xff,0x20,0x00,0x00,0x03,0xff,0x40,0x00,0xaf,0xf0,0x00,0x00,0x00,0xff,0x6f,0xf7,0x00,0x00,0x00,0x9f,0xe0,0x00,0x04,0xff,
0x50,0x00,0x00,0x6f,0xf0,0xbf,0xc0,0x00,0x00,0x0e,0xf9,0x00,0x00,0x0f,0xfb,0x00,0x00,0x0b,0xfa,0x05,0xff,0x20,0x00,0x04,
0xff,0x30,0x00,0x00,0xaf,0xf0,0x00,0x01,0xff,0x50,0x0f,0xf7,0x00,0x00,0x9f,0xe0,0x00,0x00,0x04,0xff,0x50,0x00,0x6f,0xf0,
0x00,0xaf,0xd0,0x00,0x0e,0xf9,0x00,0x00,0x00,0x0e,0xfb,0x00,0x0c,0xfa,0x00,0x05,0xff,0x20,0x04,0xff,0x30,0x00,0x00,0x00,
0x9f,0xf0,0x02,0xff,0x40,0x00,0x0f,0xf8,0x00,0x9f,0xe0,0x00,0x00,0x00,0x04,0xff,0x50,0x7f,0xe0,0x00,0x00,0x9f,0xd0,0x0e,
0xf8,0x00,0x00,0x00,0x00,0x0e,0xfb,0x0d,0xf9,0x00,0x00,0x04,0xff,0x34,0xff,0x30,0x00,0x00,0x00,0x00,0x9f,0xf4,0xff,0x40,
0x00,0x00,0x0e,0xf8,0xaf,0xd0,0x00,0x00,0x00,0x00,0x04,0xff,0xdf,0xe0,0x00,0x00,0x00,0x9f,0xef,0xf8,0x00,0x00,0x00,0x00,
0x00,0x0e,0xff,0xf9,0x00,0x00,0x00,0x03,0xff,0xff,0x30,0x00,0x00,0x00,0x00,0x00,0x9f,0xff,0x30,0x00,0x00,0x00,0x0e,0xff,
0xd0,0x00,0x00,0x00,0x00,0x00,0x03,0xff,0xd0,0x00,0x00,0x00,0x00,0x8f,0xf8,0x00,0x00,0x00,0x0d,0xff,0x20,0x00,0x00,0x00,
0x08,0xff,0x50,0x02,0xff,0xc0,0x00,0x00,0x00,0x3f,0xf9,0x00,0x00,0x6f,0xf8,0x00,0x00,0x01,0xef,0xc0,0x00,0x00,0x0a,0xff,
0x40,0x00,0x0b,0xff,0x20,0x00,0x00,0x01,0xef,0xe1,0x00,0x6f,0xf5,0x00,0x00,0x00,0x00,0x3f,0xfc,0x02,0xff,0x90,0x00,0x00,
0x00,0x00,0x07,0xff,0x8d,0xfd,0x00,0x00,0x00,0x00,0x00,0x00,0xbf,0xff,0xf2,0x00,0x00,0x00,0x00,0x00,0x00,0x1f,0xff,0x70,
0x00,0x00,0x00,0x00,0x00,0x00,0x5f,0xff,0xd0,0x00,0x00,0x00,0x00,0x00,0x02,0xff,0xdf,0xf9,0x00,0x00,0x00,0x00,0x00,0x0d,
0xfe,0x19,0xff,0x50,0x00,0x00,0x00,0x00,0x9f,0xf4,0x00,0xdf,0xf2,0x00,0x00,0x00,0x05,0xff,0x90,0x00,0x2f,0xfc,0x00,0x00,
0x00,0x2f,0xfd,0x00,0x00,0x06,0xff,0x90,0x00,0x00,0xcf,0xf2,0x00,0x00,0x00,0xaf,0xf4,0x00,0x08,0xff,0x60,0x00,0x00,0x00,
0x0d,0xfe,0x10,0x4f,0xfb,0x00,0x00,0x00,0x00,0x03,0xff,0xc0,0x0c,0xfe,0x10,0x00,0x00,0x00,0x00,0x0e,0xf9,0x03,0xff,0x90,
0x00,0x00,0x00,0x00,0x9f,0xe1,0x00,0x9f,0xf3,0x00,0x00,0x00,0x03,0xff,0x60,0x00,0x0e,0xfc,0x00,0x00,0x00,0x0c,0xfc,0x00,
0x00,0x05,0xff,0x60,0x00,0x00,0x6f,0xf2,0x00,0x00,0x00,0xbf,0xf1,0x00,0x01,0xff,0x80,0x00,0x00,0x00,0x2f,0xfa,0x00,0x0a,
0xfe,0x00,0x00,0x00,0x00,0x07,0xff,0x40,0x4f,0xf5,0x00,0x00,0x00,0x00,0x00,0xdf,0xd1,0xdf,0xb0,0x00,0x00,0x00,0x00,0x00,
0x4f,0xfd,0xff,0x20,0x00,0x00,0x00,0x00,0x00,0x0a,0xff,0xf7,0x00,0x00,0x00,0x00,0x00,0x00,0x01,0xff,0xd0,0x00,0x00,0x00,
0x00,0x00,0x00,0x00,0xef,0xb0,0x00,0x00,0x00,0x00,0x00,0x00,0x00,0xef,0xb0,0x00,0x00,0x00,0x00,0x00,0x00,0x00,0xef,0xb0,
0x00,0x00,0x00,0x00,0x00,0x00,0x00,0xef,0xb0,0x00,0x00,0x00,0x00,0x00,0x00,0x00,0xef,0xb0,0x00,0x00,0x00,0x00,0x00,0x00,
0x00,0xef,0xb0,0x00,0x00,0x00,0xbf,0xff,0xff,0xff,0xff,0xff,0xff,0xf0,0xbf,0xff,0xff,0xff,0xff,0xff,0xff,0xf0,0x34,0x44,
0x44,0x44,0x44,0x4c,0xff,0x60,0x00,0x00,0x00,0x00,0x00,0x7f,0xf9,0x00,0x00,0x00,0x00,0x00,0x04,0xff,0xb0,0x00,0x00,0x00,
0x00,0x00,0x2e,0xfd,0x10,0x00,0x00,0x00,0x00,0x00,0xdf,0xf2,0x00,0x00,0x00,0x00,0x00,0x0b,0xff,0x50,0x00,0x00,0x00,0x00,
0x00,0x8f,0xf7,0x00,0x00,0x00,0x00,0x00,0x05,0xff,0xa0,0x00,0x00,0x00,0x00,0x00,0x3f,0xfd,0x00,0x00,0x00,0x00,0x00,0x01,
0xef,0xe2,0x00,0x00,0x00,0x00,0x00,0x0c,0xff,0x40,0x00,0x00,0x00,0x00,0x00,0xaf,0xf6,0x00,0x00,0x00,0x00,0x00,0x07,0xff,
0x90,0x00,0x00,0x00,0x00,0x00,0x4f,0xfe,0x44,0x44,0x44,0x44,0x44,0x41,0xdf,0xff,0xff,0xff,0xff,0xff,0xff,0xf5,0xef,0xff,
0xff,0xff,0xff,0xff,0xff,0xf5,0x4f,0xff,0xff,0x24,0xff,0xff,0xf2,0x4f,0xf4,0x11,0x04,0xff,0x30,0x00,0x4f,0xf3,0x00,0x04,
0xff,0x30,0x00,0x4f,0xf3,0x00,0x04,0xff,0x30,0x00,0x4f,0xf3,0x00,0x04,0xff,0x30,0x00,0x4f,0xf3,0x00,0x04,0xff,0x30,0x00,
0x4f,0xf3,0x00,0x04,0xff,0x30,0x00,0x4f,0xf3,0x00,0x04,0xff,0x30,0x00,0x4f,0xf3,0x00,0x04,0xff,0x30,0x00,0x4f,0xf3,0x00,
0x04,0xff,0x30,0x00,0x4f,0xf3,0x00,0x04,0xff,0x41,0x10,0x4f,0xff,0xff,0x24,0xff,0xff,0xf2,0x78,0x20,0x00,0x00,0x00,0x0a,
0xfa,0x00,0x00,0x00,0x00,0x4f,0xf0,0x00,0x00,0x00,0x00,0xef,0x50,0x00,0x00,0x00,0x09,0xfa,0x00,0x00,0x00,0x00,0x3f,0xf0,
0x00,0x00,0x00,0x00,0xef,0x60,0x00,0x00,0x00,0x08,0xfb,0x00,0x00,0x00,0x00,0x2f,0xf1,0x00,0x00,0x00,0x00,0xdf,0x60,0x00,
0x00,0x00,0x07,0xfc,0x00,0x00,0x00,0x00,0x2f,0xf2,0x00,0x00,0x00,0x00,0xcf,0x70,0x00,0x00,0x00,0x06,0xfd,0x00,0x00,0x00,
0x00,0x1f,0xf2,0x00,0x00,0x00,0x00,0xbf,0x80,0x00,0x00,0x00,0x06,0xfe,0x00,0x00,0x00,0x00,0x1f,0xf3,0x00,0x00,0x00,0x00,
0xaf,0x90,0x00,0x00,0x00,0x05,0xfe,0x00,0x00,0x00,0x00,0x0f,0xf4,0x00,0x00,0x00,0x00,0xaf,0xa0,0x00,0x00,0x00,0x04,0xff,
0x00,0x00,0x00,0x00,0x0e,0xf5,0x00,0x00,0x00,0x00,0x9f,0xa0,0x8f,0xff,0xfe,0x8f,0xff,0xfe,0x01,0x19,0xfe,0x00,0x09,0xfe,
0x00,0x09,0xfe,0x00,0x09,0xfe,0x00,0x09,0xfe,0x00,0x09,0xfe,0x00,0x09,0xfe,0x00,0x09,0xfe,0x00,0x09,0xfe,0x00,0x09,0xfe,
0x00,0x09,0xfe,0x00,0x09,0xfe,0x00,0x09,0xfe,0x00,0x09,0xfe,0x00,0x09,0xfe,0x00,0x09,0xfe,0x00,0x09,0xfe,0x00,0x09,0xfe,
0x00,0x09,0xfe,0x01,0x19,0xfe,0x8f,0xff,0xfe,0x8f,0xff,0xfe,0x00,0x00,0x0a,0xfd,0x00,0x00,0x00,0x00,0x01,0xff,0xf3,0x00,
0x00,0x00,0x00,0x7f,0xaf,0xa0,0x00,0x00,0x00,0x0e,0xf0,0xdf,0x10,0x00,0x00,0x05,0xf9,0x06,0xf7,0x00,0x00,0x00,0xcf,0x30,
0x1f,0xe0,0x00,0x00,0x2f,0xc0,0x00,0x9f,0x50,0x00,0x09,0xf6,0x00,0x03,0xfb,0x00,0x00,0xfe,0x00,0x00,0x0c,0xf2,0x00,0x6f,
0x90,0x00,0x00,0x6f,0x90,0x0d,0xf2,0x00,0x00,0x00,0xff,0x00,0xaa,0xaa,0xaa,0xaa,0xaa,0xaa,0xaf,0xff,0xff,0xff,0xff,0xff,
0xff,0x58,0x83,0x00,0x00,0xaf,0xf4,0x00,0x00,0x7f,0xf4,0x00,0x00,0x4e,0xf4,0x00,0x39,0xdf,0xfe,0xb6,0x00,0x01,0xbf,0xff,
0xff,0xff,0xfb,0x00,0x0e,0xfa,0x63,0x36,0xdf,0xf8,0x00,0x42,0x00,0x00,0x00,0xcf,0xf0,0x00,0x00,0x00,0x00,0x05,0xff,0x30,
0x00,0x00,0x00,0x00,0x3f,0xf4,0x00,0x6b,0xef,0xff,0xff,0xff,0x40,0xbf,0xff,0xdd,0xdd,0xdf,0xf4,0x6f,0xf7,0x00,0x00,0x03,
0xff,0x4a,0xfd,0x00,0x00,0x00,0x3f,0xf4,0xaf,0xe0,0x00,0x00,0x0a,0xff,0x45,0xff,0x80,0x00,0x1a,0xff,0xf4,0x0a,0xff,0xfd,
0xdf,0xfa,0xff,0x40,0x06,0xcf,0xfe,0xb5,0x1f,0xf4,0xaf,0xd0,0x00,0x00,0x00,0x00,0x00,0x0a,0xfd,0x00,0x00,0x00,0x00,0x00,
0x00,0xaf,0xd0,0x00,0x00,0x00,0x00,0x00,0x0a,0xfd,0x00,0x00,0x00,0x00,0x00,0x00,0xaf,0xd0,0x00,0x00,0x00,0x00,0x00,0x0a,
0xfd,0x02,0x9e,0xfe,0xc6,0x00,0x00,0xaf,0xd6,0xff,0xff,0xff,0xfd,0x30,0x0a,0xff,0xff,0xa5,0x35,0xaf,0xff,0x20,0xaf,0xff,
0x40,0x00,0x00,0x5f,0xfc,0x0a,0xff,0x70,0x00,0x00,0x00,0x8f,0xf3,0xaf,0xf1,0x00,0x00,0x00,0x01,0xff,0x7a,0xfe,0x00,0x00,
0x00,0x00,0x0e,0xf9,0xaf,0xe0,0x00,0x00,0x00,0x00,0xff,0x9a,0xff,0x10,0x00,0x00,0x00,0x1f,0xf7,0xaf,0xf7,0x00,0x00,0x00,
0x08,0xff,0x3a,0xff,0xf4,0x00,0x00,0x05,0xff,0xc0,0xaf,0xff,0xfa,0x53,0x5a,0xff,0xf2,0x0a,0xfc,0x6f,0xff,0xff,0xff,0xd3,
0x00,0xaf,0xc0,0x39,0xef,0xec,0x60,0x00,0x00,0x00,0x01,0x7c,0xef,0xea,0x50,0x00,0x04,0xef,0xff,0xff,0xff,0xb0,0x04,0xff,
0xf9,0x43,0x5b,0xff,0xa1,0xef,0xe2,0x00,0x00,0x07,0xd3,0x7f,0xf4,0x00,0x00,0x00,0x00,0x0b,0xfd,0x00,0x00,0x00,0x00,0x00,
0xdf,0xa0,0x00,0x00,0x00,0x00,0x0d,0xfa,0x00,0x00,0x00,0x00,0x00,0xbf,0xd0,0x00,0x00,0x00,0x00,0x06,0xff,0x30,0x00,0x00,
0x00,0x00,0x0e,0xfe,0x20,0x00,0x00,0x7d,0x40,0x4f,0xff,0x94,0x35,0xbf,0xfa,0x00,0x4e,0xff,0xff,0xff,0xfa,0x00,0x00,0x17,
0xce,0xfe,0xa4,0x00,0x00,0x00,0x00,0x00,0x00,0x02,0xff,0x50,0x00,0x00,0x00,0x00,0x00,0x2f,0xf5,0x00,0x00,0x00,0x00,0x00,
0x02,0xff,0x50,0x00,0x00,0x00,0x00,0x00,0x2f,0xf5,0x00,0x00,0x00,0x00,0x00,0x02,0xff,0x50,0x00,0x18,0xde,0xfd,0x81,0x2f,
0xf5,0x00,0x6f,0xff,0xff,0xff,0xe5,0xff,0x50,0x5f,0xff,0x84,0x36,0xcf,0xff,0xf5,0x1f,0xfe,0x20,0x00,0x00,0x8f,0xff,0x57,
0xff,0x40,0x00,0x00,0x00,0xcf,0xf5,0xbf,0xd0,0x00,0x00,0x00,0x05,0xff,0x5d,0xfa,0x00,0x00,0x00,0x00,0x2f,0xf5,0xdf,0xa0,
0x00,0x00,0x00,0x02,0xff,0x5b,0xfd,0x00,0x00,0x00,0x00,0x4f,0xf5,0x7f,0xf3,0x00,0x00,0x00,0x0a,0xff,0x51,0xff,0xd1,0x00,
0x00,0x06,0xff,0xf5,0x05,0xff,0xe6,0x21,0x3a,0xff,0xff,0x50,0x06,0xff,0xff,0xff,0xff,0x5f,0xf5,0x00,0x02,0x8d,0xff,0xd8,
0x10,0xff,0x50,0x00,0x02,0x8d,0xff,0xd8,0x10,0x00,0x00,0x6f,0xff,0xff,0xff,0xf5,0x00,0x05,0xff,0xd5,0x22,0x5d,0xff,0x40,
0x1f,0xfb,0x00,0x00,0x00,0xbf,0xe0,0x7f,0xf1,0x00,0x00,0x00,0x1f,0xf5,0xbf,0xb0,0x00,0x00,0x00,0x0a,0xfa,0xdf,0xff,0xff,
0xff,0xff,0xff,0xfb,0xdf,0xed,0xdd,0xdd,0xdd,0xdd,0xda,0xbf,0xc0,0x00,0x00,0x00,0x00,0x00,0x7f,0xf2,0x00,0x00,0x00,0x00,
0x00,0x1e,0xfd,0x20,0x00,0x00,0x19,0x00,0x04,0xff,0xf9,0x43,0x48,0xef,0xa0,0x00,0x4e,0xff,0xff,0xff,0xfe,0x30,0x00,0x01,
0x6c,0xef,0xeb,0x60,0x00,0x00,0x00,0x5c,0xff,0xd7,0x00,0x00,0x7f,0xff,0xff,0xc0,0x00,0x0f,0xfc,0x31,0x43,0x00,0x03,0xff,
0x40,0x00,0x00,0x00,0x4f,0xf2,0x00,0x00,0x09,0xff,0xff,0xff,0xff,0x20,0x9f,0xff,0xff,0xff,0xf2,0x00,0x14,0xff,0x41,0x11,
0x00,0x00,0x4f,0xf3,0x00,0x00,0x00,0x04,0xff,0x30,0x00,0x00,0x00,0x4f,0xf3,0x00,0x00,0x00,0x04,0xff,0x30,0x00,0x00,0x00,
0x4f,0xf3,0x00,0x00,0x00,0x04,0xff,0x30,0x00,0x00,0x00,0x4f,0xf3,0x00,0x00,0x00,0x04,0xff,0x30,0x00,0x00,0x00,0x4f,0xf3,
0x00,0x00,0x00,0x04,0xff,0x30,0x00,0x00,0x00,0x4f,0xf3,0x00,0x00,0x00,0x00,0x02,0x8d,0xef,0xd9,0x20,0xdf,0x80,0x07,0xff,
0xff,0xff,0xff,0x6d,0xf8,0x07,0xff,0xe8,0x43,0x49,0xff,0xff,0x82,0xff,0xc1,0x00,0x00,0x03,0xff,0xf8,0x8f,0xf2,0x00,0x00,
0x00,0x06,0xff,0x8c,0xfb,0x00,0x00,0x00,0x00,0x0f,0xf8,0xef,0xa0,0x00,0x00,0x00,0x00,0xef,0x8c,0xfb,0x00,0x00,0x00,0x00,
0x0f,0xf8,0x9f,0xf1,0x00,0x00,0x00,0x05,0xff,0x83,0xff,0xb0,0x00,0x00,0x02,0xef,0xf8,0x09,0xff,0xd5,0x10,0x27,0xef,0xff,
0x80,0x0a,0xff,0xff,0xff,0xff,0x9f,0xf8,0x00,0x05,0xbf,0xff,0xfc,0x40,0xff,0x80,0x00,0x00,0x02,0x20,0x00,0x1f,0xf6,0x00,
0x00,0x00,0x00,0x00,0x06,0xff,0x30,0x4a,0x10,0x00,0x00,0x01,0xef,0xe0,0x0e,0xff,0xa6,0x43,0x48,0xef,0xf5,0x00,0x6e,0xff,
0xff,0xff,0xff,0xf7,0x00,0x00,0x05,0xad,0xff,0xec,0x82,0x00,0x00,0xaf,0xd0,0x00,0x00,0x00,0x00,0x00,0xaf,0xd0,0x00,0x00,
0x00,0x00,0x00,0xaf,0xd0,0x00,0x00,0x00,0x00,0x00,0xaf,0xd0,0x00,0x00,0x00,0x00,0x00,0xaf,0xd0,0x00,0x00,0x00,0x00,0x00,
0xaf,0xd0,0x3a,0xef,0xfc,0x60,0x00,0xaf,0xd8,0xff,0xff,0xff,0xfc,0x00,0xaf,0xff,0xf8,0x54,0x6d,0xff,0x90,0xaf,0xfe,0x20,
0x00,0x00,0xdf,0xf1,0xaf,0xf5,0x00,0x00,0x00,0x5f,0xf4,0xaf,0xf0,0x00,0x00,0x00,0x2f,0xf6,0xaf,0xe0,0x00,0x00,0x00,0x0f,
0xf6,0xaf,0xd0,0x00,0x00,0x00,0x0f,0xf7,0xaf,0xd0,0x00,0x00,0x00,0x0f,0xf7,0xaf,0xd0,0x00,0x00,0x00,0x0f,0xf7,0xaf,0xd0,
0x00,0x00,0x00,0x0f,0xf7,0xaf,0xd0,0x00,0x00,0x00,0x0f,0xf7,0xaf,0xd0,0x00,0x00,0x00,0x0f,0xf7,0xaf,0xd0,0x00,0x00,0x00,
0x0f,0xf7,0x08,0xfb,0x00,0xff,0xf3,0x0c,0xfe,0x10,0x03,0x00,0x00,0x00,0x00,0xaf,0xd0,0x0a,0xfd,0x00,0xaf,0xd0,0x0a,0xfd,
0x00,0xaf,0xd0,0x0a,0xfd,0x00,0xaf,0xd0,0x0a,0xfd,0x00,0xaf,0xd0,0x0a,0xfd,0x00,0xaf,0xd0,0x0a,0xfd,0x00,0xaf,0xd0,0x0a,
0xfd,0x00,0x00,0x00,0x06,0xfc,0x10,0x00,0x00,0xef,0xf6,0x00,0x00,0x0a,0xff,0x20,0x00,0x00,0x03,0x10,0x00,0x00,0x00,0x00,
0x00,0x00,0x00,0x8f,0xf0,0x00,0x00,0x08,0xff,0x00,0x00,0x00,0x8f,0xf0,0x00,0x00,0x08,0xff,0x00,0x00,0x00,0x8f,0xf0,0x00,
0x00,0x08,0xff,0x00,0x00,0x00,0x8f,0xf0,0x00,0x00,0x08,0xff,0x00,0x00,0x00,0x8f,0xf0,0x00,0x00,0x08,0xff,0x00,0x00,0x00,
0x8f,0xf0,0x00,0x00,0x08,0xff,0x00,0x00,0x00,0x8f,0xf0,0x00,0x00,0x08,0xff,0x00,0x00,0x00,0x8f,0xf0,0x00,0x00,0x0a,0xfe,
0x00,0x74,0x26,0xff,0x90,0x2f,0xff,0xff,0xe1,0x01,0xad,0xfe,0xa2,0x00,0xaf,0xd0,0x00,0x00,0x00,0x00,0x00,0xaf,0xd0,0x00,
0x00,0x00,0x00,0x00,0xaf,0xd0,0x00,0x00,0x00,0x00,0x00,0xaf,0xd0,0x00,0x00,0x00,0x00,0x00,0xaf,0xd0,0x00,0x00,0x00,0x00,
0x00,0xaf,0xd0,0x00,0x00,0x03,0xef,0xd1,0xaf,0xd0,0x00,0x00,0x4f,0xfc,0x10,0xaf,0xd0,0x00,0x05,0xff,0xc1,0x00,0xaf,0xd0,
0x00,0x6f,0xfc,0x10,0x00,0xaf,0xd0,0x07,0xff,0xc1,0x00,0x00,0xaf,0xd0,0x8f,0xfd,0x10,0x00,0x00,0xaf,0xd9,0xff,0xff,0x20,
0x00,0x00,0xaf,0xff,0xfc,0xff,0xd1,0x00,0x00,0xaf,0xff,0xa0,0x7f,0xfb,0x00,0x00,0xaf,0xf9,0x00,0x0a,0xff,0x70,0x00,0xaf,
0xd0,0x00,0x00,0xdf,0xf4,0x00,0xaf,0xd0,0x00,0x00,0x2f,0xfe,0x10,0xaf,0xd0,0x00,0x00,0x04,0xff,0xc0,0xaf,0xd0,0x00,0x00,
0x00,0x8f,0xf9,0xaf,0xda,0xfd,0xaf,0xda,0xfd,0xaf,0xda,0xfd,0xaf,0xda,0xfd,0xaf,0xda,0xfd,0xaf,0xda,0xfd,0xaf,0xda,0xfd,
0xaf,0xda,0xfd,0xaf,0xda,0xfd,0xaf,0xd0,0xaf,0xc0,0x5b,0xef,0xea,0x40,0x00,0x5a,0xef,0xeb,0x50,0x00,0xaf,0xca,0xff,0xff,
0xff,0xf8,0x0b,0xff,0xff,0xff,0xfa,0x00,0xaf,0xff,0xd6,0x22,0x6e,0xff,0xdf,0xe7,0x32,0x5d,0xff,0x60,0xaf,0xfd,0x00,0x00,
0x02,0xff,0xfe,0x20,0x00,0x00,0xef,0xd0,0xaf,0xf4,0x00,0x00,0x00,0xaf,0xf7,0x00,0x00,0x00,0x7f,0xf1,0xaf,0xf0,0x00,0x00,
0x00,0x7f,0xf2,0x00,0x00,0x00,0x4f,0xf3,0xaf,0xe0,0x00,0x00,0x00,0x7f,0xf1,0x00,0x00,0x00,0x4f,0xf3,0xaf,0xd0,0x00,0x00,
0x00,0x7f,0xf0,0x00,0x00,0x00,0x4f,0xf4,0xaf,0xd0,0x00,0x00,0x00,0x7f,0xf0,0x00,0x00,0x00,0x4f,0xf4,0xaf,0xd0,0x00,0x00,
0x00,0x7f,0xf0,0x00,0x00,0x00,0x4f,0xf4,0xaf,0xd0,0x00,0x00,0x00,0x7f,0xf0,0x00,0x00,0x00,0x4f,0xf4,0xaf,0xd0,0x00,0x00,
0x00,0x7f,0xf0,0x00,0x00,0x00,0x4f,0xf4,0xaf,0xd0,0x00,0x00,0x00,0x7f,0xf0,0x00,0x00,0x00,0x4f,0xf4,0xaf,0xd0,0x00,0x00,
0x00,0x7f,0xf0,0x00,0x00,0x00,0x4f,0xf4,0xaf,0xc0,0x4a,0xef,0xfc,0x60,0x00,0xaf,0xc9,0xff,0xff,0xff,0xfc,0x00,0xaf,0xff,
0xe6,0x32,0x4c,0xff,0x90,0xaf,0xfd,0x10,0x00,0x00,0xcf,0xf1,0xaf,0xf4,0x00,0x00,0x00,0x4f,0xf4,0xaf,0xf0,0x00,0x00,0x00,
0x1f,0xf6,0xaf,0xe0,0x00,0x00,0x00,0x0f,0xf6,0xaf,0xd0,0x00,0x00,0x00,0x0f,0xf7,0xaf,0xd0,0x00,0x00,0x00,0x0f,0xf7,0xaf,
0xd0,0x00,0x00,0x00,0x0f,0xf7,0xaf,0xd0,0x00,0x00,0x00,0x0f,0xf7,0xaf,0xd0,0x00,0x00,0x00,0x0f,0xf7,0xaf,0xd0,0x00,0x00,
0x00,0x0f,0xf7,0xaf,0xd0,0x00,0x00,0x00,0x0f,0xf7,0x00,0x01,0x7c,0xef,0xda,0x40,0x00,0x00,0x05,0xef,0xff,0xff,0xff,0xb1,
0x00,0x04,0xff,0xf8,0x43,0x5c,0xff,0xc0,0x01,0xff,0xe2,0x00,0x00,0x08,0xff,0x80,0x7f,0xf4,0x00,0x00,0x00,0x0b,0xfe,0x0b,
0xfd,0x00,0x00,0x00,0x00,0x5f,0xf3,0xdf,0xa0,0x00,0x00,0x00,0x02,0xff,0x5d,0xfa,0x00,0x00,0x00,0x00,0x2f,0xf5,0xbf,0xd0,
0x00,0x00,0x00,0x05,0xff,0x37,0xff,0x40,0x00,0x00,0x00,0xbf,0xe0,0x1e,0xfe,0x20,0x00,0x00,0x8f,0xf8,0x00,0x4f,0xff,0x84,
0x36,0xcf,0xfc,0x00,0x00,0x4e,0xff,0xff,0xff,0xfa,0x10,0x00,0x00,0x17,0xce,0xfd,0xa4,0x00,0x00,0xaf,0xc0,0x3a,0xef,0xec,
0x60,0x00,0x0a,0xfc,0x8f,0xff,0xff,0xff,0xd3,0x00,0xaf,0xff,0xf8,0x31,0x38,0xff,0xf2,0x0a,0xff,0xf3,0x00,0x00,0x03,0xff,
0xc0,0xaf,0xf6,0x00,0x00,0x00,0x07,0xff,0x3a,0xff,0x00,0x00,0x00,0x00,0x1f,0xf7,0xaf,0xe0,0x00,0x00,0x00,0x00,0xef,0x9a,
0xfe,0x00,0x00,0x00,0x00,0x0f,0xf9,0xaf,0xf1,0x00,0x00,0x00,0x02,0xff,0x7a,0xff,0x70,0x00,0x00,0x00,0x8f,0xf3,0xaf,0xff,
0x40,0x00,0x00,0x5f,0xfc,0x0a,0xff,0xff,0xa5,0x35,0xaf,0xff,0x20,0xaf,0xd6,0xff,0xff,0xff,0xfd,0x30,0x0a,0xfd,0x02,0x9d,
0xfe,0xc6,0x00,0x00,0xaf,0xd0,0x00,0x00,0x00,0x00,0x00,0x0a,0xfd,0x00,0x00,0x00,0x00,0x00,0x00,0xaf,0xd0,0x00,0x00,0x00,
0x00,0x00,0x0a,0xfd,0x00,0x00,0x00,0x00,0x00,0x00,0xaf,0xd0,0x00,0x00,0x00,0x00,0x00,0x00,0x00,0x01,0x8d,0xef,0xd8,0x10,
0xff,0x50,0x06,0xff,0xff,0xff,0xfe,0x4f,0xf5,0x05,0xff,0xf8,0x43,0x6c,0xff,0xff,0x51,0xff,0xe2,0x00,0x00,0x08,0xff,0xf5,
0x7f,0xf4,0x00,0x00,0x00,0x0c,0xff,0x5b,0xfd,0x00,0x00,0x00,0x00,0x5f,0xf5,0xdf,0xa0,0x00,0x00,0x00,0x02,0xff,0x5d,0xfa,
0x00,0x00,0x00,0x00,0x2f,0xf5,0xbf,0xd0,0x00,0x00,0x00,0x05,0xff,0x57,0xff,0x40,0x00,0x00,0x00,0xbf,0xf5,0x1f,0xfe,0x20,
0x00,0x00,0x8f,0xff,0x50,0x5f,0xff,0x84,0x36,0xcf,0xff,0xf5,0x00,0x6f,0xff,0xff,0xff,0xe5,0xff,0x50,0x00,0x28,0xdf,0xfd,
0x81,0x2f,0xf5,0x00,0x00,0x00,0x00,0x00,0x02,0xff,0x50,0x00,0x00,0x00,0x00,0x00,0x2f,0xf5,0x00,0x00,0x00,0x00,0x00,0x02,
0xff,0x50,0x00,0x00,0x00,0x00,0x00,0x2f,0xf5,0x00,0x00,0x00,0x00,0x00,0x02,0xff,0x50,0xaf,0xc0,0x3a,0xec,0xaf,0xc7,0xff,
0xfc,0xaf,0xef,0xfb,0x75,0xaf,0xff,0x30,0x00,0xaf,0xf6,0x00,0x00,0xaf,0xf1,0x00,0x00,0xaf,0xe0,0x00,0x00,0xaf,0xd0,0x00,
0x00,0xaf,0xd0,0x00,0x00,0xaf,0xd0,0x00,0x00,0xaf,0xd0,0x00,0x00,0xaf,0xd0,0x00,0x00,0xaf,0xd0,0x00,0x00,0xaf,0xd0,0x00,
0x00,0x00,0x05,0xbe,0xff,0xda,0x50,0x00,0x0b,0xff,0xff,0xff,0xff,0x90,0x08,0xff,0xa4,0x23,0x59,0xf2,0x00,0xdf,0xb0,0x00,
0x00,0x00,0x00,0x0e,0xfa,0x00,0x00,0x00,0x00,0x00,0xaf,0xfa,0x40,0x00,0x00,0x00,0x01,0xdf,0xff,0xfd,0xa6,0x00,0x00,0x00,
0x6b,0xef,0xff,0xfe,0x30,0x00,0x00,0x00,0x14,0x9f,0xfe,0x00,0x00,0x00,0x00,0x00,0x5f,0xf3,0x04,0x20,0x00,0x00,0x05,0xff,
0x30,0xef,0xb6,0x33,0x47,0xff,0xd0,0x2d,0xff,0xff,0xff,0xff,0xe3,0x00,0x05,0xad,0xff,0xec,0x71,0x00,0x00,0x4f,0xf3,0x00,
0x00,0x00,0x04,0xff,0x30,0x00,0x00,0x00,0x4f,0xf3,0x00,0x00,0x09,0xff,0xff,0xff,0xff,0x20,0x9f,0xff,0xff,0xff,0xf2,0x00,
0x14,0xff,0x41,0x11,0x00,0x00,0x4f,0xf3,0x00,0x00,0x00,0x04,0xff,0x30,0x00,0x00,0x00,0x4f,0xf3,0x00,0x00,0x00,0x04,0xff,
0x30,0x00,0x00,0x00,0x4f,0xf3,0x00,0x00,0x00,0x04,0xff,0x30,0x00,0x00,0x00,0x4f,0xf3,0x00,0x00,0x00,0x03,0xff,0x60,0x00,
0x00,0x00,0x0e,0xfe,0x52,0x55,0x00,0x00,0x6f,0xff,0xff,0xd0,0x00,0x00,0x5c,0xff,0xc6,0x00,0xcf,0xb0,0x00,0x00,0x00,0x4f,
0xf3,0xcf,0xb0,0x00,0x00,0x00,0x4f,0xf3,0xcf,0xb0,0x00,0x00,0x00,0x4f,0xf3,0xcf,0xb0,0x00,0x00,0x00,0x4f,0xf3,0xcf,0xb0,
0x00,0x00,0x00,0x4f,0xf3,0xcf,0xb0,0x00,0x00,0x00,0x4f,0xf3,0xcf,0xb0,0x00,0x00,0x00,0x4f,0xf3,0xcf,0xb0,0x00,0x00,0x00,
0x4f,0xf3,0xbf,0xd0,0x00,0x00,0x00,0x6f,0xf3,0x9f,0xf0,0x00,0x00,0x00,0xbf,0xf3,0x5f,0xf7,0x00,0x00,0x05,0xff,0xf3,0x0e,
0xff,0x83,0x13,0x8f,0xff,0xf3,0x03,0xef,0xff,0xff,0xff,0x7f,0xf3,0x00,0x18,0xdf,0xfd,0x91,0x2f,0xf3,0x0d,0xfc,0x00,0x00,
0x00,0x00,0x1f,0xf5,0x06,0xff,0x20,0x00,0x00,0x00,0x8f,0xe0,0x00,0xef,0x90,0x00,0x00,0x00,0xef,0x70,0x00,0x8f,0xf1,0x00,
0x00,0x06,0xff,0x10,0x00,0x1f,0xf7,0x00,0x00,0x0d,0xf9,0x00,0x00,0x0a,0xfd,0x00,0x00,0x4f,0xf3,0x00,0x00,0x03,0xff,0x40,
0x00,0xbf,0xc0,0x00,0x00,0x00,0xdf,0xb0,0x02,0xff,0x50,0x00,0x00,0x00,0x6f,0xf2,0x08,0xfe,0x00,0x00,0x00,0x00,0x0e,0xf8,
0x0e,0xf7,0x00,0x00,0x00,0x00,0x08,0xfe,0x7f,0xf1,0x00,0x00,0x00,0x00,0x01,0xff,0xff,0x90,0x00,0x00,0x00,0x00,0x00,0xaf,
0xff,0x20,0x00,0x00,0x00,0x00,0x00,0x3f,0xfb,0x00,0x00,0x00,0xaf,0xb0,0x00,0x00,0x00,0x8f,0xf0,0x00,0x00,0x00,0x3f,0xf1,
0x4f,0xf1,0x00,0x00,0x00,0xdf,0xf5,0x00,0x00,0x00,0x9f,0xa0,0x0e,0xf6,0x00,0x00,0x03,0xff,0xfb,0x00,0x00,0x00,0xef,0x40,
0x09,0xfc,0x00,0x00,0x09,0xfd,0xff,0x10,0x00,0x04,0xfe,0x00,0x03,0xff,0x20,0x00,0x0f,0xf4,0xdf,0x60,0x00,0x0a,0xf8,0x00,
0x00,0xdf,0x70,0x00,0x5f,0xe0,0x8f,0xc0,0x00,0x1f,0xf3,0x00,0x00,0x7f,0xd0,0x00,0xbf,0x80,0x2f,0xf2,0x00,0x6f,0xd0,0x00,
0x00,0x1f,0xf3,0x01,0xff,0x20,0x0c,0xf8,0x00,0xcf,0x70,0x00,0x00,0x0b,0xf9,0x07,0xfc,0x00,0x06,0xfe,0x02,0xff,0x10,0x00,
0x00,0x05,0xfe,0x0d,0xf6,0x00,0x00,0xff,0x48,0xfb,0x00,0x00,0x00,0x00,0xff,0x8f,0xf0,0x00,0x00,0xaf,0x9d,0xf5,0x00,0x00,
0x00,0x00,0xaf,0xff,0x90,0x00,0x00,0x4f,0xff,0xf0,0x00,0x00,0x00,0x00,0x4f,0xff,0x30,0x00,0x00,0x0e,0xff,0x90,0x00,0x00,
0x00,0x00,0x0e,0xfd,0x00,0x00,0x00,0x08,0xff,0x30,0x00,0x00,0x1e,0xfc,0x00,0x00,0x00,0x6f,0xf5,0x04,0xff,0x80,0x00,0x02,
0xff,0x80,0x00,0x7f,0xf4,0x00,0x0d,0xfc,0x00,0x00,0x0b,0xfe,0x10,0xaf,0xe1,0x00,0x00,0x01,0xef,0xc6,0xff,0x40,0x00,0x00,
0x00,0x3f,0xff,0xf8,0x00,0x00,0x00,0x00,0x07,0xff,0xc0,0x00,0x00,0x00,0x00,0x0b,0xff,0xe1,0x00,0x00,0x00,0x00,0x7f,0xfe,
0xfc,0x00,0x00,0x00,0x03,0xff,0x83,0xff,0x80,0x00,0x00,0x1e,0xfc,0x00,0x7f,0xf4,0x00,0x00,0xbf,0xe1,0x00,0x0b,0xfe,0x20,
0x08,0xff,0x40,0x00,0x01,0xef,0xc0,0x4f,0xf8,0x00,0x00,0x00,0x3f,0xf9,0x0d,0xfc,0x00,0x00,0x00,0x00,0x1f,0xf5,0x06,0xff,
0x30,0x00,0x00,0x00,0x8f,0xe0,0x00,0xef,0xa0,0x00,0x00,0x00,0xef,0x70,0x00,0x8f,0xf1,0x00,0x00,0x06,0xff,0x10,0x00,0x1f,
0xf8,0x00,0x00,0x0d,0xf9,0x00,0x00,0x09,0xfe,0x00,0x00,0x4f,0xf2,0x00,0x00,0x02,0xff,0x60,0x00,0xbf,0xb0,0x00,0x00,0x00,
0xbf,0xd0,0x02,0xff,0x40,0x00,0x00,0x00,0x4f,0xf4,0x08,0xfd,0x00,0x00,0x00,0x00,0x0d,0xfb,0x0f,0xf5,0x00,0x00,0x00,0x00,
0x06,0xff,0x8f,0xe0,0x00,0x00,0x00,0x00,0x00,0xef,0xff,0x70,0x00,0x00,0x00,0x00,0x00,0x8f,0xff,0x10,0x00,0x00,0x00,0x00,
0x00,0x1f,0xf9,0x00,0x00,0x00,0x00,0x00,0x00,0x4f,0xf2,0x00,0x00,0x00,0x00,0x00,0x00,0xcf,0xb0,0x00,0x00,0x00,0x0d,0x73,
0x3a,0xff,0x30,0x00,0x00,0x00,0x6f,0xff,0xff,0xf7,0x00,0x00,0x00,0x00,0x07,0xcf,0xeb,0x40,0x00,0x00,0x00,0x00,0xcf,0xff,
0xff,0xff,0xff,0xf6,0xcf,0xff,0xff,0xff,0xff,0xf5,0x01,0x11,0x11,0x14,0xff,0xb0,0x00,0x00,0x00,0x1e,0xfd,0x00,0x00,0x00,
0x00,0xbf,0xf2,0x00,0x00,0x00,0x08,0xff,0x50,0x00,0x00,0x00,0x5f,0xf8,0x00,0x00,0x00,0x02,0xff,0xb0,0x00,0x00,0x00,0x0d,
0xfd,0x10,0x00,0x00,0x00,0xaf,0xf3,0x00,0x00,0x00,0x07,0xff,0x50,0x00,0x00,0x00,0x4f,0xfa,0x11,0x11,0x11,0x10,0xef,0xff,
0xff,0xff,0xff,0xf9,0xff,0xff,0xff,0xff,0xff,0xf9,0x00,0x01,0x9d,0xfa,0x00,0x0c,0xff,0xfa,0x00,0x3f,0xfa,0x20,0x00,0x6f,
0xf2,0x00,0x00,0x7f,0xf1,0x00,0x00,0x7f,0xf1,0x00,0x00,0x7f,0xf1,0x00,0x00,0x7f,0xf1,0x00,0x00,0x7f,0xf1,0x00,0x00,0x7f,
0xf0,0x00,0x01,0xbf,0xf0,0x00,0x8f,0xff,0x60,0x00,0x8f,0xff,0x70,0x00,0x00,0xaf,0xf0,0x00,0x00,0x7f,0xf0,0x00,0x00,0x7f,
0xf1,0x00,0x00,0x7f,0xf1,0x00,0x00,0x7f,0xf1,0x00,0x00,0x7f,0xf1,0x00,0x00,0x7f,0xf1,0x00,0x00,0x6f,0xf2,0x00,0x00,0x3f,
0xfa,0x20,0x00,0x0c,0xff,0xfa,0x00,0x01,0x9d,0xfa,0x4f,0xf0,0x4f,0xf0,0x4f,0xf0,0x4f,0xf0,0x4f,0xf0,0x4f,0xf0,0x4f,0xf0,
0x4f,0xf0,0x4f,0xf0,0x4f,0xf0,0x4f,0xf0,0x4f,0xf0,0x4f,0xf0,0x4f,0xf0,0x4f,0xf0,0x4f,0xf0,0x4f,0xf0,0x4f,0xf0,0x4f,0xf0,
0x4f,0xf0,0x4f,0xf0,0x4f,0xf0,0x4f,0xf0,0x4f,0xf0,0x8f,0xea,0x10,0x00,0x8f,0xff,0xe0,0x00,0x01,0x9f,0xf6,0x00,0x00,0x0f,
0xf8,0x00,0x00,0x0e,0xf9,0x00,0x00,0x0e,0xf9,0x00,0x00,0x0e,0xf9,0x00,0x00,0x0e,0xf9,0x00,0x00,0x0e,0xf9,0x00,0x00,0x0e,
0xf9,0x00,0x00,0x0c,0xfd,0x20,0x00,0x04,0xef,0xfa,0x00,0x05,0xff,0xfa,0x00,0x0d,0xfc,0x00,0x00,0x0e,0xf9,0x00,0x00,0x0e,
0xf9,0x00,0x00,0x0e,0xf9,0x00,0x00,0x0e,0xf9,0x00,0x00,0x0e,0xf9,0x00,0x00,0x0e,0xf9,0x00,0x00,0x0f,0xf8,0x00,0x01,0x9f,
0xf6,0x00,0x8f,0xff,0xe0,0x00,0x8f,0xea,0x10,0x00,0x01,0xaf,0xfa,0x20,0x00,0x1f,0x80,0xcf,0xff,0xff,0x60,0x08,0xf6,0x3f,
0xb1,0x17,0xff,0xed,0xfe,0x06,0xf3,0x00,0x02,0xae,0xfb,0x20,
};
static const ui_glyph_t ui_glyphs_26[] = {
{0,112,0,0,0,0},
{0,111,5,18,1,0},
{45,163,8,8,1,10},
{77,292,18,18,0,0},
{239,258,15,25,1,-3},
{427,351,21,18,0,0},
{616,285,17,19,1,-1},
{778,87,3,8,1,10},
{790,140,6,24,2,-5},
{862,141,7,24,0,-5},
{946,166,10,10,0,9},
{996,242,13,12,1,3},
{1074,94,4,8,1,-4},
{1090,159,8,3,1,6},
{1102,94,4,4,1,0},
{1110,146,12,25,-1,-3},
{1260,277,16,18,1,0},
{1404,154,7,18,0,0},
{1467,239,15,18,0,0},
{1602,238,14,18,0,0},
{1728,278,18,18,0,0},
{1890,239,15,18,0,0},
{2025,257,15,18,1,0},
{2160,249,15,18,0,0},
{2295,268,15,18,1,0},
{2430,257,15,18,0,0},
{2565,94,4,14,1,0},
{2593,94,4,18,1,-4},
{2629,242,13,12,1,3},
{2707,242,13,9,1,5},
{2766,242,13,12,1,3},
{2844,238,14,18,0,0},
{2970,430,25,23,1,-5},
{3258,305,21,18,-1,0},
{3447,315,17,18,2,0},
{3600,301,17,18,1,0},
{3753,344,19,18,2,0},
{3924,279,14,18,2,0},
{4050,264,14,18,2,0},
{4176,321,17,18,1,0},
{4329,338,17,18,2,0},
{4482,129,4,18,2,0},
{4518,213,12,18,-1,0},
{4626,299,17,18,2,0},
{4779,247,14,18,2,0},
{4905,397,21,18,2,0},
{5094,338,17,18,2,0},
{5247,349,20,18,1,0},
{5427,300,16,18,2,0},
{5571,349,21,22,1,-4},
{5802,302,16,18,2,0},
{5946,258,15,18,1,0},
{6081,244,16,18,0,0},
{6225,329,16,18,2,0},
{6369,296,20,18,-1,0},
{6549,468,29,18,0,0},
{6810,280,18,18,0,0},
{6972,269,18,18,-1,0},
{7134,273,16,18,1,0},
{7278,139,7,24,2,-5},
{7362,146,11,25,-1,-3},
{7500,139,6,24,0,-5},
{7572,243,13,11,1,4},
{7644,208,13,2,0,-2},
{7657,250,7,4,3,16},
{7671,249,13,14,1,0},
{7762,284,15,19,2,0},
{7905,238,13,14,1,0},
{7996,284,15,19,1,0},
{8139,255,14,14,1,0},
{8237,147,11,19,0,0},
{8342,287,15,19,1,-5},
{8485,283,14,19,2,0},
{8618,116,5,19,1,0},
{8666,118,9,24,-3,-5},
{8774,256,14,19,2,0},
{8907,116,3,19,2,0},
{8936,440,24,14,2,0},
{9104,283,14,14,2,0},
{9202,264,15,14,1,0},
{9307,284,15,19,2,-5},
{9450,284,15,19,1,-5},
{9593,171,8,14,2,0},
{9649,208,13,14,0,0},
{9740,172,11,17,0,0},
{9834,282,14,14,2,0},
{9932,233,16,14,-1,0},
{10044,374,24,14,0,0},
{10212,230,14,14,0,0},
{10310,233,16,19,-1,-5},
{10462,217,12,14,1,0},
{10546,146,8,24,1,-5},
{10642,124,4,24,2,-5},
{10690,146,8,24,0,-5},
{10786,242,13,4,1,7},
};
static const ui_font_t ui_font_26 = {ui_bitmap_26,ui_glyphs_26,29,5};
